date,horizon,fold,model,actual_risk_off,probability,threshold,alert,forward_return,future_mae
2015-05-18,20,0,multiclass_probability_sum,0,0.6099551836355217,0.42,1,0.10324465748254756,0.014768933354776073
2015-06-16,20,0,multiclass_probability_sum,0,0.5597371040246146,0.42,1,0.09578783382746192,-0.002553442494335375
2015-06-09,20,0,multiclass_probability_sum,0,0.5470463227823607,0.42,1,0.09270042239946034,-0.0006442794305941986
2015-06-17,20,0,multiclass_probability_sum,0,0.5597215231843926,0.42,1,0.08605359355836519,0.002553442494335435
2016-04-19,20,0,multiclass_probability_sum,0,0.5432481969747069,0.42,1,0.08581406727164112,-0.00044002077607992277
2015-08-24,20,0,multiclass_probability_sum,0,0.5584651920187143,0.42,1,0.08416698355946303,0.005771557590542049
2015-06-10,20,0,multiclass_probability_sum,0,0.5235414485786889,0.42,1,0.08201575758496471,0.008274330146705276
2015-06-26,20,0,multiclass_probability_sum,0,0.5990392646895988,0.42,1,0.08167701986585035,0.01662088123604028
2015-05-15,20,0,multiclass_probability_sum,0,0.5537030607630511,0.42,1,0.08090683142861799,-0.01592321643119909
2016-01-22,20,0,multiclass_probability_sum,0,0.4773512568095012,0.42,1,0.08066115327445439,0.026846108747067846
2016-04-05,20,0,multiclass_probability_sum,0,0.5674818409524551,0.42,1,0.07922965483525135,0.013243582951140233
2016-04-20,20,0,multiclass_probability_sum,0,0.5632882029161468,0.42,1,0.0791390427565429,0.013464566570469298
2016-04-04,20,0,multiclass_probability_sum,0,0.5868283338984134,0.42,1,0.07899865955248961,0.008063548269531803
2015-06-15,20,0,multiclass_probability_sum,0,0.4906951546240107,0.42,1,0.07800502026804985,-0.0130606395950348
2015-05-19,20,0,multiclass_probability_sum,0,0.5929320687963077,0.42,1,0.07796852702707208,0.024437237093852704
2015-08-25,20,0,multiclass_probability_sum,0,0.5101091750066312,0.42,1,0.07755767110283371,0.02957822026150403
2015-06-18,20,0,multiclass_probability_sum,0,0.5440690044822329,0.42,1,0.07715566846529119,0.0024094323677694394
2015-10-02,20,0,multiclass_probability_sum,0,0.5553224747599181,0.42,1,0.07708486130461625,0.013583061587561502
2016-01-21,20,0,multiclass_probability_sum,0,0.5198764442593438,0.42,1,0.07552218481397742,0.00068957593814027
2015-06-08,20,0,multiclass_probability_sum,0,0.4904585441336424,0.42,1,0.07536863066995762,-0.00993135995538701
2016-04-14,20,0,multiclass_probability_sum,0,0.5381994355530413,0.42,1,0.07520316333953876,-0.019974172147726614
2016-06-15,20,0,multiclass_probability_sum,0,0.5495523978975055,0.42,1,0.07391201479888367,-0.012469369681358457
2015-06-12,20,0,multiclass_probability_sum,0,0.549524861951086,0.42,1,0.0736690546300657,-0.006646029972304318
2015-06-19,20,0,multiclass_probability_sum,0,0.5416824546964542,0.42,1,0.07244395314644016,-0.0050580929992238245
2016-06-20,20,0,multiclass_probability_sum,0,0.5528953721557727,0.42,1,0.07240307032034461,-0.009124282571011073
2015-06-25,20,0,multiclass_probability_sum,0,0.579304718777514,0.42,1,0.07219527585520004,-0.010669138768887445
2015-10-01,20,0,multiclass_probability_sum,0,0.4814045578555931,0.42,1,0.0713206660379745,-0.0021850166351920987
2015-06-29,20,0,multiclass_probability_sum,0,0.5567246457189248,0.42,1,0.07126489768953959,-0.0004225649756519002
2016-04-15,20,0,multiclass_probability_sum,0,0.5348232252589186,0.42,1,0.0708766087343492,-0.0206124608656494
2016-06-17,20,0,multiclass_probability_sum,0,0.601880422269324,0.42,1,0.07061609916134698,0.0024515745895940864
2016-01-20,20,0,multiclass_probability_sum,0,0.513205110603385,0.42,1,0.0703719946035101,-0.014382167775754816
2016-04-08,20,0,multiclass_probability_sum,0,0.5357590344532568,0.42,1,0.07035942285740207,-0.0075589861573754765
2016-04-01,20,0,multiclass_probability_sum,0,0.5052397200396351,0.42,1,0.0702491777900129,-0.004684774105441723
2016-02-02,20,0,multiclass_probability_sum,0,0.45317533332034776,0.42,1,0.0688922046623641,0.004872071523716711
2015-06-11,20,0,multiclass_probability_sum,0,0.4937147621839091,0.42,1,0.06826403985209158,-0.003758884348586255
2015-05-14,20,0,multiclass_probability_sum,0,0.5557739962823042,0.42,1,0.06645758018201317,-0.0274853220540857
2016-08-03,20,0,multiclass_probability_sum,0,0.547472772340154,0.42,1,0.06589227737454027,-0.0067037582271959285
2015-06-24,20,0,multiclass_probability_sum,0,0.5662011383280836,0.42,1,0.06532526116799679,-0.014115632447914209
2016-06-16,20,0,multiclass_probability_sum,0,0.5882505828763387,0.42,1,0.06439753601126855,-0.009418565880749635
2015-09-29,20,0,multiclass_probability_sum,0,0.5450417604948957,0.42,1,0.06426674023585802,0.001993770130860757
2015-06-05,20,0,multiclass_probability_sum,0,0.48083066207086944,0.42,1,0.06424980335071204,-0.006891371432329399
2016-03-31,20,0,multiclass_probability_sum,0,0.5331892003413103,0.42,1,0.06409630620165647,-0.00966848468408059
2016-04-13,20,0,multiclass_probability_sum,0,0.5492487116923394,0.42,1,0.06328128673581392,-0.017434235922067644
2016-01-18,20,0,multiclass_probability_sum,0,0.48630871123157626,0.42,1,0.06319945031427683,-0.008566711108059183
2015-06-30,20,0,multiclass_probability_sum,0,0.5526983102335263,0.42,1,0.06277172224857598,-0.002617029056843245
2015-06-04,20,0,multiclass_probability_sum,0,0.5014163036499826,0.42,1,0.0625219547074503,0.00894073789413983
2016-04-06,20,0,multiclass_probability_sum,0,0.5621158028566058,0.42,1,0.06157419067275695,0.00042260217916889
2016-06-21,20,0,multiclass_probability_sum,0,0.5860109076568423,0.42,1,0.06138866107428255,-0.01157952350913575
2016-02-15,20,0,multiclass_probability_sum,0,0.4337259015323617,0.42,1,0.06097612308194359,0.005977063007155127
2016-02-04,20,0,multiclass_probability_sum,0,0.4280213580330774,0.42,1,0.060408682569397354,0.003020426997452773
2016-04-21,20,0,multiclass_probability_sum,0,0.5607261502777858,0.42,1,0.05950725700430587,0.027158122840823452
2016-02-03,20,0,multiclass_probability_sum,0,0.4357533584287342,0.42,1,0.05878643720192233,0.005697283311718674
2016-12-28,20,0,multiclass_probability_sum,0,0.594088077675367,0.42,1,0.0580840507835465,0.00183704558446377
2015-09-30,20,0,multiclass_probability_sum,0,0.5334925120526072,0.42,1,0.058003278573675585,-0.0005866927587284017
2015-09-28,20,0,multiclass_probability_sum,0,0.5073935623956329,0.42,1,0.057996981717478024,-0.006553790097917691
2016-02-05,20,0,multiclass_probability_sum,0,0.4427204231371028,0.42,1,0.05796579777649898,-0.0017638309090854916
2016-08-05,20,0,multiclass_probability_sum,0,0.5774104706993326,0.42,1,0.057541763032814934,0.0032939521369225355
2016-08-04,20,0,multiclass_probability_sum,0,0.5515228591046777,0.42,1,0.05727357285401584,-0.007226096096695463
2016-04-07,20,0,multiclass_probability_sum,0,0.5289728298317392,0.42,1,0.05687165318834915,-0.006265211827916056
2015-05-13,20,0,multiclass_probability_sum,0,0.5707081257168974,0.42,1,0.056025823907885824,-0.025883863832921683
2016-08-02,20,0,multiclass_probability_sum,0,0.5760269558967277,0.42,1,0.055977691032334125,-0.013708819767693208
2015-10-05,20,0,multiclass_probability_sum,0,0.5274076408704748,0.42,1,0.055882746721357845,0.016650088443976654
2016-04-11,20,0,multiclass_probability_sum,0,0.5117643423784912,0.42,1,0.05515965160027859,-0.01959445589476072
2015-07-01,20,0,multiclass_probability_sum,0,0.5105522817033235,0.42,1,0.054609851081082746,0.02372313056846002
2015-05-12,20,0,multiclass_probability_sum,0,0.5703807574889218,0.42,1,0.05374523714914319,-0.028808730022258564
2015-05-25,20,0,multiclass_probability_sum,0,0.4399696293181292,0.42,1,0.05373436228907958,0.006162147203828059
2015-09-25,20,0,multiclass_probability_sum,0,0.47102533950188363,0.42,1,0.053522652956415555,-0.01624327626158266
2016-02-17,20,0,multiclass_probability_sum,0,0.4617100975652729,0.42,1,0.05342337038468194,0.009895127757799053
2015-05-04,20,0,multiclass_probability_sum,0,0.6196379890048042,0.42,1,0.053402684702105734,-0.030038663448836492
2016-09-16,20,0,multiclass_probability_sum,0,0.5918682469587031,0.42,1,0.0533485728802941,0.0100520247559766
2016-08-08,20,0,multiclass_probability_sum,0,0.5589945255657303,0.42,1,0.05326922675366445,0.012440956168125778
2016-06-22,20,0,multiclass_probability_sum,0,0.5917359876799877,0.42,1,0.05262858805139153,-0.009044465830205396
2016-12-29,20,0,multiclass_probability_sum,0,0.5585171516559181,0.42,1,0.052214310728329875,0.0002256334669128044
2015-10-07,20,0,multiclass_probability_sum,0,0.5212961580100784,0.42,1,0.05215563102820508,0.012363513252492566
2016-06-14,20,0,multiclass_probability_sum,0,0.5316180849281764,0.42,1,0.05213236474687509,-0.009930344803430082
2016-04-12,20,0,multiclass_probability_sum,0,0.5205762765020039,0.42,1,0.05205011333621714,-0.020577969186763495
2015-09-14,20,0,multiclass_probability_sum,0,0.49396272336563385,0.42,1,0.051871244282046376,-0.0017447661455104219
2015-09-17,20,0,multiclass_probability_sum,0,0.5202460583464737,0.42,1,0.05182650450273781,-0.0022960487807322507
2016-12-30,20,0,multiclass_probability_sum,0,0.5611830593459642,0.42,1,0.051545943444317725,0.010681688541171299
2015-10-06,20,0,multiclass_probability_sum,0,0.5042624294203776,0.42,1,0.05100854225977141,-0.0029633224654995118
2015-05-20,20,0,multiclass_probability_sum,0,0.5220037327051731,0.42,1,0.050977847438883804,0.004461944899304966
2015-05-11,20,0,multiclass_probability_sum,0,0.5652710611380664,0.42,1,0.04978491570810675,-0.0420561319880878
2017-01-19,20,0,multiclass_probability_sum,0,0.5419985105599266,0.42,1,0.04941041311914304,0.005772464643052377
2016-12-27,20,0,multiclass_probability_sum,0,0.5733710020096129,0.42,1,0.04911576788390412,-0.0005424301000887375
2015-05-21,20,0,multiclass_probability_sum,0,0.5141879897375765,0.42,1,0.049069345033914386,0.016619489113366765
2017-01-18,20,0,multiclass_probability_sum,0,0.5501447624413216,0.42,1,0.048505780986271264,-0.001420631614375255
2016-12-13,20,0,multiclass_probability_sum,0,0.612733158834703,0.42,1,0.04845114486318248,0.011829066419069929
2015-09-15,20,0,multiclass_probability_sum,0,0.47555062977509827,0.42,1,0.047786166279173106,-0.0036995577830523387
2016-02-18,20,0,multiclass_probability_sum,0,0.43619149079511826,0.42,1,0.04731609318593617,0.002783503225088398
2015-10-08,20,0,multiclass_probability_sum,0,0.5148269636932461,0.42,1,0.04726494538498984,0.002110998400554626
2017-01-16,20,0,multiclass_probability_sum,0,0.5471587437031541,0.42,1,0.047036822424004754,0.0064253115743065845
2016-01-19,20,0,multiclass_probability_sum,0,0.44580781754565163,0.42,1,0.04651492524224542,-0.02626728810397076
2016-02-16,20,0,multiclass_probability_sum,0,0.4230744441272005,0.42,1,0.046332556640998744,-0.0018263177389334687
2016-06-09,20,0,multiclass_probability_sum,0,0.4708659791220251,0.42,1,0.04621754444296769,-0.019208753678782494
2015-09-18,20,0,multiclass_probability_sum,0,0.5024302581570967,0.42,1,0.046192448444561766,-0.008976147687070104
2016-06-24,20,0,multiclass_probability_sum,0,0.5426717053223087,0.42,1,0.045811699927952865,0.000805127092540648
2017-01-17,20,0,multiclass_probability_sum,0,0.5252582946053344,0.42,1,0.04545263754724566,-0.003511290933318348
2016-05-26,20,0,multiclass_probability_sum,0,0.5408156882133286,0.42,1,0.0451795646408057,0.006218833189060262
2016-06-13,20,0,multiclass_probability_sum,0,0.5775518468385201,0.42,1,0.044966190615578536,-0.006967996458916435
2015-09-16,20,0,multiclass_probability_sum,0,0.4662896399362898,0.42,1,0.04480391662838672,-0.005225192281559618
2016-06-10,20,0,multiclass_probability_sum,0,0.5291747641140796,0.42,1,0.04477201347358631,-0.016956750506742873
2016-03-29,20,0,multiclass_probability_sum,0,0.5136168301457481,0.42,1,0.04419772202398459,-0.02216975417592092
2016-06-27,20,0,multiclass_probability_sum,0,0.49610640390791405,0.42,1,0.044129089462837404,0.0014958144119331966
2016-06-06,20,0,multiclass_probability_sum,0,0.5365884530951149,0.42,1,0.04402884610315591,-0.0012910515793123833
2015-08-26,20,0,multiclass_probability_sum,0,0.46133326860556434,0.42,1,0.04365737091789741,0.015288566179158872
2015-06-22,20,0,multiclass_probability_sum,0,0.528127749176416,0.42,1,0.04357607627998938,-0.020973188246368908
2017-01-03,20,0,multiclass_probability_sum,0,0.4639555024591169,0.42,1,0.04353196931381574,0.003994926268569617
2016-01-26,20,0,multiclass_probability_sum,0,0.42237215905457604,0.42,1,0.04336204965126984,-0.002383214369725189
2016-09-15,20,0,multiclass_probability_sum,0,0.5925700901304581,0.42,1,0.04331940677877893,-0.00744942220781803
2017-01-23,20,0,multiclass_probability_sum,0,0.518140404438391,0.42,1,0.043136711442879686,0.006108063182762223
2016-12-26,20,0,multiclass_probability_sum,0,0.5696205891080105,0.42,1,0.042715588869490784,0.0015837704581298693
2015-09-24,20,0,multiclass_probability_sum,0,0.5310440320158694,0.42,1,0.04262098912454547,-0.016015332054323705
2016-06-23,20,0,multiclass_probability_sum,0,0.5323305902384625,0.42,1,0.042271589434427485,-0.018355875147241053
2015-05-08,20,0,multiclass_probability_sum,0,0.5318299603773609,0.42,1,0.04161012771301068,-0.047190931460126366
2016-06-28,20,0,multiclass_probability_sum,0,0.5339250263441593,0.42,1,0.041539191467821736,0.012648692974231584
2016-06-07,20,0,multiclass_probability_sum,0,0.49618924276767234,0.42,1,0.0411338005423023,-0.008682424508369273
2015-06-03,20,0,multiclass_probability_sum,0,0.5359116394797783,0.42,1,0.040716336535054735,0.0019175123960645543
2015-05-27,20,0,multiclass_probability_sum,0,0.42781060873270244,0.42,1,0.040714659286796746,0.002503571539868269
2015-10-09,20,0,multiclass_probability_sum,0,0.5245555648390732,0.42,1,0.040559383938260876,0.0033276770945002854
2016-06-29,20,0,multiclass_probability_sum,0,0.5150660913906379,0.42,1,0.040418180375939625,0.0033904245154984442
2017-01-20,20,0,multiclass_probability_sum,0,0.5411477548616964,0.42,1,0.04028444441807884,0.0012960443342920531
2015-05-22,20,0,multiclass_probability_sum,0,0.4371304142970618,0.42,1,0.03991738128754075,0.0020981142456063745
2017-01-04,20,0,multiclass_probability_sum,0,0.48794635768915207,0.42,1,0.03972223482610958,0.0016438238146321718
2015-06-02,20,0,multiclass_probability_sum,0,0.4879429462433552,0.42,1,0.039098639835625386,-0.004234725756272433
2015-06-23,20,0,multiclass_probability_sum,0,0.5350902219865675,0.42,1,0.03892429741409462,-0.019271633693554696
2016-03-28,20,0,multiclass_probability_sum,0,0.46081242644354814,0.42,1,0.03877167616967944,-0.035176930566514615
2016-06-30,20,0,multiclass_probability_sum,0,0.5179556350386298,0.42,1,0.038596383633067666,0.012636114571489882
2015-09-21,20,0,multiclass_probability_sum,0,0.4669670660353322,0.42,1,0.03855696886480358,-0.019289230476525678
2016-09-14,20,0,multiclass_probability_sum,0,0.5809154958439335,0.42,1,0.038553341199909164,-0.008150203760240046
2016-09-07,20,0,multiclass_probability_sum,0,0.5781801378643552,0.42,1,0.03821516392699404,-0.015191631421366996
2016-04-28,20,0,multiclass_probability_sum,0,0.48122874917484937,0.42,1,0.037859881977736015,0.011260244685338932
2016-03-24,20,0,multiclass_probability_sum,0,0.5598458853574124,0.42,1,0.03752353144295346,-0.026349084894393766
2016-03-30,20,0,multiclass_probability_sum,0,0.5328267569309566,0.42,1,0.03747059340328599,-0.025033952797112007
2016-08-09,20,0,multiclass_probability_sum,0,0.5501723910542042,0.42,1,0.036874085623847176,0.017096560843470235
2015-09-11,20,0,multiclass_probability_sum,0,0.5164598246800456,0.42,1,0.03686031615769591,-0.009841115657749972
2017-01-10,20,0,multiclass_probability_sum,0,0.4481798138509663,0.42,1,0.0363183507707792,-0.004606302432455172
2017-01-05,20,0,multiclass_probability_sum,0,0.47506316076946103,0.42,1,0.03609650416821489,0.003146817001198219
2016-05-05,20,0,multiclass_probability_sum,0,0.5265653367649654,0.42,1,0.035697082599453575,0.003882662340939244
2016-12-06,20,0,multiclass_probability_sum,0,0.5839517887282595,0.42,1,0.03500610038044735,0.003126391414131006
2017-01-11,20,0,multiclass_probability_sum,0,0.4520266028361347,0.42,1,0.03490663462872006,-0.013508373309034732
2017-01-06,20,0,multiclass_probability_sum,0,0.4576926532078268,0.42,1,0.03466717005772683,-0.0027398488128055503
2016-09-19,20,0,multiclass_probability_sum,0,0.5774443747838145,0.42,1,0.034451137916934646,0.008295159806623155
2016-05-04,20,0,multiclass_probability_sum,0,0.49344538895004364,0.42,1,0.03411519336599918,0.004064707657034946
2015-07-02,20,0,multiclass_probability_sum,0,0.5387139476395344,0.42,1,0.033875685951259484,0.017559957969731185
2016-06-08,20,0,multiclass_probability_sum,0,0.5128620515665278,0.42,1,0.033808109708914846,-0.013824070300527236
2016-04-25,20,0,multiclass_probability_sum,0,0.5109767224774392,0.42,1,0.03375560415623419,0.00015212338926419485
2016-09-13,20,0,multiclass_probability_sum,0,0.58646688534897,0.42,1,0.03374187523236726,-0.012829783237896348
2016-12-23,20,0,multiclass_probability_sum,0,0.5091957576604649,0.42,1,0.03371338580314665,-0.0028941398835818596
2017-01-09,20,0,multiclass_probability_sum,0,0.4685496431142072,0.42,1,0.033608498499085336,-0.006806297453131
2016-12-07,20,0,multiclass_probability_sum,0,0.5789272326290908,0.42,1,0.03352353278094833,0.001727578227998738
2016-03-25,20,0,multiclass_probability_sum,0,0.5058555434766242,0.42,1,0.03351808189894855,-0.0288343409121852
2015-05-06,20,0,multiclass_probability_sum,0,0.5510292317719211,0.42,1,0.03330060653481208,-0.03775083091579098
2016-04-29,20,0,multiclass_probability_sum,0,0.48855894631708985,0.42,1,0.03299088652070133,0.0011691610097175982
2016-12-22,20,0,multiclass_probability_sum,0,0.534285790085559,0.42,1,0.03274853708805639,-0.002562944264380055
2017-01-13,20,0,multiclass_probability_sum,0,0.4822864926882654,0.42,1,0.032697526200416806,-0.010447637218002384
2016-12-14,20,0,multiclass_probability_sum,0,0.48886195797394394,0.42,1,0.032278521550140896,-0.004052461499956307
2017-01-12,20,0,multiclass_probability_sum,0,0.48665575376527426,0.42,1,0.03207299139376513,-0.013217277915019424
2016-08-01,20,0,multiclass_probability_sum,0,0.5100233416765227,0.42,1,0.031964597767959665,-0.03290858739396242
2016-05-10,20,0,multiclass_probability_sum,0,0.5111256282367739,0.42,1,0.031880393633776746,-0.001174145778562975
2016-12-12,20,0,multiclass_probability_sum,0,0.5672846142861611,0.42,1,0.031879904652839894,-0.0076691693337629496
2016-04-22,20,0,multiclass_probability_sum,0,0.5052101989341765,0.42,1,0.031794057466772774,-0.0015201935262133723
2015-05-05,20,0,multiclass_probability_sum,0,0.5182463605745873,0.42,1,0.03145518288269492,-0.04383098032418072
2016-09-08,20,0,multiclass_probability_sum,0,0.5890404078052349,0.42,1,0.03140520695620472,-0.022409050780284573
2016-12-08,20,0,multiclass_probability_sum,0,0.5740095923946197,0.42,1,0.03124203626724491,-0.0064405840997083215
2015-03-30,20,0,multiclass_probability_sum,0,0.6027010993899639,0.42,1,0.031078982735175356,-0.01158577667556872
2015-10-12,20,0,multiclass_probability_sum,0,0.5099130230973705,0.42,1,0.030864799938076396,-0.0035869015176105785
2016-05-12,20,0,multiclass_probability_sum,0,0.5233921406345308,0.42,1,0.030789480325415994,-0.012791388257337128
2016-05-13,20,0,multiclass_probability_sum,0,0.5275146559848638,0.42,1,0.030663502125434772,-0.010665363285278569
2016-12-20,20,0,multiclass_probability_sum,0,0.5212506399023815,0.42,1,0.030642693502261037,-0.0003169548214985459
2015-10-16,20,0,multiclass_probability_sum,0,0.524396601604679,0.42,1,0.030310634848394878,-0.004698891393439938
2015-09-23,20,0,multiclass_probability_sum,0,0.5095077866587652,0.42,1,0.030132292760435987,-0.020337411977756018
2016-09-06,20,0,multiclass_probability_sum,0,0.6261684306768874,0.42,1,0.030118736818390678,-0.0191458163830584
2016-09-21,20,0,multiclass_probability_sum,0,0.5140485193947367,0.42,1,0.030075128230687528,0.004328817232408889
2015-09-22,20,0,multiclass_probability_sum,0,0.520223458563539,0.42,1,0.029650262093273726,-0.021175166843843202
2017-03-13,20,0,multiclass_probability_sum,0,0.5082408712421336,0.42,1,0.029360416276830757,0.0005208663391756883
2016-06-03,20,0,multiclass_probability_sum,0,0.5379548828946207,0.42,1,0.0291896684432164,-0.004238079712071004
2016-12-09,20,0,multiclass_probability_sum,0,0.5482772860754512,0.42,1,0.028984520595911556,-0.012764548411367073
2016-02-29,20,0,multiclass_probability_sum,0,0.4771320426881869,0.42,1,0.028810280952785282,0.003907474662065588
2015-05-07,20,0,multiclass_probability_sum,0,0.5362679967144799,0.42,1,0.02854102477641558,-0.044427925070252096
2016-12-15,20,0,multiclass_probability_sum,0,0.497520110220917,0.42,1,0.02833688246194288,-0.005224459891137373
2015-08-21,20,0,multiclass_probability_sum,0,0.581443280669707,0.42,1,0.02804104250545182,-0.05424000468669373
2016-09-20,20,0,multiclass_probability_sum,0,0.5636584561024938,0.42,1,0.027726079022019134,0.007673574463545896
2017-01-24,20,0,multiclass_probability_sum,0,0.49511588680660984,0.42,1,0.027716355342872232,0.00852637957263191
2016-09-05,20,0,multiclass_probability_sum,0,0.6090791900781038,0.42,1,0.027457943466154395,-0.020124400525286464
2016-08-10,20,0,multiclass_probability_sum,0,0.5339005088498912,0.42,1,0.026994944139294576,0.011318792047160589
2015-09-07,20,0,multiclass_probability_sum,0,0.45003169278523103,0.42,1,0.02679438116285616,0.011217549444434127
2016-05-09,20,0,multiclass_probability_sum,0,0.5402545098905388,0.42,1,0.026474297227396963,0.0008111307441141414
2016-05-24,20,0,multiclass_probability_sum,0,0.5134832121834619,0.42,1,0.02642899183612338,-0.011974221166576994
2015-08-27,20,0,multiclass_probability_sum,0,0.47183067027696424,0.42,1,0.025876296141725513,-0.0027204528042719524
2015-03-27,20,0,multiclass_probability_sum,0,0.6078352886081115,0.42,1,0.02569086595108084,-0.022948188155591447
2015-09-10,20,0,multiclass_probability_sum,0,0.46467030369983975,0.42,1,0.0253886010104197,-0.019201832404471576
2015-09-08,20,0,multiclass_probability_sum,0,0.4883833128407283,0.42,1,0.025384417143603167,-0.009805825484295089
2016-09-09,20,0,multiclass_probability_sum,0,0.5990361973403685,0.42,1,0.025274695850560747,-0.02362440034283753
2015-04-01,20,0,multiclass_probability_sum,0,0.5141670561042287,0.42,1,0.025176308671253436,0.0075054887031787455
2016-05-06,20,0,multiclass_probability_sum,0,0.5382491129284815,0.42,1,0.025009444148801525,-0.0044118812113541446
2016-05-23,20,0,multiclass_probability_sum,0,0.5291448389226878,0.42,1,0.024938867727502492,-0.011009104337073247
2017-03-10,20,0,multiclass_probability_sum,0,0.5434356616328347,0.42,1,0.024493624347316948,-0.002868433750115937
2015-10-20,20,0,multiclass_probability_sum,0,0.5521058676796459,0.42,1,0.024426141196770747,-0.0003557241989252211
2016-09-01,20,0,multiclass_probability_sum,0,0.5135891590172259,0.42,1,0.024415938459514803,-0.027082306443182765
2015-10-19,20,0,multiclass_probability_sum,0,0.5081673906973151,0.42,1,0.024257307405232898,-0.007376494603137416
2015-10-13,20,0,multiclass_probability_sum,0,0.5293780011113141,0.42,1,0.024129386296434248,-0.0014566151522792496
2016-04-27,20,0,multiclass_probability_sum,0,0.48380778737266045,0.42,1,0.0235438096266978,-0.0038629299995073365
2016-07-29,20,0,multiclass_probability_sum,0,0.603029307955782,0.42,1,0.023516591532660832,-0.03882890362288271
2016-05-25,20,0,multiclass_probability_sum,0,0.53141888689262,0.42,1,0.023452580993944917,-0.012415574329824956
2016-08-25,20,0,multiclass_probability_sum,0,0.5664749787077246,0.42,1,0.023399111971749948,-0.010978801841280507
2017-02-06,20,0,multiclass_probability_sum,0,0.4911750755099489,0.42,1,0.022947636623977925,0.0008709993482701697
2017-03-02,20,0,multiclass_probability_sum,0,0.5481783148994365,0.42,1,0.022846239828426325,0.0037526143015837203
2016-08-29,20,0,multiclass_probability_sum,0,0.5531407604670562,0.42,1,0.022816699429188993,-0.02745582265439354
2016-12-21,20,0,multiclass_probability_sum,0,0.4892398294206704,0.42,1,0.022784013176577012,-0.006755003532807188
2015-10-14,20,0,multiclass_probability_sum,0,0.5326458104308394,0.42,1,0.02270711130681889,0.00044059582824557266
2016-05-11,20,0,multiclass_probability_sum,0,0.4904411314416963,0.42,1,0.022240495427422388,-0.015955689777075316
2016-09-22,20,0,multiclass_probability_sum,0,0.5320452670911036,0.42,1,0.02211068370244841,0.004028337554475694
2015-10-15,20,0,multiclass_probability_sum,0,0.5187515571183,0.42,1,0.022004594085179602,-0.00365284854527818
2015-10-21,20,0,multiclass_probability_sum,0,0.5497750235983868,0.42,1,0.021951651406105353,0.00816661644067734
2016-09-12,20,0,multiclass_probability_sum,0,0.5828796946603657,0.42,1,0.02163583777091116,-0.012890413183044788
2017-02-09,20,0,multiclass_probability_sum,0,0.5187886181468826,0.42,1,0.021392322715698735,0.00445733170351569
2015-05-29,20,0,multiclass_probability_sum,0,0.4549118596280942,0.42,1,0.021176669269607335,-0.002918786029406957
2015-04-06,20,0,multiclass_probability_sum,0,0.5285532597470226,0.42,1,0.021030771104020286,0.0038785030927302212
2016-08-30,20,0,multiclass_probability_sum,0,0.4990467512468269,0.42,1,0.020671772367725036,-0.03226914829249882
2017-02-07,20,0,multiclass_probability_sum,0,0.4710635768373954,0.42,1,0.020628881967831886,-0.0017967150623993057
2016-05-27,20,0,multiclass_probability_sum,0,0.5548114024829104,0.42,1,0.02060485630450435,0.010453142351530885
2017-02-08,20,0,multiclass_probability_sum,0,0.47277437054526034,0.42,1,0.02052742241136404,-0.0019819068432626367
2016-08-31,20,0,multiclass_probability_sum,0,0.5378496124978359,0.42,1,0.020423544736871926,-0.03517867309420773
2016-01-15,20,0,multiclass_probability_sum,0,0.5987794372878921,0.42,1,0.020035854859824842,-0.03974530564831408
2016-07-22,20,0,multiclass_probability_sum,0,0.5947083287293209,0.42,1,0.018916084352394513,-0.03520398605248904
2016-07-01,20,0,multiclass_probability_sum,0,0.4691926996660866,0.42,1,0.018460443932653135,0.011892149527180906
2016-12-05,20,0,multiclass_probability_sum,0,0.592941578852954,0.42,1,0.017715255135256774,-0.013295918976620911
2017-01-25,20,0,multiclass_probability_sum,0,0.4665098817663222,0.42,1,0.017401633311941972,0.003950424511701516
2017-02-03,20,0,multiclass_probability_sum,0,0.5178638730618496,0.42,1,0.017368108929148102,-0.000442733817099136
2017-03-09,20,0,multiclass_probability_sum,0,0.49912458965361517,0.42,1,0.01683156618740959,-0.00789642033721859
2015-09-03,20,0,multiclass_probability_sum,0,0.4691674117183805,0.42,1,0.01653225945046751,0.0011359232399807786
2016-06-01,20,0,multiclass_probability_sum,0,0.4683207169594608,0.42,1,0.01641663134835921,-0.0009845777199401125
2016-07-26,20,0,multiclass_probability_sum,0,0.5652473901869509,0.42,1,0.016165521211170892,-0.03323241909683166
2016-08-24,20,0,multiclass_probability_sum,0,0.5466802650670937,0.42,1,0.015929473940169355,-0.014420102318385322
2016-09-23,20,0,multiclass_probability_sum,0,0.5059745111027482,0.42,1,0.015806999124101138,0.0001483371409253075
2017-03-01,20,0,multiclass_probability_sum,0,0.4771400167757356,0.42,1,0.015315091752943231,-0.002836921375073747
2016-12-19,20,0,multiclass_probability_sum,0,0.5156846575641298,0.42,1,0.015275785623148458,-0.017774522019554068
2016-06-02,20,0,multiclass_probability_sum,0,0.49495979057112083,0.42,1,0.014160458973368237,-0.006631174610429494
2016-10-26,20,0,multiclass_probability_sum,0,0.5674004591113326,0.42,1,0.014077784327368016,-0.010266142061864297
2016-08-23,20,0,multiclass_probability_sum,0,0.5313918610650517,0.42,1,0.014040181225671727,-0.011980577800474056
2016-02-25,20,0,multiclass_probability_sum,0,0.4863392090826728,0.42,1,0.0138337245108244,-0.0061487107698399955
2016-08-26,20,0,multiclass_probability_sum,0,0.5597717381965017,0.42,1,0.013816503371780139,-0.024928132648015074
2017-03-03,20,0,multiclass_probability_sum,0,0.5291012380112093,0.42,1,0.013506090609643098,-0.003443941019497239
2016-07-25,20,0,multiclass_probability_sum,0,0.552803916946036,0.42,1,0.012823631329436999,-0.034326502679914245
2016-05-16,20,0,multiclass_probability_sum,0,0.49265666495361077,0.42,1,0.012587307942707477,-0.0187528034201796
2015-09-09,20,0,multiclass_probability_sum,0,0.4769271943791191,0.42,1,0.012553228887400762,-0.019673691274998076
2017-02-10,20,0,multiclass_probability_sum,0,0.48306799066153583,0.42,1,0.011907004425080163,0.0030077770816839696
2016-03-01,20,0,multiclass_probability_sum,0,0.4389238576409932,0.42,1,0.01189562990012599,0.01189562990012599
2017-02-14,20,0,multiclass_probability_sum,0,0.48167452411716327,0.42,1,0.011893424360310446,0.0017683220406789384
2017-02-28,20,0,multiclass_probability_sum,0,0.5511580557772644,0.42,1,0.01184587818007864,-0.004625263833372073
2015-10-22,20,0,multiclass_probability_sum,0,0.5278442975714266,0.42,1,0.011395468264682152,0.0019474202843956288
2015-12-07,20,0,multiclass_probability_sum,0,0.5918594051849189,0.42,1,0.011150826574842438,-0.00458806132664873
2016-05-30,20,0,multiclass_probability_sum,0,0.5354017059254497,0.42,1,0.010956841045513985,0.006391249228304393
2017-02-24,20,0,multiclass_probability_sum,0,0.5079843375350913,0.42,1,0.010678016828050167,-0.009789245391524443
2017-03-07,20,0,multiclass_probability_sum,0,0.5198391398675353,0.42,1,0.01055067121140365,-0.00892969465175116
2016-02-26,20,0,multiclass_probability_sum,0,0.44339149387540977,0.42,1,0.010490436129998696,-0.011977255168457226
2015-12-01,20,0,multiclass_probability_sum,0,0.4952285351076495,0.42,1,0.010255605715286508,-0.01656319627455752
2016-03-15,20,0,multiclass_probability_sum,0,0.5221144783119018,0.42,1,0.010053123111828932,-0.03225457947477571
2016-08-11,20,0,multiclass_probability_sum,0,0.48133147393170306,0.42,1,0.010006714400463941,-0.0068847872542230435
2015-09-04,20,0,multiclass_probability_sum,0,0.4590704917576848,0.42,1,0.009829230611984445,-0.0033820889633103977
2016-04-26,20,0,multiclass_probability_sum,0,0.45747350853374547,0.42,1,0.009743845901349,-0.011444060535795957
2016-05-19,20,0,multiclass_probability_sum,0,0.5635221416119517,0.42,1,0.009499311974701075,-0.024291368810019084
2015-04-03,20,0,multiclass_probability_sum,0,0.5069704287009327,0.42,1,0.00932030765163346,-0.008947457062512586
2017-03-08,20,0,multiclass_probability_sum,0,0.5100033394043909,0.42,1,0.009195658691981114,-0.00901342687614678
2015-03-26,20,0,multiclass_probability_sum,0,0.6047513680258718,0.42,1,0.009110416419491688,-0.031507441551261464
2015-12-02,20,0,multiclass_probability_sum,0,0.5646441873624128,0.42,1,0.008718541711046836,-0.023568631840698333
2016-08-22,20,0,multiclass_probability_sum,0,0.5840309843486651,0.42,1,0.008614413060777171,-0.009732771501822725
2016-11-29,20,0,multiclass_probability_sum,0,0.605206659825039,0.42,1,0.00847129381489655,-0.01033794280452209
2017-03-06,20,0,multiclass_probability_sum,0,0.5559726475762875,0.42,1,0.008466203334789058,-0.008580734897227698
2017-02-27,20,0,multiclass_probability_sum,0,0.48718160024685386,0.42,1,0.008438868645864604,-0.013937556750617301
2016-10-25,20,0,multiclass_probability_sum,0,0.5467443899405189,0.42,1,0.008438371537790909,-0.014074146426406918
2015-12-03,20,0,multiclass_probability_sum,0,0.5587055809968332,0.42,1,0.008063091515909364,-0.023498993957661904
2017-02-16,20,0,multiclass_probability_sum,0,0.522641786420867,0.42,1,0.00782159056418316,-0.002597294064871382
2015-07-03,20,0,multiclass_probability_sum,0,0.5315700055929847,0.42,1,0.007482923667081152,0.0002919613334176135
2016-05-18,20,0,multiclass_probability_sum,0,0.5504003489113543,0.42,1,0.007315134223032358,-0.029526350362296592
2016-05-20,20,0,multiclass_probability_sum,0,0.5714713473455485,0.42,1,0.00719579138512961,-0.017176323518840825
2016-07-27,20,0,multiclass_probability_sum,0,0.5670476092465953,0.42,1,0.007077363846732779,-0.044760100979181074
2016-03-18,20,0,multiclass_probability_sum,0,0.5177514397957612,0.42,1,0.006991583235854256,-0.03535061102963611
2015-04-07,20,0,multiclass_probability_sum,0,0.4950791141728239,0.42,1,0.006474044689404713,-0.005543423849846513
2017-02-20,20,0,multiclass_probability_sum,0,0.4630577860010061,0.42,1,0.006284829126597479,-0.004343847180091703
2016-08-12,20,0,multiclass_probability_sum,0,0.5266444305418607,0.42,1,0.006157514494894267,0.0029998728136720358
2017-02-02,20,0,multiclass_probability_sum,0,0.4827924435102512,0.42,1,0.006138859137314489,-0.00447542828785196
2016-05-31,20,0,multiclass_probability_sum,0,0.5285634365342247,0.42,1,0.006061406229142826,0.001308890135074991
2017-02-13,20,0,multiclass_probability_sum,0,0.4676333585956115,0.42,1,0.006030793593280332,0.0005098572510177354
2015-12-04,20,0,multiclass_probability_sum,0,0.5681212026708361,0.42,1,0.004868992106480332,-0.018682230718088097
2015-10-23,20,0,multiclass_probability_sum,0,0.5516221286299328,0.42,1,0.004510039148567791,-0.009182187754733553
2015-04-02,20,0,multiclass_probability_sum,0,0.517588893224554,0.42,1,0.004470198567339841,-0.007120471992344992
2016-12-16,20,0,multiclass_probability_sum,0,0.464490429510791,0.42,1,0.004109088628482939,-0.019004616506594813
2017-02-17,20,0,multiclass_probability_sum,0,0.5099774926264437,0.42,1,0.0038212924662531958,-0.00045218817450604364
2017-02-23,20,0,multiclass_probability_sum,0,0.4661850850277406,0.42,1,0.0037454009518258246,-0.01314274944953645
2015-12-14,20,0,multiclass_probability_sum,0,0.5892881505667541,0.42,1,0.0036219058129638255,-0.007767272040264089
2016-11-18,20,0,multiclass_probability_sum,0,0.5630406960785198,0.42,1,0.0028329681290185987,-0.032854684438775844
2015-03-25,20,0,multiclass_probability_sum,0,0.6036761589043109,0.42,1,0.0028127911445550665,-0.04004753946806405
2015-10-26,20,0,multiclass_probability_sum,0,0.5789352446911485,0.42,1,0.002302687485019895,-0.003967030352130916
2016-03-14,20,0,multiclass_probability_sum,0,0.507676078616116,0.42,1,0.0022294241249696677,-0.039094765169631916
2017-02-15,20,0,multiclass_probability_sum,0,0.4712984023649709,0.42,1,0.002203958188703452,-0.005722032693841621
2016-07-28,20,0,multiclass_probability_sum,0,0.5621355838892671,0.42,1,0.002067435597001485,-0.04632872875180752
2016-10-27,20,0,multiclass_probability_sum,0,0.5577149774849735,0.42,1,0.0018891879161328378,-0.015138385152803406
2016-03-23,20,0,multiclass_probability_sum,0,0.49553462971020035,0.42,1,0.0017732350531462944,-0.03342106491716401
2016-03-16,20,0,multiclass_probability_sum,0,0.496687885794622,0.42,1,0.0016448938423831738,-0.037519075479525314
2016-07-21,20,0,multiclass_probability_sum,0,0.5667594984975298,0.42,1,0.0016360913194944312,-0.05001975070620478
2016-09-26,20,0,multiclass_probability_sum,0,0.4858341044702138,0.42,1,0.0014464306685457726,-0.004218385065839476
2016-05-17,20,0,multiclass_probability_sum,0,0.4866511888079241,0.42,1,0.001087843457837249,-0.033214616249563386
2015-12-08,20,0,multiclass_probability_sum,0,0.5100265983661039,0.42,1,0.0007312487267835177,-0.023098481993543286
2016-07-04,20,0,multiclass_probability_sum,0,0.48827466771357875,0.42,1,0.000647978176551823,0.000647978176551823
2016-03-17,20,0,multiclass_probability_sum,0,0.49748096159718985,0.42,1,0.0003969795089890229,-0.04130692603857849
2016-08-15,20,0,multiclass_probability_sum,0,0.47993971849371864,0.42,1,0.0003790204640618048,-0.002717991272011808
2016-07-20,20,0,multiclass_probability_sum,0,0.5862737503565195,0.42,1,0.0003785670525311082,-0.05106534000613313
2015-12-09,20,0,multiclass_probability_sum,0,0.5864684751224096,0.42,1,0.00028304557222635435,-0.007387446581717515
2016-11-21,20,0,multiclass_probability_sum,0,0.5326454430048513,0.42,1,5.931989739416862e-05,-0.034398238183359846
2016-10-10,20,0,multiclass_probability_sum,0,0.5712927172970388,0.42,1,-7.416581997437276e-05,-0.011126803934252557
2016-12-02,20,0,multiclass_probability_sum,0,0.5561677278947548,0.42,1,-0.0004060119904497447,-0.020735497561156155
2016-03-02,20,0,multiclass_probability_sum,0,0.457891517052532,0.42,1,-0.00047364682621138385,-0.003337845447402469
2017-02-21,20,0,multiclass_probability_sum,0,0.4628164432294789,0.42,1,-0.0005164964902324806,-0.012696264810957385
2015-08-20,20,0,multiclass_probability_sum,0,0.5742485945952531,0.42,1,-0.0007767402018147466,-0.0727447046045047
2015-10-28,20,0,multiclass_probability_sum,0,0.5607200400658661,0.42,1,-0.0009060859387966224,-0.004050187458675178
2016-01-14,20,0,multiclass_probability_sum,0,0.6156107357428087,0.42,1,-0.0009769159182039105,-0.057974573201254334
2016-11-03,20,0,multiclass_probability_sum,0,0.5902682406689298,0.42,1,-0.0016339750444300672,-0.014134137808661426
2015-12-10,20,0,multiclass_probability_sum,0,0.5763803968502024,0.42,1,-0.0017661387709064838,-0.0017661387709064838
2016-08-16,20,0,multiclass_probability_sum,0,0.5311666216903832,0.42,1,-0.0022361675034105856,-0.0022361675034105856
2016-11-30,20,0,multiclass_probability_sum,0,0.5244427305502944,0.42,1,-0.002363444501709313,-0.02063025102103909
2016-11-04,20,0,multiclass_probability_sum,0,0.5765036693969525,0.42,1,-0.002387621547669949,-0.012785176304303921
2016-12-01,20,0,multiclass_probability_sum,0,0.478895888741052,0.42,1,-0.002734253464960048,-0.0228381055687535
2016-11-28,20,0,multiclass_probability_sum,0,0.5768544119091459,0.42,1,-0.004277952507578791,-0.020960988568778583
2016-03-22,20,0,multiclass_probability_sum,0,0.5177734048346516,0.42,1,-0.005057344791497483,-0.02678707819133847
2016-09-30,20,0,multiclass_probability_sum,0,0.523685293252409,0.42,1,-0.005087804656304995,-0.017832655821130118
2016-10-24,20,0,multiclass_probability_sum,0,0.5732663035680645,0.42,1,-0.005516500594104098,-0.016791619668637844
2015-11-30,20,0,multiclass_probability_sum,0,0.5592198217708233,0.42,1,-0.005773789113063036,-0.02144249172536197
2017-02-22,20,0,multiclass_probability_sum,0,0.4709695331140785,0.42,1,-0.006013247223451746,-0.013658748931040016
2015-04-08,20,0,multiclass_probability_sum,0,0.5435610955716437,0.42,1,-0.0060615680089907914,-0.0060615680089907914
2015-08-31,20,0,multiclass_probability_sum,0,0.4347993799817701,0.42,1,-0.006323626237938984,-0.018677098922353728
2016-08-17,20,0,multiclass_probability_sum,0,0.49953489105793103,0.42,1,-0.006577122343317561,-0.006577122343317561
2016-08-19,20,0,multiclass_probability_sum,0,0.5152893997347422,0.42,1,-0.006650683141378242,-0.01670270789735502
2016-03-09,20,0,multiclass_probability_sum,0,0.5228567460297894,0.42,1,-0.006880237759767091,-0.028187368980439022
2016-03-21,20,0,multiclass_probability_sum,0,0.5413467754037935,0.42,1,-0.006996652977791577,-0.029166407153712506
2016-03-10,20,0,multiclass_probability_sum,0,0.47349700075699885,0.42,1,-0.0075119524318758525,-0.03550689765963284
2015-10-27,20,0,multiclass_probability_sum,0,0.5604680091790756,0.42,1,-0.007733186231268349,-0.007733186231268349
2016-03-11,20,0,multiclass_probability_sum,0,0.495637842717817,0.42,1,-0.00855955121605651,-0.03784827077327286
2016-10-11,20,0,multiclass_probability_sum,0,0.5262894309822281,0.42,1,-0.008684059813602974,-0.023172211450560302
2015-03-24,20,0,multiclass_probability_sum,0,0.5816750414392409,0.42,1,-0.009188588731211764,-0.0515688126442331
2016-10-28,20,0,multiclass_probability_sum,0,0.5563150416215494,0.42,1,-0.009395409731286752,-0.02301099322668938
2016-11-02,20,0,multiclass_probability_sum,0,0.5964212513089786,0.42,1,-0.00947278627196297,-0.019765094488480045
2016-07-14,20,0,multiclass_probability_sum,0,0.6124179158904611,0.42,1,-0.00972176497705829,-0.06075681342696034
2015-12-11,20,0,multiclass_probability_sum,0,0.584339309626734,0.42,1,-0.00991714183290923,-0.00991714183290923
2016-10-13,20,0,multiclass_probability_sum,0,0.5372804647727982,0.42,1,-0.010356554354514066,-0.02736938196689384
2016-10-03,20,0,multiclass_probability_sum,0,0.5557689777823134,0.42,1,-0.010670889053306615,-0.013916754909873296
2015-03-31,20,0,multiclass_probability_sum,0,0.5676226368181136,0.42,1,-0.011038143107335297,-0.02242213490324443
2016-10-04,20,0,multiclass_probability_sum,0,0.5320606935170605,0.42,1,-0.011170016196896213,-0.015598964119881532
2016-10-14,20,0,multiclass_probability_sum,0,0.559516918884944,0.42,1,-0.011418657225211671,-0.02994912586059085
2016-10-18,20,0,multiclass_probability_sum,0,0.5506234369079688,0.42,1,-0.01144318972278691,-0.022673816564915655
2016-10-17,20,0,multiclass_probability_sum,0,0.5642672018796571,0.42,1,-0.011669260924864422,-0.02110371565320797
2016-09-27,20,0,multiclass_probability_sum,0,0.4918081690745011,0.42,1,-0.012798928637472284,-0.01574627112962675
2016-11-17,20,0,multiclass_probability_sum,0,0.5298332455968471,0.42,1,-0.012905907635915521,-0.03481340358825263
2016-07-15,20,0,multiclass_probability_sum,0,0.5961168227403041,0.42,1,-0.013406549500610253,-0.057556810696289325
2015-12-15,20,0,multiclass_probability_sum,0,0.6011555920919012,0.42,1,-0.013524138881829947,-0.017995458393104947
2015-04-09,20,0,multiclass_probability_sum,0,0.5526756789975393,0.42,1,-0.014085512845626388,-0.014085512845626388
2016-11-16,20,0,multiclass_probability_sum,0,0.5176245625145599,0.42,1,-0.014122377813461312,-0.03485787537461748
2016-08-18,20,0,multiclass_probability_sum,0,0.5220033776624706,0.42,1,-0.014238479518170689,-0.014238479518170689
2016-07-19,20,0,multiclass_probability_sum,0,0.5827063913774128,0.42,1,-0.014556736936775406,-0.0623604707079545
2016-03-03,20,0,multiclass_probability_sum,0,0.488483968132753,0.42,1,-0.016207351877568433,-0.016207351877568433
2015-04-10,20,0,multiclass_probability_sum,0,0.5696250687057905,0.42,1,-0.018839605418816876,-0.020441063639980883
2015-05-18,20,0,candidate_risk_off,0,0.6190316030091229,0.37,1,0.10324465748254756,0.014768933354776073
2015-06-16,20,0,candidate_risk_off,0,0.5905925288401954,0.37,1,0.09578783382746192,-0.002553442494335375
2015-06-09,20,0,candidate_risk_off,0,0.6358095765964052,0.37,1,0.09270042239946034,-0.0006442794305941986
2015-06-17,20,0,candidate_risk_off,0,0.6116181997275523,0.37,1,0.08605359355836519,0.002553442494335435
2016-04-19,20,0,candidate_risk_off,0,0.6002976977686235,0.37,1,0.08581406727164112,-0.00044002077607992277
2015-08-24,20,0,candidate_risk_off,0,0.5716116442600998,0.37,1,0.08416698355946303,0.005771557590542049
2015-06-10,20,0,candidate_risk_off,0,0.5923914736971575,0.37,1,0.08201575758496471,0.008274330146705276
2015-06-26,20,0,candidate_risk_off,0,0.7003403202415498,0.37,1,0.08167701986585035,0.01662088123604028
2015-05-15,20,0,candidate_risk_off,0,0.5609370613428358,0.37,1,0.08090683142861799,-0.01592321643119909
2016-01-22,20,0,candidate_risk_off,0,0.5604321285690623,0.37,1,0.08066115327445439,0.026846108747067846
2016-04-05,20,0,candidate_risk_off,0,0.6315583399714221,0.37,1,0.07922965483525135,0.013243582951140233
2016-04-20,20,0,candidate_risk_off,0,0.5882608454820059,0.37,1,0.0791390427565429,0.013464566570469298
2016-04-04,20,0,candidate_risk_off,0,0.6314407625382834,0.37,1,0.07899865955248961,0.008063548269531803
2015-06-15,20,0,candidate_risk_off,0,0.5610067689038841,0.37,1,0.07800502026804985,-0.0130606395950348
2015-05-19,20,0,candidate_risk_off,0,0.6198119919484849,0.37,1,0.07796852702707208,0.024437237093852704
2015-08-25,20,0,candidate_risk_off,0,0.5003570457525406,0.37,1,0.07755767110283371,0.02957822026150403
2015-06-18,20,0,candidate_risk_off,0,0.6032388850308829,0.37,1,0.07715566846529119,0.0024094323677694394
2015-10-02,20,0,candidate_risk_off,0,0.6019973925927296,0.37,1,0.07708486130461625,0.013583061587561502
2016-01-21,20,0,candidate_risk_off,0,0.6108551572750334,0.37,1,0.07552218481397742,0.00068957593814027
2015-06-08,20,0,candidate_risk_off,0,0.6256149184623474,0.37,1,0.07536863066995762,-0.00993135995538701
2016-04-14,20,0,candidate_risk_off,0,0.6006076936556234,0.37,1,0.07520316333953876,-0.019974172147726614
2016-06-15,20,0,candidate_risk_off,0,0.524455834933691,0.37,1,0.07391201479888367,-0.012469369681358457
2015-06-12,20,0,candidate_risk_off,0,0.6018056435934862,0.37,1,0.0736690546300657,-0.006646029972304318
2015-06-19,20,0,candidate_risk_off,0,0.5831003150365389,0.37,1,0.07244395314644016,-0.0050580929992238245
2016-06-20,20,0,candidate_risk_off,0,0.5355003115132801,0.37,1,0.07240307032034461,-0.009124282571011073
2015-06-25,20,0,candidate_risk_off,0,0.6487820878682868,0.37,1,0.07219527585520004,-0.010669138768887445
2015-10-01,20,0,candidate_risk_off,0,0.5059898686904545,0.37,1,0.0713206660379745,-0.0021850166351920987
2015-06-29,20,0,candidate_risk_off,0,0.692644257250631,0.37,1,0.07126489768953959,-0.0004225649756519002
2016-04-15,20,0,candidate_risk_off,0,0.5339334521194314,0.37,1,0.0708766087343492,-0.0206124608656494
2016-06-17,20,0,candidate_risk_off,0,0.5638093963010719,0.37,1,0.07061609916134698,0.0024515745895940864
2016-01-20,20,0,candidate_risk_off,0,0.6627623667499702,0.37,1,0.0703719946035101,-0.014382167775754816
2016-04-08,20,0,candidate_risk_off,0,0.6251050366507634,0.37,1,0.07035942285740207,-0.0075589861573754765
2016-04-01,20,0,candidate_risk_off,0,0.5761959348703621,0.37,1,0.0702491777900129,-0.004684774105441723
2016-02-02,20,0,candidate_risk_off,0,0.6103175130604613,0.37,1,0.0688922046623641,0.004872071523716711
2015-06-11,20,0,candidate_risk_off,0,0.6105041286680983,0.37,1,0.06826403985209158,-0.003758884348586255
2015-05-14,20,0,candidate_risk_off,0,0.5429723625583239,0.37,1,0.06645758018201317,-0.0274853220540857
2016-08-03,20,0,candidate_risk_off,0,0.6024344318433786,0.37,1,0.06589227737454027,-0.0067037582271959285
2015-06-24,20,0,candidate_risk_off,0,0.6127728185673325,0.37,1,0.06532526116799679,-0.014115632447914209
2016-06-16,20,0,candidate_risk_off,0,0.554151543827137,0.37,1,0.06439753601126855,-0.009418565880749635
2015-09-29,20,0,candidate_risk_off,0,0.5710992010561724,0.37,1,0.06426674023585802,0.001993770130860757
2015-06-05,20,0,candidate_risk_off,0,0.6024339216586365,0.37,1,0.06424980335071204,-0.006891371432329399
2016-03-31,20,0,candidate_risk_off,0,0.5795683617047371,0.37,1,0.06409630620165647,-0.00966848468408059
2016-02-01,20,0,candidate_risk_off,0,0.49316174111744443,0.37,1,0.06384918340650912,-0.007632278161163715
2016-04-13,20,0,candidate_risk_off,0,0.5914418256515664,0.37,1,0.06328128673581392,-0.017434235922067644
2016-01-18,20,0,candidate_risk_off,0,0.5967009044229609,0.37,1,0.06319945031427683,-0.008566711108059183
2015-06-30,20,0,candidate_risk_off,0,0.6546006258519181,0.37,1,0.06277172224857598,-0.002617029056843245
2015-06-04,20,0,candidate_risk_off,0,0.6374568533061905,0.37,1,0.0625219547074503,0.00894073789413983
2016-04-06,20,0,candidate_risk_off,0,0.6424132253703908,0.37,1,0.06157419067275695,0.00042260217916889
2016-06-21,20,0,candidate_risk_off,0,0.5970735894289452,0.37,1,0.06138866107428255,-0.01157952350913575
2016-02-15,20,0,candidate_risk_off,0,0.500658761528029,0.37,1,0.06097612308194359,0.005977063007155127
2016-02-04,20,0,candidate_risk_off,0,0.5345150408434831,0.37,1,0.060408682569397354,0.003020426997452773
2016-04-21,20,0,candidate_risk_off,0,0.5892104240576432,0.37,1,0.05950725700430587,0.027158122840823452
2016-02-03,20,0,candidate_risk_off,0,0.5748892010056832,0.37,1,0.05878643720192233,0.005697283311718674
2016-12-28,20,0,candidate_risk_off,0,0.5878835876705841,0.37,1,0.0580840507835465,0.00183704558446377
2015-09-30,20,0,candidate_risk_off,0,0.5566706597046466,0.37,1,0.058003278573675585,-0.0005866927587284017
2015-09-28,20,0,candidate_risk_off,0,0.5537286948341485,0.37,1,0.057996981717478024,-0.006553790097917691
2016-02-05,20,0,candidate_risk_off,0,0.5276372190976502,0.37,1,0.05796579777649898,-0.0017638309090854916
2016-08-05,20,0,candidate_risk_off,0,0.5892454070087859,0.37,1,0.057541763032814934,0.0032939521369225355
2016-08-04,20,0,candidate_risk_off,0,0.633068190250728,0.37,1,0.05727357285401584,-0.007226096096695463
2016-04-07,20,0,candidate_risk_off,0,0.6077261559574038,0.37,1,0.05687165318834915,-0.006265211827916056
2015-05-13,20,0,candidate_risk_off,0,0.537634493713737,0.37,1,0.056025823907885824,-0.025883863832921683
2016-08-02,20,0,candidate_risk_off,0,0.5941317444248924,0.37,1,0.055977691032334125,-0.013708819767693208
2015-10-05,20,0,candidate_risk_off,0,0.6063319024813306,0.37,1,0.055882746721357845,0.016650088443976654
2016-01-28,20,0,candidate_risk_off,0,0.5254896966044875,0.37,1,0.05573316128110276,-0.005613815025746293
2016-04-11,20,0,candidate_risk_off,0,0.6382185323902808,0.37,1,0.05515965160027859,-0.01959445589476072
2015-07-01,20,0,candidate_risk_off,0,0.570187946115879,0.37,1,0.054609851081082746,0.02372313056846002
2015-05-12,20,0,candidate_risk_off,0,0.5555809144447437,0.37,1,0.05374523714914319,-0.028808730022258564
2015-05-25,20,0,candidate_risk_off,0,0.608393901824134,0.37,1,0.05373436228907958,0.006162147203828059
2015-09-25,20,0,candidate_risk_off,0,0.5411729468251243,0.37,1,0.053522652956415555,-0.01624327626158266
2016-02-17,20,0,candidate_risk_off,0,0.5169885144647326,0.37,1,0.05342337038468194,0.009895127757799053
2015-05-04,20,0,candidate_risk_off,0,0.6272416275317271,0.37,1,0.053402684702105734,-0.030038663448836492
2016-09-16,20,0,candidate_risk_off,0,0.6611506622047568,0.37,1,0.0533485728802941,0.0100520247559766
2016-08-08,20,0,candidate_risk_off,0,0.562124523233444,0.37,1,0.05326922675366445,0.012440956168125778
2016-06-22,20,0,candidate_risk_off,0,0.6070939727155674,0.37,1,0.05262858805139153,-0.009044465830205396
2016-12-29,20,0,candidate_risk_off,0,0.5754594687872168,0.37,1,0.052214310728329875,0.0002256334669128044
2015-10-07,20,0,candidate_risk_off,0,0.6609156058891638,0.37,1,0.05215563102820508,0.012363513252492566
2016-06-14,20,0,candidate_risk_off,0,0.542791677889995,0.37,1,0.05213236474687509,-0.009930344803430082
2016-04-12,20,0,candidate_risk_off,0,0.6146567803917194,0.37,1,0.05205011333621714,-0.020577969186763495
2015-09-14,20,0,candidate_risk_off,0,0.39380256809171466,0.37,1,0.051871244282046376,-0.0017447661455104219
2015-09-17,20,0,candidate_risk_off,0,0.4372472919444092,0.37,1,0.05182650450273781,-0.0022960487807322507
2016-12-30,20,0,candidate_risk_off,0,0.5445716366449288,0.37,1,0.051545943444317725,0.010681688541171299
2015-10-06,20,0,candidate_risk_off,0,0.6229010546027195,0.37,1,0.05100854225977141,-0.0029633224654995118
2015-05-20,20,0,candidate_risk_off,0,0.6157861418691578,0.37,1,0.050977847438883804,0.004461944899304966
2016-01-29,20,0,candidate_risk_off,0,0.5191200630892661,0.37,1,0.05077504916341357,-0.016271043998983156
2015-05-11,20,0,candidate_risk_off,0,0.5423742416591183,0.37,1,0.04978491570810675,-0.0420561319880878
2016-01-27,20,0,candidate_risk_off,0,0.4716254960389551,0.37,1,0.049413845938273124,-0.011564893430250446
2017-01-19,20,0,candidate_risk_off,0,0.7042799852317343,0.37,1,0.04941041311914304,0.005772464643052377
2016-12-27,20,0,candidate_risk_off,0,0.558538035739438,0.37,1,0.04911576788390412,-0.0005424301000887375
2015-05-21,20,0,candidate_risk_off,0,0.6464196792042122,0.37,1,0.049069345033914386,0.016619489113366765
2017-01-18,20,0,candidate_risk_off,0,0.6978120365820059,0.37,1,0.048505780986271264,-0.001420631614375255
2016-12-13,20,0,candidate_risk_off,0,0.6035670018738093,0.37,1,0.04845114486318248,0.011829066419069929
2015-09-15,20,0,candidate_risk_off,0,0.4096344821667916,0.37,1,0.047786166279173106,-0.0036995577830523387
2016-02-18,20,0,candidate_risk_off,0,0.4948126402969153,0.37,1,0.04731609318593617,0.002783503225088398
2015-10-08,20,0,candidate_risk_off,0,0.6257684452009917,0.37,1,0.04726494538498984,0.002110998400554626
2017-01-16,20,0,candidate_risk_off,0,0.6448844119099786,0.37,1,0.047036822424004754,0.0064253115743065845
2016-01-19,20,0,candidate_risk_off,0,0.6122506689411341,0.37,1,0.04651492524224542,-0.02626728810397076
2016-02-16,20,0,candidate_risk_off,0,0.4834258320277586,0.37,1,0.046332556640998744,-0.0018263177389334687
2016-06-09,20,0,candidate_risk_off,0,0.471161945333323,0.37,1,0.04621754444296769,-0.019208753678782494
2015-09-18,20,0,candidate_risk_off,0,0.42591488990081333,0.37,1,0.046192448444561766,-0.008976147687070104
2016-06-24,20,0,candidate_risk_off,0,0.49503516123497454,0.37,1,0.045811699927952865,0.000805127092540648
2017-01-17,20,0,candidate_risk_off,0,0.6231409457593846,0.37,1,0.04545263754724566,-0.003511290933318348
2016-05-26,20,0,candidate_risk_off,0,0.615316730996585,0.37,1,0.0451795646408057,0.006218833189060262
2016-06-13,20,0,candidate_risk_off,0,0.5148566377704162,0.37,1,0.044966190615578536,-0.006967996458916435
2015-09-16,20,0,candidate_risk_off,0,0.4078674553174434,0.37,1,0.04480391662838672,-0.005225192281559618
2016-06-10,20,0,candidate_risk_off,0,0.49516142075874714,0.37,1,0.04477201347358631,-0.016956750506742873
2015-05-26,20,0,candidate_risk_off,0,0.5549218648363754,0.37,1,0.04460046065803787,-0.0012701998743992523
2016-03-29,20,0,candidate_risk_off,0,0.5838214989445994,0.37,1,0.04419772202398459,-0.02216975417592092
2016-06-27,20,0,candidate_risk_off,0,0.4706974719295391,0.37,1,0.044129089462837404,0.0014958144119331966
2016-06-06,20,0,candidate_risk_off,0,0.4984629878865377,0.37,1,0.04402884610315591,-0.0012910515793123833
2015-08-26,20,0,candidate_risk_off,0,0.4619225356425505,0.37,1,0.04365737091789741,0.015288566179158872
2015-06-22,20,0,candidate_risk_off,0,0.57813689963014,0.37,1,0.04357607627998938,-0.020973188246368908
2017-01-03,20,0,candidate_risk_off,0,0.4885293989220307,0.37,1,0.04353196931381574,0.003994926268569617
2016-01-26,20,0,candidate_risk_off,0,0.5312536226959692,0.37,1,0.04336204965126984,-0.002383214369725189
2016-09-15,20,0,candidate_risk_off,0,0.6478126064585563,0.37,1,0.04331940677877893,-0.00744942220781803
2017-01-23,20,0,candidate_risk_off,0,0.6887968949091106,0.37,1,0.043136711442879686,0.006108063182762223
2016-12-26,20,0,candidate_risk_off,0,0.5962901396024769,0.37,1,0.042715588869490784,0.0015837704581298693
2015-09-24,20,0,candidate_risk_off,0,0.5592385700667241,0.37,1,0.04262098912454547,-0.016015332054323705
2016-06-23,20,0,candidate_risk_off,0,0.5295417839542246,0.37,1,0.042271589434427485,-0.018355875147241053
2015-05-08,20,0,candidate_risk_off,0,0.5547148231630639,0.37,1,0.04161012771301068,-0.047190931460126366
2016-06-28,20,0,candidate_risk_off,0,0.48785543824165956,0.37,1,0.041539191467821736,0.012648692974231584
2016-06-07,20,0,candidate_risk_off,0,0.48505637854470934,0.37,1,0.0411338005423023,-0.008682424508369273
2015-06-03,20,0,candidate_risk_off,0,0.6353863972925046,0.37,1,0.040716336535054735,0.0019175123960645543
2015-05-27,20,0,candidate_risk_off,0,0.5244897098237258,0.37,1,0.040714659286796746,0.002503571539868269
2015-10-09,20,0,candidate_risk_off,0,0.6204738820604374,0.37,1,0.040559383938260876,0.0033276770945002854
2016-06-29,20,0,candidate_risk_off,0,0.45434538391308227,0.37,1,0.040418180375939625,0.0033904245154984442
2017-01-20,20,0,candidate_risk_off,0,0.6887362745978334,0.37,1,0.04028444441807884,0.0012960443342920531
2015-05-22,20,0,candidate_risk_off,0,0.6174285094180991,0.37,1,0.03991738128754075,0.0020981142456063745
2017-01-04,20,0,candidate_risk_off,0,0.5404803332786733,0.37,1,0.03972223482610958,0.0016438238146321718
2015-06-02,20,0,candidate_risk_off,0,0.6208600124363568,0.37,1,0.039098639835625386,-0.004234725756272433
2015-06-23,20,0,candidate_risk_off,0,0.6016611671721355,0.37,1,0.03892429741409462,-0.019271633693554696
2016-03-28,20,0,candidate_risk_off,0,0.5836848398696464,0.37,1,0.03877167616967944,-0.035176930566514615
2016-06-30,20,0,candidate_risk_off,0,0.46968031737441707,0.37,1,0.038596383633067666,0.012636114571489882
2016-02-19,20,0,candidate_risk_off,0,0.48795320153195104,0.37,1,0.03857627495190514,0.00959231353599846
2016-09-14,20,0,candidate_risk_off,0,0.6532654403300341,0.37,1,0.038553341199909164,-0.008150203760240046
2016-09-07,20,0,candidate_risk_off,0,0.6794929058217348,0.37,1,0.03821516392699404,-0.015191631421366996
2016-04-28,20,0,candidate_risk_off,0,0.6845423788043647,0.37,1,0.037859881977736015,0.011260244685338932
2016-03-24,20,0,candidate_risk_off,0,0.5783055510181063,0.37,1,0.03752353144295346,-0.026349084894393766
2016-03-30,20,0,candidate_risk_off,0,0.5605931269795157,0.37,1,0.03747059340328599,-0.025033952797112007
2016-08-09,20,0,candidate_risk_off,0,0.5474272252645774,0.37,1,0.036874085623847176,0.017096560843470235
2015-09-11,20,0,candidate_risk_off,0,0.4382908160985781,0.37,1,0.03686031615769591,-0.009841115657749972
2017-01-10,20,0,candidate_risk_off,0,0.46909856045482545,0.37,1,0.0363183507707792,-0.004606302432455172
2017-01-05,20,0,candidate_risk_off,0,0.5104872412510126,0.37,1,0.03609650416821489,0.003146817001198219
2016-05-05,20,0,candidate_risk_off,0,0.6300058871465415,0.37,1,0.035697082599453575,0.003882662340939244
2016-12-06,20,0,candidate_risk_off,0,0.6219657498681567,0.37,1,0.03500610038044735,0.003126391414131006
2017-01-11,20,0,candidate_risk_off,0,0.5405073574422393,0.37,1,0.03490663462872006,-0.013508373309034732
2017-01-06,20,0,candidate_risk_off,0,0.5198185571124458,0.37,1,0.03466717005772683,-0.0027398488128055503
2016-09-19,20,0,candidate_risk_off,0,0.6611249165084047,0.37,1,0.034451137916934646,0.008295159806623155
2016-05-04,20,0,candidate_risk_off,0,0.6488911952476589,0.37,1,0.03411519336599918,0.004064707657034946
2015-07-02,20,0,candidate_risk_off,0,0.6111828091372103,0.37,1,0.033875685951259484,0.017559957969731185
2016-06-08,20,0,candidate_risk_off,0,0.5039371372036416,0.37,1,0.033808109708914846,-0.013824070300527236
2016-04-25,20,0,candidate_risk_off,0,0.6994263258274921,0.37,1,0.03375560415623419,0.00015212338926419485
2016-09-13,20,0,candidate_risk_off,0,0.6590720916972042,0.37,1,0.03374187523236726,-0.012829783237896348
2016-12-23,20,0,candidate_risk_off,0,0.6074773257719022,0.37,1,0.03371338580314665,-0.0028941398835818596
2017-01-09,20,0,candidate_risk_off,0,0.5372234899636524,0.37,1,0.033608498499085336,-0.006806297453131
2016-12-07,20,0,candidate_risk_off,0,0.6616677243644382,0.37,1,0.03352353278094833,0.001727578227998738
2016-03-25,20,0,candidate_risk_off,0,0.5416285223438968,0.37,1,0.03351808189894855,-0.0288343409121852
2015-05-06,20,0,candidate_risk_off,0,0.645430329477893,0.37,1,0.03330060653481208,-0.03775083091579098
2016-04-29,20,0,candidate_risk_off,0,0.685893080642254,0.37,1,0.03299088652070133,0.0011691610097175982
2016-12-22,20,0,candidate_risk_off,0,0.6406699387056868,0.37,1,0.03274853708805639,-0.002562944264380055
2017-01-13,20,0,candidate_risk_off,0,0.5920855053088959,0.37,1,0.032697526200416806,-0.010447637218002384
2016-12-14,20,0,candidate_risk_off,0,0.5769213448008828,0.37,1,0.032278521550140896,-0.004052461499956307
2017-01-12,20,0,candidate_risk_off,0,0.5596142926375632,0.37,1,0.03207299139376513,-0.013217277915019424
2016-08-01,20,0,candidate_risk_off,0,0.5054856667192869,0.37,1,0.031964597767959665,-0.03290858739396242
2016-05-10,20,0,candidate_risk_off,0,0.5912569774822064,0.37,1,0.031880393633776746,-0.001174145778562975
2016-12-12,20,0,candidate_risk_off,0,0.6005905503826457,0.37,1,0.031879904652839894,-0.0076691693337629496
2016-04-22,20,0,candidate_risk_off,0,0.6461829473775468,0.37,1,0.031794057466772774,-0.0015201935262133723
2015-05-05,20,0,candidate_risk_off,0,0.6497501717430668,0.37,1,0.03145518288269492,-0.04383098032418072
2016-09-08,20,0,candidate_risk_off,0,0.7070463692461697,0.37,1,0.03140520695620472,-0.022409050780284573
2016-12-08,20,0,candidate_risk_off,0,0.6622459138472395,0.37,1,0.03124203626724491,-0.0064405840997083215
2015-03-30,20,0,candidate_risk_off,0,0.6112368352785186,0.37,1,0.031078982735175356,-0.01158577667556872
2016-01-25,20,0,candidate_risk_off,0,0.4635297710604306,0.37,1,0.030899600955458222,-0.010938188403471315
2015-10-12,20,0,candidate_risk_off,0,0.5828271273483647,0.37,1,0.030864799938076396,-0.0035869015176105785
2016-05-12,20,0,candidate_risk_off,0,0.6345788283593774,0.37,1,0.030789480325415994,-0.012791388257337128
2016-05-13,20,0,candidate_risk_off,0,0.6031882703532717,0.37,1,0.030663502125434772,-0.010665363285278569
2016-12-20,20,0,candidate_risk_off,0,0.6215036639414249,0.37,1,0.030642693502261037,-0.0003169548214985459
2015-10-16,20,0,candidate_risk_off,0,0.6287867289721475,0.37,1,0.030310634848394878,-0.004698891393439938
2015-09-23,20,0,candidate_risk_off,0,0.5245780600602543,0.37,1,0.030132292760435987,-0.020337411977756018
2016-09-06,20,0,candidate_risk_off,0,0.6783670965428658,0.37,1,0.030118736818390678,-0.0191458163830584
2016-09-21,20,0,candidate_risk_off,0,0.5852510167259065,0.37,1,0.030075128230687528,0.004328817232408889
2015-09-22,20,0,candidate_risk_off,0,0.5043586444385443,0.37,1,0.029650262093273726,-0.021175166843843202
2017-03-13,20,0,candidate_risk_off,0,0.5489422053208962,0.37,1,0.029360416276830757,0.0005208663391756883
2016-06-03,20,0,candidate_risk_off,0,0.5038832511254182,0.37,1,0.0291896684432164,-0.004238079712071004
2016-12-09,20,0,candidate_risk_off,0,0.6243625226525829,0.37,1,0.028984520595911556,-0.012764548411367073
2016-02-29,20,0,candidate_risk_off,0,0.5519142767094228,0.37,1,0.028810280952785282,0.003907474662065588
2015-06-01,20,0,candidate_risk_off,0,0.4850986358187659,0.37,1,0.028748990810367442,-0.012389910700339034
2015-05-07,20,0,candidate_risk_off,0,0.6317648165864763,0.37,1,0.02854102477641558,-0.044427925070252096
2016-12-15,20,0,candidate_risk_off,0,0.6492309742941924,0.37,1,0.02833688246194288,-0.005224459891137373
2015-08-21,20,0,candidate_risk_off,0,0.5959783017390647,0.37,1,0.02804104250545182,-0.05424000468669373
2016-09-20,20,0,candidate_risk_off,0,0.6381292439275441,0.37,1,0.027726079022019134,0.007673574463545896
2017-01-24,20,0,candidate_risk_off,0,0.6481786680245478,0.37,1,0.027716355342872232,0.00852637957263191
2016-09-05,20,0,candidate_risk_off,0,0.6592354140326385,0.37,1,0.027457943466154395,-0.020124400525286464
2016-08-10,20,0,candidate_risk_off,0,0.576201250045114,0.37,1,0.026994944139294576,0.011318792047160589
2015-09-07,20,0,candidate_risk_off,0,0.3962692826937945,0.37,1,0.02679438116285616,0.011217549444434127
2016-05-09,20,0,candidate_risk_off,0,0.6198678083553664,0.37,1,0.026474297227396963,0.0008111307441141414
2016-05-24,20,0,candidate_risk_off,0,0.6562113076063215,0.37,1,0.02642899183612338,-0.011974221166576994
2015-05-28,20,0,candidate_risk_off,0,0.5112850886305352,0.37,1,0.025876581628115743,-0.00888801243978605
2015-08-27,20,0,candidate_risk_off,0,0.47140605825312754,0.37,1,0.025876296141725513,-0.0027204528042719524
2015-03-27,20,0,candidate_risk_off,0,0.6282316544301969,0.37,1,0.02569086595108084,-0.022948188155591447
2015-09-10,20,0,candidate_risk_off,0,0.4068010834740772,0.37,1,0.0253886010104197,-0.019201832404471576
2015-09-08,20,0,candidate_risk_off,0,0.3710454594177104,0.37,1,0.025384417143603167,-0.009805825484295089
2016-09-09,20,0,candidate_risk_off,0,0.6859410209618487,0.37,1,0.025274695850560747,-0.02362440034283753
2015-04-01,20,0,candidate_risk_off,0,0.6344570397812611,0.37,1,0.025176308671253436,0.0075054887031787455
2016-05-06,20,0,candidate_risk_off,0,0.6220140768874385,0.37,1,0.025009444148801525,-0.0044118812113541446
2016-05-23,20,0,candidate_risk_off,0,0.6428385444889579,0.37,1,0.024938867727502492,-0.011009104337073247
2017-03-10,20,0,candidate_risk_off,0,0.5363283552889516,0.37,1,0.024493624347316948,-0.002868433750115937
2015-10-20,20,0,candidate_risk_off,0,0.6610543541868167,0.37,1,0.024426141196770747,-0.0003557241989252211
2016-09-01,20,0,candidate_risk_off,0,0.5788138275071308,0.37,1,0.024415938459514803,-0.027082306443182765
2015-10-19,20,0,candidate_risk_off,0,0.6271428811401818,0.37,1,0.024257307405232898,-0.007376494603137416
2015-10-13,20,0,candidate_risk_off,0,0.5804178415502269,0.37,1,0.024129386296434248,-0.0014566151522792496
2016-04-27,20,0,candidate_risk_off,0,0.6758807009074035,0.37,1,0.0235438096266978,-0.0038629299995073365
2016-07-29,20,0,candidate_risk_off,0,0.6489406876031989,0.37,1,0.023516591532660832,-0.03882890362288271
2016-05-25,20,0,candidate_risk_off,0,0.6451724039934287,0.37,1,0.023452580993944917,-0.012415574329824956
2016-08-25,20,0,candidate_risk_off,0,0.5827364224404606,0.37,1,0.023399111971749948,-0.010978801841280507
2017-02-06,20,0,candidate_risk_off,0,0.6187093053786793,0.37,1,0.022947636623977925,0.0008709993482701697
2017-03-02,20,0,candidate_risk_off,0,0.6074468790952972,0.37,1,0.022846239828426325,0.0037526143015837203
2016-08-29,20,0,candidate_risk_off,0,0.640264480656728,0.37,1,0.022816699429188993,-0.02745582265439354
2016-12-21,20,0,candidate_risk_off,0,0.610459840165128,0.37,1,0.022784013176577012,-0.006755003532807188
2015-10-14,20,0,candidate_risk_off,0,0.6055686698850952,0.37,1,0.02270711130681889,0.00044059582824557266
2016-05-11,20,0,candidate_risk_off,0,0.5609769728767389,0.37,1,0.022240495427422388,-0.015955689777075316
2016-09-22,20,0,candidate_risk_off,0,0.6038109776674201,0.37,1,0.02211068370244841,0.004028337554475694
2015-10-15,20,0,candidate_risk_off,0,0.599453066007658,0.37,1,0.022004594085179602,-0.00365284854527818
2015-10-21,20,0,candidate_risk_off,0,0.6346444250976885,0.37,1,0.021951651406105353,0.00816661644067734
2016-09-12,20,0,candidate_risk_off,0,0.664437808346712,0.37,1,0.02163583777091116,-0.012890413183044788
2017-02-09,20,0,candidate_risk_off,0,0.5881489722303421,0.37,1,0.021392322715698735,0.00445733170351569
2015-05-29,20,0,candidate_risk_off,0,0.5176159617234638,0.37,1,0.021176669269607335,-0.002918786029406957
2015-04-06,20,0,candidate_risk_off,0,0.6417184832108315,0.37,1,0.021030771104020286,0.0038785030927302212
2016-08-30,20,0,candidate_risk_off,0,0.6272523397665775,0.37,1,0.020671772367725036,-0.03226914829249882
2017-02-07,20,0,candidate_risk_off,0,0.6167983310812726,0.37,1,0.020628881967831886,-0.0017967150623993057
2016-05-27,20,0,candidate_risk_off,0,0.5890321051252977,0.37,1,0.02060485630450435,0.010453142351530885
2017-02-08,20,0,candidate_risk_off,0,0.5833201634619445,0.37,1,0.02052742241136404,-0.0019819068432626367
2016-08-31,20,0,candidate_risk_off,0,0.6545038288244777,0.37,1,0.020423544736871926,-0.03517867309420773
2016-02-22,20,0,candidate_risk_off,0,0.5272471466209839,0.37,1,0.0204070701617844,-0.0023926873781986518
2016-01-15,20,0,candidate_risk_off,0,0.6482648785449003,0.37,1,0.020035854859824842,-0.03974530564831408
2016-07-22,20,0,candidate_risk_off,0,0.6908797122815284,0.37,1,0.018916084352394513,-0.03520398605248904
2016-07-01,20,0,candidate_risk_off,0,0.43210599962157803,0.37,1,0.018460443932653135,0.011892149527180906
2016-12-05,20,0,candidate_risk_off,0,0.6240020212692304,0.37,1,0.017715255135256774,-0.013295918976620911
2017-01-25,20,0,candidate_risk_off,0,0.6646390831908356,0.37,1,0.017401633311941972,0.003950424511701516
2017-02-03,20,0,candidate_risk_off,0,0.646913307732885,0.37,1,0.017368108929148102,-0.000442733817099136
2016-02-23,20,0,candidate_risk_off,0,0.5645654949476332,0.37,1,0.017011689275530314,-0.003408739302078796
2017-03-09,20,0,candidate_risk_off,0,0.5105780590764881,0.37,1,0.01683156618740959,-0.00789642033721859
2015-09-03,20,0,candidate_risk_off,0,0.43524346273349357,0.37,1,0.01653225945046751,0.0011359232399807786
2016-06-01,20,0,candidate_risk_off,0,0.47475299151461564,0.37,1,0.01641663134835921,-0.0009845777199401125
2016-07-26,20,0,candidate_risk_off,0,0.6783468698698584,0.37,1,0.016165521211170892,-0.03323241909683166
2016-08-24,20,0,candidate_risk_off,0,0.5856368431363437,0.37,1,0.015929473940169355,-0.014420102318385322
2016-09-23,20,0,candidate_risk_off,0,0.5993055310235672,0.37,1,0.015806999124101138,0.0001483371409253075
2017-03-01,20,0,candidate_risk_off,0,0.5542249495875173,0.37,1,0.015315091752943231,-0.002836921375073747
2016-12-19,20,0,candidate_risk_off,0,0.6394648290572726,0.37,1,0.015275785623148458,-0.017774522019554068
2016-06-02,20,0,candidate_risk_off,0,0.5166801676078804,0.37,1,0.014160458973368237,-0.006631174610429494
2016-10-26,20,0,candidate_risk_off,0,0.6981274948545851,0.37,1,0.014077784327368016,-0.010266142061864297
2016-08-23,20,0,candidate_risk_off,0,0.5878392505593659,0.37,1,0.014040181225671727,-0.011980577800474056
2016-02-25,20,0,candidate_risk_off,0,0.5892912825881431,0.37,1,0.0138337245108244,-0.0061487107698399955
2016-08-26,20,0,candidate_risk_off,0,0.5804620089869011,0.37,1,0.013816503371780139,-0.024928132648015074
2017-03-03,20,0,candidate_risk_off,0,0.572682530361222,0.37,1,0.013506090609643098,-0.003443941019497239
2016-07-25,20,0,candidate_risk_off,0,0.7072250454140746,0.37,1,0.012823631329436999,-0.034326502679914245
2016-05-16,20,0,candidate_risk_off,0,0.5943037714652163,0.37,1,0.012587307942707477,-0.0187528034201796
2017-02-10,20,0,candidate_risk_off,0,0.5694060587840248,0.37,1,0.011907004425080163,0.0030077770816839696
2016-03-01,20,0,candidate_risk_off,0,0.5046649474321414,0.37,1,0.01189562990012599,0.01189562990012599
2017-02-14,20,0,candidate_risk_off,0,0.5366324738835435,0.37,1,0.011893424360310446,0.0017683220406789384
2017-02-28,20,0,candidate_risk_off,0,0.6474694866757811,0.37,1,0.01184587818007864,-0.004625263833372073
2016-02-24,20,0,candidate_risk_off,0,0.5440906734981641,0.37,1,0.01167372696830717,-0.015380688335127457
2015-10-22,20,0,candidate_risk_off,0,0.629915122631956,0.37,1,0.011395468264682152,0.0019474202843956288
2015-12-07,20,0,candidate_risk_off,0,0.6384336927602747,0.37,1,0.011150826574842438,-0.00458806132664873
2016-05-30,20,0,candidate_risk_off,0,0.562784722908914,0.37,1,0.010956841045513985,0.006391249228304393
2017-02-24,20,0,candidate_risk_off,0,0.6171893838046864,0.37,1,0.010678016828050167,-0.009789245391524443
2017-03-07,20,0,candidate_risk_off,0,0.579551436981873,0.37,1,0.01055067121140365,-0.00892969465175116
2016-02-26,20,0,candidate_risk_off,0,0.5463915253124768,0.37,1,0.010490436129998696,-0.011977255168457226
2015-12-01,20,0,candidate_risk_off,0,0.5492315007127292,0.37,1,0.010255605715286508,-0.01656319627455752
2016-03-15,20,0,candidate_risk_off,0,0.5304139027757407,0.37,1,0.010053123111828932,-0.03225457947477571
2016-08-11,20,0,candidate_risk_off,0,0.611010243224385,0.37,1,0.010006714400463941,-0.0068847872542230435
2015-09-04,20,0,candidate_risk_off,0,0.4146286233613009,0.37,1,0.009829230611984445,-0.0033820889633103977
2016-04-26,20,0,candidate_risk_off,0,0.6958402452410845,0.37,1,0.009743845901349,-0.011444060535795957
2016-05-19,20,0,candidate_risk_off,0,0.6594978202521053,0.37,1,0.009499311974701075,-0.024291368810019084
2015-04-03,20,0,candidate_risk_off,0,0.6884309542394911,0.37,1,0.00932030765163346,-0.008947457062512586
2017-03-08,20,0,candidate_risk_off,0,0.5726386246737288,0.37,1,0.009195658691981114,-0.00901342687614678
2015-03-26,20,0,candidate_risk_off,0,0.6479321557417116,0.37,1,0.009110416419491688,-0.031507441551261464
2015-12-02,20,0,candidate_risk_off,0,0.6013185119418771,0.37,1,0.008718541711046836,-0.023568631840698333
2016-08-22,20,0,candidate_risk_off,0,0.6060582823560738,0.37,1,0.008614413060777171,-0.009732771501822725
2016-11-29,20,0,candidate_risk_off,0,0.6788206371266535,0.37,1,0.00847129381489655,-0.01033794280452209
2017-03-06,20,0,candidate_risk_off,0,0.6000770130582388,0.37,1,0.008466203334789058,-0.008580734897227698
2017-02-27,20,0,candidate_risk_off,0,0.6349191256572412,0.37,1,0.008438868645864604,-0.013937556750617301
2016-10-25,20,0,candidate_risk_off,0,0.6639759755553952,0.37,1,0.008438371537790909,-0.014074146426406918
2015-12-03,20,0,candidate_risk_off,0,0.6215779375699572,0.37,1,0.008063091515909364,-0.023498993957661904
2017-02-16,20,0,candidate_risk_off,0,0.5939304381522987,0.37,1,0.00782159056418316,-0.002597294064871382
2015-07-03,20,0,candidate_risk_off,0,0.654107102919596,0.37,1,0.007482923667081152,0.0002919613334176135
2016-05-18,20,0,candidate_risk_off,0,0.6242499443284926,0.37,1,0.007315134223032358,-0.029526350362296592
2016-05-20,20,0,candidate_risk_off,0,0.6756439344819716,0.37,1,0.00719579138512961,-0.017176323518840825
2016-07-27,20,0,candidate_risk_off,0,0.6876468624041796,0.37,1,0.007077363846732779,-0.044760100979181074
2016-03-18,20,0,candidate_risk_off,0,0.4932688299826782,0.37,1,0.006991583235854256,-0.03535061102963611
2015-04-07,20,0,candidate_risk_off,0,0.6115838798135529,0.37,1,0.006474044689404713,-0.005543423849846513
2017-02-20,20,0,candidate_risk_off,0,0.5705507686760004,0.37,1,0.006284829126597479,-0.004343847180091703
2016-08-12,20,0,candidate_risk_off,0,0.6397171202421098,0.37,1,0.006157514494894267,0.0029998728136720358
2017-02-02,20,0,candidate_risk_off,0,0.6610116653881216,0.37,1,0.006138859137314489,-0.00447542828785196
2016-05-31,20,0,candidate_risk_off,0,0.5867155324236141,0.37,1,0.006061406229142826,0.001308890135074991
2017-02-13,20,0,candidate_risk_off,0,0.5471535324305304,0.37,1,0.006030793593280332,0.0005098572510177354
2015-12-04,20,0,candidate_risk_off,0,0.6082889218156878,0.37,1,0.004868992106480332,-0.018682230718088097
2015-10-23,20,0,candidate_risk_off,0,0.6366904813810526,0.37,1,0.004510039148567791,-0.009182187754733553
2015-04-02,20,0,candidate_risk_off,0,0.6876354096289057,0.37,1,0.004470198567339841,-0.007120471992344992
2016-12-16,20,0,candidate_risk_off,0,0.5785980485890705,0.37,1,0.004109088628482939,-0.019004616506594813
2017-02-17,20,0,candidate_risk_off,0,0.5756744267350747,0.37,1,0.0038212924662531958,-0.00045218817450604364
2017-02-23,20,0,candidate_risk_off,0,0.5643777318686065,0.37,1,0.0037454009518258246,-0.01314274944953645
2015-12-14,20,0,candidate_risk_off,0,0.5947104172117479,0.37,1,0.0036219058129638255,-0.007767272040264089
2016-11-18,20,0,candidate_risk_off,0,0.5938893076415108,0.37,1,0.0028329681290185987,-0.032854684438775844
2015-03-25,20,0,candidate_risk_off,0,0.6447814914106352,0.37,1,0.0028127911445550665,-0.04004753946806405
2015-10-26,20,0,candidate_risk_off,0,0.6751361745248676,0.37,1,0.002302687485019895,-0.003967030352130916
2016-03-14,20,0,candidate_risk_off,0,0.5106875989860413,0.37,1,0.0022294241249696677,-0.039094765169631916
2017-02-15,20,0,candidate_risk_off,0,0.5462882790115416,0.37,1,0.002203958188703452,-0.005722032693841621
2016-07-28,20,0,candidate_risk_off,0,0.6513472535694164,0.37,1,0.002067435597001485,-0.04632872875180752
2016-10-27,20,0,candidate_risk_off,0,0.7061196145283046,0.37,1,0.0018891879161328378,-0.015138385152803406
2016-03-23,20,0,candidate_risk_off,0,0.4981080532239256,0.37,1,0.0017732350531462944,-0.03342106491716401
2016-03-16,20,0,candidate_risk_off,0,0.4932871080737365,0.37,1,0.0016448938423831738,-0.037519075479525314
2016-07-21,20,0,candidate_risk_off,0,0.6768953234287877,0.37,1,0.0016360913194944312,-0.05001975070620478
2016-09-26,20,0,candidate_risk_off,0,0.5866032696767284,0.37,1,0.0014464306685457726,-0.004218385065839476
2016-05-17,20,0,candidate_risk_off,0,0.5651532345406576,0.37,1,0.001087843457837249,-0.033214616249563386
2015-12-08,20,0,candidate_risk_off,0,0.6029405863046899,0.37,1,0.0007312487267835177,-0.023098481993543286
2016-07-04,20,0,candidate_risk_off,0,0.5507824286280271,0.37,1,0.000647978176551823,0.000647978176551823
2016-03-17,20,0,candidate_risk_off,0,0.49446777234008205,0.37,1,0.0003969795089890229,-0.04130692603857849
2016-08-15,20,0,candidate_risk_off,0,0.6121770381428766,0.37,1,0.0003790204640618048,-0.002717991272011808
2016-07-20,20,0,candidate_risk_off,0,0.6596706316475057,0.37,1,0.0003785670525311082,-0.05106534000613313
2015-12-09,20,0,candidate_risk_off,0,0.6625767747528781,0.37,1,0.00028304557222635435,-0.007387446581717515
2016-11-21,20,0,candidate_risk_off,0,0.574117783329542,0.37,1,5.931989739416862e-05,-0.034398238183359846
2016-10-10,20,0,candidate_risk_off,0,0.6362341926030054,0.37,1,-7.416581997437276e-05,-0.011126803934252557
2016-12-02,20,0,candidate_risk_off,0,0.5810308756685666,0.37,1,-0.0004060119904497447,-0.020735497561156155
2016-03-02,20,0,candidate_risk_off,0,0.5017079878462283,0.37,1,-0.00047364682621138385,-0.003337845447402469
2017-02-21,20,0,candidate_risk_off,0,0.5781840526118988,0.37,1,-0.0005164964902324806,-0.012696264810957385
2015-08-20,20,0,candidate_risk_off,0,0.5904558536855714,0.37,1,-0.0007767402018147466,-0.0727447046045047
2015-10-28,20,0,candidate_risk_off,0,0.606272209592533,0.37,1,-0.0009060859387966224,-0.004050187458675178
2016-01-14,20,0,candidate_risk_off,0,0.6554830276616332,0.37,1,-0.0009769159182039105,-0.057974573201254334
2016-11-03,20,0,candidate_risk_off,0,0.6453496756761161,0.37,1,-0.0016339750444300672,-0.014134137808661426
2015-12-10,20,0,candidate_risk_off,0,0.640615093930564,0.37,1,-0.0017661387709064838,-0.0017661387709064838
2016-08-16,20,0,candidate_risk_off,0,0.6090120214088468,0.37,1,-0.0022361675034105856,-0.0022361675034105856
2016-11-30,20,0,candidate_risk_off,0,0.6585267712826971,0.37,1,-0.002363444501709313,-0.02063025102103909
2016-11-04,20,0,candidate_risk_off,0,0.6619065942204332,0.37,1,-0.002387621547669949,-0.012785176304303921
2016-12-01,20,0,candidate_risk_off,0,0.5782886319923423,0.37,1,-0.002734253464960048,-0.0228381055687535
2016-11-28,20,0,candidate_risk_off,0,0.6288776910267941,0.37,1,-0.004277952507578791,-0.020960988568778583
2016-03-22,20,0,candidate_risk_off,0,0.49449791989860076,0.37,1,-0.005057344791497483,-0.02678707819133847
2016-09-30,20,0,candidate_risk_off,0,0.48537035204236956,0.37,1,-0.005087804656304995,-0.017832655821130118
2016-10-24,20,0,candidate_risk_off,0,0.6740674703478505,0.37,1,-0.005516500594104098,-0.016791619668637844
2015-11-30,20,0,candidate_risk_off,0,0.6070076275102327,0.37,1,-0.005773789113063036,-0.02144249172536197
2017-02-22,20,0,candidate_risk_off,0,0.6009099965107706,0.37,1,-0.006013247223451746,-0.013658748931040016
2015-04-08,20,0,candidate_risk_off,0,0.6436087943872714,0.37,1,-0.0060615680089907914,-0.0060615680089907914
2015-08-31,20,0,candidate_risk_off,0,0.40157429198347844,0.37,1,-0.006323626237938984,-0.018677098922353728
2016-08-17,20,0,candidate_risk_off,0,0.5401795530491285,0.37,1,-0.006577122343317561,-0.006577122343317561
2016-08-19,20,0,candidate_risk_off,0,0.5619639485708533,0.37,1,-0.006650683141378242,-0.01670270789735502
2016-03-09,20,0,candidate_risk_off,0,0.5617776099492404,0.37,1,-0.006880237759767091,-0.028187368980439022
2016-03-21,20,0,candidate_risk_off,0,0.5320325189233341,0.37,1,-0.006996652977791577,-0.029166407153712506
2016-03-10,20,0,candidate_risk_off,0,0.5095404974558295,0.37,1,-0.0075119524318758525,-0.03550689765963284
2015-10-27,20,0,candidate_risk_off,0,0.6187953251213583,0.37,1,-0.007733186231268349,-0.007733186231268349
2016-03-11,20,0,candidate_risk_off,0,0.5312959775773356,0.37,1,-0.00855955121605651,-0.03784827077327286
2016-10-11,20,0,candidate_risk_off,0,0.5854231456326252,0.37,1,-0.008684059813602974,-0.023172211450560302
2015-03-24,20,0,candidate_risk_off,0,0.6332097023628311,0.37,1,-0.009188588731211764,-0.0515688126442331
2016-10-28,20,0,candidate_risk_off,0,0.6890386278691785,0.37,1,-0.009395409731286752,-0.02301099322668938
2016-11-02,20,0,candidate_risk_off,0,0.6642074458134741,0.37,1,-0.00947278627196297,-0.019765094488480045
2016-07-14,20,0,candidate_risk_off,0,0.6743213228511533,0.37,1,-0.00972176497705829,-0.06075681342696034
2015-12-11,20,0,candidate_risk_off,0,0.633470531295695,0.37,1,-0.00991714183290923,-0.00991714183290923
2016-10-13,20,0,candidate_risk_off,0,0.6181271967323332,0.37,1,-0.010356554354514066,-0.02736938196689384
2015-08-28,20,0,candidate_risk_off,0,0.41592303801425745,0.37,1,-0.010548193773933724,-0.02945545655626623
2016-10-03,20,0,candidate_risk_off,0,0.5590450428770276,0.37,1,-0.010670889053306615,-0.013916754909873296
2015-03-31,20,0,candidate_risk_off,0,0.6469798126356032,0.37,1,-0.011038143107335297,-0.02242213490324443
2016-10-04,20,0,candidate_risk_off,0,0.5883319566777496,0.37,1,-0.011170016196896213,-0.015598964119881532
2016-10-14,20,0,candidate_risk_off,0,0.6265224960841456,0.37,1,-0.011418657225211671,-0.02994912586059085
2016-10-18,20,0,candidate_risk_off,0,0.6121998415393717,0.37,1,-0.01144318972278691,-0.022673816564915655
2016-10-17,20,0,candidate_risk_off,0,0.6087934905798305,0.37,1,-0.011669260924864422,-0.02110371565320797
2016-09-27,20,0,candidate_risk_off,0,0.561035418101891,0.37,1,-0.012798928637472284,-0.01574627112962675
2016-11-17,20,0,candidate_risk_off,0,0.5532589613100667,0.37,1,-0.012905907635915521,-0.03481340358825263
2016-07-15,20,0,candidate_risk_off,0,0.6584065506667268,0.37,1,-0.013406549500610253,-0.057556810696289325
2015-12-15,20,0,candidate_risk_off,0,0.5697382493636981,0.37,1,-0.013524138881829947,-0.017995458393104947
2015-04-09,20,0,candidate_risk_off,0,0.6480955728059321,0.37,1,-0.014085512845626388,-0.014085512845626388
2016-11-16,20,0,candidate_risk_off,0,0.5877661521098319,0.37,1,-0.014122377813461312,-0.03485787537461748
2016-08-18,20,0,candidate_risk_off,0,0.5495824283132598,0.37,1,-0.014238479518170689,-0.014238479518170689
2016-07-19,20,0,candidate_risk_off,0,0.6512483554855681,0.37,1,-0.014556736936775406,-0.0623604707079545
2016-03-03,20,0,candidate_risk_off,0,0.5214719596501879,0.37,1,-0.016207351877568433,-0.016207351877568433
2015-04-10,20,0,candidate_risk_off,0,0.6447267838632678,0.37,1,-0.018839605418816876,-0.020441063639980883
2017-12-25,20,1,multiclass_probability_sum,0,0.4756617475134485,0.47,1,0.14204008150479525,0.007920051377935255
2017-11-06,20,1,multiclass_probability_sum,0,0.5279902425010724,0.47,1,0.1331515020814369,0.0014593216745251917
2017-12-22,20,1,multiclass_probability_sum,0,0.4831164490017734,0.47,1,0.13266208427392442,0.006270203676223206
2017-11-02,20,1,multiclass_probability_sum,0,0.5616878980308573,0.47,1,0.1312466181213637,0.012690858654217072
2017-11-03,20,1,multiclass_probability_sum,0,0.5371019339247376,0.47,1,0.1294444371912882,0.006332649558034385
2017-12-15,20,1,multiclass_probability_sum,0,0.5467579412572828,0.47,1,0.12857478785423704,0.01158835434427728
2017-12-13,20,1,multiclass_probability_sum,0,0.5344734508235371,0.47,1,0.12565618706599366,0.011572759243244145
2017-11-01,20,1,multiclass_probability_sum,0,0.49077417392289147,0.47,1,0.1220891934757057,-0.011481209779218507
2017-12-29,20,1,multiclass_probability_sum,0,0.5058323014438277,0.47,1,0.1205697962970256,0.011646537470923812
2017-12-11,20,1,multiclass_probability_sum,0,0.5595958791839859,0.47,1,0.11916635005811989,0.00754679586926295
2017-10-26,20,1,multiclass_probability_sum,0,0.5082927455254839,0.47,1,0.11759696536009517,0.0035834574180967
2017-10-31,20,1,multiclass_probability_sum,0,0.5645282582511355,0.47,1,0.11700773890724928,-0.005016863076016063
2017-10-25,20,1,multiclass_probability_sum,0,0.47616208983756814,0.47,1,0.11578403783657823,-0.0006984586025760792
2017-12-21,20,1,multiclass_probability_sum,0,0.5030958774864399,0.47,1,0.11566912101294423,0.006595120776870579
2017-12-14,20,1,multiclass_probability_sum,0,0.51877989021704,0.47,1,0.11519499234428067,-0.0007375695814352092
2017-11-07,20,1,multiclass_probability_sum,0,0.5350744553995089,0.47,1,0.1143051400648742,0.01095898174574021
2017-12-12,20,1,multiclass_probability_sum,0,0.5103165848950865,0.47,1,0.11293381476643753,-0.0030783379694745215
2017-10-27,20,1,multiclass_probability_sum,0,0.502455270602431,0.47,1,0.10731369816421926,-0.008700591498794185
2017-10-24,20,1,multiclass_probability_sum,0,0.47598135760236265,0.47,1,0.10684988149973147,0.005883969010039807
2017-10-30,20,1,multiclass_probability_sum,0,0.5029888416867662,0.47,1,0.10482677172743919,-0.014431606194020018
2017-12-18,20,1,multiclass_probability_sum,0,0.4820308616238219,0.47,1,0.10390234179323155,-0.012604414502073672
2018-01-02,20,1,multiclass_probability_sum,0,0.4751651482044594,0.47,1,0.09924910655462262,0.00989295781349941
2017-11-08,20,1,multiclass_probability_sum,0,0.540407277171882,0.47,1,0.0973911921170914,0.0008139062131764306
2017-10-23,20,1,multiclass_probability_sum,0,0.5241503462053219,0.47,1,0.09697832928779866,0.006321133563370733
2017-12-20,20,1,multiclass_probability_sum,0,0.5035658009785458,0.47,1,0.09663359738703338,-0.007843920674710807
2018-01-03,20,1,multiclass_probability_sum,0,0.4847857219030738,0.47,1,0.09422754735536777,0.006916671119652445
2019-01-18,20,1,multiclass_probability_sum,0,0.5674041860869057,0.47,1,0.0916562674702916,0.00469912687136281
2019-01-17,20,1,multiclass_probability_sum,0,0.5658842671395405,0.47,1,0.0907548189324703,0.0004544975939980683
2019-01-31,20,1,multiclass_probability_sum,0,0.5201788037644408,0.47,1,0.08760875704310059,-0.002176638284336294
2019-01-21,20,1,multiclass_probability_sum,0,0.5065506121824506,0.47,1,0.08757192819163838,-0.004951594624069967
2017-11-09,20,1,multiclass_probability_sum,0,0.5128998964997917,0.47,1,0.08704527537679613,0.009036223488976682
2019-01-23,20,1,multiclass_probability_sum,0,0.560856650836743,0.47,1,0.086535036377818,0.0005393951199936799
2019-01-28,20,1,multiclass_probability_sum,0,0.47888848719743815,0.47,1,0.08588980722299562,-0.0038553470605831577
2019-01-22,20,1,multiclass_probability_sum,0,0.5575710838084271,0.47,1,0.08508464198756634,0.0017964109684048546
2017-12-08,20,1,multiclass_probability_sum,0,0.5480832592226322,0.47,1,0.08434693591750393,-0.02445199101449514
2017-12-19,20,1,multiclass_probability_sum,0,0.5058390475440878,0.47,1,0.0839015384975781,-0.005649613441783947
2019-02-01,20,1,multiclass_probability_sum,0,0.48752318773719644,0.47,1,0.08091342411489673,0.01900022821600692
2017-11-10,20,1,multiclass_probability_sum,0,0.5284507118773871,0.47,1,0.07961645266290615,0.012738005198996446
2018-07-11,20,1,multiclass_probability_sum,0,0.48693343911912224,0.47,1,0.07867756210457225,0.005972099662405361
2017-12-07,20,1,multiclass_probability_sum,0,0.5542368343578412,0.47,1,0.07588326338561806,-0.022844590239408505
2019-01-25,20,1,multiclass_probability_sum,0,0.5043067028481849,0.47,1,0.07496187709222937,-0.0002310803014327476
2017-10-20,20,1,multiclass_probability_sum,0,0.48316094240630225,0.47,1,0.07438523731903064,-0.008258086374660925
2017-12-06,20,1,multiclass_probability_sum,0,0.521922403332014,0.47,1,0.073338094900178,-0.03237660076652726
2018-07-12,20,1,multiclass_probability_sum,0,0.48303578104874223,0.47,1,0.0698346520321962,0.012399024033988104
2018-11-15,20,1,multiclass_probability_sum,0,0.5680791487917078,0.47,1,0.06797059506733841,0.0011585550551187845
2018-09-06,20,1,multiclass_probability_sum,0,0.5255361456158939,0.47,1,0.06605455481717076,0.011115319231001118
2019-01-16,20,1,multiclass_probability_sum,0,0.545457456252787,0.47,1,0.06587882424667316,-0.007522445294844456
2019-02-12,20,1,multiclass_probability_sum,0,0.4750926825242422,0.47,1,0.06581498494699882,0.008190019170006169
2018-11-14,20,1,multiclass_probability_sum,0,0.5772094868537616,0.47,1,0.06483816655939996,-0.004204490977584781
2019-01-14,20,1,multiclass_probability_sum,0,0.5325766489505568,0.47,1,0.06389376908478661,9.979541947313105e-05
2018-01-17,20,1,multiclass_probability_sum,0,0.4891558724757677,0.47,1,0.06379587333148774,-0.03016960641736702
2019-02-13,20,1,multiclass_probability_sum,0,0.47407763468524333,0.47,1,0.061701254728002454,0.005948945366130347
2019-02-11,20,1,multiclass_probability_sum,0,0.48625728273680935,0.47,1,0.061253247147876826,0.012277203424812862
2019-01-24,20,1,multiclass_probability_sum,0,0.5135890215848633,0.47,1,0.06050098501717585,-0.00013205242500450264
2017-11-20,20,1,multiclass_probability_sum,0,0.5389929648848235,0.47,1,0.05857895764564794,0.015266633686789648
2018-07-05,20,1,multiclass_probability_sum,0,0.4991252825884407,0.47,1,0.05846398771392039,-0.006962138176787398
2019-01-10,20,1,multiclass_probability_sum,0,0.5131855175343921,0.47,1,0.05841802565301778,0.003888677751822909
2019-01-15,20,1,multiclass_probability_sum,0,0.490760247851838,0.47,1,0.05836140993933816,-0.0086003279100105
2018-11-16,20,1,multiclass_probability_sum,0,0.5682785328820953,0.47,1,0.0582254235016123,0.019700237498567513
2019-02-14,20,1,multiclass_probability_sum,0,0.4920198670127267,0.47,1,0.057237747437769,-0.0015237257510060576
2017-08-22,20,1,multiclass_probability_sum,0,0.5597259303038079,0.47,1,0.0569350749222141,0.006181104512328893
2019-01-08,20,1,multiclass_probability_sum,0,0.5604930437037334,0.47,1,0.05491851017063191,0.010703800294231512
2019-02-15,20,1,multiclass_probability_sum,0,0.501548047902728,0.47,1,0.054468426884677824,0.010888146934597942
2018-07-03,20,1,multiclass_probability_sum,0,0.4807208673062743,0.47,1,0.05411543614364413,-0.01428460734984051
2017-12-05,20,1,multiclass_probability_sum,0,0.5436773402035328,0.47,1,0.05347961553680419,-0.038331566968569715
2018-11-13,20,1,multiclass_probability_sum,0,0.549898821328491,0.47,1,0.052916708094815156,-0.009131672915084306
2018-01-19,20,1,multiclass_probability_sum,0,0.4776641546912863,0.47,1,0.05276057636206231,-0.056287575490949183
2019-01-09,20,1,multiclass_probability_sum,0,0.53648836332392,0.47,1,0.05240472904640646,0.0014593745105250825
2018-09-05,20,1,multiclass_probability_sum,0,0.5165250017684386,0.47,1,0.05226345681102483,-0.010640441296674111
2017-10-02,20,1,multiclass_probability_sum,0,0.4841287284201241,0.47,1,0.05217793594738935,-0.00528675234470351
2019-01-11,20,1,multiclass_probability_sum,0,0.5135511594397156,0.47,1,0.05199703801694382,-0.00100858413324493
2017-11-14,20,1,multiclass_probability_sum,0,0.5325275429475516,0.47,1,0.05127910425395015,0.0019166544946218964
2019-02-18,20,1,multiclass_probability_sum,0,0.48396883768128557,0.47,1,0.051258965284842334,0.0031677641840349323
2017-06-02,20,1,multiclass_probability_sum,0,0.4970100293405403,0.47,1,0.04971722324580763,0.006314532214239113
2017-08-18,20,1,multiclass_probability_sum,0,0.5702522705618029,0.47,1,0.04934919744647005,-0.010077001814331825
2018-07-10,20,1,multiclass_probability_sum,0,0.48751858619035165,0.47,1,0.04890931967063742,-0.019908875806276073
2017-11-17,20,1,multiclass_probability_sum,0,0.5538337410510932,0.47,1,0.048721194393403985,0.014335005594107077
2017-08-17,20,1,multiclass_probability_sum,0,0.58513042261542,0.47,1,0.048604656073705274,-0.00828078120330861
2017-10-09,20,1,multiclass_probability_sum,0,0.47853293576611866,0.47,1,0.04841571568174974,0.0020869229176949076
2017-08-23,20,1,multiclass_probability_sum,0,0.5545279762111496,0.47,1,0.04835614097284656,0.004935709189755941
2018-07-09,20,1,multiclass_probability_sum,0,0.4783121552146643,0.47,1,0.048117634882293626,-0.0242894680575984
2017-10-03,20,1,multiclass_probability_sum,0,0.48901319932115844,0.47,1,0.048049945174088816,0.009019353445915153
2017-08-24,20,1,multiclass_probability_sum,0,0.5418988375286572,0.47,1,0.04739297682585266,0.002413391595680737
2017-04-25,20,1,multiclass_probability_sum,0,0.4717686457814332,0.47,1,0.04737724468021973,0.0034706091466691637
2018-11-09,20,1,multiclass_probability_sum,0,0.5271951986876755,0.47,1,0.047315647009830215,-0.018924735622787892
2017-08-21,20,1,multiclass_probability_sum,0,0.5666143342019556,0.47,1,0.04717903981242315,-0.009842895060583362
2017-11-16,20,1,multiclass_probability_sum,0,0.5403650130804318,0.47,1,0.04709261559785866,-0.00236614837698056
2017-06-05,20,1,multiclass_probability_sum,0,0.5147937843758188,0.47,1,0.04650167444847444,0.008344487580150882
2017-11-15,20,1,multiclass_probability_sum,0,0.5399080023172227,0.47,1,0.046284111789853755,0.009135676639694001
2017-04-24,20,1,multiclass_probability_sum,0,0.49169006632633305,0.47,1,0.045940604951117285,-0.002554748490722803
2017-10-04,20,1,multiclass_probability_sum,0,0.4954340082792771,0.47,1,0.044961072046690656,-0.0005338663846853598
2018-07-06,20,1,multiclass_probability_sum,0,0.4849232742898676,0.47,1,0.04485305191364855,-0.026897742892071363
2017-09-29,20,1,multiclass_probability_sum,0,0.48135317457291993,0.47,1,0.04372075020515102,-0.008012923391715962
2017-10-06,20,1,multiclass_probability_sum,0,0.48720443799098445,0.47,1,0.04351803507278628,0.0014349689490708367
2017-04-20,20,1,multiclass_probability_sum,0,0.48617082037174125,0.47,1,0.04317098606703919,-0.007153751006242704
2017-08-25,20,1,multiclass_probability_sum,0,0.5323256377197155,0.47,1,0.043057354355102065,0.0031054720039218474
2018-09-04,20,1,multiclass_probability_sum,0,0.5199207804010134,0.47,1,0.0429698184743845,-0.018355020953608678
2019-02-19,20,1,multiclass_probability_sum,0,0.495835132939917,0.47,1,0.04286936060436351,0.0011607301465913179
2017-11-13,20,1,multiclass_probability_sum,0,0.5343957771112047,0.47,1,0.04242645644941449,0.0017724860342018419
2017-08-16,20,1,multiclass_probability_sum,0,0.5407722580403842,0.47,1,0.041464522390618264,-0.016041208429179346
2017-05-31,20,1,multiclass_probability_sum,0,0.5163950983205459,0.47,1,0.04144309134514971,0.001340891283983128
2018-11-12,20,1,multiclass_probability_sum,0,0.5237827816909097,0.47,1,0.04031474263790672,-0.02310502887308509
2017-08-15,20,1,multiclass_probability_sum,0,0.5801347210300161,0.47,1,0.04031451225956736,-0.01279123632027987
2019-01-07,20,1,multiclass_probability_sum,0,0.5708463905083802,0.47,1,0.04016533366198005,-0.002475973083838974
2018-09-07,20,1,multiclass_probability_sum,0,0.5090798461623901,0.47,1,0.03994887117391322,0.001485118154193626
2018-07-31,20,1,multiclass_probability_sum,0,0.4811415509779252,0.47,1,0.03976789404961575,-0.0037922482540086702
2017-04-21,20,1,multiclass_probability_sum,0,0.48961447719528983,0.47,1,0.03925256552241183,-0.006802891044886987
2017-05-30,20,1,multiclass_probability_sum,0,0.510084519518587,0.47,1,0.0389231717239137,-0.00052844455610758
2017-08-29,20,1,multiclass_probability_sum,0,0.5319225243262897,0.47,1,0.03770252607298487,0.005951018412835604
2018-07-20,20,1,multiclass_probability_sum,0,0.4724565639416969,0.47,1,0.03731764527493286,-0.006244075806607737
2019-01-03,20,1,multiclass_probability_sum,0,0.5573603526552003,0.47,1,0.03626149852064215,0.0030469803918394887
2017-08-28,20,1,multiclass_probability_sum,0,0.4999456414235458,0.47,1,0.03550205080731853,-0.004164282200857504
2017-11-21,20,1,multiclass_probability_sum,0,0.5589404917407407,0.47,1,0.03543147081005461,-0.0009260520885138314
2017-08-10,20,1,multiclass_probability_sum,0,0.5742091903566021,0.47,1,0.035275435611266386,-0.01586021295357208
2017-06-09,20,1,multiclass_probability_sum,0,0.49331614415021885,0.47,1,0.034104718003584104,0.0018256813061350763
2017-10-05,20,1,multiclass_probability_sum,0,0.5123018800275503,0.47,1,0.034013728652157516,0.0031865522335884668
2017-07-10,20,1,multiclass_probability_sum,0,0.5491955944808345,0.47,1,0.033885027501030944,-0.00893670364894821
2017-05-26,20,1,multiclass_probability_sum,0,0.4789531686226197,0.47,1,0.03385626384121915,-0.0075478170686343465
2017-08-30,20,1,multiclass_probability_sum,0,0.4881877934010242,0.47,1,0.03305699898998097,0.005264484654657145
2017-09-27,20,1,multiclass_probability_sum,0,0.5076587755089486,0.47,1,0.032943522130864024,-0.007204561151688256
2017-08-11,20,1,multiclass_probability_sum,0,0.5677840825020708,0.47,1,0.03235604479770209,-0.014113216372055796
2019-02-20,20,1,multiclass_probability_sum,0,0.5108081009537622,0.47,1,0.0321588070828459,-0.005278801545577757
2019-01-04,20,1,multiclass_probability_sum,0,0.5341546126526986,0.47,1,0.03103787984446641,0.00739680131465438
2017-09-28,20,1,multiclass_probability_sum,0,0.520053493340425,0.47,1,0.030939572198456344,-0.008510052481519854
2017-09-21,20,1,multiclass_probability_sum,0,0.5210984887219063,0.47,1,0.030623511774881516,-0.0074036032621916815
2018-11-08,20,1,multiclass_probability_sum,0,0.47340549963685286,0.47,1,0.030346276290671607,-0.03195349259108707
2017-08-14,20,1,multiclass_probability_sum,0,0.564280397339867,0.47,1,0.03016515649992234,-0.0193966131285396
2017-08-09,20,1,multiclass_probability_sum,0,0.5651706192982869,0.47,1,0.02937079902962483,-0.016157545366934492
2017-07-11,20,1,multiclass_probability_sum,0,0.5161672379928475,0.47,1,0.028459314677793245,-0.01258273091836263
2017-11-30,20,1,multiclass_probability_sum,0,0.5184765901454962,0.47,1,0.02781172169135468,-0.034790215138282746
2018-08-16,20,1,multiclass_probability_sum,0,0.4713844177316525,0.47,1,0.027675854411163322,-0.006335620707820541
2017-09-19,20,1,multiclass_probability_sum,0,0.5409494444602281,0.47,1,0.027366444511069152,-0.009888292650022626
2017-08-31,20,1,multiclass_probability_sum,0,0.4942127215770704,0.47,1,0.02729538524551992,0.007597921361072353
2018-08-29,20,1,multiclass_probability_sum,0,0.4813332894168434,0.47,1,0.027153609346188032,-0.030808659563792404
2017-09-20,20,1,multiclass_probability_sum,0,0.5106287470115819,0.47,1,0.026764902794589214,-0.009801432699230157
2019-01-02,20,1,multiclass_probability_sum,0,0.546650635914154,0.47,1,0.02665585268903059,-0.015288692515090354
2018-09-10,20,1,multiclass_probability_sum,0,0.5048083921210389,0.47,1,0.026221206709792624,0.01505602747735622
2018-12-28,20,1,multiclass_probability_sum,0,0.5785539982986927,0.47,1,0.025868611963387883,-0.01617419885276119
2017-09-26,20,1,multiclass_probability_sum,0,0.5165161633872718,0.47,1,0.024397287583056863,-0.009168368086879443
2018-08-20,20,1,multiclass_probability_sum,0,0.48416751918451795,0.47,1,0.02431975435092923,-0.011858154005063938
2018-08-24,20,1,multiclass_probability_sum,0,0.47781802468199874,0.47,1,0.024261325884926403,-0.029674608551719446
2017-09-22,20,1,multiclass_probability_sum,0,0.5403824259344179,0.47,1,0.024126460176272974,-0.011376148304953575
2018-08-31,20,1,multiclass_probability_sum,0,0.5514907300222978,0.47,1,0.023312848529627426,-0.032194100522413074
2017-04-17,20,1,multiclass_probability_sum,0,0.4799128895830922,0.47,1,0.022768241508309816,-0.0045826040250256765
2018-08-22,20,1,multiclass_probability_sum,0,0.48713310828267264,0.47,1,0.022740034374938153,-0.0246979580203279
2017-11-22,20,1,multiclass_probability_sum,0,0.5211027558754038,0.47,1,0.022109194093518712,-0.016442636037976684
2017-11-27,20,1,multiclass_probability_sum,0,0.5050913325499231,0.47,1,0.020771258971500003,-0.02280197493837821
2017-06-12,20,1,multiclass_probability_sum,0,0.48217420577113745,0.47,1,0.02038748833789258,0.007692447646013735
2018-08-17,20,1,multiclass_probability_sum,0,0.4887475271467857,0.47,1,0.019147117763872006,-0.01109467705283765
2018-12-26,20,1,multiclass_probability_sum,0,0.5883352105043483,0.47,1,0.019027248022648265,-0.015288692515090354
2018-11-19,20,1,multiclass_probability_sum,0,0.5643056220314425,0.47,1,0.01901977095272687,0.002082845635572233
2018-08-27,20,1,multiclass_probability_sum,0,0.47484746761893715,0.47,1,0.018795555957017193,-0.03459637071162923
2017-09-15,20,1,multiclass_probability_sum,0,0.5248545392200631,0.47,1,0.018601813754198334,-0.009751795054029832
2019-02-28,20,1,multiclass_probability_sum,0,0.5263901624355152,0.47,1,0.017973744657830287,0.004464523811278856
2017-09-25,20,1,multiclass_probability_sum,0,0.5163340896227921,0.47,1,0.017790604676681924,-0.009453917429883623
2017-11-24,20,1,multiclass_probability_sum,0,0.500347550203019,0.47,1,0.017745143553722587,-0.019557886679932367
2017-06-14,20,1,multiclass_probability_sum,0,0.490444140851521,0.47,1,0.01746040943861787,-0.00026292610613291357
2018-10-31,20,1,multiclass_probability_sum,0,0.47739091288319857,0.47,1,0.016737881001814,-0.019438663629506997
2017-07-07,20,1,multiclass_probability_sum,0,0.5394356551203578,0.47,1,0.0165561404036985,-0.020828252008504806
2018-08-21,20,1,multiclass_probability_sum,0,0.47028987900088326,0.47,1,0.016539179386469222,-0.021700035964258575
2018-08-23,20,1,multiclass_probability_sum,0,0.47446248183654594,0.47,1,0.01568616267266533,-0.029988626412799344
2017-07-04,20,1,multiclass_probability_sum,0,0.5134815835373618,0.47,1,0.014427235231896946,-0.02058329142659432
2017-09-11,20,1,multiclass_probability_sum,0,0.5208769133026256,0.47,1,0.0143052556818004,0.000664381053225999
2017-09-18,20,1,multiclass_probability_sum,0,0.5038332319844486,0.47,1,0.01420782211017087,-0.012292557037818017
2017-09-13,20,1,multiclass_probability_sum,0,0.5092134459596946,0.47,1,0.013818235247846807,-0.0059721063568633085
2017-09-12,20,1,multiclass_probability_sum,0,0.5118246380194279,0.47,1,0.013299670140791496,-0.0024281274054779637
2017-11-23,20,1,multiclass_probability_sum,0,0.51640099911211,0.47,1,0.013150804497866889,-0.017557104958917647
2019-03-11,20,1,multiclass_probability_sum,0,0.5525869753669402,0.47,1,0.013076830006896847,-0.015155914110424558
2018-12-27,20,1,multiclass_probability_sum,0,0.595078840046755,0.47,1,0.012542980453652866,-0.02539722684323625
2018-12-25,20,1,multiclass_probability_sum,0,0.5576673549611049,0.47,1,0.012010793460018678,-0.02220611920129178
2017-07-24,20,1,multiclass_probability_sum,0,0.5513246385090445,0.47,1,0.011841580801544464,0.009862490797081545
2017-09-14,20,1,multiclass_probability_sum,0,0.5235722629522527,0.47,1,0.011774342500214705,-0.010372088596813812
2018-09-11,20,1,multiclass_probability_sum,0,0.5115835607472095,0.47,1,0.011235449421341623,0.0019776180719074457
2017-09-07,20,1,multiclass_probability_sum,0,0.47050124691915307,0.47,1,0.010624651272339903,0.0009409167731986523
2017-07-05,20,1,multiclass_probability_sum,0,0.5039755453418742,0.47,1,0.010111619822039083,-0.024161481181308543
2017-07-17,20,1,multiclass_probability_sum,0,0.552502610581216,0.47,1,0.00939764080939654,-0.011997658060104098
2017-07-21,20,1,multiclass_probability_sum,0,0.5746345160937266,0.47,1,0.009289145268510204,-0.0027865422867828166
2018-11-20,20,1,multiclass_probability_sum,0,0.5387675932170066,0.47,1,0.008915331465182539,-0.0011431745565835061
2017-09-08,20,1,multiclass_probability_sum,0,0.48201514682588226,0.47,1,0.008203899337649154,-0.0046663873950804164
2017-09-05,20,1,multiclass_probability_sum,0,0.4830936993497398,0.47,1,0.007155868076500874,0.0015638205802595974
2018-09-12,20,1,multiclass_probability_sum,0,0.5060061137029521,0.47,1,0.007016793303757711,0.0006077118822513878
2017-06-28,20,1,multiclass_probability_sum,0,0.5178331893006858,0.47,1,0.006273839052725626,-0.012166714271696924
2017-07-03,20,1,multiclass_probability_sum,0,0.5195437991966811,0.47,1,0.005977885610117217,-0.024880720873243986
2018-08-09,20,1,multiclass_probability_sum,0,0.48479662820271846,0.47,1,0.0055889195365372325,-0.0055263996944636936
2017-06-21,20,1,multiclass_probability_sum,0,0.48474914543590353,0.47,1,0.005056194198191486,-0.0014474707654033993
2017-07-18,20,1,multiclass_probability_sum,0,0.5575403561820356,0.47,1,0.00464074148659576,-0.01014918057464532
2019-03-08,20,1,multiclass_probability_sum,0,0.541644839399617,0.47,1,0.004061772807511421,-0.015815862861437328
2017-07-19,20,1,multiclass_probability_sum,0,0.5621524572257408,0.47,1,0.0029387607160508704,-0.015101133454089746
2017-06-22,20,1,multiclass_probability_sum,0,0.5082429006811107,0.47,1,0.0027497068885404628,0.00033923515845335294
2017-06-19,20,1,multiclass_probability_sum,0,0.4752368515162492,0.47,1,0.0027087935091146946,-0.0006913960604945375
2017-04-13,20,1,multiclass_probability_sum,0,0.48034526963961177,0.47,1,0.0013795959972505922,-0.023424003657726924
2019-03-01,20,1,multiclass_probability_sum,0,0.4785459130322754,0.47,1,0.0011528319621601103,-0.0100953961402028
2017-06-30,20,1,multiclass_probability_sum,0,0.5297231237887822,0.47,1,0.0007981668334859861,-0.021781737456337928
2017-08-04,20,1,multiclass_probability_sum,0,0.4774795561680506,0.47,1,6.339505901032641e-05,-0.035385706671242086
2019-02-22,20,1,multiclass_probability_sum,0,0.48116555694554614,0.47,1,-0.0002022633273144508,-0.023988297068349693
2017-04-12,20,1,multiclass_probability_sum,0,0.4706839686808415,0.47,1,-0.0002894655246098968,-0.025120637695305433
2017-06-27,20,1,multiclass_probability_sum,0,0.5453354785752185,0.47,1,-0.0003127484094870101,-0.010175239206568643
2017-06-29,20,1,multiclass_probability_sum,0,0.5164096422722694,0.47,1,-0.0003239915790531232,-0.015684393896404997
2018-12-24,20,1,multiclass_probability_sum,0,0.5758213811339464,0.47,1,-0.0004183317431682654,-0.03396379685948027
2017-07-12,20,1,multiclass_probability_sum,0,0.528169147592042,0.47,1,-0.0006589871219141771,-0.018815218229809826
2018-01-05,20,1,multiclass_probability_sum,0,0.4879004478264851,0.47,1,-0.001037421360179052,-0.001037421360179052
2017-07-20,20,1,multiclass_probability_sum,0,0.5355862132327255,0.47,1,-0.0010677084347656745,-0.01134717537903535
2017-07-27,20,1,multiclass_probability_sum,0,0.5391704474832858,0.47,1,-0.002244902874305816,-0.013361716576390745
2018-11-21,20,1,multiclass_probability_sum,0,0.5292473677943142,0.47,1,-0.0036051727613321044,-0.00498770410210321
2018-03-20,20,1,multiclass_probability_sum,0,0.472609569143287,0.47,1,-0.00528394817763191,-0.009445968635391247
2019-03-04,20,1,multiclass_probability_sum,0,0.4963184308159672,0.47,1,-0.0055081550799885685,-0.024647593030119538
2019-02-21,20,1,multiclass_probability_sum,0,0.4899596268216875,0.47,1,-0.005880129670068056,-0.022632350936530366
2018-11-23,20,1,multiclass_probability_sum,0,0.5348273557956559,0.47,1,-0.006239673184086433,-0.006239673184086433
2017-07-13,20,1,multiclass_probability_sum,0,0.5048083487687798,0.47,1,-0.006276885784945605,-0.02413578447947874
2018-12-21,20,1,multiclass_probability_sum,0,0.5609757767087571,0.47,1,-0.006278851292029867,-0.03802790543993709
2018-11-22,20,1,multiclass_probability_sum,0,0.528967438306727,0.47,1,-0.006707719461686144,-0.007001803473804419
2019-03-05,20,1,multiclass_probability_sum,0,0.5242767440645018,0.47,1,-0.006712995193314494,-0.023097080244911024
2017-07-28,20,1,multiclass_probability_sum,0,0.4992521418430892,0.47,1,-0.007051013251097357,-0.02058121854886282
2017-07-14,20,1,multiclass_probability_sum,0,0.5346833713005228,0.47,1,-0.007124081547348708,-0.023235983660365663
2019-03-07,20,1,multiclass_probability_sum,0,0.5341196498763583,0.47,1,-0.0071885374221483745,-0.024687834073977594
2017-08-03,20,1,multiclass_probability_sum,0,0.500602454955339,0.47,1,-0.00729358841848695,-0.03514476878766704
2018-12-20,20,1,multiclass_probability_sum,0,0.5513563100912253,0.47,1,-0.007861013864164858,-0.044561662636141905
2017-07-25,20,1,multiclass_probability_sum,0,0.5406688155089441,0.47,1,-0.007863805056120412,-0.007863805056120412
2018-03-19,20,1,multiclass_probability_sum,0,0.4914098176319629,0.47,1,-0.009299329053655036,-0.009299329053655036
2017-06-23,20,1,multiclass_probability_sum,0,0.49187295821392873,0.47,1,-0.009341161549617805,-0.009341161549617805
2017-08-02,20,1,multiclass_probability_sum,0,0.5143981460152541,0.47,1,-0.009687719547863669,-0.03227441526238653
2019-03-06,20,1,multiclass_probability_sum,0,0.4861683919108699,0.47,1,-0.010136775446830072,-0.025150489725623334
2017-07-26,20,1,multiclass_probability_sum,0,0.5091017277531067,0.47,1,-0.01026076307113248,-0.016441867583461448
2018-11-26,20,1,multiclass_probability_sum,0,0.5381933646627559,0.47,1,-0.013631680431320174,-0.013631680431320174
2019-02-27,20,1,multiclass_probability_sum,0,0.549037128547903,0.47,1,-0.014607264171592969,-0.02536260381564388
2019-02-26,20,1,multiclass_probability_sum,0,0.5304143273918062,0.47,1,-0.01765127464570828,-0.022115798456987197
2018-12-19,20,1,multiclass_probability_sum,0,0.5313390642700144,0.47,1,-0.01860018268825031,-0.04565010996479472
2018-10-11,20,1,multiclass_probability_sum,0,0.4777862999737066,0.47,1,-0.020949718471412953,-0.062377814931187894
2018-03-23,20,1,multiclass_probability_sum,0,0.5050506042426526,0.47,1,-0.029675141501173643,-0.0524624123708544
2017-12-26,20,1,candidate_risk_off,0,0.5839690212162918,0.05,1,0.1440921424369906,0.002615813194467048
2017-12-25,20,1,candidate_risk_off,0,0.5737628507709872,0.05,1,0.14204008150479525,0.007920051377935255
2017-12-27,20,1,candidate_risk_off,0,0.5839690212162918,0.05,1,0.13622791687855754,0.00849283834735672
2018-02-09,20,1,candidate_risk_off,0,0.38935387620630196,0.05,1,0.13599488759196782,0.0370081289839232
2017-11-06,20,1,candidate_risk_off,0,0.6409452545801901,0.05,1,0.1331515020814369,0.0014593216745251917
2017-12-22,20,1,candidate_risk_off,0,0.5737628507709872,0.05,1,0.13266208427392442,0.006270203676223206
2017-11-02,20,1,candidate_risk_off,0,0.6409452545801901,0.05,1,0.1312466181213637,0.012690858654217072
2017-11-03,20,1,candidate_risk_off,0,0.6409452545801901,0.05,1,0.1294444371912882,0.006332649558034385
2017-12-15,20,1,candidate_risk_off,0,0.6255886270838616,0.05,1,0.12857478785423704,0.01158835434427728
2017-12-28,20,1,candidate_risk_off,0,0.5839690212162918,0.05,1,0.12841965223067353,0.007669750391313547
2017-12-13,20,1,candidate_risk_off,0,0.6198479599944479,0.05,1,0.12565618706599366,0.011572759243244145
2017-11-01,20,1,candidate_risk_off,0,0.4799584116762166,0.05,1,0.1220891934757057,-0.011481209779218507
2017-12-29,20,1,candidate_risk_off,0,0.5778059293811884,0.05,1,0.1205697962970256,0.011646537470923812
2017-12-11,20,1,candidate_risk_off,0,0.5991941136030569,0.05,1,0.11916635005811989,0.00754679586926295
2017-10-26,20,1,candidate_risk_off,0,0.39323765516307574,0.05,1,0.11759696536009517,0.0035834574180967
2017-10-31,20,1,candidate_risk_off,0,0.4799584116762166,0.05,1,0.11700773890724928,-0.005016863076016063
2017-10-25,20,1,candidate_risk_off,0,0.39323765516307574,0.05,1,0.11578403783657823,-0.0006984586025760792
2017-12-21,20,1,candidate_risk_off,0,0.573609589662935,0.05,1,0.11566912101294423,0.006595120776870579
2017-12-14,20,1,candidate_risk_off,0,0.6199084105596426,0.05,1,0.11519499234428067,-0.0007375695814352092
2017-11-07,20,1,candidate_risk_off,0,0.6409452545801901,0.05,1,0.1143051400648742,0.01095898174574021
2018-02-06,20,1,candidate_risk_off,0,0.377976195227595,0.05,1,0.11360931869309825,-0.0076009772860679715
2017-12-12,20,1,candidate_risk_off,0,0.6154897136639542,0.05,1,0.11293381476643753,-0.0030783379694745215
2017-10-27,20,1,candidate_risk_off,0,0.40314522689760895,0.05,1,0.10731369816421926,-0.008700591498794185
2018-02-08,20,1,candidate_risk_off,0,0.411021210642329,0.05,1,0.10695611472182465,-0.01905157786277016
2017-10-24,20,1,candidate_risk_off,0,0.40314522689760895,0.05,1,0.10684988149973147,0.005883969010039807
2018-02-12,20,1,candidate_risk_off,0,0.4238971090577367,0.05,1,0.10680697764209406,0.017073771185435394
2017-10-30,20,1,candidate_risk_off,0,0.39323765516307574,0.05,1,0.10482677172743919,-0.014431606194020018
2017-12-18,20,1,candidate_risk_off,0,0.5882198982334468,0.05,1,0.10390234179323155,-0.012604414502073672
2018-01-02,20,1,candidate_risk_off,0,0.5163159623548648,0.05,1,0.09924910655462262,0.00989295781349941
2017-11-08,20,1,candidate_risk_off,0,0.5400408891019861,0.05,1,0.0973911921170914,0.0008139062131764306
2017-10-23,20,1,candidate_risk_off,0,0.4249591973411822,0.05,1,0.09697832928779866,0.006321133563370733
2017-12-20,20,1,candidate_risk_off,0,0.5762420357649192,0.05,1,0.09663359738703338,-0.007843920674710807
2018-01-03,20,1,candidate_risk_off,0,0.5089272503552527,0.05,1,0.09422754735536777,0.006916671119652445
2019-01-18,20,1,candidate_risk_off,0,0.7116744995092209,0.05,1,0.0916562674702916,0.00469912687136281
2019-01-17,20,1,candidate_risk_off,0,0.686516935273248,0.05,1,0.0907548189324703,0.0004544975939980683
2018-03-05,20,1,candidate_risk_off,0,0.41524617435035177,0.05,1,0.09012728787781708,0.017028710375452893
2018-02-13,20,1,candidate_risk_off,0,0.4238971090577367,0.05,1,0.08987984603839477,0.015264183694852204
2018-02-07,20,1,candidate_risk_off,0,0.3839620918304457,0.05,1,0.08960199917570717,-0.03581716098967773
2019-01-31,20,1,candidate_risk_off,0,0.6803583951797549,0.05,1,0.08760875704310059,-0.002176638284336294
2019-01-21,20,1,candidate_risk_off,0,0.655533167972784,0.05,1,0.08757192819163838,-0.004951594624069967
2017-11-09,20,1,candidate_risk_off,0,0.5400408891019861,0.05,1,0.08704527537679613,0.009036223488976682
2019-01-23,20,1,candidate_risk_off,0,0.6921245173552522,0.05,1,0.086535036377818,0.0005393951199936799
2019-01-28,20,1,candidate_risk_off,0,0.6803583951797549,0.05,1,0.08588980722299562,-0.0038553470605831577
2018-02-22,20,1,candidate_risk_off,0,0.3402652824632237,0.05,1,0.08574046883230295,0.016086928680774316
2019-01-22,20,1,candidate_risk_off,0,0.6603104318714141,0.05,1,0.08508464198756634,0.0017964109684048546
2017-12-08,20,1,candidate_risk_off,0,0.5592847532436153,0.05,1,0.08434693591750393,-0.02445199101449514
2017-12-19,20,1,candidate_risk_off,0,0.5656239349310715,0.05,1,0.0839015384975781,-0.005649613441783947
2019-01-30,20,1,candidate_risk_off,0,0.6337338530560368,0.05,1,0.08238836601126752,-0.007859684967815035
2019-02-01,20,1,candidate_risk_off,0,0.6803583951797549,0.05,1,0.08091342411489673,0.01900022821600692
2019-01-29,20,1,candidate_risk_off,0,0.6337338530560368,0.05,1,0.08023669091852725,-0.007957950579843092
2017-11-10,20,1,candidate_risk_off,0,0.520407117292653,0.05,1,0.07961645266290615,0.012738005198996446
2018-07-11,20,1,candidate_risk_off,0,0.5144637800912539,0.05,1,0.07867756210457225,0.005972099662405361
2017-12-07,20,1,candidate_risk_off,0,0.5592847532436153,0.05,1,0.07588326338561806,-0.022844590239408505
2019-01-25,20,1,candidate_risk_off,0,0.6803583951797549,0.05,1,0.07496187709222937,-0.0002310803014327476
2017-10-20,20,1,candidate_risk_off,0,0.4002765889556258,0.05,1,0.07438523731903064,-0.008258086374660925
2017-10-19,20,1,candidate_risk_off,0,0.4002765889556258,0.05,1,0.07422687914016433,-0.010782592930507647
2017-12-06,20,1,candidate_risk_off,0,0.45617155028523565,0.05,1,0.073338094900178,-0.03237660076652726
2018-02-21,20,1,candidate_risk_off,0,0.37425582628079573,0.05,1,0.07289699749996931,-0.010281250707115008
2018-02-05,20,1,candidate_risk_off,0,0.28145232005001997,0.05,1,0.07136820797467609,-0.0436285789006776
2018-07-16,20,1,candidate_risk_off,0,0.5218368039758671,0.05,1,0.07088693259075818,0.011089516498359106
2017-10-16,20,1,candidate_risk_off,0,0.4002765889556258,0.05,1,0.07056264948375038,0.0007441429585766548
2018-07-12,20,1,candidate_risk_off,0,0.5328407514325236,0.05,1,0.0698346520321962,0.012399024033988104
2018-03-07,20,1,candidate_risk_off,0,0.41335607824148174,0.05,1,0.06885260667394809,0.00997472117740315
2018-11-15,20,1,candidate_risk_off,0,0.5742406317294242,0.05,1,0.06797059506733841,0.0011585550551187845
2018-03-12,20,1,candidate_risk_off,0,0.36512631213195607,0.05,1,0.06699435030759855,0.006213509103812301
2018-09-06,20,1,candidate_risk_off,0,0.5433120689066689,0.05,1,0.06605455481717076,0.011115319231001118
2018-03-09,20,1,candidate_risk_off,0,0.41659299758988627,0.05,1,0.06591952027960717,0.0025603427775125758
2019-01-16,20,1,candidate_risk_off,0,0.7108377063600808,0.05,1,0.06587882424667316,-0.007522445294844456
2019-02-12,20,1,candidate_risk_off,0,0.5211061263887289,0.05,1,0.06581498494699882,0.008190019170006169
2018-11-14,20,1,candidate_risk_off,0,0.5742406317294242,0.05,1,0.06483816655939996,-0.004204490977584781
2017-10-18,20,1,candidate_risk_off,0,0.4002765889556258,0.05,1,0.06418583366674384,-0.009321813387253717
2019-01-14,20,1,candidate_risk_off,0,0.7071598984755574,0.05,1,0.06389376908478661,9.979541947313105e-05
2018-01-17,20,1,candidate_risk_off,0,0.2964928223724522,0.05,1,0.06379587333148774,-0.03016960641736702
2018-07-13,20,1,candidate_risk_off,0,0.503799455927263,0.05,1,0.06258064677540606,0.0015267765469735056
2019-02-13,20,1,candidate_risk_off,0,0.5098819153014937,0.05,1,0.061701254728002454,0.005948945366130347
2017-10-17,20,1,candidate_risk_off,0,0.4002765889556258,0.05,1,0.06158077750484932,-0.01001021505452634
2019-02-11,20,1,candidate_risk_off,0,0.5829079545203045,0.05,1,0.061253247147876826,0.012277203424812862
2018-05-28,20,1,candidate_risk_off,0,0.5320575286337127,0.05,1,0.06116551939769773,0.017817251015701044
2019-01-24,20,1,candidate_risk_off,0,0.688231428087133,0.05,1,0.06050098501717585,-0.00013205242500450264
2018-07-17,20,1,candidate_risk_off,0,0.5172101186746427,0.05,1,0.0600325526515943,0.0068258912297089695
2018-07-26,20,1,candidate_risk_off,0,0.48835237333104337,0.05,1,0.059678100212404016,0.005745910067007752
2018-03-08,20,1,candidate_risk_off,0,0.40208758603337635,0.05,1,0.059586436343485254,-0.0006584918994282104
2018-01-18,20,1,candidate_risk_off,0,0.29318224253068564,0.05,1,0.05940456031455574,-0.04509597253974928
2018-03-06,20,1,candidate_risk_off,0,0.4148806958900236,0.05,1,0.0589277185328987,-0.007193598914171405
2017-11-20,20,1,candidate_risk_off,0,0.5197012183293745,0.05,1,0.05857895764564794,0.015266633686789648
2018-07-05,20,1,candidate_risk_off,0,0.491371039801226,0.05,1,0.05846398771392039,-0.006962138176787398
2019-01-10,20,1,candidate_risk_off,0,0.7125499407556386,0.05,1,0.05841802565301778,0.003888677751822909
2019-01-15,20,1,candidate_risk_off,0,0.7047606540955823,0.05,1,0.05836140993933816,-0.0086003279100105
2018-11-16,20,1,candidate_risk_off,0,0.5742406317294242,0.05,1,0.0582254235016123,0.019700237498567513
2019-02-14,20,1,candidate_risk_off,0,0.49939358418304736,0.05,1,0.057237747437769,-0.0015237257510060576
2018-07-25,20,1,candidate_risk_off,0,0.48391969509048305,0.05,1,0.057165002049030744,0.0027775702290980973
2017-08-22,20,1,candidate_risk_off,0,0.5370470831279228,0.05,1,0.0569350749222141,0.006181104512328893
2017-10-13,20,1,candidate_risk_off,0,0.40001124028609614,0.05,1,0.05597141462451456,-0.0018532296602393758
2018-03-13,20,1,candidate_risk_off,0,0.3991766262468964,0.05,1,0.05561110711502103,0.004208864186218814
2019-01-08,20,1,candidate_risk_off,0,0.6903176600153266,0.05,1,0.05491851017063191,0.010703800294231512
2017-10-11,20,1,candidate_risk_off,0,0.4150034005782648,0.05,1,0.05468455212587943,0.0023560894923181953
2019-02-15,20,1,candidate_risk_off,0,0.5066984272220689,0.05,1,0.054468426884677824,0.010888146934597942
2018-07-03,20,1,candidate_risk_off,0,0.46857522352491954,0.05,1,0.05411543614364413,-0.01428460734984051
2018-07-27,20,1,candidate_risk_off,0,0.5001541293153802,0.05,1,0.053618172284316395,0.015075209245444598
2017-12-05,20,1,candidate_risk_off,0,0.46064283652723287,0.05,1,0.05347961553680419,-0.038331566968569715
2017-10-12,20,1,candidate_risk_off,0,0.4037952496633801,0.05,1,0.05314236884673774,0.004353948050960436
2018-11-13,20,1,candidate_risk_off,0,0.5175890516919037,0.05,1,0.052916708094815156,-0.009131672915084306
2018-01-19,20,1,candidate_risk_off,0,0.2907673404001503,0.05,1,0.05276057636206231,-0.056287575490949183
2019-01-09,20,1,candidate_risk_off,0,0.651739282289282,0.05,1,0.05240472904640646,0.0014593745105250825
2018-09-05,20,1,candidate_risk_off,0,0.5410836224119548,0.05,1,0.05226345681102483,-0.010640441296674111
2017-10-02,20,1,candidate_risk_off,0,0.40459670834419265,0.05,1,0.05217793594738935,-0.00528675234470351
2019-01-11,20,1,candidate_risk_off,0,0.7071598984755574,0.05,1,0.05199703801694382,-0.00100858413324493
2017-11-14,20,1,candidate_risk_off,0,0.5248307769097639,0.05,1,0.05127910425395015,0.0019166544946218964
2019-02-18,20,1,candidate_risk_off,0,0.49287823454237,0.05,1,0.051258965284842334,0.0031677641840349323
2017-06-02,20,1,candidate_risk_off,0,0.6445415886977187,0.05,1,0.04971722324580763,0.006314532214239113
2018-02-26,20,1,candidate_risk_off,0,0.34015189419017666,0.05,1,0.04961314919993055,-0.019067520309319866
2017-08-18,20,1,candidate_risk_off,0,0.539254256193801,0.05,1,0.04934919744647005,-0.010077001814331825
2018-07-10,20,1,candidate_risk_off,0,0.5278272381824621,0.05,1,0.04890931967063742,-0.019908875806276073
2017-11-17,20,1,candidate_risk_off,0,0.5212142184596303,0.05,1,0.048721194393403985,0.014335005594107077
2017-08-17,20,1,candidate_risk_off,0,0.5425855744292517,0.05,1,0.048604656073705274,-0.00828078120330861
2017-10-09,20,1,candidate_risk_off,0,0.4808174437467543,0.05,1,0.04841571568174974,0.0020869229176949076
2017-08-23,20,1,candidate_risk_off,0,0.5387504095484014,0.05,1,0.04835614097284656,0.004935709189755941
2018-07-09,20,1,candidate_risk_off,0,0.5358550260427272,0.05,1,0.048117634882293626,-0.0242894680575984
2017-10-03,20,1,candidate_risk_off,0,0.4728190927047119,0.05,1,0.048049945174088816,0.009019353445915153
2017-10-10,20,1,candidate_risk_off,0,0.4090837955537415,0.05,1,0.04778811443858014,0.0040625440584408905
2017-08-24,20,1,candidate_risk_off,0,0.5425855744292517,0.05,1,0.04739297682585266,0.002413391595680737
2017-04-25,20,1,candidate_risk_off,0,0.5620915103827856,0.05,1,0.04737724468021973,0.0034706091466691637
2018-11-09,20,1,candidate_risk_off,0,0.5247845680593977,0.05,1,0.047315647009830215,-0.018924735622787892
2018-07-24,20,1,candidate_risk_off,0,0.4720367821980028,0.05,1,0.04718403645846598,-0.006983043534495506
2017-08-21,20,1,candidate_risk_off,0,0.539254256193801,0.05,1,0.04717903981242315,-0.009842895060583362
2017-11-16,20,1,candidate_risk_off,0,0.5223893648386082,0.05,1,0.04709261559785866,-0.00236614837698056
2017-06-05,20,1,candidate_risk_off,0,0.6445415886977187,0.05,1,0.04650167444847444,0.008344487580150882
2018-03-02,20,1,candidate_risk_off,0,0.3583460960761732,0.05,1,0.04640000820726203,-0.025043188211472528
2017-11-15,20,1,candidate_risk_off,0,0.5305947474520791,0.05,1,0.046284111789853755,0.009135676639694001
2017-04-24,20,1,candidate_risk_off,0,0.5620915103827856,0.05,1,0.045940604951117285,-0.002554748490722803
2017-04-26,20,1,candidate_risk_off,0,0.5620915103827856,0.05,1,0.045926403004442215,0.00909881011746366
2018-08-02,20,1,candidate_risk_off,0,0.5395743161520531,0.05,1,0.045631552081783315,0.0033920695862057464
2018-02-27,20,1,candidate_risk_off,0,0.34015189419017666,0.05,1,0.04550087880708821,-0.023615139308026497
2017-05-18,20,1,candidate_risk_off,0,0.6122739008438218,0.05,1,0.04515542989019079,0.009351044651966725
2017-05-17,20,1,candidate_risk_off,0,0.6122739008438218,0.05,1,0.045129535413786594,-0.00028882058253710576
2018-02-23,20,1,candidate_risk_off,0,0.3785654115450105,0.05,1,0.04498108071856595,-0.008532467203869581
2017-10-04,20,1,candidate_risk_off,0,0.4729755956599468,0.05,1,0.044961072046690656,-0.0005338663846853598
2018-03-01,20,1,candidate_risk_off,0,0.3583460960761732,0.05,1,0.044899385705346996,-0.02019740313693796
2018-07-06,20,1,candidate_risk_off,0,0.5094346194785278,0.05,1,0.04485305191364855,-0.026897742892071363
2018-02-28,20,1,candidate_risk_off,0,0.34015189419017666,0.05,1,0.044213707487485675,-0.025337469787556775
2017-09-29,20,1,candidate_risk_off,0,0.47757739226591833,0.05,1,0.04372075020515102,-0.008012923391715962
2017-10-06,20,1,candidate_risk_off,0,0.477383500962886,0.05,1,0.04351803507278628,0.0014349689490708367
2018-07-30,20,1,candidate_risk_off,0,0.491914785435324,0.05,1,0.04346472519878142,0.003195797726490435
2017-04-20,20,1,candidate_risk_off,0,0.5595928103291344,0.05,1,0.04317098606703919,-0.007153751006242704
2017-08-25,20,1,candidate_risk_off,0,0.5474974897864243,0.05,1,0.043057354355102065,0.0031054720039218474
2017-05-16,20,1,candidate_risk_off,0,0.6122739008438218,0.05,1,0.04300489913401364,0.0026996889718125046
2018-09-04,20,1,candidate_risk_off,0,0.5298798611870417,0.05,1,0.0429698184743845,-0.018355020953608678
2019-02-19,20,1,candidate_risk_off,0,0.5008688384734005,0.05,1,0.04286936060436351,0.0011607301465913179
2017-06-08,20,1,candidate_risk_off,0,0.6445415886977187,0.05,1,0.04243907249102904,-0.000546721352418587
2017-11-13,20,1,candidate_risk_off,0,0.5188939208978048,0.05,1,0.04242645644941449,0.0017724860342018419
2017-08-16,20,1,candidate_risk_off,0,0.5425855744292517,0.05,1,0.041464522390618264,-0.016041208429179346
2017-05-31,20,1,candidate_risk_off,0,0.6445415886977187,0.05,1,0.04144309134514971,0.001340891283983128
2017-04-27,20,1,candidate_risk_off,0,0.5620915103827856,0.05,1,0.04064054811274515,0.001673337163423305
2018-07-04,20,1,candidate_risk_off,0,0.5108896511612067,0.05,1,0.04046039514524429,-0.024147400094231553
2018-11-12,20,1,candidate_risk_off,0,0.5274896285982611,0.05,1,0.04031474263790672,-0.02310502887308509
2017-08-15,20,1,candidate_risk_off,0,0.5425855744292517,0.05,1,0.04031451225956736,-0.01279123632027987
2019-01-07,20,1,candidate_risk_off,0,0.6903176600153266,0.05,1,0.04016533366198005,-0.002475973083838974
2018-09-07,20,1,candidate_risk_off,0,0.5498029282163315,0.05,1,0.03994887117391322,0.001485118154193626
2018-07-31,20,1,candidate_risk_off,0,0.5272814532975812,0.05,1,0.03976789404961575,-0.0037922482540086702
2017-05-09,20,1,candidate_risk_off,0,0.5658889808520216,0.05,1,0.039640867690061865,0.003041995681085968
2017-06-01,20,1,candidate_risk_off,0,0.6445415886977187,0.05,1,0.03958099832677824,-0.004038881359096297
2017-05-10,20,1,candidate_risk_off,0,0.5940812540749562,0.05,1,0.03945645351715847,0.00093838411633024
2017-04-21,20,1,candidate_risk_off,0,0.5595928103291344,0.05,1,0.03925256552241183,-0.006802891044886987
2018-11-06,20,1,candidate_risk_off,0,0.3904851993286376,0.05,1,0.039124768484081376,-0.02737637986245241
2017-05-30,20,1,candidate_risk_off,0,0.6445415886977187,0.05,1,0.0389231717239137,-0.00052844455610758
2018-10-30,20,1,candidate_risk_off,0,0.3876759210126547,0.05,1,0.03801076859642448,0.009474603868687818
2017-08-29,20,1,candidate_risk_off,0,0.4967738271255635,0.05,1,0.03770252607298487,0.005951018412835604
2018-07-20,20,1,candidate_risk_off,0,0.4837436034183891,0.05,1,0.03731764527493286,-0.006244075806607737
2018-11-07,20,1,candidate_risk_off,0,0.4517088662302122,0.05,1,0.037230926951904754,-0.027495672134081408
2017-05-19,20,1,candidate_risk_off,0,0.6515042497702762,0.05,1,0.03668491571612807,0.005436125479712309
2018-08-01,20,1,candidate_risk_off,0,0.5272814532975812,0.05,1,0.03648121632445428,0.0008183306512319301
2019-01-03,20,1,candidate_risk_off,0,0.6210635520344866,0.05,1,0.03626149852064215,0.0030469803918394887
2017-05-23,20,1,candidate_risk_off,0,0.6420211805877798,0.05,1,0.03587055833233459,-0.004206261484821539
2018-10-29,20,1,candidate_risk_off,0,0.3860085576293049,0.05,1,0.035597868692237564,-0.00014627203248569678
2017-08-28,20,1,candidate_risk_off,0,0.5017259184195596,0.05,1,0.03550205080731853,-0.004164282200857504
2017-11-21,20,1,candidate_risk_off,0,0.4650036986855965,0.05,1,0.03543147081005461,-0.0009260520885138314
2017-08-10,20,1,candidate_risk_off,0,0.5017259184195596,0.05,1,0.035275435611266386,-0.01586021295357208
2017-05-15,20,1,candidate_risk_off,0,0.6122739008438218,0.05,1,0.03487118781200823,-0.0004412636759916707
2017-05-29,20,1,candidate_risk_off,0,0.6049974584440089,0.05,1,0.03459723369758668,-0.011360772294400927
2018-07-23,20,1,candidate_risk_off,0,0.4795852291518344,0.05,1,0.0344984797550371,-0.009826718278729689
2017-06-09,20,1,candidate_risk_off,0,0.6489284877421114,0.05,1,0.034104718003584104,0.0018256813061350763
2017-05-11,20,1,candidate_risk_off,0,0.6122739008438218,0.05,1,0.034088663187102027,5.517165281878687e-05
2017-10-05,20,1,candidate_risk_off,0,0.5091133717776498,0.05,1,0.034013728652157516,0.0031865522335884668
2017-07-10,20,1,candidate_risk_off,0,0.6489284877421114,0.05,1,0.033885027501030944,-0.00893670364894821
2017-05-26,20,1,candidate_risk_off,0,0.592640897510865,0.05,1,0.03385626384121915,-0.0075478170686343465
2017-05-08,20,1,candidate_risk_off,0,0.5620915103827856,0.05,1,0.03368869203077069,0.0045108579788218
2017-08-30,20,1,candidate_risk_off,0,0.4967738271255635,0.05,1,0.03305699898998097,0.005264484654657145
2017-05-12,20,1,candidate_risk_off,0,0.6122739008438218,0.05,1,0.03301793399015503,-0.0004688361917097426
2017-09-27,20,1,candidate_risk_off,0,0.48792990625439175,0.05,1,0.032943522130864024,-0.007204561151688256
2017-05-24,20,1,candidate_risk_off,0,0.6546218303948879,0.05,1,0.03267515796998809,-0.0066461583593629865
2017-06-07,20,1,candidate_risk_off,0,0.6445415886977187,0.05,1,0.0324618196102433,-0.004976127566144698
2017-08-11,20,1,candidate_risk_off,0,0.5425855744292517,0.05,1,0.03235604479770209,-0.014113216372055796
2017-05-25,20,1,candidate_risk_off,0,0.6451773927992623,0.05,1,0.032345795966205265,-0.0055280495977424226
2019-02-20,20,1,candidate_risk_off,0,0.49287823454237,0.05,1,0.0321588070828459,-0.005278801545577757
2018-05-29,20,1,candidate_risk_off,0,0.5270540199987306,0.05,1,0.03187537327107802,-0.003872303174004328
2017-06-06,20,1,candidate_risk_off,0,0.6445415886977187,0.05,1,0.031741211363711726,-0.002118546057961942
2019-01-04,20,1,candidate_risk_off,0,0.6526357356950788,0.05,1,0.03103787984446641,0.00739680131465438
2017-09-28,20,1,candidate_risk_off,0,0.48792990625439175,0.05,1,0.030939572198456344,-0.008510052481519854
2018-08-03,20,1,candidate_risk_off,0,0.5527013810869662,0.05,1,0.030723657716830898,-0.0029325993288064106
2017-09-21,20,1,candidate_risk_off,0,0.48666396317033345,0.05,1,0.030623511774881516,-0.0074036032621916815
2018-11-08,20,1,candidate_risk_off,0,0.4384421321788291,0.05,1,0.030346276290671607,-0.03195349259108707
2017-08-14,20,1,candidate_risk_off,0,0.5425855744292517,0.05,1,0.03016515649992234,-0.0193966131285396
2017-05-22,20,1,candidate_risk_off,0,0.6451773927992623,0.05,1,0.030089699633637643,-0.008475541990804582
2018-03-15,20,1,candidate_risk_off,0,0.360404356579931,0.05,1,0.02964166871216398,0.009987195007372954
2017-08-09,20,1,candidate_risk_off,0,0.4937351666683351,0.05,1,0.02937079902962483,-0.016157545366934492
2017-07-11,20,1,candidate_risk_off,0,0.5457261845419558,0.05,1,0.028459314677793245,-0.01258273091836263
2017-04-28,20,1,candidate_risk_off,0,0.6031079845482596,0.05,1,0.028134883211028517,0.0015731701223726357
2018-01-04,20,1,candidate_risk_off,0,0.44101706117496786,0.05,1,0.028003338212752034,-0.006986842041678716
2017-11-30,20,1,candidate_risk_off,0,0.47477052003398335,0.05,1,0.02781172169135468,-0.034790215138282746
2018-11-05,20,1,candidate_risk_off,0,0.3696420180076638,0.05,1,0.027767723357461513,-0.031143474240383544
2018-08-16,20,1,candidate_risk_off,0,0.557639088904545,0.05,1,0.027675854411163322,-0.006335620707820541
2017-09-19,20,1,candidate_risk_off,0,0.5010434047048309,0.05,1,0.027366444511069152,-0.009888292650022626
2017-08-31,20,1,candidate_risk_off,0,0.5161029611779441,0.05,1,0.02729538524551992,0.007597921361072353
2018-08-15,20,1,candidate_risk_off,0,0.557639088904545,0.05,1,0.027272738700283617,-0.0033132623195855264
2018-08-29,20,1,candidate_risk_off,0,0.5235348362486304,0.05,1,0.027153609346188032,-0.030808659563792404
2017-05-04,20,1,candidate_risk_off,0,0.5658889808520216,0.05,1,0.027026825715300153,-0.004386215460327544
2017-09-20,20,1,candidate_risk_off,0,0.5010434047048309,0.05,1,0.026764902794589214,-0.009801432699230157
2019-01-02,20,1,candidate_risk_off,0,0.6644740585287695,0.05,1,0.02665585268903059,-0.015288692515090354
2018-09-10,20,1,candidate_risk_off,0,0.5568908044908134,0.05,1,0.026221206709792624,0.01505602747735622
2017-11-28,20,1,candidate_risk_off,0,0.47745729162450595,0.05,1,0.02592508628762928,-0.02556819900018431
2018-12-28,20,1,candidate_risk_off,0,0.6677675617939826,0.05,1,0.025868611963387883,-0.01617419885276119
2017-05-05,20,1,candidate_risk_off,0,0.5658889808520216,0.05,1,0.025789571686293138,-0.0015845881302382454
2018-03-14,20,1,candidate_risk_off,0,0.3991766262468964,0.05,1,0.025179188952553506,0.0005885324192099278
2017-05-03,20,1,candidate_risk_off,0,0.5658889808520216,0.05,1,0.02508777346767372,-0.0009454950648745226
2017-09-26,20,1,candidate_risk_off,0,0.49059742465087197,0.05,1,0.024397287583056863,-0.009168368086879443
2018-08-20,20,1,candidate_risk_off,0,0.5520024140261073,0.05,1,0.02431975435092923,-0.011858154005063938
2018-08-24,20,1,candidate_risk_off,0,0.5282724349757272,0.05,1,0.024261325884926403,-0.029674608551719446
2017-09-22,20,1,candidate_risk_off,0,0.48666396317033345,0.05,1,0.024126460176272974,-0.011376148304953575
2017-04-19,20,1,candidate_risk_off,0,0.5633951182383792,0.05,1,0.023508758826397212,-0.012904310776367712
2018-08-31,20,1,candidate_risk_off,0,0.4933079285779282,0.05,1,0.023312848529627426,-0.032194100522413074
2017-06-15,20,1,candidate_risk_off,0,0.5525272634190965,0.05,1,0.023043901794419574,0.0008805304779039211
2017-04-17,20,1,candidate_risk_off,0,0.6006770568533571,0.05,1,0.022768241508309816,-0.0045826040250256765
2018-08-22,20,1,candidate_risk_off,0,0.5711377407425308,0.05,1,0.022740034374938153,-0.0246979580203279
2017-11-22,20,1,candidate_risk_off,0,0.4676844146473975,0.05,1,0.022109194093518712,-0.016442636037976684
2018-05-30,20,1,candidate_risk_off,0,0.5290504331365703,0.05,1,0.021289938945186052,0.01429896762729227
2018-07-19,20,1,candidate_risk_off,0,0.4800281822343904,0.05,1,0.021287322888278285,-0.017515341848245103
2017-06-16,20,1,candidate_risk_off,0,0.5525272634190965,0.05,1,0.021263570497402684,0.006625055327531917
2017-11-27,20,1,candidate_risk_off,0,0.4704123823975973,0.05,1,0.020771258971500003,-0.02280197493837821
2018-11-01,20,1,candidate_risk_off,0,0.3842087410741284,0.05,1,0.020526677918094198,-0.011977252608825628
2017-06-12,20,1,candidate_risk_off,0,0.6489284877421114,0.05,1,0.02038748833789258,0.007692447646013735
2018-07-18,20,1,candidate_risk_off,0,0.49634464689990737,0.05,1,0.01994014884395281,-0.015840157504335543
2018-05-25,20,1,candidate_risk_off,0,0.5162209324290407,0.05,1,0.019794490384503788,-0.03392301643055465
2018-08-17,20,1,candidate_risk_off,0,0.5520024140261073,0.05,1,0.019147117763872006,-0.01109467705283765
2018-12-26,20,1,candidate_risk_off,0,0.6797482197624828,0.05,1,0.019027248022648265,-0.015288692515090354
2018-11-19,20,1,candidate_risk_off,0,0.6112647688270595,0.05,1,0.01901977095272687,0.002082845635572233
2018-08-30,20,1,candidate_risk_off,0,0.4877409003514929,0.05,1,0.018916800689068064,-0.04077732597235326
2018-10-26,20,1,candidate_risk_off,0,0.3674193947153543,0.05,1,0.018859250722301248,-0.01355699133564508
2018-08-27,20,1,candidate_risk_off,0,0.5107773954273831,0.05,1,0.018795555957017193,-0.03459637071162923
2017-09-15,20,1,candidate_risk_off,0,0.5030460883464688,0.05,1,0.018601813754198334,-0.009751795054029832
2019-02-28,20,1,candidate_risk_off,0,0.5005381505841078,0.05,1,0.017973744657830287,0.004464523811278856
2017-09-25,20,1,candidate_risk_off,0,0.49059742465087197,0.05,1,0.017790604676681924,-0.009453917429883623
2017-11-24,20,1,candidate_risk_off,0,0.4704123823975973,0.05,1,0.017745143553722587,-0.019557886679932367
2017-06-14,20,1,candidate_risk_off,0,0.5525272634190965,0.05,1,0.01746040943861787,-0.00026292610613291357
2018-01-08,20,1,candidate_risk_off,0,0.44101706117496786,0.05,1,0.017107689036458262,-0.011108494667151532
2017-11-29,20,1,candidate_risk_off,0,0.47745729162450595,0.05,1,0.016995098210437452,-0.03711400027184329
2017-09-01,20,1,candidate_risk_off,0,0.507220370549743,0.05,1,0.016971292837434915,0.004528672416230451
2018-10-31,20,1,candidate_risk_off,0,0.3886462508335339,0.05,1,0.016737881001814,-0.019438663629506997
2017-04-18,20,1,candidate_risk_off,0,0.6006770568533571,0.05,1,0.01672808647734972,-0.010333938473448524
2017-07-07,20,1,candidate_risk_off,0,0.5519513320706143,0.05,1,0.0165561404036985,-0.020828252008504806
2018-08-21,20,1,candidate_risk_off,0,0.5484750828459721,0.05,1,0.016539179386469222,-0.021700035964258575
2017-06-13,20,1,candidate_risk_off,0,0.6489284877421114,0.05,1,0.016341067961293126,0.004850219727989682
2018-08-06,20,1,candidate_risk_off,0,0.5527013810869662,0.05,1,0.01622827001385438,-0.003588907462978462
2018-08-23,20,1,candidate_risk_off,0,0.5452495456967231,0.05,1,0.01568616267266533,-0.029988626412799344
2017-03-15,20,1,candidate_risk_off,0,0.4793062006991287,0.05,1,0.015596946411992458,-0.0036525102417857428
2018-10-25,20,1,candidate_risk_off,0,0.3905836183679065,0.05,1,0.01553511857144019,-0.023882926960310503
2017-09-06,20,1,candidate_risk_off,0,0.507220370549743,0.05,1,0.015145267326841943,0.003986749669816703
2017-03-14,20,1,candidate_risk_off,0,0.46857749035436164,0.05,1,0.01509446901248456,-0.005851621678872168
2017-07-04,20,1,candidate_risk_off,0,0.530451761310312,0.05,1,0.014427235231896946,-0.02058329142659432
2018-08-28,20,1,candidate_risk_off,0,0.5107773954273831,0.05,1,0.01438572294781209,-0.03788758554296256
2017-09-11,20,1,candidate_risk_off,0,0.49629528474457674,0.05,1,0.0143052556818004,0.000664381053225999
2017-09-18,20,1,candidate_risk_off,0,0.5030460883464688,0.05,1,0.01420782211017087,-0.012292557037818017
2017-09-13,20,1,candidate_risk_off,0,0.49629528474457674,0.05,1,0.013818235247846807,-0.0059721063568633085
2017-09-12,20,1,candidate_risk_off,0,0.49629528474457674,0.05,1,0.013299670140791496,-0.0024281274054779637
2017-11-23,20,1,candidate_risk_off,0,0.4704123823975973,0.05,1,0.013150804497866889,-0.017557104958917647
2019-03-11,20,1,candidate_risk_off,0,0.6112909800391266,0.05,1,0.013076830006896847,-0.015155914110424558
2018-12-27,20,1,candidate_risk_off,0,0.6655175464083067,0.05,1,0.012542980453652866,-0.02539722684323625
2018-08-07,20,1,candidate_risk_off,0,0.5527013810869662,0.05,1,0.012102597819898421,0.004775418842809872
2018-12-25,20,1,candidate_risk_off,0,0.659666815523761,0.05,1,0.012010793460018678,-0.02220611920129178
2017-07-24,20,1,candidate_risk_off,0,0.5390172237353915,0.05,1,0.011841580801544464,0.009862490797081545
2017-09-14,20,1,candidate_risk_off,0,0.49629528474457674,0.05,1,0.011774342500214705,-0.010372088596813812
2018-09-11,20,1,candidate_risk_off,0,0.5615744854114014,0.05,1,0.011235449421341623,0.0019776180719074457
2017-09-07,20,1,candidate_risk_off,0,0.49629528474457674,0.05,1,0.010624651272339903,0.0009409167731986523
2017-07-05,20,1,candidate_risk_off,0,0.530451761310312,0.05,1,0.010111619822039083,-0.024161481181308543
2017-07-17,20,1,candidate_risk_off,0,0.5208714839645667,0.05,1,0.00939764080939654,-0.011997658060104098
2017-07-21,20,1,candidate_risk_off,0,0.5357325011658264,0.05,1,0.009289145268510204,-0.0027865422867828166
2018-01-12,20,1,candidate_risk_off,0,0.40300167983251023,0.05,1,0.009119238109914893,-0.04496266205944362
2017-04-14,20,1,candidate_risk_off,0,0.6043754311980483,0.05,1,0.009116919633703919,-0.015245416345282042
2018-11-20,20,1,candidate_risk_off,0,0.6041778290476048,0.05,1,0.008915331465182539,-0.0011431745565835061
2018-08-14,20,1,candidate_risk_off,0,0.557639088904545,0.05,1,0.008894465541275634,-0.02073961739318251
2017-09-08,20,1,candidate_risk_off,0,0.49629528474457674,0.05,1,0.008203899337649154,-0.0046663873950804164
2018-05-10,20,1,candidate_risk_off,0,0.5269033195791772,0.05,1,0.0075718326862850086,-0.09915185324480039
2017-09-05,20,1,candidate_risk_off,0,0.507220370549743,0.05,1,0.007155868076500874,0.0015638205802595974
2018-08-13,20,1,candidate_risk_off,0,0.5611521110189531,0.05,1,0.007151984028563735,-0.0205044808339871
2018-09-12,20,1,candidate_risk_off,0,0.5762091163531807,0.05,1,0.007016793303757711,0.0006077118822513878
2017-06-28,20,1,candidate_risk_off,0,0.5425577843553764,0.05,1,0.006273839052725626,-0.012166714271696924
2018-03-16,20,1,candidate_risk_off,0,0.36636230298644074,0.05,1,0.006024297364655982,0.002951672875452636
2017-07-03,20,1,candidate_risk_off,0,0.5425577843553764,0.05,1,0.005977885610117217,-0.024880720873243986
2018-08-09,20,1,candidate_risk_off,0,0.5527013810869662,0.05,1,0.0055889195365372325,-0.0055263996944636936
2017-06-21,20,1,candidate_risk_off,0,0.5525272634190965,0.05,1,0.005056194198191486,-0.0014474707654033993
2017-03-16,20,1,candidate_risk_off,0,0.4793062006991287,0.05,1,0.004925465353037955,-0.006145403988295327
2017-07-18,20,1,candidate_risk_off,0,0.5208714839645667,0.05,1,0.00464074148659576,-0.01014918057464532
2019-03-08,20,1,candidate_risk_off,0,0.6036693298841326,0.05,1,0.004061772807511421,-0.015815862861437328
2017-07-19,20,1,candidate_risk_off,0,0.47870218633795375,0.05,1,0.0029387607160508704,-0.015101133454089746
2017-06-22,20,1,candidate_risk_off,0,0.5525272634190965,0.05,1,0.0027497068885404628,0.00033923515845335294
2018-07-02,20,1,candidate_risk_off,0,0.4620042850063178,0.05,1,0.002720258098517188,-0.05869173941446819
2017-06-19,20,1,candidate_risk_off,0,0.5525272634190965,0.05,1,0.0027087935091146946,-0.0006913960604945375
2018-08-10,20,1,candidate_risk_off,0,0.5527013810869662,0.05,1,0.0019290189135330892,-0.010671418471661451
2018-11-02,20,1,candidate_risk_off,0,0.3870041506398768,0.05,1,0.0018148433197708474,-0.0304193025476266
2017-04-13,20,1,candidate_risk_off,0,0.5291411863231966,0.05,1,0.0013795959972505922,-0.023424003657726924
2019-03-01,20,1,candidate_risk_off,0,0.5738894234833458,0.05,1,0.0011528319621601103,-0.0100953961402028
2017-03-21,20,1,candidate_risk_off,0,0.4793062006991287,0.05,1,0.0008234760924535129,-0.0074982306588886345
2017-06-30,20,1,candidate_risk_off,0,0.5525272634190965,0.05,1,0.0007981668334859861,-0.021781737456337928
2017-03-17,20,1,candidate_risk_off,0,0.4793062006991287,0.05,1,0.0004080570210768779,0.0004080570210768779
2017-08-04,20,1,candidate_risk_off,0,0.49537407928956034,0.05,1,6.339505901032641e-05,-0.035385706671242086
2018-10-24,20,1,candidate_risk_off,0,0.4262280626418517,0.05,1,-0.00018425288218226255,-0.037588199042231665
2017-03-20,20,1,candidate_risk_off,0,0.4793062006991287,0.05,1,-0.0001958041964299736,-0.005947138644852871
2019-02-22,20,1,candidate_risk_off,0,0.4560588062178091,0.05,1,-0.0002022633273144508,-0.023988297068349693
2017-04-12,20,1,candidate_risk_off,0,0.5708878098895267,0.05,1,-0.0002894655246098968,-0.025120637695305433
2017-06-27,20,1,candidate_risk_off,0,0.5425577843553764,0.05,1,-0.0003127484094870101,-0.010175239206568643
2017-06-29,20,1,candidate_risk_off,0,0.5540383409619307,0.05,1,-0.0003239915790531232,-0.015684393896404997
2017-03-22,20,1,candidate_risk_off,0,0.4977510956401131,0.05,1,-0.0003928170645349613,-0.0029639640457520384
2018-12-24,20,1,candidate_risk_off,0,0.6740244866981532,0.05,1,-0.0004183317431682654,-0.03396379685948027
2017-04-03,20,1,candidate_risk_off,0,0.4966790866774456,0.05,1,-0.0004984768865333976,-0.0207006188967898
2017-06-20,20,1,candidate_risk_off,0,0.5525272634190965,0.05,1,-0.0006512621690580479,-0.0022029742532085135
2017-07-12,20,1,candidate_risk_off,0,0.5370313419466981,0.05,1,-0.0006589871219141771,-0.018815218229809826
2018-01-05,20,1,candidate_risk_off,0,0.44101706117496786,0.05,1,-0.001037421360179052,-0.001037421360179052
2017-07-20,20,1,candidate_risk_off,0,0.5108211435703134,0.05,1,-0.0010677084347656745,-0.01134717537903535
2017-07-27,20,1,candidate_risk_off,0,0.5489997241555098,0.05,1,-0.002244902874305816,-0.013361716576390745
2018-11-21,20,1,candidate_risk_off,0,0.6041778290476048,0.05,1,-0.0036051727613321044,-0.00498770410210321
2017-03-31,20,1,candidate_risk_off,0,0.5267816824373286,0.05,1,-0.0038422906791098967,-0.02060371229391333
2018-03-20,20,1,candidate_risk_off,0,0.39056338993226736,0.05,1,-0.00528394817763191,-0.009445968635391247
2017-03-29,20,1,candidate_risk_off,0,0.5013869249356595,0.05,1,-0.005483660227073459,-0.01805307949120649
2019-03-04,20,1,candidate_risk_off,0,0.5697438607942721,0.05,1,-0.0055081550799885685,-0.024647593030119538
2018-05-11,20,1,candidate_risk_off,0,0.5511814140176273,0.05,1,-0.005604997734120035,-0.11456407506673918
2017-04-04,20,1,candidate_risk_off,0,0.4966790866774456,0.05,1,-0.005733531847760569,-0.023134046527927766
2019-02-21,20,1,candidate_risk_off,0,0.4670820425478823,0.05,1,-0.005880129670068056,-0.022632350936530366
2017-04-05,20,1,candidate_risk_off,0,0.4966790866774456,0.05,1,-0.006046839682971941,-0.021862766232900864
2018-01-11,20,1,candidate_risk_off,0,0.40300167983251023,0.05,1,-0.0061053989725540474,-0.04311352795647718
2018-11-23,20,1,candidate_risk_off,0,0.6257097676090231,0.05,1,-0.006239673184086433,-0.006239673184086433
2017-07-13,20,1,candidate_risk_off,0,0.5370313419466981,0.05,1,-0.006276885784945605,-0.02413578447947874
2018-12-21,20,1,candidate_risk_off,0,0.659666815523761,0.05,1,-0.006278851292029867,-0.03802790543993709
2018-11-22,20,1,candidate_risk_off,0,0.6177523563308485,0.05,1,-0.006707719461686144,-0.007001803473804419
2019-03-05,20,1,candidate_risk_off,0,0.5697438607942721,0.05,1,-0.006712995193314494,-0.023097080244911024
2017-07-28,20,1,candidate_risk_off,0,0.5489997241555098,0.05,1,-0.007051013251097357,-0.02058121854886282
2017-07-14,20,1,candidate_risk_off,0,0.5356554446972277,0.05,1,-0.007124081547348708,-0.023235983660365663
2019-03-07,20,1,candidate_risk_off,0,0.6006862518932338,0.05,1,-0.0071885374221483745,-0.024687834073977594
2017-08-03,20,1,candidate_risk_off,0,0.49537407928956034,0.05,1,-0.00729358841848695,-0.03514476878766704
2018-12-20,20,1,candidate_risk_off,0,0.6684431865595403,0.05,1,-0.007861013864164858,-0.044561662636141905
2017-07-25,20,1,candidate_risk_off,0,0.5489997241555098,0.05,1,-0.007863805056120412,-0.007863805056120412
2017-04-07,20,1,candidate_risk_off,0,0.506739415453757,0.05,1,-0.008054882660650534,-0.028381667189401216
2017-07-31,20,1,candidate_risk_off,0,0.5374977372004394,0.05,1,-0.008059961239855227,-0.028859920742400173
2018-05-23,20,1,candidate_risk_off,0,0.49819732552839463,0.05,1,-0.008112172574788558,-0.0595691240822586
2018-08-08,20,1,candidate_risk_off,0,0.5562224098950743,0.05,1,-0.008397210104434618,-0.008397210104434618
2017-03-30,20,1,candidate_risk_off,0,0.49132701270949597,0.05,1,-0.008504549764059552,-0.022747306191615753
2018-03-19,20,1,candidate_risk_off,0,0.3920601229904705,0.05,1,-0.009299329053655036,-0.009299329053655036
2017-06-23,20,1,candidate_risk_off,0,0.5277226445030262,0.05,1,-0.009341161549617805,-0.009341161549617805
2017-08-02,20,1,candidate_risk_off,0,0.5374977372004394,0.05,1,-0.009687719547863669,-0.03227441526238653
2017-03-23,20,1,candidate_risk_off,0,0.4977510956401131,0.05,1,-0.009986325719664652,-0.01220661273952597
2018-01-09,20,1,candidate_risk_off,0,0.4376843987025124,0.05,1,-0.010025317216570129,-0.02147591779327238
2019-03-06,20,1,candidate_risk_off,0,0.5742619599643835,0.05,1,-0.010136775446830072,-0.025150489725623334
2017-07-26,20,1,candidate_risk_off,0,0.5489997241555098,0.05,1,-0.01026076307113248,-0.016441867583461448
2018-11-26,20,1,candidate_risk_off,0,0.6290418179203219,0.05,1,-0.013631680431320174,-0.013631680431320174
2018-05-31,20,1,candidate_risk_off,0,0.5290504331365703,0.05,1,-0.014414850862643071,-0.014414850862643071
2018-05-17,20,1,candidate_risk_off,0,0.5747231625316792,0.05,1,-0.014582247878077688,-0.10087070912390161
2019-02-27,20,1,candidate_risk_off,0,0.46888333136025867,0.05,1,-0.014607264171592969,-0.02536260381564388
2018-05-24,20,1,candidate_risk_off,0,0.5207155402411241,0.05,1,-0.016897891997027476,-0.05651067704893523
2019-02-26,20,1,candidate_risk_off,0,0.46429015569110704,0.05,1,-0.01765127464570828,-0.022115798456987197
2018-12-19,20,1,candidate_risk_off,0,0.6539658909690208,0.05,1,-0.01860018268825031,-0.04565010996479472
2018-10-11,20,1,candidate_risk_off,0,0.5077995962661408,0.05,1,-0.020949718471412953,-0.062377814931187894
2018-10-23,20,1,candidate_risk_off,0,0.40292957188841577,0.05,1,-0.022231506869691726,-0.055790923484221495
2018-05-18,20,1,candidate_risk_off,0,0.5582991259976094,0.05,1,-0.023364617452677143,-0.11043054979162888
2018-05-22,20,1,candidate_risk_off,0,0.5092332233306571,0.05,1,-0.024384315543727518,-0.056500534186720845
2018-06-21,20,1,candidate_risk_off,0,0.5528840014578543,0.05,1,-0.02658293743177595,-0.08191158725145603
2018-06-29,20,1,candidate_risk_off,0,0.5393235715939928,0.05,1,-0.026642930135080033,-0.07297971840262069
2018-03-21,20,1,candidate_risk_off,0,0.409010311043878,0.05,1,-0.026718633963277158,-0.026718633963277158
2018-05-21,20,1,candidate_risk_off,0,0.5527729929182302,0.05,1,-0.027609728516953636,-0.08555964848888746
2018-06-28,20,1,candidate_risk_off,0,0.5013727265358623,0.05,1,-0.028812436458861435,-0.06940331465939453
2018-03-23,20,1,candidate_risk_off,0,0.44691715422492734,0.05,1,-0.029675141501173643,-0.0524624123708544
2018-06-01,20,1,candidate_risk_off,0,0.5338167561365484,0.05,1,-0.032854284497526136,-0.03643068824075227
2018-05-04,20,1,candidate_risk_off,0,0.5746885430381627,0.05,1,-0.03360270993701885,-0.09713791063761752
2018-06-20,20,1,candidate_risk_off,0,0.5353238383506193,0.05,1,-0.04010228823124781,-0.0937557537070182
2020-05-04,20,2,multiclass_probability_sum,0,0.472085239072639,0.46,1,0.1418462371285337,0.002214027878861953
2020-12-17,20,2,multiclass_probability_sum,0,0.6736659954355587,0.46,1,0.12700204589722436,0.014807535459071354
2020-12-11,20,2,multiclass_probability_sum,0,0.6180235384896229,0.46,1,0.1247148192804355,0.005539335239784134
2020-12-10,20,2,multiclass_probability_sum,0,0.696169581015081,0.46,1,0.12458553088434743,0.014493216658684761
2020-12-15,20,2,multiclass_probability_sum,0,0.6375117332081732,0.46,1,0.11683179984726685,-0.003322199122111105
2020-12-14,20,2,multiclass_probability_sum,0,0.5934599999559872,0.46,1,0.11374746657910484,-0.01164551457485387
2020-11-16,20,2,multiclass_probability_sum,0,0.5567627689944012,0.46,1,0.1125820348187735,0.018868189419210448
2020-12-18,20,2,multiclass_probability_sum,0,0.6355278205348048,0.46,1,0.11030023711320881,5.620661553331797e-05
2020-12-09,20,2,multiclass_probability_sum,0,0.5728497945750102,0.46,1,0.10700573127471243,-0.007941917263124128
2020-12-16,20,2,multiclass_probability_sum,0,0.600636092580181,0.46,1,0.10692444264996757,-0.014367140970939841
2020-12-08,20,2,multiclass_probability_sum,0,0.5986473917083529,0.46,1,0.10499999753788625,0.0016018099018983414
2020-07-27,20,2,multiclass_probability_sum,0,0.5431088193618145,0.46,1,0.10107456324693004,0.007195416860559414
2021-01-29,20,2,multiclass_probability_sum,0,0.48067940856100666,0.46,1,0.10081779338177309,-0.020171611045486714
2020-07-29,20,2,multiclass_probability_sum,0,0.49181856656505396,0.46,1,0.09937811268691556,0.00950152816203515
2020-12-07,20,2,multiclass_probability_sum,0,0.530314096674769,0.46,1,0.09493234293354519,-0.0006992871441310618
2020-12-04,20,2,multiclass_probability_sum,0,0.6055762357457327,0.46,1,0.09248589443629367,0.007577751730749735
2020-11-18,20,2,multiclass_probability_sum,0,0.5248926881234528,0.46,1,0.09166823820818998,0.009944940635203504
2020-10-29,20,2,multiclass_probability_sum,0,0.521041638282375,0.46,1,0.09033435943196624,0.00692854686781607
2020-12-24,20,2,multiclass_probability_sum,0,0.639515207536365,0.46,1,0.08890961665820386,0.015707080542987972
2020-07-30,20,2,multiclass_probability_sum,0,0.4605105481598544,0.46,1,0.08786917182340435,-0.003426031159479446
2020-10-30,20,2,multiclass_probability_sum,0,0.49284120180348445,0.46,1,0.08762169132044462,0.00883205052677949
2020-11-11,20,2,multiclass_probability_sum,0,0.48120507830730874,0.46,1,0.08734300304972722,-0.0015028825588478435
2020-12-01,20,2,multiclass_probability_sum,0,0.46491390947992817,0.46,1,0.0860155432933625,0.005387544602800859
2020-11-17,20,2,multiclass_probability_sum,0,0.510975663828877,0.46,1,0.08539052994682028,0.004767233587459033
2020-11-06,20,2,multiclass_probability_sum,0,0.47671518374418553,0.46,1,0.08495855501754455,0.013234148304741454
2020-11-24,20,2,multiclass_probability_sum,0,0.5257721613547919,0.46,1,0.08439940847224336,0.004189012489342879
2020-11-30,20,2,multiclass_probability_sum,0,0.6450707718779567,0.46,1,0.0843218693914949,0.005755626117826618
2020-11-05,20,2,multiclass_probability_sum,0,0.5104083202000724,0.46,1,0.08387841965905866,0.0005756807050099062
2020-11-23,20,2,multiclass_probability_sum,0,0.5688281823745303,0.46,1,0.08378748517972445,0.0015779294210976843
2020-10-28,20,2,multiclass_probability_sum,0,0.6042744136261016,0.46,1,0.08218095358383898,-0.0021411538887236036
2020-12-03,20,2,multiclass_probability_sum,0,0.587784111135967,0.46,1,0.07921565765929468,0.0016558160634956485
2020-12-02,20,2,multiclass_probability_sum,0,0.5907947860169389,0.46,1,0.07885287453472573,0.005388092401362768
2020-11-10,20,2,multiclass_probability_sum,0,0.5211355097042447,0.46,1,0.0781353891580411,-0.0011667692855114582
2020-12-23,20,2,multiclass_probability_sum,0,0.6322061811300271,0.46,1,0.07610074183286797,-0.010603802267021933
2020-11-25,20,2,multiclass_probability_sum,0,0.5626493550144576,0.46,1,0.07600200537522936,0.003135268317000039
2020-11-03,20,2,multiclass_probability_sum,0,0.49923527021693237,0.46,1,0.07560123576860878,0.002498453113713965
2020-11-20,20,2,multiclass_probability_sum,0,0.5524992717269206,0.46,1,0.07533233054610348,0.004223392142988823
2020-12-25,20,2,multiclass_probability_sum,0,0.5689143313791761,0.46,1,0.07257668680444085,0.00635185405729938
2020-07-28,20,2,multiclass_probability_sum,0,0.48495127771251567,0.46,1,0.07204385003504597,-0.028078144260225833
2020-11-02,20,2,multiclass_probability_sum,0,0.5220843646047038,0.46,1,0.07169677839496684,0.0018511687441846105
2020-11-27,20,2,multiclass_probability_sum,0,0.5594977482645878,0.46,1,0.0708771529354972,-0.007092862398698215
2020-11-19,20,2,multiclass_probability_sum,0,0.5576114107168831,0.46,1,0.06735615660204668,0.00683136151501463
2020-04-06,20,2,multiclass_probability_sum,0,0.4685083825891643,0.46,1,0.06036031015711503,0.013401484074900733
2020-11-26,20,2,multiclass_probability_sum,0,0.5383765774157078,0.46,1,0.05938595114880374,-0.002876983642403693
2020-09-25,20,2,multiclass_probability_sum,0,0.5115662620527722,0.46,1,0.0567032326589702,-0.0047344549740734486
2019-06-27,20,2,multiclass_probability_sum,0,0.6051858767270589,0.46,1,0.05350955981660503,0.007215899882236328
2020-09-17,20,2,multiclass_probability_sum,0,0.503377866906222,0.46,1,0.05306122644629259,0.007699245270928868
2020-10-27,20,2,multiclass_probability_sum,0,0.6397710036122535,0.46,1,0.05076699026674213,-0.02936610471647746
2020-09-16,20,2,multiclass_probability_sum,0,0.4803011834924762,0.46,1,0.04649165267408138,-0.003829176718028059
2020-12-22,20,2,multiclass_probability_sum,0,0.5264907442819549,0.46,1,0.04620027867246464,-0.014812192874692983
2020-09-18,20,2,multiclass_probability_sum,0,0.49769668548466117,0.46,1,0.045934603482984115,0.003357474080811035
2020-09-29,20,2,multiclass_probability_sum,0,0.5729211457570607,0.46,1,0.04593203817234574,0.0013597247270958413
2020-12-21,20,2,multiclass_probability_sum,0,0.559245131596917,0.46,1,0.04514165566477168,-0.012622340161076299
2019-06-28,20,2,multiclass_probability_sum,0,0.595914879629154,0.46,1,0.04468424450876656,0.010940627259386904
2020-10-26,20,2,multiclass_probability_sum,0,0.6455983059789823,0.46,1,0.044624599785585466,-0.03393056577653635
2020-09-24,20,2,multiclass_probability_sum,0,0.5716020115804158,0.46,1,0.04447377469951765,-0.005075704942984885
2020-08-25,20,2,multiclass_probability_sum,0,0.4825342920994755,0.46,1,0.042970419454695076,-0.0007438816083562064
2020-06-15,20,2,multiclass_probability_sum,0,0.48808283974657035,0.46,1,0.04262367873939578,-0.008880474389333908
2020-09-22,20,2,multiclass_probability_sum,0,0.5696525623310599,0.46,1,0.041321985373733855,-0.002441760826925267
2020-09-28,20,2,multiclass_probability_sum,0,0.5125045943939137,0.46,1,0.04111565002939229,-0.009380849203012276
2020-12-28,20,2,multiclass_probability_sum,0,0.5919313118831303,0.46,1,0.04022181261449624,0.005674175863858344
2019-06-18,20,2,multiclass_probability_sum,0,0.6161349586596031,0.46,1,0.03956655906465657,-0.0009538344866621582
2020-08-26,20,2,multiclass_probability_sum,0,0.48022789967200175,0.46,1,0.03940915680302379,0.001418618458003321
2019-10-07,20,2,multiclass_probability_sum,0,0.5586938326080463,0.46,1,0.03923675349983921,0.00047797016138885837
2020-09-11,20,2,multiclass_probability_sum,0,0.5276990329029166,0.46,1,0.03864858247895843,0.005687027739168962
2020-09-21,20,2,multiclass_probability_sum,0,0.5479703384647707,0.46,1,0.03861942526043811,-0.004371060869172105
2019-10-09,20,2,multiclass_probability_sum,0,0.4856178806651179,0.46,1,0.03684946467368815,-0.0043319755883622635
2020-09-15,20,2,multiclass_probability_sum,0,0.5317214331070864,0.46,1,0.03680348772826581,-0.0024800325508057674
2019-10-10,20,2,multiclass_probability_sum,0,0.4610091804609212,0.46,1,0.036446131641403194,-0.00387632782656924
2020-10-21,20,2,multiclass_probability_sum,0,0.5444612634351306,0.46,1,0.03608121339872021,-0.021474257870194836
2019-10-08,20,2,multiclass_probability_sum,0,0.46035607566533016,0.46,1,0.03589843671437548,-0.004726702447565098
2020-10-22,20,2,multiclass_probability_sum,0,0.4970134175759665,0.46,1,0.03451686571748417,-0.03298354618663422
2020-09-14,20,2,multiclass_probability_sum,0,0.5046811243352589,0.46,1,0.03434747658328235,-0.0005926389939811708
2019-06-19,20,2,multiclass_probability_sum,0,0.5904744910898733,0.46,1,0.03403597247229007,-0.00695269072946088
2020-09-09,20,2,multiclass_probability_sum,0,0.55112133789904,0.46,1,0.03361215014253243,-0.0005623854287944385
2019-12-24,20,2,multiclass_probability_sum,0,0.5018028756650608,0.46,1,0.033412667521402754,-0.010378213137619656
2020-09-10,20,2,multiclass_probability_sum,0,0.5216990321440247,0.46,1,0.03321726459055883,0.00016874884025224797
2019-07-03,20,2,multiclass_probability_sum,0,0.5530734209992676,0.46,1,0.03204085463525454,0.006186635466783984
2020-07-24,20,2,multiclass_probability_sum,0,0.5906473068021616,0.46,1,0.03043098575404653,-0.05451288528519017
2019-06-25,20,2,multiclass_probability_sum,0,0.5392377206558392,0.46,1,0.030090647808194284,-0.0178857671374698
2019-06-26,20,2,multiclass_probability_sum,0,0.530072227810771,0.46,1,0.030070967855582786,-0.016843698746014463
2019-06-13,20,2,multiclass_probability_sum,0,0.6006474442228315,0.46,1,0.029607442848981105,-0.007363266752325355
2020-10-23,20,2,multiclass_probability_sum,0,0.5436592951901178,0.46,1,0.029460019241957718,-0.0448717541771754
2020-09-07,20,2,multiclass_probability_sum,0,0.5774726871389162,0.46,1,0.029321042429757638,0.000641505421337044
2020-09-23,20,2,multiclass_probability_sum,0,0.5542705566737254,0.46,1,0.0286593421230509,-0.009380849203012276
2020-09-08,20,2,multiclass_probability_sum,0,0.5509357361538725,0.46,1,0.028277284029354907,-0.0014840134036206187
2019-10-04,20,2,multiclass_probability_sum,0,0.5557280202162405,0.46,1,0.027957371522973378,-0.004566959446908403
2020-10-12,20,2,multiclass_probability_sum,0,0.4624855617703241,0.46,1,0.027863898055356953,-0.007317462769655638
2019-12-23,20,2,multiclass_probability_sum,0,0.5633288441727264,0.46,1,0.02769217963978047,-0.010951634550290749
2019-12-19,20,2,multiclass_probability_sum,0,0.5687117930688435,0.46,1,0.027652676929890565,-0.003450383175266673
2019-06-17,20,2,multiclass_probability_sum,0,0.602788538021935,0.46,1,0.02665462986410589,-0.004063368658674628
2019-06-06,20,2,multiclass_probability_sum,0,0.614345516881994,0.46,1,0.025849194599525394,-0.005393071887585847
2019-07-04,20,2,multiclass_probability_sum,0,0.5032420836789444,0.46,1,0.024716675683803712,-0.006899103878704171
2019-07-02,20,2,multiclass_probability_sum,0,0.548885821611401,0.46,1,0.024682977943776628,-0.001654208464108109
2019-04-18,20,2,multiclass_probability_sum,0,0.7248606876829835,0.46,1,0.024624176643222914,-0.01601659956993887
2020-10-16,20,2,multiclass_probability_sum,0,0.517181862301966,0.46,1,0.024079630542931402,-0.02601119594630493
2019-12-18,20,2,multiclass_probability_sum,0,0.6161022637526649,0.46,1,0.02407877674229779,-0.0022630278431935848
2019-06-21,20,2,multiclass_probability_sum,0,0.5832117267024363,0.46,1,0.02383787689585791,-0.016916678890234862
2019-12-20,20,2,multiclass_probability_sum,0,0.585115368647335,0.46,1,0.02296694301866631,-0.0077989678334543355
2019-06-14,20,2,multiclass_probability_sum,0,0.5802828670306724,0.46,1,0.02259286044266944,-0.011071858010213096
2019-10-17,20,2,multiclass_probability_sum,0,0.47225572692428147,0.46,1,0.022457140188817885,-0.006344465838552557
2020-10-07,20,2,multiclass_probability_sum,0,0.5127016795951767,0.46,1,0.021555247621830288,-0.0009572709807678487
2020-10-06,20,2,multiclass_probability_sum,0,0.4753834650658637,0.46,1,0.02132889809283388,0.003455967157583461
2020-10-05,20,2,multiclass_probability_sum,0,0.5335245565208747,0.46,1,0.020559489773204043,0.0010817604245548903
2019-09-03,20,2,multiclass_probability_sum,0,0.5910606130779501,0.46,1,0.020445897806396704,-0.010314818934005938
2020-10-08,20,2,multiclass_probability_sum,0,0.5086788945910302,0.46,1,0.020371384048964384,0.00026116479647007846
2019-06-12,20,2,multiclass_probability_sum,0,0.654872242383861,0.46,1,0.02021004350952242,-0.011658927814995286
2019-06-03,20,2,multiclass_probability_sum,0,0.6824821176945854,0.46,1,0.020020751558894285,-0.003556349602910216
2019-06-24,20,2,multiclass_probability_sum,0,0.4934386454336659,0.46,1,0.01973440429655077,-0.0207147116028272
2019-10-21,20,2,multiclass_probability_sum,0,0.48962707313139087,0.46,1,0.01948241055097286,0.003683880862839207
2019-08-29,20,2,multiclass_probability_sum,0,0.5150181753228127,0.46,1,0.019480182694388205,-0.0095282819543117
2019-09-11,20,2,multiclass_probability_sum,0,0.5345082299557429,0.46,1,0.018926139996944067,0.00694982698396375
2019-09-10,20,2,multiclass_probability_sum,0,0.537244755965701,0.46,1,0.01834126820699308,-0.0009795986491536375
2019-04-19,20,2,multiclass_probability_sum,0,0.661668887781997,0.46,1,0.01802109292856459,-0.020071549098384066
2019-06-07,20,2,multiclass_probability_sum,0,0.612380272839175,0.46,1,0.017646117317804345,-0.01595708601771863
2019-06-20,20,2,multiclass_probability_sum,0,0.5501903213756791,0.46,1,0.017435061822101347,-0.016895827963931614
2020-10-15,20,2,multiclass_probability_sum,0,0.4979734272633952,0.46,1,0.017371259722990647,-0.02543857363868452
2020-09-30,20,2,multiclass_probability_sum,0,0.5033970909046745,0.46,1,0.017347362617496014,0.005178732540228374
2019-04-22,20,2,multiclass_probability_sum,0,0.6026406806911333,0.46,1,0.017295165188918448,-0.01970924338085979
2020-10-02,20,2,multiclass_probability_sum,0,0.5487737890553375,0.46,1,0.016956023056360327,0.005228583809935716
2019-09-05,20,2,multiclass_probability_sum,0,0.5561370242209396,0.46,1,0.015904948224733054,-0.007687207065099888
2019-04-17,20,2,multiclass_probability_sum,0,0.6947017537597253,0.46,1,0.015343063192532069,-0.02614902703460707
2019-12-17,20,2,multiclass_probability_sum,0,0.6298109951754951,0.46,1,0.01408232099019604,-0.005307393922479388
2019-09-04,20,2,multiclass_probability_sum,0,0.5539288122539785,0.46,1,0.013774966138574454,-0.008546797175437177
2019-09-06,20,2,multiclass_probability_sum,0,0.5540908489482178,0.46,1,0.013774196069643417,-0.004908957624457802
2019-08-28,20,2,multiclass_probability_sum,0,0.5863196186260284,0.46,1,0.013709494653723314,-0.008168259248067179
2019-08-06,20,2,multiclass_probability_sum,0,0.6154035475661115,0.46,1,0.01340740077155723,0.0013674932461426568
2020-10-14,20,2,multiclass_probability_sum,0,0.49982270332391066,0.46,1,0.01272475423659199,-0.02269817658450156
2019-08-30,20,2,multiclass_probability_sum,0,0.5778435704092074,0.46,1,0.012622477774764659,-0.015102392634318701
2019-09-12,20,2,multiclass_probability_sum,0,0.49243138526924973,0.46,1,0.011520665251187211,0.007166367263228878
2019-06-04,20,2,multiclass_probability_sum,0,0.5967259156870928,0.46,1,0.011311368081104486,-0.008499367524626801
2019-08-07,20,2,multiclass_probability_sum,0,0.5431256918414837,0.46,1,0.01118031741507729,0.0009313107318555851
2020-09-03,20,2,multiclass_probability_sum,0,0.510912684802155,0.46,1,0.01113286087699656,-0.017542939099669877
2019-08-27,20,2,multiclass_probability_sum,0,0.6447008765098445,0.46,1,0.01070225938355022,-0.007687207065099888
2020-06-11,20,2,multiclass_probability_sum,0,0.4901937551998353,0.46,1,0.010425422583736658,-0.04994893390379931
2019-08-16,20,2,multiclass_probability_sum,0,0.49918672553267207,0.46,1,0.010010947322681447,-0.010968093495863791
2019-10-02,20,2,multiclass_probability_sum,0,0.5350949666354049,0.46,1,0.009738641684204477,-0.008205569066818796
2019-06-05,20,2,multiclass_probability_sum,0,0.6349324329915098,0.46,1,0.009394357195599288,-0.008762169946023994
2020-09-04,20,2,multiclass_probability_sum,0,0.5392337966202503,0.46,1,0.00924128136830604,-0.014851177251515989
2019-09-09,20,2,multiclass_probability_sum,0,0.5049966835480341,0.46,1,0.009166173076892128,-0.00495002117030078
2020-06-12,20,2,multiclass_probability_sum,0,0.4726675982958908,0.46,1,0.008865991103110784,-0.04550034809041714
2019-08-15,20,2,multiclass_probability_sum,0,0.5148763644202785,0.46,1,0.007973193871194455,-0.010335240225244824
2019-12-03,20,2,multiclass_probability_sum,0,0.5391155556134469,0.46,1,0.00789799448219189,-0.0024152571912474463
2020-10-19,20,2,multiclass_probability_sum,0,0.4941652180743116,0.46,1,0.007495495588503665,-0.026424552673741986
2019-08-14,20,2,multiclass_probability_sum,0,0.5874572701645164,0.46,1,0.007362576832462625,0.0004127498484988585
2019-03-26,20,2,multiclass_probability_sum,0,0.5382807715567615,0.46,1,0.00732521216021091,-0.007753300851320556
2019-06-11,20,2,multiclass_probability_sum,0,0.5929036702788115,0.46,1,0.007228997055534427,-0.01990428826815241
2019-07-08,20,2,multiclass_probability_sum,0,0.5656253443275653,0.46,1,0.007012145257107346,0.0027901227152799146
2019-10-03,20,2,multiclass_probability_sum,0,0.47575439973891154,0.46,1,0.006397948775387942,-0.009475961042640094
2019-08-05,20,2,multiclass_probability_sum,0,0.581043992856848,0.46,1,0.006361064414175718,-0.008814358115950334
2019-07-24,20,2,multiclass_probability_sum,0,0.5244764883591317,0.46,1,0.006021835938840579,-0.02437371685203324
2019-05-10,20,2,multiclass_probability_sum,0,0.6790584517264625,0.46,1,0.0059974117793444815,-0.00640332463546395
2019-12-02,20,2,multiclass_probability_sum,0,0.5041028901763651,0.46,1,0.005944912901398243,-0.008563524621815647
2019-12-16,20,2,multiclass_probability_sum,0,0.6235681258247932,0.46,1,0.005735132159278753,-0.01307563972175996
2019-08-26,20,2,multiclass_probability_sum,0,0.6142573839820643,0.46,1,0.005327230623868615,-0.013902559246863446
2019-09-13,20,2,multiclass_probability_sum,0,0.472966613985245,0.46,1,0.004668891688416335,-0.00419223984924644
2019-05-13,20,2,multiclass_probability_sum,0,0.6540877229069975,0.46,1,0.004538270758571721,-0.012672019061686622
2019-09-16,20,2,multiclass_probability_sum,0,0.5056086209197275,0.46,1,0.0037409984993754387,-0.006862846571352442
2019-06-10,20,2,multiclass_probability_sum,0,0.5848928597617022,0.46,1,0.0035765231852384212,-0.020766639423168518
2019-07-18,20,2,multiclass_probability_sum,0,0.5440654323350581,0.46,1,0.003405903784895885,-0.011789940036469056
2019-07-15,20,2,multiclass_probability_sum,0,0.5240885236789534,0.46,1,0.0028544458349634583,-0.008177048773216549
2020-05-27,20,2,multiclass_probability_sum,0,0.49612102925022206,0.46,1,0.002597267924451547,-0.029600669983685587
2019-08-13,20,2,multiclass_probability_sum,0,0.609738874395007,0.46,1,0.002561799618121973,0.0021490497696231656
2019-07-25,20,2,multiclass_probability_sum,0,0.5278622413932471,0.46,1,0.0023190336713990733,-0.030968610067041064
2019-04-23,20,2,multiclass_probability_sum,0,0.6084768565350237,0.46,1,0.0020949115776473766,-0.0219224344841608
2019-12-05,20,2,multiclass_probability_sum,0,0.5508645648647208,0.46,1,0.0019394222039348507,-0.012682994917054598
2019-05-09,20,2,multiclass_probability_sum,0,0.6668052685762571,0.46,1,0.0012663439182393392,-0.0005703783664362699
2019-12-04,20,2,multiclass_probability_sum,0,0.5289729404800065,0.46,1,0.0007968663911221969,-0.0154095577698012
2019-12-12,20,2,multiclass_probability_sum,0,0.49196202391438104,0.46,1,0.0003820912831569795,-0.02001996811967432
2019-05-08,20,2,multiclass_probability_sum,0,0.6687996649451208,0.46,1,0.00019972354123654819,-0.005006096801877058
2019-09-30,20,2,multiclass_probability_sum,0,0.48738774483547365,0.46,1,-8.027937225833665e-05,-0.013608676161890565
2019-08-09,20,2,multiclass_probability_sum,0,0.5766865860546594,0.46,1,-0.0002258193659966304,-0.0077376401544193545
2019-12-13,20,2,multiclass_probability_sum,0,0.5748638579731544,0.46,1,-0.0003519632338276393,-0.01796242868570413
2019-04-16,20,2,multiclass_probability_sum,0,0.5824197359630063,0.46,1,-0.0007063701570803637,-0.03135098616084908
2019-07-26,20,2,multiclass_probability_sum,0,0.5443582111859804,0.46,1,-0.0009064357554858315,-0.029359194641438796
2019-09-24,20,2,multiclass_probability_sum,0,0.4873246058224325,0.46,1,-0.000951744599311199,-0.005113595623539197
2019-07-22,20,2,multiclass_probability_sum,0,0.5055990027569832,0.46,1,-0.0010290005849197044,-0.01790816614981403
2019-07-12,20,2,multiclass_probability_sum,0,0.5361504032301121,0.46,1,-0.0010873245709010061,-0.01112376870331856
2019-09-20,20,2,multiclass_probability_sum,0,0.5378337480917328,0.46,1,-0.0011719777453319577,-0.007367840976646597
2019-08-08,20,2,multiclass_probability_sum,0,0.5338840724405758,0.46,1,-0.00119015875990205,-0.008660916002481898
2019-12-25,20,2,multiclass_probability_sum,0,0.4762977394052327,0.46,1,-0.001395470156159926,-0.012503435314738784
2019-12-11,20,2,multiclass_probability_sum,0,0.502513861714145,0.46,1,-0.0016962120272963719,-0.013398010711162983
2019-04-24,20,2,multiclass_probability_sum,0,0.5718727943278425,0.46,1,-0.0018237149404701958,-0.031095112581470474
2019-03-27,20,2,multiclass_probability_sum,0,0.5326305645838225,0.46,1,-0.001825604084398054,-0.014044116684092623
2020-12-29,20,2,multiclass_probability_sum,0,0.5975590143064894,0.46,1,-0.0021122985465347782,-0.0021122985465347782
2019-03-25,20,2,multiclass_probability_sum,0,0.5597257065545944,0.46,1,-0.0021361465655404914,-0.008041981479762468
2019-04-25,20,2,multiclass_probability_sum,0,0.5806526278108892,0.46,1,-0.0021889605016105975,-0.028235112169633415
2019-09-23,20,2,multiclass_probability_sum,0,0.5675932456946526,0.46,1,-0.0022241301804010833,-0.002702100341789909
2019-03-29,20,2,multiclass_probability_sum,0,0.578823150118807,0.46,1,-0.0023069944799077734,-0.01900152895368352
2019-07-19,20,2,multiclass_probability_sum,0,0.5388260067970616,0.46,1,-0.0023849089445449113,-0.018213606036528794
2019-05-14,20,2,multiclass_probability_sum,0,0.6199820724645297,0.46,1,-0.0033931577997764646,-0.0197410964650186
2019-03-28,20,2,multiclass_probability_sum,0,0.5112473823817241,0.46,1,-0.003403616822799927,-0.021262521697871975
2019-07-11,20,2,multiclass_probability_sum,0,0.4674406404158032,0.46,1,-0.0034700398712623924,-0.01442975985174241
2019-07-09,20,2,multiclass_probability_sum,0,0.4986047141591193,0.46,1,-0.004592335574122841,-0.004592335574122841
2019-07-23,20,2,multiclass_probability_sum,0,0.4788126383381557,0.46,1,-0.004852780110896147,-0.025435465196099967
2019-08-12,20,2,multiclass_probability_sum,0,0.54798519989899,0.46,1,-0.00519129236290615,-0.008732690630181707
2019-05-07,20,2,multiclass_probability_sum,0,0.6414294524764481,0.46,1,-0.006706089929227731,-0.01164910785094423
2019-08-23,20,2,multiclass_probability_sum,0,0.5475454398010626,0.46,1,-0.006773860700850078,-0.023592155289832883
2019-08-02,20,2,multiclass_probability_sum,0,0.5742382042846115,0.46,1,-0.007128566609590218,-0.027091562840029063
2019-04-12,20,2,multiclass_probability_sum,0,0.5465012344964271,0.46,1,-0.007362472563163788,-0.03719773278016744
2019-12-09,20,2,multiclass_probability_sum,0,0.5358749750664621,0.46,1,-0.007460007375027002,-0.015575192669453064
2019-11-29,20,2,multiclass_probability_sum,0,0.5141233882073446,0.46,1,-0.007486101984022797,-0.020418217196327627
2019-07-10,20,2,multiclass_probability_sum,0,0.48511692823031405,0.46,1,-0.007960528328810895,-0.009328021574953538
2019-12-06,20,2,multiclass_probability_sum,0,0.5510142520696024,0.46,1,-0.008096535229210621,-0.012984007463246674
2019-04-26,20,2,multiclass_probability_sum,0,0.5136629280877876,0.46,1,-0.008302715824406072,-0.03387550444501092
2019-07-30,20,2,multiclass_probability_sum,0,0.5862850046076165,0.46,1,-0.009404953138723878,-0.021952763799943823
2019-05-02,20,2,multiclass_probability_sum,0,0.5233251256096408,0.46,1,-0.009405359295388887,-0.032711134043714715
2019-05-31,20,2,multiclass_probability_sum,0,0.6455082500445434,0.46,1,-0.010409451943424842,-0.017625351825661176
2019-04-11,20,2,multiclass_probability_sum,0,0.5176757041841196,0.46,1,-0.010511977466419494,-0.04029599058527876
2019-05-24,20,2,multiclass_probability_sum,0,0.5975389723913441,0.46,1,-0.01122739514091981,-0.02719023954449249
2019-12-10,20,2,multiclass_probability_sum,0,0.5758536938961877,0.46,1,-0.011858012071671517,-0.011858012071671517
2020-01-08,20,2,multiclass_probability_sum,0,0.5339611649330602,0.46,1,-0.011978984157330745,-0.02461068587416849
2019-05-06,20,2,multiclass_probability_sum,0,0.6375423734942454,0.46,1,-0.012077187814464822,-0.012077187814464822
2019-11-28,20,2,multiclass_probability_sum,0,0.5312834316856199,0.46,1,-0.012234597756595312,-0.02004730113244007
2019-05-28,20,2,multiclass_probability_sum,0,0.5741101567017263,0.46,1,-0.01228711249989959,-0.029219045150707192
2019-05-27,20,2,multiclass_probability_sum,0,0.5727028453265173,0.46,1,-0.01268341400751953,-0.03244429112368448
2019-05-29,20,2,multiclass_probability_sum,0,0.5807037817820336,0.46,1,-0.01285581784393675,-0.028745682103289087
2019-07-17,20,2,multiclass_probability_sum,0,0.5029767926771233,0.46,1,-0.013999859704565746,-0.018447713452186966
2019-07-31,20,2,multiclass_probability_sum,0,0.5426159809188384,0.46,1,-0.0146275691831264,-0.027656432027313653
2019-05-03,20,2,multiclass_probability_sum,0,0.5894561163989707,0.46,1,-0.014746753830931983,-0.02824537768724655
2019-07-16,20,2,multiclass_probability_sum,0,0.48459957371972084,0.46,1,-0.01568063982375659,-0.017979443801754702
2019-03-21,20,2,multiclass_probability_sum,0,0.6076277580669391,0.46,1,-0.015986048778058932,-0.020040998306504042
2019-04-10,20,2,multiclass_probability_sum,0,0.5782093584109089,0.46,1,-0.01701928356887639,-0.036190001667458734
2020-12-17,20,2,candidate_risk_off,0,0.6026420444525163,0.57,1,0.12700204589722436,0.014807535459071354
2020-12-11,20,2,candidate_risk_off,0,0.6116799463656196,0.57,1,0.1247148192804355,0.005539335239784134
2020-12-10,20,2,candidate_risk_off,0,0.6693364077326758,0.57,1,0.12458553088434743,0.014493216658684761
2020-12-15,20,2,candidate_risk_off,0,0.6096733577512631,0.57,1,0.11683179984726685,-0.003322199122111105
2020-12-14,20,2,candidate_risk_off,0,0.5773165205287184,0.57,1,0.11374746657910484,-0.01164551457485387
2020-11-16,20,2,candidate_risk_off,0,0.5988716617974393,0.57,1,0.1125820348187735,0.018868189419210448
2020-12-18,20,2,candidate_risk_off,0,0.5900064153224454,0.57,1,0.11030023711320881,5.620661553331797e-05
2020-12-09,20,2,candidate_risk_off,0,0.5894355855022283,0.57,1,0.10700573127471243,-0.007941917263124128
2020-12-16,20,2,candidate_risk_off,0,0.597567570671059,0.57,1,0.10692444264996757,-0.014367140970939841
2020-12-08,20,2,candidate_risk_off,0,0.6102620246924418,0.57,1,0.10499999753788625,0.0016018099018983414
2020-07-27,20,2,candidate_risk_off,0,0.6203986369346595,0.57,1,0.10107456324693004,0.007195416860559414
2020-07-29,20,2,candidate_risk_off,0,0.6006392955229939,0.57,1,0.09937811268691556,0.00950152816203515
2020-12-07,20,2,candidate_risk_off,0,0.5885827408835884,0.57,1,0.09493234293354519,-0.0006992871441310618
2020-12-04,20,2,candidate_risk_off,0,0.5869736772018207,0.57,1,0.09248589443629367,0.007577751730749735
2020-11-18,20,2,candidate_risk_off,0,0.6015442722014627,0.57,1,0.09166823820818998,0.009944940635203504
2020-12-24,20,2,candidate_risk_off,0,0.6517987108084947,0.57,1,0.08890961665820386,0.015707080542987972
2020-07-30,20,2,candidate_risk_off,0,0.5912197849696529,0.57,1,0.08786917182340435,-0.003426031159479446
2020-11-11,20,2,candidate_risk_off,0,0.5792452890268665,0.57,1,0.08734300304972722,-0.0015028825588478435
2020-12-01,20,2,candidate_risk_off,0,0.5702456555201875,0.57,1,0.0860155432933625,0.005387544602800859
2020-11-24,20,2,candidate_risk_off,0,0.6158814251044018,0.57,1,0.08439940847224336,0.004189012489342879
2020-11-30,20,2,candidate_risk_off,0,0.6149263089557112,0.57,1,0.0843218693914949,0.005755626117826618
2020-11-05,20,2,candidate_risk_off,0,0.6053693792984581,0.57,1,0.08387841965905866,0.0005756807050099062
2020-11-23,20,2,candidate_risk_off,0,0.6428013589994646,0.57,1,0.08378748517972445,0.0015779294210976843
2020-12-03,20,2,candidate_risk_off,0,0.5973842865467183,0.57,1,0.07921565765929468,0.0016558160634956485
2020-12-02,20,2,candidate_risk_off,0,0.6120218547495476,0.57,1,0.07885287453472573,0.005388092401362768
2020-11-10,20,2,candidate_risk_off,0,0.6154863654581784,0.57,1,0.0781353891580411,-0.0011667692855114582
2020-11-04,20,2,candidate_risk_off,0,0.5795849530839732,0.57,1,0.0763491927040621,-0.002141134553633845
2020-12-23,20,2,candidate_risk_off,0,0.6597796551702828,0.57,1,0.07610074183286797,-0.010603802267021933
2020-11-25,20,2,candidate_risk_off,0,0.6272498302074871,0.57,1,0.07600200537522936,0.003135268317000039
2020-11-20,20,2,candidate_risk_off,0,0.6262316389249036,0.57,1,0.07533233054610348,0.004223392142988823
2020-12-25,20,2,candidate_risk_off,0,0.5832685524039046,0.57,1,0.07257668680444085,0.00635185405729938
2020-07-28,20,2,candidate_risk_off,0,0.6036538403865638,0.57,1,0.07204385003504597,-0.028078144260225833
2020-11-02,20,2,candidate_risk_off,0,0.575803493060026,0.57,1,0.07169677839496684,0.0018511687441846105
2020-11-27,20,2,candidate_risk_off,0,0.6086747197953034,0.57,1,0.0708771529354972,-0.007092862398698215
2020-11-19,20,2,candidate_risk_off,0,0.6256647867490006,0.57,1,0.06735615660204668,0.00683136151501463
2020-04-07,20,2,candidate_risk_off,0,0.5827011916308724,0.57,1,0.0646272421076676,0.001779609892233747
2020-04-06,20,2,candidate_risk_off,0,0.5979723540164109,0.57,1,0.06036031015711503,0.013401484074900733
2020-11-26,20,2,candidate_risk_off,0,0.6109498690597374,0.57,1,0.05938595114880374,-0.002876983642403693
2019-06-27,20,2,candidate_risk_off,0,0.6369722836799454,0.57,1,0.05350955981660503,0.007215899882236328
2020-10-27,20,2,candidate_risk_off,0,0.655984053461172,0.57,1,0.05076699026674213,-0.02936610471647746
2020-12-22,20,2,candidate_risk_off,0,0.5720736421570747,0.57,1,0.04620027867246464,-0.014812192874692983
2020-09-29,20,2,candidate_risk_off,0,0.6054915138511059,0.57,1,0.04593203817234574,0.0013597247270958413
2019-06-28,20,2,candidate_risk_off,0,0.6452456143512073,0.57,1,0.04468424450876656,0.010940627259386904
2020-10-26,20,2,candidate_risk_off,0,0.6694010435889614,0.57,1,0.044624599785585466,-0.03393056577653635
2020-09-24,20,2,candidate_risk_off,0,0.5903633103871999,0.57,1,0.04447377469951765,-0.005075704942984885
2020-06-15,20,2,candidate_risk_off,0,0.6056321505296495,0.57,1,0.04262367873939578,-0.008880474389333908
2020-09-22,20,2,candidate_risk_off,0,0.5757285151925101,0.57,1,0.041321985373733855,-0.002441760826925267
2020-09-28,20,2,candidate_risk_off,0,0.5786548449297324,0.57,1,0.04111565002939229,-0.009380849203012276
2020-12-28,20,2,candidate_risk_off,0,0.6057033848514455,0.57,1,0.04022181261449624,0.005674175863858344
2019-06-18,20,2,candidate_risk_off,0,0.6724101019941254,0.57,1,0.03956655906465657,-0.0009538344866621582
2019-10-07,20,2,candidate_risk_off,0,0.6032717059791731,0.57,1,0.03923675349983921,0.00047797016138885837
2019-10-09,20,2,candidate_risk_off,0,0.5823274005922022,0.57,1,0.03684946467368815,-0.0043319755883622635
2019-10-10,20,2,candidate_risk_off,0,0.5823766618661098,0.57,1,0.036446131641403194,-0.00387632782656924
2019-10-08,20,2,candidate_risk_off,0,0.5723213158229155,0.57,1,0.03589843671437548,-0.004726702447565098
2020-10-22,20,2,candidate_risk_off,0,0.6039164686139255,0.57,1,0.03451686571748417,-0.03298354618663422
2019-06-19,20,2,candidate_risk_off,0,0.6657325618286063,0.57,1,0.03403597247229007,-0.00695269072946088
2019-12-24,20,2,candidate_risk_off,0,0.5728109122893992,0.57,1,0.033412667521402754,-0.010378213137619656
2019-07-03,20,2,candidate_risk_off,0,0.6527454154049253,0.57,1,0.03204085463525454,0.006186635466783984
2020-07-24,20,2,candidate_risk_off,0,0.626564891479284,0.57,1,0.03043098575404653,-0.05451288528519017
2019-06-25,20,2,candidate_risk_off,0,0.6172024432743891,0.57,1,0.030090647808194284,-0.0178857671374698
2019-06-26,20,2,candidate_risk_off,0,0.6043051222321378,0.57,1,0.030070967855582786,-0.016843698746014463
2019-06-13,20,2,candidate_risk_off,0,0.6678833392065244,0.57,1,0.029607442848981105,-0.007363266752325355
2020-10-23,20,2,candidate_risk_off,0,0.6203986268335219,0.57,1,0.029460019241957718,-0.0448717541771754
2020-09-07,20,2,candidate_risk_off,0,0.582873041692948,0.57,1,0.029321042429757638,0.000641505421337044
2020-09-23,20,2,candidate_risk_off,0,0.5741272094817783,0.57,1,0.0286593421230509,-0.009380849203012276
2020-09-08,20,2,candidate_risk_off,0,0.5768202301235885,0.57,1,0.028277284029354907,-0.0014840134036206187
2019-10-04,20,2,candidate_risk_off,0,0.5956778013438683,0.57,1,0.027957371522973378,-0.004566959446908403
2020-10-12,20,2,candidate_risk_off,0,0.5709312133996387,0.57,1,0.027863898055356953,-0.007317462769655638
2019-12-23,20,2,candidate_risk_off,0,0.5928031827690583,0.57,1,0.02769217963978047,-0.010951634550290749
2019-12-19,20,2,candidate_risk_off,0,0.6101250877926608,0.57,1,0.027652676929890565,-0.003450383175266673
2019-06-17,20,2,candidate_risk_off,0,0.6500437359201612,0.57,1,0.02665462986410589,-0.004063368658674628
2019-06-06,20,2,candidate_risk_off,0,0.665654228877273,0.57,1,0.025849194599525394,-0.005393071887585847
2019-07-04,20,2,candidate_risk_off,0,0.6165361057133768,0.57,1,0.024716675683803712,-0.006899103878704171
2019-07-02,20,2,candidate_risk_off,0,0.6515281996688077,0.57,1,0.024682977943776628,-0.001654208464108109
2019-04-18,20,2,candidate_risk_off,0,0.6780863554357465,0.57,1,0.024624176643222914,-0.01601659956993887
2020-10-16,20,2,candidate_risk_off,0,0.5801010456628197,0.57,1,0.024079630542931402,-0.02601119594630493
2019-12-18,20,2,candidate_risk_off,0,0.630229079429505,0.57,1,0.02407877674229779,-0.0022630278431935848
2019-06-21,20,2,candidate_risk_off,0,0.636983853854884,0.57,1,0.02383787689585791,-0.016916678890234862
2019-12-20,20,2,candidate_risk_off,0,0.6075599341104055,0.57,1,0.02296694301866631,-0.0077989678334543355
2019-06-14,20,2,candidate_risk_off,0,0.6545764538688575,0.57,1,0.02259286044266944,-0.011071858010213096
2020-10-07,20,2,candidate_risk_off,0,0.6013393488907328,0.57,1,0.021555247621830288,-0.0009572709807678487
2020-10-06,20,2,candidate_risk_off,0,0.5892764858891203,0.57,1,0.02132889809283388,0.003455967157583461
2020-10-05,20,2,candidate_risk_off,0,0.6078488558466231,0.57,1,0.020559489773204043,0.0010817604245548903
2019-09-03,20,2,candidate_risk_off,0,0.6186154379792805,0.57,1,0.020445897806396704,-0.010314818934005938
2020-10-08,20,2,candidate_risk_off,0,0.5927523997352171,0.57,1,0.020371384048964384,0.00026116479647007846
2019-06-12,20,2,candidate_risk_off,0,0.6858894390431253,0.57,1,0.02021004350952242,-0.011658927814995286
2019-06-03,20,2,candidate_risk_off,0,0.6964152435760406,0.57,1,0.020020751558894285,-0.003556349602910216
2019-06-24,20,2,candidate_risk_off,0,0.614898728640785,0.57,1,0.01973440429655077,-0.0207147116028272
2019-08-29,20,2,candidate_risk_off,0,0.5865547599854575,0.57,1,0.019480182694388205,-0.0095282819543117
2019-09-11,20,2,candidate_risk_off,0,0.5966459418163104,0.57,1,0.018926139996944067,0.00694982698396375
2019-09-10,20,2,candidate_risk_off,0,0.6074776101389833,0.57,1,0.01834126820699308,-0.0009795986491536375
2019-04-19,20,2,candidate_risk_off,0,0.6623548853049231,0.57,1,0.01802109292856459,-0.020071549098384066
2019-06-07,20,2,candidate_risk_off,0,0.6667262040450028,0.57,1,0.017646117317804345,-0.01595708601771863
2019-06-20,20,2,candidate_risk_off,0,0.6478211281973716,0.57,1,0.017435061822101347,-0.016895827963931614
2020-10-15,20,2,candidate_risk_off,0,0.5820486736511997,0.57,1,0.017371259722990647,-0.02543857363868452
2020-09-30,20,2,candidate_risk_off,0,0.575483264645504,0.57,1,0.017347362617496014,0.005178732540228374
2019-04-22,20,2,candidate_risk_off,0,0.6463691620156407,0.57,1,0.017295165188918448,-0.01970924338085979
2020-10-02,20,2,candidate_risk_off,0,0.6063497154129057,0.57,1,0.016956023056360327,0.005228583809935716
2019-07-05,20,2,candidate_risk_off,0,0.6163837495908684,0.57,1,0.016029309254069923,-0.009260040727115981
2019-09-05,20,2,candidate_risk_off,0,0.6076659284428013,0.57,1,0.015904948224733054,-0.007687207065099888
2020-10-09,20,2,candidate_risk_off,0,0.5737276346177578,0.57,1,0.01534699802532249,-0.005338901932181662
2019-04-17,20,2,candidate_risk_off,0,0.664199531208133,0.57,1,0.015343063192532069,-0.02614902703460707
2019-12-17,20,2,candidate_risk_off,0,0.6083762308922852,0.57,1,0.01408232099019604,-0.005307393922479388
2019-09-04,20,2,candidate_risk_off,0,0.5993457055200234,0.57,1,0.013774966138574454,-0.008546797175437177
2019-09-06,20,2,candidate_risk_off,0,0.6041516180917528,0.57,1,0.013774196069643417,-0.004908957624457802
2019-08-28,20,2,candidate_risk_off,0,0.6172422403830805,0.57,1,0.013709494653723314,-0.008168259248067179
2019-08-06,20,2,candidate_risk_off,0,0.6461788335323717,0.57,1,0.01340740077155723,0.0013674932461426568
2020-10-14,20,2,candidate_risk_off,0,0.5773853075043146,0.57,1,0.01272475423659199,-0.02269817658450156
2019-08-30,20,2,candidate_risk_off,0,0.6030260359003909,0.57,1,0.012622477774764659,-0.015102392634318701
2019-09-12,20,2,candidate_risk_off,0,0.5915379214166065,0.57,1,0.011520665251187211,0.007166367263228878
2019-06-04,20,2,candidate_risk_off,0,0.677971452620816,0.57,1,0.011311368081104486,-0.008499367524626801
2019-08-07,20,2,candidate_risk_off,0,0.6223266907219148,0.57,1,0.01118031741507729,0.0009313107318555851
2019-08-27,20,2,candidate_risk_off,0,0.6385019033442196,0.57,1,0.01070225938355022,-0.007687207065099888
2020-06-11,20,2,candidate_risk_off,0,0.6129663614695658,0.57,1,0.010425422583736658,-0.04994893390379931
2019-08-16,20,2,candidate_risk_off,0,0.5979799773563507,0.57,1,0.010010947322681447,-0.010968093495863791
2019-10-02,20,2,candidate_risk_off,0,0.5852319010437231,0.57,1,0.009738641684204477,-0.008205569066818796
2019-06-05,20,2,candidate_risk_off,0,0.6774736629762249,0.57,1,0.009394357195599288,-0.008762169946023994
2020-09-04,20,2,candidate_risk_off,0,0.5877567944554717,0.57,1,0.00924128136830604,-0.014851177251515989
2019-09-09,20,2,candidate_risk_off,0,0.5790385768893733,0.57,1,0.009166173076892128,-0.00495002117030078
2020-06-12,20,2,candidate_risk_off,0,0.5819815527407048,0.57,1,0.008865991103110784,-0.04550034809041714
2019-08-15,20,2,candidate_risk_off,0,0.6105303424686124,0.57,1,0.007973193871194455,-0.010335240225244824
2019-08-14,20,2,candidate_risk_off,0,0.6423519471842684,0.57,1,0.007362576832462625,0.0004127498484988585
2019-06-11,20,2,candidate_risk_off,0,0.672228318262621,0.57,1,0.007228997055534427,-0.01990428826815241
2019-07-08,20,2,candidate_risk_off,0,0.63687058811223,0.57,1,0.007012145257107346,0.0027901227152799146
2019-08-05,20,2,candidate_risk_off,0,0.6224260314079004,0.57,1,0.006361064414175718,-0.008814358115950334
2019-07-24,20,2,candidate_risk_off,0,0.6117453271011533,0.57,1,0.006021835938840579,-0.02437371685203324
2019-05-10,20,2,candidate_risk_off,0,0.7103076009899183,0.57,1,0.0059974117793444815,-0.00640332463546395
2019-12-16,20,2,candidate_risk_off,0,0.6094371055064914,0.57,1,0.005735132159278753,-0.01307563972175996
2019-08-26,20,2,candidate_risk_off,0,0.6096540693126171,0.57,1,0.005327230623868615,-0.013902559246863446
2019-09-13,20,2,candidate_risk_off,0,0.5811508436321722,0.57,1,0.004668891688416335,-0.00419223984924644
2019-05-13,20,2,candidate_risk_off,0,0.6934214839676336,0.57,1,0.004538270758571721,-0.012672019061686622
2019-09-16,20,2,candidate_risk_off,0,0.6066813272356822,0.57,1,0.0037409984993754387,-0.006862846571352442
2019-06-10,20,2,candidate_risk_off,0,0.6649647870704645,0.57,1,0.0035765231852384212,-0.020766639423168518
2019-07-18,20,2,candidate_risk_off,0,0.6172155337033972,0.57,1,0.003405903784895885,-0.011789940036469056
2019-09-26,20,2,candidate_risk_off,0,0.572096254503913,0.57,1,0.0028724791086700095,-0.007761559654597735
2019-07-15,20,2,candidate_risk_off,0,0.6037027020840697,0.57,1,0.0028544458349634583,-0.008177048773216549
2020-05-27,20,2,candidate_risk_off,0,0.5847003633624113,0.57,1,0.002597267924451547,-0.029600669983685587
2019-08-13,20,2,candidate_risk_off,0,0.6532184293766291,0.57,1,0.002561799618121973,0.0021490497696231656
2019-07-25,20,2,candidate_risk_off,0,0.5959007786911882,0.57,1,0.0023190336713990733,-0.030968610067041064
2019-04-23,20,2,candidate_risk_off,0,0.6528883207582251,0.57,1,0.0020949115776473766,-0.0219224344841608
2019-12-05,20,2,candidate_risk_off,0,0.6015574616670867,0.57,1,0.0019394222039348507,-0.012682994917054598
2019-05-09,20,2,candidate_risk_off,0,0.7057282911926998,0.57,1,0.0012663439182393392,-0.0005703783664362699
2019-12-04,20,2,candidate_risk_off,0,0.5842687808924835,0.57,1,0.0007968663911221969,-0.0154095577698012
2019-09-25,20,2,candidate_risk_off,0,0.5702663199123457,0.57,1,0.000496179931094838,-0.004273272201457231
2019-05-08,20,2,candidate_risk_off,0,0.7051847951273716,0.57,1,0.00019972354123654819,-0.005006096801877058
2019-09-30,20,2,candidate_risk_off,0,0.5875623199786939,0.57,1,-8.027937225833665e-05,-0.013608676161890565
2019-08-09,20,2,candidate_risk_off,0,0.6340951877617501,0.57,1,-0.0002258193659966304,-0.0077376401544193545
2019-12-13,20,2,candidate_risk_off,0,0.603378692835924,0.57,1,-0.0003519632338276393,-0.01796242868570413
2019-09-18,20,2,candidate_risk_off,0,0.5775769679420667,0.57,1,-0.0006936032967891672,-0.012192807149282826
2019-04-16,20,2,candidate_risk_off,0,0.624112992028706,0.57,1,-0.0007063701570803637,-0.03135098616084908
2019-07-26,20,2,candidate_risk_off,0,0.6028253508869788,0.57,1,-0.0009064357554858315,-0.029359194641438796
2019-09-24,20,2,candidate_risk_off,0,0.5771945032123947,0.57,1,-0.000951744599311199,-0.005113595623539197
2019-07-22,20,2,candidate_risk_off,0,0.6159708816759815,0.57,1,-0.0010290005849197044,-0.01790816614981403
2019-07-12,20,2,candidate_risk_off,0,0.6243222553785955,0.57,1,-0.0010873245709010061,-0.01112376870331856
2019-09-20,20,2,candidate_risk_off,0,0.5932981684413122,0.57,1,-0.0011719777453319577,-0.007367840976646597
2019-08-08,20,2,candidate_risk_off,0,0.6190867299191625,0.57,1,-0.00119015875990205,-0.008660916002481898
2019-12-11,20,2,candidate_risk_off,0,0.5727660348947916,0.57,1,-0.0016962120272963719,-0.013398010711162983
2019-04-24,20,2,candidate_risk_off,0,0.6327144520097941,0.57,1,-0.0018237149404701958,-0.031095112581470474
2020-12-29,20,2,candidate_risk_off,0,0.6011151799100232,0.57,1,-0.0021122985465347782,-0.0021122985465347782
2019-03-25,20,2,candidate_risk_off,0,0.580271874304035,0.57,1,-0.0021361465655404914,-0.008041981479762468
2019-04-25,20,2,candidate_risk_off,0,0.6386499236186093,0.57,1,-0.0021889605016105975,-0.028235112169633415
2019-09-23,20,2,candidate_risk_off,0,0.6001635737586916,0.57,1,-0.0022241301804010833,-0.002702100341789909
2019-03-29,20,2,candidate_risk_off,0,0.6365469486234479,0.57,1,-0.0023069944799077734,-0.01900152895368352
2019-07-19,20,2,candidate_risk_off,0,0.6150262735937647,0.57,1,-0.0023849089445449113,-0.018213606036528794
2019-05-14,20,2,candidate_risk_off,0,0.6897288998240454,0.57,1,-0.0033931577997764646,-0.0197410964650186
2019-03-28,20,2,candidate_risk_off,0,0.5702990102018944,0.57,1,-0.003403616822799927,-0.021262521697871975
2019-07-11,20,2,candidate_risk_off,0,0.5973478830511761,0.57,1,-0.0034700398712623924,-0.01442975985174241
2019-07-09,20,2,candidate_risk_off,0,0.621479818770392,0.57,1,-0.004592335574122841,-0.004592335574122841
2019-07-23,20,2,candidate_risk_off,0,0.5941398187864103,0.57,1,-0.004852780110896147,-0.025435465196099967
2019-08-12,20,2,candidate_risk_off,0,0.6312380941581167,0.57,1,-0.00519129236290615,-0.008732690630181707
2019-05-07,20,2,candidate_risk_off,0,0.6925395884372607,0.57,1,-0.006706089929227731,-0.01164910785094423
2019-08-23,20,2,candidate_risk_off,0,0.5951700834760804,0.57,1,-0.006773860700850078,-0.023592155289832883
2019-08-02,20,2,candidate_risk_off,0,0.6157892358426932,0.57,1,-0.007128566609590218,-0.027091562840029063
2019-04-12,20,2,candidate_risk_off,0,0.6102102495967505,0.57,1,-0.007362472563163788,-0.03719773278016744
2019-12-09,20,2,candidate_risk_off,0,0.5994713456906106,0.57,1,-0.007460007375027002,-0.015575192669453064
2020-05-28,20,2,candidate_risk_off,0,0.5782902913973151,0.57,1,-0.007925541783334425,-0.03415017837478513
2019-07-10,20,2,candidate_risk_off,0,0.6147656784148692,0.57,1,-0.007960528328810895,-0.009328021574953538
2019-12-06,20,2,candidate_risk_off,0,0.5915151157168783,0.57,1,-0.008096535229210621,-0.012984007463246674
2019-04-26,20,2,candidate_risk_off,0,0.6191200154962071,0.57,1,-0.008302715824406072,-0.03387550444501092
2019-07-30,20,2,candidate_risk_off,0,0.5970058682521633,0.57,1,-0.009404953138723878,-0.021952763799943823
2019-05-02,20,2,candidate_risk_off,0,0.6101988904744952,0.57,1,-0.009405359295388887,-0.032711134043714715
2019-05-31,20,2,candidate_risk_off,0,0.635090849664909,0.57,1,-0.010409451943424842,-0.017625351825661176
2019-04-11,20,2,candidate_risk_off,0,0.6025443896018647,0.57,1,-0.010511977466419494,-0.04029599058527876
2019-05-24,20,2,candidate_risk_off,0,0.6605345834710081,0.57,1,-0.01122739514091981,-0.02719023954449249
2019-12-10,20,2,candidate_risk_off,0,0.5962996081824873,0.57,1,-0.011858012071671517,-0.011858012071671517
2019-05-06,20,2,candidate_risk_off,0,0.6847275828560965,0.57,1,-0.012077187814464822,-0.012077187814464822
2019-11-28,20,2,candidate_risk_off,0,0.5706758202147355,0.57,1,-0.012234597756595312,-0.02004730113244007
2019-05-28,20,2,candidate_risk_off,0,0.6445832370735383,0.57,1,-0.01228711249989959,-0.029219045150707192
2019-05-27,20,2,candidate_risk_off,0,0.6447762947251855,0.57,1,-0.01268341400751953,-0.03244429112368448
2019-05-29,20,2,candidate_risk_off,0,0.6394943204452647,0.57,1,-0.01285581784393675,-0.028745682103289087
2019-07-17,20,2,candidate_risk_off,0,0.5998016537326679,0.57,1,-0.013999859704565746,-0.018447713452186966
2019-07-31,20,2,candidate_risk_off,0,0.594766600373464,0.57,1,-0.0146275691831264,-0.027656432027313653
2019-04-01,20,2,candidate_risk_off,0,0.6050470021195002,0.57,1,-0.01466396068414377,-0.02689273880145155
2019-05-03,20,2,candidate_risk_off,0,0.6258985854433508,0.57,1,-0.014746753830931983,-0.02824537768724655
2019-07-16,20,2,candidate_risk_off,0,0.5792169616255742,0.57,1,-0.01568063982375659,-0.017979443801754702
2019-03-21,20,2,candidate_risk_off,0,0.6407453119155727,0.57,1,-0.015986048778058932,-0.020040998306504042
2019-04-10,20,2,candidate_risk_off,0,0.6137427129956338,0.57,1,-0.01701928356887639,-0.036190001667458734
2015-05-18,40,0,multiclass_probability_sum,0,0.6764473825750899,0.4,1,0.18124967775059747,0.014768933354776073
2015-05-19,40,0,multiclass_probability_sum,0,0.6824718986609086,0.4,1,0.17375636085453394,0.024437237093852704
2015-05-15,40,0,multiclass_probability_sum,0,0.6448438448594922,0.4,1,0.15457588605868372,-0.01592321643119909
2015-05-12,40,0,multiclass_probability_sum,0,0.6607077548366973,0.4,1,0.1464456595486036,-0.028808730022258564
2015-05-13,40,0,multiclass_probability_sum,0,0.6718783721056938,0.4,1,0.13804158149285048,-0.025883863832921683
2015-05-20,40,0,multiclass_probability_sum,0,0.5339959691879889,0.4,1,0.13703144099724907,0.004461944899304966
2015-05-14,40,0,multiclass_probability_sum,0,0.658901702856433,0.4,1,0.13472162003410468,-0.0274853220540857
2015-05-21,40,0,multiclass_probability_sum,0,0.5709650601740619,0.4,1,0.12622501349920545,0.016619489113366765
2015-05-11,40,0,multiclass_probability_sum,0,0.6850496450691973,0.4,1,0.12515354637806433,-0.0420561319880878
2016-04-04,40,0,multiclass_probability_sum,0,0.6612723443440991,0.4,1,0.11469574215194313,0.008063548269531803
2015-08-24,40,0,multiclass_probability_sum,0,0.511105609410233,0.4,1,0.11381724565273696,0.005771557590542049
2015-05-22,40,0,multiclass_probability_sum,0,0.45719348095505236,0.4,1,0.11236133443398102,0.0020981142456063745
2015-08-25,40,0,multiclass_probability_sum,0,0.4758440964946345,0.4,1,0.10768996386326954,0.02957822026150403
2015-05-27,40,0,multiclass_probability_sum,0,0.4736908459099731,0.4,1,0.10603992045479349,0.002503571539868269
2015-05-08,40,0,multiclass_probability_sum,0,0.608431301960199,0.4,1,0.10585993106372275,-0.047190931460126366
2016-04-01,40,0,multiclass_probability_sum,0,0.5814435417741162,0.4,1,0.10436437115601187,-0.004684774105441723
2016-04-05,40,0,multiclass_probability_sum,0,0.651226188340185,0.4,1,0.10423909898405294,0.013243582951140233
2015-05-29,40,0,multiclass_probability_sum,0,0.5043062419361408,0.4,1,0.10285368913545757,-0.002918786029406957
2015-06-02,40,0,multiclass_probability_sum,0,0.5449111090430581,0.4,1,0.10187036208420154,-0.004234725756272433
2015-06-01,40,0,multiclass_probability_sum,0,0.44424275310940564,0.4,1,0.10001388849990712,-0.012389910700339034
2015-05-28,40,0,multiclass_probability_sum,0,0.4206227833240165,0.4,1,0.09807185748331572,-0.00888801243978605
2016-05-23,40,0,multiclass_probability_sum,0,0.6204063988620911,0.4,1,0.09734193804784698,-0.011009104337073247
2015-05-25,40,0,multiclass_probability_sum,0,0.5157140480491114,0.4,1,0.097310438569069,0.006162147203828059
2016-03-31,40,0,multiclass_probability_sum,0,0.5396520852617259,0.4,1,0.09708719272235797,-0.00966848468408059
2015-06-04,40,0,multiclass_probability_sum,0,0.5207402024391656,0.4,1,0.09639764065870962,0.00894073789413983
2015-06-03,40,0,multiclass_probability_sum,0,0.5757702103938716,0.4,1,0.0953261876161375,0.0019175123960645543
2016-04-19,40,0,multiclass_probability_sum,0,0.5556748060428007,0.4,1,0.09531337924634223,-0.00044002077607992277
2016-04-08,40,0,multiclass_probability_sum,0,0.5364237045956181,0.4,1,0.09259991828482432,-0.0075589861573754765
2015-05-07,40,0,multiclass_probability_sum,0,0.6359490675097044,0.4,1,0.09106297948386582,-0.044427925070252096
2016-01-21,40,0,multiclass_probability_sum,0,0.4315299751605094,0.4,1,0.08935590932480168,0.00068957593814027
2016-04-07,40,0,multiclass_probability_sum,0,0.5345740269331043,0.4,1,0.0887520468221259,-0.006265211827916056
2016-04-06,40,0,multiclass_probability_sum,0,0.5646881977991127,0.4,1,0.08804848790015404,0.00042260217916889
2015-09-03,40,0,multiclass_probability_sum,0,0.4947012256064976,0.4,1,0.08785292548844208,0.0011359232399807786
2016-05-24,40,0,multiclass_probability_sum,0,0.5759128364460253,0.4,1,0.0878176529104059,-0.011974221166576994
2016-05-26,40,0,multiclass_probability_sum,0,0.6301752231217859,0.4,1,0.08745115407523311,0.006218833189060262
2015-09-04,40,0,multiclass_probability_sum,0,0.494966584746541,0.4,1,0.08691409191660052,-0.0033820889633103977
2016-04-20,40,0,multiclass_probability_sum,0,0.5712649689795575,0.4,1,0.08633483414167255,0.013464566570469298
2016-08-03,40,0,multiclass_probability_sum,0,0.651640303021489,0.4,1,0.08631582211141219,-0.0067037582271959285
2016-04-11,40,0,multiclass_probability_sum,0,0.5103377946189419,0.4,1,0.08594913192569442,-0.01959445589476072
2016-08-05,40,0,multiclass_probability_sum,0,0.6917948267023972,0.4,1,0.08499970649896928,0.0032939521369225355
2016-04-21,40,0,multiclass_probability_sum,0,0.5494122334496377,0.4,1,0.08444612473180846,0.027158122840823452
2015-05-26,40,0,multiclass_probability_sum,0,0.4714259933478569,0.4,1,0.08352475807213249,-0.0012701998743992523
2016-08-08,40,0,multiclass_probability_sum,0,0.6690195034440212,0.4,1,0.08338796357205507,0.012440956168125778
2016-12-13,40,0,multiclass_probability_sum,0,0.5508515115171204,0.4,1,0.08335777949190243,0.011829066419069929
2015-09-14,40,0,multiclass_probability_sum,0,0.4999385840295429,0.4,1,0.08273604422012278,-0.0017447661455104219
2016-04-12,40,0,multiclass_probability_sum,0,0.4937621682216835,0.4,1,0.082713615461652,-0.020577969186763495
2015-09-07,40,0,multiclass_probability_sum,0,0.5334946210054459,0.4,1,0.08267712788421412,0.011217549444434127
2015-05-04,40,0,multiclass_probability_sum,0,0.6851520299191893,0.4,1,0.0821516755124733,-0.030038663448836492
2016-01-20,40,0,multiclass_probability_sum,0,0.4551215713029302,0.4,1,0.0820457215718172,-0.014382167775754816
2016-08-04,40,0,multiclass_probability_sum,0,0.6915750582583178,0.4,1,0.08168951131353082,-0.007226096096695463
2016-05-18,40,0,multiclass_probability_sum,0,0.6217532981738181,0.4,1,0.08122714902191618,-0.029526350362296592
2015-08-27,40,0,multiclass_probability_sum,0,0.472848224776463,0.4,1,0.07939894909814099,-0.0027204528042719524
2016-12-20,40,0,multiclass_probability_sum,0,0.47244320372849247,0.4,1,0.07914847448853245,-0.0003169548214985459
2016-03-21,40,0,multiclass_probability_sum,0,0.5200794858686797,0.4,1,0.07881741429384959,-0.029166407153712506
2016-04-15,40,0,multiclass_probability_sum,0,0.5176502602035524,0.4,1,0.07819174295738161,-0.0206124608656494
2016-03-18,40,0,multiclass_probability_sum,0,0.4834439806562736,0.4,1,0.07786819197020366,-0.03535061102963611
2016-05-20,40,0,multiclass_probability_sum,0,0.646616923383162,0.4,1,0.07781189054647668,-0.017176323518840825
2015-09-11,40,0,multiclass_probability_sum,0,0.5383798835982829,0.4,1,0.07741970009595676,-0.009841115657749972
2016-05-12,40,0,multiclass_probability_sum,0,0.5505728091935809,0.4,1,0.07700702476838353,-0.012791388257337128
2016-12-23,40,0,multiclass_probability_sum,0,0.4327426022896042,0.4,1,0.07685009724602643,-0.0028941398835818596
2016-08-02,40,0,multiclass_probability_sum,0,0.6529763789915211,0.4,1,0.07664946340005924,-0.013708819767693208
2015-09-18,40,0,multiclass_probability_sum,0,0.5467369465728273,0.4,1,0.0765030832929567,-0.008976147687070104
2015-09-08,40,0,multiclass_probability_sum,0,0.5025735576254058,0.4,1,0.07639295940337455,-0.009805825484295089
2016-04-14,40,0,multiclass_probability_sum,0,0.5127941684990076,0.4,1,0.07629100679737606,-0.019974172147726614
2016-05-25,40,0,multiclass_probability_sum,0,0.5916093221583653,0.4,1,0.07608116904533643,-0.012415574329824956
2016-04-13,40,0,multiclass_probability_sum,0,0.5287171420709114,0.4,1,0.0758685946785213,-0.017434235922067644
2016-03-17,40,0,multiclass_probability_sum,0,0.44678851550347176,0.4,1,0.07560014284852784,-0.04130692603857849
2016-05-13,40,0,multiclass_probability_sum,0,0.547304641123161,0.4,1,0.0754355155990211,-0.010665363285278569
2016-03-30,40,0,multiclass_probability_sum,0,0.43673930753488943,0.4,1,0.07533047538102217,-0.025033952797112007
2016-08-09,40,0,multiclass_probability_sum,0,0.6384292185801177,0.4,1,0.07508924955084126,0.017096560843470235
2016-12-06,40,0,multiclass_probability_sum,0,0.5354446441466119,0.4,1,0.07472833520655695,0.003126391414131006
2016-12-30,40,0,multiclass_probability_sum,0,0.47781608990702173,0.4,1,0.07449358006829566,0.010681688541171299
2016-03-22,40,0,multiclass_probability_sum,0,0.47545567707938474,0.4,1,0.07408169796504546,-0.02678707819133847
2015-05-06,40,0,multiclass_probability_sum,0,0.6590007100076203,0.4,1,0.07401694306986682,-0.03775083091579098
2016-05-19,40,0,multiclass_probability_sum,0,0.6364330924504168,0.4,1,0.07389684798596961,-0.024291368810019084
2015-09-17,40,0,multiclass_probability_sum,0,0.531082012258981,0.4,1,0.07383109858791731,-0.0022960487807322507
2016-12-22,40,0,multiclass_probability_sum,0,0.4994109005382147,0.4,1,0.07303298150613528,-0.002562944264380055
2016-05-10,40,0,multiclass_probability_sum,0,0.5387789187872682,0.4,1,0.07301419417607893,-0.001174145778562975
2015-09-10,40,0,multiclass_probability_sum,0,0.47124603423194067,0.4,1,0.07265354639540948,-0.019201832404471576
2015-09-15,40,0,multiclass_probability_sum,0,0.4762571991165879,0.4,1,0.07191555257560729,-0.0036995577830523387
2015-06-05,40,0,multiclass_probability_sum,0,0.4467984717176869,0.4,1,0.0717327270177931,-0.006891371432329399
2015-05-05,40,0,multiclass_probability_sum,0,0.5931060885474744,0.4,1,0.07055382271832028,-0.04383098032418072
2016-05-09,40,0,multiclass_probability_sum,0,0.583810089398306,0.4,1,0.07050314333055294,0.0008111307441141414
2016-12-26,40,0,multiclass_probability_sum,0,0.5274721964237177,0.4,1,0.07043194421236292,0.0015837704581298693
2016-12-07,40,0,multiclass_probability_sum,0,0.5106452697131316,0.4,1,0.06962003694916327,0.001727578227998738
2016-12-29,40,0,multiclass_probability_sum,0,0.486482127859868,0.4,1,0.06958241965747793,0.0002256334669128044
2016-03-24,40,0,multiclass_probability_sum,0,0.5303689877683332,0.4,1,0.06931758890972622,-0.026349084894393766
2016-12-12,40,0,multiclass_probability_sum,0,0.532537705214214,0.4,1,0.06819825542361893,-0.0076691693337629496
2016-03-29,40,0,multiclass_probability_sum,0,0.4686849634474246,0.4,1,0.06774153165068235,-0.02216975417592092
2016-02-29,40,0,multiclass_probability_sum,0,0.47845335081060314,0.4,1,0.06758195712246476,-0.006366649613729334
2015-09-16,40,0,multiclass_probability_sum,0,0.443885328353263,0.4,1,0.0675110279352056,-0.005225192281559618
2016-03-25,40,0,multiclass_probability_sum,0,0.4201589985123464,0.4,1,0.06727368605518289,-0.0288343409121852
2015-08-21,40,0,multiclass_probability_sum,0,0.5901510537735826,0.4,1,0.06659801137025549,-0.05424000468669373
2016-12-27,40,0,multiclass_probability_sum,0,0.4917302980370343,0.4,1,0.0665174011958459,-0.0005424301000887375
2016-05-27,40,0,multiclass_probability_sum,0,0.5918703055515813,0.4,1,0.06641655623245699,0.010453142351530885
2016-12-08,40,0,multiclass_probability_sum,0,0.5437406351965992,0.4,1,0.06590920632497184,-0.0064405840997083215
2016-03-16,40,0,multiclass_probability_sum,0,0.43220380374405276,0.4,1,0.06492618057819717,-0.037519075479525314
2016-06-24,40,0,multiclass_probability_sum,0,0.5344882572438312,0.4,1,0.06472778428034733,0.000805127092540648
2015-09-09,40,0,multiclass_probability_sum,0,0.48946980736365175,0.4,1,0.06470885991560572,-0.019673691274998076
2016-12-28,40,0,multiclass_probability_sum,0,0.5414159623405224,0.4,1,0.06422290992086092,0.00183704558446377
2016-02-15,40,0,multiclass_probability_sum,0,0.4370060741477565,0.4,1,0.06320554720691322,0.005977063007155127
2015-09-21,40,0,multiclass_probability_sum,0,0.485626300958115,0.4,1,0.0628142762700364,-0.019289230476525678
2015-04-06,40,0,multiclass_probability_sum,0,0.6184288860549114,0.4,1,0.06264089881703074,-0.026160160356106122
2016-12-09,40,0,multiclass_probability_sum,0,0.45117798711629764,0.4,1,0.06259301909499715,-0.012764548411367073
2016-03-15,40,0,multiclass_probability_sum,0,0.4624964976444386,0.4,1,0.062103236448045974,-0.03225457947477571
2016-03-11,40,0,multiclass_probability_sum,0,0.40310895578526473,0.4,1,0.06179987164134552,-0.03784827077327286
2016-03-23,40,0,multiclass_probability_sum,0,0.4359738340050488,0.4,1,0.061280492057452146,-0.03342106491716401
2016-12-05,40,0,multiclass_probability_sum,0,0.544307012801564,0.4,1,0.06124722444907259,-0.013295918976620911
2016-12-19,40,0,multiclass_probability_sum,0,0.4106602702850908,0.4,1,0.06072842317039415,-0.017774522019554068
2015-09-28,40,0,multiclass_probability_sum,0,0.552835788660364,0.4,1,0.06029966920249787,-0.006553790097917691
2017-01-04,40,0,multiclass_probability_sum,0,0.4038827660863329,0.4,1,0.060249657237473685,0.0016438238146321718
2016-01-15,40,0,multiclass_probability_sum,0,0.5524936529894856,0.4,1,0.05861212981173009,-0.03974530564831408
2015-09-01,40,0,multiclass_probability_sum,0,0.4601418238159844,0.4,1,0.05858997133240404,-0.014347242815275434
2016-08-10,40,0,multiclass_probability_sum,0,0.5623989252660139,0.4,1,0.0584001510954992,0.004585893359010063
2015-09-25,40,0,multiclass_probability_sum,0,0.4670286247832651,0.4,1,0.058032692104983276,-0.01624327626158266
2015-08-31,40,0,multiclass_probability_sum,0,0.5098137459505134,0.4,1,0.05794311399791902,-0.018677098922353728
2016-06-28,40,0,multiclass_probability_sum,0,0.5611851737773743,0.4,1,0.057704712678992486,0.008306772370990038
2016-11-29,40,0,multiclass_probability_sum,0,0.5425426666267475,0.4,1,0.0575870616988005,-0.01033794280452209
2016-05-16,40,0,multiclass_probability_sum,0,0.5201767202867495,0.4,1,0.05755349855828613,-0.0187528034201796
2016-03-14,40,0,multiclass_probability_sum,0,0.42046332320902735,0.4,1,0.05738907572524819,-0.039094765169631916
2016-06-17,40,0,multiclass_probability_sum,0,0.62770474739646,0.4,1,0.057209549660736915,0.0024515745895940864
2016-04-25,40,0,multiclass_probability_sum,0,0.4785474811505712,0.4,1,0.057208185150179156,0.00015212338926419485
2015-09-30,40,0,multiclass_probability_sum,0,0.5969793025568915,0.4,1,0.05709719263487906,-0.0005866927587284017
2016-06-27,40,0,multiclass_probability_sum,0,0.4967539617601364,0.4,1,0.056952720792274425,0.0014958144119331966
2016-06-01,40,0,multiclass_probability_sum,0,0.4941107500352665,0.4,1,0.056834811724298745,-0.0009845777199401125
2015-04-01,40,0,multiclass_probability_sum,0,0.5599086052675306,0.4,1,0.05663149155394827,-0.018654671652927415
2015-09-29,40,0,multiclass_probability_sum,0,0.5921496184520606,0.4,1,0.05653355400458958,0.001993770130860757
2016-02-16,40,0,multiclass_probability_sum,0,0.4612195418311097,0.4,1,0.056385679752827496,-0.0018263177389334687
2015-04-07,40,0,multiclass_probability_sum,0,0.5686148095276273,0.4,1,0.05625896039751162,-0.035582087298682945
2016-03-01,40,0,multiclass_probability_sum,0,0.43315959482461813,0.4,1,0.05609335192411037,-0.010274124275794947
2016-05-11,40,0,multiclass_probability_sum,0,0.5340311471141739,0.4,1,0.05604860513633714,-0.015955689777075316
2015-06-10,40,0,multiclass_probability_sum,0,0.4834699561940762,0.4,1,0.05585698091825387,0.008274330146705276
2016-11-30,40,0,multiclass_probability_sum,0,0.4572098636562474,0.4,1,0.05572060628183712,-0.02063025102103909
2016-05-30,40,0,multiclass_probability_sum,0,0.5589293102652122,0.4,1,0.05508593050835146,0.006391249228304393
2015-04-21,40,0,multiclass_probability_sum,0,0.67808101911593,0.4,1,0.05508518543003765,-0.06103489556594871
2016-02-17,40,0,multiclass_probability_sum,0,0.4680558928693519,0.4,1,0.0550682642270652,0.009895127757799053
2016-04-26,40,0,multiclass_probability_sum,0,0.4441866635453574,0.4,1,0.054923410542154556,-0.011444060535795957
2015-06-16,40,0,multiclass_probability_sum,0,0.5124292499449711,0.4,1,0.05481512886376431,-0.002553442494335375
2016-08-01,40,0,multiclass_probability_sum,0,0.6140054318938397,0.4,1,0.054781297197148665,-0.03290858739396242
2016-03-09,40,0,multiclass_probability_sum,0,0.46575591184800397,0.4,1,0.054693952912989854,-0.028187368980439022
2016-06-16,40,0,multiclass_probability_sum,0,0.6248606358046379,0.4,1,0.0546757710342102,-0.009418565880749635
2016-05-06,40,0,multiclass_probability_sum,0,0.5494760666754888,0.4,1,0.05419911259201791,-0.0044118812113541446
2015-09-22,40,0,multiclass_probability_sum,0,0.5541000562517411,0.4,1,0.05407640329004456,-0.021175166843843202
2015-09-24,40,0,multiclass_probability_sum,0,0.5826797889643,0.4,1,0.05401645738922764,-0.016015332054323705
2016-03-08,40,0,multiclass_probability_sum,0,0.47185639648580535,0.4,1,0.05387213818761907,-0.03342106491716401
2017-01-16,40,0,multiclass_probability_sum,0,0.455104306634504,0.4,1,0.05332165155060229,0.0064253115743065845
2016-05-17,40,0,multiclass_probability_sum,0,0.5494305729032664,0.4,1,0.053220208204712384,-0.033214616249563386
2017-01-19,40,0,multiclass_probability_sum,0,0.40308629245606115,0.4,1,0.05315581407096879,0.005772464643052377
2016-06-22,40,0,multiclass_probability_sum,0,0.6245295076677542,0.4,1,0.05300715510392256,-0.009044465830205396
2015-04-22,40,0,multiclass_probability_sum,0,0.6455081409196025,0.4,1,0.05290352417762572,-0.06151500226554653
2016-02-04,40,0,multiclass_probability_sum,0,0.44142777879097916,0.4,1,0.05289673013752147,0.003020426997452773
2016-06-02,40,0,multiclass_probability_sum,0,0.5372388017033298,0.4,1,0.0527568426064359,-0.006631174610429494
2015-09-23,40,0,multiclass_probability_sum,0,0.527929423794606,0.4,1,0.052083944166541336,-0.020337411977756018
2016-02-03,40,0,multiclass_probability_sum,0,0.4147459149635161,0.4,1,0.05190619944215529,0.005697283311718674
2016-02-25,40,0,multiclass_probability_sum,0,0.475854542305279,0.4,1,0.051357255953777825,-0.012515360383569428
2016-06-20,40,0,multiclass_probability_sum,0,0.5685642547147961,0.4,1,0.051351556585815666,-0.009124282571011073
2016-12-02,40,0,multiclass_probability_sum,0,0.4638885009740393,0.4,1,0.051139931453868,-0.020735497561156155
2016-05-04,40,0,multiclass_probability_sum,0,0.5002376115373391,0.4,1,0.05053182471435833,0.004064707657034946
2015-04-23,40,0,multiclass_probability_sum,0,0.6401013796881804,0.4,1,0.04998999557385122,-0.059272529623680445
2016-05-05,40,0,multiclass_probability_sum,0,0.56127247353932,0.4,1,0.049857541572821705,0.003882662340939244
2015-06-08,40,0,multiclass_probability_sum,0,0.47567243491454125,0.4,1,0.0498547699082884,-0.00993135995538701
2016-12-01,40,0,multiclass_probability_sum,0,0.4080526220748465,0.4,1,0.049480057263369716,-0.0228381055687535
2016-02-05,40,0,multiclass_probability_sum,0,0.44981729925331704,0.4,1,0.049406246560442534,-0.0017638309090854916
2016-04-28,40,0,multiclass_probability_sum,0,0.49779004470033006,0.4,1,0.048816723023250075,0.011260244685338932
2015-04-14,40,0,multiclass_probability_sum,0,0.6406715579218957,0.4,1,0.04857960797210042,-0.05466504951044708
2016-03-28,40,0,multiclass_probability_sum,0,0.41227889815444413,0.4,1,0.04851552207102832,-0.035176930566514615
2017-01-10,40,0,multiclass_probability_sum,0,0.4229580310420766,0.4,1,0.04821177513108947,-0.004606302432455172
2016-03-03,40,0,multiclass_probability_sum,0,0.4259882370913243,0.4,1,0.047888954324088115,-0.025875836561649018
2016-02-18,40,0,multiclass_probability_sum,0,0.44310840980096977,0.4,1,0.04771307269492506,0.002783503225088398
2015-04-08,40,0,multiclass_probability_sum,0,0.6248682754565351,0.4,1,0.04768366914015234,-0.034870298031249296
2016-06-03,40,0,multiclass_probability_sum,0,0.5860515373086608,0.4,1,0.04765011237586954,-0.004238079712071004
2015-04-10,40,0,multiclass_probability_sum,0,0.6519249792385464,0.4,1,0.0476179747631964,-0.04632492747290259
2016-05-31,40,0,multiclass_probability_sum,0,0.5561680304285994,0.4,1,0.04760059769696438,0.001308890135074991
2016-06-29,40,0,multiclass_probability_sum,0,0.5221145577520325,0.4,1,0.04749554422267226,-0.00434192060324151
2016-06-21,40,0,multiclass_probability_sum,0,0.5941244323043362,0.4,1,0.04683192413750715,-0.01157952350913575
2015-06-15,40,0,multiclass_probability_sum,0,0.43696127600439005,0.4,1,0.04671918107809936,-0.0130606395950348
2017-01-06,40,0,multiclass_probability_sum,0,0.4195495670825791,0.4,1,0.04657417448280711,-0.0027398488128055503
2015-10-01,40,0,multiclass_probability_sum,0,0.504965818707567,0.4,1,0.04656195741003635,-0.0021850166351920987
2016-01-14,40,0,multiclass_probability_sum,0,0.6530367223213173,0.4,1,0.04633917726773216,-0.057974573201254334
2016-02-19,40,0,multiclass_probability_sum,0,0.411825277200013,0.4,1,0.04556785818775949,0.003225663922269252
2015-08-20,40,0,multiclass_probability_sum,0,0.62398027840602,0.4,1,0.04541570824274704,-0.0727447046045047
2015-06-09,40,0,multiclass_probability_sum,0,0.5535543240415761,0.4,1,0.044747643733194536,-0.0006442794305941986
2016-06-06,40,0,multiclass_probability_sum,0,0.5772129203715517,0.4,1,0.04467682427970778,-0.0012910515793123833
2016-04-27,40,0,multiclass_probability_sum,0,0.4804912053003896,0.4,1,0.0441486659312022,-0.0038629299995073365
2016-08-23,40,0,multiclass_probability_sum,0,0.49109327903591854,0.4,1,0.04411530945635939,-0.011980577800474056
2016-06-23,40,0,multiclass_probability_sum,0,0.542329098357055,0.4,1,0.043907680753921936,-0.018355875147241053
2015-03-30,40,0,multiclass_probability_sum,0,0.6219034451740797,0.4,1,0.04372977515151399,-0.030240448328496025
2016-02-02,40,0,multiclass_probability_sum,0,0.494469164553475,0.4,1,0.04353468801473186,0.004872071523716711
2016-03-04,40,0,multiclass_probability_sum,0,0.4227104798771042,0.4,1,0.04335899847825797,-0.03157495341719656
2016-03-07,40,0,multiclass_probability_sum,0,0.4690853798125246,0.4,1,0.04298833773001673,-0.03601032182247277
2015-06-17,40,0,multiclass_probability_sum,0,0.506440747448135,0.4,1,0.04289354268489623,0.002553442494335435
2017-01-18,40,0,multiclass_probability_sum,0,0.4229282487055054,0.4,1,0.04249253376281957,-0.001420631614375255
2015-03-31,40,0,multiclass_probability_sum,0,0.5954224747887049,0.4,1,0.04236454159477054,-0.0410768065561717
2016-07-01,40,0,multiclass_probability_sum,0,0.5136559336709395,0.4,1,0.04197703546531388,-0.020368459690229768
2015-04-09,40,0,multiclass_probability_sum,0,0.6288680315862275,0.4,1,0.04194031106225941,-0.03996937667854809
2016-09-16,40,0,multiclass_probability_sum,0,0.5901308907928708,0.4,1,0.04192991565508239,0.0100520247559766
2016-06-30,40,0,multiclass_probability_sum,0,0.5601194294636067,0.4,1,0.04066381923006913,-0.007732345118739904
2015-04-13,40,0,multiclass_probability_sum,0,0.5975408783922489,0.4,1,0.04060893969214875,-0.056221108167668205
2017-01-12,40,0,multiclass_probability_sum,0,0.41765234797703776,0.4,1,0.03989458195794848,-0.013217277915019424
2017-01-09,40,0,multiclass_probability_sum,0,0.40174853668989624,0.4,1,0.03963929209236573,-0.006806297453131
2016-08-25,40,0,multiclass_probability_sum,0,0.575275111866362,0.4,1,0.03920611109585111,-0.010978801841280507
2016-08-18,40,0,multiclass_probability_sum,0,0.5142985294303674,0.4,1,0.039110093362123545,-0.014238479518170689
2016-04-29,40,0,multiclass_probability_sum,0,0.5205054850459525,0.4,1,0.0390522927498443,0.0011691610097175982
2015-04-24,40,0,multiclass_probability_sum,0,0.6106626903013825,0.4,1,0.038522305758905084,-0.06729372575959973
2016-11-28,40,0,multiclass_probability_sum,0,0.5203447501843969,0.4,1,0.03843763636191205,-0.020960988568778583
2015-03-27,40,0,multiclass_probability_sum,0,0.6347063861866306,0.4,1,0.03833659008187031,-0.04160285980851888
2016-08-24,40,0,multiclass_probability_sum,0,0.5468179043488182,0.4,1,0.03804015764261774,-0.014420102318385322
2016-07-06,40,0,multiclass_probability_sum,0,0.5479201213669216,0.4,1,0.03802314405735189,-0.03457289154438424
2015-04-03,40,0,multiclass_probability_sum,0,0.5651802872933869,0.4,1,0.03786133242804904,-0.03510761741861868
2015-04-02,40,0,multiclass_probability_sum,0,0.5516927314968527,0.4,1,0.037770805102151896,-0.03328063234845112
2016-07-29,40,0,multiclass_probability_sum,0,0.6775042687584141,0.4,1,0.03733309490444111,-0.03882890362288271
2017-01-11,40,0,multiclass_probability_sum,0,0.40538508829572445,0.4,1,0.03711059281742338,-0.013508373309034732
2016-08-17,40,0,multiclass_probability_sum,0,0.4933700696491463,0.4,1,0.0367422844354615,-0.014026544551135549
2017-01-13,40,0,multiclass_probability_sum,0,0.4441402026373572,0.4,1,0.03651881866667011,-0.010447637218002384
2016-08-22,40,0,multiclass_probability_sum,0,0.5746706216921735,0.4,1,0.03634049208279627,-0.009732771501822725
2016-08-16,40,0,multiclass_probability_sum,0,0.5360585096792776,0.4,1,0.036317173696498756,-0.01038637126365065
2015-10-02,40,0,multiclass_probability_sum,0,0.609661659967881,0.4,1,0.03589372105062957,0.013583061587561502
2015-06-12,40,0,multiclass_probability_sum,0,0.4699904130308369,0.4,1,0.03545281068401225,-0.006646029972304318
2016-01-11,40,0,multiclass_probability_sum,0,0.7199792754174228,0.4,1,0.035413305669540776,-0.0666882839304991
2016-08-11,40,0,multiclass_probability_sum,0,0.4712406704808448,0.4,1,0.0352814102510246,-0.013617685942373565
2015-04-20,40,0,multiclass_probability_sum,0,0.6329980419515224,0.4,1,0.0342023700809582,-0.06600261566788307
2016-08-15,40,0,multiclass_probability_sum,0,0.5078003657005792,0.4,1,0.03412089569642912,-0.012450762773834547
2015-04-27,40,0,multiclass_probability_sum,0,0.6862531873830808,0.4,1,0.033827461685946,-0.061319431063671485
2015-06-11,40,0,multiclass_probability_sum,0,0.44189510051359304,0.4,1,0.03382467639202239,-0.003758884348586255
2016-06-15,40,0,multiclass_probability_sum,0,0.5259670316782773,0.4,1,0.033421387932217925,-0.012469369681358457
2016-09-15,40,0,multiclass_probability_sum,0,0.5644433382720114,0.4,1,0.03296285242426499,-0.00744942220781803
2016-07-05,40,0,multiclass_probability_sum,0,0.5717854959097335,0.4,1,0.032929574214413726,-0.03675693658561369
2016-07-04,40,0,multiclass_probability_sum,0,0.5142391357532695,0.4,1,0.03261257594451144,-0.03226060921741051
2015-08-17,40,0,multiclass_probability_sum,0,0.6519199969907634,0.4,1,0.03039779061138046,-0.08407975016646485
2016-01-08,40,0,multiclass_probability_sum,0,0.6983389513884499,0.4,1,0.03026670614347985,-0.07058838906020114
2016-07-26,40,0,multiclass_probability_sum,0,0.6380661099932643,0.4,1,0.030205702436842636,-0.03323241909683166
2016-01-13,40,0,multiclass_probability_sum,0,0.7037309783762629,0.4,1,0.029366296468159216,-0.07115960344177402
2016-02-01,40,0,multiclass_probability_sum,0,0.44261019231184284,0.4,1,0.027838861584036218,-0.007632278161163715
2016-08-19,40,0,multiclass_probability_sum,0,0.5002701557927651,0.4,1,0.02780045477555629,-0.01670270789735502
2016-08-12,40,0,multiclass_probability_sum,0,0.5490499828467172,0.4,1,0.02779335226580514,-0.00673289868815059
2015-04-15,40,0,multiclass_probability_sum,0,0.5932917056025601,0.4,1,0.027690986224914987,-0.06504647415693307
2016-07-28,40,0,multiclass_probability_sum,0,0.5793187061811481,0.4,1,0.02546654756875142,-0.04632872875180752
2016-09-13,40,0,multiclass_probability_sum,0,0.5793975845999935,0.4,1,0.02505781541876438,-0.012829783237896348
2015-08-19,40,0,multiclass_probability_sum,0,0.6522608402026746,0.4,1,0.024919680907255673,-0.09219468909183431
2015-06-18,40,0,multiclass_probability_sum,0,0.49874116484660735,0.4,1,0.02368556421845446,0.0024094323677694394
2016-07-27,40,0,multiclass_probability_sum,0,0.6150176224006069,0.4,1,0.02300683778690229,-0.044760100979181074
2016-09-19,40,0,multiclass_probability_sum,0,0.5125450339715376,0.4,1,0.02278187699207001,0.008295159806623155
2016-09-12,40,0,multiclass_probability_sum,0,0.6120524395367871,0.4,1,0.021561671950936747,-0.012890413183044788
2016-07-25,40,0,multiclass_probability_sum,0,0.632554863360254,0.4,1,0.021438044390214017,-0.034326502679914245
2015-04-17,40,0,multiclass_probability_sum,0,0.5960131675531685,0.4,1,0.020946729450881055,-0.071790730930967
2016-09-14,40,0,multiclass_probability_sum,0,0.5921988210510655,0.4,1,0.02052977370851659,-0.008150203760240046
2016-09-01,40,0,multiclass_probability_sum,0,0.562190206490103,0.4,1,0.01932813380320986,-0.027082306443182765
2016-11-15,40,0,multiclass_probability_sum,0,0.41352767035217064,0.4,1,0.018951368554357546,-0.03435374595095476
2016-09-06,40,0,multiclass_probability_sum,0,0.6329967069324902,0.4,1,0.018948720621494445,-0.0191458163830584
2016-06-14,40,0,multiclass_probability_sum,0,0.5436708276529669,0.4,1,0.018863851966676018,-0.009930344803430082
2016-01-07,40,0,multiclass_probability_sum,0,0.653461150953818,0.4,1,0.018488702104989284,-0.08002501998505156
2015-04-16,40,0,multiclass_probability_sum,0,0.5700135763428513,0.4,1,0.01846367231641994,-0.07172034557109266
2015-03-26,40,0,multiclass_probability_sum,0,0.6320932920422732,0.4,1,0.01838575270654602,-0.050162113204188806
2016-06-07,40,0,multiclass_probability_sum,0,0.5118349973896873,0.4,1,0.01808568372438172,-0.008682424508369273
2016-07-11,40,0,multiclass_probability_sum,0,0.6209782425954249,0.4,1,0.017688280281149556,-0.0388748986094373
2016-01-12,40,0,multiclass_probability_sum,0,0.6575105666273051,0.4,1,0.017183942121456703,-0.07807746178372707
2016-09-05,40,0,multiclass_probability_sum,0,0.6154678606782464,0.4,1,0.016787054412847828,-0.020124400525286464
2015-08-18,40,0,multiclass_probability_sum,0,0.6092165496015736,0.4,1,0.016681296054809894,-0.09633962957075615
2016-11-25,40,0,multiclass_probability_sum,0,0.41767771268551757,0.4,1,0.016551859143699606,-0.03673870260422875
2016-09-20,40,0,multiclass_probability_sum,0,0.45911716638053945,0.4,1,0.01628288929923212,0.005052262457103412
2016-11-17,40,0,multiclass_probability_sum,0,0.41817285662133113,0.4,1,0.01543097482602734,-0.03481340358825263
2016-11-21,40,0,multiclass_probability_sum,0,0.42501617366747646,0.4,1,0.01533510552054258,-0.034398238183359846
2016-08-26,40,0,multiclass_probability_sum,0,0.5518317549388625,0.4,1,0.015262934040326161,-0.024928132648015074
2016-09-07,40,0,multiclass_probability_sum,0,0.6102281880559394,0.4,1,0.015187733782512284,-0.015191631421366996
2016-02-22,40,0,multiclass_probability_sum,0,0.42550981016224443,0.4,1,0.013410417183992994,-0.008759336991928053
2016-07-22,40,0,multiclass_probability_sum,0,0.6304413463667597,0.4,1,0.012265401211016129,-0.03520398605248904
2016-07-07,40,0,multiclass_probability_sum,0,0.5171022678209035,0.4,1,0.012132659294019028,-0.052367009656692366
2016-02-23,40,0,multiclass_probability_sum,0,0.42990713834595456,0.4,1,0.011954344484032754,-0.009775388915808161
2016-11-14,40,0,multiclass_probability_sum,0,0.47174123186775635,0.4,1,0.011845469791563134,-0.032557573837169534
2016-11-24,40,0,multiclass_probability_sum,0,0.4223071967296458,0.4,1,0.011843825235874076,-0.04015069217776227
2015-03-25,40,0,multiclass_probability_sum,0,0.6441725252968176,0.4,1,0.011115854664142728,-0.05870221112099147
2016-08-29,40,0,multiclass_probability_sum,0,0.5652131213499939,0.4,1,0.0100177707917167,-0.02745582265439354
2016-06-13,40,0,multiclass_probability_sum,0,0.6165734498412282,0.4,1,0.009385244143063753,-0.006967996458916435
2016-09-21,40,0,multiclass_probability_sum,0,0.4122592983809175,0.4,1,0.009113444259349008,-0.002621312006442554
2016-07-08,40,0,multiclass_probability_sum,0,0.5689730923376374,0.4,1,0.00887228751754368,-0.04866947551527136
2016-11-09,40,0,multiclass_probability_sum,0,0.4381620632237101,0.4,1,0.008246274637199857,-0.02840364955787952
2015-06-19,40,0,multiclass_probability_sum,0,0.4606982393164063,0.4,1,0.00737822095895869,-0.0050580929992238245
2016-11-18,40,0,multiclass_probability_sum,0,0.4633041950463436,0.4,1,0.00694205675750178,-0.032854684438775844
2016-06-08,40,0,multiclass_probability_sum,0,0.5289424401633329,0.4,1,0.005938976391726501,-0.013824070300527236
2015-10-05,40,0,multiclass_probability_sum,0,0.5208331663495716,0.4,1,0.005598335125421055,0.005598335125421055
2016-09-22,40,0,multiclass_probability_sum,0,0.43718902718223385,0.4,1,0.004740155240575104,-0.006950129238851434
2016-07-12,40,0,multiclass_probability_sum,0,0.5192961407554993,0.4,1,0.0036055728436480542,-0.049003421085247516
2016-08-31,40,0,multiclass_probability_sum,0,0.5842918822424742,0.4,1,0.003359159078299059,-0.03517867309420773
2015-12-22,40,0,multiclass_probability_sum,0,0.6857274200039967,0.4,1,0.0029795771300895725,-0.08177458524917523
2016-09-08,40,0,multiclass_probability_sum,0,0.5828685004113487,0.4,1,0.0023393577437763446,-0.022409050780284573
2016-08-30,40,0,multiclass_probability_sum,0,0.5166289910720058,0.4,1,0.0013964407890686694,-0.03226914829249882
2016-06-09,40,0,multiclass_probability_sum,0,0.49157298220259316,0.4,1,0.0010766308829706671,-0.019208753678782494
2016-07-14,40,0,multiclass_probability_sum,0,0.6185830909078687,0.4,1,0.0002849494234056275,-0.06075681342696034
2015-12-24,40,0,multiclass_probability_sum,0,0.6838803181195963,0.4,1,-0.00010598085289172658,-0.0814567100654863
2016-09-09,40,0,multiclass_probability_sum,0,0.5895563239036864,0.4,1,-0.00022495332313428952,-0.02362440034283753
2016-09-23,40,0,multiclass_probability_sum,0,0.41363316934396455,0.4,1,-0.0012469014633774195,-0.010978466793327247
2015-12-23,40,0,multiclass_probability_sum,0,0.711539997230181,0.4,1,-0.0025729991392980686,-0.07809518395327551
2016-11-04,40,0,multiclass_probability_sum,0,0.45530178569414415,0.4,1,-0.002793633538119679,-0.023123119108826046
2016-11-07,40,0,multiclass_probability_sum,0,0.41866984341850116,0.4,1,-0.003164583111226432,-0.03417575722310431
2016-06-10,40,0,multiclass_probability_sum,0,0.5795699094574602,0.4,1,-0.003897462041685046,-0.016956750506742873
2016-09-27,40,0,multiclass_probability_sum,0,0.4232574319132789,0.4,1,-0.0043605570996814655,-0.026873075063879266
2016-11-03,40,0,multiclass_probability_sum,0,0.4785709309088947,0.4,1,-0.00436822850939003,-0.024472080613183574
2016-09-28,40,0,multiclass_probability_sum,0,0.44666627350993326,0.4,1,-0.005197547251288274,-0.02954147364052048
2016-10-24,40,0,multiclass_probability_sum,0,0.492925478101687,0.4,1,-0.005457180696710024,-0.03991473877746396
2016-07-20,40,0,multiclass_probability_sum,0,0.6294550295826626,0.4,1,-0.006198555290786516,-0.05106534000613313
2016-07-15,40,0,multiclass_probability_sum,0,0.61987036522188,0.4,1,-0.0072490350057160344,-0.057556810696289325
2015-03-24,40,0,multiclass_probability_sum,0,0.642080908329556,0.4,1,-0.007837765590253799,-0.07022348429716055
2015-10-07,40,0,multiclass_probability_sum,0,0.46401711747723384,0.4,1,-0.008925613203219211,-0.015931048769359944
2016-10-26,40,0,multiclass_probability_sum,0,0.4950842085909648,0.4,1,-0.00995122157668344,-0.03338926117069038
2015-12-21,40,0,multiclass_probability_sum,0,0.6497789334482225,0.4,1,-0.009963031586494467,-0.08274524493271061
2016-11-02,40,0,multiclass_probability_sum,0,0.4934938557747589,0.4,1,-0.011836230773672308,-0.030103037293002125
2016-07-21,40,0,multiclass_probability_sum,0,0.6163359578111627,0.4,1,-0.012602388198676227,-0.05001975070620478
2015-12-18,40,0,multiclass_probability_sum,0,0.6863580507831799,0.4,1,-0.013234432107073124,-0.08500059352940915
2016-07-13,40,0,multiclass_probability_sum,0,0.4903074323880625,0.4,1,-0.013495682727371342,-0.07332209601518438
2016-10-21,40,0,multiclass_probability_sum,0,0.45665196372201666,0.4,1,-0.014220932458459934,-0.04990858502625456
2016-09-30,40,0,multiclass_probability_sum,0,0.5401958895444536,0.4,1,-0.01448321438759179,-0.02809879788299441
2016-09-29,40,0,multiclass_probability_sum,0,0.48646263803761997,0.4,1,-0.015175197742440187,-0.03220277081137633
2015-03-23,40,0,multiclass_probability_sum,0,0.6516958686265467,0.4,1,-0.01601503272023168,-0.0763026371815321
2016-07-19,40,0,multiclass_probability_sum,0,0.5798981557862917,0.4,1,-0.016792904440185923,-0.0623604707079545
2015-10-06,40,0,multiclass_probability_sum,0,0.41754561358703346,0.4,1,-0.018894371234859462,-0.018894371234859462
2016-10-27,40,0,multiclass_probability_sum,0,0.4317047013522919,0.4,1,-0.0190155239360496,-0.03826150426162951
2016-10-31,40,0,multiclass_probability_sum,0,0.49650885585410465,0.4,1,-0.01995209096605725,-0.03663512702725705
2016-10-25,40,0,multiclass_probability_sum,0,0.44204428082977365,0.4,1,-0.020197274652534635,-0.03719726553523301
2016-07-18,40,0,multiclass_probability_sum,0,0.5271033839912815,0.4,1,-0.020672493270467187,-0.0709196390158919
2015-06-24,40,0,multiclass_probability_sum,0,0.5536701194285769,0.4,1,-0.02089403314392721,-0.029008972069296673
2016-10-10,40,0,multiclass_probability_sum,0,0.5183321782713016,0.4,1,-0.020954004066457674,-0.02391198023855647
2015-10-08,40,0,multiclass_probability_sum,0,0.4193836223014587,0.4,1,-0.021358764338748042,-0.028294562021852515
2015-06-23,40,0,multiclass_probability_sum,0,0.44933531114338743,0.4,1,-0.021905093910645868,-0.034164973314937175
2015-12-14,40,0,multiclass_probability_sum,0,0.647787768374172,0.4,1,-0.025526708706578183,-0.07445555597076323
2015-10-09,40,0,multiclass_probability_sum,0,0.4447714002135438,0.4,1,-0.02828652597887651,-0.030405560422407107
2015-10-13,40,0,multiclass_probability_sum,0,0.45685135205169325,0.4,1,-0.028654566950200824,-0.04716498761709538
2015-12-10,40,0,multiclass_probability_sum,0,0.6335466078890392,0.4,1,-0.029465230403925735,-0.07235452783110766
2015-10-21,40,0,multiclass_probability_sum,0,0.49557086537627637,0.4,1,-0.030429165989017137,-0.050737029619710626
2015-10-22,40,0,multiclass_probability_sum,0,0.4358607018535373,0.4,1,-0.03066296070284315,-0.05890364606038798
2015-05-18,40,0,candidate_risk_off,0,0.6856654695315585,0.29,1,0.18124967775059747,0.014768933354776073
2015-05-19,40,0,candidate_risk_off,0,0.6437419300324414,0.29,1,0.17375636085453394,0.024437237093852704
2015-05-15,40,0,candidate_risk_off,0,0.6761615961989715,0.29,1,0.15457588605868372,-0.01592321643119909
2015-05-12,40,0,candidate_risk_off,0,0.673824609440419,0.29,1,0.1464456595486036,-0.028808730022258564
2015-05-13,40,0,candidate_risk_off,0,0.6264564490739399,0.29,1,0.13804158149285048,-0.025883863832921683
2015-05-20,40,0,candidate_risk_off,0,0.582482353252477,0.29,1,0.13703144099724907,0.004461944899304966
2015-05-14,40,0,candidate_risk_off,0,0.6575182183281225,0.29,1,0.13472162003410468,-0.0274853220540857
2015-05-21,40,0,candidate_risk_off,0,0.5934358205366653,0.29,1,0.12622501349920545,0.016619489113366765
2015-05-11,40,0,candidate_risk_off,0,0.6626001423862065,0.29,1,0.12515354637806433,-0.0420561319880878
2016-04-04,40,0,candidate_risk_off,0,0.5674517798747973,0.29,1,0.11469574215194313,0.008063548269531803
2015-08-24,40,0,candidate_risk_off,0,0.44539534497917094,0.29,1,0.11381724565273696,0.005771557590542049
2015-05-22,40,0,candidate_risk_off,0,0.5482154080966603,0.29,1,0.11236133443398102,0.0020981142456063745
2015-08-25,40,0,candidate_risk_off,0,0.40676249075135557,0.29,1,0.10768996386326954,0.02957822026150403
2015-05-27,40,0,candidate_risk_off,0,0.5412385697302244,0.29,1,0.10603992045479349,0.002503571539868269
2015-05-08,40,0,candidate_risk_off,0,0.6360974731019395,0.29,1,0.10585993106372275,-0.047190931460126366
2016-04-01,40,0,candidate_risk_off,0,0.5291293328849069,0.29,1,0.10436437115601187,-0.004684774105441723
2016-04-05,40,0,candidate_risk_off,0,0.6332679206268041,0.29,1,0.10423909898405294,0.013243582951140233
2015-05-29,40,0,candidate_risk_off,0,0.5755735560550725,0.29,1,0.10285368913545757,-0.002918786029406957
2015-06-02,40,0,candidate_risk_off,0,0.5898687222454755,0.29,1,0.10187036208420154,-0.004234725756272433
2015-06-01,40,0,candidate_risk_off,0,0.49717916740187906,0.29,1,0.10001388849990712,-0.012389910700339034
2015-05-28,40,0,candidate_risk_off,0,0.5518240206515199,0.29,1,0.09807185748331572,-0.00888801243978605
2016-05-23,40,0,candidate_risk_off,0,0.6933903880448022,0.29,1,0.09734193804784698,-0.011009104337073247
2015-05-25,40,0,candidate_risk_off,0,0.6183398171530037,0.29,1,0.097310438569069,0.006162147203828059
2016-03-31,40,0,candidate_risk_off,0,0.596381028408257,0.29,1,0.09708719272235797,-0.00966848468408059
2015-06-04,40,0,candidate_risk_off,0,0.5870409797661114,0.29,1,0.09639764065870962,0.00894073789413983
2015-06-03,40,0,candidate_risk_off,0,0.5978400038728064,0.29,1,0.0953261876161375,0.0019175123960645543
2016-04-19,40,0,candidate_risk_off,0,0.6264730185822266,0.29,1,0.09531337924634223,-0.00044002077607992277
2016-04-08,40,0,candidate_risk_off,0,0.5914040942453234,0.29,1,0.09259991828482432,-0.0075589861573754765
2016-01-22,40,0,candidate_risk_off,0,0.48498890455397325,0.29,1,0.09115158940445303,0.026846108747067846
2015-05-07,40,0,candidate_risk_off,0,0.6786701097575849,0.29,1,0.09106297948386582,-0.044427925070252096
2016-01-21,40,0,candidate_risk_off,0,0.5437618835719137,0.29,1,0.08935590932480168,0.00068957593814027
2016-04-07,40,0,candidate_risk_off,0,0.5697748254336729,0.29,1,0.0887520468221259,-0.006265211827916056
2016-04-06,40,0,candidate_risk_off,0,0.608115326875571,0.29,1,0.08804848790015404,0.00042260217916889
2015-09-03,40,0,candidate_risk_off,0,0.5591962906067408,0.29,1,0.08785292548844208,0.0011359232399807786
2016-05-24,40,0,candidate_risk_off,0,0.7179150399822062,0.29,1,0.0878176529104059,-0.011974221166576994
2016-05-26,40,0,candidate_risk_off,0,0.7501564745869841,0.29,1,0.08745115407523311,0.006218833189060262
2015-09-04,40,0,candidate_risk_off,0,0.5978239006469208,0.29,1,0.08691409191660052,-0.0033820889633103977
2016-04-20,40,0,candidate_risk_off,0,0.5321699826021367,0.29,1,0.08633483414167255,0.013464566570469298
2016-08-03,40,0,candidate_risk_off,0,0.6402402284006002,0.29,1,0.08631582211141219,-0.0067037582271959285
2015-08-26,40,0,candidate_risk_off,0,0.3633272413703247,0.29,1,0.08627836004244292,0.015288566179158872
2016-04-11,40,0,candidate_risk_off,0,0.6367721292857792,0.29,1,0.08594913192569442,-0.01959445589476072
2016-08-05,40,0,candidate_risk_off,0,0.643190475875529,0.29,1,0.08499970649896928,0.0032939521369225355
2016-04-21,40,0,candidate_risk_off,0,0.5371734346070235,0.29,1,0.08444612473180846,0.027158122840823452
2016-01-18,40,0,candidate_risk_off,0,0.47929280790536605,0.29,1,0.08360652047606128,-0.008566711108059183
2015-05-26,40,0,candidate_risk_off,0,0.5488234322226642,0.29,1,0.08352475807213249,-0.0012701998743992523
2016-08-08,40,0,candidate_risk_off,0,0.6363525770329437,0.29,1,0.08338796357205507,0.012440956168125778
2016-12-13,40,0,candidate_risk_off,0,0.5325718262124185,0.29,1,0.08335777949190243,0.011829066419069929
2015-09-14,40,0,candidate_risk_off,0,0.4459193522743954,0.29,1,0.08273604422012278,-0.0017447661455104219
2016-04-12,40,0,candidate_risk_off,0,0.6051879415410883,0.29,1,0.082713615461652,-0.020577969186763495
2015-09-07,40,0,candidate_risk_off,0,0.5739372244832415,0.29,1,0.08267712788421412,0.011217549444434127
2015-05-04,40,0,candidate_risk_off,0,0.7010542819924892,0.29,1,0.0821516755124733,-0.030038663448836492
2016-01-20,40,0,candidate_risk_off,0,0.5816813660239962,0.29,1,0.0820457215718172,-0.014382167775754816
2016-08-04,40,0,candidate_risk_off,0,0.6768433386141901,0.29,1,0.08168951131353082,-0.007226096096695463
2016-05-18,40,0,candidate_risk_off,0,0.6696193309007286,0.29,1,0.08122714902191618,-0.029526350362296592
2015-08-27,40,0,candidate_risk_off,0,0.42058180612448504,0.29,1,0.07939894909814099,-0.0027204528042719524
2016-12-20,40,0,candidate_risk_off,0,0.5390334234595812,0.29,1,0.07914847448853245,-0.0003169548214985459
2016-03-21,40,0,candidate_risk_off,0,0.534473668566062,0.29,1,0.07881741429384959,-0.029166407153712506
2016-04-15,40,0,candidate_risk_off,0,0.5779381291326701,0.29,1,0.07819174295738161,-0.0206124608656494
2016-03-18,40,0,candidate_risk_off,0,0.43196416727849385,0.29,1,0.07786819197020366,-0.03535061102963611
2016-05-20,40,0,candidate_risk_off,0,0.7446520702335147,0.29,1,0.07781189054647668,-0.017176323518840825
2015-09-11,40,0,candidate_risk_off,0,0.548553690959599,0.29,1,0.07741970009595676,-0.009841115657749972
2016-05-12,40,0,candidate_risk_off,0,0.6773407983884161,0.29,1,0.07700702476838353,-0.012791388257337128
2016-12-23,40,0,candidate_risk_off,0,0.48847487093887393,0.29,1,0.07685009724602643,-0.0028941398835818596
2016-08-02,40,0,candidate_risk_off,0,0.7055747479630573,0.29,1,0.07664946340005924,-0.013708819767693208
2015-09-18,40,0,candidate_risk_off,0,0.5187425424125616,0.29,1,0.0765030832929567,-0.008976147687070104
2015-09-08,40,0,candidate_risk_off,0,0.49753397748583195,0.29,1,0.07639295940337455,-0.009805825484295089
2016-04-14,40,0,candidate_risk_off,0,0.6416581880393065,0.29,1,0.07629100679737606,-0.019974172147726614
2016-05-25,40,0,candidate_risk_off,0,0.7348772116115014,0.29,1,0.07608116904533643,-0.012415574329824956
2016-04-13,40,0,candidate_risk_off,0,0.6210964757457947,0.29,1,0.0758685946785213,-0.017434235922067644
2016-03-17,40,0,candidate_risk_off,0,0.4368667062813428,0.29,1,0.07560014284852784,-0.04130692603857849
2016-05-13,40,0,candidate_risk_off,0,0.664613682549558,0.29,1,0.0754355155990211,-0.010665363285278569
2016-03-30,40,0,candidate_risk_off,0,0.5615617435240832,0.29,1,0.07533047538102217,-0.025033952797112007
2016-08-09,40,0,candidate_risk_off,0,0.620003131689729,0.29,1,0.07508924955084126,0.017096560843470235
2016-12-06,40,0,candidate_risk_off,0,0.5249507244649967,0.29,1,0.07472833520655695,0.003126391414131006
2016-12-30,40,0,candidate_risk_off,0,0.5737247474751602,0.29,1,0.07449358006829566,0.010681688541171299
2016-03-22,40,0,candidate_risk_off,0,0.48983585761260406,0.29,1,0.07408169796504546,-0.02678707819133847
2015-05-06,40,0,candidate_risk_off,0,0.6676247854752743,0.29,1,0.07401694306986682,-0.03775083091579098
2016-05-19,40,0,candidate_risk_off,0,0.7110130337516198,0.29,1,0.07389684798596961,-0.024291368810019084
2015-09-17,40,0,candidate_risk_off,0,0.513393850675983,0.29,1,0.07383109858791731,-0.0022960487807322507
2016-12-22,40,0,candidate_risk_off,0,0.5109584487739738,0.29,1,0.07303298150613528,-0.002562944264380055
2016-05-10,40,0,candidate_risk_off,0,0.6540318051756318,0.29,1,0.07301419417607893,-0.001174145778562975
2015-09-10,40,0,candidate_risk_off,0,0.4995350074274393,0.29,1,0.07265354639540948,-0.019201832404471576
2016-12-21,40,0,candidate_risk_off,0,0.46454456743996264,0.29,1,0.07219442629572011,-0.006755003532807188
2015-09-15,40,0,candidate_risk_off,0,0.49554845154015836,0.29,1,0.07191555257560729,-0.0036995577830523387
2015-06-05,40,0,candidate_risk_off,0,0.5025867888356397,0.29,1,0.0717327270177931,-0.006891371432329399
2015-05-05,40,0,candidate_risk_off,0,0.5920257208658313,0.29,1,0.07055382271832028,-0.04383098032418072
2016-05-09,40,0,candidate_risk_off,0,0.6834799139545211,0.29,1,0.07050314333055294,0.0008111307441141414
2016-12-26,40,0,candidate_risk_off,0,0.5479651037472276,0.29,1,0.07043194421236292,0.0015837704581298693
2016-12-07,40,0,candidate_risk_off,0,0.532829681935815,0.29,1,0.06962003694916327,0.001727578227998738
2016-12-29,40,0,candidate_risk_off,0,0.5994481865471826,0.29,1,0.06958241965747793,0.0002256334669128044
2016-03-24,40,0,candidate_risk_off,0,0.5749746364157732,0.29,1,0.06931758890972622,-0.026349084894393766
2016-12-12,40,0,candidate_risk_off,0,0.5149439826289713,0.29,1,0.06819825542361893,-0.0076691693337629496
2016-03-29,40,0,candidate_risk_off,0,0.5892525245544998,0.29,1,0.06774153165068235,-0.02216975417592092
2016-02-29,40,0,candidate_risk_off,0,0.5226475716657971,0.29,1,0.06758195712246476,-0.006366649613729334
2015-09-16,40,0,candidate_risk_off,0,0.49956121463538733,0.29,1,0.0675110279352056,-0.005225192281559618
2016-03-25,40,0,candidate_risk_off,0,0.5161927271141216,0.29,1,0.06727368605518289,-0.0288343409121852
2015-08-21,40,0,candidate_risk_off,0,0.4631744430853187,0.29,1,0.06659801137025549,-0.05424000468669373
2016-12-27,40,0,candidate_risk_off,0,0.5359689166737439,0.29,1,0.0665174011958459,-0.0005424301000887375
2016-05-27,40,0,candidate_risk_off,0,0.6987182699058577,0.29,1,0.06641655623245699,0.010453142351530885
2016-12-08,40,0,candidate_risk_off,0,0.5413016962123476,0.29,1,0.06590920632497184,-0.0064405840997083215
2016-03-16,40,0,candidate_risk_off,0,0.43451388539736574,0.29,1,0.06492618057819717,-0.037519075479525314
2016-06-24,40,0,candidate_risk_off,0,0.5041693774236659,0.29,1,0.06472778428034733,0.000805127092540648
2015-09-09,40,0,candidate_risk_off,0,0.45088896399213074,0.29,1,0.06470885991560572,-0.019673691274998076
2016-12-14,40,0,candidate_risk_off,0,0.45302737734763954,0.29,1,0.06435151294390595,-0.004052461499956307
2016-12-28,40,0,candidate_risk_off,0,0.5709476454979785,0.29,1,0.06422290992086092,0.00183704558446377
2017-01-03,40,0,candidate_risk_off,0,0.48566107820187393,0.29,1,0.06416085128164763,0.003994926268569617
2016-01-19,40,0,candidate_risk_off,0,0.5127467778371458,0.29,1,0.06352661451777582,-0.02626728810397076
2016-02-15,40,0,candidate_risk_off,0,0.4934248566212059,0.29,1,0.06320554720691322,0.005977063007155127
2015-09-21,40,0,candidate_risk_off,0,0.4285085278966495,0.29,1,0.0628142762700364,-0.019289230476525678
2015-04-06,40,0,candidate_risk_off,0,0.6565694169292491,0.29,1,0.06264089881703074,-0.026160160356106122
2016-12-09,40,0,candidate_risk_off,0,0.5111539482166442,0.29,1,0.06259301909499715,-0.012764548411367073
2016-03-15,40,0,candidate_risk_off,0,0.4766174476108109,0.29,1,0.062103236448045974,-0.03225457947477571
2016-03-11,40,0,candidate_risk_off,0,0.47972830886722356,0.29,1,0.06179987164134552,-0.03784827077327286
2016-03-23,40,0,candidate_risk_off,0,0.5238375431938213,0.29,1,0.061280492057452146,-0.03342106491716401
2016-12-05,40,0,candidate_risk_off,0,0.5768307690469611,0.29,1,0.06124722444907259,-0.013295918976620911
2016-12-15,40,0,candidate_risk_off,0,0.4595629729173843,0.29,1,0.061034408662359665,-0.005224459891137373
2016-12-19,40,0,candidate_risk_off,0,0.5039347861477927,0.29,1,0.06072842317039415,-0.017774522019554068
2015-09-28,40,0,candidate_risk_off,0,0.6457090281853778,0.29,1,0.06029966920249787,-0.006553790097917691
2017-01-04,40,0,candidate_risk_off,0,0.5020880636482262,0.29,1,0.060249657237473685,0.0016438238146321718
2016-01-25,40,0,candidate_risk_off,0,0.3588647070338791,0.29,1,0.05970988190824355,-0.010938188403471315
2016-01-15,40,0,candidate_risk_off,0,0.5620819962976064,0.29,1,0.05861212981173009,-0.03974530564831408
2015-09-01,40,0,candidate_risk_off,0,0.4789433864856977,0.29,1,0.05858997133240404,-0.014347242815275434
2016-08-10,40,0,candidate_risk_off,0,0.602728168480566,0.29,1,0.0584001510954992,0.004585893359010063
2016-04-22,40,0,candidate_risk_off,0,0.5371639872756165,0.29,1,0.05822304930289618,-0.0015201935262133723
2015-09-25,40,0,candidate_risk_off,0,0.6054517923923484,0.29,1,0.058032692104983276,-0.01624327626158266
2015-08-31,40,0,candidate_risk_off,0,0.47053137538634093,0.29,1,0.05794311399791902,-0.018677098922353728
2016-06-28,40,0,candidate_risk_off,0,0.5775954597241235,0.29,1,0.057704712678992486,0.008306772370990038
2016-11-29,40,0,candidate_risk_off,0,0.5531711669939616,0.29,1,0.0575870616988005,-0.01033794280452209
2016-05-16,40,0,candidate_risk_off,0,0.6379433796801294,0.29,1,0.05755349855828613,-0.0187528034201796
2017-01-05,40,0,candidate_risk_off,0,0.5019983926264602,0.29,1,0.05748882688391346,0.003146817001198219
2016-03-14,40,0,candidate_risk_off,0,0.46535563475213604,0.29,1,0.05738907572524819,-0.039094765169631916
2016-06-17,40,0,candidate_risk_off,0,0.6826798991540276,0.29,1,0.057209549660736915,0.0024515745895940864
2016-04-25,40,0,candidate_risk_off,0,0.5887287974875155,0.29,1,0.057208185150179156,0.00015212338926419485
2015-09-30,40,0,candidate_risk_off,0,0.7076975053570267,0.29,1,0.05709719263487906,-0.0005866927587284017
2016-06-27,40,0,candidate_risk_off,0,0.5525293251512796,0.29,1,0.056952720792274425,0.0014958144119331966
2016-06-01,40,0,candidate_risk_off,0,0.6080734537827323,0.29,1,0.056834811724298745,-0.0009845777199401125
2015-04-01,40,0,candidate_risk_off,0,0.6736168690795221,0.29,1,0.05663149155394827,-0.018654671652927415
2015-09-29,40,0,candidate_risk_off,0,0.6710030328431841,0.29,1,0.05653355400458958,0.001993770130860757
2016-02-16,40,0,candidate_risk_off,0,0.5171535692448005,0.29,1,0.056385679752827496,-0.0018263177389334687
2015-04-07,40,0,candidate_risk_off,0,0.6338903608011895,0.29,1,0.05625896039751162,-0.035582087298682945
2016-03-01,40,0,candidate_risk_off,0,0.47045520311967987,0.29,1,0.05609335192411037,-0.010274124275794947
2016-05-11,40,0,candidate_risk_off,0,0.6259103456044669,0.29,1,0.05604860513633714,-0.015955689777075316
2015-06-10,40,0,candidate_risk_off,0,0.4828362322263607,0.29,1,0.05585698091825387,0.008274330146705276
2016-11-30,40,0,candidate_risk_off,0,0.5092686899236668,0.29,1,0.05572060628183712,-0.02063025102103909
2016-01-26,40,0,candidate_risk_off,0,0.47441882206776226,0.29,1,0.055257679551395746,-0.002383214369725189
2016-05-30,40,0,candidate_risk_off,0,0.6340519224029036,0.29,1,0.05508593050835146,0.006391249228304393
2015-04-21,40,0,candidate_risk_off,0,0.7219696282210535,0.29,1,0.05508518543003765,-0.06103489556594871
2016-02-17,40,0,candidate_risk_off,0,0.5065567028876942,0.29,1,0.0550682642270652,0.009895127757799053
2016-04-26,40,0,candidate_risk_off,0,0.6377130890901481,0.29,1,0.054923410542154556,-0.011444060535795957
2015-06-16,40,0,candidate_risk_off,0,0.47383290912555964,0.29,1,0.05481512886376431,-0.002553442494335375
2016-08-01,40,0,candidate_risk_off,0,0.69173113282715,0.29,1,0.054781297197148665,-0.03290858739396242
2016-03-09,40,0,candidate_risk_off,0,0.5120203719622025,0.29,1,0.054693952912989854,-0.028187368980439022
2016-06-16,40,0,candidate_risk_off,0,0.6577722325435171,0.29,1,0.0546757710342102,-0.009418565880749635
2016-05-06,40,0,candidate_risk_off,0,0.6824798651406081,0.29,1,0.05419911259201791,-0.0044118812113541446
2015-09-22,40,0,candidate_risk_off,0,0.46676937013752995,0.29,1,0.05407640329004456,-0.021175166843843202
2015-09-24,40,0,candidate_risk_off,0,0.6098975157030085,0.29,1,0.05401645738922764,-0.016015332054323705
2016-03-08,40,0,candidate_risk_off,0,0.48358456661799226,0.29,1,0.05387213818761907,-0.03342106491716401
2017-01-16,40,0,candidate_risk_off,0,0.6005258961851846,0.29,1,0.05332165155060229,0.0064253115743065845
2016-05-17,40,0,candidate_risk_off,0,0.6398962065940084,0.29,1,0.053220208204712384,-0.033214616249563386
2017-01-19,40,0,candidate_risk_off,0,0.5210880416876484,0.29,1,0.05315581407096879,0.005772464643052377
2016-06-22,40,0,candidate_risk_off,0,0.6707254349388807,0.29,1,0.05300715510392256,-0.009044465830205396
2015-04-22,40,0,candidate_risk_off,0,0.7070043859157171,0.29,1,0.05290352417762572,-0.06151500226554653
2016-02-04,40,0,candidate_risk_off,0,0.5430805456536617,0.29,1,0.05289673013752147,0.003020426997452773
2016-06-02,40,0,candidate_risk_off,0,0.6644292436124991,0.29,1,0.0527568426064359,-0.006631174610429494
2015-09-23,40,0,candidate_risk_off,0,0.5181522744020065,0.29,1,0.052083944166541336,-0.020337411977756018
2016-02-03,40,0,candidate_risk_off,0,0.540469813332121,0.29,1,0.05190619944215529,0.005697283311718674
2017-01-23,40,0,candidate_risk_off,0,0.5540978565128803,0.29,1,0.051575580088744286,0.006108063182762223
2016-02-25,40,0,candidate_risk_off,0,0.508632770221388,0.29,1,0.051357255953777825,-0.012515360383569428
2016-06-20,40,0,candidate_risk_off,0,0.6421183985438688,0.29,1,0.051351556585815666,-0.009124282571011073
2016-12-16,40,0,candidate_risk_off,0,0.4135502534346082,0.29,1,0.05114591105248769,-0.019004616506594813
2016-12-02,40,0,candidate_risk_off,0,0.47572518819764203,0.29,1,0.051139931453868,-0.020735497561156155
2017-01-20,40,0,candidate_risk_off,0,0.5453510950988002,0.29,1,0.050962461246129,0.0012960443342920531
2016-05-04,40,0,candidate_risk_off,0,0.6768871372838393,0.29,1,0.05053182471435833,0.004064707657034946
2015-04-23,40,0,candidate_risk_off,0,0.688269099549845,0.29,1,0.04998999557385122,-0.059272529623680445
2016-05-05,40,0,candidate_risk_off,0,0.6810128768636504,0.29,1,0.049857541572821705,0.003882662340939244
2015-06-08,40,0,candidate_risk_off,0,0.48272810206618316,0.29,1,0.0498547699082884,-0.00993135995538701
2016-12-01,40,0,candidate_risk_off,0,0.4445037958526534,0.29,1,0.049480057263369716,-0.0228381055687535
2016-02-05,40,0,candidate_risk_off,0,0.5274129635440719,0.29,1,0.049406246560442534,-0.0017638309090854916
2016-03-10,40,0,candidate_risk_off,0,0.4595887960590484,0.29,1,0.04935970075647318,-0.03550689765963284
2016-01-27,40,0,candidate_risk_off,0,0.4211620086562242,0.29,1,0.048940199112061655,-0.011564893430250446
2016-04-28,40,0,candidate_risk_off,0,0.6971774078320363,0.29,1,0.048816723023250075,0.011260244685338932
2015-04-14,40,0,candidate_risk_off,0,0.7259833626680032,0.29,1,0.04857960797210042,-0.05466504951044708
2016-03-28,40,0,candidate_risk_off,0,0.5462545291818456,0.29,1,0.04851552207102832,-0.035176930566514615
2017-01-10,40,0,candidate_risk_off,0,0.4803711818693966,0.29,1,0.04821177513108947,-0.004606302432455172
2016-03-03,40,0,candidate_risk_off,0,0.39058262387565434,0.29,1,0.047888954324088115,-0.025875836561649018
2016-02-18,40,0,candidate_risk_off,0,0.4953401363593461,0.29,1,0.04771307269492506,0.002783503225088398
2015-04-08,40,0,candidate_risk_off,0,0.6686759046183507,0.29,1,0.04768366914015234,-0.034870298031249296
2016-06-03,40,0,candidate_risk_off,0,0.663050218879348,0.29,1,0.04765011237586954,-0.004238079712071004
2015-04-10,40,0,candidate_risk_off,0,0.6624061313408994,0.29,1,0.0476179747631964,-0.04632492747290259
2016-05-31,40,0,candidate_risk_off,0,0.6589879301393471,0.29,1,0.04760059769696438,0.001308890135074991
2016-06-29,40,0,candidate_risk_off,0,0.5548639573215003,0.29,1,0.04749554422267226,-0.00434192060324151
2015-08-28,40,0,candidate_risk_off,0,0.33565161200139926,0.29,1,0.047448787943544235,-0.02945545655626623
2016-06-21,40,0,candidate_risk_off,0,0.6647708410650204,0.29,1,0.04683192413750715,-0.01157952350913575
2015-06-15,40,0,candidate_risk_off,0,0.4301600106465586,0.29,1,0.04671918107809936,-0.0130606395950348
2017-01-06,40,0,candidate_risk_off,0,0.5005218500883468,0.29,1,0.04657417448280711,-0.0027398488128055503
2015-10-01,40,0,candidate_risk_off,0,0.5994373443246575,0.29,1,0.04656195741003635,-0.0021850166351920987
2016-01-14,40,0,candidate_risk_off,0,0.6561316211474775,0.29,1,0.04633917726773216,-0.057974573201254334
2016-02-19,40,0,candidate_risk_off,0,0.4559198349888664,0.29,1,0.04556785818775949,0.003225663922269252
2015-08-20,40,0,candidate_risk_off,0,0.5311933018237687,0.29,1,0.04541570824274704,-0.0727447046045047
2017-01-17,40,0,candidate_risk_off,0,0.503858422511209,0.29,1,0.04493614105701332,-0.003511290933318348
2015-06-09,40,0,candidate_risk_off,0,0.529779303588727,0.29,1,0.044747643733194536,-0.0006442794305941986
2016-06-06,40,0,candidate_risk_off,0,0.6726846743241564,0.29,1,0.04467682427970778,-0.0012910515793123833
2016-04-27,40,0,candidate_risk_off,0,0.6459013373129853,0.29,1,0.0441486659312022,-0.0038629299995073365
2016-08-23,40,0,candidate_risk_off,0,0.7182560773257137,0.29,1,0.04411530945635939,-0.011980577800474056
2016-02-26,40,0,candidate_risk_off,0,0.4497742376026723,0.29,1,0.04400851802894737,-0.018343904782186626
2016-06-23,40,0,candidate_risk_off,0,0.6416448379055709,0.29,1,0.043907680753921936,-0.018355875147241053
2015-03-30,40,0,candidate_risk_off,0,0.6202471375422808,0.29,1,0.04372977515151399,-0.030240448328496025
2016-02-02,40,0,candidate_risk_off,0,0.6053549583746408,0.29,1,0.04353468801473186,0.004872071523716711
2016-03-04,40,0,candidate_risk_off,0,0.4103779039588932,0.29,1,0.04335899847825797,-0.03157495341719656
2016-03-07,40,0,candidate_risk_off,0,0.490807019944376,0.29,1,0.04298833773001673,-0.03601032182247277
2015-06-17,40,0,candidate_risk_off,0,0.49387420099939866,0.29,1,0.04289354268489623,0.002553442494335435
2017-01-18,40,0,candidate_risk_off,0,0.4933309587366828,0.29,1,0.04249253376281957,-0.001420631614375255
2015-03-31,40,0,candidate_risk_off,0,0.673754446307972,0.29,1,0.04236454159477054,-0.0410768065561717
2016-07-01,40,0,candidate_risk_off,0,0.4778455705550631,0.29,1,0.04197703546531388,-0.020368459690229768
2015-04-09,40,0,candidate_risk_off,0,0.6801719202783494,0.29,1,0.04194031106225941,-0.03996937667854809
2016-09-16,40,0,candidate_risk_off,0,0.6548013152394772,0.29,1,0.04192991565508239,0.0100520247559766
2016-06-30,40,0,candidate_risk_off,0,0.577960215480041,0.29,1,0.04066381923006913,-0.007732345118739904
2015-04-13,40,0,candidate_risk_off,0,0.691980344088563,0.29,1,0.04060893969214875,-0.056221108167668205
2017-01-12,40,0,candidate_risk_off,0,0.483045128643294,0.29,1,0.03989458195794848,-0.013217277915019424
2017-01-09,40,0,candidate_risk_off,0,0.5171005303955726,0.29,1,0.03963929209236573,-0.006806297453131
2017-01-24,40,0,candidate_risk_off,0,0.5334863829553725,0.29,1,0.03956223352295093,0.00852637957263191
2016-01-28,40,0,candidate_risk_off,0,0.4486424340112171,0.29,1,0.039525809403534416,-0.005613815025746293
2016-08-25,40,0,candidate_risk_off,0,0.6979609099469551,0.29,1,0.03920611109585111,-0.010978801841280507
2016-08-18,40,0,candidate_risk_off,0,0.646936209771065,0.29,1,0.039110093362123545,-0.014238479518170689
2016-04-29,40,0,candidate_risk_off,0,0.6985115557005733,0.29,1,0.0390522927498443,0.0011691610097175982
2015-04-24,40,0,candidate_risk_off,0,0.706300539010525,0.29,1,0.038522305758905084,-0.06729372575959973
2016-11-28,40,0,candidate_risk_off,0,0.6024726400355933,0.29,1,0.03843763636191205,-0.020960988568778583
2015-03-27,40,0,candidate_risk_off,0,0.6478474316961871,0.29,1,0.03833659008187031,-0.04160285980851888
2017-02-09,40,0,candidate_risk_off,0,0.46927158637933725,0.29,1,0.03822388890310834,0.00445733170351569
2016-08-24,40,0,candidate_risk_off,0,0.70679609493272,0.29,1,0.03804015764261774,-0.014420102318385322
2016-07-06,40,0,candidate_risk_off,0,0.502601767279534,0.29,1,0.03802314405735189,-0.03457289154438424
2015-04-03,40,0,candidate_risk_off,0,0.6503820345056525,0.29,1,0.03786133242804904,-0.03510761741861868
2015-04-02,40,0,candidate_risk_off,0,0.6460865823005746,0.29,1,0.037770805102151896,-0.03328063234845112
2016-07-29,40,0,candidate_risk_off,0,0.7123972779096228,0.29,1,0.03733309490444111,-0.03882890362288271
2017-01-11,40,0,candidate_risk_off,0,0.48319264615164775,0.29,1,0.03711059281742338,-0.013508373309034732
2016-03-02,40,0,candidate_risk_off,0,0.3938945168506909,0.29,1,0.03699694657707471,-0.025507599623323378
2016-08-17,40,0,candidate_risk_off,0,0.6533002009792152,0.29,1,0.0367422844354615,-0.014026544551135549
2017-01-13,40,0,candidate_risk_off,0,0.5572674137550457,0.29,1,0.03651881866667011,-0.010447637218002384
2017-02-10,40,0,candidate_risk_off,0,0.4661987886530726,0.29,1,0.03640062877239724,0.0030077770816839696
2016-08-22,40,0,candidate_risk_off,0,0.74904535766063,0.29,1,0.03634049208279627,-0.009732771501822725
2016-08-16,40,0,candidate_risk_off,0,0.6514334515117637,0.29,1,0.036317173696498756,-0.01038637126365065
2015-10-02,40,0,candidate_risk_off,0,0.6599681772641747,0.29,1,0.03589372105062957,0.013583061587561502
2015-06-12,40,0,candidate_risk_off,0,0.42856579829569585,0.29,1,0.03545281068401225,-0.006646029972304318
2016-01-11,40,0,candidate_risk_off,0,0.6589935580440148,0.29,1,0.035413305669540776,-0.0666882839304991
2017-02-13,40,0,candidate_risk_off,0,0.42738875201059556,0.29,1,0.035391209870111025,0.0005098572510177354
2016-08-11,40,0,candidate_risk_off,0,0.6139624656808361,0.29,1,0.0352814102510246,-0.013617685942373565
2015-04-20,40,0,candidate_risk_off,0,0.6564107625108214,0.29,1,0.0342023700809582,-0.06600261566788307
2016-08-15,40,0,candidate_risk_off,0,0.6237325760850702,0.29,1,0.03412089569642912,-0.012450762773834547
2015-04-27,40,0,candidate_risk_off,0,0.7438705535534021,0.29,1,0.033827461685946,-0.061319431063671485
2015-06-11,40,0,candidate_risk_off,0,0.48225706533388585,0.29,1,0.03382467639202239,-0.003758884348586255
2016-06-15,40,0,candidate_risk_off,0,0.6316795856494868,0.29,1,0.033421387932217925,-0.012469369681358457
2016-09-15,40,0,candidate_risk_off,0,0.6455677396799,0.29,1,0.03296285242426499,-0.00744942220781803
2016-07-05,40,0,candidate_risk_off,0,0.5781476455832312,0.29,1,0.032929574214413726,-0.03675693658561369
2017-01-25,40,0,candidate_risk_off,0,0.5332675391724538,0.29,1,0.03271672506488518,0.003950424511701516
2016-07-04,40,0,candidate_risk_off,0,0.5136493989080356,0.29,1,0.03261257594451144,-0.03226060921741051
2017-02-06,40,0,candidate_risk_off,0,0.45349287894338774,0.29,1,0.03141383995876702,0.0008709993482701697
2017-02-07,40,0,candidate_risk_off,0,0.492536242657304,0.29,1,0.031179553179235493,-0.0017967150623993057
2017-02-03,40,0,candidate_risk_off,0,0.4625053776068843,0.29,1,0.030874199538791308,-0.000442733817099136
2015-08-17,40,0,candidate_risk_off,0,0.4847902185628471,0.29,1,0.03039779061138046,-0.08407975016646485
2016-01-08,40,0,candidate_risk_off,0,0.6435203692028044,0.29,1,0.03026670614347985,-0.07058838906020114
2016-07-26,40,0,candidate_risk_off,0,0.6521725139631471,0.29,1,0.030205702436842636,-0.03323241909683166
2017-02-08,40,0,candidate_risk_off,0,0.46555158814506087,0.29,1,0.029723081103345365,-0.0019819068432626367
2016-01-13,40,0,candidate_risk_off,0,0.6444752898399464,0.29,1,0.029366296468159216,-0.07115960344177402
2017-02-02,40,0,candidate_risk_off,0,0.5175154425588947,0.29,1,0.028985098965740804,-0.00447542828785196
2016-02-01,40,0,candidate_risk_off,0,0.4889071497532346,0.29,1,0.027838861584036218,-0.007632278161163715
2016-08-19,40,0,candidate_risk_off,0,0.6940513570783565,0.29,1,0.02780045477555629,-0.01670270789735502
2016-08-12,40,0,candidate_risk_off,0,0.644711854894116,0.29,1,0.02779335226580514,-0.00673289868815059
2015-04-15,40,0,candidate_risk_off,0,0.6807295362775948,0.29,1,0.027690986224914987,-0.06504647415693307
2017-02-14,40,0,candidate_risk_off,0,0.41363532677015663,0.29,1,0.026987893372794818,0.0017683220406789384
2016-07-28,40,0,candidate_risk_off,0,0.6430704678188705,0.29,1,0.02546654756875142,-0.04632872875180752
2016-09-13,40,0,candidate_risk_off,0,0.7160674911094699,0.29,1,0.02505781541876438,-0.012829783237896348
2015-08-19,40,0,candidate_risk_off,0,0.5020885024145392,0.29,1,0.024919680907255673,-0.09219468909183431
2016-01-29,40,0,candidate_risk_off,0,0.4459514813099737,0.29,1,0.02388486985165872,-0.016271043998983156
2015-06-18,40,0,candidate_risk_off,0,0.4982146377607537,0.29,1,0.02368556421845446,0.0024094323677694394
2016-07-27,40,0,candidate_risk_off,0,0.6851818029820479,0.29,1,0.02300683778690229,-0.044760100979181074
2016-09-19,40,0,candidate_risk_off,0,0.6891250694877925,0.29,1,0.02278187699207001,0.008295159806623155
2016-09-12,40,0,candidate_risk_off,0,0.7362979996673346,0.29,1,0.021561671950936747,-0.012890413183044788
2016-07-25,40,0,candidate_risk_off,0,0.6822071418721448,0.29,1,0.021438044390214017,-0.034326502679914245
2015-04-17,40,0,candidate_risk_off,0,0.6878600222127291,0.29,1,0.020946729450881055,-0.071790730930967
2016-09-14,40,0,candidate_risk_off,0,0.668866575078518,0.29,1,0.02052977370851659,-0.008150203760240046
2016-09-01,40,0,candidate_risk_off,0,0.6225923085564039,0.29,1,0.01932813380320986,-0.027082306443182765
2016-11-15,40,0,candidate_risk_off,0,0.5764707416958512,0.29,1,0.018951368554357546,-0.03435374595095476
2016-09-06,40,0,candidate_risk_off,0,0.7046649412674361,0.29,1,0.018948720621494445,-0.0191458163830584
2016-06-14,40,0,candidate_risk_off,0,0.64355584163152,0.29,1,0.018863851966676018,-0.009930344803430082
2016-01-07,40,0,candidate_risk_off,0,0.6602983223997041,0.29,1,0.018488702104989284,-0.08002501998505156
2015-04-16,40,0,candidate_risk_off,0,0.6820949381504893,0.29,1,0.01846367231641994,-0.07172034557109266
2015-03-26,40,0,candidate_risk_off,0,0.6821668254356805,0.29,1,0.01838575270654602,-0.050162113204188806
2016-11-16,40,0,candidate_risk_off,0,0.5625305304538055,0.29,1,0.018156143736679405,-0.03485787537461748
2016-06-07,40,0,candidate_risk_off,0,0.6581298200315265,0.29,1,0.01808568372438172,-0.008682424508369273
2017-02-15,40,0,candidate_risk_off,0,0.43334859933431835,0.29,1,0.017800904600695937,-0.005722032693841621
2016-07-11,40,0,candidate_risk_off,0,0.565174885435661,0.29,1,0.017688280281149556,-0.0388748986094373
2016-01-12,40,0,candidate_risk_off,0,0.6490907642719869,0.29,1,0.017183942121456703,-0.07807746178372707
2016-09-05,40,0,candidate_risk_off,0,0.6860509975820707,0.29,1,0.016787054412847828,-0.020124400525286464
2015-08-18,40,0,candidate_risk_off,0,0.48317357084437407,0.29,1,0.016681296054809894,-0.09633962957075615
2016-11-25,40,0,candidate_risk_off,0,0.5507276926506561,0.29,1,0.016551859143699606,-0.03673870260422875
2016-09-20,40,0,candidate_risk_off,0,0.6350371798130279,0.29,1,0.01628288929923212,0.005052262457103412
2016-11-17,40,0,candidate_risk_off,0,0.5702119035768002,0.29,1,0.01543097482602734,-0.03481340358825263
2016-11-21,40,0,candidate_risk_off,0,0.6074256899126241,0.29,1,0.01533510552054258,-0.034398238183359846
2016-08-26,40,0,candidate_risk_off,0,0.6814075938697963,0.29,1,0.015262934040326161,-0.024928132648015074
2016-09-07,40,0,candidate_risk_off,0,0.6803516245552637,0.29,1,0.015187733782512284,-0.015191631421366996
2016-02-24,40,0,candidate_risk_off,0,0.468971209267318,0.29,1,0.013446962021453358,-0.021747337948856856
2016-02-22,40,0,candidate_risk_off,0,0.4770904623990526,0.29,1,0.013410417183992994,-0.008759336991928053
2017-02-16,40,0,candidate_risk_off,0,0.4642874547828809,0.29,1,0.012747055917221218,-0.002597294064871382
2016-07-22,40,0,candidate_risk_off,0,0.6853422089490208,0.29,1,0.012265401211016129,-0.03520398605248904
2016-07-07,40,0,candidate_risk_off,0,0.5101099900134731,0.29,1,0.012132659294019028,-0.052367009656692366
2016-02-23,40,0,candidate_risk_off,0,0.49441444811352286,0.29,1,0.011954344484032754,-0.009775388915808161
2016-11-14,40,0,candidate_risk_off,0,0.5865803464318127,0.29,1,0.011845469791563134,-0.032557573837169534
2016-11-24,40,0,candidate_risk_off,0,0.5252382802455777,0.29,1,0.011843825235874076,-0.04015069217776227
2015-03-25,40,0,candidate_risk_off,0,0.6841097256900777,0.29,1,0.011115854664142728,-0.05870221112099147
2016-08-29,40,0,candidate_risk_off,0,0.6884485766026552,0.29,1,0.0100177707917167,-0.02745582265439354
2016-06-13,40,0,candidate_risk_off,0,0.6665542810353027,0.29,1,0.009385244143063753,-0.006967996458916435
2016-09-21,40,0,candidate_risk_off,0,0.5940773260677895,0.29,1,0.009113444259349008,-0.002621312006442554
2016-07-08,40,0,candidate_risk_off,0,0.5247268229332499,0.29,1,0.00887228751754368,-0.04866947551527136
2016-11-09,40,0,candidate_risk_off,0,0.5257741307100938,0.29,1,0.008246274637199857,-0.02840364955787952
2015-06-19,40,0,candidate_risk_off,0,0.47286625075373095,0.29,1,0.00737822095895869,-0.0050580929992238245
2016-11-18,40,0,candidate_risk_off,0,0.59611803882614,0.29,1,0.00694205675750178,-0.032854684438775844
2016-06-08,40,0,candidate_risk_off,0,0.667780160814877,0.29,1,0.005938976391726501,-0.013824070300527236
2015-10-05,40,0,candidate_risk_off,0,0.5915329516441661,0.29,1,0.005598335125421055,0.005598335125421055
2016-11-11,40,0,candidate_risk_off,0,0.5639325619122203,0.29,1,0.004949450905203462,-0.04165358774420524
2016-09-22,40,0,candidate_risk_off,0,0.6079280292079206,0.29,1,0.004740155240575104,-0.006950129238851434
2017-02-17,40,0,candidate_risk_off,0,0.4448779597359379,0.29,1,0.004229349487330126,-0.00045218817450604364
2016-07-12,40,0,candidate_risk_off,0,0.49098578396743825,0.29,1,0.0036055728436480542,-0.049003421085247516
2016-08-31,40,0,candidate_risk_off,0,0.6511652283241927,0.29,1,0.003359159078299059,-0.03517867309420773
2015-12-22,40,0,candidate_risk_off,0,0.642905022188691,0.29,1,0.0029795771300895725,-0.08177458524917523
2016-11-10,40,0,candidate_risk_off,0,0.5685721530163796,0.29,1,0.0024006432878773513,-0.04013594672120579
2016-09-08,40,0,candidate_risk_off,0,0.7135720162133601,0.29,1,0.0023393577437763446,-0.022409050780284573
2016-11-22,40,0,candidate_risk_off,0,0.5435006867642967,0.29,1,0.0020070473119354736,-0.04563563707302382
2016-08-30,40,0,candidate_risk_off,0,0.603364664309533,0.29,1,0.0013964407890686694,-0.03226914829249882
2016-06-09,40,0,candidate_risk_off,0,0.6016286409733579,0.29,1,0.0010766308829706671,-0.019208753678782494
2016-07-14,40,0,candidate_risk_off,0,0.6556158943379249,0.29,1,0.0002849494234056275,-0.06075681342696034
2015-12-24,40,0,candidate_risk_off,0,0.657387729397524,0.29,1,-0.00010598085289172658,-0.0814567100654863
2016-09-09,40,0,candidate_risk_off,0,0.7252653754599976,0.29,1,-0.00022495332313428952,-0.02362440034283753
2016-11-23,40,0,candidate_risk_off,0,0.5242984193952753,0.29,1,-0.0012449927274743413,-0.04746704549805836
2016-09-23,40,0,candidate_risk_off,0,0.6145298209788203,0.29,1,-0.0012469014633774195,-0.010978466793327247
2015-12-23,40,0,candidate_risk_off,0,0.6521162105378521,0.29,1,-0.0025729991392980686,-0.07809518395327551
2016-11-08,40,0,candidate_risk_off,0,0.5935300101220073,0.29,1,-0.002605170365336023,-0.03761127074578335
2016-11-04,40,0,candidate_risk_off,0,0.585740106675833,0.29,1,-0.002793633538119679,-0.023123119108826046
2016-11-07,40,0,candidate_risk_off,0,0.600619068036329,0.29,1,-0.003164583111226432,-0.03417575722310431
2016-06-10,40,0,candidate_risk_off,0,0.6123699316295823,0.29,1,-0.003897462041685046,-0.016956750506742873
2016-09-26,40,0,candidate_risk_off,0,0.6260655249460736,0.29,1,-0.004070069925558235,-0.015345189000092027
2016-09-27,40,0,candidate_risk_off,0,0.6388518937001665,0.29,1,-0.0043605570996814655,-0.026873075063879266
2016-11-03,40,0,candidate_risk_off,0,0.575464885515518,0.29,1,-0.00436822850939003,-0.024472080613183574
2016-09-28,40,0,candidate_risk_off,0,0.6453946693440419,0.29,1,-0.005197547251288274,-0.02954147364052048
2016-10-24,40,0,candidate_risk_off,0,0.5980683282451758,0.29,1,-0.005457180696710024,-0.03991473877746396
2016-07-20,40,0,candidate_risk_off,0,0.678672954896009,0.29,1,-0.006198555290786516,-0.05106534000613313
2016-07-15,40,0,candidate_risk_off,0,0.639445460687303,0.29,1,-0.0072490350057160344,-0.057556810696289325
2015-03-24,40,0,candidate_risk_off,0,0.6896641547355885,0.29,1,-0.007837765590253799,-0.07022348429716055
2015-10-07,40,0,candidate_risk_off,0,0.6005105384946373,0.29,1,-0.008925613203219211,-0.015931048769359944
2016-10-26,40,0,candidate_risk_off,0,0.5700894441865998,0.29,1,-0.00995122157668344,-0.03338926117069038
2015-12-21,40,0,candidate_risk_off,0,0.6175210492444398,0.29,1,-0.009963031586494467,-0.08274524493271061
2016-11-02,40,0,candidate_risk_off,0,0.6115362286803627,0.29,1,-0.011836230773672308,-0.030103037293002125
2016-07-21,40,0,candidate_risk_off,0,0.6785659056957218,0.29,1,-0.012602388198676227,-0.05001975070620478
2015-12-18,40,0,candidate_risk_off,0,0.6420225225101611,0.29,1,-0.013234432107073124,-0.08500059352940915
2016-07-13,40,0,candidate_risk_off,0,0.5656389888448091,0.29,1,-0.013495682727371342,-0.07332209601518438
2016-10-21,40,0,candidate_risk_off,0,0.5762214931187316,0.29,1,-0.014220932458459934,-0.04990858502625456
2016-09-30,40,0,candidate_risk_off,0,0.5931073304523933,0.29,1,-0.01448321438759179,-0.02809879788299441
2016-09-29,40,0,candidate_risk_off,0,0.655642655100564,0.29,1,-0.015175197742440187,-0.03220277081137633
2015-03-23,40,0,candidate_risk_off,0,0.6959513593168215,0.29,1,-0.01601503272023168,-0.0763026371815321
2016-07-19,40,0,candidate_risk_off,0,0.6438254062494732,0.29,1,-0.016792904440185923,-0.0623604707079545
2015-10-06,40,0,candidate_risk_off,0,0.5879400225949969,0.29,1,-0.018894371234859462,-0.018894371234859462
2016-11-01,40,0,candidate_risk_off,0,0.5600027531060915,0.29,1,-0.01900897247425718,-0.03781820909367569
2016-10-27,40,0,candidate_risk_off,0,0.6098290729085569,0.29,1,-0.0190155239360496,-0.03826150426162951
2016-10-31,40,0,candidate_risk_off,0,0.6248185854716256,0.29,1,-0.01995209096605725,-0.03663512702725705
2016-10-25,40,0,candidate_risk_off,0,0.5212590695642817,0.29,1,-0.020197274652534635,-0.03719726553523301
2016-07-18,40,0,candidate_risk_off,0,0.6024054059262121,0.29,1,-0.020672493270467187,-0.0709196390158919
2015-06-24,40,0,candidate_risk_off,0,0.5891613995198068,0.29,1,-0.02089403314392721,-0.029008972069296673
2016-10-10,40,0,candidate_risk_off,0,0.6674195945017514,0.29,1,-0.020954004066457674,-0.02391198023855647
2015-10-08,40,0,candidate_risk_off,0,0.567753507035005,0.29,1,-0.021358764338748042,-0.028294562021852515
2015-06-23,40,0,candidate_risk_off,0,0.47319111229233785,0.29,1,-0.021905093910645868,-0.034164973314937175
2015-12-14,40,0,candidate_risk_off,0,0.6207659562833747,0.29,1,-0.025526708706578183,-0.07445555597076323
2015-10-09,40,0,candidate_risk_off,0,0.5682906181985687,0.29,1,-0.02828652597887651,-0.030405560422407107
2015-10-13,40,0,candidate_risk_off,0,0.5519419859051728,0.29,1,-0.028654566950200824,-0.04716498761709538
2015-12-10,40,0,candidate_risk_off,0,0.6546684060008523,0.29,1,-0.029465230403925735,-0.07235452783110766
2015-10-21,40,0,candidate_risk_off,0,0.4716626190583412,0.29,1,-0.030429165989017137,-0.050737029619710626
2015-10-22,40,0,candidate_risk_off,0,0.41276135700919836,0.29,1,-0.03066296070284315,-0.05890364606038798
2017-11-17,40,1,multiclass_probability_sum,0,0.5582028270797587,0.39,1,0.1772959822476411,0.014335005594107077
2017-11-15,40,1,multiclass_probability_sum,0,0.5304486802354629,0.39,1,0.17194029885584747,0.009135676639694001
2017-11-08,40,1,multiclass_probability_sum,0,0.4743492387756232,0.39,1,0.17072928701726944,0.0008139062131764306
2017-11-28,40,1,multiclass_probability_sum,0,0.5080554740468388,0.39,1,0.17001722872461997,-0.02556819900018431
2017-12-21,40,1,multiclass_probability_sum,0,0.5404832324926901,0.39,1,0.16842969737500665,0.006595120776870579
2017-11-07,40,1,multiclass_probability_sum,0,0.4821093289901863,0.39,1,0.16778475560167844,0.01095898174574021
2017-10-05,40,1,multiclass_probability_sum,0,0.3965214388961042,0.39,1,0.16526034677352136,0.0031865522335884668
2017-10-03,40,1,multiclass_probability_sum,0,0.44139961459123384,0.39,1,0.1650576840813383,0.009019353445915153
2017-11-14,40,1,multiclass_probability_sum,0,0.538525010555448,0.39,1,0.16421291902038773,0.0019166544946218964
2017-11-10,40,1,multiclass_probability_sum,0,0.4762405193620467,0.39,1,0.16396338858041024,0.012738005198996446
2017-12-22,40,1,multiclass_probability_sum,0,0.48058244557584384,0.39,1,0.16355690707766624,0.006270203676223206
2017-11-09,40,1,multiclass_probability_sum,0,0.48229943866689473,0.39,1,0.16292853876241423,0.009036223488976682
2017-11-27,40,1,multiclass_probability_sum,0,0.5463620593768961,0.39,1,0.16281134047629542,-0.02280197493837821
2017-11-20,40,1,multiclass_probability_sum,0,0.5151430554274136,0.39,1,0.16248129943887946,0.015266633686789648
2017-11-16,40,1,multiclass_probability_sum,0,0.5319065710983846,0.39,1,0.16228760794213928,-0.00236614837698056
2017-11-13,40,1,multiclass_probability_sum,0,0.5033104772893864,0.39,1,0.16159280650753455,0.0017724860342018419
2017-11-06,40,1,multiclass_probability_sum,0,0.4522727188788054,0.39,1,0.15935111946270408,0.0014593216745251917
2017-11-02,40,1,multiclass_probability_sum,0,0.5093786076552065,0.39,1,0.15905833981271839,0.012690858654217072
2017-10-02,40,1,multiclass_probability_sum,0,0.4553456669580844,0.39,1,0.15700470767482871,-0.00528675234470351
2017-11-30,40,1,multiclass_probability_sum,0,0.5669065818278745,0.39,1,0.1562313739220281,-0.034790215138282746
2017-12-20,40,1,multiclass_probability_sum,0,0.5142844098114636,0.39,1,0.1560381577015891,-0.007843920674710807
2017-10-23,40,1,multiclass_probability_sum,0,0.4049928832343077,0.39,1,0.15555728693344653,0.006321133563370733
2017-11-03,40,1,multiclass_probability_sum,0,0.4364593472282843,0.39,1,0.15403723154981486,0.006332649558034385
2017-11-29,40,1,multiclass_probability_sum,0,0.49089366276599233,0.39,1,0.15322301508899486,-0.03711400027184329
2017-12-25,40,1,multiclass_probability_sum,0,0.49209154843054603,0.39,1,0.1521466367508243,0.007920051377935255
2017-09-29,40,1,multiclass_probability_sum,0,0.4457529690700848,0.39,1,0.15103444836937036,-0.008012923391715962
2017-12-15,40,1,multiclass_probability_sum,0,0.6154139487852422,0.39,1,0.15059723443759795,0.01158835434427728
2017-11-24,40,1,multiclass_probability_sum,0,0.5308509134531968,0.39,1,0.15040722782764707,-0.019557886679932367
2017-12-26,40,1,multiclass_probability_sum,0,0.48923685129227745,0.39,1,0.14907237044742339,0.002615813194467048
2017-09-27,40,1,multiclass_probability_sum,0,0.46044783660940114,0.39,1,0.1487275599674423,-0.007204561151688256
2017-09-28,40,1,multiclass_probability_sum,0,0.500674885122838,0.39,1,0.14853653755855153,-0.008510052481519854
2017-12-05,40,1,multiclass_probability_sum,0,0.5657246349480857,0.39,1,0.14770716289217195,-0.038331566968569715
2017-12-19,40,1,multiclass_probability_sum,0,0.5455375954870293,0.39,1,0.14769741182906565,-0.005649613441783947
2017-12-01,40,1,multiclass_probability_sum,0,0.4942079980515884,0.39,1,0.14516259065555218,-0.04567889286242426
2017-10-31,40,1,multiclass_probability_sum,0,0.49325492887371847,0.39,1,0.14293282519487874,-0.005016863076016063
2017-11-01,40,1,multiclass_probability_sum,0,0.43282630306102643,0.39,1,0.13908429168614309,-0.011481209779218507
2018-02-05,40,1,multiclass_probability_sum,0,0.4600030535339756,0.39,1,0.13836255828227462,-0.0436285789006776
2017-12-28,40,1,multiclass_probability_sum,0,0.5088406097614704,0.39,1,0.1371428399837516,0.007669750391313547
2018-02-08,40,1,multiclass_probability_sum,0,0.40219991463021293,0.39,1,0.13659778343398868,-0.01905157786277016
2017-09-26,40,1,multiclass_probability_sum,0,0.46980493444475846,0.39,1,0.13124716908278833,-0.009168368086879443
2017-11-23,40,1,multiclass_probability_sum,0,0.5448705404868965,0.39,1,0.12881992551081112,-0.017557104958917647
2017-10-30,40,1,multiclass_probability_sum,0,0.46756461773202,0.39,1,0.12559803069893935,-0.014431606194020018
2017-12-04,40,1,multiclass_probability_sum,0,0.5001977168257847,0.39,1,0.12544872393588993,-0.05571860731060735
2017-12-14,40,1,multiclass_probability_sum,0,0.5546787072658819,0.39,1,0.1243142304541957,-0.0007375695814352092
2019-01-03,40,1,multiclass_probability_sum,0,0.534645469009229,0.39,1,0.12387025556374277,0.0030469803918394887
2017-10-20,40,1,multiclass_probability_sum,0,0.3986332514084971,0.39,1,0.1231064317124345,-0.008258086374660925
2017-12-29,40,1,multiclass_probability_sum,0,0.5683274183477313,0.39,1,0.12227949067826667,0.011646537470923812
2017-12-27,40,1,multiclass_probability_sum,0,0.5232262702470313,0.39,1,0.12141336904148389,0.00849283834735672
2018-01-02,40,1,multiclass_probability_sum,0,0.5507413493210753,0.39,1,0.12126616628417432,0.008171230286904974
2019-01-08,40,1,multiclass_probability_sum,0,0.5830161856172003,0.39,1,0.1207334951176306,0.010703800294231512
2017-12-13,40,1,multiclass_probability_sum,0,0.578853207496923,0.39,1,0.11955078809343966,0.011572759243244145
2017-11-21,40,1,multiclass_probability_sum,0,0.5356446375476406,0.39,1,0.1193330093076328,-0.0009260520885138314
2017-11-22,40,1,multiclass_probability_sum,0,0.5232395422133324,0.39,1,0.11874279148055218,-0.016442636037976684
2017-12-18,40,1,multiclass_probability_sum,0,0.49410585117248684,0.39,1,0.11612321488413203,-0.012604414502073672
2019-01-10,40,1,multiclass_probability_sum,0,0.5495382428664318,0.39,1,0.1156557730907866,0.003888677751822909
2019-01-14,40,1,multiclass_probability_sum,0,0.5675706081771281,0.39,1,0.1151527343696291,9.979541947313105e-05
2018-02-07,40,1,multiclass_probability_sum,0,0.39675232417355355,0.39,1,0.1147811881282608,-0.03581716098967773
2017-09-25,40,1,multiclass_probability_sum,0,0.4624576795407682,0.39,1,0.11476893396448058,-0.009453917429883623
2019-01-09,40,1,multiclass_probability_sum,0,0.5584340357396568,0.39,1,0.11410598377440885,0.0014593745105250825
2018-01-05,40,1,multiclass_probability_sum,0,0.5603984319620795,0.39,1,0.11257189733291917,-0.008638398646246962
2019-01-04,40,1,multiclass_probability_sum,0,0.49474275974723114,0.39,1,0.11195130395936316,0.00739680131465438
2018-01-03,40,1,multiclass_probability_sum,0,0.5696092642155933,0.39,1,0.11071471657124679,-0.001721727526594451
2017-12-11,40,1,multiclass_probability_sum,0,0.590279058613723,0.39,1,0.1091410328415498,0.00754679586926295
2019-01-02,40,1,multiclass_probability_sum,0,0.5681050644585302,0.39,1,0.10904421870029822,-0.015288692515090354
2018-01-18,40,1,multiclass_probability_sum,0,0.459030120704074,0.39,1,0.10901770951448622,-0.04509597253974928
2018-01-17,40,1,multiclass_probability_sum,0,0.543291941997174,0.39,1,0.10877695405005346,-0.03016960641736702
2018-01-08,40,1,multiclass_probability_sum,0,0.49915597144366375,0.39,1,0.10670968821216548,-0.01870947195321954
2019-01-11,40,1,multiclass_probability_sum,0,0.5462821655981627,0.39,1,0.10646546490162175,-0.00100858413324493
2018-12-28,40,1,multiclass_probability_sum,0,0.597418008227719,0.39,1,0.10610530288191504,-0.01617419885276119
2017-09-21,40,1,multiclass_probability_sum,0,0.4735795500255916,0.39,1,0.10485039091504597,-0.0074036032621916815
2018-07-05,40,1,multiclass_probability_sum,0,0.4011471096875018,0.39,1,0.10409553979570373,-0.006962138176787398
2018-01-10,40,1,multiclass_probability_sum,0,0.5319926290375616,0.39,1,0.10252539396557232,-0.03346949362639554
2017-12-08,40,1,multiclass_probability_sum,0,0.5589950770578367,0.39,1,0.10145462495396226,-0.02445199101449514
2019-01-07,40,1,multiclass_probability_sum,0,0.5865295772937329,0.39,1,0.10141858080985708,-0.002475973083838974
2017-12-06,40,1,multiclass_probability_sum,0,0.539214692765916,0.39,1,0.10134143311292991,-0.03237660076652726
2019-01-15,40,1,multiclass_probability_sum,0,0.5260334791125184,0.39,1,0.10123077054370154,-0.0086003279100105
2018-01-11,40,1,multiclass_probability_sum,0,0.48550858681466313,0.39,1,0.10070157866953998,-0.04311352795647718
2018-01-04,40,1,multiclass_probability_sum,0,0.5367970998342382,0.39,1,0.09937154618742802,-0.015625240687925628
2018-01-12,40,1,multiclass_probability_sum,0,0.5328481525893817,0.39,1,0.09899908414830978,-0.04496266205944362
2017-09-22,40,1,multiclass_probability_sum,0,0.4709916782248224,0.39,1,0.0985116974953034,-0.011376148304953575
2018-12-27,40,1,multiclass_probability_sum,0,0.6324431146545102,0.39,1,0.09843278767664841,-0.02539722684323625
2018-01-19,40,1,multiclass_probability_sum,0,0.5347499918840212,0.39,1,0.0982614551691505,-0.056287575490949183
2019-01-16,40,1,multiclass_probability_sum,0,0.5680369773119245,0.39,1,0.0980376313295191,-0.007522445294844456
2018-01-16,40,1,multiclass_probability_sum,0,0.497414702047749,0.39,1,0.09796134192320338,-0.057125210773310314
2018-01-09,40,1,multiclass_probability_sum,0,0.4771843786614657,0.39,1,0.09693079750525453,-0.02907689507934035
2018-01-15,40,1,multiclass_probability_sum,0,0.4764894386411056,0.39,1,0.09491944408333032,-0.05760488798796472
2018-12-26,40,1,multiclass_probability_sum,0,0.6175334796727776,0.39,1,0.09398912511487763,-0.015288692515090354
2018-07-03,40,1,multiclass_probability_sum,0,0.4012318528081019,0.39,1,0.09388333019325998,-0.01428460734984051
2019-01-18,40,1,multiclass_probability_sum,0,0.571575172166884,0.39,1,0.09145400414297704,0.00469912687136281
2017-09-20,40,1,multiclass_probability_sum,0,0.4624361527676837,0.39,1,0.09095073646133305,-0.009801432699230157
2017-09-19,40,1,multiclass_probability_sum,0,0.5140628299738199,0.39,1,0.08894722201591859,-0.009888292650022626
2018-12-24,40,1,multiclass_probability_sum,0,0.6676916273466522,0.39,1,0.08611670463464982,-0.03396379685948027
2019-02-01,40,1,multiclass_probability_sum,0,0.4786369862953304,0.39,1,0.08497519692240808,0.01900022821600692
2019-01-17,40,1,multiclass_probability_sum,0,0.59668275378155,0.39,1,0.0848746892624022,0.0004544975939980683
2017-09-18,40,1,multiclass_probability_sum,0,0.4903253187057749,0.39,1,0.0847704715939212,-0.012292557037818017
2018-02-13,40,1,multiclass_probability_sum,0,0.41181506326520534,0.39,1,0.08459589786076296,0.015264183694852204
2017-08-22,40,1,multiclass_probability_sum,0,0.5479521660879981,0.39,1,0.08369997771680325,0.006181104512328893
2018-02-02,40,1,multiclass_probability_sum,0,0.48422046576066463,0.39,1,0.08240668949548605,-0.09594927488196217
2018-02-01,40,1,multiclass_probability_sum,0,0.462765203556439,0.39,1,0.0816034960730368,-0.09107787626771777
2019-01-31,40,1,multiclass_probability_sum,0,0.4973469460534096,0.39,1,0.08042021962095226,-0.002176638284336294
2019-01-28,40,1,multiclass_probability_sum,0,0.4696795541170793,0.39,1,0.08038165214300705,-0.0038553470605831577
2017-05-08,40,1,multiclass_probability_sum,0,0.4052422271307546,0.39,1,0.0801903664792449,0.0045108579788218
2018-07-25,40,1,multiclass_probability_sum,0,0.49212831504807864,0.39,1,0.07990503642396893,0.0027775702290980973
2017-04-26,40,1,multiclass_probability_sum,0,0.4367741429510291,0.39,1,0.07978266684566138,0.00909881011746366
2017-04-25,40,1,multiclass_probability_sum,0,0.4761337522831961,0.39,1,0.07972304064642485,0.0034706091466691637
2018-12-20,40,1,multiclass_probability_sum,0,0.5889174748583513,0.39,1,0.0797109143274735,-0.044561662636141905
2017-12-12,40,1,multiclass_probability_sum,0,0.528542137609614,0.39,1,0.07946432114004195,-0.0030783379694745215
2017-08-23,40,1,multiclass_probability_sum,0,0.5103282054821638,0.39,1,0.07897965274772831,0.004935709189755941
2018-12-21,40,1,multiclass_probability_sum,0,0.6180174277623613,0.39,1,0.07880579069553624,-0.03802790543993709
2017-04-24,40,1,multiclass_probability_sum,0,0.4822179211158116,0.39,1,0.07861576292110538,-0.002554748490722803
2019-01-24,40,1,multiclass_probability_sum,0,0.49552287924044386,0.39,1,0.07847472967500611,-0.00013205242500450264
2018-07-16,40,1,multiclass_probability_sum,0,0.4100511894459046,0.39,1,0.07803891661932173,0.011089516498359106
2018-07-27,40,1,multiclass_probability_sum,0,0.4599873378840579,0.39,1,0.07787949816924292,0.015075209245444598
2017-05-11,40,1,multiclass_probability_sum,0,0.4125571788547465,0.39,1,0.07652773567813116,5.517165281878687e-05
2019-01-25,40,1,multiclass_probability_sum,0,0.4906666451317182,0.39,1,0.07611470905438948,-0.0002310803014327476
2017-05-05,40,1,multiclass_probability_sum,0,0.4095352024703087,0.39,1,0.07550679493210061,-0.0015845881302382454
2018-07-12,40,1,multiclass_probability_sum,0,0.40702661217256036,0.39,1,0.07542357156873349,0.012399024033988104
2018-07-26,40,1,multiclass_probability_sum,0,0.4615537753347341,0.39,1,0.07536426288506937,0.005745910067007752
2018-01-29,40,1,multiclass_probability_sum,0,0.5045919439381368,0.39,1,0.07531274004074356,-0.10024756038205868
2017-04-27,40,1,multiclass_probability_sum,0,0.3902836652159555,0.39,1,0.07523778181033196,0.001673337163423305
2017-04-21,40,1,multiclass_probability_sum,0,0.46661029005670385,0.39,1,0.07512312385474644,-0.006802891044886987
2018-01-22,40,1,multiclass_probability_sum,0,0.47641615890256983,0.39,1,0.07510853029122752,-0.07987565952879998
2017-12-07,40,1,multiclass_probability_sum,0,0.5655748879780169,0.39,1,0.07484584202543906,-0.022844590239408505
2017-09-15,40,1,multiclass_probability_sum,0,0.4584922319055075,0.39,1,0.0745732283787129,-0.009751795054029832
2017-08-21,40,1,multiclass_probability_sum,0,0.5335063506983425,0.39,1,0.07454548432349245,-0.009842895060583362
2019-02-11,40,1,multiclass_probability_sum,0,0.43035988660884195,0.39,1,0.07433007715477373,0.012277203424812862
2019-01-29,40,1,multiclass_probability_sum,0,0.42143251154922456,0.39,1,0.07352369572521265,-0.007957950579843092
2017-04-20,40,1,multiclass_probability_sum,0,0.4438096782469363,0.39,1,0.07326068570067673,-0.007153751006242704
2018-12-19,40,1,multiclass_probability_sum,0,0.5620894370444061,0.39,1,0.07305608478204127,-0.04565010996479472
2018-12-25,40,1,multiclass_probability_sum,0,0.5798698820331798,0.39,1,0.07251177847719442,-0.02220611920129178
2019-01-30,40,1,multiclass_probability_sum,0,0.4547906495345168,0.39,1,0.07225159056443764,-0.007859684967815035
2019-01-23,40,1,multiclass_probability_sum,0,0.5378359511387112,0.39,1,0.07192777220622519,0.0005393951199936799
2017-05-10,40,1,multiclass_probability_sum,0,0.3979254018100404,0.39,1,0.07191827312740179,0.00093838411633024
2017-08-24,40,1,multiclass_probability_sum,0,0.5026265331156156,0.39,1,0.07151943700212561,0.002413391595680737
2017-08-31,40,1,multiclass_probability_sum,0,0.45705851672575226,0.39,1,0.071016135450671,0.007597921361072353
2017-08-29,40,1,multiclass_probability_sum,0,0.5282553590764479,0.39,1,0.07064604820384898,0.005951018412835604
2018-07-11,40,1,multiclass_probability_sum,0,0.4196011123302541,0.39,1,0.07028035200013777,0.005972099662405361
2017-09-01,40,1,multiclass_probability_sum,0,0.4227853292395344,0.39,1,0.06914922878482424,0.004528672416230451
2017-09-13,40,1,multiclass_probability_sum,0,0.4612966433218757,0.39,1,0.06850278737372631,-0.0059721063568633085
2017-05-18,40,1,multiclass_probability_sum,0,0.4215556897916989,0.39,1,0.0681993316846104,0.009351044651966725
2017-04-17,40,1,multiclass_probability_sum,0,0.462439477195128,0.39,1,0.06789777692209621,-0.0045826040250256765
2019-01-22,40,1,multiclass_probability_sum,0,0.5616519501580981,0.39,1,0.0674333673418579,0.0017964109684048546
2017-08-17,40,1,multiclass_probability_sum,0,0.5648037052424124,0.39,1,0.0672064698279036,-0.00828078120330861
2017-05-12,40,1,multiclass_probability_sum,0,0.41427904185605335,0.39,1,0.06712265199373933,-0.0004688361917097426
2017-04-28,40,1,multiclass_probability_sum,0,0.3977026844006566,0.39,1,0.06705805493494224,0.0015731701223726357
2017-09-14,40,1,multiclass_probability_sum,0,0.46163680530231016,0.39,1,0.0649167113469524,-0.010372088596813812
2018-08-02,40,1,multiclass_probability_sum,0,0.44920675005126587,0.39,1,0.06454835277085141,0.0033920695862057464
2018-07-13,40,1,multiclass_probability_sum,0,0.41581517326683637,0.39,1,0.06450966568893901,0.0015267765469735056
2018-08-07,40,1,multiclass_probability_sum,0,0.4756174456774536,0.39,1,0.06436605463092324,0.001462156523224314
2018-07-09,40,1,multiclass_probability_sum,0,0.4191339662075221,0.39,1,0.064345904896148,-0.0242894680575984
2017-08-30,40,1,multiclass_probability_sum,0,0.4458884730168079,0.39,1,0.06399657118843728,0.005264484654657145
2018-07-24,40,1,multiclass_probability_sum,0,0.4646436582862713,0.39,1,0.06372321584493514,-0.006983043534495506
2018-08-01,40,1,multiclass_probability_sum,0,0.47236979506299104,0.39,1,0.06363482567064221,0.0008183306512319301
2017-08-18,40,1,multiclass_probability_sum,0,0.5090261648511578,0.39,1,0.06355701955664085,-0.010077001814331825
2018-12-18,40,1,multiclass_probability_sum,0,0.5455416872616163,0.39,1,0.0630241639692269,-0.05432608464578968
2019-01-21,40,1,multiclass_probability_sum,0,0.5031742652294355,0.39,1,0.06277045334622999,-0.004951594624069967
2017-09-11,40,1,multiclass_probability_sum,0,0.4947134328844125,0.39,1,0.0627209713635504,0.000664381053225999
2017-05-17,40,1,multiclass_probability_sum,0,0.39124032043752993,0.39,1,0.06258994485240447,-0.00028882058253710576
2018-07-30,40,1,multiclass_probability_sum,0,0.4411595486304536,0.39,1,0.062260281155798694,0.003195797726490435
2017-09-12,40,1,multiclass_probability_sum,0,0.4519759953932213,0.39,1,0.06108778457937146,-0.0024281274054779637
2018-07-10,40,1,multiclass_probability_sum,0,0.42765789965178114,0.39,1,0.0610119174905359,-0.019908875806276073
2017-08-25,40,1,multiclass_probability_sum,0,0.4935842251713969,0.39,1,0.06084795903178406,0.0031054720039218474
2017-09-06,40,1,multiclass_probability_sum,0,0.4559927545338972,0.39,1,0.06010633937353263,0.003986749669816703
2017-08-28,40,1,multiclass_probability_sum,0,0.4624473128647182,0.39,1,0.05989933839037532,-0.004164282200857504
2017-05-16,40,1,multiclass_probability_sum,0,0.40573719937769614,0.39,1,0.05934596709530685,0.0026996889718125046
2018-08-06,40,1,multiclass_probability_sum,0,0.4831714077462237,0.39,1,0.05919808848823872,-0.003588907462978462
2017-07-24,40,1,multiclass_probability_sum,0,0.5148895476860655,0.39,1,0.0590206206139678,0.001998685740961206
2018-07-23,40,1,multiclass_probability_sum,0,0.4697524552679666,0.39,1,0.058818234105966316,-0.009826718278729689
2017-07-21,40,1,multiclass_probability_sum,0,0.5391533542494699,0.39,1,0.05863834271498032,-0.0027865422867828166
2018-08-08,40,1,multiclass_probability_sum,0,0.4482108952776978,0.39,1,0.0576573447127362,-0.008397210104434618
2018-07-20,40,1,multiclass_probability_sum,0,0.49129138268454403,0.39,1,0.05646476303880468,-0.006244075806607737
2017-05-15,40,1,multiclass_probability_sum,0,0.3998988507208965,0.39,1,0.05525867614990066,-0.0004412636759916707
2017-09-05,40,1,multiclass_probability_sum,0,0.4630072674627931,0.39,1,0.05520581325058972,0.0015638205802595974
2018-01-25,40,1,multiclass_probability_sum,0,0.464854929882731,0.39,1,0.05500594095137612,-0.09552386043589407
2018-07-31,40,1,multiclass_probability_sum,0,0.48592906259507895,0.39,1,0.054153616997427996,-0.0037922482540086702
2017-08-15,40,1,multiclass_probability_sum,0,0.5650377583496226,0.39,1,0.05413274750741429,-0.01279123632027987
2018-08-03,40,1,multiclass_probability_sum,0,0.49385584519351405,0.39,1,0.05403650624645829,-0.0029325993288064106
2017-08-16,40,1,multiclass_probability_sum,0,0.5023404881863148,0.39,1,0.05323886489083303,-0.016041208429179346
2019-02-12,40,1,multiclass_probability_sum,0,0.4018507492921641,0.39,1,0.052908986129180643,0.008190019170006169
2017-04-14,40,1,multiclass_probability_sum,0,0.41512366807164225,0.39,1,0.0521218187677174,-0.015245416345282042
2017-09-08,40,1,multiclass_probability_sum,0,0.47183518928619184,0.39,1,0.05172193441043547,-0.0046663873950804164
2017-06-09,40,1,multiclass_probability_sum,0,0.40191036054032864,0.39,1,0.050660858407282766,0.0018256813061350763
2017-07-25,40,1,multiclass_probability_sum,0,0.4637406296897867,0.39,1,0.04907126986609367,-0.007863805056120412
2018-07-19,40,1,multiclass_probability_sum,0,0.47858654985380195,0.39,1,0.048963177299441524,-0.017515341848245103
2017-05-31,40,1,multiclass_probability_sum,0,0.4335907301505937,0.39,1,0.04771693039787529,0.001340891283983128
2017-07-20,40,1,multiclass_probability_sum,0,0.48455290904711734,0.39,1,0.047536947638939626,-0.01134717537903535
2018-07-18,40,1,multiclass_probability_sum,0,0.4273638720093473,0.39,1,0.0472128875442365,-0.015840157504335543
2017-08-11,40,1,multiclass_probability_sum,0,0.5313896911393559,0.39,1,0.046661300479502524,-0.014113216372055796
2018-07-02,40,1,multiclass_probability_sum,0,0.40763706192215793,0.39,1,0.046184983297298796,-0.05869173941446819
2018-08-09,40,1,multiclass_probability_sum,0,0.5031663703395436,0.39,1,0.045537790710450506,-0.0055263996944636936
2017-07-27,40,1,multiclass_probability_sum,0,0.5031555195272687,0.39,1,0.04514807395154686,-0.013361716576390745
2017-07-18,40,1,multiclass_probability_sum,0,0.5169868262005597,0.39,1,0.04495525374616296,-0.01014918057464532
2017-09-07,40,1,multiclass_probability_sum,0,0.4507085408309339,0.39,1,0.04463837992449746,0.0009409167731986523
2017-07-19,40,1,multiclass_probability_sum,0,0.5043478172277585,0.39,1,0.04440328310666917,-0.015101133454089746
2017-08-10,40,1,multiclass_probability_sum,0,0.5355241709911843,0.39,1,0.0434793349489156,-0.01586021295357208
2017-08-14,40,1,multiclass_probability_sum,0,0.512202820875576,0.39,1,0.0434648266407136,-0.0193966131285396
2017-03-22,40,1,multiclass_probability_sum,0,0.3904456016594221,0.39,1,0.04277816900250409,-0.007546568070777764
2017-08-09,40,1,multiclass_probability_sum,0,0.504978336088324,0.39,1,0.03999545030196462,-0.016157545366934492
2017-07-17,40,1,multiclass_probability_sum,0,0.501983334239029,0.39,1,0.039562797309318984,-0.011997658060104098
2018-12-17,40,1,multiclass_probability_sum,0,0.5579199386433286,0.39,1,0.038792195282885654,-0.061204503941178455
2017-05-30,40,1,multiclass_probability_sum,0,0.44728066433317615,0.39,1,0.03861042331442683,-0.00052844455610758
2017-07-26,40,1,multiclass_probability_sum,0,0.450372110904119,0.39,1,0.038095377901714106,-0.016441867583461448
2019-02-13,40,1,multiclass_probability_sum,0,0.39779289540175056,0.39,1,0.03805021168883279,0.005948945366130347
2017-07-28,40,1,multiclass_probability_sum,0,0.43416726783868287,0.39,1,0.03600634110400459,-0.02058121854886282
2017-05-23,40,1,multiclass_probability_sum,0,0.41193907569639815,0.39,1,0.03521929616327658,-0.004206261484821539
2017-05-25,40,1,multiclass_probability_sum,0,0.40911777546884914,0.39,1,0.035095502854745705,-0.0055280495977424226
2017-07-10,40,1,multiclass_probability_sum,0,0.5132950077313463,0.39,1,0.033039756238495976,-0.00893670364894821
2017-05-22,40,1,multiclass_probability_sum,0,0.3957935802420472,0.39,1,0.03279849314275228,-0.008475541990804582
2017-04-12,40,1,multiclass_probability_sum,0,0.39336980066406607,0.39,1,0.03272846846554514,-0.025120637695305433
2017-07-11,40,1,multiclass_probability_sum,0,0.4723848813362591,0.39,1,0.030957549549341205,-0.01258273091836263
2018-06-28,40,1,multiclass_probability_sum,0,0.4412570713087644,0.39,1,0.030865663753542605,-0.06940331465939453
2017-07-13,40,1,multiclass_probability_sum,0,0.45542176168882703,0.39,1,0.028998549826320816,-0.02413578447947874
2017-07-12,40,1,multiclass_probability_sum,0,0.4659057293113781,0.39,1,0.02871181190771051,-0.018815218229809826
2018-08-10,40,1,multiclass_probability_sum,0,0.43126479004139306,0.39,1,0.02815022562332569,-0.010671418471661451
2017-07-31,40,1,multiclass_probability_sum,0,0.4167307474202386,0.39,1,0.027442089567463294,-0.028859920742400173
2018-06-29,40,1,multiclass_probability_sum,0,0.3984777668036066,0.39,1,0.026975242149236446,-0.07297971840262069
2017-07-14,40,1,multiclass_probability_sum,0,0.48549432554520666,0.39,1,0.025231963250353404,-0.023235983660365663
2017-08-02,40,1,multiclass_probability_sum,0,0.4426567780342607,0.39,1,0.023369279442117186,-0.03227441526238653
2017-03-17,40,1,multiclass_probability_sum,0,0.39944610160618943,0.39,1,0.02317629852938682,-0.00417454700394875
2018-10-29,40,1,multiclass_probability_sum,0,0.4836157649908792,0.39,1,0.021966188260917386,-0.00014627203248569678
2017-08-01,40,1,multiclass_probability_sum,0,0.4172936677999467,0.39,1,0.02132636245714215,-0.033011840917530046
2017-08-03,40,1,multiclass_probability_sum,0,0.4444597040239191,0.39,1,0.020001796827032955,-0.03514476878766704
2018-08-13,40,1,multiclass_probability_sum,0,0.42109649728757137,0.39,1,0.018387433449905323,-0.0205044808339871
2017-05-29,40,1,multiclass_probability_sum,0,0.4029080301823924,0.39,1,0.01791560477905196,-0.011360772294400927
2017-08-08,40,1,multiclass_probability_sum,0,0.450637236123297,0.39,1,0.01764350219838997,-0.03904335985519471
2018-02-22,40,1,multiclass_probability_sum,0,0.4089234986979331,0.39,1,0.017138064232355504,0.016086928680774316
2017-08-04,40,1,multiclass_probability_sum,0,0.4106225288404117,0.39,1,0.017034687896445334,-0.035385706671242086
2017-03-10,40,1,multiclass_probability_sum,0,0.40210609160281974,0.39,1,0.01684666579494787,-0.006522114414888976
2017-07-07,40,1,multiclass_probability_sum,0,0.4828981278119525,0.39,1,0.016619535462708813,-0.020828252008504806
2018-06-19,40,1,multiclass_probability_sum,0,0.4178842659758688,0.39,1,0.016604948550778573,-0.07441502084254152
2018-08-14,40,1,multiclass_probability_sum,0,0.4373133806394147,0.39,1,0.015911258845033357,-0.02073961739318251
2017-03-02,40,1,multiclass_probability_sum,0,0.42842016513917,0.39,1,0.014341690064366938,9.893363681061608e-05
2018-06-27,40,1,multiclass_probability_sum,0,0.44363149097482674,0.39,1,0.013572317860030384,-0.08140599216043537
2018-12-14,40,1,multiclass_probability_sum,0,0.5149594724858847,0.39,1,0.01284724854039883,-0.0807099189914961
2018-11-16,40,1,multiclass_probability_sum,0,0.6213017962452538,0.39,1,0.012711262102672882,-0.022484495489883873
2018-10-26,40,1,multiclass_probability_sum,0,0.4614963423419303,0.39,1,0.012619577538214712,-0.01355699133564508
2017-06-19,40,1,multiclass_probability_sum,0,0.4197867288887146,0.39,1,0.012106434318511234,-0.009288864550989397
2018-10-30,40,1,multiclass_probability_sum,0,0.4704230126829192,0.39,1,0.010354782635214391,0.009474603868687818
2017-03-01,40,1,multiclass_probability_sum,0,0.3928993757185508,0.39,1,0.009831431525869778,-0.002836921375073747
2018-10-11,40,1,multiclass_probability_sum,0,0.49659302990284593,0.39,1,0.00939655781925862,-0.062377814931187894
2018-10-25,40,1,multiclass_probability_sum,0,0.43908237517581494,0.39,1,0.008827399109754103,-0.023882926960310503
2017-06-21,40,1,multiclass_probability_sum,0,0.4245277563890264,0.39,1,0.007994954914242411,-0.010044939255898222
2017-08-07,40,1,multiclass_probability_sum,0,0.44280267863273925,0.39,1,0.006310596813965876,-0.04082304540901806
2018-08-16,40,1,multiclass_probability_sum,0,0.4274550867594646,0.39,1,0.00599683345564282,-0.019255425646602174
2018-05-28,40,1,multiclass_probability_sum,0,0.4090335655705748,0.39,1,0.005341224050616445,-0.042298802199548215
2018-11-15,40,1,multiclass_probability_sum,0,0.6060457359312532,0.39,1,0.005169693828307963,-0.021325940434765184
2018-10-15,40,1,multiclass_probability_sum,0,0.46039412996756385,0.39,1,0.004456031656024606,-0.06843834372365518
2017-06-20,40,1,multiclass_probability_sum,0,0.43131247284203933,0.39,1,0.003989479317537695,-0.010800442743703346
2018-11-14,40,1,multiclass_probability_sum,0,0.6181090530163156,0.39,1,0.0019737869839682675,-0.02553043141234996
2017-06-22,40,1,multiclass_probability_sum,0,0.4687504734040684,0.39,1,0.0016819984537748734,-0.008597468490494852
2018-12-13,40,1,multiclass_probability_sum,0,0.5013203510309596,0.39,1,0.0010928678457563482,-0.0892965355021036
2017-07-05,40,1,multiclass_probability_sum,0,0.435031861017277,0.39,1,0.0004239002741753113,-0.024161481181308543
2017-07-06,40,1,multiclass_probability_sum,0,0.44300380193194366,0.39,1,0.00014053826177307268,-0.02970932784836818
2017-06-23,40,1,multiclass_probability_sum,0,0.43741013269371176,0.39,1,-5.201628110762117e-05,-0.012127703836400666
2017-02-28,40,1,multiclass_probability_sum,0,0.43243605462316337,0.39,1,-0.0010557210498921851,-0.004625263833372073
2017-07-04,40,1,multiclass_probability_sum,0,0.4623521254154747,0.39,1,-0.0019489283839458286,-0.02058329142659432
2017-07-03,40,1,multiclass_probability_sum,0,0.47548980990559814,0.39,1,-0.0020820756297379637,-0.024880720873243986
2018-12-11,40,1,multiclass_probability_sum,0,0.48666876114691304,0.39,1,-0.002349339280396703,-0.08337432144466467
2017-06-29,40,1,multiclass_probability_sum,0,0.45288616851967073,0.39,1,-0.0025688944533590274,-0.015684393896404997
2018-10-18,40,1,multiclass_probability_sum,0,0.4810902300000903,0.39,1,-0.003347683662079096,-0.08079288259810541
2018-10-24,40,1,multiclass_probability_sum,0,0.48158804273858796,0.39,1,-0.003789425643514262,-0.037588199042231665
2017-06-28,40,1,multiclass_probability_sum,0,0.4221414400901754,0.39,1,-0.003986924018406902,-0.012166714271696924
2017-06-26,40,1,multiclass_probability_sum,0,0.4543597236231713,0.39,1,-0.00484004811699046,-0.0166816289185349
2018-06-21,40,1,multiclass_probability_sum,0,0.4055564375367511,0.39,1,-0.00529561454349769,-0.08191158725145603
2017-06-30,40,1,multiclass_probability_sum,0,0.4529444209986694,0.39,1,-0.0062528464176112965,-0.021781737456337928
2018-08-20,40,1,multiclass_probability_sum,0,0.4699258118564613,0.39,1,-0.0064666881672665,-0.024777958943845678
2018-10-19,40,1,multiclass_probability_sum,0,0.46662685738204607,0.39,1,-0.006616439547752588,-0.07547502197317144
2018-08-21,40,1,multiclass_probability_sum,0,0.4437094099048954,0.39,1,-0.0078019269961985115,-0.03461984090304031
2018-11-13,40,1,multiclass_probability_sum,0,0.6057563430118703,0.39,1,-0.007850656838599115,-0.030457613349849463
2018-11-01,40,1,multiclass_probability_sum,0,0.42452028889100385,0.39,1,-0.007905966200354515,-0.018014500528500378
2018-11-19,40,1,multiclass_probability_sum,0,0.5794283543921183,0.39,1,-0.00806685801106058,-0.0421847329884514
2017-06-27,40,1,multiclass_probability_sum,0,0.49314755272903366,0.39,1,-0.008176553465607441,-0.010175239206568643
2018-10-16,40,1,multiclass_probability_sum,0,0.4482569962305403,0.39,1,-0.00916610082917961,-0.08068908570776695
2018-06-18,40,1,multiclass_probability_sum,0,0.48050324674487405,0.39,1,-0.009463889337357145,-0.10024872217148204
2018-10-17,40,1,multiclass_probability_sum,0,0.4415261714150186,0.39,1,-0.010678467432356903,-0.08919572883802962
2018-12-12,40,1,multiclass_probability_sum,0,0.4528461227921455,0.39,1,-0.010867341558488,-0.09036859797175
2018-12-10,40,1,multiclass_probability_sum,0,0.4958738916021873,0.39,1,-0.011193400898625335,-0.08474571194575702
2018-11-30,40,1,multiclass_probability_sum,0,0.5392238646965049,0.39,1,-0.011517275486013516,-0.05356008630216251
2018-10-12,40,1,multiclass_probability_sum,0,0.4297289600867825,0.39,1,-0.011915087532126877,-0.08763007403343273
2018-11-23,40,1,multiclass_probability_sum,0,0.5931935358999648,0.39,1,-0.012518524476116401,-0.04426757862402355
2018-10-23,40,1,multiclass_probability_sum,0,0.4753555227753725,0.39,1,-0.013316175404509151,-0.055790923484221495
2018-11-26,40,1,multiclass_probability_sum,0,0.5691054449009416,0.39,1,-0.014050012174488459,-0.04759547729080041
2018-11-22,40,1,multiclass_probability_sum,0,0.5911084023257606,0.39,1,-0.01456873332585091,-0.05126938209782806
2018-11-27,40,1,multiclass_probability_sum,0,0.5686884537625452,0.39,1,-0.01564519250119135,-0.04986210516250174
2018-11-29,40,1,multiclass_probability_sum,0,0.5567368048521818,0.39,1,-0.015889663664795894,-0.05382987096168493
2018-08-15,40,1,multiclass_probability_sum,0,0.45580339708413975,0.39,1,-0.016233067258367255,-0.016233067258367255
2018-08-17,40,1,multiclass_probability_sum,0,0.47762839570367865,0.39,1,-0.01795395319915199,-0.024014481991619378
2018-11-20,40,1,multiclass_probability_sum,0,0.5724723151457511,0.39,1,-0.018815323498060775,-0.04541075318060707
2018-08-22,40,1,multiclass_probability_sum,0,0.4982398441386609,0.39,1,-0.0192026952921921,-0.037617762959109624
2018-10-22,40,1,multiclass_probability_sum,0,0.5152252184243876,0.39,1,-0.021048276997369005,-0.07040144437247012
2018-06-25,40,1,multiclass_probability_sum,0,0.41729710425002486,0.39,1,-0.021325815592044092,-0.10346432159724586
2018-12-07,40,1,multiclass_probability_sum,0,0.5009876468882623,0.39,1,-0.02220403119025761,-0.08756632306738318
2018-11-21,40,1,multiclass_probability_sum,0,0.5554485781891829,0.39,1,-0.022205355449582374,-0.049255282726126726
2018-11-28,40,1,multiclass_probability_sum,0,0.5531007242993652,0.39,1,-0.02318654452834757,-0.05750248506608615
2018-11-12,40,1,multiclass_probability_sum,0,0.5444049436563156,0.39,1,-0.02328338730712499,-0.04443096930785025
2018-10-31,40,1,multiclass_probability_sum,0,0.4310487228069053,0.39,1,-0.025475911549181822,-0.025475911549181822
2018-11-09,40,1,multiclass_probability_sum,0,0.5961597054161859,0.39,1,-0.029806894351059397,-0.04025067605755309
2018-08-23,40,1,multiclass_probability_sum,0,0.4833245294601346,0.39,1,-0.029811224309597515,-0.042908431351581025
2018-12-06,40,1,multiclass_probability_sum,0,0.49366747229708063,0.39,1,-0.03054062086421105,-0.08362570931652384
2018-05-25,40,1,multiclass_probability_sum,0,0.4145600728688909,0.39,1,-0.03216443485206023,-0.07622181863010279
2018-02-26,40,1,multiclass_probability_sum,0,0.41160676271697993,0.39,1,-0.03445768519733727,-0.03445768519733727
2018-11-02,40,1,multiclass_probability_sum,0,0.42817951378011604,0.39,1,-0.03557104412963057,-0.036456550467301334
2018-11-05,40,1,multiclass_probability_sum,0,0.4114191825606268,0.39,1,-0.037180722160058376,-0.037180722160058376
2018-11-08,40,1,multiclass_probability_sum,0,0.5758420568329972,0.39,1,-0.040359678235519475,-0.05327943302585223
2018-03-07,40,1,multiclass_probability_sum,0,0.4006121365636754,0.39,1,-0.04599526749981053,-0.08027799209527141
2018-06-15,40,1,multiclass_probability_sum,0,0.4462400634004978,0.39,1,-0.04841296406670076,-0.12936473453850006
2018-06-14,40,1,multiclass_probability_sum,0,0.45182903464771684,0.39,1,-0.05278051175077061,-0.1285872634453721
2017-10-09,40,1,candidate_risk_off,0,0.40498068596941755,0.05,1,0.1815672177631868,0.0020869229176949076
2017-11-17,40,1,candidate_risk_off,0,0.5702628027275177,0.05,1,0.1772959822476411,0.014335005594107077
2017-10-06,40,1,candidate_risk_off,0,0.40816515303300155,0.05,1,0.1729624722640744,0.0014349689490708367
2017-11-15,40,1,candidate_risk_off,0,0.5530622449639855,0.05,1,0.17194029885584747,0.009135676639694001
2017-11-08,40,1,candidate_risk_off,0,0.5548135399613429,0.05,1,0.17072928701726944,0.0008139062131764306
2017-11-28,40,1,candidate_risk_off,0,0.5508584277658565,0.05,1,0.17001722872461997,-0.02556819900018431
2018-02-06,40,1,candidate_risk_off,0,0.4925440413980662,0.05,1,0.1692204258081191,-0.0076009772860679715
2017-12-21,40,1,candidate_risk_off,0,0.6170543645936667,0.05,1,0.16842969737500665,0.006595120776870579
2017-11-07,40,1,candidate_risk_off,0,0.5545982190716222,0.05,1,0.16778475560167844,0.01095898174574021
2017-10-04,40,1,candidate_risk_off,0,0.41326513670568993,0.05,1,0.16705026552239646,-0.0005338663846853598
2017-10-05,40,1,candidate_risk_off,0,0.4467827737439494,0.05,1,0.16526034677352136,0.0031865522335884668
2017-10-03,40,1,candidate_risk_off,0,0.4440255978612122,0.05,1,0.1650576840813383,0.009019353445915153
2017-11-14,40,1,candidate_risk_off,0,0.5768311933495023,0.05,1,0.16421291902038773,0.0019166544946218964
2017-11-10,40,1,candidate_risk_off,0,0.5723856212383372,0.05,1,0.16396338858041024,0.012738005198996446
2017-12-22,40,1,candidate_risk_off,0,0.5827409548057424,0.05,1,0.16355690707766624,0.006270203676223206
2017-11-09,40,1,candidate_risk_off,0,0.5487027780790456,0.05,1,0.16292853876241423,0.009036223488976682
2017-11-27,40,1,candidate_risk_off,0,0.5646128137456233,0.05,1,0.16281134047629542,-0.02280197493837821
2017-11-20,40,1,candidate_risk_off,0,0.5526626419588986,0.05,1,0.16248129943887946,0.015266633686789648
2017-11-16,40,1,candidate_risk_off,0,0.5854617641567462,0.05,1,0.16228760794213928,-0.00236614837698056
2017-10-10,40,1,candidate_risk_off,0,0.38252615975631404,0.05,1,0.16209325450345424,0.0040625440584408905
2017-11-13,40,1,candidate_risk_off,0,0.5724801086586708,0.05,1,0.16159280650753455,0.0017724860342018419
2017-11-06,40,1,candidate_risk_off,0,0.5262655525067516,0.05,1,0.15935111946270408,0.0014593216745251917
2017-11-02,40,1,candidate_risk_off,0,0.553749112639725,0.05,1,0.15905833981271839,0.012690858654217072
2017-10-02,40,1,candidate_risk_off,0,0.4834508201066564,0.05,1,0.15700470767482871,-0.00528675234470351
2017-11-30,40,1,candidate_risk_off,0,0.6263681871734096,0.05,1,0.1562313739220281,-0.034790215138282746
2017-12-20,40,1,candidate_risk_off,0,0.5985825028110742,0.05,1,0.1560381577015891,-0.007843920674710807
2017-10-23,40,1,candidate_risk_off,0,0.39777901668252935,0.05,1,0.15555728693344653,0.006321133563370733
2017-11-03,40,1,candidate_risk_off,0,0.5283247495948651,0.05,1,0.15403723154981486,0.006332649558034385
2017-11-29,40,1,candidate_risk_off,0,0.5765144202894747,0.05,1,0.15322301508899486,-0.03711400027184329
2017-12-25,40,1,candidate_risk_off,0,0.5672527982880831,0.05,1,0.1521466367508243,0.007920051377935255
2017-10-11,40,1,candidate_risk_off,0,0.3965453387382511,0.05,1,0.152075744242971,0.0023560894923181953
2017-09-29,40,1,candidate_risk_off,0,0.49573774950979527,0.05,1,0.15103444836937036,-0.008012923391715962
2017-12-15,40,1,candidate_risk_off,0,0.6529065728300936,0.05,1,0.15059723443759795,0.01158835434427728
2017-11-24,40,1,candidate_risk_off,0,0.5707973591661606,0.05,1,0.15040722782764707,-0.019557886679932367
2017-12-26,40,1,candidate_risk_off,0,0.569458537841818,0.05,1,0.14907237044742339,0.002615813194467048
2017-09-27,40,1,candidate_risk_off,0,0.5288059753834397,0.05,1,0.1487275599674423,-0.007204561151688256
2017-09-28,40,1,candidate_risk_off,0,0.5355123795257444,0.05,1,0.14853653755855153,-0.008510052481519854
2017-12-05,40,1,candidate_risk_off,0,0.6106637234841442,0.05,1,0.14770716289217195,-0.038331566968569715
2017-12-19,40,1,candidate_risk_off,0,0.6138029939315347,0.05,1,0.14769741182906565,-0.005649613441783947
2017-12-01,40,1,candidate_risk_off,0,0.5947163656478428,0.05,1,0.14516259065555218,-0.04567889286242426
2017-10-31,40,1,candidate_risk_off,0,0.4992754807427236,0.05,1,0.14293282519487874,-0.005016863076016063
2017-10-24,40,1,candidate_risk_off,0,0.3504277536626628,0.05,1,0.14228135230978609,0.005883969010039807
2018-02-09,40,1,candidate_risk_off,0,0.4595851355472749,0.05,1,0.1420191849566239,0.0370081289839232
2017-10-12,40,1,candidate_risk_off,0,0.40004697543042755,0.05,1,0.14018764422353394,0.004353948050960436
2017-11-01,40,1,candidate_risk_off,0,0.4645881226275169,0.05,1,0.13908429168614309,-0.011481209779218507
2018-02-05,40,1,candidate_risk_off,0,0.5511004233111324,0.05,1,0.13836255828227462,-0.0436285789006776
2017-10-25,40,1,candidate_risk_off,0,0.3391447774024011,0.05,1,0.13789323193009687,-0.0006984586025760792
2017-12-28,40,1,candidate_risk_off,0,0.5959017303044143,0.05,1,0.1371428399837516,0.007669750391313547
2018-02-08,40,1,candidate_risk_off,0,0.5231004127724148,0.05,1,0.13659778343398868,-0.01905157786277016
2017-10-13,40,1,candidate_risk_off,0,0.376869214504055,0.05,1,0.13558786728742075,-0.0018532296602393758
2017-09-26,40,1,candidate_risk_off,0,0.5127481924923287,0.05,1,0.13124716908278833,-0.009168368086879443
2017-10-26,40,1,candidate_risk_off,0,0.35800297965536404,0.05,1,0.13074776985796224,0.0035834574180967
2017-11-23,40,1,candidate_risk_off,0,0.5625284816053576,0.05,1,0.12881992551081112,-0.017557104958917647
2017-10-30,40,1,candidate_risk_off,0,0.4508042117766129,0.05,1,0.12559803069893935,-0.014431606194020018
2017-12-04,40,1,candidate_risk_off,0,0.5762268578209697,0.05,1,0.12544872393588993,-0.05571860731060735
2017-10-27,40,1,candidate_risk_off,0,0.39348792385090253,0.05,1,0.1250588417179419,-0.008700591498794185
2017-12-14,40,1,candidate_risk_off,0,0.6365357793064039,0.05,1,0.1243142304541957,-0.0007375695814352092
2019-01-03,40,1,candidate_risk_off,0,0.5832116007885093,0.05,1,0.12387025556374277,0.0030469803918394887
2017-10-20,40,1,candidate_risk_off,0,0.41578281635869596,0.05,1,0.1231064317124345,-0.008258086374660925
2017-12-29,40,1,candidate_risk_off,0,0.6300214226825905,0.05,1,0.12227949067826667,0.011646537470923812
2017-12-27,40,1,candidate_risk_off,0,0.5794686555733113,0.05,1,0.12141336904148389,0.00849283834735672
2017-10-19,40,1,candidate_risk_off,0,0.37212025417202965,0.05,1,0.12131949473802309,-0.010782592930507647
2018-01-02,40,1,candidate_risk_off,0,0.6374666450162578,0.05,1,0.12126616628417432,0.008171230286904974
2019-01-08,40,1,candidate_risk_off,0,0.6387081166380636,0.05,1,0.1207334951176306,0.010703800294231512
2017-12-13,40,1,candidate_risk_off,0,0.6349205608123378,0.05,1,0.11955078809343966,0.011572759243244145
2017-11-21,40,1,candidate_risk_off,0,0.5926089040166634,0.05,1,0.1193330093076328,-0.0009260520885138314
2017-11-22,40,1,candidate_risk_off,0,0.5746202829709409,0.05,1,0.11874279148055218,-0.016442636037976684
2017-12-18,40,1,candidate_risk_off,0,0.5937291974494042,0.05,1,0.11612321488413203,-0.012604414502073672
2019-01-10,40,1,candidate_risk_off,0,0.6360588993102695,0.05,1,0.1156557730907866,0.003888677751822909
2019-01-14,40,1,candidate_risk_off,0,0.6275523430160659,0.05,1,0.1151527343696291,9.979541947313105e-05
2018-02-07,40,1,candidate_risk_off,0,0.5174353747810393,0.05,1,0.1147811881282608,-0.03581716098967773
2017-09-25,40,1,candidate_risk_off,0,0.5055187797610661,0.05,1,0.11476893396448058,-0.009453917429883623
2019-01-09,40,1,candidate_risk_off,0,0.6393673041548094,0.05,1,0.11410598377440885,0.0014593745105250825
2017-10-16,40,1,candidate_risk_off,0,0.39772486843584753,0.05,1,0.11298910593316516,0.0007441429585766548
2017-10-17,40,1,candidate_risk_off,0,0.3998310100820713,0.05,1,0.11285988175879953,-0.01001021505452634
2018-01-05,40,1,candidate_risk_off,0,0.6648351863491847,0.05,1,0.11257189733291917,-0.008638398646246962
2019-01-04,40,1,candidate_risk_off,0,0.5575604602105629,0.05,1,0.11195130395936316,0.00739680131465438
2018-01-03,40,1,candidate_risk_off,0,0.6644363867273576,0.05,1,0.11071471657124679,-0.001721727526594451
2017-10-18,40,1,candidate_risk_off,0,0.38697049803670985,0.05,1,0.11046994545659762,-0.009321813387253717
2017-12-11,40,1,candidate_risk_off,0,0.6506017655872502,0.05,1,0.1091410328415498,0.00754679586926295
2019-01-02,40,1,candidate_risk_off,0,0.6088939663974449,0.05,1,0.10904421870029822,-0.015288692515090354
2018-01-18,40,1,candidate_risk_off,0,0.5929642095194241,0.05,1,0.10901770951448622,-0.04509597253974928
2018-01-17,40,1,candidate_risk_off,0,0.6540582155187732,0.05,1,0.10877695405005346,-0.03016960641736702
2018-01-08,40,1,candidate_risk_off,0,0.6217176097178927,0.05,1,0.10670968821216548,-0.01870947195321954
2019-01-11,40,1,candidate_risk_off,0,0.6417561275403484,0.05,1,0.10646546490162175,-0.00100858413324493
2018-12-28,40,1,candidate_risk_off,0,0.645023682964581,0.05,1,0.10610530288191504,-0.01617419885276119
2017-09-21,40,1,candidate_risk_off,0,0.5459549139763437,0.05,1,0.10485039091504597,-0.0074036032621916815
2018-07-05,40,1,candidate_risk_off,0,0.5421458377622542,0.05,1,0.10409553979570373,-0.006962138176787398
2018-01-10,40,1,candidate_risk_off,0,0.631606753839935,0.05,1,0.10252539396557232,-0.03346949362639554
2017-12-08,40,1,candidate_risk_off,0,0.6380269369135569,0.05,1,0.10145462495396226,-0.02445199101449514
2019-01-07,40,1,candidate_risk_off,0,0.632323219957345,0.05,1,0.10141858080985708,-0.002475973083838974
2017-12-06,40,1,candidate_risk_off,0,0.5666103419792609,0.05,1,0.10134143311292991,-0.03237660076652726
2019-01-15,40,1,candidate_risk_off,0,0.6241260605666659,0.05,1,0.10123077054370154,-0.0086003279100105
2018-01-11,40,1,candidate_risk_off,0,0.6188448343623695,0.05,1,0.10070157866953998,-0.04311352795647718
2018-01-04,40,1,candidate_risk_off,0,0.663699149845592,0.05,1,0.09937154618742802,-0.015625240687925628
2018-01-12,40,1,candidate_risk_off,0,0.6478457772484305,0.05,1,0.09899908414830978,-0.04496266205944362
2017-09-22,40,1,candidate_risk_off,0,0.5339684996831148,0.05,1,0.0985116974953034,-0.011376148304953575
2018-12-27,40,1,candidate_risk_off,0,0.6591083978902312,0.05,1,0.09843278767664841,-0.02539722684323625
2018-01-19,40,1,candidate_risk_off,0,0.6296464910021131,0.05,1,0.0982614551691505,-0.056287575490949183
2019-01-16,40,1,candidate_risk_off,0,0.6705332389025139,0.05,1,0.0980376313295191,-0.007522445294844456
2018-01-16,40,1,candidate_risk_off,0,0.6173178789750418,0.05,1,0.09796134192320338,-0.057125210773310314
2018-02-12,40,1,candidate_risk_off,0,0.48787757926570613,0.05,1,0.09750764858843904,0.017073771185435394
2018-01-09,40,1,candidate_risk_off,0,0.5976759698766367,0.05,1,0.09693079750525453,-0.02907689507934035
2018-01-15,40,1,candidate_risk_off,0,0.6054864055012589,0.05,1,0.09491944408333032,-0.05760488798796472
2018-12-26,40,1,candidate_risk_off,0,0.6606706219283282,0.05,1,0.09398912511487763,-0.015288692515090354
2018-07-03,40,1,candidate_risk_off,0,0.5639682587459818,0.05,1,0.09388333019325998,-0.01428460734984051
2019-01-18,40,1,candidate_risk_off,0,0.6680807195657837,0.05,1,0.09145400414297704,0.00469912687136281
2017-09-20,40,1,candidate_risk_off,0,0.5111534334201363,0.05,1,0.09095073646133305,-0.009801432699230157
2017-09-19,40,1,candidate_risk_off,0,0.5741822893983693,0.05,1,0.08894722201591859,-0.009888292650022626
2018-12-24,40,1,candidate_risk_off,0,0.6759890527498232,0.05,1,0.08611670463464982,-0.03396379685948027
2019-02-01,40,1,candidate_risk_off,0,0.6280877723005062,0.05,1,0.08497519692240808,0.01900022821600692
2019-01-17,40,1,candidate_risk_off,0,0.6931231753495283,0.05,1,0.0848746892624022,0.0004544975939980683
2017-09-18,40,1,candidate_risk_off,0,0.5677870557677349,0.05,1,0.0847704715939212,-0.012292557037818017
2018-02-13,40,1,candidate_risk_off,0,0.5321426138661731,0.05,1,0.08459589786076296,0.015264183694852204
2017-08-22,40,1,candidate_risk_off,0,0.5873681583579442,0.05,1,0.08369997771680325,0.006181104512328893
2018-02-02,40,1,candidate_risk_off,0,0.5945774018549667,0.05,1,0.08240668949548605,-0.09594927488196217
2018-02-01,40,1,candidate_risk_off,0,0.5840353848502985,0.05,1,0.0816034960730368,-0.09107787626771777
2019-01-31,40,1,candidate_risk_off,0,0.6292096781268994,0.05,1,0.08042021962095226,-0.002176638284336294
2019-01-28,40,1,candidate_risk_off,0,0.5898432591067954,0.05,1,0.08038165214300705,-0.0038553470605831577
2017-05-08,40,1,candidate_risk_off,0,0.4912662304603915,0.05,1,0.0801903664792449,0.0045108579788218
2018-07-25,40,1,candidate_risk_off,0,0.5985984104616718,0.05,1,0.07990503642396893,0.0027775702290980973
2017-04-26,40,1,candidate_risk_off,0,0.5624100938611084,0.05,1,0.07978266684566138,0.00909881011746366
2017-04-25,40,1,candidate_risk_off,0,0.5779998384905515,0.05,1,0.07972304064642485,0.0034706091466691637
2018-12-20,40,1,candidate_risk_off,0,0.6383919668904693,0.05,1,0.0797109143274735,-0.044561662636141905
2017-12-12,40,1,candidate_risk_off,0,0.5858617556434608,0.05,1,0.07946432114004195,-0.0030783379694745215
2017-08-23,40,1,candidate_risk_off,0,0.5532820612047333,0.05,1,0.07897965274772831,0.004935709189755941
2018-12-21,40,1,candidate_risk_off,0,0.6535946223342466,0.05,1,0.07880579069553624,-0.03802790543993709
2017-04-24,40,1,candidate_risk_off,0,0.580072475875053,0.05,1,0.07861576292110538,-0.002554748490722803
2019-01-24,40,1,candidate_risk_off,0,0.6110323850652637,0.05,1,0.07847472967500611,-0.00013205242500450264
2018-07-16,40,1,candidate_risk_off,0,0.517849265524371,0.05,1,0.07803891661932173,0.011089516498359106
2018-07-27,40,1,candidate_risk_off,0,0.5793677124430306,0.05,1,0.07787949816924292,0.015075209245444598
2018-07-04,40,1,candidate_risk_off,0,0.482687488435697,0.05,1,0.07694161146969854,-0.024147400094231553
2017-05-11,40,1,candidate_risk_off,0,0.46728154326840426,0.05,1,0.07652773567813116,5.517165281878687e-05
2019-01-25,40,1,candidate_risk_off,0,0.6205098302915038,0.05,1,0.07611470905438948,-0.0002310803014327476
2018-07-06,40,1,candidate_risk_off,0,0.5041811393319184,0.05,1,0.07557670963047948,-0.026897742892071363
2017-05-05,40,1,candidate_risk_off,0,0.49417055769692475,0.05,1,0.07550679493210061,-0.0015845881302382454
2018-07-12,40,1,candidate_risk_off,0,0.5109585657399097,0.05,1,0.07542357156873349,0.012399024033988104
2018-07-26,40,1,candidate_risk_off,0,0.552094947829869,0.05,1,0.07536426288506937,0.005745910067007752
2018-01-29,40,1,candidate_risk_off,0,0.6060104039590934,0.05,1,0.07531274004074356,-0.10024756038205868
2017-04-27,40,1,candidate_risk_off,0,0.5001714074676792,0.05,1,0.07523778181033196,0.001673337163423305
2017-04-21,40,1,candidate_risk_off,0,0.5493564977133523,0.05,1,0.07512312385474644,-0.006802891044886987
2018-01-22,40,1,candidate_risk_off,0,0.5824294602084968,0.05,1,0.07510853029122752,-0.07987565952879998
2017-12-07,40,1,candidate_risk_off,0,0.6320408024340272,0.05,1,0.07484584202543906,-0.022844590239408505
2017-09-15,40,1,candidate_risk_off,0,0.5359111633811587,0.05,1,0.0745732283787129,-0.009751795054029832
2017-08-21,40,1,candidate_risk_off,0,0.5653318470412639,0.05,1,0.07454548432349245,-0.009842895060583362
2019-02-11,40,1,candidate_risk_off,0,0.5923068407567899,0.05,1,0.07433007715477373,0.012277203424812862
2019-01-29,40,1,candidate_risk_off,0,0.5799283752425602,0.05,1,0.07352369572521265,-0.007957950579843092
2017-04-20,40,1,candidate_risk_off,0,0.5349961673614845,0.05,1,0.07326068570067673,-0.007153751006242704
2018-12-19,40,1,candidate_risk_off,0,0.6094833069742165,0.05,1,0.07305608478204127,-0.04565010996479472
2018-12-25,40,1,candidate_risk_off,0,0.6246447221041342,0.05,1,0.07251177847719442,-0.02220611920129178
2019-01-30,40,1,candidate_risk_off,0,0.5976641033125956,0.05,1,0.07225159056443764,-0.007859684967815035
2019-01-23,40,1,candidate_risk_off,0,0.6331084426484251,0.05,1,0.07192777220622519,0.0005393951199936799
2017-05-10,40,1,candidate_risk_off,0,0.4814780787233364,0.05,1,0.07191827312740179,0.00093838411633024
2017-08-24,40,1,candidate_risk_off,0,0.5344851417052914,0.05,1,0.07151943700212561,0.002413391595680737
2017-05-09,40,1,candidate_risk_off,0,0.4635649361181185,0.05,1,0.07138207905377357,0.003041995681085968
2017-08-31,40,1,candidate_risk_off,0,0.4904800442469731,0.05,1,0.071016135450671,0.007597921361072353
2017-08-29,40,1,candidate_risk_off,0,0.5550018640090886,0.05,1,0.07064604820384898,0.005951018412835604
2018-07-11,40,1,candidate_risk_off,0,0.5225098292461448,0.05,1,0.07028035200013777,0.005972099662405361
2017-09-01,40,1,candidate_risk_off,0,0.4701514260154426,0.05,1,0.06914922878482424,0.004528672416230451
2018-07-17,40,1,candidate_risk_off,0,0.5524377823322367,0.05,1,0.06892701819286993,0.0068258912297089695
2017-09-13,40,1,candidate_risk_off,0,0.5239512809337171,0.05,1,0.06850278737372631,-0.0059721063568633085
2017-05-18,40,1,candidate_risk_off,0,0.5185873888740402,0.05,1,0.0681993316846104,0.009351044651966725
2017-04-17,40,1,candidate_risk_off,0,0.5385529592745412,0.05,1,0.06789777692209621,-0.0045826040250256765
2019-01-22,40,1,candidate_risk_off,0,0.659506199312423,0.05,1,0.0674333673418579,0.0017964109684048546
2017-08-17,40,1,candidate_risk_off,0,0.589000346033227,0.05,1,0.0672064698279036,-0.00828078120330861
2017-05-12,40,1,candidate_risk_off,0,0.4794498217747556,0.05,1,0.06712265199373933,-0.0004688361917097426
2017-04-28,40,1,candidate_risk_off,0,0.4853481744027236,0.05,1,0.06705805493494224,0.0015731701223726357
2017-05-04,40,1,candidate_risk_off,0,0.4693319968275869,0.05,1,0.06660782404207852,-0.004386215460327544
2017-05-03,40,1,candidate_risk_off,0,0.46626675123432376,0.05,1,0.06653086481282339,-0.0009454950648745226
2017-09-14,40,1,candidate_risk_off,0,0.5528837640611133,0.05,1,0.0649167113469524,-0.010372088596813812
2018-08-02,40,1,candidate_risk_off,0,0.5353411088186141,0.05,1,0.06454835277085141,0.0033920695862057464
2018-07-13,40,1,candidate_risk_off,0,0.5183826597714767,0.05,1,0.06450966568893901,0.0015267765469735056
2018-08-07,40,1,candidate_risk_off,0,0.555880701596577,0.05,1,0.06436605463092324,0.001462156523224314
2018-07-09,40,1,candidate_risk_off,0,0.5150171184772697,0.05,1,0.064345904896148,-0.0242894680575984
2017-08-30,40,1,candidate_risk_off,0,0.4852090999434885,0.05,1,0.06399657118843728,0.005264484654657145
2018-07-24,40,1,candidate_risk_off,0,0.5654115470604891,0.05,1,0.06372321584493514,-0.006983043534495506
2018-08-01,40,1,candidate_risk_off,0,0.5372780699774481,0.05,1,0.06363482567064221,0.0008183306512319301
2017-08-18,40,1,candidate_risk_off,0,0.5545975614667616,0.05,1,0.06355701955664085,-0.010077001814331825
2018-12-18,40,1,candidate_risk_off,0,0.6219398129557182,0.05,1,0.0630241639692269,-0.05432608464578968
2019-01-21,40,1,candidate_risk_off,0,0.6224971775747997,0.05,1,0.06277045334622999,-0.004951594624069967
2017-09-11,40,1,candidate_risk_off,0,0.5260661161296933,0.05,1,0.0627209713635504,0.000664381053225999
2017-05-17,40,1,candidate_risk_off,0,0.49204506943344134,0.05,1,0.06258994485240447,-0.00028882058253710576
2018-07-30,40,1,candidate_risk_off,0,0.5366114297852391,0.05,1,0.062260281155798694,0.003195797726490435
2017-04-18,40,1,candidate_risk_off,0,0.49728894307971433,0.05,1,0.06188351636754054,-0.010333938473448524
2017-09-12,40,1,candidate_risk_off,0,0.5073965054351107,0.05,1,0.06108778457937146,-0.0024281274054779637
2018-07-10,40,1,candidate_risk_off,0,0.5509666018017508,0.05,1,0.0610119174905359,-0.019908875806276073
2017-08-25,40,1,candidate_risk_off,0,0.516066488636258,0.05,1,0.06084795903178406,0.0031054720039218474
2017-04-19,40,1,candidate_risk_off,0,0.49417204639116197,0.05,1,0.06019367454252522,-0.012904310776367712
2017-09-06,40,1,candidate_risk_off,0,0.4838763635776676,0.05,1,0.06010633937353263,0.003986749669816703
2017-08-28,40,1,candidate_risk_off,0,0.496188868887793,0.05,1,0.05989933839037532,-0.004164282200857504
2017-05-16,40,1,candidate_risk_off,0,0.5171884214725361,0.05,1,0.05934596709530685,0.0026996889718125046
2018-08-06,40,1,candidate_risk_off,0,0.5353422039289728,0.05,1,0.05919808848823872,-0.003588907462978462
2017-07-24,40,1,candidate_risk_off,0,0.5583593655194244,0.05,1,0.0590206206139678,0.001998685740961206
2018-07-23,40,1,candidate_risk_off,0,0.5589561160734666,0.05,1,0.058818234105966316,-0.009826718278729689
2017-07-21,40,1,candidate_risk_off,0,0.5876893277512574,0.05,1,0.05863834271498032,-0.0027865422867828166
2017-05-19,40,1,candidate_risk_off,0,0.49266998569064135,0.05,1,0.05794848621353078,0.005436125479712309
2018-08-08,40,1,candidate_risk_off,0,0.5486846642882959,0.05,1,0.0576573447127362,-0.008397210104434618
2018-07-20,40,1,candidate_risk_off,0,0.5858519708167741,0.05,1,0.05646476303880468,-0.006244075806607737
2017-05-15,40,1,candidate_risk_off,0,0.4812315256205845,0.05,1,0.05525867614990066,-0.0004412636759916707
2017-09-05,40,1,candidate_risk_off,0,0.4867898902466737,0.05,1,0.05520581325058972,0.0015638205802595974
2018-01-25,40,1,candidate_risk_off,0,0.5608370638212549,0.05,1,0.05500594095137612,-0.09552386043589407
2017-06-12,40,1,candidate_risk_off,0,0.4710944142236115,0.05,1,0.05427251583892361,0.007692447646013735
2018-07-31,40,1,candidate_risk_off,0,0.539532434873426,0.05,1,0.054153616997427996,-0.0037922482540086702
2017-08-15,40,1,candidate_risk_off,0,0.5646004761786332,0.05,1,0.05413274750741429,-0.01279123632027987
2018-08-03,40,1,candidate_risk_off,0,0.5560930079241081,0.05,1,0.05403650624645829,-0.0029325993288064106
2017-08-16,40,1,candidate_risk_off,0,0.5186590299648736,0.05,1,0.05323886489083303,-0.016041208429179346
2019-02-12,40,1,candidate_risk_off,0,0.5443563716667944,0.05,1,0.052908986129180643,0.008190019170006169
2017-06-05,40,1,candidate_risk_off,0,0.47311451655431025,0.05,1,0.05247956005859176,0.008344487580150882
2017-04-14,40,1,candidate_risk_off,0,0.5009242047019751,0.05,1,0.0521218187677174,-0.015245416345282042
2017-09-08,40,1,candidate_risk_off,0,0.5248233134961157,0.05,1,0.05172193441043547,-0.0046663873950804164
2017-06-09,40,1,candidate_risk_off,0,0.48635708540466194,0.05,1,0.050660858407282766,0.0018256813061350763
2017-06-02,40,1,candidate_risk_off,0,0.4788033391878157,0.05,1,0.05051539007929359,0.006314532214239113
2017-06-08,40,1,candidate_risk_off,0,0.46579947029862534,0.05,1,0.04987319917128894,-0.000546721352418587
2017-07-25,40,1,candidate_risk_off,0,0.5348784986710674,0.05,1,0.04907126986609367,-0.007863805056120412
2018-07-19,40,1,candidate_risk_off,0,0.565285687534487,0.05,1,0.048963177299441524,-0.017515341848245103
2017-05-31,40,1,candidate_risk_off,0,0.4931079533606082,0.05,1,0.04771693039787529,0.001340891283983128
2017-07-20,40,1,candidate_risk_off,0,0.5340811813233259,0.05,1,0.047536947638939626,-0.01134717537903535
2018-07-18,40,1,candidate_risk_off,0,0.563552305163797,0.05,1,0.0472128875442365,-0.015840157504335543
2017-08-11,40,1,candidate_risk_off,0,0.5775228248783264,0.05,1,0.046661300479502524,-0.014113216372055796
2018-07-02,40,1,candidate_risk_off,0,0.5000498460432615,0.05,1,0.046184983297298796,-0.05869173941446819
2018-02-21,40,1,candidate_risk_off,0,0.5042124483314795,0.05,1,0.046178363536692135,-0.010281250707115008
2017-06-06,40,1,candidate_risk_off,0,0.44891617299217895,0.05,1,0.046168446595608564,-0.002118546057961942
2018-08-09,40,1,candidate_risk_off,0,0.5932915022297403,0.05,1,0.045537790710450506,-0.0055263996944636936
2017-07-27,40,1,candidate_risk_off,0,0.5494720025252033,0.05,1,0.04514807395154686,-0.013361716576390745
2017-07-18,40,1,candidate_risk_off,0,0.53993038129182,0.05,1,0.04495525374616296,-0.01014918057464532
2017-06-13,40,1,candidate_risk_off,0,0.46733608905213886,0.05,1,0.044800382639086284,0.003758337042930588
2017-09-07,40,1,candidate_risk_off,0,0.510020004606724,0.05,1,0.04463837992449746,0.0009409167731986523
2017-07-19,40,1,candidate_risk_off,0,0.5322251407108095,0.05,1,0.04440328310666917,-0.015101133454089746
2017-08-10,40,1,candidate_risk_off,0,0.569209864546368,0.05,1,0.0434793349489156,-0.01586021295357208
2017-08-14,40,1,candidate_risk_off,0,0.5413895395525711,0.05,1,0.0434648266407136,-0.0193966131285396
2017-03-22,40,1,candidate_risk_off,0,0.4752021325187174,0.05,1,0.04277816900250409,-0.007546568070777764
2017-06-07,40,1,candidate_risk_off,0,0.44965003033821926,0.05,1,0.04257343943228246,-0.004976127566144698
2017-08-09,40,1,candidate_risk_off,0,0.5435560302624614,0.05,1,0.03999545030196462,-0.016157545366934492
2017-07-17,40,1,candidate_risk_off,0,0.5309415417957242,0.05,1,0.039562797309318984,-0.011997658060104098
2017-06-01,40,1,candidate_risk_off,0,0.43447487961067227,0.05,1,0.03925700674772514,-0.004038881359096297
2018-12-17,40,1,candidate_risk_off,0,0.6181960106359239,0.05,1,0.038792195282885654,-0.061204503941178455
2017-05-30,40,1,candidate_risk_off,0,0.5225390494209463,0.05,1,0.03861042331442683,-0.00052844455610758
2017-07-26,40,1,candidate_risk_off,0,0.5149282328696556,0.05,1,0.038095377901714106,-0.016441867583461448
2019-02-13,40,1,candidate_risk_off,0,0.5759931681670215,0.05,1,0.03805021168883279,0.005948945366130347
2017-05-24,40,1,candidate_risk_off,0,0.490801614852025,0.05,1,0.037731352168179466,-0.0066461583593629865
2017-04-13,40,1,candidate_risk_off,0,0.4705636666460776,0.05,1,0.036250783809258794,-0.023424003657726924
2017-07-28,40,1,candidate_risk_off,0,0.5217233334811174,0.05,1,0.03600634110400459,-0.02058121854886282
2017-05-23,40,1,candidate_risk_off,0,0.5165081502029666,0.05,1,0.03521929616327658,-0.004206261484821539
2017-03-29,40,1,candidate_risk_off,0,0.44065872888444535,0.05,1,0.03515688788567175,-0.01805307949120649
2017-05-25,40,1,candidate_risk_off,0,0.5219522507248459,0.05,1,0.035095502854745705,-0.0055280495977424226
2017-07-10,40,1,candidate_risk_off,0,0.5570687018060909,0.05,1,0.033039756238495976,-0.00893670364894821
2017-03-28,40,1,candidate_risk_off,0,0.45999650450654817,0.05,1,0.033024803774471444,-0.016372208376640208
2017-05-22,40,1,candidate_risk_off,0,0.5156117652977719,0.05,1,0.03279849314275228,-0.008475541990804582
2017-04-12,40,1,candidate_risk_off,0,0.47445305605457483,0.05,1,0.03272846846554514,-0.025120637695305433
2017-04-10,40,1,candidate_risk_off,0,0.42610629512325876,0.05,1,0.0318094949647892,-0.031015738762205963
2017-04-07,40,1,candidate_risk_off,0,0.45109658155179755,0.05,1,0.03158598502941133,-0.028381667189401216
2017-07-11,40,1,candidate_risk_off,0,0.527728911493007,0.05,1,0.030957549549341205,-0.01258273091836263
2018-06-28,40,1,candidate_risk_off,0,0.5541422343272344,0.05,1,0.030865663753542605,-0.06940331465939453
2017-03-23,40,1,candidate_risk_off,0,0.40943462422986177,0.05,1,0.02926623980274722,-0.01678921676455167
2017-07-13,40,1,candidate_risk_off,0,0.5030440459415931,0.05,1,0.028998549826320816,-0.02413578447947874
2017-07-12,40,1,candidate_risk_off,0,0.5154096411528697,0.05,1,0.02871181190771051,-0.018815218229809826
2018-08-10,40,1,candidate_risk_off,0,0.5400344515008854,0.05,1,0.02815022562332569,-0.010671418471661451
2017-03-24,40,1,candidate_risk_off,0,0.3895366591151184,0.05,1,0.028127024859076175,-0.020368328582763922
2017-04-05,40,1,candidate_risk_off,0,0.47192333241192025,0.05,1,0.02764185234779864,-0.021862766232900864
2017-07-31,40,1,candidate_risk_off,0,0.4947525870267794,0.05,1,0.027442089567463294,-0.028859920742400173
2018-06-29,40,1,candidate_risk_off,0,0.5134933883252586,0.05,1,0.026975242149236446,-0.07297971840262069
2017-04-03,40,1,candidate_risk_off,0,0.4556724970054096,0.05,1,0.026528348828766913,-0.0207006188967898
2017-04-11,40,1,candidate_risk_off,0,0.4345020024893765,0.05,1,0.025381730571665453,-0.03301409694160374
2017-07-14,40,1,candidate_risk_off,0,0.5088930593908679,0.05,1,0.025231963250353404,-0.023235983660365663
2017-03-27,40,1,candidate_risk_off,0,0.39532992036074255,0.05,1,0.025099752920548495,-0.022277491759671322
2017-05-26,40,1,candidate_risk_off,0,0.4923830791882412,0.05,1,0.024515102291601226,-0.0075478170686343465
2017-03-21,40,1,candidate_risk_off,0,0.4361289302100747,0.05,1,0.024332234918850556,-0.01208083468391434
2017-08-02,40,1,candidate_risk_off,0,0.5088145263299398,0.05,1,0.023369279442117186,-0.03227441526238653
2017-03-17,40,1,candidate_risk_off,0,0.4770438179603944,0.05,1,0.02317629852938682,-0.00417454700394875
2018-10-29,40,1,candidate_risk_off,0,0.5711265183113003,0.05,1,0.021966188260917386,-0.00014627203248569678
2017-08-01,40,1,candidate_risk_off,0,0.499672439555538,0.05,1,0.02132636245714215,-0.033011840917530046
2017-03-31,40,1,candidate_risk_off,0,0.45201721386313404,0.05,1,0.021245482788563922,-0.02060371229391333
2017-03-13,40,1,candidate_risk_off,0,0.4628069890749121,0.05,1,0.020653483661393957,-0.0036536806647730078
2017-04-04,40,1,candidate_risk_off,0,0.4663627597537794,0.05,1,0.02005603983853255,-0.023134046527927766
2017-08-03,40,1,candidate_risk_off,0,0.5345216883969842,0.05,1,0.020001796827032955,-0.03514476878766704
2017-03-30,40,1,candidate_risk_off,0,0.4352707049115954,0.05,1,0.01963033344696895,-0.022747306191615753
2018-08-13,40,1,candidate_risk_off,0,0.5227706931918893,0.05,1,0.018387433449905323,-0.0205044808339871
2017-05-29,40,1,candidate_risk_off,0,0.5057991983331505,0.05,1,0.01791560477905196,-0.011360772294400927
2017-08-08,40,1,candidate_risk_off,0,0.5275624622209889,0.05,1,0.01764350219838997,-0.03904335985519471
2018-02-22,40,1,candidate_risk_off,0,0.5231018762299152,0.05,1,0.017138064232355504,0.016086928680774316
2017-08-04,40,1,candidate_risk_off,0,0.5044234887049985,0.05,1,0.017034687896445334,-0.035385706671242086
2017-03-15,40,1,candidate_risk_off,0,0.46209269016703164,0.05,1,0.01697654240924309,-0.007827057245734454
2017-03-10,40,1,candidate_risk_off,0,0.48924435367568014,0.05,1,0.01684666579494787,-0.006522114414888976
2017-06-14,40,1,candidate_risk_off,0,0.48126532338908407,0.05,1,0.01680142231670359,-0.0013548087911919714
2017-06-15,40,1,candidate_risk_off,0,0.457087054438248,0.05,1,0.016767016009474073,-0.0010918826850590331
2017-07-07,40,1,candidate_risk_off,0,0.5422224456563429,0.05,1,0.016619535462708813,-0.020828252008504806
2018-06-19,40,1,candidate_risk_off,0,0.48645369791516363,0.05,1,0.016604948550778573,-0.07441502084254152
2017-03-20,40,1,candidate_risk_off,0,0.44715006772557114,0.05,1,0.016532282280919717,-0.010529742669878486
2018-08-14,40,1,candidate_risk_off,0,0.5254497593420844,0.05,1,0.015911258845033357,-0.02073961739318251
2018-02-23,40,1,candidate_risk_off,0,0.4703135820328599,0.05,1,0.01530593921739217,-0.008532467203869581
2017-03-14,40,1,candidate_risk_off,0,0.46018607061722805,0.05,1,0.014805003487874599,-0.010026168682820925
2017-03-02,40,1,candidate_risk_off,0,0.5402538025830717,0.05,1,0.014341690064366938,9.893363681061608e-05
2017-06-16,40,1,candidate_risk_off,0,0.46182728367504633,0.05,1,0.014139488950054046,-0.0019724131629629345
2017-03-16,40,1,candidate_risk_off,0,0.40557385081080166,0.05,1,0.014042384986741693,-0.01031995099224408
2018-06-27,40,1,candidate_risk_off,0,0.5445112153033036,0.05,1,0.013572317860030384,-0.08140599216043537
2018-12-14,40,1,candidate_risk_off,0,0.6211658744139132,0.05,1,0.01284724854039883,-0.0807099189914961
2018-11-16,40,1,candidate_risk_off,0,0.6880705965359124,0.05,1,0.012711262102672882,-0.022484495489883873
2018-10-26,40,1,candidate_risk_off,0,0.5469626369105004,0.05,1,0.012619577538214712,-0.01355699133564508
2017-06-19,40,1,candidate_risk_off,0,0.519255534703357,0.05,1,0.012106434318511234,-0.009288864550989397
2018-10-30,40,1,candidate_risk_off,0,0.5537330924737117,0.05,1,0.010354782635214391,0.009474603868687818
2017-03-01,40,1,candidate_risk_off,0,0.5095983722669923,0.05,1,0.009831431525869778,-0.002836921375073747
2017-03-03,40,1,candidate_risk_off,0,0.502724759008284,0.05,1,0.009663799930533196,-0.00709762168427025
2018-10-11,40,1,candidate_risk_off,0,0.5404741354523463,0.05,1,0.00939655781925862,-0.062377814931187894
2018-10-25,40,1,candidate_risk_off,0,0.5157626875834749,0.05,1,0.008827399109754103,-0.023882926960310503
2017-03-09,40,1,candidate_risk_off,0,0.4795301436787554,0.05,1,0.008776683526759003,-0.01155010100199161
2017-06-21,40,1,candidate_risk_off,0,0.49125413246861477,0.05,1,0.007994954914242411,-0.010044939255898222
2017-03-06,40,1,candidate_risk_off,0,0.5118659118691778,0.05,1,0.007967726448255844,-0.01223441556200079
2017-08-07,40,1,candidate_risk_off,0,0.5309044286540083,0.05,1,0.006310596813965876,-0.04082304540901806
2017-02-20,40,1,candidate_risk_off,0,0.5131747297200754,0.05,1,0.006089024930167615,-0.004343847180091703
2018-08-16,40,1,candidate_risk_off,0,0.5246092766527498,0.05,1,0.00599683345564282,-0.019255425646602174
2018-05-28,40,1,candidate_risk_off,0,0.536989352989481,0.05,1,0.005341224050616445,-0.042298802199548215
2018-11-15,40,1,candidate_risk_off,0,0.6831219776359602,0.05,1,0.005169693828307963,-0.021325940434765184
2017-03-07,40,1,candidate_risk_off,0,0.4847233417882952,0.05,1,0.004817139363643124,-0.01258337531652417
2018-10-15,40,1,candidate_risk_off,0,0.5237252885783367,0.05,1,0.004456031656024606,-0.06843834372365518
2017-06-20,40,1,candidate_risk_off,0,0.5037693443710325,0.05,1,0.003989479317537695,-0.010800442743703346
2017-03-08,40,1,candidate_risk_off,0,0.4887465451902659,0.05,1,0.0031488190090091864,-0.012667107540919808
2018-11-14,40,1,candidate_risk_off,0,0.6876590801345871,0.05,1,0.0019737869839682675,-0.02553043141234996
2017-06-22,40,1,candidate_risk_off,0,0.5427570757074847,0.05,1,0.0016819984537748734,-0.008597468490494852
2018-12-13,40,1,candidate_risk_off,0,0.6123621924394431,0.05,1,0.0010928678457563482,-0.0892965355021036
2017-07-05,40,1,candidate_risk_off,0,0.4986989583250005,0.05,1,0.0004239002741753113,-0.024161481181308543
2017-02-21,40,1,candidate_risk_off,0,0.500958859310315,0.05,1,0.0003069796022210285,-0.012696264810957385
2017-07-06,40,1,candidate_risk_off,0,0.514846556831225,0.05,1,0.00014053826177307268,-0.02970932784836818
2017-06-23,40,1,candidate_risk_off,0,0.5132750959969021,0.05,1,-5.201628110762117e-05,-0.012127703836400666
2017-02-28,40,1,candidate_risk_off,0,0.5567838213280164,0.05,1,-0.0010557210498921851,-0.004625263833372073
2017-07-04,40,1,candidate_risk_off,0,0.5219984648721704,0.05,1,-0.0019489283839458286,-0.02058329142659432
2017-07-03,40,1,candidate_risk_off,0,0.5130413122914949,0.05,1,-0.0020820756297379637,-0.024880720873243986
2018-12-11,40,1,candidate_risk_off,0,0.601949853280055,0.05,1,-0.002349339280396703,-0.08337432144466467
2017-06-29,40,1,candidate_risk_off,0,0.5157089800925736,0.05,1,-0.0025688944533590274,-0.015684393896404997
2018-10-18,40,1,candidate_risk_off,0,0.5583000652161627,0.05,1,-0.003347683662079096,-0.08079288259810541
2018-10-24,40,1,candidate_risk_off,0,0.5495855486752679,0.05,1,-0.003789425643514262,-0.037588199042231665
2018-06-26,40,1,candidate_risk_off,0,0.5067800249686939,0.05,1,-0.0038833416959353066,-0.0958637296603316
2017-06-28,40,1,candidate_risk_off,0,0.49101891499746936,0.05,1,-0.003986924018406902,-0.012166714271696924
2017-06-26,40,1,candidate_risk_off,0,0.5191653804190334,0.05,1,-0.00484004811699046,-0.0166816289185349
2018-06-21,40,1,candidate_risk_off,0,0.5115093458983722,0.05,1,-0.00529561454349769,-0.08191158725145603
2017-02-23,40,1,candidate_risk_off,0,0.49764762479641894,0.05,1,-0.0062409247678388725,-0.01314274944953645
2017-06-30,40,1,candidate_risk_off,0,0.5164054768493685,0.05,1,-0.0062528464176112965,-0.021781737456337928
2017-02-22,40,1,candidate_risk_off,0,0.49373464644342213,0.05,1,-0.006406064287986703,-0.013658748931040016
2018-08-20,40,1,candidate_risk_off,0,0.550593777093356,0.05,1,-0.0064666881672665,-0.024777958943845678
2018-10-19,40,1,candidate_risk_off,0,0.5359280073750341,0.05,1,-0.006616439547752588,-0.07547502197317144
2017-02-24,40,1,candidate_risk_off,0,0.5329495109315869,0.05,1,-0.00713556326399107,-0.009789245391524443
2018-08-21,40,1,candidate_risk_off,0,0.547891342680237,0.05,1,-0.0078019269961985115,-0.03461984090304031
2018-11-13,40,1,candidate_risk_off,0,0.6896060147455262,0.05,1,-0.007850656838599115,-0.030457613349849463
2018-11-01,40,1,candidate_risk_off,0,0.5242396904171129,0.05,1,-0.007905966200354515,-0.018014500528500378
2018-11-19,40,1,candidate_risk_off,0,0.6589213121124451,0.05,1,-0.00806685801106058,-0.0421847329884514
2017-06-27,40,1,candidate_risk_off,0,0.5398991976826701,0.05,1,-0.008176553465607441,-0.010175239206568643
2018-10-16,40,1,candidate_risk_off,0,0.5154376661011446,0.05,1,-0.00916610082917961,-0.08068908570776695
2018-06-18,40,1,candidate_risk_off,0,0.5715489723795028,0.05,1,-0.009463889337357145,-0.10024872217148204
2018-10-17,40,1,candidate_risk_off,0,0.5265890202725189,0.05,1,-0.010678467432356903,-0.08919572883802962
2018-12-12,40,1,candidate_risk_off,0,0.5925722520702338,0.05,1,-0.010867341558488,-0.09036859797175
2018-12-10,40,1,candidate_risk_off,0,0.5917147322145827,0.05,1,-0.011193400898625335,-0.08474571194575702
2018-11-30,40,1,candidate_risk_off,0,0.6281096781153851,0.05,1,-0.011517275486013516,-0.05356008630216251
2018-10-12,40,1,candidate_risk_off,0,0.5057341321852361,0.05,1,-0.011915087532126877,-0.08763007403343273
2018-11-23,40,1,candidate_risk_off,0,0.6690453022239293,0.05,1,-0.012518524476116401,-0.04426757862402355
2018-10-23,40,1,candidate_risk_off,0,0.5013424182794723,0.05,1,-0.013316175404509151,-0.055790923484221495
2017-02-27,40,1,candidate_risk_off,0,0.5424606593927589,0.05,1,-0.013838623113806788,-0.013937556750617301
2018-11-26,40,1,candidate_risk_off,0,0.6524801870248823,0.05,1,-0.014050012174488459,-0.04759547729080041
2018-11-22,40,1,candidate_risk_off,0,0.6564114341342954,0.05,1,-0.01456873332585091,-0.05126938209782806
2018-06-22,40,1,candidate_risk_off,0,0.47153787291990606,0.05,1,-0.01464127996163118,-0.09601630901460667
2018-11-27,40,1,candidate_risk_off,0,0.6461598803615319,0.05,1,-0.01564519250119135,-0.04986210516250174
2018-11-29,40,1,candidate_risk_off,0,0.6125815344358511,0.05,1,-0.015889663664795894,-0.05382987096168493
2018-08-15,40,1,candidate_risk_off,0,0.5488696005960975,0.05,1,-0.016233067258367255,-0.016233067258367255
2018-08-17,40,1,candidate_risk_off,0,0.5629131948361877,0.05,1,-0.01795395319915199,-0.024014481991619378
2018-11-20,40,1,candidate_risk_off,0,0.6548063357201535,0.05,1,-0.018815323498060775,-0.04541075318060707
2018-05-29,40,1,candidate_risk_off,0,0.4881759963893787,0.05,1,-0.01919200488332316,-0.06398835638925363
2018-08-22,40,1,candidate_risk_off,0,0.5798302143943809,0.05,1,-0.0192026952921921,-0.037617762959109624
2018-06-20,40,1,candidate_risk_off,0,0.48609569156144844,0.05,1,-0.020162139387294952,-0.0937557537070182
2018-10-22,40,1,candidate_risk_off,0,0.5735009360347199,0.05,1,-0.021048276997369005,-0.07040144437247012
2018-06-25,40,1,candidate_risk_off,0,0.5231179499781121,0.05,1,-0.021325815592044092,-0.10346432159724586
2018-12-07,40,1,candidate_risk_off,0,0.606697094166986,0.05,1,-0.02220403119025761,-0.08756632306738318
2018-11-21,40,1,candidate_risk_off,0,0.6453833756912752,0.05,1,-0.022205355449582374,-0.049255282726126726
2018-05-30,40,1,candidate_risk_off,0,0.45459441453879446,0.05,1,-0.02230274524381435,-0.0601160532152493
2018-11-28,40,1,candidate_risk_off,0,0.6233612322844839,0.05,1,-0.02318654452834757,-0.05750248506608615
2018-11-12,40,1,candidate_risk_off,0,0.6134377463204966,0.05,1,-0.02328338730712499,-0.04443096930785025
2018-10-31,40,1,candidate_risk_off,0,0.561590610640181,0.05,1,-0.025475911549181822,-0.025475911549181822
2018-11-09,40,1,candidate_risk_off,0,0.6658578829492411,0.05,1,-0.029806894351059397,-0.04025067605755309
2018-08-23,40,1,candidate_risk_off,0,0.5839679115016903,0.05,1,-0.029811224309597515,-0.042908431351581025
2018-12-06,40,1,candidate_risk_off,0,0.5892325096852163,0.05,1,-0.03054062086421105,-0.08362570931652384
2018-05-25,40,1,candidate_risk_off,0,0.5379064371004095,0.05,1,-0.03216443485206023,-0.07622181863010279
2018-02-26,40,1,candidate_risk_off,0,0.5149466405422091,0.05,1,-0.03445768519733727,-0.03445768519733727
2018-02-27,40,1,candidate_risk_off,0,0.4605731333873241,0.05,1,-0.03533441869150063,-0.039005304196043956
2018-11-02,40,1,candidate_risk_off,0,0.5422947815232401,0.05,1,-0.03557104412963057,-0.036456550467301334
2018-11-05,40,1,candidate_risk_off,0,0.5118942363771464,0.05,1,-0.037180722160058376,-0.037180722160058376
2018-11-08,40,1,candidate_risk_off,0,0.6559847964342641,0.05,1,-0.040359678235519475,-0.05327943302585223
2018-05-31,40,1,candidate_risk_off,0,0.498604712886927,0.05,1,-0.04322728732150454,-0.08381816552203762
2018-05-24,40,1,candidate_risk_off,0,0.4793178401685258,0.05,1,-0.04348082942880339,-0.09880947924848345
2018-03-07,40,1,candidate_risk_off,0,0.4807005559746221,0.05,1,-0.04599526749981053,-0.08027799209527141
2018-05-23,40,1,candidate_risk_off,0,0.48521946615622213,0.05,1,-0.04821446080603633,-0.10186792628180673
2018-06-15,40,1,candidate_risk_off,0,0.5510503979469273,0.05,1,-0.04841296406670076,-0.12936473453850006
2018-06-14,40,1,candidate_risk_off,0,0.5486397263920949,0.05,1,-0.05278051175077061,-0.1285872634453721
2018-04-26,40,1,candidate_risk_off,0,0.45486782019622446,0.05,1,-0.05340812637502464,-0.11457364577272237
2018-06-01,40,1,candidate_risk_off,0,0.4741701335922156,0.05,1,-0.05949721463260605,-0.10583400290014684
2020-03-31,40,2,multiclass_probability_sum,0,0.3317722976791303,0.19,1,0.2660507625272465,0.02636513642160784
2020-03-30,40,2,multiclass_probability_sum,0,0.3148063283572139,0.19,1,0.26288913546810977,0.0004076117780754718
2020-03-23,40,2,multiclass_probability_sum,0,0.4368119422985347,0.19,1,0.25792661576198,-0.01113301587785287
2020-03-24,40,2,multiclass_probability_sum,0,0.4592236485981077,0.19,1,0.2574125460805391,0.004616079692811852
2020-04-01,40,2,multiclass_probability_sum,0,0.2569511763386287,0.19,1,0.25597842429819134,0.031217486873506554
2020-11-16,40,2,multiclass_probability_sum,0,0.5563312184373392,0.19,1,0.22632950139787844,0.018868189419210448
2020-03-26,40,2,multiclass_probability_sum,0,0.404023231537259,0.19,1,0.22471820292052708,-0.04711628031859396
2020-04-03,40,2,multiclass_probability_sum,0,0.43309013243194483,0.19,1,0.2203468256534981,0.04860015846868941
2020-03-25,40,2,multiclass_probability_sum,0,0.3572065978388975,0.19,1,0.21876163586399547,-0.0413956227343391
2020-03-27,40,2,multiclass_probability_sum,0,0.33716210855392603,0.19,1,0.20856199163756456,-0.04977763543944564
2020-11-13,40,2,multiclass_probability_sum,0,0.4786338707997918,0.19,1,0.2039412260575805,-0.016170778226990798
2020-11-17,40,2,multiclass_probability_sum,0,0.47130060850390826,0.19,1,0.20222232979408733,0.004767233587459033
2020-11-18,40,2,multiclass_probability_sum,0,0.5873636655340588,0.19,1,0.19859268085815757,0.009944940635203504
2020-11-12,40,2,multiclass_probability_sum,0,0.4747580449003101,0.19,1,0.19659971413036872,-0.00888978509942968
2020-11-19,40,2,multiclass_probability_sum,0,0.6627717984558089,0.19,1,0.19435820249927102,0.00683136151501463
2020-11-11,40,2,multiclass_probability_sum,0,0.44741244154227366,0.19,1,0.19434873432443958,-0.0015028825588478435
2020-11-20,40,2,multiclass_probability_sum,0,0.6944002521781063,0.19,1,0.18563256765931227,0.004223392142988823
2020-03-20,40,2,multiclass_probability_sum,0,0.3169560227900178,0.19,1,0.18376941594047938,-0.07384246763668896
2020-11-10,40,2,multiclass_probability_sum,0,0.5154690186813973,0.19,1,0.18313538669592738,-0.0011667692855114582
2020-04-06,40,2,multiclass_probability_sum,0,0.45586928128326787,0.19,1,0.1790019482460639,0.013401484074900733
2020-11-06,40,2,multiclass_probability_sum,0,0.4739337240436574,0.19,1,0.17744444945383808,0.013234148304741454
2020-11-09,40,2,multiclass_probability_sum,0,0.3785681929164828,0.19,1,0.17367247595846175,-0.001261312562767111
2021-01-28,40,2,multiclass_probability_sum,0,0.3342758685566585,0.19,1,0.1719910858541815,0.011236127826685352
2020-04-10,40,2,multiclass_probability_sum,0,0.431320971434754,0.19,1,0.17032279321270302,0.0059589366086929925
2020-04-08,40,2,multiclass_probability_sum,0,0.3831166012571021,0.19,1,0.16953551119480484,0.013174511251634418
2020-04-07,40,2,multiclass_probability_sum,0,0.45569165273661205,0.19,1,0.16869382837419733,0.001779609892233747
2020-04-09,40,2,multiclass_probability_sum,0,0.4145676089954946,0.19,1,0.16855332091998876,-0.0031483227280086983
2020-11-05,40,2,multiclass_probability_sum,0,0.5528897056779198,0.19,1,0.1630940773183532,0.0005756807050099062
2020-11-03,40,2,multiclass_probability_sum,0,0.511185290012971,0.19,1,0.16161677906197144,0.002498453113713965
2020-04-13,40,2,multiclass_probability_sum,0,0.4359402812232982,0.19,1,0.16148678260612545,-0.0043448172729193555
2020-10-30,40,2,multiclass_probability_sum,0,0.5309220429296392,0.19,1,0.15849884425594185,0.00883205052677949
2020-10-28,40,2,multiclass_probability_sum,0,0.6377062202754851,0.19,1,0.15818295895906836,-0.0021411538887236036
2020-11-02,40,2,multiclass_probability_sum,0,0.5924868397000764,0.19,1,0.1560186477864617,0.0018511687441846105
2020-11-04,40,2,multiclass_probability_sum,0,0.480733318370849,0.19,1,0.15520206723878774,-0.002141134553633845
2020-03-19,40,2,multiclass_probability_sum,0,0.21986974345000607,0.19,1,0.15295742570569854,-0.0964252183983288
2020-11-25,40,2,multiclass_probability_sum,0,0.7742278428666117,0.19,1,0.15210274720809736,0.003135268317000039
2020-10-29,40,2,multiclass_probability_sum,0,0.5557603575302026,0.19,1,0.1497203105807701,0.00692854686781607
2020-11-26,40,2,multiclass_probability_sum,0,0.7309244125671974,0.19,1,0.14829556780700748,-0.002876983642403693
2020-11-27,40,2,multiclass_probability_sum,0,0.7942113813242214,0.19,1,0.14345383973993797,-0.007092862398698215
2020-07-27,40,2,multiclass_probability_sum,0,0.6260933266764187,0.19,1,0.14334874223443922,0.007195416860559414
2020-07-29,40,2,multiclass_probability_sum,0,0.4676898858326996,0.19,1,0.13878726948993933,0.00950152816203515
2020-10-27,40,2,multiclass_probability_sum,0,0.7910014754190919,0.19,1,0.13516639873898567,-0.02936610471647746
2020-07-31,40,2,multiclass_probability_sum,0,0.4927963232747193,0.19,1,0.13359088558793172,0.020161373280249105
2020-11-24,40,2,multiclass_probability_sum,0,0.7141426189910745,0.19,1,0.13059968714470804,0.004189012489342879
2020-11-23,40,2,multiclass_probability_sum,0,0.7362975721953883,0.19,1,0.12892914084449608,0.0015779294210976843
2020-10-26,40,2,multiclass_probability_sum,0,0.7856586861122514,0.19,1,0.12841208496531012,-0.03393056577653635
2020-10-21,40,2,multiclass_probability_sum,0,0.6062716656322757,0.19,1,0.12774945160691012,-0.021474257870194836
2020-07-30,40,2,multiclass_probability_sum,0,0.4480658564683491,0.19,1,0.12551846019951343,-0.003426031159479446
2020-11-30,40,2,multiclass_probability_sum,0,0.8308436689428998,0.19,1,0.12454368200599106,0.005755626117826618
2020-04-14,40,2,multiclass_probability_sum,0,0.33502362488843396,0.19,1,0.12244443594195295,-0.006458045296496103
2020-04-22,40,2,multiclass_probability_sum,0,0.2619104505166038,0.19,1,0.12184973503893709,-0.008423769439393675
2020-10-19,40,2,multiclass_probability_sum,0,0.5851864448760633,0.19,1,0.1200775304072772,-0.026424552673741986
2020-04-23,40,2,multiclass_probability_sum,0,0.3090499875281989,0.19,1,0.11850780700840644,-0.014892424313758633
2020-07-28,40,2,multiclass_probability_sum,0,0.3492023396482199,0.19,1,0.11501426948974103,-0.028078144260225833
2020-03-18,40,2,multiclass_probability_sum,0,0.2395115532246202,0.19,1,0.11288768866657647,-0.12590618079971838
2020-04-24,40,2,multiclass_probability_sum,0,0.2950829313673759,0.19,1,0.11141942870168395,-0.018439510718543498
2020-10-20,40,2,multiclass_probability_sum,0,0.5042092462372412,0.19,1,0.11098095488348547,-0.027197812744790814
2020-12-17,40,2,multiclass_probability_sum,0,0.82054615462792,0.19,1,0.10951627707541048,-0.026816528082895343
2020-04-27,40,2,multiclass_probability_sum,0,0.5440208665712379,0.19,1,0.10920510789657341,-0.010826851735547193
2020-04-21,40,2,multiclass_probability_sum,0,0.2818095175488524,0.19,1,0.1091390339075945,-0.005715011206582887
2020-04-28,40,2,multiclass_probability_sum,0,0.475689635306742,0.19,1,0.10786126386557413,-0.006197394449860097
2020-03-16,40,2,multiclass_probability_sum,0,0.2273497155346306,0.19,1,0.1070972998381027,-0.12617364629826378
2020-10-12,40,2,multiclass_probability_sum,0,0.4895184042252656,0.19,1,0.10660403108027358,-0.007317462769655638
2020-08-20,40,2,multiclass_probability_sum,0,0.470558419027252,0.19,1,0.10625611901256768,0.007715879242117009
2020-04-15,40,2,multiclass_probability_sum,0,0.34624739552197936,0.19,1,0.10529360829619007,-0.01916028712887666
2020-08-18,40,2,multiclass_probability_sum,0,0.45870312331034424,0.19,1,0.10504384158369673,0.002100741932932413
2020-10-23,40,2,multiclass_probability_sum,0,0.6592992086832363,0.19,1,0.1047923497880613,-0.0448717541771754
2020-10-02,40,2,multiclass_probability_sum,0,0.6194787815173494,0.19,1,0.10457771437680505,0.005228583809935716
2020-10-08,40,2,multiclass_probability_sum,0,0.5058585784881303,0.19,1,0.1042498037080229,0.00026116479647007846
2020-08-03,40,2,multiclass_probability_sum,0,0.3621392941172643,0.19,1,0.10404866310467026,0.015735122669555505
2020-03-17,40,2,multiclass_probability_sum,0,0.2335334820979205,0.19,1,0.103410319516862,-0.12338850216105357
2020-10-16,40,2,multiclass_probability_sum,0,0.6149190223756361,0.19,1,0.10330603732007612,-0.02601119594630493
2020-04-29,40,2,multiclass_probability_sum,0,0.5447554153844394,0.19,1,0.10232905018653315,-0.008670838743590035
2020-08-19,40,2,multiclass_probability_sum,0,0.4188238911595629,0.19,1,0.10215287670951498,-0.0035306199954322566
2020-10-22,40,2,multiclass_probability_sum,0,0.5837770616435057,0.19,1,0.10187302231953091,-0.03298354618663422
2020-10-13,40,2,multiclass_probability_sum,0,0.5171059826790723,0.19,1,0.10156133923433469,-0.011660867471463558
2020-10-09,40,2,multiclass_probability_sum,0,0.5014374806529633,0.19,1,0.10030555304286679,-0.005338901932181662
2020-10-14,40,2,multiclass_probability_sum,0,0.5826653227345248,0.19,1,0.10006775728631914,-0.02269817658450156
2020-09-30,40,2,multiclass_probability_sum,0,0.5872004741133354,0.19,1,0.09952831620133501,0.005178732540228374
2020-08-21,40,2,multiclass_probability_sum,0,0.46940803665706654,0.19,1,0.09895359649788751,0.01613069220769349
2020-10-07,40,2,multiclass_probability_sum,0,0.5007364107634842,0.19,1,0.09790444032589235,-0.0009572709807678487
2020-10-06,40,2,multiclass_probability_sum,0,0.5017578170790171,0.19,1,0.09693013386144281,0.003455967157583461
2020-09-29,40,2,multiclass_probability_sum,0,0.6852759038968894,0.19,1,0.0966990284390878,0.0013597247270958413
2020-12-18,40,2,multiclass_probability_sum,0,0.7687524767100093,0.19,1,0.09602019487727713,-0.0416240635419668
2020-12-16,40,2,multiclass_probability_sum,0,0.765747644062758,0.19,1,0.09589874855588006,-0.04118366905383522
2020-10-01,40,2,multiclass_probability_sum,0,0.5038836301810078,0.19,1,0.09577849426366601,-0.004583341356844453
2020-08-27,40,2,multiclass_probability_sum,0,0.4401255752784504,0.19,1,0.09435252103507924,0.0048697414461668625
2020-10-05,40,2,multiclass_probability_sum,0,0.6105725210385191,0.19,1,0.092256268168171,0.0010817604245548903
2020-12-15,40,2,multiclass_probability_sum,0,0.7805586209672719,0.19,1,0.09097878236434283,-0.030138727205006457
2020-03-13,40,2,multiclass_probability_sum,0,0.2931727441162097,0.19,1,0.09082736913396044,-0.14461565170688745
2020-07-24,40,2,multiclass_probability_sum,0,0.5822686045906024,0.19,1,0.09076515699149577,-0.05451288528519017
2020-12-24,40,2,multiclass_probability_sum,0,0.766309034586353,0.19,1,0.09035699941810889,-0.04168027015750018
2020-12-25,40,2,multiclass_probability_sum,0,0.6436429423759344,0.19,1,0.08968434740683275,-0.05738735070048819
2020-08-04,40,2,multiclass_probability_sum,0,0.39171366623114817,0.19,1,0.08967326516221077,0.01228571269441494
2020-08-17,40,2,multiclass_probability_sum,0,0.3646161407238567,0.19,1,0.08962123267747121,-0.00438529979318745
2020-10-15,40,2,multiclass_probability_sum,0,0.6147765751047928,0.19,1,0.08938544296901185,-0.02543857363868452
2020-12-10,40,2,multiclass_probability_sum,0,0.8508926721377382,0.19,1,0.08903746650358661,-0.006783976184426603
2020-08-05,40,2,multiclass_probability_sum,0,0.36753085474215186,0.19,1,0.08714962636486841,0.0026701012382930574
2020-08-11,40,2,multiclass_probability_sum,0,0.3205081329206637,0.19,1,0.08700742322495388,0.003965652041461004
2020-09-25,40,2,multiclass_probability_sum,0,0.6763246457749521,0.19,1,0.08616325190092783,-0.0047344549740734486
2020-09-28,40,2,multiclass_probability_sum,0,0.6345330079838746,0.19,1,0.08574024981497771,-0.009380849203012276
2020-12-21,40,2,multiclass_probability_sum,0,0.6911991232499134,0.19,1,0.0855518943376885,-0.05430261031857655
2020-08-14,40,2,multiclass_probability_sum,0,0.462678563975893,0.19,1,0.08458407350163655,-0.005079054267214231
2020-05-04,40,2,multiclass_probability_sum,0,0.649462767182912,0.19,1,0.08409115556959085,0.002214027878861953
2020-12-01,40,2,multiclass_probability_sum,0,0.7025273883296524,0.19,1,0.0839032447468279,0.005387544602800859
2020-08-26,40,2,multiclass_probability_sum,0,0.5181927512438447,0.19,1,0.0838829315025414,0.001418618458003321
2020-12-28,40,2,multiclass_probability_sum,0,0.6904335142058268,0.19,1,0.08370336633821603,-0.06373920475778767
2020-08-24,40,2,multiclass_probability_sum,0,0.3732930989580906,0.19,1,0.08359616436124309,0.005498966300545092
2020-08-07,40,2,multiclass_probability_sum,0,0.3969512164479553,0.19,1,0.0834357989949988,0.001923374332951165
2020-08-10,40,2,multiclass_probability_sum,0,0.3962296458932135,0.19,1,0.0824518599683511,-0.00014232511825147527
2021-01-27,40,2,multiclass_probability_sum,0,0.22190292119872534,0.19,1,0.0824285222138926,-0.06907620623094714
2020-03-12,40,2,multiclass_probability_sum,0,0.22749055368886179,0.19,1,0.0823988707664242,-0.15437386581903836
2020-08-12,40,2,multiclass_probability_sum,0,0.45407356546542177,0.19,1,0.08150576572529687,-0.0005787344774281068
2020-04-17,40,2,multiclass_probability_sum,0,0.38023456245088133,0.19,1,0.08089574565039549,-0.03496332467400597
2020-08-06,40,2,multiclass_probability_sum,0,0.39539956538842913,0.19,1,0.0798961837697309,0.001688968584667946
2020-09-24,40,2,multiclass_probability_sum,0,0.734149145584183,0.19,1,0.07899064041700178,-0.005075704942984885
2020-08-28,40,2,multiclass_probability_sum,0,0.420444705742668,0.19,1,0.07854159118827332,0.0030330075561669596
2020-08-13,40,2,multiclass_probability_sum,0,0.3938905636340265,0.19,1,0.07755212488262143,-0.010132442048755397
2020-12-23,40,2,multiclass_probability_sum,0,0.7716564130631014,0.19,1,0.0771481140547796,-0.05228407242452219
2020-05-05,40,2,multiclass_probability_sum,0,0.522734451166369,0.19,1,0.07673951945578755,0.023831740450791252
2020-12-08,40,2,multiclass_probability_sum,0,0.7884913022300013,0.19,1,0.07668140526555356,-0.005182166282528331
2020-12-29,40,2,multiclass_probability_sum,0,0.6918642064217703,0.19,1,0.07654055581305774,-0.07118850477748197
2020-05-06,40,2,multiclass_probability_sum,0,0.33824063419193373,0.19,1,0.07493911477627592,0.01766841602545312
2020-04-20,40,2,multiclass_probability_sum,0,0.3727890595686898,0.19,1,0.07214190549621372,-0.04174121464799436
2020-08-25,40,2,multiclass_probability_sum,0,0.4877307373671964,0.19,1,0.07162976157774577,-0.0007438816083562064
2020-08-31,40,2,multiclass_probability_sum,0,0.49714279597622135,0.19,1,0.07094412257204738,0.007458083047203916
2020-09-17,40,2,multiclass_probability_sum,0,0.6513870469787009,0.19,1,0.07043248616928319,0.007699245270928868
2020-09-18,40,2,multiclass_probability_sum,0,0.6507834836538811,0.19,1,0.07001423402591544,0.003357474080811035
2020-12-22,40,2,multiclass_probability_sum,0,0.70611029241055,0.19,1,0.07000087006184025,-0.0564924630321932
2020-12-09,40,2,multiclass_probability_sum,0,0.7526625159504646,0.19,1,0.06794721994408445,-0.01472589344755072
2020-09-22,40,2,multiclass_probability_sum,0,0.6794212783526492,0.19,1,0.06691241031039889,-0.002441760826925267
2020-09-23,40,2,multiclass_probability_sum,0,0.6876174762566749,0.19,1,0.06474055552177109,-0.009380849203012276
2020-04-16,40,2,multiclass_probability_sum,0,0.314022500565937,0.19,1,0.06420623204300413,-0.023627789680979516
2020-12-30,40,2,multiclass_probability_sum,0,0.7602897157287278,0.19,1,0.06266667903865125,-0.06941338062164591
2020-09-14,40,2,multiclass_probability_sum,0,0.6428134675463999,0.19,1,0.06221137463863932,-0.0005926389939811708
2020-09-15,40,2,multiclass_probability_sum,0,0.6611671741376487,0.19,1,0.060229437804559256,-0.0024800325508057674
2020-09-16,40,2,multiclass_probability_sum,0,0.5716831964122129,0.19,1,0.05921640691067336,-0.003829176718028059
2020-06-30,40,2,multiclass_probability_sum,0,0.5490936431189206,0.19,1,0.057700955222036165,-0.04961645593379521
2020-12-31,40,2,multiclass_probability_sum,0,0.6990764760943926,0.19,1,0.057061276106367485,-0.07516425614757766
2020-05-07,40,2,multiclass_probability_sum,0,0.42680145722245744,0.19,1,0.05595387104714662,0.021351267847408446
2019-06-27,40,2,multiclass_probability_sum,0,0.7196833809534565,0.19,1,0.055828593488004015,0.007215899882236328
2019-09-11,40,2,multiclass_probability_sum,0,0.5108311740782768,0.19,1,0.05577560467063202,0.00694982698396375
2020-09-09,40,2,multiclass_probability_sum,0,0.6925776926537057,0.19,1,0.05516739776436266,-0.0005623854287944385
2019-09-10,40,2,multiclass_probability_sum,0,0.5539152743310031,0.19,1,0.0542397049213685,-0.0009795986491536375
2020-09-11,40,2,multiclass_probability_sum,0,0.6696551101885981,0.19,1,0.05399558050428096,0.005687027739168962
2020-09-10,40,2,multiclass_probability_sum,0,0.7352975141823712,0.19,1,0.05358864863952325,0.00016874884025224797
2019-06-03,40,2,multiclass_probability_sum,0,0.792813867143283,0.19,1,0.052953879837708974,-0.003556349602910216
2020-05-15,40,2,multiclass_probability_sum,0,0.5862478810142795,0.19,1,0.052042079912415204,-0.0023242592811128695
2020-05-14,40,2,multiclass_probability_sum,0,0.46083533023956447,0.19,1,0.05157797274797205,-0.008796383739563832
2019-06-06,40,2,multiclass_probability_sum,0,0.6434533831694408,0.19,1,0.05056587028332917,-0.005393071887585847
2020-07-23,40,2,multiclass_probability_sum,0,0.6929991168903089,0.19,1,0.05030360141810508,-0.08724590590859797
2020-09-07,40,2,multiclass_probability_sum,0,0.7134293036294868,0.19,1,0.049880532202961805,0.000641505421337044
2020-09-08,40,2,multiclass_probability_sum,0,0.6428401166249021,0.19,1,0.04960618212218871,-0.0014840134036206187
2019-09-09,40,2,multiclass_probability_sum,0,0.42215695588702684,0.19,1,0.04840292657673109,-0.00495002117030078
2019-09-12,40,2,multiclass_probability_sum,0,0.411663344225216,0.19,1,0.04796679689259034,0.007166367263228878
2020-12-14,40,2,multiclass_probability_sum,0,0.7041084432534789,0.19,1,0.04667164886387573,-0.03846204265774931
2020-06-29,40,2,multiclass_probability_sum,0,0.46958920932430226,0.19,1,0.04632049907819371,-0.054754064168736356
2020-09-21,40,2,multiclass_probability_sum,0,0.6810164169041446,0.19,1,0.04611492084894177,-0.004371060869172105
2021-01-19,40,2,multiclass_probability_sum,0,0.42633609808072875,0.19,1,0.045331704374699765,-0.09944426598334809
2020-07-08,40,2,multiclass_probability_sum,0,0.2852461265363197,0.19,1,0.0446448688774612,-0.09625105027722493
2020-07-22,40,2,multiclass_probability_sum,0,0.7379704263558242,0.19,1,0.04455548509081458,-0.08529477696495968
2019-06-28,40,2,multiclass_probability_sum,0,0.570109953351065,0.19,1,0.043777808753280724,0.010940627259386904
2020-12-07,40,2,multiclass_probability_sum,0,0.7684973928318709,0.19,1,0.0432741787621119,-0.00588145342665933
2021-01-26,40,2,multiclass_probability_sum,0,0.2023693096938706,0.19,1,0.04327084730861554,-0.10396101737228385
2019-09-06,40,2,multiclass_probability_sum,0,0.48568189448048293,0.19,1,0.0417315675926166,-0.004908957624457802
2019-06-05,40,2,multiclass_probability_sum,0,0.6928528445608888,0.19,1,0.04143521183085368,-0.008762169946023994
2020-05-08,40,2,multiclass_probability_sum,0,0.3937342104711448,0.19,1,0.04079200869470018,0.01388809513213454
2020-07-21,40,2,multiclass_probability_sum,0,0.5660020744382146,0.19,1,0.04068411640846538,-0.09299532236533689
2020-07-20,40,2,multiclass_probability_sum,0,0.70573537467059,0.19,1,0.03967157683269017,-0.09265871777388993
2020-05-11,40,2,multiclass_probability_sum,0,0.323713791968142,0.19,1,0.038868691883474873,-0.0038949149297379045
2020-07-02,40,2,multiclass_probability_sum,0,0.4018801101361592,0.19,1,0.037661184004079605,-0.07033096400139868
2020-05-18,40,2,multiclass_probability_sum,0,0.5030530048825274,0.19,1,0.03718484605923746,-0.014319307069492106
2020-07-03,40,2,multiclass_probability_sum,0,0.468002413438133,0.19,1,0.036341519955284486,-0.07652036949636067
2019-06-26,40,2,multiclass_probability_sum,0,0.4595568600656371,0.19,1,0.036092803794423416,-0.016843698746014463
2019-06-04,40,2,multiclass_probability_sum,0,0.6215647537966787,0.19,1,0.03599434602488111,-0.008499367524626801
2020-05-13,40,2,multiclass_probability_sum,0,0.42111392733656894,0.19,1,0.03566613589938441,-0.010968458444045245
2020-12-03,40,2,multiclass_probability_sum,0,0.7818872857225585,0.19,1,0.035459140383889025,0.0016558160634956485
2019-09-13,40,2,multiclass_probability_sum,0,0.339796767052667,0.19,1,0.03510319565283956,-0.00419223984924644
2020-12-11,40,2,multiclass_probability_sum,0,0.7613038940870411,0.19,1,0.034966035200738016,-0.021277192843111397
2020-07-01,40,2,multiclass_probability_sum,0,0.33872458917271,0.19,1,0.03492573784240012,-0.07164779170507486
2019-02-14,40,2,multiclass_probability_sum,0,0.3341478534578035,0.19,1,0.03468352948951646,-0.0015237257510060576
2019-05-31,40,2,multiclass_probability_sum,0,0.7260289973292978,0.19,1,0.034274792565341744,-0.017625351825661176
2019-06-07,40,2,multiclass_probability_sum,0,0.6964755944400176,0.19,1,0.03367542657187438,-0.01595708601771863
2019-02-15,40,2,multiclass_probability_sum,0,0.39020313489724345,0.19,1,0.03310899743541106,0.010888146934597942
2020-05-12,40,2,multiclass_probability_sum,0,0.36630835509362636,0.19,1,0.03308636211893688,-0.012298174188660001
2020-09-01,40,2,multiclass_probability_sum,0,0.4987313060678916,0.19,1,0.032350927421217326,-0.0039101612758723975
2020-07-07,40,2,multiclass_probability_sum,0,0.42019451334066277,0.19,1,0.032262149089496504,-0.0950009922413921
2019-06-17,40,2,multiclass_probability_sum,0,0.685095756486847,0.19,1,0.029509075699069263,-0.004063368658674628
2020-07-09,40,2,multiclass_probability_sum,0,0.4043902765665354,0.19,1,0.028213344885200893,-0.10999081242133117
2019-08-06,40,2,multiclass_probability_sum,0,0.6103607965387976,0.19,1,0.027182366910131824,0.0013674932461426568
2019-05-09,40,2,multiclass_probability_sum,0,0.8023893419370014,0.19,1,0.02711553851776482,-0.004126727969346526
2019-08-07,40,2,multiclass_probability_sum,0,0.46198586470269454,0.19,1,0.027085265639810268,0.0009313107318555851
2019-08-05,40,2,multiclass_probability_sum,0,0.5850403341770667,0.19,1,0.02680696222057237,-0.008814358115950334
2019-09-16,40,2,multiclass_probability_sum,0,0.29494432686454863,0.19,1,0.026803025800034918,-0.006862846571352442
2020-09-04,40,2,multiclass_probability_sum,0,0.6752855974455021,0.19,1,0.0261973044246663,-0.014851177251515989
2019-06-13,40,2,multiclass_probability_sum,0,0.6696737974515661,0.19,1,0.02613740297771868,-0.007363266752325355
2019-05-30,40,2,multiclass_probability_sum,0,0.5547842389945217,0.19,1,0.026077057098932595,-0.027432502717672363
2020-05-19,40,2,multiclass_probability_sum,0,0.5631382798263111,0.19,1,0.02589364225448049,-0.024908081707224496
2020-07-17,40,2,multiclass_probability_sum,0,0.7049722174027868,0.19,1,0.025530796470100516,-0.10491210457965491
2019-06-25,40,2,multiclass_probability_sum,0,0.49129173226512046,0.19,1,0.025237867697298133,-0.0178857671374698
2020-07-13,40,2,multiclass_probability_sum,0,0.5065954980804209,0.19,1,0.024357889817449106,-0.10112060906252483
2020-07-14,40,2,multiclass_probability_sum,0,0.45532493160950677,0.19,1,0.024138691009647335,-0.10041817989550032
2019-06-18,40,2,multiclass_probability_sum,0,0.6832759171508663,0.19,1,0.023885919240899906,-0.0009538344866621582
2019-05-10,40,2,multiclass_probability_sum,0,0.8032433774634936,0.19,1,0.023643529097148938,-0.009959674238374187
2021-01-20,40,2,multiclass_probability_sum,0,0.29348951810888224,0.19,1,0.02362846101740711,-0.10269274170465785
2020-07-06,40,2,multiclass_probability_sum,0,0.35182985067667566,0.19,1,0.02351483426080433,-0.09238006274700784
2019-09-04,40,2,multiclass_probability_sum,0,0.37691152733144934,0.19,1,0.023513607822778997,-0.008546797175437177
2020-05-22,40,2,multiclass_probability_sum,0,0.6429383087415912,0.19,1,0.022357664962123356,-0.032937983683736446
2019-09-05,40,2,multiclass_probability_sum,0,0.4323675575415479,0.19,1,0.022302897000120902,-0.007687207065099888
2019-06-14,40,2,multiclass_probability_sum,0,0.6274462210632963,0.19,1,0.021505535871768542,-0.011071858010213096
2020-07-15,40,2,multiclass_probability_sum,0,0.5834625008913806,0.19,1,0.021504982300848196,-0.10248950317550512
2019-08-13,40,2,multiclass_probability_sum,0,0.5886492043566561,0.19,1,0.02148793961506599,0.0021490497696231656
2019-06-21,40,2,multiclass_probability_sum,0,0.5507962996200568,0.19,1,0.021452967951313125,-0.016916678890234862
2019-06-20,40,2,multiclass_probability_sum,0,0.5861254041912853,0.19,1,0.020840965606997296,-0.016895827963931614
2019-09-24,40,2,multiclass_probability_sum,0,0.29268906158113406,0.19,1,0.020256342546365116,-0.005113595623539197
2019-06-19,40,2,multiclass_probability_sum,0,0.6598902803542824,0.19,1,0.020036112767724445,-0.00695269072946088
2020-05-20,40,2,multiclass_probability_sum,0,0.4928224974250466,0.19,1,0.019735726061344175,-0.033137321180365706
2019-09-20,40,2,multiclass_probability_sum,0,0.4005445935905479,0.19,1,0.019666798971884555,-0.007367840976646597
2020-07-10,40,2,multiclass_probability_sum,0,0.4697825389237147,0.19,1,0.019370184927692907,-0.10398279512732322
2019-08-14,40,2,multiclass_probability_sum,0,0.5138885459986199,0.19,1,0.018883242083649845,0.0004127498484988585
2019-06-24,40,2,multiclass_probability_sum,0,0.425742313870834,0.19,1,0.018705403711631072,-0.0207147116028272
2019-08-29,40,2,multiclass_probability_sum,0,0.3307116797275661,0.19,1,0.018206622923170684,-0.0095282819543117
2019-05-28,40,2,multiclass_probability_sum,0,0.5016950585945719,0.19,1,0.0178035353082946,-0.030172879637369383
2019-07-01,40,2,multiclass_probability_sum,0,0.4574648229402457,0.19,1,0.01772701143074302,-0.005420574020181379
2019-09-18,40,2,multiclass_probability_sum,0,0.27597511358069654,0.19,1,0.017550950532895522,-0.012192807149282826
2019-07-03,40,2,multiclass_probability_sum,0,0.5162176916840363,0.19,1,0.01741328545212804,0.004384422607940749
2019-09-23,40,2,multiclass_probability_sum,0,0.4466388027431733,0.19,1,0.01725828037057184,-0.002702100341789909
2019-05-29,40,2,multiclass_probability_sum,0,0.5543487605659656,0.19,1,0.01721515001164609,-0.0296995165899513
2019-09-03,40,2,multiclass_probability_sum,0,0.4460580486889557,0.19,1,0.016717429874736133,-0.010314818934005938
2019-08-28,40,2,multiclass_probability_sum,0,0.45294078522235404,0.19,1,0.01658197376239323,-0.008168259248067179
2020-09-03,40,2,multiclass_probability_sum,0,0.6248559615417584,0.19,1,0.016576995708696227,-0.017542939099669877
2019-02-18,40,2,multiclass_probability_sum,0,0.3012795867030844,0.19,1,0.016374103881494746,0.0031677641840349323
2020-05-21,40,2,multiclass_probability_sum,0,0.49656530598626103,0.19,1,0.016211350913941516,-0.044585069243030205
2019-07-02,40,2,multiclass_probability_sum,0,0.5243860799146686,0.19,1,0.015278024805052621,-0.001654208464108109
2019-09-19,40,2,multiclass_probability_sum,0,0.20412363031675515,0.19,1,0.015129182769958702,-0.014150393418800658
2019-11-26,40,2,multiclass_probability_sum,0,0.4106148235362348,0.19,1,0.01490691899742408,-0.028883961661598196
2019-07-22,40,2,multiclass_probability_sum,0,0.46792234924192067,0.19,1,0.014857912882720425,-0.01790816614981403
2019-02-28,40,2,multiclass_probability_sum,0,0.46376631768416204,0.19,1,0.014570127835030354,-0.0032887770400417374
2019-08-16,40,2,multiclass_probability_sum,0,0.3712427082470846,0.19,1,0.01375194582205683,-0.010968093495863791
2020-07-16,40,2,multiclass_probability_sum,0,0.5500822480624733,0.19,1,0.013750358225838356,-0.110412876090767
2020-12-04,40,2,multiclass_probability_sum,0,0.8182117973193078,0.19,1,0.013631713274906702,0.0023955854482213793
2019-07-08,40,2,multiclass_probability_sum,0,0.5667937287705043,0.19,1,0.01337320967128285,-0.0018022128588430387
2019-09-25,40,2,multiclass_probability_sum,0,0.2765334580531271,0.19,1,0.013341177623247167,-0.004273272201457231
2019-08-12,40,2,multiclass_probability_sum,0,0.43123778218175113,0.19,1,0.013149975844086875,-0.008732690630181707
2020-06-15,40,2,multiclass_probability_sum,0,0.4249908039698721,0.19,1,0.012806992617848494,-0.05849693032312912
2019-08-15,40,2,multiclass_probability_sum,0,0.35776163809990524,0.19,1,0.01264208555961067,-0.010335240225244824
2019-05-24,40,2,multiclass_probability_sum,0,0.6896583482787051,0.19,1,0.012610481754938174,-0.028144074031154754
2019-08-08,40,2,multiclass_probability_sum,0,0.466152557253526,0.19,1,0.012584037309741298,-0.008660916002481898
2019-08-30,40,2,multiclass_probability_sum,0,0.41697600056091355,0.19,1,0.012542198402506236,-0.015102392634318701
2019-06-12,40,2,multiclass_probability_sum,0,0.7593108445160515,0.19,1,0.01224951518071149,-0.011658927814995286
2019-08-19,40,2,multiclass_probability_sum,0,0.27587412299315806,0.19,1,0.012177975107272542,-0.012018561968774068
2019-07-18,40,2,multiclass_probability_sum,0,0.511583419095432,0.19,1,0.011379097656090317,-0.011789940036469056
2019-08-27,40,2,multiclass_probability_sum,0,0.5771984315894322,0.19,1,0.011198439314644874,-0.007687207065099888
2019-06-10,40,2,multiclass_probability_sum,0,0.5725684694503972,0.19,1,0.010588668442345798,-0.020766639423168518
2019-11-25,40,2,multiclass_probability_sum,0,0.35633528233767375,0.19,1,0.010210409075820758,-0.02843340511425051
2019-08-20,40,2,multiclass_probability_sum,0,0.22822130612762787,0.19,1,0.009893316610602875,-0.015722081489083668
2019-05-08,40,2,multiclass_probability_sum,0,0.7910276629702446,0.19,1,0.009594080736835878,-0.00856244640478734
2020-12-02,40,2,multiclass_probability_sum,0,0.7876547497377329,0.19,1,0.009439493913079681,0.005388092401362768
2019-08-09,40,2,multiclass_probability_sum,0,0.516101821199325,0.19,1,0.008940353710895445,-0.0077376401544193545
2019-07-05,40,2,multiclass_probability_sum,0,0.3355466181750131,0.19,1,0.008900742644479718,-0.011062253585959102
2019-07-09,40,2,multiclass_probability_sum,0,0.40348545998558943,0.19,1,0.008815065197434501,-0.004592335574122841
2019-07-24,40,2,multiclass_probability_sum,0,0.4893849659089702,0.19,1,0.008753474410080397,-0.02437371685203324
2021-01-25,40,2,multiclass_probability_sum,0,0.3381693651703696,0.19,1,0.008224734949004909,-0.129964037504929
2019-05-13,40,2,multiclass_probability_sum,0,0.73681862328462,0.19,1,0.008114793943810303,-0.016228368664596867
2019-02-19,40,2,multiclass_probability_sum,0,0.38098443829014716,0.19,1,0.008004380571217865,0.0011607301465913179
2019-05-06,40,2,multiclass_probability_sum,0,0.7837048243404837,0.19,1,0.007943563744429508,-0.015633537417375002
2019-07-19,40,2,multiclass_probability_sum,0,0.4805486645195077,0.19,1,0.007626038378136562,-0.018213606036528794
2019-05-27,40,2,multiclass_probability_sum,0,0.4550542745016741,0.19,1,0.007050990289031196,-0.03339812561034676
2019-07-23,40,2,multiclass_probability_sum,0,0.4712419877117403,0.19,1,0.005734139796495861,-0.025435465196099967
2019-07-04,40,2,multiclass_probability_sum,0,0.47046648607515046,0.19,1,0.005687568812884735,-0.00870131673754725
2019-03-26,40,2,multiclass_probability_sum,0,0.6048009943674824,0.19,1,0.005501497219740797,-0.023769900421259534
2019-08-02,40,2,multiclass_probability_sum,0,0.4523557193737273,0.19,1,0.0054939111651744355,-0.027091562840029063
2019-05-07,40,2,multiclass_probability_sum,0,0.7361857060516768,0.19,1,0.004605278151876875,-0.015205457453854548
2019-08-26,40,2,multiclass_probability_sum,0,0.45768047807865186,0.19,1,0.004375486024557434,-0.013902559246863446
2019-05-14,40,2,multiclass_probability_sum,0,0.6765292774504269,0.19,1,0.0038358392557581154,-0.023297446067928895
2020-06-26,40,2,multiclass_probability_sum,0,0.45860202647122106,0.19,1,0.003281073509967807,-0.08166279752926893
2019-07-10,40,2,multiclass_probability_sum,0,0.4034003113776438,0.19,1,0.003219789086266371,-0.009328021574953538
2019-05-16,40,2,multiclass_probability_sum,0,0.6114925610230737,0.19,1,0.0030087214149562397,-0.033961988186350184
2020-05-25,40,2,multiclass_probability_sum,0,0.5349336598111374,0.19,1,0.002743485945750834,-0.04029877589434387
2019-06-11,40,2,multiclass_probability_sum,0,0.582504053587452,0.19,1,0.0026366614814114626,-0.01990428826815241
2019-03-21,40,2,multiclass_probability_sum,0,0.6378441507846628,0.19,1,0.002035044150505812,-0.036057597876442894
2019-07-30,40,2,multiclass_probability_sum,0,0.5175978985678237,0.19,1,0.0012973062448263981,-0.021952763799943823
2019-11-22,40,2,multiclass_probability_sum,0,0.5030375076126362,0.19,1,0.0008689385696076092,-0.029896972282513038
2019-08-01,40,2,multiclass_probability_sum,0,0.28400232728011654,0.19,1,0.0004510758234691268,-0.03341799242135085
2019-03-25,40,2,multiclass_probability_sum,0,0.5516063587912027,0.19,1,-4.123498789313515e-05,-0.024058581049701388
2020-06-18,40,2,multiclass_probability_sum,0,0.26247257264406604,0.19,1,-0.00025726180038049946,-0.08551695371332291
2019-07-31,40,2,multiclass_probability_sum,0,0.39158108740028175,0.19,1,-0.0009180745294029976,-0.027656432027313653
2019-05-17,40,2,multiclass_probability_sum,0,0.48517790993500387,0.19,1,-0.001106625520232653,-0.0347713439731151
2019-03-01,40,2,multiclass_probability_sum,0,0.36809430010283556,0.19,1,-0.0011541625177476284,-0.01784869699152348
2019-05-22,40,2,multiclass_probability_sum,0,0.4187963460233517,0.19,1,-0.001230706794544217,-0.04221936999629524
2019-07-12,40,2,multiclass_probability_sum,0,0.5046164797322942,0.19,1,-0.0013131439368976548,-0.01112376870331856
2019-05-15,40,2,multiclass_probability_sum,0,0.6818458759768947,0.19,1,-0.002041769763688183,-0.033910741088205805
2019-07-15,40,2,multiclass_probability_sum,0,0.4322884334409586,0.19,1,-0.002336846527942825,-0.008177048773216549
2020-05-27,40,2,multiclass_probability_sum,0,0.6519808300427536,0.19,1,-0.0028028233418549106,-0.038481144373019395
2019-09-26,40,2,multiclass_probability_sum,0,0.3084042636751647,0.19,1,-0.0028908765533813712,-0.007761559654597735
2021-01-22,40,2,multiclass_probability_sum,0,0.3429391083560568,0.19,1,-0.003924452973468086,-0.1305898868157041
2019-03-27,40,2,multiclass_probability_sum,0,0.611882868566135,0.19,1,-0.0040145645860085975,-0.030060716254031474
2019-05-21,40,2,multiclass_probability_sum,0,0.4328059613164417,0.19,1,-0.004247110631189614,-0.0447675041825084
2019-08-21,40,2,multiclass_probability_sum,0,0.2514163957228563,0.19,1,-0.004596318947619522,-0.025534949194753777
2019-07-25,40,2,multiclass_probability_sum,0,0.4861034873851934,0.19,1,-0.0046239712470815784,-0.030968610067041064
2019-07-11,40,2,multiclass_probability_sum,0,0.41827639013317386,0.19,1,-0.004660198631164452,-0.01442975985174241
2020-05-28,40,2,multiclass_probability_sum,0,0.6021131695335851,0.19,1,-0.005401202789316277,-0.043030652764118944
2019-03-22,40,2,multiclass_probability_sum,0,0.5913708601973542,0.19,1,-0.006087001781237768,-0.04309141035101589
2019-07-17,40,2,multiclass_probability_sum,0,0.41212549515959684,0.19,1,-0.006637282872103013,-0.018447713452186966
2019-05-23,40,2,multiclass_probability_sum,0,0.3426300717422379,0.19,1,-0.006800246753091578,-0.04113113653912463
2019-04-22,40,2,multiclass_probability_sum,0,0.6217936808287247,0.19,1,-0.006940143386274688,-0.022882136863544008
2020-06-25,40,2,multiclass_probability_sum,0,0.4490168141070979,0.19,1,-0.007493575117460097,-0.0847215669145797
2019-07-26,40,2,multiclass_probability_sum,0,0.4342258705575587,0.19,1,-0.007680296456335982,-0.029359194641438796
2019-08-22,40,2,multiclass_probability_sum,0,0.2525672786701689,0.19,1,-0.008114982663812593,-0.02842704014231994
2019-02-20,40,2,multiclass_probability_sum,0,0.39910376134820236,0.19,1,-0.008567578585619464,-0.008567578585619464
2020-05-26,40,2,multiclass_probability_sum,0,0.5004443918335154,0.19,1,-0.00859713410358869,-0.051976000535130344
2020-06-17,40,2,multiclass_probability_sum,0,0.3013196328154938,0.19,1,-0.008840044401738524,-0.08454602874335376
2019-08-23,40,2,multiclass_probability_sum,0,0.3705531236176561,0.19,1,-0.008997990881251191,-0.023592155289832883
2019-11-21,40,2,multiclass_probability_sum,0,0.5829671758994592,0.19,1,-0.009080571839750312,-0.04018363194490759
2019-04-23,40,2,multiclass_probability_sum,0,0.6118031278967924,0.19,1,-0.009132483563272474,-0.025095327966845125
2019-07-29,40,2,multiclass_probability_sum,0,0.25964155132067596,0.19,1,-0.009878886224203194,-0.03396927969105533
2020-06-24,40,2,multiclass_probability_sum,0,0.4182140014098836,0.19,1,-0.009936256438714354,-0.09069486823126627
2019-02-26,40,2,multiclass_probability_sum,0,0.5574439967049799,0.19,1,-0.01032606248549734,-0.025404575497028913
2019-03-28,40,2,multiclass_probability_sum,0,0.5742862696663295,0.19,1,-0.011706332647206025,-0.03727912126781081
2019-03-29,40,2,multiclass_probability_sum,0,0.7013550932655654,0.19,1,-0.011712353775296645,-0.03501812852362246
2019-07-16,40,2,multiclass_probability_sum,0,0.44528363882937294,0.19,1,-0.01311884020563463,-0.017979443801754702
2019-10-02,40,2,multiclass_probability_sum,0,0.41813167585814315,0.19,1,-0.013222762422732518,-0.015085112796259369
2019-12-18,40,2,multiclass_probability_sum,0,0.5407621056000967,0.19,1,-0.013762219261779311,-0.02687371371736206
2019-04-25,40,2,multiclass_probability_sum,0,0.4922254797038711,0.19,1,-0.014476073001510199,-0.03140800565231776
2019-04-24,40,2,multiclass_probability_sum,0,0.5695575506855224,0.19,1,-0.014507128947989723,-0.03426800606415476
2019-05-20,40,2,multiclass_probability_sum,0,0.41433804777878525,0.19,1,-0.014900819673705054,-0.04561881819648567
2020-06-16,40,2,multiclass_probability_sum,0,0.26357429513815755,0.19,1,-0.015360381100820936,-0.086521978923547
2019-03-20,40,2,multiclass_probability_sum,0,0.6036929443556103,0.19,1,-0.01610220902524237,-0.05674298523840424
2019-02-27,40,2,multiclass_probability_sum,0,0.5642198338618736,0.19,1,-0.016432868255991016,-0.028651380855685613
2019-10-04,40,2,multiclass_probability_sum,0,0.498607426980375,0.19,1,-0.017198663251078314,-0.01756957931496595
2019-04-19,40,2,multiclass_probability_sum,0,0.6867370121919599,0.19,1,-0.01724558633826972,-0.023244442581068364
2019-04-18,40,2,multiclass_probability_sum,0,0.8188919178487486,0.19,1,-0.01918949305262319,-0.01918949305262319
2019-03-19,40,2,multiclass_probability_sum,0,0.6390298485437647,0.19,1,-0.01952191684061355,-0.06101400706775277
2019-03-04,40,2,multiclass_probability_sum,0,0.35195109746791675,0.19,1,-0.02017211576413236,-0.032400893881440115
2019-04-10,40,2,multiclass_probability_sum,0,0.6145130824182392,0.19,1,-0.02041244136865285,-0.036760380033895076
2020-06-19,40,2,multiclass_probability_sum,0,0.2694250822292576,0.19,1,-0.02073010894607502,-0.10093641307747638
2019-04-26,40,2,multiclass_probability_sum,0,0.471174995094964,0.19,1,-0.0211585336683429,-0.03704839792769522
2019-02-21,40,2,multiclass_probability_sum,0,0.33073337029116445,0.19,1,-0.021866178448126928,-0.025921127976572044
2019-02-22,40,2,multiclass_probability_sum,0,0.43031343000173605,0.19,1,-0.02358443029747058,-0.027277074108391357
2019-04-16,40,2,multiclass_probability_sum,0,0.5826540570424138,0.19,1,-0.02440585611998243,-0.031921364527285265
2020-06-22,40,2,multiclass_probability_sum,0,0.3070580858833416,0.19,1,-0.024550590263936214,-0.10406313992131067
2020-06-23,40,2,multiclass_probability_sum,0,0.307630303409141,0.19,1,-0.025394598155185872,-0.10052184801937294
2020-06-12,40,2,multiclass_probability_sum,0,0.43029368769808407,0.19,1,-0.02587858053443733,-0.09511680402421235
2019-04-09,40,2,multiclass_probability_sum,0,0.6118355165447689,0.19,1,-0.026218845483978622,-0.04342913530423697
2019-04-01,40,2,multiclass_probability_sum,0,0.6055297220221125,0.19,1,-0.029410714515075796,-0.04290933837139042
2020-06-11,40,2,multiclass_probability_sum,0,0.4515694505987422,0.19,1,-0.03201613493248737,-0.09956538983759461
2020-05-29,40,2,multiclass_probability_sum,0,0.5690259231359467,0.19,1,-0.04170346224993629,-0.04659989160133122
2020-03-31,40,2,candidate_risk_off,0,0.44241084464880154,0.44,1,0.2660507625272465,0.02636513642160784
2020-03-30,40,2,candidate_risk_off,0,0.48796221876930373,0.44,1,0.26288913546810977,0.0004076117780754718
2020-03-23,40,2,candidate_risk_off,0,0.4808436381338904,0.44,1,0.25792661576198,-0.01113301587785287
2020-03-24,40,2,candidate_risk_off,0,0.4560317137398194,0.44,1,0.2574125460805391,0.004616079692811852
2020-11-16,40,2,candidate_risk_off,0,0.6562839793911489,0.44,1,0.22632950139787844,0.018868189419210448
2020-03-26,40,2,candidate_risk_off,0,0.45729514119434145,0.44,1,0.22471820292052708,-0.04711628031859396
2020-04-03,40,2,candidate_risk_off,0,0.44265830586735927,0.44,1,0.2203468256534981,0.04860015846868941
2020-03-25,40,2,candidate_risk_off,0,0.4662653896317929,0.44,1,0.21876163586399547,-0.0413956227343391
2020-03-27,40,2,candidate_risk_off,0,0.45816607842589735,0.44,1,0.20856199163756456,-0.04977763543944564
2020-11-13,40,2,candidate_risk_off,0,0.6623638298791993,0.44,1,0.2039412260575805,-0.016170778226990798
2020-11-17,40,2,candidate_risk_off,0,0.6405189489091847,0.44,1,0.20222232979408733,0.004767233587459033
2020-11-18,40,2,candidate_risk_off,0,0.6453111735457986,0.44,1,0.19859268085815757,0.009944940635203504
2020-11-12,40,2,candidate_risk_off,0,0.6623638298791993,0.44,1,0.19659971413036872,-0.00888978509942968
2020-11-19,40,2,candidate_risk_off,0,0.6514820446330967,0.44,1,0.19435820249927102,0.00683136151501463
2020-11-11,40,2,candidate_risk_off,0,0.6672384902690475,0.44,1,0.19434873432443958,-0.0015028825588478435
2020-11-20,40,2,candidate_risk_off,0,0.6459649905133145,0.44,1,0.18563256765931227,0.004223392142988823
2020-03-20,40,2,candidate_risk_off,0,0.471760639602253,0.44,1,0.18376941594047938,-0.07384246763668896
2020-11-10,40,2,candidate_risk_off,0,0.6672384902690475,0.44,1,0.18313538669592738,-0.0011667692855114582
2020-04-06,40,2,candidate_risk_off,0,0.4798564890964521,0.44,1,0.1790019482460639,0.013401484074900733
2020-11-06,40,2,candidate_risk_off,0,0.6167015936746839,0.44,1,0.17744444945383808,0.013234148304741454
2020-11-09,40,2,candidate_risk_off,0,0.6571887591617783,0.44,1,0.17367247595846175,-0.001261312562767111
2021-01-28,40,2,candidate_risk_off,0,0.5051316930124364,0.44,1,0.1719910858541815,0.011236127826685352
2020-04-10,40,2,candidate_risk_off,0,0.4581367850971703,0.44,1,0.17032279321270302,0.0059589366086929925
2020-04-08,40,2,candidate_risk_off,0,0.4582159347942083,0.44,1,0.16953551119480484,0.013174511251634418
2020-04-07,40,2,candidate_risk_off,0,0.4622687722477122,0.44,1,0.16869382837419733,0.001779609892233747
2020-04-09,40,2,candidate_risk_off,0,0.4581367850971703,0.44,1,0.16855332091998876,-0.0031483227280086983
2020-11-05,40,2,candidate_risk_off,0,0.6167015936746839,0.44,1,0.1630940773183532,0.0005756807050099062
2020-11-03,40,2,candidate_risk_off,0,0.6042108329246643,0.44,1,0.16161677906197144,0.002498453113713965
2020-04-13,40,2,candidate_risk_off,0,0.4530784581057843,0.44,1,0.16148678260612545,-0.0043448172729193555
2020-10-30,40,2,candidate_risk_off,0,0.6163005311693575,0.44,1,0.15849884425594185,0.00883205052677949
2020-10-28,40,2,candidate_risk_off,0,0.6400737515887678,0.44,1,0.15818295895906836,-0.0021411538887236036
2020-11-02,40,2,candidate_risk_off,0,0.6032435389361473,0.44,1,0.1560186477864617,0.0018511687441846105
2020-11-04,40,2,candidate_risk_off,0,0.6150425314208742,0.44,1,0.15520206723878774,-0.002141134553633845
2020-03-19,40,2,candidate_risk_off,0,0.471760639602253,0.44,1,0.15295742570569854,-0.0964252183983288
2020-11-25,40,2,candidate_risk_off,0,0.6636760295266432,0.44,1,0.15210274720809736,0.003135268317000039
2020-10-29,40,2,candidate_risk_off,0,0.6112747331119479,0.44,1,0.1497203105807701,0.00692854686781607
2020-11-26,40,2,candidate_risk_off,0,0.6535745684299128,0.44,1,0.14829556780700748,-0.002876983642403693
2020-11-27,40,2,candidate_risk_off,0,0.6535745684299128,0.44,1,0.14345383973993797,-0.007092862398698215
2020-07-27,40,2,candidate_risk_off,0,0.5665959992363953,0.44,1,0.14334874223443922,0.007195416860559414
2020-07-29,40,2,candidate_risk_off,0,0.4983368244589268,0.44,1,0.13878726948993933,0.00950152816203515
2020-10-27,40,2,candidate_risk_off,0,0.6742843599082522,0.44,1,0.13516639873898567,-0.02936610471647746
2020-07-31,40,2,candidate_risk_off,0,0.5047810723407613,0.44,1,0.13359088558793172,0.020161373280249105
2020-11-24,40,2,candidate_risk_off,0,0.6636760295266432,0.44,1,0.13059968714470804,0.004189012489342879
2020-11-23,40,2,candidate_risk_off,0,0.6636760295266432,0.44,1,0.12892914084449608,0.0015779294210976843
2020-10-26,40,2,candidate_risk_off,0,0.6723374906099352,0.44,1,0.12841208496531012,-0.03393056577653635
2020-10-21,40,2,candidate_risk_off,0,0.5920935781568504,0.44,1,0.12774945160691012,-0.021474257870194836
2020-07-30,40,2,candidate_risk_off,0,0.4983368244589268,0.44,1,0.12551846019951343,-0.003426031159479446
2020-11-30,40,2,candidate_risk_off,0,0.6636760295266432,0.44,1,0.12454368200599106,0.005755626117826618
2020-04-14,40,2,candidate_risk_off,0,0.4457390708127509,0.44,1,0.12244443594195295,-0.006458045296496103
2020-10-19,40,2,candidate_risk_off,0,0.5732883431606435,0.44,1,0.1200775304072772,-0.026424552673741986
2020-07-28,40,2,candidate_risk_off,0,0.559439630690942,0.44,1,0.11501426948974103,-0.028078144260225833
2020-03-18,40,2,candidate_risk_off,0,0.46925247771696227,0.44,1,0.11288768866657647,-0.12590618079971838
2020-10-20,40,2,candidate_risk_off,0,0.5485338318821789,0.44,1,0.11098095488348547,-0.027197812744790814
2020-12-17,40,2,candidate_risk_off,0,0.6358588503307734,0.44,1,0.10951627707541048,-0.026816528082895343
2020-03-16,40,2,candidate_risk_off,0,0.46925247771696227,0.44,1,0.1070972998381027,-0.12617364629826378
2020-10-12,40,2,candidate_risk_off,0,0.6033182693779424,0.44,1,0.10660403108027358,-0.007317462769655638
2020-08-20,40,2,candidate_risk_off,0,0.5763819752500634,0.44,1,0.10625611901256768,0.007715879242117009
2020-08-18,40,2,candidate_risk_off,0,0.5792876754531966,0.44,1,0.10504384158369673,0.002100741932932413
2020-10-23,40,2,candidate_risk_off,0,0.659274427979473,0.44,1,0.1047923497880613,-0.0448717541771754
2020-10-02,40,2,candidate_risk_off,0,0.6033182693779424,0.44,1,0.10457771437680505,0.005228583809935716
2020-10-08,40,2,candidate_risk_off,0,0.6033182693779424,0.44,1,0.1042498037080229,0.00026116479647007846
2020-08-03,40,2,candidate_risk_off,0,0.5669985905330588,0.44,1,0.10404866310467026,0.015735122669555505
2020-03-17,40,2,candidate_risk_off,0,0.46925247771696227,0.44,1,0.103410319516862,-0.12338850216105357
2020-10-16,40,2,candidate_risk_off,0,0.6076167178175437,0.44,1,0.10330603732007612,-0.02601119594630493
2020-08-19,40,2,candidate_risk_off,0,0.5543162778053164,0.44,1,0.10215287670951498,-0.0035306199954322566
2020-10-22,40,2,candidate_risk_off,0,0.6273495247230968,0.44,1,0.10187302231953091,-0.03298354618663422
2020-10-13,40,2,candidate_risk_off,0,0.6033182693779424,0.44,1,0.10156133923433469,-0.011660867471463558
2020-10-09,40,2,candidate_risk_off,0,0.5965352485476719,0.44,1,0.10030555304286679,-0.005338901932181662
2020-10-14,40,2,candidate_risk_off,0,0.5965352485476719,0.44,1,0.10006775728631914,-0.02269817658450156
2020-09-30,40,2,candidate_risk_off,0,0.6054345651696303,0.44,1,0.09952831620133501,0.005178732540228374
2020-08-21,40,2,candidate_risk_off,0,0.5186028995762025,0.44,1,0.09895359649788751,0.01613069220769349
2020-10-07,40,2,candidate_risk_off,0,0.6033182693779424,0.44,1,0.09790444032589235,-0.0009572709807678487
2020-10-06,40,2,candidate_risk_off,0,0.6033182693779424,0.44,1,0.09693013386144281,0.003455967157583461
2020-09-29,40,2,candidate_risk_off,0,0.6054345651696303,0.44,1,0.0966990284390878,0.0013597247270958413
2020-12-18,40,2,candidate_risk_off,0,0.6267834914137165,0.44,1,0.09602019487727713,-0.0416240635419668
2020-12-16,40,2,candidate_risk_off,0,0.636893298690444,0.44,1,0.09589874855588006,-0.04118366905383522
2020-10-01,40,2,candidate_risk_off,0,0.5965352485476719,0.44,1,0.09577849426366601,-0.004583341356844453
2020-08-27,40,2,candidate_risk_off,0,0.5609270013123557,0.44,1,0.09435252103507924,0.0048697414461668625
2020-10-05,40,2,candidate_risk_off,0,0.6033182693779424,0.44,1,0.092256268168171,0.0010817604245548903
2020-12-15,40,2,candidate_risk_off,0,0.6553243026030823,0.44,1,0.09097878236434283,-0.030138727205006457
2020-03-13,40,2,candidate_risk_off,0,0.47017180853042506,0.44,1,0.09082736913396044,-0.14461565170688745
2020-07-24,40,2,candidate_risk_off,0,0.5615441560021098,0.44,1,0.09076515699149577,-0.05451288528519017
2020-12-24,40,2,candidate_risk_off,0,0.6439944568557955,0.44,1,0.09035699941810889,-0.04168027015750018
2020-12-25,40,2,candidate_risk_off,0,0.6314954175656033,0.44,1,0.08968434740683275,-0.05738735070048819
2020-08-04,40,2,candidate_risk_off,0,0.557195547049653,0.44,1,0.08967326516221077,0.01228571269441494
2020-08-17,40,2,candidate_risk_off,0,0.5779801181112612,0.44,1,0.08962123267747121,-0.00438529979318745
2020-10-15,40,2,candidate_risk_off,0,0.6076167178175437,0.44,1,0.08938544296901185,-0.02543857363868452
2020-12-10,40,2,candidate_risk_off,0,0.6636760295266432,0.44,1,0.08903746650358661,-0.006783976184426603
2020-08-05,40,2,candidate_risk_off,0,0.5649919154799415,0.44,1,0.08714962636486841,0.0026701012382930574
2020-08-11,40,2,candidate_risk_off,0,0.5685532780453562,0.44,1,0.08700742322495388,0.003965652041461004
2020-09-25,40,2,candidate_risk_off,0,0.6011148506133122,0.44,1,0.08616325190092783,-0.0047344549740734486
2020-09-28,40,2,candidate_risk_off,0,0.6033130001369558,0.44,1,0.08574024981497771,-0.009380849203012276
2020-12-21,40,2,candidate_risk_off,0,0.6299701880980504,0.44,1,0.0855518943376885,-0.05430261031857655
2020-08-14,40,2,candidate_risk_off,0,0.5872155382356646,0.44,1,0.08458407350163655,-0.005079054267214231
2020-12-01,40,2,candidate_risk_off,0,0.6535745684299128,0.44,1,0.0839032447468279,0.005387544602800859
2020-08-26,40,2,candidate_risk_off,0,0.5647856581012745,0.44,1,0.0838829315025414,0.001418618458003321
2020-12-28,40,2,candidate_risk_off,0,0.6418879262550155,0.44,1,0.08370336633821603,-0.06373920475778767
2020-08-24,40,2,candidate_risk_off,0,0.5337560003385297,0.44,1,0.08359616436124309,0.005498966300545092
2020-08-07,40,2,candidate_risk_off,0,0.5649919154799415,0.44,1,0.0834357989949988,0.001923374332951165
2020-08-10,40,2,candidate_risk_off,0,0.568876440915426,0.44,1,0.0824518599683511,-0.00014232511825147527
2021-01-27,40,2,candidate_risk_off,0,0.5380973595200177,0.44,1,0.0824285222138926,-0.06907620623094714
2020-03-12,40,2,candidate_risk_off,0,0.45909620350189206,0.44,1,0.0823988707664242,-0.15437386581903836
2020-08-12,40,2,candidate_risk_off,0,0.5659369011245768,0.44,1,0.08150576572529687,-0.0005787344774281068
2020-08-06,40,2,candidate_risk_off,0,0.5649919154799415,0.44,1,0.0798961837697309,0.001688968584667946
2020-09-24,40,2,candidate_risk_off,0,0.5974167340166104,0.44,1,0.07899064041700178,-0.005075704942984885
2020-08-28,40,2,candidate_risk_off,0,0.5920070850128719,0.44,1,0.07854159118827332,0.0030330075561669596
2020-08-13,40,2,candidate_risk_off,0,0.5403136247039287,0.44,1,0.07755212488262143,-0.010132442048755397
2020-12-23,40,2,candidate_risk_off,0,0.6439944568557955,0.44,1,0.0771481140547796,-0.05228407242452219
2020-12-08,40,2,candidate_risk_off,0,0.6636760295266432,0.44,1,0.07668140526555356,-0.005182166282528331
2020-12-29,40,2,candidate_risk_off,0,0.6418879262550155,0.44,1,0.07654055581305774,-0.07118850477748197
2020-08-25,40,2,candidate_risk_off,0,0.5500365104473962,0.44,1,0.07162976157774577,-0.0007438816083562064
2020-08-31,40,2,candidate_risk_off,0,0.5568539309452483,0.44,1,0.07094412257204738,0.007458083047203916
2020-09-17,40,2,candidate_risk_off,0,0.5908925509887268,0.44,1,0.07043248616928319,0.007699245270928868
2020-09-18,40,2,candidate_risk_off,0,0.5908925509887268,0.44,1,0.07001423402591544,0.003357474080811035
2020-12-22,40,2,candidate_risk_off,0,0.6389875177528929,0.44,1,0.07000087006184025,-0.0564924630321932
2020-12-09,40,2,candidate_risk_off,0,0.6535745684299128,0.44,1,0.06794721994408445,-0.01472589344755072
2020-09-22,40,2,candidate_risk_off,0,0.5974167340166104,0.44,1,0.06691241031039889,-0.002441760826925267
2020-09-23,40,2,candidate_risk_off,0,0.5974167340166104,0.44,1,0.06474055552177109,-0.009380849203012276
2020-04-16,40,2,candidate_risk_off,0,0.4409657825231236,0.44,1,0.06420623204300413,-0.023627789680979516
2020-12-30,40,2,candidate_risk_off,0,0.6439944568557955,0.44,1,0.06266667903865125,-0.06941338062164591
2020-09-14,40,2,candidate_risk_off,0,0.6006841114295195,0.44,1,0.06221137463863932,-0.0005926389939811708
2020-09-15,40,2,candidate_risk_off,0,0.6006841114295195,0.44,1,0.060229437804559256,-0.0024800325508057674
2020-09-16,40,2,candidate_risk_off,0,0.5840435463971494,0.44,1,0.05921640691067336,-0.003829176718028059
2020-06-30,40,2,candidate_risk_off,0,0.5246169703132028,0.44,1,0.057700955222036165,-0.04961645593379521
2020-12-31,40,2,candidate_risk_off,0,0.6549862186227385,0.44,1,0.057061276106367485,-0.07516425614757766
2019-06-27,40,2,candidate_risk_off,0,0.5727171894749931,0.44,1,0.055828593488004015,0.007215899882236328
2019-09-11,40,2,candidate_risk_off,0,0.49553355378264874,0.44,1,0.05577560467063202,0.00694982698396375
2020-09-09,40,2,candidate_risk_off,0,0.6028052085004633,0.44,1,0.05516739776436266,-0.0005623854287944385
2019-09-10,40,2,candidate_risk_off,0,0.5085358415308112,0.44,1,0.0542397049213685,-0.0009795986491536375
2020-09-11,40,2,candidate_risk_off,0,0.6028052085004633,0.44,1,0.05399558050428096,0.005687027739168962
2020-09-10,40,2,candidate_risk_off,0,0.6028052085004633,0.44,1,0.05358864863952325,0.00016874884025224797
2019-06-03,40,2,candidate_risk_off,0,0.6133395409978516,0.44,1,0.052953879837708974,-0.003556349602910216
2019-06-06,40,2,candidate_risk_off,0,0.5804277576148685,0.44,1,0.05056587028332917,-0.005393071887585847
2020-07-23,40,2,candidate_risk_off,0,0.581631321227594,0.44,1,0.05030360141810508,-0.08724590590859797
2020-09-07,40,2,candidate_risk_off,0,0.5444926421063858,0.44,1,0.049880532202961805,0.000641505421337044
2020-09-08,40,2,candidate_risk_off,0,0.6006841114295195,0.44,1,0.04960618212218871,-0.0014840134036206187
2019-09-09,40,2,candidate_risk_off,0,0.4916135835749825,0.44,1,0.04840292657673109,-0.00495002117030078
2019-09-12,40,2,candidate_risk_off,0,0.5210803831565665,0.44,1,0.04796679689259034,0.007166367263228878
2020-12-14,40,2,candidate_risk_off,0,0.6479844656577637,0.44,1,0.04667164886387573,-0.03846204265774931
2020-06-29,40,2,candidate_risk_off,0,0.559496824626134,0.44,1,0.04632049907819371,-0.054754064168736356
2020-09-21,40,2,candidate_risk_off,0,0.6120860835067878,0.44,1,0.04611492084894177,-0.004371060869172105
2021-01-19,40,2,candidate_risk_off,0,0.5242333090675426,0.44,1,0.045331704374699765,-0.09944426598334809
2020-07-08,40,2,candidate_risk_off,0,0.46425820589408157,0.44,1,0.0446448688774612,-0.09625105027722493
2020-07-22,40,2,candidate_risk_off,0,0.581631321227594,0.44,1,0.04455548509081458,-0.08529477696495968
2019-06-28,40,2,candidate_risk_off,0,0.5378221202625717,0.44,1,0.043777808753280724,0.010940627259386904
2020-12-07,40,2,candidate_risk_off,0,0.6535745684299128,0.44,1,0.0432741787621119,-0.00588145342665933
2021-01-26,40,2,candidate_risk_off,0,0.504360101077694,0.44,1,0.04327084730861554,-0.10396101737228385
2019-09-06,40,2,candidate_risk_off,0,0.49553355378264874,0.44,1,0.0417315675926166,-0.004908957624457802
2019-06-05,40,2,candidate_risk_off,0,0.5804277576148685,0.44,1,0.04143521183085368,-0.008762169946023994
2020-07-21,40,2,candidate_risk_off,0,0.5897735312585123,0.44,1,0.04068411640846538,-0.09299532236533689
2020-07-20,40,2,candidate_risk_off,0,0.5905413715895281,0.44,1,0.03967157683269017,-0.09265871777388993
2020-07-02,40,2,candidate_risk_off,0,0.4874168196448052,0.44,1,0.037661184004079605,-0.07033096400139868
2020-07-03,40,2,candidate_risk_off,0,0.4931405447150245,0.44,1,0.036341519955284486,-0.07652036949636067
2019-06-26,40,2,candidate_risk_off,0,0.47086232127174166,0.44,1,0.036092803794423416,-0.016843698746014463
2019-06-04,40,2,candidate_risk_off,0,0.5820842924766575,0.44,1,0.03599434602488111,-0.008499367524626801
2020-12-03,40,2,candidate_risk_off,0,0.6636760295266432,0.44,1,0.035459140383889025,0.0016558160634956485
2019-09-13,40,2,candidate_risk_off,0,0.5939865658229068,0.44,1,0.03510319565283956,-0.00419223984924644
2020-12-11,40,2,candidate_risk_off,0,0.6535745684299128,0.44,1,0.034966035200738016,-0.021277192843111397
2020-07-01,40,2,candidate_risk_off,0,0.47928997377367605,0.44,1,0.03492573784240012,-0.07164779170507486
2019-02-14,40,2,candidate_risk_off,0,0.5784961759253714,0.44,1,0.03468352948951646,-0.0015237257510060576
2019-05-31,40,2,candidate_risk_off,0,0.537355022397292,0.44,1,0.034274792565341744,-0.017625351825661176
2019-06-07,40,2,candidate_risk_off,0,0.540184644376344,0.44,1,0.03367542657187438,-0.01595708601771863
2019-02-15,40,2,candidate_risk_off,0,0.585673088962311,0.44,1,0.03310899743541106,0.010888146934597942
2020-09-01,40,2,candidate_risk_off,0,0.5367067063441967,0.44,1,0.032350927421217326,-0.0039101612758723975
2020-07-07,40,2,candidate_risk_off,0,0.4912659752167602,0.44,1,0.032262149089496504,-0.0950009922413921
2019-06-17,40,2,candidate_risk_off,0,0.5876842377907783,0.44,1,0.029509075699069263,-0.004063368658674628
2020-07-09,40,2,candidate_risk_off,0,0.4615670945638619,0.44,1,0.028213344885200893,-0.10999081242133117
2019-08-06,40,2,candidate_risk_off,0,0.6737083572686554,0.44,1,0.027182366910131824,0.0013674932461426568
2019-05-09,40,2,candidate_risk_off,0,0.6573821919771384,0.44,1,0.02711553851776482,-0.004126727969346526
2019-08-07,40,2,candidate_risk_off,0,0.5724384801998705,0.44,1,0.027085265639810268,0.0009313107318555851
2019-08-05,40,2,candidate_risk_off,0,0.6717141176207658,0.44,1,0.02680696222057237,-0.008814358115950334
2019-09-16,40,2,candidate_risk_off,0,0.5386159598644035,0.44,1,0.026803025800034918,-0.006862846571352442
2020-09-04,40,2,candidate_risk_off,0,0.5443557883281246,0.44,1,0.0261973044246663,-0.014851177251515989
2019-06-13,40,2,candidate_risk_off,0,0.6115394269453296,0.44,1,0.02613740297771868,-0.007363266752325355
2019-05-30,40,2,candidate_risk_off,0,0.5354924261484661,0.44,1,0.026077057098932595,-0.027432502717672363
2020-07-17,40,2,candidate_risk_off,0,0.5855602030600766,0.44,1,0.025530796470100516,-0.10491210457965491
2019-06-25,40,2,candidate_risk_off,0,0.46571101456521224,0.44,1,0.025237867697298133,-0.0178857671374698
2020-07-13,40,2,candidate_risk_off,0,0.5428025651062476,0.44,1,0.024357889817449106,-0.10112060906252483
2020-07-14,40,2,candidate_risk_off,0,0.5621083790774687,0.44,1,0.024138691009647335,-0.10041817989550032
2019-06-18,40,2,candidate_risk_off,0,0.5395843411299213,0.44,1,0.023885919240899906,-0.0009538344866621582
2019-05-10,40,2,candidate_risk_off,0,0.6573821919771384,0.44,1,0.023643529097148938,-0.009959674238374187
2021-01-20,40,2,candidate_risk_off,0,0.5062242144985789,0.44,1,0.02362846101740711,-0.10269274170465785
2020-07-06,40,2,candidate_risk_off,0,0.47069412618302686,0.44,1,0.02351483426080433,-0.09238006274700784
2019-09-04,40,2,candidate_risk_off,0,0.4981437740613902,0.44,1,0.023513607822778997,-0.008546797175437177
2019-09-05,40,2,candidate_risk_off,0,0.4916135835749825,0.44,1,0.022302897000120902,-0.007687207065099888
2019-06-14,40,2,candidate_risk_off,0,0.5411011283616255,0.44,1,0.021505535871768542,-0.011071858010213096
2020-07-15,40,2,candidate_risk_off,0,0.5713830672439387,0.44,1,0.021504982300848196,-0.10248950317550512
2019-08-13,40,2,candidate_risk_off,0,0.5693160715918283,0.44,1,0.02148793961506599,0.0021490497696231656
2019-06-21,40,2,candidate_risk_off,0,0.5282087626679773,0.44,1,0.021452967951313125,-0.016916678890234862
2019-09-17,40,2,candidate_risk_off,0,0.5080955705572524,0.44,1,0.02142935600463846,-0.013789281189221448
2019-06-20,40,2,candidate_risk_off,0,0.5021220634024175,0.44,1,0.020840965606997296,-0.016895827963931614
2019-09-24,40,2,candidate_risk_off,0,0.49623800860105893,0.44,1,0.020256342546365116,-0.005113595623539197
2019-06-19,40,2,candidate_risk_off,0,0.5395843411299213,0.44,1,0.020036112767724445,-0.00695269072946088
2020-05-20,40,2,candidate_risk_off,0,0.4484711705859135,0.44,1,0.019735726061344175,-0.033137321180365706
2019-09-20,40,2,candidate_risk_off,0,0.6013468988660732,0.44,1,0.019666798971884555,-0.007367840976646597
2020-07-10,40,2,candidate_risk_off,0,0.5414874088231542,0.44,1,0.019370184927692907,-0.10398279512732322
2019-08-14,40,2,candidate_risk_off,0,0.5243000153690386,0.44,1,0.018883242083649845,0.0004127498484988585
2019-06-24,40,2,candidate_risk_off,0,0.4527948793493725,0.44,1,0.018705403711631072,-0.0207147116028272
2019-08-29,40,2,candidate_risk_off,0,0.5188195636570877,0.44,1,0.018206622923170684,-0.0095282819543117
2019-05-28,40,2,candidate_risk_off,0,0.5421718294040763,0.44,1,0.0178035353082946,-0.030172879637369383
2019-07-01,40,2,candidate_risk_off,0,0.5327328175514914,0.44,1,0.01772701143074302,-0.005420574020181379
2019-09-18,40,2,candidate_risk_off,0,0.5363642661067004,0.44,1,0.017550950532895522,-0.012192807149282826
2019-07-03,40,2,candidate_risk_off,0,0.5133257949479489,0.44,1,0.01741328545212804,0.004384422607940749
2019-09-23,40,2,candidate_risk_off,0,0.5425176996283813,0.44,1,0.01725828037057184,-0.002702100341789909
2019-05-29,40,2,candidate_risk_off,0,0.53364966040717,0.44,1,0.01721515001164609,-0.0296995165899513
2019-09-03,40,2,candidate_risk_off,0,0.4981437740613902,0.44,1,0.016717429874736133,-0.010314818934005938
2019-08-28,40,2,candidate_risk_off,0,0.5462943352435118,0.44,1,0.01658197376239323,-0.008168259248067179
2020-09-03,40,2,candidate_risk_off,0,0.5335366340362444,0.44,1,0.016576995708696227,-0.017542939099669877
2019-02-18,40,2,candidate_risk_off,0,0.5424183112431735,0.44,1,0.016374103881494746,0.0031677641840349323
2019-07-02,40,2,candidate_risk_off,0,0.5451622418667866,0.44,1,0.015278024805052621,-0.001654208464108109
2019-09-19,40,2,candidate_risk_off,0,0.499255305130116,0.44,1,0.015129182769958702,-0.014150393418800658
2019-11-26,40,2,candidate_risk_off,0,0.45513983542652503,0.44,1,0.01490691899742408,-0.028883961661598196
2019-07-22,40,2,candidate_risk_off,0,0.5430419023578369,0.44,1,0.014857912882720425,-0.01790816614981403
2019-02-28,40,2,candidate_risk_off,0,0.6236067804165804,0.44,1,0.014570127835030354,-0.0032887770400417374
2019-08-16,40,2,candidate_risk_off,0,0.5944618290811637,0.44,1,0.01375194582205683,-0.010968093495863791
2020-07-16,40,2,candidate_risk_off,0,0.5654283927376541,0.44,1,0.013750358225838356,-0.110412876090767
2020-12-04,40,2,candidate_risk_off,0,0.6636760295266432,0.44,1,0.013631713274906702,0.0023955854482213793
2019-07-08,40,2,candidate_risk_off,0,0.5919009739910291,0.44,1,0.01337320967128285,-0.0018022128588430387
2019-09-25,40,2,candidate_risk_off,0,0.5001585755809187,0.44,1,0.013341177623247167,-0.004273272201457231
2019-08-12,40,2,candidate_risk_off,0,0.5243000153690386,0.44,1,0.013149975844086875,-0.008732690630181707
2020-06-15,40,2,candidate_risk_off,0,0.48451601293338764,0.44,1,0.012806992617848494,-0.05849693032312912
2019-08-15,40,2,candidate_risk_off,0,0.5745346413892659,0.44,1,0.01264208555961067,-0.010335240225244824
2019-05-24,40,2,candidate_risk_off,0,0.5365890952817076,0.44,1,0.012610481754938174,-0.028144074031154754
2019-08-08,40,2,candidate_risk_off,0,0.6208225252636295,0.44,1,0.012584037309741298,-0.008660916002481898
2019-08-30,40,2,candidate_risk_off,0,0.4920307734956838,0.44,1,0.012542198402506236,-0.015102392634318701
2019-06-12,40,2,candidate_risk_off,0,0.5987474994466272,0.44,1,0.01224951518071149,-0.011658927814995286
2019-08-19,40,2,candidate_risk_off,0,0.547356394251731,0.44,1,0.012177975107272542,-0.012018561968774068
2019-07-18,40,2,candidate_risk_off,0,0.580622116525452,0.44,1,0.011379097656090317,-0.011789940036469056
2019-08-27,40,2,candidate_risk_off,0,0.6260594314765826,0.44,1,0.011198439314644874,-0.007687207065099888
2019-06-10,40,2,candidate_risk_off,0,0.5202693442628459,0.44,1,0.010588668442345798,-0.020766639423168518
2019-11-25,40,2,candidate_risk_off,0,0.45513983542652503,0.44,1,0.010210409075820758,-0.02843340511425051
2019-08-20,40,2,candidate_risk_off,0,0.5394513014933341,0.44,1,0.009893316610602875,-0.015722081489083668
2019-05-08,40,2,candidate_risk_off,0,0.6573821919771384,0.44,1,0.009594080736835878,-0.00856244640478734
2020-12-02,40,2,candidate_risk_off,0,0.6636760295266432,0.44,1,0.009439493913079681,0.005388092401362768
2019-08-09,40,2,candidate_risk_off,0,0.5743542205301302,0.44,1,0.008940353710895445,-0.0077376401544193545
2019-07-05,40,2,candidate_risk_off,0,0.5294741923248394,0.44,1,0.008900742644479718,-0.011062253585959102
2019-07-09,40,2,candidate_risk_off,0,0.5294741923248394,0.44,1,0.008815065197434501,-0.004592335574122841
2019-07-24,40,2,candidate_risk_off,0,0.5339631662076814,0.44,1,0.008753474410080397,-0.02437371685203324
2021-01-25,40,2,candidate_risk_off,0,0.4991762294401981,0.44,1,0.008224734949004909,-0.129964037504929
2019-05-13,40,2,candidate_risk_off,0,0.5953131368106201,0.44,1,0.008114793943810303,-0.016228368664596867
2019-02-19,40,2,candidate_risk_off,0,0.6035132302589643,0.44,1,0.008004380571217865,0.0011607301465913179
2019-05-06,40,2,candidate_risk_off,0,0.6022633080391105,0.44,1,0.007943563744429508,-0.015633537417375002
2019-07-19,40,2,candidate_risk_off,0,0.5976919520972224,0.44,1,0.007626038378136562,-0.018213606036528794
2019-05-27,40,2,candidate_risk_off,0,0.523743074502326,0.44,1,0.007050990289031196,-0.03339812561034676
2019-07-23,40,2,candidate_risk_off,0,0.567007056515609,0.44,1,0.005734139796495861,-0.025435465196099967
2019-07-04,40,2,candidate_risk_off,0,0.5705598418922565,0.44,1,0.005687568812884735,-0.00870131673754725
2019-03-26,40,2,candidate_risk_off,0,0.5621008778986364,0.44,1,0.005501497219740797,-0.023769900421259534
2019-08-02,40,2,candidate_risk_off,0,0.6341175101784858,0.44,1,0.0054939111651744355,-0.027091562840029063
2019-05-07,40,2,candidate_risk_off,0,0.5953182640732726,0.44,1,0.004605278151876875,-0.015205457453854548
2019-08-26,40,2,candidate_risk_off,0,0.6163448211239727,0.44,1,0.004375486024557434,-0.013902559246863446
2019-05-14,40,2,candidate_risk_off,0,0.5982195162543161,0.44,1,0.0038358392557581154,-0.023297446067928895
2020-06-26,40,2,candidate_risk_off,0,0.46264671209052366,0.44,1,0.003281073509967807,-0.08166279752926893
2019-07-10,40,2,candidate_risk_off,0,0.5519982340320984,0.44,1,0.003219789086266371,-0.009328021574953538
2019-05-16,40,2,candidate_risk_off,0,0.5341102740648392,0.44,1,0.0030087214149562397,-0.033961988186350184
2020-05-25,40,2,candidate_risk_off,0,0.4473691153137317,0.44,1,0.002743485945750834,-0.04029877589434387
2019-06-11,40,2,candidate_risk_off,0,0.507276708929059,0.44,1,0.0026366614814114626,-0.01990428826815241
2019-03-21,40,2,candidate_risk_off,0,0.6621503712988984,0.44,1,0.002035044150505812,-0.036057597876442894
2019-07-30,40,2,candidate_risk_off,0,0.638749043762687,0.44,1,0.0012973062448263981,-0.021952763799943823
2019-11-22,40,2,candidate_risk_off,0,0.46084799790489844,0.44,1,0.0008689385696076092,-0.029896972282513038
2019-08-01,40,2,candidate_risk_off,0,0.5954121390091818,0.44,1,0.0004510758234691268,-0.03341799242135085
2019-03-25,40,2,candidate_risk_off,0,0.6346467727490107,0.44,1,-4.123498789313515e-05,-0.024058581049701388
2020-06-18,40,2,candidate_risk_off,0,0.5101071344413122,0.44,1,-0.00025726180038049946,-0.08551695371332291
2019-07-31,40,2,candidate_risk_off,0,0.5917785772417119,0.44,1,-0.0009180745294029976,-0.027656432027313653
2021-01-21,40,2,candidate_risk_off,0,0.5063268906383946,0.44,1,-0.0009538910451693913,-0.12838481425739015
2019-05-17,40,2,candidate_risk_off,0,0.5311450911882832,0.44,1,-0.001106625520232653,-0.0347713439731151
2019-03-01,40,2,candidate_risk_off,0,0.6006374838980771,0.44,1,-0.0011541625177476284,-0.01784869699152348
2019-05-22,40,2,candidate_risk_off,0,0.5259643447822291,0.44,1,-0.001230706794544217,-0.04221936999629524
2019-07-12,40,2,candidate_risk_off,0,0.5590443225567008,0.44,1,-0.0013131439368976548,-0.01112376870331856
2019-05-15,40,2,candidate_risk_off,0,0.6204418003421219,0.44,1,-0.002041769763688183,-0.033910741088205805
2019-07-15,40,2,candidate_risk_off,0,0.5590443225567008,0.44,1,-0.002336846527942825,-0.008177048773216549
2020-05-27,40,2,candidate_risk_off,0,0.5165987851232602,0.44,1,-0.0028028233418549106,-0.038481144373019395
2019-09-26,40,2,candidate_risk_off,0,0.4893350161747103,0.44,1,-0.0028908765533813712,-0.007761559654597735
2021-01-22,40,2,candidate_risk_off,0,0.4930611637510169,0.44,1,-0.003924452973468086,-0.1305898868157041
2019-03-27,40,2,candidate_risk_off,0,0.5619959298329877,0.44,1,-0.0040145645860085975,-0.030060716254031474
2019-05-21,40,2,candidate_risk_off,0,0.5330735370626388,0.44,1,-0.004247110631189614,-0.0447675041825084
2019-08-21,40,2,candidate_risk_off,0,0.6039275819389133,0.44,1,-0.004596318947619522,-0.025534949194753777
2019-07-25,40,2,candidate_risk_off,0,0.6157255012087847,0.44,1,-0.0046239712470815784,-0.030968610067041064
2019-07-11,40,2,candidate_risk_off,0,0.5995010145050718,0.44,1,-0.004660198631164452,-0.01442975985174241
2020-05-28,40,2,candidate_risk_off,0,0.4973812976102147,0.44,1,-0.005401202789316277,-0.043030652764118944
2019-03-22,40,2,candidate_risk_off,0,0.6594143477397277,0.44,1,-0.006087001781237768,-0.04309141035101589
2019-07-17,40,2,candidate_risk_off,0,0.539147769204872,0.44,1,-0.006637282872103013,-0.018447713452186966
2019-05-23,40,2,candidate_risk_off,0,0.5353088508588261,0.44,1,-0.006800246753091578,-0.04113113653912463
2019-04-22,40,2,candidate_risk_off,0,0.5960324557995803,0.44,1,-0.006940143386274688,-0.022882136863544008
2020-06-25,40,2,candidate_risk_off,0,0.49209510895338665,0.44,1,-0.007493575117460097,-0.0847215669145797
2019-07-26,40,2,candidate_risk_off,0,0.5836696208992452,0.44,1,-0.007680296456335982,-0.029359194641438796
2019-08-22,40,2,candidate_risk_off,0,0.5230381832696429,0.44,1,-0.008114982663812593,-0.02842704014231994
2019-02-20,40,2,candidate_risk_off,0,0.6151040978205228,0.44,1,-0.008567578585619464,-0.008567578585619464
2020-05-26,40,2,candidate_risk_off,0,0.4901323644371936,0.44,1,-0.00859713410358869,-0.051976000535130344
2020-06-17,40,2,candidate_risk_off,0,0.47480565070092934,0.44,1,-0.008840044401738524,-0.08454602874335376
2019-08-23,40,2,candidate_risk_off,0,0.532582700002524,0.44,1,-0.008997990881251191,-0.023592155289832883
2019-11-21,40,2,candidate_risk_off,0,0.462226775479839,0.44,1,-0.009080571839750312,-0.04018363194490759
2019-04-23,40,2,candidate_risk_off,0,0.558457723071554,0.44,1,-0.009132483563272474,-0.025095327966845125
2019-07-29,40,2,candidate_risk_off,0,0.5763743037874575,0.44,1,-0.009878886224203194,-0.03396927969105533
2020-06-24,40,2,candidate_risk_off,0,0.44535195921170323,0.44,1,-0.009936256438714354,-0.09069486823126627
2019-02-26,40,2,candidate_risk_off,0,0.6459952305102612,0.44,1,-0.01032606248549734,-0.025404575497028913
2019-03-28,40,2,candidate_risk_off,0,0.5661409134404497,0.44,1,-0.011706332647206025,-0.03727912126781081
2019-03-29,40,2,candidate_risk_off,0,0.5745230288410142,0.44,1,-0.011712353775296645,-0.03501812852362246
2019-07-16,40,2,candidate_risk_off,0,0.5545503737661984,0.44,1,-0.01311884020563463,-0.017979443801754702
2019-10-02,40,2,candidate_risk_off,0,0.5148721141605896,0.44,1,-0.013222762422732518,-0.015085112796259369
2019-12-18,40,2,candidate_risk_off,0,0.6049737160238476,0.44,1,-0.013762219261779311,-0.02687371371736206
2019-04-25,40,2,candidate_risk_off,0,0.5386016554854891,0.44,1,-0.014476073001510199,-0.03140800565231776
2019-04-24,40,2,candidate_risk_off,0,0.5695182067809181,0.44,1,-0.014507128947989723,-0.03426800606415476
2019-05-20,40,2,candidate_risk_off,0,0.5529316394430649,0.44,1,-0.014900819673705054,-0.04561881819648567
2020-06-16,40,2,candidate_risk_off,0,0.4933272336496682,0.44,1,-0.015360381100820936,-0.086521978923547
2019-03-20,40,2,candidate_risk_off,0,0.6641324427710341,0.44,1,-0.01610220902524237,-0.05674298523840424
2019-02-27,40,2,candidate_risk_off,0,0.6459952305102612,0.44,1,-0.016432868255991016,-0.028651380855685613
2019-10-04,40,2,candidate_risk_off,0,0.5138818258758393,0.44,1,-0.017198663251078314,-0.01756957931496595
2019-04-19,40,2,candidate_risk_off,0,0.5941094761208651,0.44,1,-0.01724558633826972,-0.023244442581068364
2019-04-18,40,2,candidate_risk_off,0,0.5878734359936278,0.44,1,-0.01918949305262319,-0.01918949305262319
2019-03-19,40,2,candidate_risk_off,0,0.6583332948439878,0.44,1,-0.01952191684061355,-0.06101400706775277
2019-03-04,40,2,candidate_risk_off,0,0.5955372480555091,0.44,1,-0.02017211576413236,-0.032400893881440115
2019-04-10,40,2,candidate_risk_off,0,0.5724402781901429,0.44,1,-0.02041244136865285,-0.036760380033895076
2020-06-19,40,2,candidate_risk_off,0,0.4827500541666503,0.44,1,-0.02073010894607502,-0.10093641307747638
2019-04-26,40,2,candidate_risk_off,0,0.5373408499885356,0.44,1,-0.0211585336683429,-0.03704839792769522
2019-02-21,40,2,candidate_risk_off,0,0.6201574380355512,0.44,1,-0.021866178448126928,-0.025921127976572044
2019-02-22,40,2,candidate_risk_off,0,0.6348767039093798,0.44,1,-0.02358443029747058,-0.027277074108391357
2019-04-16,40,2,candidate_risk_off,0,0.5787443222305544,0.44,1,-0.02440585611998243,-0.031921364527285265
2020-06-22,40,2,candidate_risk_off,0,0.4457459927156347,0.44,1,-0.024550590263936214,-0.10406313992131067
2020-06-12,40,2,candidate_risk_off,0,0.518646872031894,0.44,1,-0.02587858053443733,-0.09511680402421235
2019-04-09,40,2,candidate_risk_off,0,0.6027780505460946,0.44,1,-0.026218845483978622,-0.04342913530423697
2019-04-01,40,2,candidate_risk_off,0,0.5942392499363712,0.44,1,-0.029410714515075796,-0.04290933837139042
2020-06-11,40,2,candidate_risk_off,0,0.5332459886240165,0.44,1,-0.03201613493248737,-0.09956538983759461
2020-05-29,40,2,candidate_risk_off,0,0.5271148220523149,0.44,1,-0.04170346224993629,-0.04659989160133122
2016-04-19,60,0,multiclass_probability_sum,0,0.6027419529208426,0.44,1,0.15971091525761072,-0.00044002077607992277
2016-04-20,60,0,multiclass_probability_sum,0,0.5794869359787584,0.44,1,0.15695093330301965,0.013464566570469298
2016-04-21,60,0,multiclass_probability_sum,0,0.5572017646327347,0.44,1,0.156849195052153,0.027158122840823452
2015-05-04,60,0,multiclass_probability_sum,0,0.6707066429464903,0.44,1,0.15341657320201274,-0.030038663448836492
2016-04-15,60,0,multiclass_probability_sum,0,0.5559165383499085,0.44,1,0.15210375775626547,-0.0206124608656494
2015-05-18,60,0,multiclass_probability_sum,0,0.60137416008506,0.44,1,0.14996383856064704,0.014768933354776073
2015-04-08,60,0,multiclass_probability_sum,0,0.583337353053713,0.44,1,0.1403840915396127,-0.034870298031249296
2015-08-24,60,0,multiclass_probability_sum,0,0.5806832793418419,0.44,1,0.13824338684950777,0.005771557590542049
2016-04-05,60,0,multiclass_probability_sum,0,0.5842273433971356,0.44,1,0.1334287674272693,0.013243582951140233
2015-05-05,60,0,multiclass_probability_sum,0,0.5886426384800265,0.44,1,0.1333255449668964,-0.04383098032418072
2015-05-19,60,0,multiclass_probability_sum,0,0.5884704119582354,0.44,1,0.13278365589083618,0.024437237093852704
2016-04-11,60,0,multiclass_probability_sum,0,0.5396289486458635,0.44,1,0.132166676368662,-0.01959445589476072
2016-04-06,60,0,multiclass_probability_sum,0,0.5367468892878318,0.44,1,0.13207733400330995,0.00042260217916889
2015-04-07,60,0,multiclass_probability_sum,0,0.563324298338144,0.44,1,0.1316275910674692,-0.035582087298682945
2016-04-07,60,0,multiclass_probability_sum,0,0.5372665876043116,0.44,1,0.1298858473644281,-0.006265211827916056
2015-08-25,60,0,multiclass_probability_sum,0,0.5657380661853253,0.44,1,0.1296416152693751,0.02957822026150403
2016-04-04,60,0,multiclass_probability_sum,0,0.5615961813359714,0.44,1,0.12885620112531124,0.008063548269531803
2015-05-06,60,0,multiclass_probability_sum,0,0.613387726229103,0.44,1,0.1286267941509496,-0.03775083091579098
2016-04-14,60,0,multiclass_probability_sum,0,0.5540609138275734,0.44,1,0.1284233715442513,-0.019974172147726614
2016-04-12,60,0,multiclass_probability_sum,0,0.5078182875208206,0.44,1,0.12748562893523827,-0.020577969186763495
2015-04-06,60,0,multiclass_probability_sum,0,0.5429375182486045,0.44,1,0.1268907021677428,-0.026160160356106122
2015-04-14,60,0,multiclass_probability_sum,0,0.6245021084055524,0.44,1,0.12658462824015027,-0.05466504951044708
2016-04-08,60,0,multiclass_probability_sum,0,0.5345082146663036,0.44,1,0.12640802799373912,-0.0075589861573754765
2015-05-07,60,0,multiclass_probability_sum,0,0.6327494305443448,0.44,1,0.12493866543512515,-0.044427925070252096
2015-04-09,60,0,multiclass_probability_sum,0,0.6105603840869164,0.44,1,0.12395606864722405,-0.03996937667854809
2015-04-15,60,0,multiclass_probability_sum,0,0.6236045442570922,0.44,1,0.12347882005237695,-0.06504647415693307
2016-02-18,60,0,multiclass_probability_sum,0,0.5034831466467666,0.44,1,0.12291623603446401,0.002783503225088398
2016-02-02,60,0,multiclass_probability_sum,0,0.44184744590283526,0.44,1,0.12276434284998312,0.004872071523716711
2016-04-13,60,0,multiclass_probability_sum,0,0.5433525930241228,0.44,1,0.12083478529410008,-0.017434235922067644
2016-04-01,60,0,multiclass_probability_sum,0,0.5099572089475128,0.44,1,0.12078100250437115,-0.004684774105441723
2016-02-05,60,0,multiclass_probability_sum,0,0.47278767974214875,0.44,1,0.11976566941784454,-0.0017638309090854916
2016-04-22,60,0,multiclass_probability_sum,0,0.5099406674536917,0.44,1,0.1196117103771786,-0.0015201935262133723
2016-02-15,60,0,multiclass_probability_sum,0,0.47699424297392834,0.44,1,0.1183651988071918,0.005977063007155127
2016-02-17,60,0,multiclass_probability_sum,0,0.4882148206388617,0.44,1,0.11834955096287905,0.009895127757799053
2016-02-19,60,0,multiclass_probability_sum,0,0.4803455902793193,0.44,1,0.11644446692210876,0.003225663922269252
2015-05-15,60,0,multiclass_probability_sum,0,0.6407944675109067,0.44,1,0.1163596421126303,-0.01592321643119909
2015-04-10,60,0,multiclass_probability_sum,0,0.6329085519002393,0.44,1,0.11588201461528785,-0.04632492747290259
2015-04-27,60,0,multiclass_probability_sum,0,0.6239866211826806,0.44,1,0.11550448155179624,-0.061319431063671485
2015-04-23,60,0,multiclass_probability_sum,0,0.6227561907875461,0.44,1,0.11531525674184799,-0.059272529623680445
2015-04-13,60,0,multiclass_probability_sum,0,0.6087979401015785,0.44,1,0.11427799432221472,-0.056221108167668205
2015-05-08,60,0,multiclass_probability_sum,0,0.6241684494873027,0.44,1,0.11334285473080362,-0.047190931460126366
2015-05-13,60,0,multiclass_probability_sum,0,0.6094007652587091,0.44,1,0.11188280482613974,-0.025883863832921683
2015-04-24,60,0,multiclass_probability_sum,0,0.6336725611894483,0.44,1,0.11071758161410508,-0.06729372575959973
2016-04-25,60,0,multiclass_probability_sum,0,0.5472591685551385,0.44,1,0.10983677320157065,0.00015212338926419485
2016-02-04,60,0,multiclass_probability_sum,0,0.4609590522378997,0.44,1,0.10976838332587056,0.003020426997452773
2016-02-16,60,0,multiclass_probability_sum,0,0.4990487500583476,0.44,1,0.10843579308904466,-0.0018263177389334687
2015-04-20,60,0,multiclass_probability_sum,0,0.6291290947577356,0.44,1,0.10664632322739827,-0.06600261566788307
2015-04-16,60,0,multiclass_probability_sum,0,0.6338506041650991,0.44,1,0.10451726587478526,-0.07172034557109266
2016-03-31,60,0,multiclass_probability_sum,0,0.49189624524275,0.44,1,0.10314859895150072,-0.00966848468408059
2015-04-03,60,0,multiclass_probability_sum,0,0.5358442229297019,0.44,1,0.10038328713549932,-0.03510761741861868
2015-05-14,60,0,multiclass_probability_sum,0,0.6323753810546761,0.44,1,0.10028225657403576,-0.0274853220540857
2015-05-11,60,0,multiclass_probability_sum,0,0.6253198477065969,0.44,1,0.09963968561639527,-0.0420561319880878
2016-02-22,60,0,multiclass_probability_sum,0,0.4861811066011189,0.44,1,0.09922448445563412,-0.008759336991928053
2015-04-21,60,0,multiclass_probability_sum,0,0.6589817445424091,0.44,1,0.09866126171002712,-0.06103489556594871
2015-05-12,60,0,multiclass_probability_sum,0,0.6050484718181444,0.44,1,0.09849288088233774,-0.028808730022258564
2015-04-17,60,0,multiclass_probability_sum,0,0.616124077451722,0.44,1,0.09810239791617224,-0.071790730930967
2015-08-26,60,0,multiclass_probability_sum,0,0.4531797321537493,0.44,1,0.0976738283071251,0.015288566179158872
2016-04-26,60,0,multiclass_probability_sum,0,0.540534677489343,0.44,1,0.09719499997658197,-0.011444060535795957
2016-03-24,60,0,multiclass_probability_sum,0,0.5041974108521523,0.44,1,0.09574658074584956,-0.026349084894393766
2015-04-01,60,0,multiclass_probability_sum,0,0.5058791300505555,0.44,1,0.09573013138957358,-0.018654671652927415
2016-12-06,60,0,multiclass_probability_sum,0,0.49570762543626934,0.44,1,0.09525575761792104,0.003126391414131006
2015-05-20,60,0,multiclass_probability_sum,0,0.5534975003475561,0.44,1,0.09387139012378015,0.004461944899304966
2016-04-28,60,0,multiclass_probability_sum,0,0.5337138600736182,0.44,1,0.09294581248608741,0.011260244685338932
2016-03-15,60,0,multiclass_probability_sum,0,0.5103763585954569,0.44,1,0.09276673857348083,-0.03225457947477571
2015-04-22,60,0,multiclass_probability_sum,0,0.631956114747878,0.44,1,0.09182782159172027,-0.06151500226554653
2016-02-23,60,0,multiclass_probability_sum,0,0.4618054543217823,0.44,1,0.09109338724057583,-0.009775388915808161
2016-12-07,60,0,multiclass_probability_sum,0,0.4895136923158282,0.44,1,0.09101235966486187,0.001727578227998738
2016-05-04,60,0,multiclass_probability_sum,0,0.5351153063450667,0.44,1,0.09095000509029773,0.004064707657034946
2015-08-21,60,0,multiclass_probability_sum,0,0.6039964239195386,0.44,1,0.09085531877548828,-0.05424000468669373
2016-03-25,60,0,multiclass_probability_sum,0,0.4470513284404457,0.44,1,0.09072626704912772,-0.0288343409121852
2016-04-27,60,0,multiclass_probability_sum,0,0.5221630656006894,0.44,1,0.08996036585915487,-0.0038629299995073365
2016-05-26,60,0,multiclass_probability_sum,0,0.6364611269993856,0.44,1,0.08908724539472736,0.006218833189060262
2016-05-05,60,0,multiclass_probability_sum,0,0.5745766060643456,0.44,1,0.08845392520588927,0.003882662340939244
2016-03-29,60,0,multiclass_probability_sum,0,0.4432722297970423,0.44,1,0.08834638795518661,-0.02216975417592092
2016-03-21,60,0,multiclass_probability_sum,0,0.501211110887669,0.44,1,0.08831672626855072,-0.029166407153712506
2016-03-14,60,0,multiclass_probability_sum,0,0.4910791844915848,0.44,1,0.08817855605066421,-0.039094765169631916
2016-12-28,60,0,multiclass_probability_sum,0,0.515486126412011,0.44,1,0.08706914974928728,0.00183704558446377
2016-01-27,60,0,multiclass_probability_sum,0,0.44365402833866185,0.44,1,0.08641079251534785,-0.011564893430250446
2016-03-23,60,0,multiclass_probability_sum,0,0.48708094629603577,0.44,1,0.08621935978495458,-0.03342106491716401
2016-12-13,60,0,multiclass_probability_sum,0,0.517336163479797,0.44,1,0.08556173768060593,0.011829066419069929
2016-05-27,60,0,multiclass_probability_sum,0,0.614807175465464,0.44,1,0.08533264058485159,0.010453142351530885
2016-12-23,60,0,multiclass_probability_sum,0,0.4798877643250141,0.44,1,0.08528896589189083,-0.0028941398835818596
2016-03-18,60,0,multiclass_probability_sum,0,0.5118110039996193,0.44,1,0.08518332619323589,-0.03535061102963611
2016-03-11,60,0,multiclass_probability_sum,0,0.49643433065233367,0.44,1,0.08404036706876782,-0.03784827077327286
2015-08-27,60,0,multiclass_probability_sum,0,0.5017732971133293,0.44,1,0.08390898824670871,-0.0027204528042719524
2016-12-22,60,0,multiclass_probability_sum,0,0.5050812863881731,0.44,1,0.08371099833418542,-0.002562944264380055
2016-02-25,60,0,multiclass_probability_sum,0,0.4626804932965959,0.44,1,0.08315131342055054,-0.012515360383569428
2016-12-29,60,0,multiclass_probability_sum,0,0.50901355549297,0.44,1,0.08308851026712114,0.0002256334669128044
2016-12-30,60,0,multiclass_probability_sum,0,0.5124518488862474,0.44,1,0.08295978340308473,0.010681688541171299
2016-12-26,60,0,multiclass_probability_sum,0,0.49792824583888173,0.44,1,0.08227782239244166,0.0015837704581298693
2016-12-05,60,0,multiclass_probability_sum,0,0.49891517340160224,0.44,1,0.08187610641690456,-0.013295918976620911
2016-12-27,60,0,multiclass_probability_sum,0,0.5067772104351296,0.44,1,0.08183249294878914,-0.0005424301000887375
2016-03-22,60,0,multiclass_probability_sum,0,0.50751223425535,0.44,1,0.081277489350175,-0.02678707819133847
2016-03-10,60,0,multiclass_probability_sum,0,0.47493206651562714,0.44,1,0.08124009439025007,-0.03550689765963284
2016-03-09,60,0,multiclass_probability_sum,0,0.5067493156094706,0.44,1,0.08116825014038695,-0.028187368980439022
2016-03-03,60,0,multiclass_probability_sum,0,0.4696163587965405,0.44,1,0.08087984084478952,-0.025875836561649018
2016-04-29,60,0,multiclass_probability_sum,0,0.541793044632153,0.44,1,0.08059148421766586,0.0011691610097175982
2016-12-12,60,0,multiclass_probability_sum,0,0.4962940593309705,0.44,1,0.08009167978392932,-0.0076691693337629496
2016-03-01,60,0,multiclass_probability_sum,0,0.47546405184938334,0.44,1,0.07963716155080829,-0.010274124275794947
2016-03-08,60,0,multiclass_probability_sum,0,0.46807984312111983,0.44,1,0.07888158233642055,-0.03342106491716401
2016-03-07,60,0,multiclass_probability_sum,0,0.4998958336152812,0.44,1,0.07868542032947018,-0.03601032182247277
2015-04-02,60,0,multiclass_probability_sum,0,0.48125832132658375,0.44,1,0.07848714163720667,-0.03328063234845112
2016-12-08,60,0,multiclass_probability_sum,0,0.49954365491916686,0.44,1,0.07781621075005207,-0.0064405840997083215
2016-02-26,60,0,multiclass_probability_sum,0,0.45802364814181273,0.44,1,0.07776412218518142,-0.018343904782186626
2016-03-16,60,0,multiclass_probability_sum,0,0.48819593458670396,0.44,1,0.07751348852090467,-0.037519075479525314
2016-03-04,60,0,multiclass_probability_sum,0,0.4823645174026209,0.44,1,0.07747419184425712,-0.03157495341719656
2016-02-29,60,0,multiclass_probability_sum,0,0.4822923790352832,0.44,1,0.07732580302381363,-0.006366649613729334
2016-03-17,60,0,multiclass_probability_sum,0,0.5054978684143712,0.44,1,0.07668798630636516,-0.04130692603857849
2016-06-06,60,0,multiclass_probability_sum,0,0.5825562924005756,0.44,1,0.0766414220476674,-0.0012910515793123833
2016-08-04,60,0,multiclass_probability_sum,0,0.6559641692394604,0.44,1,0.07660170665722571,-0.007226096096695463
2016-05-25,60,0,multiclass_probability_sum,0,0.5971357481605574,0.44,1,0.07645973609786749,-0.012415574329824956
2016-05-23,60,0,multiclass_probability_sum,0,0.5569491215441592,0.44,1,0.07629042431331799,-0.011009104337073247
2016-12-21,60,0,multiclass_probability_sum,0,0.4700482933292395,0.44,1,0.075939827247546,-0.006755003532807188
2015-08-20,60,0,multiclass_probability_sum,0,0.6262668525140722,0.44,1,0.07572634309114189,-0.0727447046045047
2016-11-29,60,0,multiclass_probability_sum,0,0.5220651162994737,0.44,1,0.07498869501074235,-0.01033794280452209
2016-03-02,60,0,multiclass_probability_sum,0,0.4564478688994137,0.44,1,0.07485682855481081,-0.025507599623323378
2017-01-03,60,0,multiclass_probability_sum,0,0.47838376605003374,0.44,1,0.07471152249305128,0.003994926268569617
2016-08-05,60,0,multiclass_probability_sum,0,0.6427497203153054,0.44,1,0.07432881744566286,0.0032939521369225355
2017-01-05,60,0,multiclass_probability_sum,0,0.45243579272321355,0.44,1,0.07432039307132313,0.003146817001198219
2016-12-02,60,0,multiclass_probability_sum,0,0.4562625599537129,0.44,1,0.07408756807784594,-0.020735497561156155
2016-06-07,60,0,multiclass_probability_sum,0,0.5698497794587423,0.44,1,0.07406337475671596,-0.008682424508369273
2016-05-24,60,0,multiclass_probability_sum,0,0.5896225266676556,0.44,1,0.07326091597363044,-0.011974221166576994
2016-12-20,60,0,multiclass_probability_sum,0,0.5040630491819618,0.44,1,0.07313522726508065,-0.0003169548214985459
2016-02-24,60,0,multiclass_probability_sum,0,0.4816837990564256,0.44,1,0.07295421902575949,-0.021747337948856856
2015-05-21,60,0,multiclass_probability_sum,0,0.6220684229189936,0.44,1,0.07275490925236897,0.016619489113366765
2016-05-06,60,0,multiclass_probability_sum,0,0.5778602488153254,0.44,1,0.07265955652467096,-0.0044118812113541446
2016-08-08,60,0,multiclass_probability_sum,0,0.6207429408332399,0.44,1,0.07221794737515891,0.012440956168125778
2016-12-14,60,0,multiclass_probability_sum,0,0.44121174288148846,0.44,1,0.07217310350808913,-0.004052461499956307
2016-06-08,60,0,multiclass_probability_sum,0,0.5816779529099276,0.44,1,0.07183125376626677,-0.013824070300527236
2016-06-28,60,0,multiclass_probability_sum,0,0.539390044166252,0.44,1,0.0717448939046642,0.008306772370990038
2016-06-03,60,0,multiclass_probability_sum,0,0.5723050602235957,0.44,1,0.07116670390853023,-0.004238079712071004
2016-05-09,60,0,multiclass_probability_sum,0,0.5300891452950283,0.44,1,0.07115112150710488,0.0008111307441141414
2015-03-31,60,0,multiclass_probability_sum,0,0.5284638069029756,0.44,1,0.07111353240513797,-0.0410768065561717
2017-01-06,60,0,multiclass_probability_sum,0,0.49635762940151607,0.44,1,0.07106779883012405,-0.0027398488128055503
2017-01-04,60,0,multiclass_probability_sum,0,0.47156843361068224,0.44,1,0.06944531592945477,0.0016438238146321718
2016-08-03,60,0,multiclass_probability_sum,0,0.6308018481369693,0.44,1,0.06925143645283932,-0.0067037582271959285
2017-01-09,60,0,multiclass_probability_sum,0,0.48858078718732734,0.44,1,0.06899970836919647,-0.006806297453131
2016-12-09,60,0,multiclass_probability_sum,0,0.4839326671102652,0.44,1,0.0686238126882774,-0.012764548411367073
2016-05-30,60,0,multiclass_probability_sum,0,0.58795188287393,0.44,1,0.06790956183778842,0.006391249228304393
2016-11-28,60,0,multiclass_probability_sum,0,0.5238107120447794,0.44,1,0.0661539917047843,-0.020960988568778583
2016-01-15,60,0,multiclass_probability_sum,0,0.4816867243987082,0.44,1,0.06560371304758424,-0.03974530564831408
2016-06-27,60,0,multiclass_probability_sum,0,0.5086087363495699,0.44,1,0.06556713385305145,0.0014958144119331966
2015-03-30,60,0,multiclass_probability_sum,0,0.5321267952907178,0.44,1,0.06490644442112131,-0.030240448328496025
2016-06-16,60,0,multiclass_probability_sum,0,0.5811192840492923,0.44,1,0.06468248543467414,-0.009418565880749635
2016-05-20,60,0,multiclass_probability_sum,0,0.5830893411386131,0.44,1,0.06440534104586643,-0.017176323518840825
2015-03-27,60,0,multiclass_probability_sum,0,0.5436408149657947,0.44,1,0.06421317170998604,-0.04160285980851888
2016-05-19,60,0,multiclass_probability_sum,0,0.5938363138446298,0.44,1,0.06417508300891138,-0.024291368810019084
2016-06-30,60,0,multiclass_probability_sum,0,0.5658885633790768,0.44,1,0.06406293120181913,-0.007732345118739904
2016-06-01,60,0,multiclass_probability_sum,0,0.5821909215915866,0.44,1,0.06391217557103143,-0.0009845777199401125
2016-05-31,60,0,multiclass_probability_sum,0,0.5847258588726847,0.44,1,0.06376611890813534,0.001308890135074991
2016-06-29,60,0,multiclass_probability_sum,0,0.5567965830418964,0.44,1,0.06342501816284168,-0.00434192060324151
2016-06-17,60,0,multiclass_probability_sum,0,0.6262169542945775,0.44,1,0.06336706415563102,0.0024515745895940864
2017-01-10,60,0,multiclass_probability_sum,0,0.44987015576693457,0.44,1,0.06330624414357405,-0.004606302432455172
2016-06-13,60,0,multiclass_probability_sum,0,0.6012902085449295,0.44,1,0.06265447089672818,-0.006967996458916435
2016-11-30,60,0,multiclass_probability_sum,0,0.45920786721712276,0.44,1,0.061859465419151716,-0.02063025102103909
2016-11-21,60,0,multiclass_probability_sum,0,0.4542981485591706,0.44,1,0.06078774306778833,-0.034398238183359846
2016-06-15,60,0,multiclass_probability_sum,0,0.5779643048150476,0.44,1,0.06041633207151236,-0.012469369681358457
2016-07-26,60,0,multiclass_probability_sum,0,0.6217147947699888,0.44,1,0.0602808306675303,-0.03323241909683166
2016-12-19,60,0,multiclass_probability_sum,0,0.4532424643742525,0.44,1,0.06021192668016175,-0.017774522019554068
2016-11-25,60,0,multiclass_probability_sum,0,0.4411830084229898,0.44,1,0.05968857058657943,-0.03673870260422875
2015-03-26,60,0,multiclass_probability_sum,0,0.5613995764980804,0.44,1,0.059100411993342886,-0.050162113204188806
2016-07-06,60,0,multiclass_probability_sum,0,0.572107011565309,0.44,1,0.05844668879422385,-0.03457289154438424
2016-06-09,60,0,multiclass_probability_sum,0,0.5841035390567298,0.44,1,0.05835020373698651,-0.019208753678782494
2016-06-24,60,0,multiclass_probability_sum,0,0.540708654590566,0.44,1,0.058077101138968856,0.000805127092540648
2015-09-01,60,0,multiclass_probability_sum,0,0.44911407651495894,0.44,1,0.057683885393607436,-0.014347242815275434
2016-08-02,60,0,multiclass_probability_sum,0,0.642845018427622,0.44,1,0.05737413182140295,-0.013708819767693208
2016-07-01,60,0,multiclass_probability_sum,0,0.5441280601236277,0.44,1,0.0557935388370941,-0.020368459690229768
2016-06-14,60,0,multiclass_probability_sum,0,0.553855314555165,0.44,1,0.05573793759052319,-0.009930344803430082
2015-03-25,60,0,multiclass_probability_sum,0,0.5643492440197869,0.44,1,0.055716315322180604,-0.05870221112099147
2016-07-04,60,0,multiclass_probability_sum,0,0.551047208515477,0.44,1,0.05542927537370059,-0.03226060921741051
2016-06-02,60,0,multiclass_probability_sum,0,0.594543255413032,0.44,1,0.05482427820343726,-0.006631174610429494
2015-08-17,60,0,multiclass_probability_sum,0,0.660577340997034,0.44,1,0.0545271769078147,-0.08407975016646485
2016-11-18,60,0,multiclass_probability_sum,0,0.4821192658556087,0.44,1,0.05397887918150656,-0.032854684438775844
2016-11-15,60,0,multiclass_probability_sum,0,0.442333533453188,0.44,1,0.05385800318307752,-0.03435374595095476
2016-06-10,60,0,multiclass_probability_sum,0,0.5965431309488975,0.44,1,0.05364430099112986,-0.016956750506742873
2016-07-05,60,0,multiclass_probability_sum,0,0.6042355753871078,0.44,1,0.053601346582138554,-0.03675693658561369
2017-01-16,60,0,multiclass_probability_sum,0,0.48792163773974806,0.44,1,0.053125847354172404,0.0064253115743065845
2017-01-11,60,0,multiclass_probability_sum,0,0.4779085330104566,0.44,1,0.05270753922941596,-0.013508373309034732
2016-11-24,60,0,multiclass_probability_sum,0,0.4459053022542748,0.44,1,0.05212826965395289,-0.04015069217776227
2016-08-09,60,0,multiclass_probability_sum,0,0.6251905172048708,0.44,1,0.052061819406359566,0.017096560843470235
2016-06-20,60,0,multiclass_probability_sum,0,0.5599830688579196,0.44,1,0.0517305770498774,-0.009124282571011073
2016-11-16,60,0,multiclass_probability_sum,0,0.44409433844518786,0.44,1,0.05022913513044466,-0.03485787537461748
2015-08-31,60,0,multiclass_probability_sum,0,0.4753229699755531,0.44,1,0.050209927766650515,-0.018677098922353728
2016-05-10,60,0,multiclass_probability_sum,0,0.5483986416557503,0.44,1,0.049966077358158494,-0.001174145778562975
2015-08-28,60,0,multiclass_probability_sum,0,0.4958961880726107,0.44,1,0.049751475428564194,-0.02945545655626623
2016-07-25,60,0,multiclass_probability_sum,0,0.5942759813802114,0.44,1,0.04916412341223311,-0.034326502679914245
2016-11-04,60,0,multiclass_probability_sum,0,0.4608858500684378,0.44,1,0.04875230990619813,-0.023123119108826046
2016-11-14,60,0,multiclass_probability_sum,0,0.4523498158934455,0.44,1,0.0481638205623422,-0.032557573837169534
2016-11-17,60,0,multiclass_probability_sum,0,0.47217302937365335,0.44,1,0.048128501026444157,-0.03481340358825263
2016-11-03,60,0,multiclass_probability_sum,0,0.4533393841477945,0.44,1,0.04784608221893979,-0.024472080613183574
2016-07-11,60,0,multiclass_probability_sum,0,0.5973640209336856,0.44,1,0.047807017099540355,-0.0388748986094373
2015-05-22,60,0,multiclass_probability_sum,0,0.5601369615887097,0.44,1,0.0472956022464994,0.0020981142456063745
2015-08-19,60,0,multiclass_probability_sum,0,0.6396536328073176,0.44,1,0.04692427499243514,-0.09219468909183431
2016-01-14,60,0,multiclass_probability_sum,0,0.5674089981534078,0.44,1,0.0467361567767213,-0.057974573201254334
2016-07-22,60,0,multiclass_probability_sum,0,0.6201569385698776,0.44,1,0.04671653912795076,-0.03520398605248904
2016-06-22,60,0,multiclass_probability_sum,0,0.542351284811561,0.44,1,0.04643003276060485,-0.009044465830205396
2016-11-02,60,0,multiclass_probability_sum,0,0.4660118973934564,0.44,1,0.046247820009874124,-0.030103037293002125
2015-03-24,60,0,multiclass_probability_sum,0,0.5582403869309739,0.44,1,0.04589659669882592,-0.07022348429716055
2015-09-04,60,0,multiclass_probability_sum,0,0.4540893315856453,0.44,1,0.04572295166261389,-0.0033820889633103977
2016-07-27,60,0,multiclass_probability_sum,0,0.60812110890751,0.44,1,0.045117521489350505,-0.044760100979181074
2016-06-21,60,0,multiclass_probability_sum,0,0.5614470432801715,0.44,1,0.044595756634096734,-0.01157952350913575
2016-11-09,60,0,multiclass_probability_sum,0,0.44352363413680695,0.44,1,0.04434277880541464,-0.02840364955787952
2016-08-01,60,0,multiclass_probability_sum,0,0.6043166096609923,0.44,1,0.0419823685596764,-0.03290858739396242
2016-07-12,60,0,multiclass_probability_sum,0,0.5677993475052394,0.44,1,0.04182073677064207,-0.049003421085247516
2016-07-28,60,0,multiclass_probability_sum,0,0.5945841943456969,0.44,1,0.04127354669285266,-0.04632872875180752
2016-07-21,60,0,multiclass_probability_sum,0,0.6059908733979688,0.44,1,0.040746184681617975,-0.05001975070620478
2016-05-18,60,0,multiclass_probability_sum,0,0.6029893852328239,0.44,1,0.040736522155250254,-0.029526350362296592
2015-08-18,60,0,multiclass_probability_sum,0,0.6123668614236066,0.44,1,0.03938840736162897,-0.09633962957075615
2016-07-29,60,0,multiclass_probability_sum,0,0.6539704984864569,0.44,1,0.03877952557298694,-0.03882890362288271
2016-01-11,60,0,multiclass_probability_sum,0,0.6314376797155187,0.44,1,0.0376427297945106,-0.0666882839304991
2016-07-20,60,0,multiclass_probability_sum,0,0.5916631942126789,0.44,1,0.0371208514879925,-0.05106534000613313
2017-01-13,60,0,multiclass_probability_sum,0,0.45865163505872153,0.44,1,0.03692687568774705,-0.010447637218002384
2016-07-07,60,0,multiclass_probability_sum,0,0.5865926716253883,0.44,1,0.03654859775353394,-0.052367009656692366
2016-07-08,60,0,multiclass_probability_sum,0,0.5815769294305957,0.44,1,0.03633023098369794,-0.04866947551527136
2015-08-14,60,0,multiclass_probability_sum,0,0.6421376649039776,0.44,1,0.03606322333522335,-0.11140940374602974
2015-09-07,60,0,multiclass_probability_sum,0,0.46473353363669834,0.44,1,0.032392716288277196,0.011217549444434127
2016-05-12,60,0,multiclass_probability_sum,0,0.5663180178014148,0.44,1,0.03186611120838672,-0.012791388257337128
2016-01-13,60,0,multiclass_probability_sum,0,0.5971282956823022,0.44,1,0.031011190310542676,-0.07115960344177402
2015-08-13,60,0,multiclass_probability_sum,0,0.6316787775092452,0.44,1,0.0300034108307941,-0.12024922163853247
2016-06-23,60,0,multiclass_probability_sum,0,0.5523026010217534,0.44,1,0.029669201235751123,-0.018355875147241053
2016-08-10,60,0,multiclass_probability_sum,0,0.5902291274138858,0.44,1,0.029334301883070703,0.004585893359010063
2015-12-10,60,0,multiclass_probability_sum,0,0.53220581517967,0.44,1,0.02850056737257336,-0.07235452783110766
2016-05-11,60,0,multiclass_probability_sum,0,0.5667200705289166,0.44,1,0.02817947181914894,-0.015955689777075316
2016-08-12,60,0,multiclass_probability_sum,0,0.5814614814077526,0.44,1,0.02771918644583085,-0.00673289868815059
2016-08-18,60,0,multiclass_probability_sum,0,0.5712762311970199,0.44,1,0.027691436136911798,-0.014238479518170689
2016-01-12,60,0,multiclass_probability_sum,0,0.6023417679472352,0.44,1,0.027237065233285528,-0.07807746178372707
2016-05-13,60,0,multiclass_probability_sum,0,0.595205986737332,0.44,1,0.02676604008374979,-0.010665363285278569
2016-08-17,60,0,multiclass_probability_sum,0,0.5687675077082519,0.44,1,0.026385730080947408,-0.014026544551135549
2016-07-14,60,0,multiclass_probability_sum,0,0.5657121191296688,0.44,1,0.02555964527396645,-0.06075681342696034
2015-12-11,60,0,multiclass_probability_sum,0,0.5778441979757363,0.44,1,0.025496163836631534,-0.0766054257634083
2016-08-15,60,0,multiclass_probability_sum,0,0.5763006801712818,0.44,1,0.025436835882826022,-0.012450762773834547
2016-08-22,60,0,multiclass_probability_sum,0,0.5770924461891097,0.44,1,0.024897302360009185,-0.009732771501822725
2015-03-23,60,0,multiclass_probability_sum,0,0.5677433113326784,0.44,1,0.023902348567309096,-0.0763026371815321
2016-08-23,60,0,multiclass_probability_sum,0,0.5487085222921108,0.44,1,0.023153625485020618,-0.011980577800474056
2016-10-31,60,0,multiclass_probability_sum,0,0.44649071580264765,0.44,1,0.022763497903433516,-0.03663512702725705
2015-05-26,60,0,multiclass_probability_sum,0,0.531344794411886,0.44,1,0.02269536674739212,-0.0012701998743992523
2016-08-25,60,0,multiclass_probability_sum,0,0.6185561398748539,0.44,1,0.022152210508372627,-0.010978801841280507
2016-05-16,60,0,multiclass_probability_sum,0,0.5476804762872942,0.44,1,0.021972552085771185,-0.0187528034201796
2016-07-19,60,0,multiclass_probability_sum,0,0.5579584619195332,0.44,1,0.021760436759723372,-0.0623604707079545
2016-01-08,60,0,multiclass_probability_sum,0,0.6323802258395443,0.44,1,0.02170715492742346,-0.07058838906020114
2015-12-14,60,0,multiclass_probability_sum,0,0.6002090551558024,0.44,1,0.020805847934420515,-0.07445555597076323
2016-08-24,60,0,multiclass_probability_sum,0,0.6064250315020485,0.44,1,0.020669629180744484,-0.014420102318385322
2016-05-17,60,0,multiclass_probability_sum,0,0.6169685945338184,0.44,1,0.01995169542451313,-0.033214616249563386
2015-05-27,60,0,multiclass_probability_sum,0,0.5188370540619722,0.44,1,0.01982062614286951,0.002503571539868269
2015-12-07,60,0,multiclass_probability_sum,0,0.4988200950797281,0.44,1,0.019485300189815608,-0.07694258915775633
2015-09-15,60,0,multiclass_probability_sum,0,0.45540493270933247,0.44,1,0.01913159932897228,-0.0036995577830523387
2015-12-09,60,0,multiclass_probability_sum,0,0.5315671247280542,0.44,1,0.01877174767721587,-0.07974197441282513
2016-08-29,60,0,multiclass_probability_sum,0,0.5849788895492636,0.44,1,0.01845614232950751,-0.02745582265439354
2016-08-16,60,0,multiclass_probability_sum,0,0.588556991486441,0.44,1,0.018293606205106158,-0.01038637126365065
2016-07-13,60,0,multiclass_probability_sum,0,0.5814731910871284,0.44,1,0.017909524228833445,-0.07332209601518438
2016-09-16,60,0,multiclass_probability_sum,0,0.5780311208755808,0.44,1,0.017894845964374177,0.000276327910877222
2015-05-25,60,0,multiclass_probability_sum,0,0.5906603160164552,0.44,1,0.017867834421328284,0.006162147203828059
2016-08-19,60,0,multiclass_probability_sum,0,0.5865668623018511,0.44,1,0.016131193850691776,-0.01670270789735502
2015-12-15,60,0,multiclass_probability_sum,0,0.6202261541788496,0.44,1,0.015842157586329314,-0.08468374232360405
2016-08-30,60,0,multiclass_probability_sum,0,0.6050723450286006,0.44,1,0.015474225116436613,-0.03226914829249882
2015-12-22,60,0,multiclass_probability_sum,0,0.6561367373927075,0.44,1,0.014653304098396793,-0.08177458524917523
2016-07-15,60,0,multiclass_probability_sum,0,0.5974186506983582,0.44,1,0.014386802765194986,-0.057556810696289325
2015-12-25,60,0,multiclass_probability_sum,0,0.6685146675078062,0.44,1,0.014081167426526793,-0.08410258757039588
2016-07-18,60,0,multiclass_probability_sum,0,0.5607554816939542,0.44,1,0.013069381961900132,-0.0709196390158919
2016-10-26,60,0,multiclass_probability_sum,0,0.45819696945821,0.44,1,0.012832791599893686,-0.03338926117069038
2015-09-24,60,0,multiclass_probability_sum,0,0.5702863517892895,0.44,1,0.011958028421702358,-0.0162826569358425
2015-12-16,60,0,multiclass_probability_sum,0,0.6171198634784631,0.44,1,0.011651359007185511,-0.09266239146180098
2015-12-23,60,0,multiclass_probability_sum,0,0.6803158504330955,0.44,1,0.011260725371526304,-0.07809518395327551
2016-01-07,60,0,multiclass_probability_sum,0,0.6191193005142472,0.44,1,0.010976749673113568,-0.08002501998505156
2015-12-24,60,0,multiclass_probability_sum,0,0.6901782139528534,0.44,1,0.010384455277106925,-0.0814567100654863
2016-09-01,60,0,multiclass_probability_sum,0,0.605116748402859,0.44,1,0.009932724071923133,-0.027082306443182765
2016-08-11,60,0,multiclass_probability_sum,0,0.5639241984187735,0.44,1,0.009781761077329726,-0.013617685942373565
2016-08-26,60,0,multiclass_probability_sum,0,0.6050332435198948,0.44,1,0.009746433446222006,-0.024928132648015074
2015-10-02,60,0,multiclass_probability_sum,0,0.581761720060106,0.44,1,0.00948696472690894,-0.002261095012379402
2015-09-29,60,0,multiclass_probability_sum,0,0.5731782772989797,0.44,1,0.009152732536548896,-0.0002673248815187445
2015-03-19,60,0,multiclass_probability_sum,0,0.5798053174426208,0.44,1,0.008901595291331303,-0.08128242259618128
2015-09-11,60,0,multiclass_probability_sum,0,0.4970469997357313,0.44,1,0.00857379017881935,-0.009841115657749972
2015-03-20,60,0,multiclass_probability_sum,0,0.565602297003852,0.44,1,0.008496404255530764,-0.08424105612631724
2015-03-17,60,0,multiclass_probability_sum,0,0.5529234874887413,0.44,1,0.008080575366271839,-0.0951640821162757
2015-12-04,60,0,multiclass_probability_sum,0,0.5052148308883783,0.44,1,0.007980387703685223,-0.09103675854919563
2015-12-18,60,0,multiclass_probability_sum,0,0.6266862093787944,0.44,1,0.00717263805471129,-0.08500059352940915
2015-12-21,60,0,multiclass_probability_sum,0,0.6139645768627757,0.44,1,0.0070486576890359,-0.08274524493271061
2015-09-08,60,0,multiclass_probability_sum,0,0.477510621692133,0.44,1,0.006490045908743662,-0.009805825484295089
2016-09-07,60,0,multiclass_probability_sum,0,0.5904545663848086,0.44,1,0.005714947510549343,-0.015191631421366996
2016-08-31,60,0,multiclass_probability_sum,0,0.6383494152971505,0.44,1,0.00524834699443168,-0.03517867309420773
2015-10-01,60,0,multiclass_probability_sum,0,0.5226193349747625,0.44,1,0.004656070586807295,-0.004446111647571534
2016-09-15,60,0,multiclass_probability_sum,0,0.5648836775619168,0.44,1,0.00412145944489734,-0.00744942220781803
2015-09-10,60,0,multiclass_probability_sum,0,0.4697684013895169,0.44,1,0.004029836671671533,-0.019201832404471576
2015-09-09,60,0,multiclass_probability_sum,0,0.4938869644652516,0.44,1,0.0036276156841815663,-0.019673691274998076
2015-09-28,60,0,multiclass_probability_sum,0,0.5570854005749173,0.44,1,0.003569602122166672,-0.006821114979436444
2015-03-16,60,0,multiclass_probability_sum,0,0.5666918958780739,0.44,1,0.003317493782014359,-0.09351255407780255
2015-09-30,60,0,multiclass_probability_sum,0,0.5669741172616393,0.44,1,0.0028928683510600576,-0.0028477877711078382
2015-03-18,60,0,multiclass_probability_sum,0,0.5810232502316314,0.44,1,0.002881722053242296,-0.08985573832860572
2016-09-19,60,0,multiclass_probability_sum,0,0.5369317046800721,0.44,1,0.002747442130793339,-0.009775696845099486
2015-09-14,60,0,multiclass_probability_sum,0,0.4523926472802083,0.44,1,0.0025759702996196155,-0.0017447661455104219
2015-09-16,60,0,multiclass_probability_sum,0,0.45853613852797104,0.44,1,0.0018949294186392967,-0.005225192281559618
2016-09-23,60,0,multiclass_probability_sum,0,0.46419473747386303,0.44,1,0.001586066665641345,-0.034101585902153245
2016-09-05,60,0,multiclass_probability_sum,0,0.6321101380284757,0.44,1,0.001112915954369211,-0.020124400525286464
2016-09-08,60,0,multiclass_probability_sum,0,0.6008225712579219,0.44,1,0.0007053826993461109,-0.022409050780284573
2016-09-12,60,0,multiclass_probability_sum,0,0.6238257365677625,0.44,1,0.0006818337044533605,-0.012890413183044788
2016-10-17,60,0,multiclass_probability_sum,0,0.44040515553415727,0.44,1,0.0001762088666988052,-0.044226834762033984
2015-10-05,60,0,multiclass_probability_sum,0,0.4881656293356186,0.44,1,-0.00017545398764200334,-0.01584415659994093
2015-10-07,60,0,multiclass_probability_sum,0,0.4757568307716989,0.44,1,-0.00020707149217231063,-0.032494245043917507
2015-09-23,60,0,multiclass_probability_sum,0,0.5630518546198582,0.44,1,-0.00029687322858124656,-0.020604736859274685
2015-12-01,60,0,multiclass_probability_sum,0,0.4604822902497423,0.44,1,-0.00040330005193364997,-0.08891772410566506
2015-12-03,60,0,multiclass_probability_sum,0,0.4926982577811562,0.44,1,-0.0012717439411648473,-0.09585352178876953
2015-12-17,60,0,multiclass_probability_sum,0,0.6023532052986396,0.44,1,-0.0022377777286082794,-0.10059521318865243
2015-09-17,60,0,multiclass_probability_sum,0,0.49094652106800685,0.44,1,-0.002563373662250936,-0.002563373662250936
2016-09-09,60,0,multiclass_probability_sum,0,0.5666436366810611,0.44,1,-0.002612574870804207,-0.02362440034283753
2015-12-28,60,0,multiclass_probability_sum,0,0.6504037453085609,0.44,1,-0.002846651837077515,-0.08802323044340647
2016-10-10,60,0,multiclass_probability_sum,0,0.4983714869570166,0.44,1,-0.0032387489312007875,-0.034249923043078584
2015-09-25,60,0,multiclass_probability_sum,0,0.5324258661499437,0.44,1,-0.0038645354447997943,-0.01651060114310143
2016-09-26,60,0,multiclass_probability_sum,0,0.4580381731612825,0.44,1,-0.004010750028164159,-0.03846830810891802
2016-09-14,60,0,multiclass_probability_sum,0,0.5686220643483577,0.44,1,-0.004747484435231837,-0.008150203760240046
2015-09-18,60,0,multiclass_probability_sum,0,0.5028964806518511,0.44,1,-0.004992574636288126,-0.009243472568588824
2016-09-21,60,0,multiclass_probability_sum,0,0.47248158822061825,0.44,1,-0.0050089335541124115,-0.025744431115268605
2016-10-14,60,0,multiclass_probability_sum,0,0.46406222978308354,0.44,1,-0.006469206320008311,-0.053072244969416954
2015-12-02,60,0,multiclass_probability_sum,0,0.5051841115137348,0.44,1,-0.0070404986797489135,-0.09592315967180591
2016-10-13,60,0,multiclass_probability_sum,0,0.4437410725765093,0.44,1,-0.007955911066636763,-0.05049250107571989
2016-09-22,60,0,multiclass_probability_sum,0,0.48746518524281457,0.44,1,-0.008165752395340398,-0.030073248347677512
2016-09-06,60,0,multiclass_probability_sum,0,0.6137312476688426,0.44,1,-0.0085315456676591,-0.0191458163830584
2015-10-06,60,0,multiclass_probability_sum,0,0.48241313172566724,0.44,1,-0.008638765519573051,-0.035457567509417
2015-03-13,60,0,multiclass_probability_sum,0,0.5560726305491075,0.44,1,-0.00865361181350099,-0.10259651404959994
2015-09-22,60,0,multiclass_probability_sum,0,0.5487866421157225,0.44,1,-0.009113277232865492,-0.02144249172536197
2016-10-12,60,0,multiclass_probability_sum,0,0.45073460074756116,0.44,1,-0.009777292854192666,-0.046427217049272176
2015-05-28,60,0,multiclass_probability_sum,0,0.5115219185073263,0.44,1,-0.011020942324114389,-0.011020942324114389
2015-12-29,60,0,multiclass_probability_sum,0,0.600831372526758,0.44,1,-0.01113255259343141,-0.09917332982095152
2015-06-17,60,0,multiclass_probability_sum,0,0.5380703757782672,0.44,1,-0.011816565805651056,-0.09401021492574256
2015-06-05,60,0,multiclass_probability_sum,0,0.542309571903043,0.44,1,-0.012533455623895415,-0.09262725621136689
2016-09-13,60,0,multiclass_probability_sum,0,0.5913743701112144,0.44,1,-0.01255345532701905,-0.012829783237896348
2016-09-20,60,0,multiclass_probability_sum,0,0.48139981710320245,0.44,1,-0.013216887009592738,-0.018070856651722624
2015-10-08,60,0,multiclass_probability_sum,0,0.49472530089865263,0.44,1,-0.013295672822838658,-0.04485775829640991
2015-06-16,60,0,multiclass_probability_sum,0,0.5699325268996285,0.44,1,-0.013898149429459912,-0.0965636574200779
2015-06-26,60,0,multiclass_probability_sum,0,0.6389677751254376,0.44,1,-0.0166920425957018,-0.09897308978784734
2015-03-10,60,0,multiclass_probability_sum,0,0.5106618914896766,0.44,1,-0.01681114247628739,-0.10865219017248194
2016-01-05,60,0,multiclass_probability_sum,0,0.6212350077929261,0.44,1,-0.01702304303265905,-0.0880934157325988
2015-09-21,60,0,multiclass_probability_sum,0,0.4790390330280989,0.44,1,-0.01745552721838878,-0.019556555358044375
2015-03-09,60,0,multiclass_probability_sum,0,0.5273288079354843,0.44,1,-0.017779998776090586,-0.10658105794922747
2015-11-30,60,0,multiclass_probability_sum,0,0.4599780792620969,0.44,1,-0.02051607085026652,-0.09379701955646956
2015-03-11,60,0,multiclass_probability_sum,0,0.5486882932311481,0.44,1,-0.020792990357269996,-0.10334695752867165
2015-06-09,60,0,multiclass_probability_sum,0,0.5515178502324051,0.44,1,-0.021394577363150983,-0.08638016420963167
2015-10-09,60,0,multiclass_probability_sum,0,0.5072291342410092,0.44,1,-0.023417533872396146,-0.0469687566969646
2015-06-04,60,0,multiclass_probability_sum,0,0.5625146234855181,0.44,1,-0.02343635004942039,-0.07679514688489758
2015-05-29,60,0,multiclass_probability_sum,0,0.5433269357302764,0.44,1,-0.023556415831546273,-0.023556415831546273
2015-02-03,60,0,multiclass_probability_sum,0,0.49144981289743106,0.44,1,-0.023706050772139622,-0.033860109141470716
2015-06-18,60,0,multiclass_probability_sum,0,0.551573804964721,0.44,1,-0.023730725046708093,-0.0965636574200779
2015-06-08,60,0,multiclass_probability_sum,0,0.5340661775044104,0.44,1,-0.026351801780865554,-0.09566724473442448
2015-10-13,60,0,multiclass_probability_sum,0,0.5069820233022402,0.44,1,-0.027923318223417152,-0.051753048943744204
2015-02-02,60,0,multiclass_probability_sum,0,0.48046076381480385,0.44,1,-0.033335231625659885,-0.05673669196082022
2015-02-04,60,0,multiclass_probability_sum,0,0.44057872606187976,0.44,1,-0.03374494975284245,-0.04097414193283668
2015-06-15,60,0,multiclass_probability_sum,0,0.5625569962498838,0.44,1,-0.03427321232086245,-0.10707085452077748
2015-06-10,60,0,multiclass_probability_sum,0,0.5336743801288408,0.44,1,-0.03509754074783222,-0.08573588477903746
2015-03-02,60,0,multiclass_probability_sum,0,0.4647112508426897,0.44,1,-0.03649492731239472,-0.11046515079240488
2015-01-30,60,0,multiclass_probability_sum,0,0.5116408153204678,0.44,1,-0.03814434019685692,-0.0666806000040559
2015-10-12,60,0,multiclass_probability_sum,0,0.5144640573358883,0.44,1,-0.038144447407584305,-0.0538833353090755
2015-06-03,60,0,multiclass_probability_sum,0,0.5590251400946848,0.44,1,-0.039527856636786846,-0.07487763448883307
2015-02-05,60,0,multiclass_probability_sum,0,0.4640249982208813,0.44,1,-0.042279850935916255,-0.0511105013370745
2016-04-19,60,0,candidate_risk_off,0,0.6272377600941654,0.44,1,0.15971091525761072,-0.00044002077607992277
2016-04-20,60,0,candidate_risk_off,0,0.6220813681686533,0.44,1,0.15695093330301965,0.013464566570469298
2016-04-21,60,0,candidate_risk_off,0,0.5890419219519964,0.44,1,0.156849195052153,0.027158122840823452
2015-05-04,60,0,candidate_risk_off,0,0.6936841791491742,0.44,1,0.15341657320201274,-0.030038663448836492
2016-04-15,60,0,candidate_risk_off,0,0.6114598828325978,0.44,1,0.15210375775626547,-0.0206124608656494
2015-05-18,60,0,candidate_risk_off,0,0.6890198850985727,0.44,1,0.14996383856064704,0.014768933354776073
2015-04-08,60,0,candidate_risk_off,0,0.6404346696584723,0.44,1,0.1403840915396127,-0.034870298031249296
2015-08-24,60,0,candidate_risk_off,0,0.5795066519455722,0.44,1,0.13824338684950777,0.005771557590542049
2016-04-05,60,0,candidate_risk_off,0,0.6245576669918105,0.44,1,0.1334287674272693,0.013243582951140233
2015-05-05,60,0,candidate_risk_off,0,0.6976282541814782,0.44,1,0.1333255449668964,-0.04383098032418072
2015-05-19,60,0,candidate_risk_off,0,0.6817427936978724,0.44,1,0.13278365589083618,0.024437237093852704
2016-04-11,60,0,candidate_risk_off,0,0.6155918858219561,0.44,1,0.132166676368662,-0.01959445589476072
2016-04-06,60,0,candidate_risk_off,0,0.6245576669918105,0.44,1,0.13207733400330995,0.00042260217916889
2015-04-07,60,0,candidate_risk_off,0,0.6404346696584723,0.44,1,0.1316275910674692,-0.035582087298682945
2016-04-07,60,0,candidate_risk_off,0,0.6245576669918105,0.44,1,0.1298858473644281,-0.006265211827916056
2015-08-25,60,0,candidate_risk_off,0,0.5110705453465288,0.44,1,0.1296416152693751,0.02957822026150403
2016-04-04,60,0,candidate_risk_off,0,0.6245576669918105,0.44,1,0.12885620112531124,0.008063548269531803
2015-05-06,60,0,candidate_risk_off,0,0.6933524923639064,0.44,1,0.1286267941509496,-0.03775083091579098
2016-04-14,60,0,candidate_risk_off,0,0.6576333555793186,0.44,1,0.1284233715442513,-0.019974172147726614
2016-04-12,60,0,candidate_risk_off,0,0.6155918858219561,0.44,1,0.12748562893523827,-0.020577969186763495
2015-04-06,60,0,candidate_risk_off,0,0.6404346696584723,0.44,1,0.1268907021677428,-0.026160160356106122
2016-01-21,60,0,candidate_risk_off,0,0.5834384938013112,0.44,1,0.12687944076775534,0.00068957593814027
2015-04-14,60,0,candidate_risk_off,0,0.6154257672618505,0.44,1,0.12658462824015027,-0.05466504951044708
2016-04-08,60,0,candidate_risk_off,0,0.6683621224059277,0.44,1,0.12640802799373912,-0.0075589861573754765
2015-05-07,60,0,candidate_risk_off,0,0.6933524923639064,0.44,1,0.12493866543512515,-0.044427925070252096
2016-01-22,60,0,candidate_risk_off,0,0.5834384938013112,0.44,1,0.12466967130340169,0.026846108747067846
2015-04-09,60,0,candidate_risk_off,0,0.6404346696584723,0.44,1,0.12395606864722405,-0.03996937667854809
2015-04-15,60,0,candidate_risk_off,0,0.589438057084747,0.44,1,0.12347882005237695,-0.06504647415693307
2016-02-18,60,0,candidate_risk_off,0,0.6416536551874655,0.44,1,0.12291623603446401,0.002783503225088398
2016-02-02,60,0,candidate_risk_off,0,0.5570197838898006,0.44,1,0.12276434284998312,0.004872071523716711
2016-04-13,60,0,candidate_risk_off,0,0.6693058445815915,0.44,1,0.12083478529410008,-0.017434235922067644
2016-04-01,60,0,candidate_risk_off,0,0.6683621224059277,0.44,1,0.12078100250437115,-0.004684774105441723
2016-02-05,60,0,candidate_risk_off,0,0.6154795684006286,0.44,1,0.11976566941784454,-0.0017638309090854916
2016-04-22,60,0,candidate_risk_off,0,0.5607091419506934,0.44,1,0.1196117103771786,-0.0015201935262133723
2016-02-15,60,0,candidate_risk_off,0,0.6412697111663077,0.44,1,0.1183651988071918,0.005977063007155127
2016-02-17,60,0,candidate_risk_off,0,0.6449478289438682,0.44,1,0.11834955096287905,0.009895127757799053
2016-02-19,60,0,candidate_risk_off,0,0.5891923284623923,0.44,1,0.11644446692210876,0.003225663922269252
2015-05-15,60,0,candidate_risk_off,0,0.6890198850985727,0.44,1,0.1163596421126303,-0.01592321643119909
2015-04-10,60,0,candidate_risk_off,0,0.6510450702456622,0.44,1,0.11588201461528785,-0.04632492747290259
2015-04-27,60,0,candidate_risk_off,0,0.6199587877816071,0.44,1,0.11550448155179624,-0.061319431063671485
2015-04-23,60,0,candidate_risk_off,0,0.6467145521825172,0.44,1,0.11531525674184799,-0.059272529623680445
2015-04-13,60,0,candidate_risk_off,0,0.6154257672618505,0.44,1,0.11427799432221472,-0.056221108167668205
2016-02-03,60,0,candidate_risk_off,0,0.5823925058061364,0.44,1,0.11348039011491212,0.005697283311718674
2015-05-08,60,0,candidate_risk_off,0,0.6933524923639064,0.44,1,0.11334285473080362,-0.047190931460126366
2015-05-13,60,0,candidate_risk_off,0,0.6862624700141594,0.44,1,0.11188280482613974,-0.025883863832921683
2015-04-24,60,0,candidate_risk_off,0,0.6234817139827126,0.44,1,0.11071758161410508,-0.06729372575959973
2016-04-25,60,0,candidate_risk_off,0,0.5607091419506934,0.44,1,0.10983677320157065,0.00015212338926419485
2016-02-04,60,0,candidate_risk_off,0,0.6154795684006286,0.44,1,0.10976838332587056,0.003020426997452773
2016-02-16,60,0,candidate_risk_off,0,0.6416536551874655,0.44,1,0.10843579308904466,-0.0018263177389334687
2016-02-01,60,0,candidate_risk_off,0,0.6085779607690606,0.44,1,0.10683752113652593,-0.007632278161163715
2015-04-20,60,0,candidate_risk_off,0,0.6180110019954738,0.44,1,0.10664632322739827,-0.06600261566788307
2015-04-16,60,0,candidate_risk_off,0,0.5865495843298651,0.44,1,0.10451726587478526,-0.07172034557109266
2016-01-28,60,0,candidate_risk_off,0,0.5994144579862645,0.44,1,0.10362211560519098,-0.005613815025746293
2016-03-31,60,0,candidate_risk_off,0,0.6577681942627683,0.44,1,0.10314859895150072,-0.00966848468408059
2015-04-03,60,0,candidate_risk_off,0,0.6404346696584723,0.44,1,0.10038328713549932,-0.03510761741861868
2015-05-14,60,0,candidate_risk_off,0,0.6890198850985727,0.44,1,0.10028225657403576,-0.0274853220540857
2015-05-11,60,0,candidate_risk_off,0,0.6933524923639064,0.44,1,0.09963968561639527,-0.0420561319880878
2016-01-26,60,0,candidate_risk_off,0,0.5717104158142269,0.44,1,0.09945540157538023,-0.002383214369725189
2016-02-22,60,0,candidate_risk_off,0,0.5930970033991606,0.44,1,0.09922448445563412,-0.008759336991928053
2015-04-21,60,0,candidate_risk_off,0,0.6180110019954738,0.44,1,0.09866126171002712,-0.06103489556594871
2015-05-12,60,0,candidate_risk_off,0,0.6890198850985727,0.44,1,0.09849288088233774,-0.028808730022258564
2016-01-25,60,0,candidate_risk_off,0,0.6176764636511303,0.44,1,0.0984815580779229,-0.010938188403471315
2015-04-17,60,0,candidate_risk_off,0,0.582223666013635,0.44,1,0.09810239791617224,-0.071790730930967
2015-08-26,60,0,candidate_risk_off,0,0.5486943401050405,0.44,1,0.0976738283071251,0.015288566179158872
2016-04-26,60,0,candidate_risk_off,0,0.5607091419506934,0.44,1,0.09719499997658197,-0.011444060535795957
2016-03-24,60,0,candidate_risk_off,0,0.6205901166000355,0.44,1,0.09574658074584956,-0.026349084894393766
2015-04-01,60,0,candidate_risk_off,0,0.6728543591378112,0.44,1,0.09573013138957358,-0.018654671652927415
2016-12-06,60,0,candidate_risk_off,0,0.5629175391786543,0.44,1,0.09525575761792104,0.003126391414131006
2016-01-29,60,0,candidate_risk_off,0,0.6116317511010776,0.44,1,0.0941340476416716,-0.016271043998983156
2015-05-20,60,0,candidate_risk_off,0,0.6904621072112982,0.44,1,0.09387139012378015,0.004461944899304966
2016-03-28,60,0,candidate_risk_off,0,0.6048526997619911,0.44,1,0.09369508671183391,-0.035176930566514615
2016-04-28,60,0,candidate_risk_off,0,0.5317497664129653,0.44,1,0.09294581248608741,0.011260244685338932
2016-03-15,60,0,candidate_risk_off,0,0.6199957706721085,0.44,1,0.09276673857348083,-0.03225457947477571
2015-04-22,60,0,candidate_risk_off,0,0.6180110019954738,0.44,1,0.09182782159172027,-0.06151500226554653
2016-02-23,60,0,candidate_risk_off,0,0.5926940584981927,0.44,1,0.09109338724057583,-0.009775388915808161
2016-12-07,60,0,candidate_risk_off,0,0.5605165711061987,0.44,1,0.09101235966486187,0.001727578227998738
2016-05-04,60,0,candidate_risk_off,0,0.5346167603242078,0.44,1,0.09095000509029773,0.004064707657034946
2015-08-21,60,0,candidate_risk_off,0,0.6787551813922764,0.44,1,0.09085531877548828,-0.05424000468669373
2016-03-25,60,0,candidate_risk_off,0,0.606582667598902,0.44,1,0.09072626704912772,-0.0288343409121852
2016-04-27,60,0,candidate_risk_off,0,0.5317497664129653,0.44,1,0.08996036585915487,-0.0038629299995073365
2016-05-26,60,0,candidate_risk_off,0,0.5485073597053792,0.44,1,0.08908724539472736,0.006218833189060262
2016-05-05,60,0,candidate_risk_off,0,0.5346167603242078,0.44,1,0.08845392520588927,0.003882662340939244
2016-03-29,60,0,candidate_risk_off,0,0.5982982212218324,0.44,1,0.08834638795518661,-0.02216975417592092
2016-03-21,60,0,candidate_risk_off,0,0.6640203146594261,0.44,1,0.08831672626855072,-0.029166407153712506
2016-03-14,60,0,candidate_risk_off,0,0.6014982529640811,0.44,1,0.08817855605066421,-0.039094765169631916
2016-12-28,60,0,candidate_risk_off,0,0.5633363702948677,0.44,1,0.08706914974928728,0.00183704558446377
2016-01-27,60,0,candidate_risk_off,0,0.6230969675352421,0.44,1,0.08641079251534785,-0.011564893430250446
2016-03-30,60,0,candidate_risk_off,0,0.5998808813069776,0.44,1,0.08628731642653609,-0.025033952797112007
2016-03-23,60,0,candidate_risk_off,0,0.6247208659536599,0.44,1,0.08621935978495458,-0.03342106491716401
2016-12-13,60,0,candidate_risk_off,0,0.5605165711061987,0.44,1,0.08556173768060593,0.011829066419069929
2016-05-27,60,0,candidate_risk_off,0,0.5423750738365833,0.44,1,0.08533264058485159,0.010453142351530885
2016-12-23,60,0,candidate_risk_off,0,0.5445141130573227,0.44,1,0.08528896589189083,-0.0028941398835818596
2016-03-18,60,0,candidate_risk_off,0,0.6590444393175952,0.44,1,0.08518332619323589,-0.03535061102963611
2016-03-11,60,0,candidate_risk_off,0,0.6032332731471706,0.44,1,0.08404036706876782,-0.03784827077327286
2015-08-27,60,0,candidate_risk_off,0,0.5768622060131481,0.44,1,0.08390898824670871,-0.0027204528042719524
2016-01-20,60,0,candidate_risk_off,0,0.5543193152397017,0.44,1,0.08381895662496344,-0.014382167775754816
2016-12-22,60,0,candidate_risk_off,0,0.5445141130573227,0.44,1,0.08371099833418542,-0.002562944264380055
2016-02-25,60,0,candidate_risk_off,0,0.580973510798423,0.44,1,0.08315131342055054,-0.012515360383569428
2016-12-29,60,0,candidate_risk_off,0,0.5533006877127044,0.44,1,0.08308851026712114,0.0002256334669128044
2016-12-30,60,0,candidate_risk_off,0,0.5533006877127044,0.44,1,0.08295978340308473,0.010681688541171299
2016-12-26,60,0,candidate_risk_off,0,0.5445141130573227,0.44,1,0.08227782239244166,0.0015837704581298693
2016-12-05,60,0,candidate_risk_off,0,0.5198029381868601,0.44,1,0.08187610641690456,-0.013295918976620911
2016-12-27,60,0,candidate_risk_off,0,0.5520626682847443,0.44,1,0.08183249294878914,-0.0005424301000887375
2016-03-22,60,0,candidate_risk_off,0,0.6606702558887694,0.44,1,0.081277489350175,-0.02678707819133847
2016-03-10,60,0,candidate_risk_off,0,0.6011960568326341,0.44,1,0.08124009439025007,-0.03550689765963284
2016-03-09,60,0,candidate_risk_off,0,0.5949253964224582,0.44,1,0.08116825014038695,-0.028187368980439022
2016-03-03,60,0,candidate_risk_off,0,0.5945230242882389,0.44,1,0.08087984084478952,-0.025875836561649018
2016-04-29,60,0,candidate_risk_off,0,0.5317497664129653,0.44,1,0.08059148421766586,0.0011691610097175982
2016-12-12,60,0,candidate_risk_off,0,0.5198029381868601,0.44,1,0.08009167978392932,-0.0076691693337629496
2016-03-01,60,0,candidate_risk_off,0,0.609228615435914,0.44,1,0.07963716155080829,-0.010274124275794947
2016-03-08,60,0,candidate_risk_off,0,0.5983802624774622,0.44,1,0.07888158233642055,-0.03342106491716401
2016-03-07,60,0,candidate_risk_off,0,0.5945230242882389,0.44,1,0.07868542032947018,-0.03601032182247277
2015-04-02,60,0,candidate_risk_off,0,0.6404346696584723,0.44,1,0.07848714163720667,-0.03328063234845112
2016-12-08,60,0,candidate_risk_off,0,0.5198029381868601,0.44,1,0.07781621075005207,-0.0064405840997083215
2016-02-26,60,0,candidate_risk_off,0,0.580973510798423,0.44,1,0.07776412218518142,-0.018343904782186626
2016-03-16,60,0,candidate_risk_off,0,0.6247208659536599,0.44,1,0.07751348852090467,-0.037519075479525314
2016-03-04,60,0,candidate_risk_off,0,0.5945230242882389,0.44,1,0.07747419184425712,-0.03157495341719656
2016-02-29,60,0,candidate_risk_off,0,0.609228615435914,0.44,1,0.07732580302381363,-0.006366649613729334
2016-03-17,60,0,candidate_risk_off,0,0.6590444393175952,0.44,1,0.07668798630636516,-0.04130692603857849
2016-06-06,60,0,candidate_risk_off,0,0.5503006049123873,0.44,1,0.0766414220476674,-0.0012910515793123833
2016-01-18,60,0,candidate_risk_off,0,0.5908649418330202,0.44,1,0.07660986749826973,-0.008566711108059183
2016-08-04,60,0,candidate_risk_off,0,0.5962363163865514,0.44,1,0.07660170665722571,-0.007226096096695463
2016-05-25,60,0,candidate_risk_off,0,0.5503006049123873,0.44,1,0.07645973609786749,-0.012415574329824956
2016-05-23,60,0,candidate_risk_off,0,0.5333735404897917,0.44,1,0.07629042431331799,-0.011009104337073247
2016-12-21,60,0,candidate_risk_off,0,0.5136106192703831,0.44,1,0.075939827247546,-0.006755003532807188
2015-08-20,60,0,candidate_risk_off,0,0.7055873002969804,0.44,1,0.07572634309114189,-0.0727447046045047
2016-11-29,60,0,candidate_risk_off,0,0.5198029381868601,0.44,1,0.07498869501074235,-0.01033794280452209
2016-03-02,60,0,candidate_risk_off,0,0.609228615435914,0.44,1,0.07485682855481081,-0.025507599623323378
2017-01-03,60,0,candidate_risk_off,0,0.5546960211928689,0.44,1,0.07471152249305128,0.003994926268569617
2016-08-05,60,0,candidate_risk_off,0,0.5962363163865514,0.44,1,0.07432881744566286,0.0032939521369225355
2017-01-05,60,0,candidate_risk_off,0,0.5546960211928689,0.44,1,0.07432039307132313,0.003146817001198219
2016-12-02,60,0,candidate_risk_off,0,0.5085657558342291,0.44,1,0.07408756807784594,-0.020735497561156155
2016-06-07,60,0,candidate_risk_off,0,0.5571894669144493,0.44,1,0.07406337475671596,-0.008682424508369273
2016-05-24,60,0,candidate_risk_off,0,0.5383948881717259,0.44,1,0.07326091597363044,-0.011974221166576994
2016-12-20,60,0,candidate_risk_off,0,0.5136106192703831,0.44,1,0.07313522726508065,-0.0003169548214985459
2016-02-24,60,0,candidate_risk_off,0,0.5902473413002314,0.44,1,0.07295421902575949,-0.021747337948856856
2015-05-21,60,0,candidate_risk_off,0,0.6944951616628943,0.44,1,0.07275490925236897,0.016619489113366765
2016-05-06,60,0,candidate_risk_off,0,0.5346167603242078,0.44,1,0.07265955652467096,-0.0044118812113541446
2016-08-08,60,0,candidate_risk_off,0,0.5962363163865514,0.44,1,0.07221794737515891,0.012440956168125778
2016-12-14,60,0,candidate_risk_off,0,0.5085657558342291,0.44,1,0.07217310350808913,-0.004052461499956307
2016-06-08,60,0,candidate_risk_off,0,0.5539627362928662,0.44,1,0.07183125376626677,-0.013824070300527236
2016-06-28,60,0,candidate_risk_off,0,0.5333735404897917,0.44,1,0.0717448939046642,0.008306772370990038
2016-06-03,60,0,candidate_risk_off,0,0.5503006049123873,0.44,1,0.07116670390853023,-0.004238079712071004
2016-05-09,60,0,candidate_risk_off,0,0.5346167603242078,0.44,1,0.07115112150710488,0.0008111307441141414
2015-03-31,60,0,candidate_risk_off,0,0.5955840163239478,0.44,1,0.07111353240513797,-0.0410768065561717
2017-01-06,60,0,candidate_risk_off,0,0.518864777481453,0.44,1,0.07106779883012405,-0.0027398488128055503
2017-01-04,60,0,candidate_risk_off,0,0.5647250168717848,0.44,1,0.06944531592945477,0.0016438238146321718
2016-08-03,60,0,candidate_risk_off,0,0.5962363163865514,0.44,1,0.06925143645283932,-0.0067037582271959285
2017-01-09,60,0,candidate_risk_off,0,0.518864777481453,0.44,1,0.06899970836919647,-0.006806297453131
2016-12-09,60,0,candidate_risk_off,0,0.5085657558342291,0.44,1,0.0686238126882774,-0.012764548411367073
2016-05-30,60,0,candidate_risk_off,0,0.5423750738365833,0.44,1,0.06790956183778842,0.006391249228304393
2016-12-01,60,0,candidate_risk_off,0,0.5085657558342291,0.44,1,0.06684816619251804,-0.0228381055687535
2016-11-28,60,0,candidate_risk_off,0,0.5213226872506389,0.44,1,0.0661539917047843,-0.020960988568778583
2016-01-15,60,0,candidate_risk_off,0,0.6034909220336458,0.44,1,0.06560371304758424,-0.03974530564831408
2016-06-27,60,0,candidate_risk_off,0,0.5333735404897917,0.44,1,0.06556713385305145,0.0014958144119331966
2015-03-30,60,0,candidate_risk_off,0,0.5955840163239478,0.44,1,0.06490644442112131,-0.030240448328496025
2016-12-15,60,0,candidate_risk_off,0,0.5085657558342291,0.44,1,0.0648557011286129,-0.005224459891137373
2016-06-16,60,0,candidate_risk_off,0,0.5571894669144493,0.44,1,0.06468248543467414,-0.009418565880749635
2016-05-20,60,0,candidate_risk_off,0,0.5333735404897917,0.44,1,0.06440534104586643,-0.017176323518840825
2015-03-27,60,0,candidate_risk_off,0,0.5955840163239478,0.44,1,0.06421317170998604,-0.04160285980851888
2016-05-19,60,0,candidate_risk_off,0,0.5381979426034401,0.44,1,0.06417508300891138,-0.024291368810019084
2016-06-30,60,0,candidate_risk_off,0,0.5333735404897917,0.44,1,0.06406293120181913,-0.007732345118739904
2016-06-01,60,0,candidate_risk_off,0,0.5383948881717259,0.44,1,0.06391217557103143,-0.0009845777199401125
2016-05-31,60,0,candidate_risk_off,0,0.5383948881717259,0.44,1,0.06376611890813534,0.001308890135074991
2016-06-29,60,0,candidate_risk_off,0,0.5333735404897917,0.44,1,0.06342501816284168,-0.00434192060324151
2016-06-17,60,0,candidate_risk_off,0,0.5477506422444985,0.44,1,0.06336706415563102,0.0024515745895940864
2017-01-10,60,0,candidate_risk_off,0,0.518864777481453,0.44,1,0.06330624414357405,-0.004606302432455172
2015-09-03,60,0,candidate_risk_off,0,0.5379047989137166,0.44,1,0.0630942168605037,0.0011359232399807786
2016-06-13,60,0,candidate_risk_off,0,0.5571894669144493,0.44,1,0.06265447089672818,-0.006967996458916435
2016-11-30,60,0,candidate_risk_off,0,0.5085657558342291,0.44,1,0.061859465419151716,-0.02063025102103909
2016-11-21,60,0,candidate_risk_off,0,0.4800343342868041,0.44,1,0.06078774306778833,-0.034398238183359846
2016-06-15,60,0,candidate_risk_off,0,0.5539627362928662,0.44,1,0.06041633207151236,-0.012469369681358457
2016-07-26,60,0,candidate_risk_off,0,0.5827822600693686,0.44,1,0.0602808306675303,-0.03323241909683166
2016-12-19,60,0,candidate_risk_off,0,0.5136106192703831,0.44,1,0.06021192668016175,-0.017774522019554068
2016-11-25,60,0,candidate_risk_off,0,0.4863042579168407,0.44,1,0.05968857058657943,-0.03673870260422875
2015-03-26,60,0,candidate_risk_off,0,0.5867511687586343,0.44,1,0.059100411993342886,-0.050162113204188806
2016-01-19,60,0,candidate_risk_off,0,0.6011430326462931,0.44,1,0.05846926972627817,-0.02626728810397076
2016-07-06,60,0,candidate_risk_off,0,0.5383948881717259,0.44,1,0.05844668879422385,-0.03457289154438424
2016-06-09,60,0,candidate_risk_off,0,0.5539627362928662,0.44,1,0.05835020373698651,-0.019208753678782494
2016-06-24,60,0,candidate_risk_off,0,0.5326483089510635,0.44,1,0.058077101138968856,0.000805127092540648
2015-09-01,60,0,candidate_risk_off,0,0.564047012009795,0.44,1,0.057683885393607436,-0.014347242815275434
2016-12-16,60,0,candidate_risk_off,0,0.5136106192703831,0.44,1,0.057430740179085275,-0.019004616506594813
2016-08-02,60,0,candidate_risk_off,0,0.5698582037420468,0.44,1,0.05737413182140295,-0.013708819767693208
2016-07-01,60,0,candidate_risk_off,0,0.5333735404897917,0.44,1,0.0557935388370941,-0.020368459690229768
2016-06-14,60,0,candidate_risk_off,0,0.5539627362928662,0.44,1,0.05573793759052319,-0.009930344803430082
2015-03-25,60,0,candidate_risk_off,0,0.602447932863577,0.44,1,0.055716315322180604,-0.05870221112099147
2016-07-04,60,0,candidate_risk_off,0,0.5333735404897917,0.44,1,0.05542927537370059,-0.03226060921741051
2016-06-02,60,0,candidate_risk_off,0,0.5503006049123873,0.44,1,0.05482427820343726,-0.006631174610429494
2015-08-17,60,0,candidate_risk_off,0,0.6763308010052571,0.44,1,0.0545271769078147,-0.08407975016646485
2016-11-18,60,0,candidate_risk_off,0,0.4800343342868041,0.44,1,0.05397887918150656,-0.032854684438775844
2016-11-15,60,0,candidate_risk_off,0,0.4673014138585389,0.44,1,0.05385800318307752,-0.03435374595095476
2016-06-10,60,0,candidate_risk_off,0,0.5539627362928662,0.44,1,0.05364430099112986,-0.016956750506742873
2016-07-05,60,0,candidate_risk_off,0,0.5333735404897917,0.44,1,0.053601346582138554,-0.03675693658561369
2017-01-16,60,0,candidate_risk_off,0,0.518864777481453,0.44,1,0.053125847354172404,0.0064253115743065845
2017-01-11,60,0,candidate_risk_off,0,0.518864777481453,0.44,1,0.05270753922941596,-0.013508373309034732
2016-11-24,60,0,candidate_risk_off,0,0.4800343342868041,0.44,1,0.05212826965395289,-0.04015069217776227
2016-08-09,60,0,candidate_risk_off,0,0.5698582037420468,0.44,1,0.052061819406359566,0.017096560843470235
2016-06-20,60,0,candidate_risk_off,0,0.5489688680991764,0.44,1,0.0517305770498774,-0.009124282571011073
2016-11-22,60,0,candidate_risk_off,0,0.4895694515899876,0.44,1,0.050512828298206865,-0.04563563707302382
2016-11-16,60,0,candidate_risk_off,0,0.4673014138585389,0.44,1,0.05022913513044466,-0.03485787537461748
2015-08-31,60,0,candidate_risk_off,0,0.581872958718923,0.44,1,0.050209927766650515,-0.018677098922353728
2016-05-10,60,0,candidate_risk_off,0,0.5386016048461518,0.44,1,0.049966077358158494,-0.001174145778562975
2015-08-28,60,0,candidate_risk_off,0,0.5691738667599073,0.44,1,0.049751475428564194,-0.02945545655626623
2016-07-25,60,0,candidate_risk_off,0,0.5718048120719968,0.44,1,0.04916412341223311,-0.034326502679914245
2016-11-04,60,0,candidate_risk_off,0,0.4756363025576845,0.44,1,0.04875230990619813,-0.023123119108826046
2016-11-23,60,0,candidate_risk_off,0,0.4863042579168407,0.44,1,0.048165420391668885,-0.04746704549805836
2016-11-14,60,0,candidate_risk_off,0,0.4673014138585389,0.44,1,0.0481638205623422,-0.032557573837169534
2016-11-17,60,0,candidate_risk_off,0,0.4800343342868041,0.44,1,0.048128501026444157,-0.03481340358825263
2016-11-03,60,0,candidate_risk_off,0,0.4680408472683005,0.44,1,0.04784608221893979,-0.024472080613183574
2016-07-11,60,0,candidate_risk_off,0,0.5718048120719968,0.44,1,0.047807017099540355,-0.0388748986094373
2015-05-22,60,0,candidate_risk_off,0,0.6923239260082382,0.44,1,0.0472956022464994,0.0020981142456063745
2015-08-19,60,0,candidate_risk_off,0,0.7055873002969804,0.44,1,0.04692427499243514,-0.09219468909183431
2016-01-14,60,0,candidate_risk_off,0,0.6300795424869592,0.44,1,0.0467361567767213,-0.057974573201254334
2016-07-22,60,0,candidate_risk_off,0,0.5718048120719968,0.44,1,0.04671653912795076,-0.03520398605248904
2016-06-22,60,0,candidate_risk_off,0,0.5410394413215206,0.44,1,0.04643003276060485,-0.009044465830205396
2016-11-02,60,0,candidate_risk_off,0,0.4870462682521278,0.44,1,0.046247820009874124,-0.030103037293002125
2015-03-24,60,0,candidate_risk_off,0,0.5666802915411601,0.44,1,0.04589659669882592,-0.07022348429716055
2017-01-17,60,0,candidate_risk_off,0,0.5170606304931125,0.44,1,0.04575961714946676,-0.003511290933318348
2015-09-04,60,0,candidate_risk_off,0,0.5458795263094405,0.44,1,0.04572295166261389,-0.0033820889633103977
2016-07-27,60,0,candidate_risk_off,0,0.5718048120719968,0.44,1,0.045117521489350505,-0.044760100979181074
2017-01-12,60,0,candidate_risk_off,0,0.5250406555577715,0.44,1,0.0448200473109863,-0.013217277915019424
2016-06-21,60,0,candidate_risk_off,0,0.5370575543607741,0.44,1,0.044595756634096734,-0.01157952350913575
2016-11-09,60,0,candidate_risk_off,0,0.47489558193680276,0.44,1,0.04434277880541464,-0.02840364955787952
2017-01-19,60,0,candidate_risk_off,0,0.5170606304931125,0.44,1,0.0431694883513041,0.005772464643052377
2017-01-18,60,0,candidate_risk_off,0,0.5130579423252402,0.44,1,0.04209971669828467,-0.001420631614375255
2016-08-01,60,0,candidate_risk_off,0,0.5669646200931486,0.44,1,0.0419823685596764,-0.03290858739396242
2016-07-12,60,0,candidate_risk_off,0,0.5718048120719968,0.44,1,0.04182073677064207,-0.049003421085247516
2016-07-28,60,0,candidate_risk_off,0,0.5718048120719968,0.44,1,0.04127354669285266,-0.04632872875180752
2016-07-21,60,0,candidate_risk_off,0,0.541496163258772,0.44,1,0.040746184681617975,-0.05001975070620478
2016-05-18,60,0,candidate_risk_off,0,0.5432118359519401,0.44,1,0.040736522155250254,-0.029526350362296592
2016-11-07,60,0,candidate_risk_off,0,0.4763390011486375,0.44,1,0.04036738620258922,-0.03417575722310431
2015-08-18,60,0,candidate_risk_off,0,0.6763308010052571,0.44,1,0.03938840736162897,-0.09633962957075615
2016-07-29,60,0,candidate_risk_off,0,0.5718048120719968,0.44,1,0.03877952557298694,-0.03882890362288271
2016-11-11,60,0,candidate_risk_off,0,0.4673014138585389,0.44,1,0.03855794940428877,-0.04165358774420524
2016-01-11,60,0,candidate_risk_off,0,0.6385567718150397,0.44,1,0.0376427297945106,-0.0666882839304991
2016-07-20,60,0,candidate_risk_off,0,0.541496163258772,0.44,1,0.0371208514879925,-0.05106534000613313
2016-11-08,60,0,candidate_risk_off,0,0.4673014138585389,0.44,1,0.03711706446077357,-0.03761127074578335
2016-11-10,60,0,candidate_risk_off,0,0.4673014138585389,0.44,1,0.03706781334560427,-0.04013594672120579
2017-01-13,60,0,candidate_risk_off,0,0.518864777481453,0.44,1,0.03692687568774705,-0.010447637218002384
2016-07-07,60,0,candidate_risk_off,0,0.5718048120719968,0.44,1,0.03654859775353394,-0.052367009656692366
2016-07-08,60,0,candidate_risk_off,0,0.5718048120719968,0.44,1,0.03633023098369794,-0.04866947551527136
2015-08-14,60,0,candidate_risk_off,0,0.6196335602028499,0.44,1,0.03606322333522335,-0.11140940374602974
2015-09-07,60,0,candidate_risk_off,0,0.5379047989137166,0.44,1,0.032392716288277196,0.011217549444434127
2016-05-12,60,0,candidate_risk_off,0,0.5411008815081024,0.44,1,0.03186611120838672,-0.012791388257337128
2016-01-13,60,0,candidate_risk_off,0,0.6300795424869592,0.44,1,0.031011190310542676,-0.07115960344177402
2016-11-01,60,0,candidate_risk_off,0,0.4680408472683005,0.44,1,0.030106795409646836,-0.03781820909367569
2015-08-13,60,0,candidate_risk_off,0,0.5919488243135547,0.44,1,0.0300034108307941,-0.12024922163853247
2016-06-23,60,0,candidate_risk_off,0,0.5489688680991764,0.44,1,0.029669201235751123,-0.018355875147241053
2016-08-10,60,0,candidate_risk_off,0,0.5669646200931486,0.44,1,0.029334301883070703,0.004585893359010063
2015-12-10,60,0,candidate_risk_off,0,0.6206512963618163,0.44,1,0.02850056737257336,-0.07235452783110766
2016-05-11,60,0,candidate_risk_off,0,0.5350320869331187,0.44,1,0.02817947181914894,-0.015955689777075316
2016-08-12,60,0,candidate_risk_off,0,0.555888144150773,0.44,1,0.02771918644583085,-0.00673289868815059
2016-08-18,60,0,candidate_risk_off,0,0.555888144150773,0.44,1,0.027691436136911798,-0.014238479518170689
2016-01-12,60,0,candidate_risk_off,0,0.6347980708586897,0.44,1,0.027237065233285528,-0.07807746178372707
2016-05-13,60,0,candidate_risk_off,0,0.5432118359519401,0.44,1,0.02676604008374979,-0.010665363285278569
2016-08-17,60,0,candidate_risk_off,0,0.555888144150773,0.44,1,0.026385730080947408,-0.014026544551135549
2016-07-14,60,0,candidate_risk_off,0,0.5159500954416634,0.44,1,0.02555964527396645,-0.06075681342696034
2015-12-11,60,0,candidate_risk_off,0,0.6287607910871335,0.44,1,0.025496163836631534,-0.0766054257634083
2016-08-15,60,0,candidate_risk_off,0,0.555888144150773,0.44,1,0.025436835882826022,-0.012450762773834547
2016-08-22,60,0,candidate_risk_off,0,0.5677049470510167,0.44,1,0.024897302360009185,-0.009732771501822725
2015-03-23,60,0,candidate_risk_off,0,0.5642839941067042,0.44,1,0.023902348567309096,-0.0763026371815321
2016-08-23,60,0,candidate_risk_off,0,0.5677049470510167,0.44,1,0.023153625485020618,-0.011980577800474056
2016-10-31,60,0,candidate_risk_off,0,0.4870462682521278,0.44,1,0.022763497903433516,-0.03663512702725705
2015-05-26,60,0,candidate_risk_off,0,0.6923239260082382,0.44,1,0.02269536674739212,-0.0012701998743992523
2016-08-25,60,0,candidate_risk_off,0,0.5670861650215614,0.44,1,0.022152210508372627,-0.010978801841280507
2016-05-16,60,0,candidate_risk_off,0,0.5436260399466406,0.44,1,0.021972552085771185,-0.0187528034201796
2016-07-19,60,0,candidate_risk_off,0,0.541496163258772,0.44,1,0.021760436759723372,-0.0623604707079545
2016-01-08,60,0,candidate_risk_off,0,0.633884069159281,0.44,1,0.02170715492742346,-0.07058838906020114
2015-12-14,60,0,candidate_risk_off,0,0.6287607910871335,0.44,1,0.020805847934420515,-0.07445555597076323
2016-08-24,60,0,candidate_risk_off,0,0.5670861650215614,0.44,1,0.020669629180744484,-0.014420102318385322
2016-05-17,60,0,candidate_risk_off,0,0.5471854195855428,0.44,1,0.01995169542451313,-0.033214616249563386
2015-05-27,60,0,candidate_risk_off,0,0.6923239260082382,0.44,1,0.01982062614286951,0.002503571539868269
2015-12-07,60,0,candidate_risk_off,0,0.6318239937914361,0.44,1,0.019485300189815608,-0.07694258915775633
2015-09-15,60,0,candidate_risk_off,0,0.5769063823561881,0.44,1,0.01913159932897228,-0.0036995577830523387
2015-12-09,60,0,candidate_risk_off,0,0.6158863567158702,0.44,1,0.01877174767721587,-0.07974197441282513
2016-08-29,60,0,candidate_risk_off,0,0.555888144150773,0.44,1,0.01845614232950751,-0.02745582265439354
2016-08-16,60,0,candidate_risk_off,0,0.555888144150773,0.44,1,0.018293606205106158,-0.01038637126365065
2016-07-13,60,0,candidate_risk_off,0,0.5624178506215088,0.44,1,0.017909524228833445,-0.07332209601518438
2016-09-16,60,0,candidate_risk_off,0,0.5576908347139291,0.44,1,0.017894845964374177,0.000276327910877222
2015-05-25,60,0,candidate_risk_off,0,0.6923239260082382,0.44,1,0.017867834421328284,0.006162147203828059
2016-08-19,60,0,candidate_risk_off,0,0.5677049470510167,0.44,1,0.016131193850691776,-0.01670270789735502
2015-12-15,60,0,candidate_risk_off,0,0.5948342242719267,0.44,1,0.015842157586329314,-0.08468374232360405
2016-08-30,60,0,candidate_risk_off,0,0.5598408083363339,0.44,1,0.015474225116436613,-0.03226914829249882
2015-12-22,60,0,candidate_risk_off,0,0.6369180198495337,0.44,1,0.014653304098396793,-0.08177458524917523
2016-07-15,60,0,candidate_risk_off,0,0.5159500954416634,0.44,1,0.014386802765194986,-0.057556810696289325
2015-12-25,60,0,candidate_risk_off,0,0.6843445549120175,0.44,1,0.014081167426526793,-0.08410258757039588
2016-10-27,60,0,candidate_risk_off,0,0.4870462682521278,0.44,1,0.013733013152006738,-0.03826150426162951
2016-07-18,60,0,candidate_risk_off,0,0.5159500954416634,0.44,1,0.013069381961900132,-0.0709196390158919
2016-10-26,60,0,candidate_risk_off,0,0.4870462682521278,0.44,1,0.012832791599893686,-0.03338926117069038
2015-09-24,60,0,candidate_risk_off,0,0.6419162417215959,0.44,1,0.011958028421702358,-0.0162826569358425
2015-12-16,60,0,candidate_risk_off,0,0.5948342242719267,0.44,1,0.011651359007185511,-0.09266239146180098
2015-12-23,60,0,candidate_risk_off,0,0.637362325396715,0.44,1,0.011260725371526304,-0.07809518395327551
2016-01-07,60,0,candidate_risk_off,0,0.6422722081883095,0.44,1,0.010976749673113568,-0.08002501998505156
2016-10-25,60,0,candidate_risk_off,0,0.5163487439390467,0.44,1,0.010445418849726369,-0.03719726553523301
2015-12-24,60,0,candidate_risk_off,0,0.6524754168502346,0.44,1,0.010384455277106925,-0.0814567100654863
2016-09-01,60,0,candidate_risk_off,0,0.5677049470510167,0.44,1,0.009932724071923133,-0.027082306443182765
2016-10-24,60,0,candidate_risk_off,0,0.5283249253584937,0.44,1,0.009818604926438311,-0.03991473877746396
2016-08-11,60,0,candidate_risk_off,0,0.555888144150773,0.44,1,0.009781761077329726,-0.013617685942373565
2016-08-26,60,0,candidate_risk_off,0,0.5670861650215614,0.44,1,0.009746433446222006,-0.024928132648015074
2015-10-02,60,0,candidate_risk_off,0,0.6364168455331739,0.44,1,0.00948696472690894,-0.002261095012379402
2015-09-29,60,0,candidate_risk_off,0,0.6372371256168008,0.44,1,0.009152732536548896,-0.0002673248815187445
2015-03-19,60,0,candidate_risk_off,0,0.6488586625175438,0.44,1,0.008901595291331303,-0.08128242259618128
2015-09-11,60,0,candidate_risk_off,0,0.5818530463256755,0.44,1,0.00857379017881935,-0.009841115657749972
2015-03-20,60,0,candidate_risk_off,0,0.6488586625175438,0.44,1,0.008496404255530764,-0.08424105612631724
2015-03-17,60,0,candidate_risk_off,0,0.6488586625175438,0.44,1,0.008080575366271839,-0.0951640821162757
2015-12-04,60,0,candidate_risk_off,0,0.5634648746827343,0.44,1,0.007980387703685223,-0.09103675854919563
2016-10-18,60,0,candidate_risk_off,0,0.5434676391615966,0.44,1,0.007508178831570615,-0.04579693567374171
2015-12-18,60,0,candidate_risk_off,0,0.6369180198495337,0.44,1,0.00717263805471129,-0.08500059352940915
2016-10-28,60,0,candidate_risk_off,0,0.4870462682521278,0.44,1,0.007156449412412996,-0.046134112335515405
2015-12-21,60,0,candidate_risk_off,0,0.6369180198495337,0.44,1,0.0070486576890359,-0.08274524493271061
2015-09-08,60,0,candidate_risk_off,0,0.569861485488195,0.44,1,0.006490045908743662,-0.009805825484295089
2016-09-07,60,0,candidate_risk_off,0,0.5670861650215614,0.44,1,0.005714947510549343,-0.015191631421366996
2016-08-31,60,0,candidate_risk_off,0,0.5677049470510167,0.44,1,0.00524834699443168,-0.03517867309420773
2015-10-01,60,0,candidate_risk_off,0,0.667507520231883,0.44,1,0.004656070586807295,-0.004446111647571534
2016-09-15,60,0,candidate_risk_off,0,0.5576908347139291,0.44,1,0.00412145944489734,-0.00744942220781803
2015-09-10,60,0,candidate_risk_off,0,0.5764463052954417,0.44,1,0.004029836671671533,-0.019201832404471576
2015-09-09,60,0,candidate_risk_off,0,0.569861485488195,0.44,1,0.0036276156841815663,-0.019673691274998076
2015-09-28,60,0,candidate_risk_off,0,0.6372371256168008,0.44,1,0.003569602122166672,-0.006821114979436444
2015-03-16,60,0,candidate_risk_off,0,0.6258179506093019,0.44,1,0.003317493782014359,-0.09351255407780255
2015-09-30,60,0,candidate_risk_off,0,0.6372371256168008,0.44,1,0.0028928683510600576,-0.0028477877711078382
2015-03-18,60,0,candidate_risk_off,0,0.6488586625175438,0.44,1,0.002881722053242296,-0.08985573832860572
2016-09-19,60,0,candidate_risk_off,0,0.5670861650215614,0.44,1,0.002747442130793339,-0.009775696845099486
2015-09-14,60,0,candidate_risk_off,0,0.5769063823561881,0.44,1,0.0025759702996196155,-0.0017447661455104219
2015-09-16,60,0,candidate_risk_off,0,0.5769063823561881,0.44,1,0.0018949294186392967,-0.005225192281559618
2016-09-23,60,0,candidate_risk_off,0,0.555888144150773,0.44,1,0.001586066665641345,-0.034101585902153245
2016-09-05,60,0,candidate_risk_off,0,0.5677049470510167,0.44,1,0.001112915954369211,-0.020124400525286464
2016-09-08,60,0,candidate_risk_off,0,0.5670861650215614,0.44,1,0.0007053826993461109,-0.022409050780284573
2016-09-12,60,0,candidate_risk_off,0,0.5670861650215614,0.44,1,0.0006818337044533605,-0.012890413183044788
2016-10-17,60,0,candidate_risk_off,0,0.5591967566594891,0.44,1,0.0001762088666988052,-0.044226834762033984
2015-10-05,60,0,candidate_risk_off,0,0.6411005830440558,0.44,1,-0.00017545398764200334,-0.01584415659994093
2015-10-07,60,0,candidate_risk_off,0,0.6264838678633561,0.44,1,-0.00020707149217231063,-0.032494245043917507
2015-09-23,60,0,candidate_risk_off,0,0.6492953439512454,0.44,1,-0.00029687322858124656,-0.020604736859274685
2015-12-01,60,0,candidate_risk_off,0,0.5931223359738632,0.44,1,-0.00040330005193364997,-0.08891772410566506
2015-12-03,60,0,candidate_risk_off,0,0.5834864705890009,0.44,1,-0.0012717439411648473,-0.09585352178876953
2016-10-20,60,0,candidate_risk_off,0,0.5105762674462033,0.44,1,-0.0019395536358458468,-0.05218393205012582
2015-12-17,60,0,candidate_risk_off,0,0.5496256358003804,0.44,1,-0.0022377777286082794,-0.10059521318865243
2015-09-17,60,0,candidate_risk_off,0,0.6231500014245378,0.44,1,-0.002563373662250936,-0.002563373662250936
2016-09-09,60,0,candidate_risk_off,0,0.5677049470510167,0.44,1,-0.002612574870804207,-0.02362440034283753
2016-10-19,60,0,candidate_risk_off,0,0.5196974094434538,0.44,1,-0.0028055402346592044,-0.05581955934595615
2015-12-28,60,0,candidate_risk_off,0,0.6805214189278084,0.44,1,-0.002846651837077515,-0.08802323044340647
2016-10-10,60,0,candidate_risk_off,0,0.5296136620513205,0.44,1,-0.0032387489312007875,-0.034249923043078584
2015-09-25,60,0,candidate_risk_off,0,0.6419162417215959,0.44,1,-0.0038645354447997943,-0.01651060114310143
2016-09-26,60,0,candidate_risk_off,0,0.5598408083363339,0.44,1,-0.004010750028164159,-0.03846830810891802
2015-12-08,60,0,candidate_risk_off,0,0.6206769352377364,0.44,1,-0.004258816413803879,-0.09545300982465098
2016-09-14,60,0,candidate_risk_off,0,0.5670861650215614,0.44,1,-0.004747484435231837,-0.008150203760240046
2015-09-18,60,0,candidate_risk_off,0,0.6313977831857509,0.44,1,-0.004992574636288126,-0.009243472568588824
2016-09-21,60,0,candidate_risk_off,0,0.555888144150773,0.44,1,-0.0050089335541124115,-0.025744431115268605
2016-10-14,60,0,candidate_risk_off,0,0.5513001726991728,0.44,1,-0.006469206320008311,-0.053072244969416954
2015-12-02,60,0,candidate_risk_off,0,0.5834864705890009,0.44,1,-0.0070404986797489135,-0.09592315967180591
2016-10-13,60,0,candidate_risk_off,0,0.5473328262254197,0.44,1,-0.007955911066636763,-0.05049250107571989
2016-09-22,60,0,candidate_risk_off,0,0.555888144150773,0.44,1,-0.008165752395340398,-0.030073248347677512
2016-09-06,60,0,candidate_risk_off,0,0.5598408083363339,0.44,1,-0.0085315456676591,-0.0191458163830584
2015-10-06,60,0,candidate_risk_off,0,0.6376467008379322,0.44,1,-0.008638765519573051,-0.035457567509417
2015-03-13,60,0,candidate_risk_off,0,0.6000643218997886,0.44,1,-0.00865361181350099,-0.10259651404959994
2015-09-22,60,0,candidate_risk_off,0,0.6798387655939041,0.44,1,-0.009113277232865492,-0.02144249172536197
2016-10-12,60,0,candidate_risk_off,0,0.5473328262254197,0.44,1,-0.009777292854192666,-0.046427217049272176
2016-10-21,60,0,candidate_risk_off,0,0.5182267666712183,0.44,1,-0.010111843829976954,-0.04990858502625456
2015-05-28,60,0,candidate_risk_off,0,0.6522621213062019,0.44,1,-0.011020942324114389,-0.011020942324114389
2015-12-29,60,0,candidate_risk_off,0,0.6190862204697101,0.44,1,-0.01113255259343141,-0.09917332982095152
2016-10-11,60,0,candidate_risk_off,0,0.5473328262254197,0.44,1,-0.011289230178938993,-0.046295330559386325
2015-06-17,60,0,candidate_risk_off,0,0.6724032741821199,0.44,1,-0.011816565805651056,-0.09401021492574256
2015-06-05,60,0,candidate_risk_off,0,0.641927261302661,0.44,1,-0.012533455623895415,-0.09262725621136689
2016-09-13,60,0,candidate_risk_off,0,0.5598408083363339,0.44,1,-0.01255345532701905,-0.012829783237896348
2016-09-20,60,0,candidate_risk_off,0,0.555888144150773,0.44,1,-0.013216887009592738,-0.018070856651722624
2015-10-08,60,0,candidate_risk_off,0,0.6134150124842325,0.44,1,-0.013295672822838658,-0.04485775829640991
2015-06-16,60,0,candidate_risk_off,0,0.6724032741821199,0.44,1,-0.013898149429459912,-0.0965636574200779
2015-06-26,60,0,candidate_risk_off,0,0.6828560181685815,0.44,1,-0.0166920425957018,-0.09897308978784734
2015-03-10,60,0,candidate_risk_off,0,0.5867702874311518,0.44,1,-0.01681114247628739,-0.10865219017248194
2016-01-05,60,0,candidate_risk_off,0,0.6103974404744906,0.44,1,-0.01702304303265905,-0.0880934157325988
2015-09-21,60,0,candidate_risk_off,0,0.6559641915482322,0.44,1,-0.01745552721838878,-0.019556555358044375
2015-03-09,60,0,candidate_risk_off,0,0.5906504963879866,0.44,1,-0.017779998776090586,-0.10658105794922747
2015-11-30,60,0,candidate_risk_off,0,0.5852267498257485,0.44,1,-0.02051607085026652,-0.09379701955646956
2015-03-11,60,0,candidate_risk_off,0,0.5723726892608629,0.44,1,-0.020792990357269996,-0.10334695752867165
2015-06-09,60,0,candidate_risk_off,0,0.6919868334540148,0.44,1,-0.021394577363150983,-0.08638016420963167
2015-10-09,60,0,candidate_risk_off,0,0.6161346714158686,0.44,1,-0.023417533872396146,-0.0469687566969646
2015-06-04,60,0,candidate_risk_off,0,0.6919868334540148,0.44,1,-0.02343635004942039,-0.07679514688489758
2015-05-29,60,0,candidate_risk_off,0,0.6902426481515244,0.44,1,-0.023556415831546273,-0.023556415831546273
2015-02-03,60,0,candidate_risk_off,0,0.5073191670624605,0.44,1,-0.023706050772139622,-0.033860109141470716
2015-06-18,60,0,candidate_risk_off,0,0.6724032741821199,0.44,1,-0.023730725046708093,-0.0965636574200779
2015-06-08,60,0,candidate_risk_off,0,0.641927261302661,0.44,1,-0.026351801780865554,-0.09566724473442448
2015-10-13,60,0,candidate_risk_off,0,0.6215848829024799,0.44,1,-0.027923318223417152,-0.051753048943744204
2015-02-02,60,0,candidate_risk_off,0,0.505705411224195,0.44,1,-0.033335231625659885,-0.05673669196082022
2015-02-27,60,0,candidate_risk_off,0,0.600516236056562,0.44,1,-0.033635650167640085,-0.11357510005802932
2015-02-04,60,0,candidate_risk_off,0,0.5073191670624605,0.44,1,-0.03374494975284245,-0.04097414193283668
2015-06-15,60,0,candidate_risk_off,0,0.6724032741821199,0.44,1,-0.03427321232086245,-0.10707085452077748
2015-06-10,60,0,candidate_risk_off,0,0.6919868334540148,0.44,1,-0.03509754074783222,-0.08573588477903746
2015-03-02,60,0,candidate_risk_off,0,0.6042462791496492,0.44,1,-0.03649492731239472,-0.11046515079240488
2015-01-30,60,0,candidate_risk_off,0,0.5721948441265948,0.44,1,-0.03814434019685692,-0.0666806000040559
2015-10-12,60,0,candidate_risk_off,0,0.6215848829024799,0.44,1,-0.038144447407584305,-0.0538833353090755
2015-06-03,60,0,candidate_risk_off,0,0.6919868334540148,0.44,1,-0.039527856636786846,-0.07487763448883307
2015-02-05,60,0,candidate_risk_off,0,0.4679319182103738,0.44,1,-0.042279850935916255,-0.0511105013370745
2017-11-02,60,1,multiclass_probability_sum,0,0.4662706309089524,0.35,1,0.28747799204339186,0.012690858654217072
2017-10-31,60,1,multiclass_probability_sum,0,0.448547244647597,0.35,1,0.2870249676318693,-0.005016863076016063
2017-11-01,60,1,multiclass_probability_sum,0,0.4226700042729662,0.35,1,0.2753122085647008,-0.011481209779218507
2017-11-03,60,1,multiclass_probability_sum,0,0.4453313726255403,0.35,1,0.27460702784684043,0.006332649558034385
2017-10-30,60,1,multiclass_probability_sum,0,0.41302441158611025,0.35,1,0.26763811220373457,-0.014431606194020018
2017-11-07,60,1,multiclass_probability_sum,0,0.4608785586473647,0.35,1,0.26201230295704625,0.01095898174574021
2017-11-06,60,1,multiclass_probability_sum,0,0.44702681512863934,0.35,1,0.25860022601732696,0.0014593216745251917
2017-12-13,60,1,multiclass_probability_sum,0,0.5824225831980754,0.35,1,0.22635776573553373,0.011572759243244145
2017-12-15,60,1,multiclass_probability_sum,0,0.5922553818461379,0.35,1,0.22349423193756737,0.01158835434427728
2017-12-11,60,1,multiclass_probability_sum,0,0.6084353082554833,0.35,1,0.2160971475633744,0.00754679586926295
2017-12-12,60,1,multiclass_probability_sum,0,0.5558810065738973,0.35,1,0.21545920873200988,-0.0030783379694745215
2017-12-14,60,1,multiclass_probability_sum,0,0.5691411222514222,0.35,1,0.21419407649259062,-0.0007375695814352092
2017-12-21,60,1,multiclass_probability_sum,0,0.49051518517269094,0.35,1,0.21393057618209468,0.006595120776870579
2017-12-27,60,1,multiclass_probability_sum,0,0.4926349260401969,0.35,1,0.2115406569193011,0.00849283834735672
2017-12-22,60,1,multiclass_probability_sum,0,0.4677126189958311,0.35,1,0.20777061456515203,0.006270203676223206
2017-12-20,60,1,multiclass_probability_sum,0,0.4967246644789799,0.35,1,0.20565130690151953,-0.007843920674710807
2017-12-18,60,1,multiclass_probability_sum,0,0.5070242302087018,0.35,1,0.20186368371643487,-0.012604414502073672
2017-11-17,60,1,multiclass_probability_sum,0,0.5232102531050369,0.35,1,0.19931842883100198,0.014335005594107077
2017-11-08,60,1,multiclass_probability_sum,0,0.4883460430166988,0.35,1,0.19873262523002136,0.0008139062131764306
2017-12-25,60,1,multiclass_probability_sum,0,0.4630915633813961,0.35,1,0.19704602245617125,0.007920051377935255
2017-12-28,60,1,multiclass_probability_sum,0,0.4916857426143768,0.35,1,0.19607055851665042,0.007669750391313547
2017-09-11,60,1,multiclass_probability_sum,0,0.44761340681702677,0.35,1,0.19587247344498723,0.000664381053225999
2017-12-26,60,1,multiclass_probability_sum,0,0.48167404683015036,0.35,1,0.19547237865468559,0.002615813194467048
2017-12-19,60,1,multiclass_probability_sum,0,0.5128625351160907,0.35,1,0.19267849254763153,-0.005649613441783947
2017-12-29,60,1,multiclass_probability_sum,0,0.5579049863557254,0.35,1,0.19113209735221476,0.011646537470923812
2017-12-08,60,1,multiclass_probability_sum,0,0.5559987418670349,0.35,1,0.19105662412966934,-0.02445199101449514
2017-10-03,60,1,multiclass_probability_sum,0,0.39401160748484937,0.35,1,0.19098277036896763,0.009019353445915153
2017-12-07,60,1,multiclass_probability_sum,0,0.5638704523127038,0.35,1,0.1884551607185371,-0.022844590239408505
2017-08-29,60,1,multiclass_probability_sum,0,0.4544136236168934,0.35,1,0.18643008604042718,0.005951018412835604
2017-11-21,60,1,multiclass_probability_sum,0,0.5819416298045773,0.35,1,0.18312888263912036,-0.0009260520885138314
2017-09-06,60,1,multiclass_probability_sum,0,0.44676953611823444,0.35,1,0.18219553284923837,0.003986749669816703
2017-08-30,60,1,multiclass_probability_sum,0,0.40399159709991733,0.35,1,0.18159353654853266,0.005264484654657145
2017-11-23,60,1,multiclass_probability_sum,0,0.600793304963345,0.35,1,0.18158050187287342,-0.017557104958917647
2017-11-24,60,1,multiclass_probability_sum,0,0.5879230405768827,0.35,1,0.18130205063138902,-0.019557886679932367
2017-09-08,60,1,multiclass_probability_sum,0,0.4826040174761994,0.35,1,0.18116637160172364,-0.0046663873950804164
2017-11-10,60,1,multiclass_probability_sum,0,0.506494339649917,0.35,1,0.18107107761686844,0.012738005198996446
2018-01-02,60,1,multiclass_probability_sum,0,0.5422209493838346,0.35,1,0.18085260262765956,0.008171230286904974
2017-08-31,60,1,multiclass_probability_sum,0,0.43871624691152056,0.35,1,0.1783298336148902,0.007597921361072353
2017-11-22,60,1,multiclass_probability_sum,0,0.5942278992750233,0.35,1,0.1781473517951078,-0.016442636037976684
2017-10-02,60,1,multiclass_probability_sum,0,0.37631333710744197,0.35,1,0.17777596664632872,-0.00528675234470351
2018-01-03,60,1,multiclass_probability_sum,0,0.5986973401543791,0.35,1,0.17663423685085378,-0.001721727526594451
2017-09-07,60,1,multiclass_probability_sum,0,0.4662986405710865,0.35,1,0.17588499804586127,0.0009409167731986523
2017-09-12,60,1,multiclass_probability_sum,0,0.4281808459728471,0.35,1,0.1753929246442457,-0.0024281274054779637
2017-11-28,60,1,multiclass_probability_sum,0,0.574405429517536,0.35,1,0.17499745673505285,-0.02556819900018431
2017-11-20,60,1,multiclass_probability_sum,0,0.5112122112925546,0.35,1,0.17470217252977985,0.015266633686789648
2017-09-01,60,1,multiclass_probability_sum,0,0.43602678181308463,0.35,1,0.17397600051226342,0.004528672416230451
2017-09-25,60,1,multiclass_probability_sum,0,0.4234676420799497,0.35,1,0.1733478916101285,-0.009453917429883623
2017-11-27,60,1,multiclass_probability_sum,0,0.5998618679579654,0.35,1,0.17291789572232436,-0.02280197493837821
2017-12-06,60,1,multiclass_probability_sum,0,0.5653665025895733,0.35,1,0.17270964108760595,-0.03237660076652726
2017-09-05,60,1,multiclass_probability_sum,0,0.4512871013338884,0.35,1,0.17221355215783907,0.0015638205802595974
2017-11-16,60,1,multiclass_probability_sum,0,0.562035822039693,0.35,1,0.1714068460520544,-0.00236614837698056
2017-09-27,60,1,multiclass_probability_sum,0,0.4205436498997954,0.35,1,0.17083675406096108,-0.007204561151688256
2017-09-29,60,1,multiclass_probability_sum,0,0.3901583947734664,0.35,1,0.168779591923093,-0.008012923391715962
2018-01-05,60,1,multiclass_probability_sum,0,0.5683440789962074,0.35,1,0.16818300444794015,-0.008638398646246962
2017-08-28,60,1,multiclass_probability_sum,0,0.45709756878537594,0.35,1,0.16674921989010685,-0.004164282200857504
2017-09-26,60,1,multiclass_probability_sum,0,0.44049404636867656,0.35,1,0.16667863989284284,-0.009168368086879443
2018-01-04,60,1,multiclass_probability_sum,0,0.595932056371379,0.35,1,0.16636589649502648,-0.015625240687925628
2017-09-13,60,1,multiclass_probability_sum,0,0.473215997459315,0.35,1,0.16589397949081786,-0.0059721063568633085
2017-11-15,60,1,multiclass_probability_sum,0,0.5466989081049917,0.35,1,0.16583489988329345,0.009135676639694001
2017-11-30,60,1,multiclass_probability_sum,0,0.5843594248530863,0.35,1,0.1649545616751063,-0.034790215138282746
2017-12-05,60,1,multiclass_probability_sum,0,0.5989265789465801,0.35,1,0.16419433210805096,-0.038331566968569715
2017-11-09,60,1,multiclass_probability_sum,0,0.46529155686978085,0.35,1,0.16189111740223522,0.009036223488976682
2017-09-28,60,1,multiclass_probability_sum,0,0.4466063321095838,0.35,1,0.1616873420564185,-0.008510052481519854
2017-08-25,60,1,multiclass_probability_sum,0,0.4840017663738683,0.35,1,0.15782628831958273,0.0031054720039218474
2017-09-15,60,1,multiclass_probability_sum,0,0.44316266439728236,0.35,1,0.15418968104161918,-0.009751795054029832
2017-08-23,60,1,multiclass_probability_sum,0,0.49573417216329585,0.35,1,0.15320653188789266,0.004935709189755941
2017-09-14,60,1,multiclass_probability_sum,0,0.4780688895792523,0.35,1,0.1519619867237486,-0.010372088596813812
2017-09-21,60,1,multiclass_probability_sum,0,0.4523380635768315,0.35,1,0.15194300651290463,-0.0074036032621916815
2017-11-13,60,1,multiclass_probability_sum,0,0.5390387233365254,0.35,1,0.15156748929096442,0.0017724860342018419
2017-08-22,60,1,multiclass_probability_sum,0,0.5194879491183606,0.35,1,0.14788581138354706,0.006181104512328893
2017-12-04,60,1,multiclass_probability_sum,0,0.5527757817579418,0.35,1,0.14746578366544155,-0.05571860731060735
2017-09-22,60,1,multiclass_probability_sum,0,0.46394775418191514,0.35,1,0.14723289188870745,-0.011376148304953575
2017-12-01,60,1,multiclass_probability_sum,0,0.5589972683269488,0.35,1,0.14687228503679342,-0.04567889286242426
2017-08-24,60,1,multiclass_probability_sum,0,0.4705162196646487,0.35,1,0.14590467432115628,0.002413391595680737
2017-09-19,60,1,multiclass_probability_sum,0,0.4621121138434975,0.35,1,0.14022632626986883,-0.009888292650022626
2017-11-29,60,1,multiclass_probability_sum,0,0.5887372599180188,0.35,1,0.13840846725192135,-0.03711400027184329
2017-09-20,60,1,multiclass_probability_sum,0,0.43335381884653024,0.35,1,0.1372348482511868,-0.009801432699230157
2018-07-11,60,1,multiclass_probability_sum,0,0.4150588015717167,0.35,1,0.13633490681730856,0.005972099662405361
2017-08-21,60,1,multiclass_probability_sum,0,0.48526305629867705,0.35,1,0.13612626182834187,-0.009842895060583362
2017-08-18,60,1,multiclass_probability_sum,0,0.48090434003973787,0.35,1,0.13411966904039146,-0.010077001814331825
2018-01-08,60,1,multiclass_probability_sum,0,0.5284777932418341,0.35,1,0.13188887716471906,-0.01870947195321954
2017-11-14,60,1,multiclass_probability_sum,0,0.5443688060634143,0.35,1,0.13074342539399228,0.0019166544946218964
2017-09-18,60,1,multiclass_probability_sum,0,0.45983176888137367,0.35,1,0.1271969280433359,-0.012292557037818017
2018-01-09,60,1,multiclass_probability_sum,0,0.5405725811519269,0.35,1,0.12657246621741852,-0.02907689507934035
2017-08-17,60,1,multiclass_probability_sum,0,0.5144899223064577,0.35,1,0.12317788445241806,-0.00828078120330861
2018-07-05,60,1,multiclass_probability_sum,0,0.38596051471889004,0.35,1,0.12301234048477185,-0.006962138176787398
2019-01-03,60,1,multiclass_probability_sum,0,0.46646233011538446,0.35,1,0.1166817181415943,0.0030469803918394887
2019-01-04,60,1,multiclass_probability_sum,0,0.4696700987783754,0.35,1,0.11601307676687435,0.00739680131465438
2018-07-12,60,1,multiclass_probability_sum,0,0.38673114829600963,0.35,1,0.11537244274264669,0.012399024033988104
2019-01-07,60,1,multiclass_probability_sum,0,0.5176928629890478,0.35,1,0.11449541081675378,-0.002475973083838974
2018-07-10,60,1,multiclass_probability_sum,0,0.3842165389399368,0.35,1,0.11327537430156055,-0.019908875806276073
2017-08-15,60,1,multiclass_probability_sum,0,0.5293488083076466,0.35,1,0.10881729963329363,-0.01279123632027987
2018-01-10,60,1,multiclass_probability_sum,0,0.5719156422343912,0.35,1,0.10854969133022836,-0.03346949362639554
2018-07-03,60,1,multiclass_probability_sum,0,0.4429014499259989,0.35,1,0.10826905314107219,-0.01428460734984051
2019-01-08,60,1,multiclass_probability_sum,0,0.495686030940389,0.35,1,0.10782749629981277,0.010703800294231512
2018-07-09,60,1,multiclass_probability_sum,0,0.3650911975871747,0.35,1,0.10731572337053243,-0.0242894680575984
2017-08-16,60,1,multiclass_probability_sum,0,0.4678047608708161,0.35,1,0.10638123373757066,-0.016041208429179346
2018-12-28,60,1,multiclass_probability_sum,0,0.5103104882931357,0.35,1,0.09939230768860045,-0.01617419885276119
2019-01-02,60,1,multiclass_probability_sum,0,0.49238065335263037,0.35,1,0.0989074432534681,-0.015288692515090354
2018-12-26,60,1,multiclass_probability_sum,0,0.4702486937401532,0.35,1,0.09514195707703776,-0.015288692515090354
2017-08-11,60,1,multiclass_probability_sum,0,0.5258215028884088,0.35,1,0.09507701616125239,-0.014113216372055796
2018-01-12,60,1,multiclass_probability_sum,0,0.591153900509185,0.35,1,0.09371513597067803,-0.04496266205944362
2019-01-10,60,1,multiclass_probability_sum,0,0.5072155247551959,0.35,1,0.09310155514253404,0.003888677751822909
2018-12-27,60,1,multiclass_probability_sum,0,0.5152832619359392,0.35,1,0.09292463259665995,-0.02539722684323625
2018-01-11,60,1,multiclass_probability_sum,0,0.5760584276363008,0.35,1,0.09140224961588507,-0.04311352795647718
2017-08-14,60,1,multiclass_probability_sum,0,0.5005304025534143,0.35,1,0.09125294107929362,-0.0193966131285396
2018-07-13,60,1,multiclass_probability_sum,0,0.39182635905664454,0.35,1,0.09073087239873175,0.0015267765469735056
2018-12-25,60,1,multiclass_probability_sum,0,0.5129836736881008,0.35,1,0.09048552313502464,-0.02220611920129178
2019-01-09,60,1,multiclass_probability_sum,0,0.49811648239493744,0.35,1,0.09045494073523914,0.0014593745105250825
2018-07-16,60,1,multiclass_probability_sum,0,0.3900857272438393,0.35,1,0.08927436604066341,0.011089516498359106
2017-05-15,60,1,multiclass_probability_sum,0,0.4189069299960473,0.35,1,0.08914370365093159,-0.0004412636759916707
2017-05-16,60,1,multiclass_probability_sum,0,0.43886470009778134,0.35,1,0.08780528177309994,0.0026996889718125046
2017-08-10,60,1,multiclass_probability_sum,0,0.5193714225188701,0.35,1,0.08699737002170183,-0.01586021295357208
2017-07-24,60,1,multiclass_probability_sum,0,0.4970798798389463,0.35,1,0.08638706512503687,0.001998685740961206
2017-05-08,60,1,multiclass_probability_sum,0,0.38522854783494287,0.35,1,0.08616825208936223,0.0045108579788218
2017-05-09,60,1,multiclass_probability_sum,0,0.3584953966422696,0.35,1,0.08580931428567051,0.003041995681085968
2017-04-17,60,1,multiclass_probability_sum,0,0.44649178014252716,0.35,1,0.08535818636071416,-0.0045826040250256765
2019-01-11,60,1,multiclass_probability_sum,0,0.5023171198548231,0.35,1,0.08510603545235491,-0.00100858413324493
2017-04-18,60,1,multiclass_probability_sum,0,0.4217888209308872,0.35,1,0.08492741816196023,-0.010333938473448524
2017-05-11,60,1,multiclass_probability_sum,0,0.42019449759620464,0.35,1,0.08396186235839109,5.517165281878687e-05
2017-05-12,60,1,multiclass_probability_sum,0,0.4306301211183471,0.35,1,0.08367879239743761,-0.0004688361917097426
2017-04-24,60,1,multiclass_probability_sum,0,0.45506929621290304,0.35,1,0.083671957119297,-0.002554748490722803
2017-04-25,60,1,multiclass_probability_sum,0,0.4457983070323918,0.35,1,0.08247274753496536,0.0034706091466691637
2017-05-10,60,1,multiclass_probability_sum,0,0.39791339320017116,0.35,1,0.08202989294944085,0.00093838411633024
2017-04-19,60,1,multiclass_probability_sum,0,0.4117104669535519,0.35,1,0.08145724503992788,-0.012904310776367712
2018-01-17,60,1,multiclass_probability_sum,0,0.5509068449807306,0.35,1,0.07910181254887992,-0.03016960641736702
2017-05-05,60,1,multiclass_probability_sum,0,0.3778939644283118,0.35,1,0.07630496176558675,-0.0015845881302382454
2017-04-20,60,1,multiclass_probability_sum,0,0.4428384199314345,0.35,1,0.07596947920979143,-0.007153751006242704
2018-07-17,60,1,multiclass_probability_sum,0,0.40718550728489344,0.35,1,0.07594381149662748,0.0068258912297089695
2017-07-25,60,1,multiclass_probability_sum,0,0.45258248162194525,0.35,1,0.07583617266068274,-0.007863805056120412
2017-04-21,60,1,multiclass_probability_sum,0,0.45737634395667903,0.35,1,0.07447186168568833,-0.006802891044886987
2017-04-05,60,1,multiclass_probability_sum,0,0.3686058249978235,0.35,1,0.07414352679627312,-0.021862766232900864
2017-08-09,60,1,multiclass_probability_sum,0,0.5330899100048943,0.35,1,0.07400917895412233,-0.016157545366934492
2018-11-22,60,1,multiclass_probability_sum,0,0.5688370844601102,0.35,1,0.07300319486578732,-0.05126938209782806
2017-03-22,60,1,multiclass_probability_sum,0,0.3508792408648923,0.35,1,0.07286786863614166,-0.007546568070777764
2018-12-19,60,1,multiclass_probability_sum,0,0.5335314569658043,0.35,1,0.07285382145472692,-0.04565010996479472
2017-07-21,60,1,multiclass_probability_sum,0,0.5418302206827297,0.35,1,0.0728461648251512,-0.0027865422867828166
2017-05-03,60,1,multiclass_probability_sum,0,0.36109238770302776,0.35,1,0.07280470386554912,-0.0009454950648745226
2018-11-23,60,1,multiclass_probability_sum,0,0.5576957465640389,0.35,1,0.07256611751144977,-0.04426757862402355
2018-11-26,60,1,multiclass_probability_sum,0,0.5212758103208932,0.35,1,0.0724850242033296,-0.04759547729080041
2018-11-20,60,1,multiclass_probability_sum,0,0.5798752183627628,0.35,1,0.07193949543440957,-0.04541075318060707
2018-12-24,60,1,multiclass_probability_sum,0,0.53719407377954,0.35,1,0.07150944046305681,-0.03396379685948027
2018-11-16,60,1,multiclass_probability_sum,0,0.6221252770007464,0.35,1,0.07107267204201098,-0.022484495489883873
2018-12-17,60,1,multiclass_probability_sum,0,0.5482793396050741,0.35,1,0.0709510023657316,-0.061204503941178455
2017-04-26,60,1,multiclass_probability_sum,0,0.42208427602806825,0.35,1,0.07044150529604348,0.00909881011746366
2018-11-29,60,1,multiclass_probability_sum,0,0.4671844581118909,0.35,1,0.0700001435581997,-0.05382987096168493
2017-04-04,60,1,multiclass_probability_sum,0,0.35843200693209964,0.35,1,0.06977326308434012,-0.023134046527927766
2018-11-21,60,1,multiclass_probability_sum,0,0.5547462332581792,0.35,1,0.06945091202070912,-0.049255282726126726
2017-07-27,60,1,multiclass_probability_sum,0,0.4538692198716541,0.35,1,0.06927453412781966,-0.013361716576390745
2017-08-04,60,1,multiclass_probability_sum,0,0.42095388062969163,0.35,1,0.0692126238438347,-0.035385706671242086
2018-11-15,60,1,multiclass_probability_sum,0,0.6172921531357967,0.35,1,0.06906346291309476,-0.021325940434765184
2018-11-30,60,1,multiclass_probability_sum,0,0.48550214010002557,0.35,1,0.06871941543251364,-0.05356008630216251
2017-07-26,60,1,multiclass_probability_sum,0,0.44459245210663545,0.35,1,0.0687188896765958,-0.016441867583461448
2017-04-14,60,1,multiclass_probability_sum,0,0.4248002685898654,0.35,1,0.06846288672901073,-0.015245416345282042
2017-03-17,60,1,multiclass_probability_sum,0,0.37529510774320224,0.35,1,0.06830583394317326,-0.00417454700394875
2018-01-15,60,1,multiclass_probability_sum,0,0.5557653579426621,0.35,1,0.06820081012005316,-0.05760488798796472
2017-04-11,60,1,multiclass_probability_sum,0,0.36322104420475204,0.35,1,0.06782080306269454,-0.03301409694160374
2017-04-12,60,1,multiclass_probability_sum,0,0.39815453480783536,0.35,1,0.0668331864691293,-0.025120637695305433
2017-04-28,60,1,multiclass_probability_sum,0,0.38744934052513114,0.35,1,0.0667453065254553,0.0015731701223726357
2017-05-04,60,1,multiclass_probability_sum,0,0.36682622363321854,0.35,1,0.06628383246302524,-0.004386215460327544
2017-07-20,60,1,multiclass_probability_sum,0,0.47858411714583826,0.35,1,0.06613876139313786,-0.01134717537903535
2017-04-03,60,1,multiclass_probability_sum,0,0.36204137903787426,0.35,1,0.06610934715554506,-0.0207006188967898
2018-07-02,60,1,multiclass_probability_sum,0,0.38633953773650875,0.35,1,0.06498053925431597,-0.05869173941446819
2017-08-03,60,1,multiclass_probability_sum,0,0.43199066678336384,0.35,1,0.06372254703218407,-0.03514476878766704
2017-04-07,60,1,multiclass_probability_sum,0,0.3565884774661806,0.35,1,0.0633271963931231,-0.028381667189401216
2017-03-31,60,1,multiclass_probability_sum,0,0.35071589345034937,0.35,1,0.06268857413371366,-0.02060371229391333
2017-08-08,60,1,multiclass_probability_sum,0,0.4154790219617048,0.35,1,0.06260457424508063,-0.03904335985519471
2017-05-17,60,1,multiclass_probability_sum,0,0.408475126222016,0.35,1,0.0619309577304903,-0.00028882058253710576
2017-05-18,60,1,multiclass_probability_sum,0,0.42078272445703957,0.35,1,0.06192244589966486,0.009351044651966725
2018-12-21,60,1,multiclass_probability_sum,0,0.537330808473143,0.35,1,0.06115451604982802,-0.03802790543993709
2017-07-18,60,1,multiclass_probability_sum,0,0.489641531002777,0.35,1,0.05877348899400982,-0.01014918057464532
2017-04-27,60,1,multiclass_probability_sum,0,0.37981154540644446,0.35,1,0.058556152891797046,0.001673337163423305
2018-11-19,60,1,multiclass_probability_sum,0,0.5666621203782792,0.35,1,0.0578119662356126,-0.0421847329884514
2018-12-18,60,1,multiclass_probability_sum,0,0.5464793649115383,0.35,1,0.05714403429915897,-0.05432608464578968
2017-04-13,60,1,multiclass_probability_sum,0,0.38271470949696157,0.35,1,0.05663827214715135,-0.023424003657726924
2017-03-10,60,1,multiclass_probability_sum,0,0.37750812658656774,0.35,1,0.05630311931210627,-0.006522114414888976
2017-07-19,60,1,multiclass_probability_sum,0,0.47729735670695145,0.35,1,0.05617762560688381,-0.015101133454089746
2018-12-14,60,1,multiclass_probability_sum,0,0.5173133359043675,0.35,1,0.05571660914476223,-0.0807099189914961
2018-12-20,60,1,multiclass_probability_sum,0,0.5508073253437065,0.35,1,0.0549094394820651,-0.044561662636141905
2018-12-11,60,1,multiclass_probability_sum,0,0.4720344051189387,0.35,1,0.05488840815737232,-0.08337432144466467
2017-08-07,60,1,multiclass_probability_sum,0,0.4259394859927269,0.35,1,0.05436054198805465,-0.04082304540901806
2017-08-02,60,1,multiclass_probability_sum,0,0.41974034094598056,0.35,1,0.054308851640573655,-0.03227441526238653
2017-08-01,60,1,multiclass_probability_sum,0,0.41124143763700427,0.35,1,0.054269884588006155,-0.033011840917530046
2018-11-14,60,1,multiclass_probability_sum,0,0.6091059228011324,0.35,1,0.05397082500091208,-0.02553043141234996
2017-07-28,60,1,multiclass_probability_sum,0,0.418755541233786,0.35,1,0.05379694578068656,-0.02058121854886282
2017-06-12,60,1,multiclass_probability_sum,0,0.37662642481413694,0.35,1,0.053427244576388484,0.007692447646013735
2017-07-17,60,1,multiclass_probability_sum,0,0.47540847258373786,0.35,1,0.05286246745011035,-0.011997658060104098
2018-12-13,60,1,multiclass_probability_sum,0,0.456228400089893,0.35,1,0.05235183313059866,-0.0892965355021036
2017-06-15,60,1,multiclass_probability_sum,0,0.3541369651377801,0.35,1,0.052042451620740476,-0.0010918826850590331
2017-07-31,60,1,multiclass_probability_sum,0,0.4207980795134515,0.35,1,0.05183937715052013,-0.028859920742400173
2018-11-28,60,1,multiclass_probability_sum,0,0.5249119128605755,0.35,1,0.0517753325638819,-0.05750248506608615
2018-06-29,60,1,multiclass_probability_sum,0,0.38832082742466223,0.35,1,0.05123656803416296,-0.07297971840262069
2017-05-19,60,1,multiclass_probability_sum,0,0.39520609462812495,0.35,1,0.05082440466618208,0.005436125479712309
2017-06-09,60,1,multiclass_probability_sum,0,0.3989445436039021,0.35,1,0.050724253466293064,0.0018256813061350763
2018-11-13,60,1,multiclass_probability_sum,0,0.5885685009529465,0.35,1,0.05056736881441857,-0.030457613349849463
2018-12-10,60,1,multiclass_probability_sum,0,0.4532582662075274,0.35,1,0.050507853829377114,-0.08474571194575702
2017-03-01,60,1,multiclass_probability_sum,0,0.357867295721356,0.35,1,0.05047197963861495,-0.002836921375073747
2017-06-22,60,1,multiclass_probability_sum,0,0.468330195603687,0.35,1,0.050286654527480004,-0.008597468490494852
2017-06-21,60,1,multiclass_probability_sum,0,0.43111380012183886,0.35,1,0.04945947730486058,-0.010044939255898222
2017-06-23,60,1,multiclass_probability_sum,0,0.4591895204159667,0.35,1,0.049297181165362365,-0.012127703836400666
2018-02-09,60,1,multiclass_probability_sum,0,0.4157595033108985,0.35,1,0.04924825394311958,0.02218373082516661
2017-06-27,60,1,multiclass_probability_sum,0,0.48180255228229996,0.35,1,0.048758521456606634,-0.010175239206568643
2018-02-08,60,1,multiclass_probability_sum,0,0.44209648478668906,0.35,1,0.04794050194632341,-0.01905157786277016
2017-06-13,60,1,multiclass_probability_sum,0,0.36937517194187924,0.35,1,0.0472986175106343,0.003758337042930588
2018-06-28,60,1,multiclass_probability_sum,0,0.3973845696400811,0.35,1,0.04655182642620789,-0.06940331465939453
2017-06-14,60,1,multiclass_probability_sum,0,0.3963283646200383,0.35,1,0.04617222134632841,-0.0013548087911919714
2017-07-11,60,1,multiclass_probability_sum,0,0.45951778493351114,0.35,1,0.046102816876183075,-0.01258273091836263
2017-02-28,60,1,multiclass_probability_sum,0,0.39720657934031667,0.35,1,0.044870681954550136,-0.004625263833372073
2018-11-27,60,1,multiclass_probability_sum,0,0.5274356723517051,0.35,1,0.04485579251598446,-0.04986210516250174
2017-06-29,60,1,multiclass_probability_sum,0,0.4650418735831019,0.35,1,0.04482408237249376,-0.015684393896404997
2017-06-05,60,1,multiclass_probability_sum,0,0.369387548698923,0.35,1,0.04441959881873641,0.008344487580150882
2017-06-28,60,1,multiclass_probability_sum,0,0.42763408887802845,0.35,1,0.04436921695443977,-0.012166714271696924
2017-06-20,60,1,multiclass_probability_sum,0,0.45030652482606315,0.35,1,0.04430399157710505,-0.010800442743703346
2018-12-03,60,1,multiclass_probability_sum,0,0.4555578867451307,0.35,1,0.04409577318277828,-0.08023713803261022
2018-12-07,60,1,multiclass_probability_sum,0,0.49549929272483895,0.35,1,0.043610953756741115,-0.08756632306738318
2018-12-12,60,1,multiclass_probability_sum,0,0.44735505215448346,0.35,1,0.04360108532618992,-0.09036859797175
2017-06-02,60,1,multiclass_probability_sum,0,0.38268478406516276,0.35,1,0.04346437682819631,0.006314532214239113
2017-06-08,60,1,multiclass_probability_sum,0,0.36053180722385525,0.35,1,0.04257961075280208,-0.000546721352418587
2017-03-02,60,1,multiclass_probability_sum,0,0.38467411491033404,0.35,1,0.04247657327539537,9.893363681061608e-05
2017-06-26,60,1,multiclass_probability_sum,0,0.46608015781154233,0.35,1,0.04233899169543268,-0.0166816289185349
2017-06-19,60,1,multiclass_probability_sum,0,0.43943792306424556,0.35,1,0.042271590818433645,-0.009288864550989397
2017-05-22,60,1,multiclass_probability_sum,0,0.40651815109732087,0.35,1,0.042196133952148815,-0.008475541990804582
2017-05-24,60,1,multiclass_probability_sum,0,0.3797615213726022,0.35,1,0.04067011288423025,-0.0066461583593629865
2017-07-10,60,1,multiclass_probability_sum,0,0.4949183406168992,0.35,1,0.040195624314996785,-0.00893670364894821
2017-05-23,60,1,multiclass_probability_sum,0,0.404754946689977,0.35,1,0.039860037649872095,-0.004206261484821539
2018-05-28,60,1,multiclass_probability_sum,0,0.4808637893425626,0.35,1,0.03983970380565365,-0.042298802199548215
2017-07-14,60,1,multiclass_probability_sum,0,0.46746505007461464,0.35,1,0.039537218932153874,-0.023235983660365663
2018-07-24,60,1,multiclass_probability_sum,0,0.3697597174277334,0.35,1,0.03938210946226747,-0.006983043534495506
2017-07-12,60,1,multiclass_probability_sum,0,0.4657800189994804,0.35,1,0.039336463180050546,-0.018815218229809826
2018-07-25,60,1,multiclass_probability_sum,0,0.41718458724077645,0.35,1,0.037962306756838655,0.0027775702290980973
2017-05-31,60,1,multiclass_probability_sum,0,0.45513629498895686,0.35,1,0.03745616732674283,0.001340891283983128
2017-07-13,60,1,multiclass_probability_sum,0,0.46235554481717595,0.35,1,0.037202449163969954,-0.02413578447947874
2017-06-30,60,1,multiclass_probability_sum,0,0.48940560072961753,0.35,1,0.03680450793749078,-0.021781737456337928
2018-06-27,60,1,multiclass_probability_sum,0,0.3880748754797967,0.35,1,0.03631235223496855,-0.08140599216043537
2018-12-04,60,1,multiclass_probability_sum,0,0.5027917070643816,0.35,1,0.0360431667824439,-0.08782708878129887
2017-07-04,60,1,multiclass_probability_sum,0,0.41813746492197357,0.35,1,0.035753597689038887,-0.02058329142659432
2017-03-06,60,1,multiclass_probability_sum,0,0.35632287849587385,0.35,1,0.03499455216355592,-0.01223441556200079
2018-05-30,60,1,multiclass_probability_sum,0,0.3763186606387232,0.35,1,0.03486225680521637,-0.0601160532152493
2017-05-25,60,1,multiclass_probability_sum,0,0.39828339979993804,0.35,1,0.03402779441997994,-0.0055280495977424226
2017-05-26,60,1,multiclass_probability_sum,0,0.37961662813630137,0.35,1,0.03380424756011144,-0.0075478170686343465
2017-07-07,60,1,multiclass_probability_sum,0,0.47171415202446915,0.35,1,0.03359082830014384,-0.020828252008504806
2017-07-05,60,1,multiclass_probability_sum,0,0.4282332165188692,0.35,1,0.03348089926415629,-0.024161481181308543
2017-07-03,60,1,multiclass_probability_sum,0,0.4647300022577274,0.35,1,0.03341997517758049,-0.024880720873243986
2017-01-20,60,1,multiclass_probability_sum,0,0.3565379839591695,0.35,1,0.03314888115408773,0.0012960443342920531
2017-06-07,60,1,multiclass_probability_sum,0,0.3700312951453557,0.35,1,0.032885719884418615,-0.004976127566144698
2018-02-06,60,1,multiclass_probability_sum,0,0.44338089325183194,0.35,1,0.03234009863029684,-0.0076009772860679715
2017-05-30,60,1,multiclass_probability_sum,0,0.45075970505081353,0.35,1,0.030746618258306383,-0.00052844455610758
2018-12-06,60,1,multiclass_probability_sum,0,0.476076168622772,0.35,1,0.030712626283665886,-0.08362570931652384
2018-07-26,60,1,multiclass_probability_sum,0,0.3816055711121076,0.35,1,0.029866875902806476,0.005745910067007752
2017-06-06,60,1,multiclass_probability_sum,0,0.3642226186606274,0.35,1,0.029792282979766008,-0.002118546057961942
2017-05-29,60,1,multiclass_probability_sum,0,0.3931051787027835,0.35,1,0.02975718558059639,-0.011360772294400927
2018-01-16,60,1,multiclass_probability_sum,0,0.5173060385934627,0.35,1,0.029358937323255875,-0.057125210773310314
2018-11-12,60,1,multiclass_probability_sum,0,0.5194604940507381,0.35,1,0.02912134173928153,-0.04443096930785025
2018-12-05,60,1,multiclass_probability_sum,0,0.46023751018044556,0.35,1,0.028945744830451144,-0.0860525395207514
2018-07-23,60,1,multiclass_probability_sum,0,0.41277288358879566,0.35,1,0.02803179158777057,-0.009826718278729689
2018-05-29,60,1,multiclass_probability_sum,0,0.37336403267385043,0.35,1,0.027992031575142778,-0.06398835638925363
2017-07-06,60,1,multiclass_probability_sum,0,0.4462669879395434,0.35,1,0.027435923507292907,-0.02970932784836818
2018-07-19,60,1,multiclass_probability_sum,0,0.44476301580309696,0.35,1,0.027284156343921014,-0.017515341848245103
2017-02-03,60,1,multiclass_probability_sum,0,0.37300809361880055,0.35,1,0.027031908859681465,-0.000442733817099136
2018-06-19,60,1,multiclass_probability_sum,0,0.41035931182472796,0.35,1,0.025499414092054303,-0.07441502084254152
2018-11-09,60,1,multiclass_probability_sum,0,0.5704349650640459,0.35,1,0.02511161581957252,-0.04025067605755309
2018-02-07,60,1,multiclass_probability_sum,0,0.4109374935942868,0.35,1,0.025082808484204383,-0.03581716098967773
2018-01-18,60,1,multiclass_probability_sum,0,0.47621458365616787,0.35,1,0.02494687511721825,-0.04509597253974928
2018-06-21,60,1,multiclass_probability_sum,0,0.3683014257624985,0.35,1,0.022380239867665543,-0.08191158725145603
2018-10-30,60,1,multiclass_probability_sum,0,0.5144413819689194,0.35,1,0.02236557609523306,-0.011851336566077283
2018-10-29,60,1,multiclass_probability_sum,0,0.5004930527734891,0.35,1,0.021547856517749105,-0.011997608598562914
2017-02-02,60,1,multiclass_probability_sum,0,0.3728453853126923,0.35,1,0.020480549201681374,-0.00447542828785196
2018-07-20,60,1,multiclass_probability_sum,0,0.42514197131945536,0.35,1,0.019363692075780935,-0.006244075806607737
2018-07-27,60,1,multiclass_probability_sum,0,0.37476847317098605,0.35,1,0.01904738823509761,0.011023758793815319
2018-01-19,60,1,multiclass_probability_sum,0,0.5511044051126224,0.35,1,0.01742615767056163,-0.056287575490949183
2018-05-31,60,1,multiclass_probability_sum,0,0.40244122585869024,0.35,1,0.01645081289089947,-0.08381816552203762
2018-06-20,60,1,multiclass_probability_sum,0,0.3640572166609176,0.35,1,0.007110599312988658,-0.0937557537070182
2018-10-26,60,1,multiclass_probability_sum,0,0.5206949495626803,0.35,1,0.006340726246184755,-0.02540832790172244
2018-05-25,60,1,multiclass_probability_sum,0,0.4823334892914527,0.35,1,0.005153210422872729,-0.07622181863010279
2018-11-01,60,1,multiclass_probability_sum,0,0.4150612469103172,0.35,1,0.004637014253298262,-0.03330319304359078
2018-07-18,60,1,multiclass_probability_sum,0,0.43839048643012635,0.35,1,0.0037070815855857037,-0.015840157504335543
2018-06-25,60,1,multiclass_probability_sum,0,0.4131352278796755,0.35,1,0.0029939387588851394,-0.10346432159724586
2018-10-25,60,1,multiclass_probability_sum,0,0.5023730428624372,0.35,1,0.0009663852455891952,-0.035734263526387866
2018-11-08,60,1,multiclass_probability_sum,0,0.5124849798318956,0.35,1,-0.00019434457353941038,-0.05327943302585223
2018-06-18,60,1,multiclass_probability_sum,0,0.43108879423276103,0.35,1,-0.002311905308793516,-0.10024872217148204
2018-06-01,60,1,multiclass_probability_sum,0,0.4201575458724787,0.35,1,-0.005879042348289647,-0.10583400290014684
2018-10-31,60,1,multiclass_probability_sum,0,0.46943260147638455,0.35,1,-0.00644866352653363,-0.04076460406427222
2018-05-22,60,1,multiclass_probability_sum,0,0.4507783522495581,0.35,1,-0.007779366992948907,-0.09879933638626909
2018-11-02,60,1,multiclass_probability_sum,0,0.4594082557112102,0.35,1,-0.009702432166242787,-0.05174524298239173
2018-11-05,60,1,multiclass_probability_sum,0,0.43188176276802126,0.35,1,-0.010524869471027841,-0.05246941467514871
2018-07-30,60,1,multiclass_probability_sum,0,0.36562712690155585,0.35,1,-0.010638341898595766,-0.010638341898595766
2018-02-12,60,1,multiclass_probability_sum,0,0.3693818822730657,0.35,1,-0.010760419010395952,-0.014824398158756516
2018-11-06,60,1,multiclass_probability_sum,0,0.4381399523233417,0.35,1,-0.012440821776575324,-0.04870232029721759
2018-11-07,60,1,multiclass_probability_sum,0,0.4722663586700907,0.35,1,-0.014736752332540782,-0.04882161256884655
2018-02-13,60,1,multiclass_probability_sum,0,0.4381649671273537,0.35,1,-0.018274349528104042,-0.0318981693441919
2018-02-05,60,1,multiclass_probability_sum,0,0.4934055820744439,0.35,1,-0.01909972480625162,-0.0436285789006776
2018-09-10,60,1,multiclass_probability_sum,0,0.4706355690872986,0.35,1,-0.019512255788631236,-0.08789805725516414
2018-06-04,60,1,multiclass_probability_sum,0,0.4114397694009826,0.35,1,-0.021798739215113574,-0.1266754619268806
2018-05-24,60,1,multiclass_probability_sum,0,0.4024521643240666,0.35,1,-0.02219350654052523,-0.09880947924848345
2018-10-24,60,1,multiclass_probability_sum,0,0.5423655295173114,0.35,1,-0.022389608331764586,-0.04943953560830898
2018-09-11,60,1,multiclass_probability_sum,0,0.5012350334870239,0.35,1,-0.026978332517298798,-0.10295408473252034
2018-06-05,60,1,multiclass_probability_sum,0,0.4659124714021876,0.35,1,-0.027306905498288694,-0.1354748430413891
2018-05-23,60,1,multiclass_probability_sum,0,0.40894690070049167,0.35,1,-0.028274311962083437,-0.10186792628180673
2018-09-12,60,1,multiclass_probability_sum,0,0.5203909702330093,0.35,1,-0.03073049984975359,-0.10493170280442772
2018-09-17,60,1,multiclass_probability_sum,0,0.44544870798475045,0.35,1,-0.032645039306999406,-0.10553941468667916
2018-09-06,60,1,multiclass_probability_sum,0,0.4861807461802733,0.35,1,-0.03331908547436191,-0.07529761986996954
2018-09-14,60,1,multiclass_probability_sum,0,0.49130663077145714,0.35,1,-0.03359410848764752,-0.10930909498895333
2018-09-13,60,1,multiclass_probability_sum,0,0.48678111691691817,0.35,1,-0.03410924813939216,-0.1058836208898387
2018-07-31,60,1,multiclass_probability_sum,0,0.47396565634925647,0.35,1,-0.035829112321084614,-0.035829112321084614
2018-02-01,60,1,multiclass_probability_sum,0,0.5221881316572576,0.35,1,-0.03631678845610453,-0.09107787626771777
2018-05-21,60,1,multiclass_probability_sum,0,0.4441091124415161,0.35,1,-0.03707361785431075,-0.12785845068843565
2018-08-15,60,1,multiclass_probability_sum,0,0.46542102643638117,0.35,1,-0.037182785729780156,-0.07861088218955516
2018-06-07,60,1,multiclass_probability_sum,0,0.44239684528907297,0.35,1,-0.037964810158142584,-0.14902248813063362
2018-01-22,60,1,multiclass_probability_sum,0,0.5017434050463417,0.35,1,-0.03992501290645206,-0.07987565952879998
2018-08-09,60,1,multiclass_probability_sum,0,0.42637045728051476,0.35,1,-0.04093011314811885,-0.08082401956443326
2018-10-23,60,1,multiclass_probability_sum,0,0.4933542593946104,0.35,1,-0.041046830367752446,-0.06764226005029877
2018-08-07,60,1,multiclass_probability_sum,0,0.38191616101540016,0.35,1,-0.04492219584855048,-0.07383546334674532
2018-08-10,60,1,multiclass_probability_sum,0,0.39989810135356696,0.35,1,-0.04535096023255958,-0.08596903834163105
2018-08-01,60,1,multiclass_probability_sum,0,0.40751592412649645,0.35,1,-0.045742136148997144,-0.045742136148997144
2018-06-06,60,1,multiclass_probability_sum,0,0.4705663585517525,0.35,1,-0.04581874946184797,-0.14690776102577813
2018-06-15,60,1,multiclass_probability_sum,0,0.3913868375320098,0.35,1,-0.04648394515316765,-0.12936473453850006
2018-06-14,60,1,multiclass_probability_sum,0,0.38221954019759297,0.35,1,-0.047191592214233316,-0.1285872634453721
2018-10-22,60,1,multiclass_probability_sum,0,0.4913853209297065,0.35,1,-0.04813490596115668,-0.08225278093854745
2018-06-08,60,1,multiclass_probability_sum,0,0.4344122127660611,0.35,1,-0.048783427009616444,-0.15125787953216724
2018-10-19,60,1,multiclass_probability_sum,0,0.46834539039841994,0.35,1,-0.052130600946691884,-0.08732635853924871
2018-06-12,60,1,multiclass_probability_sum,0,0.41331016256591935,0.35,1,-0.05261619741316551,-0.13353699070997738
2018-06-11,60,1,multiclass_probability_sum,0,0.4449509938946596,0.35,1,-0.06263213107854847,-0.15126750403229489
2018-05-17,60,1,multiclass_probability_sum,0,0.42763177848292927,0.35,1,-0.06736275962884826,-0.1431695113234498
2018-02-21,60,1,multiclass_probability_sum,0,0.4189225040461816,0.35,1,-0.0686906852328126,-0.0686906852328126
2017-12-15,60,1,candidate_risk_off,0,0.6431767301110611,0.64,1,0.22349423193756737,0.01158835434427728
2017-12-11,60,1,candidate_risk_off,0,0.6920903006093825,0.64,1,0.2160971475633744,0.00754679586926295
2017-12-12,60,1,candidate_risk_off,0,0.6910006442879527,0.64,1,0.21545920873200988,-0.0030783379694745215
2017-12-14,60,1,candidate_risk_off,0,0.6431767301110611,0.64,1,0.21419407649259062,-0.0007375695814352092
2017-12-18,60,1,candidate_risk_off,0,0.6431767301110611,0.64,1,0.20186368371643487,-0.012604414502073672
2017-12-08,60,1,candidate_risk_off,0,0.7236705093525218,0.64,1,0.19105662412966934,-0.02445199101449514
2017-12-07,60,1,candidate_risk_off,0,0.687045168724743,0.64,1,0.1884551607185371,-0.022844590239408505
2017-11-21,60,1,candidate_risk_off,0,0.6655033258075956,0.64,1,0.18312888263912036,-0.0009260520885138314
2017-11-23,60,1,candidate_risk_off,0,0.6927335664523135,0.64,1,0.18158050187287342,-0.017557104958917647
2017-11-24,60,1,candidate_risk_off,0,0.6927335664523135,0.64,1,0.18130205063138902,-0.019557886679932367
2018-01-02,60,1,candidate_risk_off,0,0.6447467490793868,0.64,1,0.18085260262765956,0.008171230286904974
2017-11-22,60,1,candidate_risk_off,0,0.6927335664523135,0.64,1,0.1781473517951078,-0.016442636037976684
2018-01-03,60,1,candidate_risk_off,0,0.6739503119577945,0.64,1,0.17663423685085378,-0.001721727526594451
2017-11-28,60,1,candidate_risk_off,0,0.6865769959590439,0.64,1,0.17499745673505285,-0.02556819900018431
2017-11-27,60,1,candidate_risk_off,0,0.6927335664523135,0.64,1,0.17291789572232436,-0.02280197493837821
2017-12-06,60,1,candidate_risk_off,0,0.6881401083149206,0.64,1,0.17270964108760595,-0.03237660076652726
2018-01-05,60,1,candidate_risk_off,0,0.6701133404739381,0.64,1,0.16818300444794015,-0.008638398646246962
2018-01-04,60,1,candidate_risk_off,0,0.6701133404739381,0.64,1,0.16636589649502648,-0.015625240687925628
2017-11-30,60,1,candidate_risk_off,0,0.6865769959590439,0.64,1,0.1649545616751063,-0.034790215138282746
2017-12-05,60,1,candidate_risk_off,0,0.6943130978305969,0.64,1,0.16419433210805096,-0.038331566968569715
2017-12-04,60,1,candidate_risk_off,0,0.6794417647666966,0.64,1,0.14746578366544155,-0.05571860731060735
2017-12-01,60,1,candidate_risk_off,0,0.678797561116988,0.64,1,0.14687228503679342,-0.04567889286242426
2017-11-29,60,1,candidate_risk_off,0,0.6865769959590439,0.64,1,0.13840846725192135,-0.03711400027184329
2018-01-08,60,1,candidate_risk_off,0,0.6701133404739381,0.64,1,0.13188887716471906,-0.01870947195321954
2018-01-09,60,1,candidate_risk_off,0,0.6773510661505885,0.64,1,0.12657246621741852,-0.02907689507934035
2018-01-10,60,1,candidate_risk_off,0,0.6773510661505885,0.64,1,0.10854969133022836,-0.03346949362639554
2018-01-12,60,1,candidate_risk_off,0,0.6902433049477074,0.64,1,0.09371513597067803,-0.04496266205944362
2018-01-11,60,1,candidate_risk_off,0,0.6902433049477074,0.64,1,0.09140224961588507,-0.04311352795647718
2018-01-17,60,1,candidate_risk_off,0,0.6628997675289208,0.64,1,0.07910181254887992,-0.03016960641736702
2018-01-15,60,1,candidate_risk_off,0,0.6628997675289208,0.64,1,0.06820081012005316,-0.05760488798796472
2018-12-14,60,1,candidate_risk_off,0,0.6408273691662703,0.64,1,0.05571660914476223,-0.0807099189914961
2018-12-13,60,1,candidate_risk_off,0,0.6408273691662703,0.64,1,0.05235183313059866,-0.0892965355021036
2018-12-12,60,1,candidate_risk_off,0,0.6408273691662703,0.64,1,0.04360108532618992,-0.09036859797175
2018-01-16,60,1,candidate_risk_off,0,0.6902433049477074,0.64,1,0.029358937323255875,-0.057125210773310314
2018-11-12,60,1,candidate_risk_off,0,0.6697737981584954,0.64,1,0.02912134173928153,-0.04443096930785025
2018-01-18,60,1,candidate_risk_off,0,0.656406345058934,0.64,1,0.02494687511721825,-0.04509597253974928
2018-01-19,60,1,candidate_risk_off,0,0.6840255321059967,0.64,1,0.01742615767056163,-0.056287575490949183
2018-02-01,60,1,candidate_risk_off,0,0.648942290031378,0.64,1,-0.03631678845610453,-0.09107787626771777
2018-01-22,60,1,candidate_risk_off,0,0.6628997675289208,0.64,1,-0.03992501290645206,-0.07987565952879998
2020-03-24,60,2,multiclass_probability_sum,0,0.7044176918679441,0.11,1,0.27579451954048384,0.004616079692811852
2020-03-30,60,2,multiclass_probability_sum,0,0.5170114197144582,0.11,1,0.2549635936847753,0.0004076117780754718
2020-03-31,60,2,multiclass_probability_sum,0,0.4503592953578951,0.11,1,0.2514972125213889,0.02636513642160784
2020-03-23,60,2,multiclass_probability_sum,0,0.6489991974742626,0.11,1,0.24924204429847752,-0.01113301587785287
2020-10-29,60,2,multiclass_probability_sum,0,0.4796057612869843,0.11,1,0.23862992723897386,0.00692854686781607
2020-10-21,60,2,multiclass_probability_sum,0,0.6349555395084004,0.11,1,0.23467389425687785,-0.021474257870194836
2020-10-28,60,2,multiclass_probability_sum,0,0.5734464090701082,0.11,1,0.23428370079193642,-0.0021411538887236036
2020-10-19,60,2,multiclass_probability_sum,0,0.665271140643069,0.11,1,0.233824996986382,-0.026424552673741986
2020-03-25,60,2,multiclass_probability_sum,0,0.5011305743811496,0.11,1,0.23290954395716723,-0.0413956227343391
2020-10-30,60,2,multiclass_probability_sum,0,0.4497433818286871,0.11,1,0.23107553106038273,0.00883205052677949
2020-10-22,60,2,multiclass_probability_sum,0,0.5996074862647361,0.11,1,0.22887506821675527,-0.03298354618663422
2020-10-16,60,2,multiclass_probability_sum,0,0.681180403199207,0.11,1,0.22802085660051186,-0.02601119594630493
2020-10-20,60,2,multiclass_probability_sum,0,0.5608835683551505,0.11,1,0.22781275473075233,-0.027197812744790814
2020-03-26,60,2,multiclass_probability_sum,0,0.5657208881910807,0.11,1,0.22364759447097443,-0.04711628031859396
2020-10-23,60,2,multiclass_probability_sum,0,0.6634527576091244,0.11,1,0.21509258690127,-0.0448717541771754
2020-10-15,60,2,multiclass_probability_sum,0,0.554914202822783,0.11,1,0.21397097385335928,-0.02543857363868452
2020-03-27,60,2,multiclass_probability_sum,0,0.49191831529572483,0.11,1,0.21115925956201614,-0.04977763543944564
2020-10-14,60,2,multiclass_probability_sum,0,0.5669596009014629,0.11,1,0.2070734885610314,-0.02269817658450156
2020-10-13,60,2,multiclass_probability_sum,0,0.45197538140241456,0.11,1,0.20656133677222088,-0.011660867471463558
2020-10-12,60,2,multiclass_probability_sum,0,0.42867627832335276,0.11,1,0.20153637401381877,-0.007317462769655638
2020-04-01,60,2,multiclass_probability_sum,0,0.4837017747247774,0.11,1,0.19822334273924852,0.031217486873506554
2020-11-02,60,2,multiclass_probability_sum,0,0.4651717922298178,0.11,1,0.19624046040095802,0.0018511687441846105
2020-10-09,60,2,multiclass_probability_sum,0,0.4487275405068236,0.11,1,0.19279144747916044,-0.005338901932181662
2020-11-18,60,2,multiclass_probability_sum,0,0.5621652284447831,0.11,1,0.18756698676406994,0.009944940635203504
2020-03-20,60,2,multiclass_probability_sum,0,0.4636570788861254,0.11,1,0.18556166756967238,-0.07384246763668896
2020-07-27,60,2,multiclass_probability_sum,0,0.7264685517265268,0.11,1,0.18467072760817313,0.007195416860559414
2020-10-08,60,2,multiclass_probability_sum,0,0.4943958384025966,0.11,1,0.18346546136731753,0.00026116479647007846
2020-07-29,60,2,multiclass_probability_sum,0,0.4916582121122631,0.11,1,0.18326104418945696,0.00950152816203515
2020-10-06,60,2,multiclass_probability_sum,0,0.41487130757291507,0.11,1,0.18294567715480534,0.003455967157583461
2020-07-30,60,2,multiclass_probability_sum,0,0.5275230042093277,0.11,1,0.18222169285848355,-0.003426031159479446
2020-10-27,60,2,multiclass_probability_sum,0,0.6815366062154619,0.11,1,0.18136667741145027,-0.02936610471647746
2020-09-29,60,2,multiclass_probability_sum,0,0.6195485670892469,0.11,1,0.18109843691133137,0.0013597247270958413
2020-11-19,60,2,multiclass_probability_sum,0,0.6685106234504357,0.11,1,0.1768724336774573,0.00683136151501463
2020-10-07,60,2,multiclass_probability_sum,0,0.4933684734732253,0.11,1,0.17675731486061796,-0.0009572709807678487
2020-10-05,60,2,multiclass_probability_sum,0,0.5311032802380593,0.11,1,0.17657813755966592,0.0010817604245548903
2020-11-17,60,2,multiclass_probability_sum,0,0.42413434213653023,0.11,1,0.17636931231116326,0.004767233587459033
2020-09-30,60,2,multiclass_probability_sum,0,0.5600473067799671,0.11,1,0.17553032157656448,0.005178732540228374
2020-10-02,60,2,multiclass_probability_sum,0,0.4760820806067699,0.11,1,0.17545486731230217,0.005228583809935716
2020-07-31,60,2,multiclass_probability_sum,0,0.5547238080133481,0.11,1,0.17470653561732397,0.020161373280249105
2020-10-26,60,2,multiclass_probability_sum,0,0.638150301398407,0.11,1,0.17355374063008155,-0.03393056577653635
2020-11-20,60,2,multiclass_probability_sum,0,0.6988797746945823,0.11,1,0.17135252542338064,0.004223392142988823
2020-09-28,60,2,multiclass_probability_sum,0,0.6013118433958764,0.11,1,0.16952773499470233,-0.009380849203012276
2020-11-23,60,2,multiclass_probability_sum,0,0.6571510177691736,0.11,1,0.16933937951741318,0.0015779294210976843
2020-11-30,60,2,multiclass_probability_sum,0,0.8265843481949314,0.11,1,0.1680252357297108,0.005755626117826618
2020-03-13,60,2,multiclass_probability_sum,0,0.3271836117102724,0.11,1,0.16673696323431048,-0.14461565170688745
2020-03-19,60,2,multiclass_probability_sum,0,0.3674891022850619,0.11,1,0.16495486698822584,-0.0964252183983288
2020-12-01,60,2,multiclass_probability_sum,0,0.6745123842259161,0.11,1,0.16255609910642038,0.005387544602800859
2020-04-03,60,2,multiclass_probability_sum,0,0.608149104993159,0.11,1,0.16186824763080077,0.04860015846868941
2020-09-25,60,2,multiclass_probability_sum,0,0.6218135063570605,0.11,1,0.16149558244703144,-0.0047344549740734486
2020-11-12,60,2,multiclass_probability_sum,0,0.4493456631257293,0.11,1,0.16105164974960776,-0.00888978509942968
2020-11-27,60,2,multiclass_probability_sum,0,0.8323997938783936,0.11,1,0.1605615003423299,-0.007092862398698215
2020-11-03,60,2,multiclass_probability_sum,0,0.45200342198311316,0.11,1,0.15950448051543667,0.002498453113713965
2020-11-16,60,2,multiclass_probability_sum,0,0.43668270523176,0.11,1,0.15925368368264936,0.018868189419210448
2020-09-21,60,2,multiclass_probability_sum,0,0.8030067721047829,0.11,1,0.15869695566771536,-0.004371060869172105
2020-09-23,60,2,multiclass_probability_sum,0,0.7226412423722126,0.11,1,0.15640879372996092,-0.009380849203012276
2020-03-12,60,2,multiclass_probability_sum,0,0.3111736030583183,0.11,1,0.15551100584712485,-0.15437386581903836
2020-11-11,60,2,multiclass_probability_sum,0,0.4053808770454605,0.11,1,0.1552902229938116,-0.0015028825588478435
2020-10-01,60,2,multiclass_probability_sum,0,0.4895481823876864,0.11,1,0.1551644454124698,-0.004583341356844453
2020-11-10,60,2,multiclass_probability_sum,0,0.44959413362389355,0.11,1,0.1548167944235946,-0.0011667692855114582
2020-11-24,60,2,multiclass_probability_sum,0,0.6992658982473018,0.11,1,0.15440027853408364,0.004189012489342879
2020-11-25,60,2,multiclass_probability_sum,0,0.7717627650422707,0.11,1,0.1531501194300091,0.003135268317000039
2020-09-22,60,2,multiclass_probability_sum,0,0.6874380613032054,0.11,1,0.1523029402572193,-0.002441760826925267
2020-08-03,60,2,multiclass_probability_sum,0,0.3550857330806869,0.11,1,0.1499807012770159,0.015735122669555505
2020-11-26,60,2,multiclass_probability_sum,0,0.802126585397225,0.11,1,0.14974295056691259,-0.002876983642403693
2020-09-18,60,2,multiclass_probability_sum,0,0.7726718485080213,0.11,1,0.1492406408030604,0.003357474080811035
2020-03-16,60,2,multiclass_probability_sum,0,0.28139184009473006,0.11,1,0.14824985000233815,-0.12617364629826378
2020-03-17,60,2,multiclass_probability_sum,0,0.3072805080439868,0.11,1,0.14658640832616637,-0.12338850216105357
2020-09-16,60,2,multiclass_probability_sum,0,0.7732086974835471,0.11,1,0.14655940996040048,-0.003829176718028059
2020-09-24,60,2,multiclass_probability_sum,0,0.6560413221835298,0.11,1,0.14634679701904843,-0.005075704942984885
2020-07-28,60,2,multiclass_probability_sum,0,0.38043066033669787,0.11,1,0.1436736116127917,-0.028078144260225833
2020-09-17,60,2,multiclass_probability_sum,0,0.7546051375375007,0.11,1,0.14244666941530432,0.007699245270928868
2020-12-02,60,2,multiclass_probability_sum,0,0.7357380690764733,0.11,1,0.14151955357337687,0.005388092401362768
2020-09-14,60,2,multiclass_probability_sum,0,0.7644881985647619,0.11,1,0.14095150766355602,-0.0005926389939811708
2020-09-11,60,2,multiclass_probability_sum,0,0.7280548941040501,0.11,1,0.1389541355218253,0.005687027739168962
2020-09-15,60,2,multiclass_probability_sum,0,0.7797124012670428,0.11,1,0.13836482696260036,-0.0024800325508057674
2020-09-10,60,2,multiclass_probability_sum,0,0.766747888051195,0.11,1,0.1374670682985818,0.00016874884025224797
2020-12-10,60,2,multiclass_probability_sum,0,0.7939236825705849,0.11,1,0.1363936919234448,-0.006783976184426603
2020-12-03,60,2,multiclass_probability_sum,0,0.7651523820769341,0.11,1,0.13627693376566208,0.0016558160634956485
2020-04-06,60,2,multiclass_probability_sum,0,0.6726816287577755,0.11,1,0.13529942493339114,0.013401484074900733
2020-12-04,60,2,multiclass_probability_sum,0,0.7933219484844035,0.11,1,0.1342616763728138,0.0023955854482213793
2020-04-21,60,2,multiclass_probability_sum,0,0.23299320934416068,0.11,1,0.1340349562850386,-0.005715011206582887
2020-04-14,60,2,multiclass_probability_sum,0,0.39087585811749126,0.11,1,0.1328698585256895,-0.006458045296496103
2020-09-09,60,2,multiclass_probability_sum,0,0.6869752379538909,0.11,1,0.13151659046842482,-0.0005623854287944385
2020-08-20,60,2,multiclass_probability_sum,0,0.3135159075544432,0.11,1,0.130335749555499,0.007715879242117009
2020-04-10,60,2,multiclass_probability_sum,0,0.4551030171473284,0.11,1,0.13029702025093953,0.0059589366086929925
2020-07-24,60,2,multiclass_probability_sum,0,0.7061911866335875,0.11,1,0.12938458225193405,-0.05451288528519017
2020-12-09,60,2,multiclass_probability_sum,0,0.6809824229935676,0.11,1,0.1285956418964985,-0.01472589344755072
2020-12-08,60,2,multiclass_probability_sum,0,0.6764435974837145,0.11,1,0.12823202510734039,-0.005182166282528331
2020-12-17,60,2,multiclass_probability_sum,0,0.7189685433789436,0.11,1,0.12687643090700362,-0.026816528082895343
2020-04-22,60,2,multiclass_probability_sum,0,0.1974367346927803,0.11,1,0.12582542654111567,-0.008423769439393675
2020-09-08,60,2,multiclass_probability_sum,0,0.6380563053450519,0.11,1,0.12520741789079753,-0.0014840134036206187
2020-04-08,60,2,multiclass_probability_sum,0,0.5766012611665821,0.11,1,0.12499090875754233,0.013174511251634418
2020-04-09,60,2,multiclass_probability_sum,0,0.620993132844982,0.11,1,0.12452776802854652,-0.0031483227280086983
2020-12-11,60,2,multiclass_probability_sum,0,0.6603783539716576,0.11,1,0.12443627362457976,-0.021277192843111397
2020-08-27,60,2,multiclass_probability_sum,0,0.5255898222571417,0.11,1,0.1238125402770369,0.0048697414461668625
2020-08-28,60,2,multiclass_probability_sum,0,0.5503490981079311,0.11,1,0.12316619097385886,0.0030330075561669596
2020-11-09,60,2,multiclass_probability_sum,0,0.3406661577536395,0.11,1,0.12201431178702858,-0.001261312562767111
2020-08-31,60,2,multiclass_probability_sum,0,0.6039960489463748,0.11,1,0.12171111283878963,0.007458083047203916
2020-09-07,60,2,multiclass_probability_sum,0,0.6008483850347446,0.11,1,0.12157731059792874,0.000641505421337044
2020-04-13,60,2,multiclass_probability_sum,0,0.4764506310107272,0.11,1,0.12124332440515985,-0.0043448172729193555
2020-04-07,60,2,multiclass_probability_sum,0,0.641792244580993,0.11,1,0.12058111315481411,0.001779609892233747
2020-12-07,60,2,multiclass_probability_sum,0,0.7370203298281977,0.11,1,0.12057745596320796,-0.00588145342665933
2020-08-19,60,2,multiclass_probability_sum,0,0.24828011894500407,0.11,1,0.11952413643250571,-0.0035306199954322566
2020-11-05,60,2,multiclass_probability_sum,0,0.49366390524327897,0.11,1,0.1193375600429476,0.0005756807050099062
2020-08-26,60,2,multiclass_probability_sum,0,0.5422738834166586,0.11,1,0.11839979722002555,0.001418618458003321
2020-12-16,60,2,multiclass_probability_sum,0,0.7366314138252809,0.11,1,0.11826298327738864,-0.04118366905383522
2020-08-18,60,2,multiclass_probability_sum,0,0.25564000473413345,0.11,1,0.11776859582028848,0.002100741932932413
2020-12-15,60,2,multiclass_probability_sum,0,0.7067816884105567,0.11,1,0.11686552466958233,-0.030138727205006457
2020-09-01,60,2,multiclass_probability_sum,0,0.7188529213046481,0.11,1,0.11453188100505624,-0.0039101612758723975
2020-11-13,60,2,multiclass_probability_sum,0,0.4331410895186541,0.11,1,0.11419244197788295,-0.016170778226990798
2020-04-15,60,2,multiclass_probability_sum,0,0.4853656445132311,0.11,1,0.11415959939930104,-0.01916028712887666
2020-09-04,60,2,multiclass_probability_sum,0,0.7189315228644316,0.11,1,0.11381899574511099,-0.014851177251515989
2020-08-17,60,2,multiclass_probability_sum,0,0.21602148467256882,0.11,1,0.1130471827537647,-0.00438529979318745
2020-08-14,60,2,multiclass_probability_sum,0,0.27962234151029164,0.11,1,0.11244797155699349,-0.005079054267214231
2020-12-18,60,2,multiclass_probability_sum,0,0.6995352798739838,0.11,1,0.11238708944847345,-0.0416240635419668
2020-04-28,60,2,multiclass_probability_sum,0,0.26716532502715634,0.11,1,0.11038560285959224,-0.006197394449860097
2020-08-24,60,2,multiclass_probability_sum,0,0.3094502323066473,0.11,1,0.10918658929790814,0.005498966300545092
2020-08-11,60,2,multiclass_probability_sum,0,0.2540976340172612,0.11,1,0.10856267084678399,0.003965652041461004
2020-08-25,60,2,multiclass_probability_sum,0,0.6272838594417871,0.11,1,0.10771097497646603,-0.0007438816083562064
2020-03-18,60,2,multiclass_probability_sum,0,0.37330916061530633,0.11,1,0.10744885598641818,-0.12590618079971838
2020-04-23,60,2,multiclass_probability_sum,0,0.27047873792447114,0.11,1,0.10710338486098563,-0.014892424313758633
2020-08-04,60,2,multiclass_probability_sum,0,0.4233987677678411,0.11,1,0.10702062777970665,0.01228571269441494
2020-09-03,60,2,multiclass_probability_sum,0,0.735647166354375,0.11,1,0.10691135514066256,-0.017542939099669877
2020-04-16,60,2,multiclass_probability_sum,0,0.4454839584764174,0.11,1,0.1068299107823997,-0.023627789680979516
2020-08-21,60,2,multiclass_probability_sum,0,0.31943103481216445,0.11,1,0.10644909208639121,0.01613069220769349
2020-08-07,60,2,multiclass_probability_sum,0,0.36448978105761665,0.11,1,0.10399528876820294,0.001923374332951165
2020-04-24,60,2,multiclass_probability_sum,0,0.3336550819621058,0.11,1,0.1038929030476479,-0.018439510718543498
2020-04-27,60,2,multiclass_probability_sum,0,0.36058894959210475,0.11,1,0.10380501663026692,-0.010826851735547193
2020-08-10,60,2,multiclass_probability_sum,0,0.30075877811527063,0.11,1,0.1037807580611848,-0.00014232511825147527
2020-12-14,60,2,multiclass_probability_sum,0,0.6747546251758291,0.11,1,0.10330971531535192,-0.03846204265774931
2020-12-30,60,2,multiclass_probability_sum,0,0.7801874623232459,0.11,1,0.10257770523253562,-0.06941338062164591
2020-08-12,60,2,multiclass_probability_sum,0,0.36065369094187105,0.11,1,0.10187714977426127,-0.0005787344774281068
2020-06-30,60,2,multiclass_probability_sum,0,0.651608263450054,0.11,1,0.10067137467673114,-0.04961645593379521
2020-11-06,60,2,multiclass_probability_sum,0,0.4451269026911577,0.11,1,0.09859026829245127,0.013234148304741454
2020-07-22,60,2,multiclass_probability_sum,0,0.7791504600134327,0.11,1,0.09761671153710709,-0.08529477696495968
2020-08-06,60,2,multiclass_probability_sum,0,0.3692419223934883,0.11,1,0.09685220682609114,0.001688968584667946
2020-07-23,60,2,multiclass_probability_sum,0,0.7811040889735223,0.11,1,0.09623820490108932,-0.08724590590859797
2020-04-17,60,2,multiclass_probability_sum,0,0.48587298756224684,0.11,1,0.09479194662234869,-0.03496332467400597
2020-08-13,60,2,multiclass_probability_sum,0,0.33459877457317777,0.11,1,0.09289912290794375,-0.010132442048755397
2020-08-05,60,2,multiclass_probability_sum,0,0.3874886503247191,0.11,1,0.09259376119656812,0.0026701012382930574
2020-12-21,60,2,multiclass_probability_sum,0,0.7017539933504152,0.11,1,0.09047336003947146,-0.05430261031857655
2020-04-20,60,2,multiclass_probability_sum,0,0.453110062211487,0.11,1,0.09008537992836502,-0.04174121464799436
2020-06-29,60,2,multiclass_probability_sum,0,0.6450018150033547,0.11,1,0.08859467806570297,-0.054754064168736356
2020-07-21,60,2,multiclass_probability_sum,0,0.6870765879670991,0.11,1,0.08717576908254673,-0.09299532236533689
2020-11-04,60,2,multiclass_probability_sum,0,0.40561996038540393,0.11,1,0.0857886866171419,-0.002141134553633845
2020-12-24,60,2,multiclass_probability_sum,0,0.6839642982987539,0.11,1,0.08498516368473587,-0.04168027015750018
2020-12-28,60,2,multiclass_probability_sum,0,0.7258588790986862,0.11,1,0.08349265992311164,-0.06373920475778767
2020-12-25,60,2,multiclass_probability_sum,0,0.6544813342944539,0.11,1,0.08080142175344578,-0.05738735070048819
2020-12-29,60,2,multiclass_probability_sum,0,0.7652259318332792,0.11,1,0.08031622366735802,-0.07118850477748197
2019-01-14,60,2,multiclass_probability_sum,0,0.4465218698429746,0.11,1,0.0802678729662816,9.979541947313105e-05
2020-07-20,60,2,multiclass_probability_sum,0,0.7348680460790384,0.11,1,0.07647506456095583,-0.09265871777388993
2020-07-02,60,2,multiclass_probability_sum,0,0.418763298387669,0.11,1,0.07531047238018879,-0.07033096400139868
2020-04-29,60,2,multiclass_probability_sum,0,0.3091685262547066,0.11,1,0.07517913794245468,-0.008670838743590035
2020-12-23,60,2,multiclass_probability_sum,0,0.7622170459826122,0.11,1,0.07514685078769848,-0.05228407242452219
2019-01-24,60,2,multiclass_probability_sum,0,0.2022916364492815,0.11,1,0.07507111285220612,-0.00013205242500450264
2019-01-22,60,2,multiclass_probability_sum,0,0.3535131458509155,0.11,1,0.0747585795020689,0.0017964109684048546
2020-07-01,60,2,multiclass_probability_sum,0,0.40016542754454215,0.11,1,0.07433489464542394,-0.07164779170507486
2019-01-25,60,2,multiclass_probability_sum,0,0.2237724592676285,0.11,1,0.07380771457448194,-0.0002310803014327476
2020-07-03,60,2,multiclass_probability_sum,0,0.49000097771802603,0.11,1,0.07376746111416566,-0.07652036949636067
2019-01-23,60,2,multiclass_probability_sum,0,0.26105269326072783,0.11,1,0.07010216812182701,0.0005393951199936799
2020-12-22,60,2,multiclass_probability_sum,0,0.6606164771885682,0.11,1,0.06982873968987166,-0.0564924630321932
2019-01-17,60,2,multiclass_probability_sum,0,0.45770129401374027,0.11,1,0.06888864048434347,0.0004544975939980683
2019-01-18,60,2,multiclass_probability_sum,0,0.3444198755060449,0.11,1,0.06807183717282096,0.00469912687136281
2020-06-15,60,2,multiclass_probability_sum,0,0.6434041498221952,0.11,1,0.06698156855684474,-0.05849693032312912
2019-01-15,60,2,multiclass_probability_sum,0,0.3127940131723877,0.11,1,0.0663657905105559,-0.0086003279100105
2019-01-28,60,2,multiclass_probability_sum,0,0.18826293418610782,0.11,1,0.06571769145886326,-0.0038553470605831577
2020-06-26,60,2,multiclass_probability_sum,0,0.5718688664207531,0.11,1,0.06361524474741714,-0.08166279752926893
2020-05-05,60,2,multiclass_probability_sum,0,0.3722347047857359,0.11,1,0.06239662464277767,0.023831740450791252
2019-01-21,60,2,multiclass_probability_sum,0,0.22544715848859628,0.11,1,0.06063430678068937,-0.004951594624069967
2020-07-17,60,2,multiclass_probability_sum,0,0.6312803562092739,0.11,1,0.05987827305338296,-0.10491210457965491
2019-08-13,60,2,multiclass_probability_sum,0,0.5615013303686491,0.11,1,0.05833740428875394,0.0021490497696231656
2020-07-14,60,2,multiclass_probability_sum,0,0.4699974623831345,0.11,1,0.05775084115217976,-0.10041817989550032
2019-01-16,60,2,multiclass_probability_sum,0,0.3510122708893656,0.11,1,0.057311245661053827,-0.007522445294844456
2020-07-08,60,2,multiclass_probability_sum,0,0.36111451022316776,0.11,1,0.05577772975445771,-0.09625105027722493
2019-08-14,60,2,multiclass_probability_sum,0,0.5031963681884343,0.11,1,0.05532937372505305,0.0004127498484988585
2020-07-15,60,2,multiclass_probability_sum,0,0.5147702406310959,0.11,1,0.054722246891407075,-0.10248950317550512
2020-06-25,60,2,multiclass_probability_sum,0,0.5294712275690932,0.11,1,0.05282794041212323,-0.0847215669145797
2020-07-13,60,2,multiclass_probability_sum,0,0.46697614716399133,0.11,1,0.052635173846803836,-0.10112060906252483
2020-07-16,60,2,multiclass_probability_sum,0,0.5160119466107078,0.11,1,0.05239894070479678,-0.110412876090767
2019-05-09,60,2,multiclass_probability_sum,0,0.7337603429166605,0.11,1,0.051832214201568354,-0.004126727969346526
2019-08-12,60,2,multiclass_probability_sum,0,0.4603106977653941,0.11,1,0.04904841255846238,-0.008732690630181707
2019-06-27,60,2,multiclass_probability_sum,0,0.7469621666612216,0.11,1,0.048885588569523436,0.007215899882236328
2020-07-10,60,2,multiclass_probability_sum,0,0.46946813684469685,0.11,1,0.048691227357450656,-0.10398279512732322
2020-07-06,60,2,multiclass_probability_sum,0,0.40932364598435816,0.11,1,0.04852691866050607,-0.09238006274700784
2019-08-09,60,2,multiclass_probability_sum,0,0.5210320302464746,0.11,1,0.048177107210734406,-0.0077376401544193545
2020-07-07,60,2,multiclass_probability_sum,0,0.3769807102789423,0.11,1,0.04726571389321761,-0.0950009922413921
2019-01-29,60,2,multiclass_probability_sum,0,0.1557785779647685,0.11,1,0.04487651970038509,-0.007957950579843092
2019-01-30,60,2,multiclass_probability_sum,0,0.18525047742158757,0.11,1,0.04454670534889273,-0.007859684967815035
2019-01-31,60,2,multiclass_probability_sum,0,0.3453244166817396,0.11,1,0.04358674098330421,-0.002176638284336294
2019-08-15,60,2,multiclass_probability_sum,0,0.3746608552279932,0.11,1,0.0430763895240339,-0.010335240225244824
2019-05-08,60,2,multiclass_probability_sum,0,0.7488329554548129,0.11,1,0.04163493537209027,-0.00856244640478734
2019-02-01,60,2,multiclass_probability_sum,0,0.33103839027064685,0.11,1,0.04132766083219979,0.01900022821600692
2019-05-06,60,2,multiclass_probability_sum,0,0.7163770345873053,0.11,1,0.04087669202324426,-0.015633537417375002
2019-08-08,60,2,multiclass_probability_sum,0,0.4748501111593165,0.11,1,0.04054140883271463,-0.008660916002481898
2019-05-10,60,2,multiclass_probability_sum,0,0.7180128828105081,0.11,1,0.039672838351218986,-0.009959674238374187
2020-06-17,60,2,multiclass_probability_sum,0,0.4695493261502277,0.11,1,0.039448456732999515,-0.08454602874335376
2020-06-24,60,2,multiclass_probability_sum,0,0.48910310661876033,0.11,1,0.0391553938245081,-0.09069486823126627
2019-06-26,60,2,multiclass_probability_sum,0,0.4594289332555028,0.11,1,0.038824442265662985,-0.016843698746014463
2020-06-18,60,2,multiclass_probability_sum,0,0.4794462347423951,0.11,1,0.03864628060328236,-0.08551695371332291
2020-06-11,60,2,multiclass_probability_sum,0,0.5209858681267273,0.11,1,0.03863876746893759,-0.09956538983759461
2020-06-16,60,2,multiclass_probability_sum,0,0.4084607296622682,0.11,1,0.03803489198160052,-0.086521978923547
2019-06-03,60,2,multiclass_probability_sum,0,0.7928688014507176,0.11,1,0.037747762989637314,-0.003556349602910216
2020-07-09,60,2,multiclass_probability_sum,0,0.4442190426656132,0.11,1,0.03745462625350693,-0.10999081242133117
2019-08-19,60,2,multiclass_probability_sum,0,0.22725255753936852,0.11,1,0.037316269472278556,-0.012018561968774068
2019-06-28,60,2,multiclass_probability_sum,0,0.5834127960645497,0.11,1,0.037003948052430735,0.010940627259386904
2019-08-06,60,2,multiclass_probability_sum,0,0.554701751416191,0.11,1,0.0369210085943363,0.0013674932461426568
2019-08-16,60,2,multiclass_probability_sum,0,0.32103072545014133,0.11,1,0.0368139731227164,-0.010968093495863791
2019-06-25,60,2,multiclass_probability_sum,0,0.42641875365414444,0.11,1,0.03582478760468995,-0.0178857671374698
2019-06-24,60,2,multiclass_probability_sum,0,0.36601920668886634,0.11,1,0.03459231717927114,-0.0207147116028272
2019-07-08,60,2,multiclass_probability_sum,0,0.47912289636111566,0.11,1,0.03381910747767953,-0.0018022128588430387
2019-08-07,60,2,multiclass_probability_sum,0,0.47348050332164127,0.11,1,0.03348321441519825,0.0009313107318555851
2019-05-31,60,2,multiclass_probability_sum,0,0.7669572474400623,0.11,1,0.033368356809855886,-0.017625351825661176
2020-06-23,60,2,multiclass_probability_sum,0,0.41282357489325117,0.11,1,0.03315759075442935,-0.10052184801937294
2019-06-06,60,2,multiclass_probability_sum,0,0.679004406426099,0.11,1,0.031536763412410115,-0.005393071887585847
2019-06-21,60,2,multiclass_probability_sum,0,0.4633509335385796,0.11,1,0.03146391527399445,-0.016916678890234862
2019-07-03,60,2,multiclass_probability_sum,0,0.44641467481386604,0.11,1,0.03112278010585153,0.004384422607940749
2020-06-19,60,2,multiclass_probability_sum,0,0.4718430407638736,0.11,1,0.029506487972279043,-0.10093641307747638
2020-05-04,60,2,multiclass_probability_sum,0,0.3746250465298161,0.11,1,0.029337091400854526,0.002214027878861953
2019-05-07,60,2,multiclass_probability_sum,0,0.6481416199875861,0.11,1,0.029288256095653477,-0.015205457453854548
2019-06-20,60,2,multiclass_probability_sum,0,0.4818670393442611,0.11,1,0.028814159478191676,-0.016895827963931614
2019-05-30,60,2,multiclass_probability_sum,0,0.621764655632493,0.11,1,0.028396090770331592,-0.027432502717672363
2020-06-22,60,2,multiclass_probability_sum,0,0.3787061864308109,0.11,1,0.02826715468526927,-0.10406313992131067
2020-06-12,60,2,multiclass_probability_sum,0,0.5321681385102356,0.11,1,0.028236176030803917,-0.09511680402421235
2019-02-11,60,2,multiclass_probability_sum,0,0.2155307570844779,0.11,1,0.02816037888522045,0.012277203424812862
2019-08-20,60,2,multiclass_probability_sum,0,0.19560169780791414,0.11,1,0.028137870440287528,-0.015722081489083668
2019-06-19,60,2,multiclass_probability_sum,0,0.6252825256443485,0.11,1,0.02739868960018719,-0.00695269072946088
2019-06-05,60,2,multiclass_probability_sum,0,0.7196422595095979,0.11,1,0.026807642647727385,-0.008762169946023994
2019-06-04,60,2,multiclass_probability_sum,0,0.642641839743095,0.11,1,0.026589392886157276,-0.008499367524626801
2019-06-07,60,2,multiclass_probability_sum,0,0.660692055449779,0.11,1,0.026546859962284106,-0.01595708601771863
2019-06-18,60,2,multiclass_probability_sum,0,0.6005473093388956,0.11,1,0.02644771885902193,-0.0009538344866621582
2019-07-02,60,2,multiclass_probability_sum,0,0.40391688795408753,0.11,1,0.025980284188602813,-0.001654208464108109
2019-02-15,60,2,multiclass_probability_sum,0,0.2306906559656684,0.11,1,0.02574652487224726,-0.004088735344756351
2019-08-26,60,2,multiclass_probability_sum,0,0.44912528868974383,0.11,1,0.025583573170233544,-0.013902559246863446
2019-07-04,60,2,multiclass_probability_sum,0,0.3573611121020728,0.11,1,0.025167751507272813,-0.00870131673754725
2019-06-13,60,2,multiclass_probability_sum,0,0.5844305238522988,0.11,1,0.02494724421781661,-0.007363266752325355
2019-06-17,60,2,multiclass_probability_sum,0,0.6055294213103519,0.11,1,0.024317783336163037,-0.004063368658674628
2019-02-14,60,2,multiclass_probability_sum,0,0.2133866411656592,0.11,1,0.024171552023096978,-0.005612461095762342
2019-08-27,60,2,multiclass_probability_sum,0,0.5172547791832253,0.11,1,0.024043437006797376,-0.007687207065099888
2019-06-12,60,2,multiclass_probability_sum,0,0.759824356694569,0.11,1,0.02342983259578878,-0.011658927814995286
2019-02-19,60,2,multiclass_probability_sum,0,0.24492254704733485,0.11,1,0.023347443763749875,-0.018144646463389234
2019-05-29,60,2,multiclass_probability_sum,0,0.5606736721860335,0.11,1,0.02323698595048655,-0.0296995165899513
2019-08-05,60,2,multiclass_probability_sum,0,0.4841842428823184,0.11,1,0.023078494288911806,-0.008814358115950334
2019-07-01,60,2,multiclass_probability_sum,0,0.38400046761106577,0.11,1,0.023054242054611485,-0.005420574020181379
2019-07-09,60,2,multiclass_probability_sum,0,0.3195257999485951,0.11,1,0.022590031336008808,-0.004592335574122841
2019-02-12,60,2,multiclass_probability_sum,0,0.1676377928633393,0.11,1,0.022151869886630385,0.008190019170006169
2019-07-05,60,2,multiclass_probability_sum,0,0.31019536762269817,0.11,1,0.02152322041924436,-0.011062253585959102
2019-06-14,60,2,multiclass_probability_sum,0,0.5748480584705452,0.11,1,0.02127971650577188,-0.011071858010213096
2019-02-13,60,2,multiclass_probability_sum,0,0.18420710561595888,0.11,1,0.021030928119956264,0.001860210021373944
2019-04-18,60,2,multiclass_probability_sum,0,0.7824435238958011,0.11,1,0.02037706601203335,-0.02014332753928538
2019-05-03,60,2,multiclass_probability_sum,0,0.5549828645062498,0.11,1,0.019528038734409774,-0.032372105656593084
2019-07-10,60,2,multiclass_probability_sum,0,0.3633705210371145,0.11,1,0.019124737310999364,-0.009328021574953538
2019-08-21,60,2,multiclass_probability_sum,0,0.17729957616772118,0.11,1,0.017860821241198376,-0.025534949194753777
2020-05-15,60,2,multiclass_probability_sum,0,0.5561037617993193,0.11,1,0.0172975082748669,-0.051940715214908034
2019-06-10,60,2,multiclass_probability_sum,0,0.5398093954326916,0.11,1,0.01694973285652146,-0.020766639423168518
2019-04-19,60,2,multiclass_probability_sum,0,0.6496306047040539,0.11,1,0.016790386134020344,-0.024198277067730582
2019-05-02,60,2,multiclass_probability_sum,0,0.40431064822786883,0.11,1,0.016671697803543856,-0.03683786201306122
2019-02-20,60,2,multiclass_probability_sum,0,0.3736703206156374,0.11,1,0.01605659805760352,-0.024584178155558304
2019-07-18,60,2,multiclass_probability_sum,0,0.4140658931281323,0.11,1,0.01604798934450649,-0.011789940036469056
2019-06-11,60,2,multiclass_probability_sum,0,0.5885580333698842,0.11,1,0.016044062252968876,-0.01990428826815241
2019-07-15,60,2,multiclass_probability_sum,0,0.36626398484106326,0.11,1,0.01600442167905036,-0.008177048773216549
2019-02-18,60,2,multiclass_probability_sum,0,0.19344601486979274,0.11,1,0.015667733724414476,-0.01497688227935423
2019-04-25,60,2,multiclass_probability_sum,0,0.5077529135058039,0.11,1,0.015614574806684108,-0.03236184013897996
2019-05-13,60,2,multiclass_probability_sum,0,0.6268049429734204,0.11,1,0.015126939200917507,-0.016228368664596867
2019-04-23,60,2,multiclass_probability_sum,0,0.6358566282535374,0.11,1,0.014705393332585375,-0.02604916245350733
2019-05-28,60,2,multiclass_probability_sum,0,0.46482734453550706,0.11,1,0.012950755197398404,-0.030172879637369383
2019-08-22,60,2,multiclass_probability_sum,0,0.19385812054928822,0.11,1,0.012723794053403908,-0.02842704014231994
2019-07-19,60,2,multiclass_probability_sum,0,0.3812790313875976,0.11,1,0.011367036877511947,-0.018213606036528794
2019-07-22,60,2,multiclass_probability_sum,0,0.3118108009429023,0.11,1,0.011148974522352825,-0.01790816614981403
2019-08-28,60,2,multiclass_probability_sum,0,0.4865463109814554,0.11,1,0.01081861810034202,-0.008168259248067179
2019-04-22,60,2,multiclass_probability_sum,0,0.6073498799620786,0.11,1,0.010494918435826851,-0.023835971350206226
2020-05-06,60,2,multiclass_probability_sum,0,0.3012609253622164,0.11,1,0.010486739931760636,0.0032913230712011245
2019-08-23,60,2,multiclass_probability_sum,0,0.38648100632873716,0.11,1,0.010484419669721743,-0.023592155289832883
2019-05-24,60,2,multiclass_probability_sum,0,0.6069224637883242,0.11,1,0.010225572810393307,-0.028144074031154754
2020-05-14,60,2,multiclass_probability_sum,0,0.5151961303921044,0.11,1,0.009136415231748143,-0.058412839673359106
2019-07-11,60,2,multiclass_probability_sum,0,0.3551203261585731,0.11,1,0.009113997438478877,-0.01442975985174241
2019-04-26,60,2,multiclass_probability_sum,0,0.4559041657130737,0.11,1,0.008912434187239809,-0.03800223241435734
2019-07-12,60,2,multiclass_probability_sum,0,0.39501188750034727,0.11,1,0.007853029139994343,-0.01112376870331856
2020-05-18,60,2,multiclass_probability_sum,0,0.5128538618558842,0.11,1,0.007368159937690238,-0.06393576300328727
2019-02-28,60,2,multiclass_probability_sum,0,0.5010693862496985,0.11,1,0.00626741201062408,-0.01930537660998059
2019-05-27,60,2,multiclass_probability_sum,0,0.4098618757988507,0.11,1,0.0060219897041114785,-0.03339812561034676
2019-07-16,60,2,multiclass_probability_sum,0,0.31017568243364413,0.11,1,0.005807299791309516,-0.017979443801754702
2020-05-07,60,2,multiclass_probability_sum,0,0.3384765799861891,0.11,1,0.005745883227821905,-0.014377092954252048
2019-08-02,60,2,multiclass_probability_sum,0,0.4493119337341529,0.11,1,0.005413631792916038,-0.027091562840029063
2019-04-24,60,2,multiclass_probability_sum,0,0.5287818898885286,0.11,1,0.005227275348561173,-0.03522184055081699
2019-07-23,60,2,multiclass_probability_sum,0,0.3628380663577228,0.11,1,0.005040536499706483,-0.025435465196099967
2019-07-17,60,2,multiclass_probability_sum,0,0.2867997697510217,0.11,1,0.0048833823790842045,-0.018447713452186966
2020-06-10,60,2,multiclass_probability_sum,0,0.5115839213261005,0.11,1,0.004401410676495619,-0.13649450847819053
2020-05-13,60,2,multiclass_probability_sum,0,0.4445331003438078,0.11,1,0.00429423928897373,-0.06058491437784046
2019-07-31,60,2,multiclass_probability_sum,0,0.4136527030855655,0.11,1,0.001954404579266961,-0.027656432027313653
2019-07-30,60,2,multiclass_probability_sum,0,0.47133315778819423,0.11,1,0.0017934861759210557,-0.021952763799943823
2019-07-24,60,2,multiclass_probability_sum,0,0.3960730387270436,0.11,1,0.0014255169912211687,-0.02437371685203324
2019-09-04,60,2,multiclass_probability_sum,0,0.501480912097402,0.11,1,0.0005522037158419803,-0.008546797175437177
2019-04-17,60,2,multiclass_probability_sum,0,0.7544949280424611,0.11,1,0.0004422435188269198,-0.030275755003953624
2019-05-16,60,2,multiclass_probability_sum,0,0.49271540042653117,0.11,1,-0.000461318456306084,-0.033961988186350184
2019-05-14,60,2,multiclass_probability_sum,0,0.5558611254103771,0.11,1,-0.0007564963183647994,-0.023297446067928895
2020-06-02,60,2,multiclass_probability_sum,0,0.6643277600798547,0.11,1,-0.0007776228006611406,-0.10809503395649249
2019-08-01,60,2,multiclass_probability_sum,0,0.3321031704698722,0.11,1,-0.000822483947748212,-0.03341799242135085
2019-08-29,60,2,multiclass_probability_sum,0,0.5145410099248794,0.11,1,-0.0008280642682970137,-0.0095282819543117
2019-04-16,60,2,multiclass_probability_sum,0,0.5603907013029716,0.11,1,-0.0018129956773130405,-0.03547771413019559
2019-05-17,60,2,multiclass_probability_sum,0,0.4120039188507214,0.11,1,-0.002193950091133618,-0.0347713439731151
2020-05-22,60,2,multiclass_probability_sum,0,0.6899313324612686,0.11,1,-0.0023481354861302844,-0.08255443961753162
2019-09-03,60,2,multiclass_probability_sum,0,0.5264537435428593,0.11,1,-0.0026276118689059847,-0.010314818934005938
2020-05-19,60,2,multiclass_probability_sum,0,0.6001827955509651,0.11,1,-0.0033629398182936543,-0.07452453764101981
2019-05-23,60,2,multiclass_probability_sum,0,0.286734074710813,0.11,1,-0.003394342968195638,-0.04113113653912463
2019-09-06,60,2,multiclass_probability_sum,0,0.5918973954735792,0.11,1,-0.0034244671814350146,-0.004908957624457802
2019-09-11,60,2,multiclass_probability_sum,0,0.5454867004850875,0.11,1,-0.003524168983503684,-0.016518469562057447
2019-02-21,60,2,multiclass_probability_sum,0,0.34167236370602927,0.11,1,-0.003845085519562257,-0.04193772754651101
2019-04-12,60,2,multiclass_probability_sum,0,0.5068157812942828,0.11,1,-0.004353751148207446,-0.04132446074951398
2019-10-29,60,2,multiclass_probability_sum,0,0.4237756942077599,0.11,1,-0.004438122746217898,-0.04822900340524029
2019-07-25,60,2,multiclass_probability_sum,0,0.44498346897847685,0.11,1,-0.005795948992413518,-0.030968610067041064
2019-02-22,60,2,multiclass_probability_sum,0,0.4603186148200278,0.11,1,-0.006289265108552174,-0.04329367367833032
2019-09-05,60,2,multiclass_probability_sum,0,0.6057667817713284,0.11,1,-0.006573632685964626,-0.007687207065099888
2020-05-20,60,2,multiclass_probability_sum,0,0.6196910643588629,0.11,1,-0.007047792772545653,-0.08275377711416085
2019-03-26,60,2,multiclass_probability_sum,0,0.5797182241120603,0.11,1,-0.007181916787778831,-0.026942793903943833
2020-05-27,60,2,multiclass_probability_sum,0,0.6615004058129152,0.11,1,-0.007338988514262798,-0.0880976003068146
2020-06-09,60,2,multiclass_probability_sum,0,0.6665768379641793,0.11,1,-0.007763623872267133,-0.13502676520315574
2019-08-30,60,2,multiclass_probability_sum,0,0.5434002675486032,0.11,1,-0.0078657421165665,-0.015102392634318701
2020-06-05,60,2,multiclass_probability_sum,0,0.6119120413036828,0.11,1,-0.008203082481977878,-0.12106497193362313
2020-06-03,60,2,multiclass_probability_sum,0,0.6615188146791126,0.11,1,-0.008776785470272571,-0.11535031501774769
2020-05-21,60,2,multiclass_probability_sum,0,0.6798929097931798,0.11,1,-0.008941833263883004,-0.09420152517682541
2020-05-12,60,2,multiclass_probability_sum,0,0.5106063921791691,0.11,1,-0.009321189150056034,-0.06191463012245526
2019-07-26,60,2,multiclass_probability_sum,0,0.4253920837697335,0.11,1,-0.009904426636736968,-0.029359194641438796
2019-05-15,60,2,multiclass_probability_sum,0,0.5807925620364053,0.11,1,-0.010002298092499105,-0.033910741088205805
2019-10-28,60,2,multiclass_probability_sum,0,0.3290737309530322,0.11,1,-0.010197531443252077,-0.04884134563332341
2020-05-25,60,2,multiclass_probability_sum,0,0.6337318684501823,0.11,1,-0.010402682170764494,-0.089915231828139
2020-06-04,60,2,multiclass_probability_sum,0,0.6831408230882964,0.11,1,-0.010451531215303582,-0.11844367922078192
2019-03-01,60,2,multiclass_probability_sum,0,0.40620830214667936,0.11,1,-0.010559521813136439,-0.03386529656146237
2019-07-29,60,2,multiclass_probability_sum,0,0.32827367245221245,0.11,1,-0.010830630823514327,-0.03396927969105533
2019-03-25,60,2,multiclass_probability_sum,0,0.5440594617300093,0.11,1,-0.01126863012881301,-0.027231474532385624
2020-05-29,60,2,multiclass_probability_sum,0,0.6973303863026699,0.11,1,-0.011272476495889859,-0.09621634753512648
2020-06-01,60,2,multiclass_probability_sum,0,0.5904913054442895,0.11,1,-0.011434582480749148,-0.11250914572767921
2019-05-20,60,2,multiclass_probability_sum,0,0.31733691735620256,0.11,1,-0.012046373838741771,-0.04561881819648567
2019-02-26,60,2,multiclass_probability_sum,0,0.5322228180259375,0.11,1,-0.012149777425967555,-0.04142117506696777
2019-04-11,60,2,multiclass_probability_sum,0,0.48679601624596375,0.11,1,-0.012553747230107678,-0.04442271855462527
2019-04-10,60,2,multiclass_probability_sum,0,0.5449658366932311,0.11,1,-0.013183444313118374,-0.040316729636805285
2019-09-12,60,2,multiclass_probability_sum,0,0.4725332100799044,0.11,1,-0.013200558820214056,-0.023468296546021273
2019-10-23,60,2,multiclass_probability_sum,0,0.41467784525625945,0.11,1,-0.013740596390751914,-0.0400824009762432
2019-10-24,60,2,multiclass_probability_sum,0,0.26835995407128416,0.11,1,-0.01484392750180159,-0.04594698760695885
2019-05-22,60,2,multiclass_probability_sum,0,0.3167630764694186,0.11,1,-0.015230566499109924,-0.04221936999629524
2019-09-09,60,2,multiclass_probability_sum,0,0.5398391852738126,0.11,1,-0.015320223301789894,-0.015320223301789894
2020-05-28,60,2,multiclass_probability_sum,0,0.6906370172239731,0.11,1,-0.015419116900794559,-0.09264710869791418
2019-03-27,60,2,multiclass_probability_sum,0,0.6522459065935694,0.11,1,-0.016301677085908253,-0.03323360973671585
2019-04-05,60,2,multiclass_probability_sum,0,0.5348034354046741,0.11,1,-0.016531997572443502,-0.047774264059554664
2020-05-11,60,2,multiclass_probability_sum,0,0.40096492286319907,0.11,1,-0.0166530525606894,-0.053511370863533074
2019-10-21,60,2,multiclass_probability_sum,0,0.6103938782750649,0.11,1,-0.016980147124041146,-0.03579091900508
2019-09-10,60,2,multiclass_probability_sum,0,0.6206106776020737,0.11,1,-0.017498068211211037,-0.017498068211211037
2019-10-07,60,2,multiclass_probability_sum,0,0.5671967574200988,0.11,1,-0.018541483477283596,-0.03304992100049761
2019-02-27,60,2,multiclass_probability_sum,0,0.5259655329313598,0.11,1,-0.018621828757601596,-0.044667980425624434
2020-05-08,60,2,multiclass_probability_sum,0,0.44991597168512953,0.11,1,-0.019031415779065964,-0.03572836080166063
2019-05-21,60,2,multiclass_probability_sum,0,0.29320379534040864,0.11,1,-0.01992775045494624,-0.0447675041825084
2020-06-08,60,2,multiclass_probability_sum,0,0.6562595077409613,0.11,1,-0.02051071863063794,-0.1364056156384501
2019-04-02,60,2,multiclass_probability_sum,0,0.5574300209326792,0.11,1,-0.020703612280397982,-0.044280713442202545
2019-04-08,60,2,multiclass_probability_sum,0,0.44976098797153435,0.11,1,-0.022526169172404204,-0.05612937250792731
2019-04-09,60,2,multiclass_probability_sum,0,0.5229224801953773,0.11,1,-0.022642322298740157,-0.046985484907147164
2019-04-03,60,2,multiclass_probability_sum,0,0.5501598120726562,0.11,1,-0.023099607063668,-0.04291034266939937
2019-03-28,60,2,multiclass_probability_sum,0,0.5957459172952438,0.11,1,-0.02456215049114287,-0.04045201475049509
2019-02-25,60,2,multiclass_probability_sum,0,0.5730204932263624,0.11,1,-0.024842709833301533,-0.04886005589510978
2020-05-26,60,2,multiclass_probability_sum,0,0.6372436334483436,0.11,1,-0.026465206604738497,-0.10159245646892559
2019-03-11,60,2,multiclass_probability_sum,0,0.48272817141974284,0.11,1,-0.0270954564833119,-0.039496192898120355
2019-04-04,60,2,multiclass_probability_sum,0,0.5503727604729834,0.11,1,-0.027239397900812052,-0.04539592504243529
2019-03-22,60,2,multiclass_probability_sum,0,0.5311697586970904,0.11,1,-0.030322310356430862,-0.04626430383370024
2019-03-21,60,2,multiclass_probability_sum,0,0.5993767446216776,0.11,1,-0.03323163511632859,-0.039230491359127255
2019-03-04,60,2,multiclass_probability_sum,0,0.3679542369848635,0.11,1,-0.034918869595064406,-0.048417493451378996
2020-03-24,60,2,candidate_risk_off,0,0.6070090917500137,0.49,1,0.27579451954048384,0.004616079692811852
2020-03-30,60,2,candidate_risk_off,0,0.5906648278128452,0.49,1,0.2549635936847753,0.0004076117780754718
2020-03-31,60,2,candidate_risk_off,0,0.602898259237975,0.49,1,0.2514972125213889,0.02636513642160784
2020-03-23,60,2,candidate_risk_off,0,0.6117801088196939,0.49,1,0.24924204429847752,-0.01113301587785287
2020-10-29,60,2,candidate_risk_off,0,0.5672428415842291,0.49,1,0.23862992723897386,0.00692854686781607
2020-10-21,60,2,candidate_risk_off,0,0.6211263427011164,0.49,1,0.23467389425687785,-0.021474257870194836
2020-10-28,60,2,candidate_risk_off,0,0.5910938000257389,0.49,1,0.23428370079193642,-0.0021411538887236036
2020-10-19,60,2,candidate_risk_off,0,0.6420219063544322,0.49,1,0.233824996986382,-0.026424552673741986
2020-03-25,60,2,candidate_risk_off,0,0.5809475480468049,0.49,1,0.23290954395716723,-0.0413956227343391
2020-10-30,60,2,candidate_risk_off,0,0.5628136649202565,0.49,1,0.23107553106038273,0.00883205052677949
2020-10-22,60,2,candidate_risk_off,0,0.6247185852732,0.49,1,0.22887506821675527,-0.03298354618663422
2020-10-16,60,2,candidate_risk_off,0,0.6495439673874196,0.49,1,0.22802085660051186,-0.02601119594630493
2020-10-20,60,2,candidate_risk_off,0,0.618087634381136,0.49,1,0.22781275473075233,-0.027197812744790814
2020-03-26,60,2,candidate_risk_off,0,0.5934763442456557,0.49,1,0.22364759447097443,-0.04711628031859396
2020-10-23,60,2,candidate_risk_off,0,0.6667971302587374,0.49,1,0.21509258690127,-0.0448717541771754
2020-10-15,60,2,candidate_risk_off,0,0.6329013394902042,0.49,1,0.21397097385335928,-0.02543857363868452
2020-03-27,60,2,candidate_risk_off,0,0.5848531870747694,0.49,1,0.21115925956201614,-0.04977763543944564
2020-10-14,60,2,candidate_risk_off,0,0.6215223785389814,0.49,1,0.2070734885610314,-0.02269817658450156
2020-10-13,60,2,candidate_risk_off,0,0.5727233817328555,0.49,1,0.20656133677222088,-0.011660867471463558
2020-10-12,60,2,candidate_risk_off,0,0.5773654591280031,0.49,1,0.20153637401381877,-0.007317462769655638
2020-04-01,60,2,candidate_risk_off,0,0.596537266430972,0.49,1,0.19822334273924852,0.031217486873506554
2020-11-02,60,2,candidate_risk_off,0,0.5686472004133717,0.49,1,0.19624046040095802,0.0018511687441846105
2020-10-09,60,2,candidate_risk_off,0,0.5756534107224148,0.49,1,0.19279144747916044,-0.005338901932181662
2020-11-18,60,2,candidate_risk_off,0,0.6345267719516164,0.49,1,0.18756698676406994,0.009944940635203504
2020-03-20,60,2,candidate_risk_off,0,0.5437338016217756,0.49,1,0.18556166756967238,-0.07384246763668896
2020-07-27,60,2,candidate_risk_off,0,0.6754717089312127,0.49,1,0.18467072760817313,0.007195416860559414
2020-10-08,60,2,candidate_risk_off,0,0.5777838651189087,0.49,1,0.18346546136731753,0.00026116479647007846
2020-07-29,60,2,candidate_risk_off,0,0.6188743106976048,0.49,1,0.18326104418945696,0.00950152816203515
2020-10-06,60,2,candidate_risk_off,0,0.5802434298723212,0.49,1,0.18294567715480534,0.003455967157583461
2020-07-30,60,2,candidate_risk_off,0,0.6059898701975157,0.49,1,0.18222169285848355,-0.003426031159479446
2020-10-27,60,2,candidate_risk_off,0,0.6292264188591599,0.49,1,0.18136667741145027,-0.02936610471647746
2020-09-29,60,2,candidate_risk_off,0,0.6125316533591085,0.49,1,0.18109843691133137,0.0013597247270958413
2020-11-19,60,2,candidate_risk_off,0,0.6573054950481538,0.49,1,0.1768724336774573,0.00683136151501463
2020-10-07,60,2,candidate_risk_off,0,0.5988539731034463,0.49,1,0.17675731486061796,-0.0009572709807678487
2020-10-05,60,2,candidate_risk_off,0,0.5861615952757232,0.49,1,0.17657813755966592,0.0010817604245548903
2020-11-17,60,2,candidate_risk_off,0,0.6110991266065118,0.49,1,0.17636931231116326,0.004767233587459033
2020-09-30,60,2,candidate_risk_off,0,0.6075041625675329,0.49,1,0.17553032157656448,0.005178732540228374
2020-10-02,60,2,candidate_risk_off,0,0.5622775163241147,0.49,1,0.17545486731230217,0.005228583809935716
2020-07-31,60,2,candidate_risk_off,0,0.6291007977481633,0.49,1,0.17470653561732397,0.020161373280249105
2020-10-26,60,2,candidate_risk_off,0,0.6201035490419456,0.49,1,0.17355374063008155,-0.03393056577653635
2020-11-20,60,2,candidate_risk_off,0,0.6735135323327714,0.49,1,0.17135252542338064,0.004223392142988823
2020-09-28,60,2,candidate_risk_off,0,0.6148014136178402,0.49,1,0.16952773499470233,-0.009380849203012276
2020-11-23,60,2,candidate_risk_off,0,0.6632688208757095,0.49,1,0.16933937951741318,0.0015779294210976843
2020-11-30,60,2,candidate_risk_off,0,0.7094347235731217,0.49,1,0.1680252357297108,0.005755626117826618
2020-03-13,60,2,candidate_risk_off,0,0.5875593491901747,0.49,1,0.16673696323431048,-0.14461565170688745
2020-03-19,60,2,candidate_risk_off,0,0.5190771814943967,0.49,1,0.16495486698822584,-0.0964252183983288
2020-12-01,60,2,candidate_risk_off,0,0.6634421349028253,0.49,1,0.16255609910642038,0.005387544602800859
2020-04-03,60,2,candidate_risk_off,0,0.6418994062761186,0.49,1,0.16186824763080077,0.04860015846868941
2020-09-25,60,2,candidate_risk_off,0,0.6164751939423393,0.49,1,0.16149558244703144,-0.0047344549740734486
2020-11-12,60,2,candidate_risk_off,0,0.5713231934018166,0.49,1,0.16105164974960776,-0.00888978509942968
2020-11-27,60,2,candidate_risk_off,0,0.7057962170546513,0.49,1,0.1605615003423299,-0.007092862398698215
2020-11-03,60,2,candidate_risk_off,0,0.5812682648007931,0.49,1,0.15950448051543667,0.002498453113713965
2020-11-16,60,2,candidate_risk_off,0,0.5755416379079629,0.49,1,0.15925368368264936,0.018868189419210448
2020-09-21,60,2,candidate_risk_off,0,0.6552248054575129,0.49,1,0.15869695566771536,-0.004371060869172105
2020-09-23,60,2,candidate_risk_off,0,0.6296290929872164,0.49,1,0.15640879372996092,-0.009380849203012276
2020-03-12,60,2,candidate_risk_off,0,0.5907698674876677,0.49,1,0.15551100584712485,-0.15437386581903836
2020-11-11,60,2,candidate_risk_off,0,0.5593035375337856,0.49,1,0.1552902229938116,-0.0015028825588478435
2020-10-01,60,2,candidate_risk_off,0,0.5823819594502129,0.49,1,0.1551644454124698,-0.004583341356844453
2020-11-10,60,2,candidate_risk_off,0,0.5783262527468609,0.49,1,0.1548167944235946,-0.0011667692855114582
2020-11-24,60,2,candidate_risk_off,0,0.6769133924049872,0.49,1,0.15440027853408364,0.004189012489342879
2020-11-25,60,2,candidate_risk_off,0,0.6969710525901194,0.49,1,0.1531501194300091,0.003135268317000039
2020-09-22,60,2,candidate_risk_off,0,0.6312554643407434,0.49,1,0.1523029402572193,-0.002441760826925267
2020-08-03,60,2,candidate_risk_off,0,0.5774305046490179,0.49,1,0.1499807012770159,0.015735122669555505
2020-11-26,60,2,candidate_risk_off,0,0.6880288119766813,0.49,1,0.14974295056691259,-0.002876983642403693
2020-09-18,60,2,candidate_risk_off,0,0.6543394193316334,0.49,1,0.1492406408030604,0.003357474080811035
2020-03-16,60,2,candidate_risk_off,0,0.5497067291842749,0.49,1,0.14824985000233815,-0.12617364629826378
2020-03-17,60,2,candidate_risk_off,0,0.5388435158883181,0.49,1,0.14658640832616637,-0.12338850216105357
2020-09-16,60,2,candidate_risk_off,0,0.6482035796033631,0.49,1,0.14655940996040048,-0.003829176718028059
2020-09-24,60,2,candidate_risk_off,0,0.6339666936933972,0.49,1,0.14634679701904843,-0.005075704942984885
2020-07-28,60,2,candidate_risk_off,0,0.5925604771925005,0.49,1,0.1436736116127917,-0.028078144260225833
2020-09-17,60,2,candidate_risk_off,0,0.6424568583821474,0.49,1,0.14244666941530432,0.007699245270928868
2020-12-02,60,2,candidate_risk_off,0,0.6912313802463467,0.49,1,0.14151955357337687,0.005388092401362768
2020-09-14,60,2,candidate_risk_off,0,0.6533546263100781,0.49,1,0.14095150766355602,-0.0005926389939811708
2020-09-11,60,2,candidate_risk_off,0,0.6561219406233081,0.49,1,0.1389541355218253,0.005687027739168962
2020-09-15,60,2,candidate_risk_off,0,0.6634090061609486,0.49,1,0.13836482696260036,-0.0024800325508057674
2020-09-10,60,2,candidate_risk_off,0,0.6624929131051542,0.49,1,0.1374670682985818,0.00016874884025224797
2020-12-10,60,2,candidate_risk_off,0,0.6880353670381731,0.49,1,0.1363936919234448,-0.006783976184426603
2020-12-03,60,2,candidate_risk_off,0,0.6963662774298159,0.49,1,0.13627693376566208,0.0016558160634956485
2020-04-06,60,2,candidate_risk_off,0,0.6631655455432199,0.49,1,0.13529942493339114,0.013401484074900733
2020-12-04,60,2,candidate_risk_off,0,0.7057499209595253,0.49,1,0.1342616763728138,0.0023955854482213793
2020-04-21,60,2,candidate_risk_off,0,0.5510291754804573,0.49,1,0.1340349562850386,-0.005715011206582887
2020-04-14,60,2,candidate_risk_off,0,0.5813640586946318,0.49,1,0.1328698585256895,-0.006458045296496103
2020-09-09,60,2,candidate_risk_off,0,0.6433300328692029,0.49,1,0.13151659046842482,-0.0005623854287944385
2020-08-20,60,2,candidate_risk_off,0,0.6025914124469088,0.49,1,0.130335749555499,0.007715879242117009
2020-04-10,60,2,candidate_risk_off,0,0.6166608640548028,0.49,1,0.13029702025093953,0.0059589366086929925
2020-07-24,60,2,candidate_risk_off,0,0.6662399951157908,0.49,1,0.12938458225193405,-0.05451288528519017
2020-12-09,60,2,candidate_risk_off,0,0.6731828507128955,0.49,1,0.1285956418964985,-0.01472589344755072
2020-12-08,60,2,candidate_risk_off,0,0.6742323343282692,0.49,1,0.12823202510734039,-0.005182166282528331
2020-12-17,60,2,candidate_risk_off,0,0.6655264475558095,0.49,1,0.12687643090700362,-0.026816528082895343
2020-04-22,60,2,candidate_risk_off,0,0.532730276067364,0.49,1,0.12582542654111567,-0.008423769439393675
2020-09-08,60,2,candidate_risk_off,0,0.6331911442410423,0.49,1,0.12520741789079753,-0.0014840134036206187
2020-04-08,60,2,candidate_risk_off,0,0.6211818348329584,0.49,1,0.12499090875754233,0.013174511251634418
2020-04-09,60,2,candidate_risk_off,0,0.6552442765973969,0.49,1,0.12452776802854652,-0.0031483227280086983
2020-12-11,60,2,candidate_risk_off,0,0.6593033629599548,0.49,1,0.12443627362457976,-0.021277192843111397
2020-08-27,60,2,candidate_risk_off,0,0.6264002798545582,0.49,1,0.1238125402770369,0.0048697414461668625
2020-08-28,60,2,candidate_risk_off,0,0.6279522087830067,0.49,1,0.12316619097385886,0.0030330075561669596
2020-11-09,60,2,candidate_risk_off,0,0.5565585042430106,0.49,1,0.12201431178702858,-0.001261312562767111
2020-08-31,60,2,candidate_risk_off,0,0.6381785569015106,0.49,1,0.12171111283878963,0.007458083047203916
2020-09-07,60,2,candidate_risk_off,0,0.6333925366877348,0.49,1,0.12157731059792874,0.000641505421337044
2020-04-13,60,2,candidate_risk_off,0,0.5878012988292185,0.49,1,0.12124332440515985,-0.0043448172729193555
2020-04-07,60,2,candidate_risk_off,0,0.6505452912245675,0.49,1,0.12058111315481411,0.001779609892233747
2020-12-07,60,2,candidate_risk_off,0,0.6901305427213835,0.49,1,0.12057745596320796,-0.00588145342665933
2020-08-19,60,2,candidate_risk_off,0,0.5747939766721641,0.49,1,0.11952413643250571,-0.0035306199954322566
2020-11-05,60,2,candidate_risk_off,0,0.5662661022529366,0.49,1,0.1193375600429476,0.0005756807050099062
2020-08-26,60,2,candidate_risk_off,0,0.6277965103375478,0.49,1,0.11839979722002555,0.001418618458003321
2020-12-16,60,2,candidate_risk_off,0,0.6733520836695571,0.49,1,0.11826298327738864,-0.04118366905383522
2020-08-18,60,2,candidate_risk_off,0,0.5760216034353561,0.49,1,0.11776859582028848,0.002100741932932413
2020-12-15,60,2,candidate_risk_off,0,0.6664233286986196,0.49,1,0.11686552466958233,-0.030138727205006457
2020-09-01,60,2,candidate_risk_off,0,0.6212234435156148,0.49,1,0.11453188100505624,-0.0039101612758723975
2020-11-13,60,2,candidate_risk_off,0,0.5920459121867777,0.49,1,0.11419244197788295,-0.016170778226990798
2020-04-15,60,2,candidate_risk_off,0,0.6023767468736689,0.49,1,0.11415959939930104,-0.01916028712887666
2020-09-04,60,2,candidate_risk_off,0,0.6588984179662983,0.49,1,0.11381899574511099,-0.014851177251515989
2020-08-17,60,2,candidate_risk_off,0,0.5667812066201985,0.49,1,0.1130471827537647,-0.00438529979318745
2020-08-14,60,2,candidate_risk_off,0,0.5956879598956295,0.49,1,0.11244797155699349,-0.005079054267214231
2020-12-18,60,2,candidate_risk_off,0,0.6805266574802832,0.49,1,0.11238708944847345,-0.0416240635419668
2020-04-28,60,2,candidate_risk_off,0,0.5592998479438047,0.49,1,0.11038560285959224,-0.006197394449860097
2020-08-24,60,2,candidate_risk_off,0,0.6024381702300338,0.49,1,0.10918658929790814,0.005498966300545092
2020-08-11,60,2,candidate_risk_off,0,0.5581724706897986,0.49,1,0.10856267084678399,0.003965652041461004
2020-08-25,60,2,candidate_risk_off,0,0.6410862929641573,0.49,1,0.10771097497646603,-0.0007438816083562064
2020-03-18,60,2,candidate_risk_off,0,0.5409356718428028,0.49,1,0.10744885598641818,-0.12590618079971838
2020-04-23,60,2,candidate_risk_off,0,0.5408206866250312,0.49,1,0.10710338486098563,-0.014892424313758633
2020-08-04,60,2,candidate_risk_off,0,0.6081520300184562,0.49,1,0.10702062777970665,0.01228571269441494
2020-09-03,60,2,candidate_risk_off,0,0.6570365826992779,0.49,1,0.10691135514066256,-0.017542939099669877
2020-04-16,60,2,candidate_risk_off,0,0.5766554348417974,0.49,1,0.1068299107823997,-0.023627789680979516
2020-08-21,60,2,candidate_risk_off,0,0.6021817600138792,0.49,1,0.10644909208639121,0.01613069220769349
2020-08-07,60,2,candidate_risk_off,0,0.596866239714188,0.49,1,0.10399528876820294,0.001923374332951165
2020-04-24,60,2,candidate_risk_off,0,0.573734620452358,0.49,1,0.1038929030476479,-0.018439510718543498
2020-04-27,60,2,candidate_risk_off,0,0.5867737686999327,0.49,1,0.10380501663026692,-0.010826851735547193
2020-08-10,60,2,candidate_risk_off,0,0.5868233032728117,0.49,1,0.1037807580611848,-0.00014232511825147527
2020-12-14,60,2,candidate_risk_off,0,0.6783047091449909,0.49,1,0.10330971531535192,-0.03846204265774931
2020-12-30,60,2,candidate_risk_off,0,0.6844338467850948,0.49,1,0.10257770523253562,-0.06941338062164591
2020-08-12,60,2,candidate_risk_off,0,0.5875514733182851,0.49,1,0.10187714977426127,-0.0005787344774281068
2020-06-30,60,2,candidate_risk_off,0,0.6346364271657488,0.49,1,0.10067137467673114,-0.04961645593379521
2020-11-06,60,2,candidate_risk_off,0,0.5516978997484591,0.49,1,0.09859026829245127,0.013234148304741454
2020-07-22,60,2,candidate_risk_off,0,0.6864547082828709,0.49,1,0.09761671153710709,-0.08529477696495968
2020-08-06,60,2,candidate_risk_off,0,0.587879039640526,0.49,1,0.09685220682609114,0.001688968584667946
2020-07-23,60,2,candidate_risk_off,0,0.6980864676524848,0.49,1,0.09623820490108932,-0.08724590590859797
2020-04-17,60,2,candidate_risk_off,0,0.6093791685173047,0.49,1,0.09479194662234869,-0.03496332467400597
2020-08-13,60,2,candidate_risk_off,0,0.6021766853094505,0.49,1,0.09289912290794375,-0.010132442048755397
2020-08-05,60,2,candidate_risk_off,0,0.5973079489501383,0.49,1,0.09259376119656812,0.0026701012382930574
2020-12-21,60,2,candidate_risk_off,0,0.6831332617321348,0.49,1,0.09047336003947146,-0.05430261031857655
2020-04-20,60,2,candidate_risk_off,0,0.6170684102880835,0.49,1,0.09008537992836502,-0.04174121464799436
2020-06-29,60,2,candidate_risk_off,0,0.6329027446528325,0.49,1,0.08859467806570297,-0.054754064168736356
2020-07-21,60,2,candidate_risk_off,0,0.6625025703152121,0.49,1,0.08717576908254673,-0.09299532236533689
2020-11-04,60,2,candidate_risk_off,0,0.5733487345154588,0.49,1,0.0857886866171419,-0.002141134553633845
2020-12-24,60,2,candidate_risk_off,0,0.6565890622009876,0.49,1,0.08498516368473587,-0.04168027015750018
2020-12-28,60,2,candidate_risk_off,0,0.6828827561570388,0.49,1,0.08349265992311164,-0.06373920475778767
2020-12-25,60,2,candidate_risk_off,0,0.6619848681999478,0.49,1,0.08080142175344578,-0.05738735070048819
2020-12-29,60,2,candidate_risk_off,0,0.6864702804045871,0.49,1,0.08031622366735802,-0.07118850477748197
2019-01-14,60,2,candidate_risk_off,0,0.5902145991468764,0.49,1,0.0802678729662816,9.979541947313105e-05
2020-07-20,60,2,candidate_risk_off,0,0.6744145670386547,0.49,1,0.07647506456095583,-0.09265871777388993
2020-07-02,60,2,candidate_risk_off,0,0.5816102436983633,0.49,1,0.07531047238018879,-0.07033096400139868
2020-04-29,60,2,candidate_risk_off,0,0.5935723716503771,0.49,1,0.07517913794245468,-0.008670838743590035
2020-12-23,60,2,candidate_risk_off,0,0.6813579641505018,0.49,1,0.07514685078769848,-0.05228407242452219
2019-01-24,60,2,candidate_risk_off,0,0.5511303590904297,0.49,1,0.07507111285220612,-0.00013205242500450264
2019-01-22,60,2,candidate_risk_off,0,0.5745940807627787,0.49,1,0.0747585795020689,0.0017964109684048546
2020-07-01,60,2,candidate_risk_off,0,0.5681894659309246,0.49,1,0.07433489464542394,-0.07164779170507486
2019-01-25,60,2,candidate_risk_off,0,0.5677159778675117,0.49,1,0.07380771457448194,-0.0002310803014327476
2020-07-03,60,2,candidate_risk_off,0,0.5891299472544015,0.49,1,0.07376746111416566,-0.07652036949636067
2019-01-23,60,2,candidate_risk_off,0,0.551451855395245,0.49,1,0.07010216812182701,0.0005393951199936799
2020-12-22,60,2,candidate_risk_off,0,0.6833288767060537,0.49,1,0.06982873968987166,-0.0564924630321932
2019-01-17,60,2,candidate_risk_off,0,0.6001294089055678,0.49,1,0.06888864048434347,0.0004544975939980683
2019-01-18,60,2,candidate_risk_off,0,0.5785460087538082,0.49,1,0.06807183717282096,0.00469912687136281
2020-06-15,60,2,candidate_risk_off,0,0.6165864347315587,0.49,1,0.06698156855684474,-0.05849693032312912
2019-01-15,60,2,candidate_risk_off,0,0.5771360805017293,0.49,1,0.0663657905105559,-0.0086003279100105
2019-01-28,60,2,candidate_risk_off,0,0.5575643456205904,0.49,1,0.06571769145886326,-0.0038553470605831577
2020-06-26,60,2,candidate_risk_off,0,0.6137738344410348,0.49,1,0.06361524474741714,-0.08166279752926893
2020-05-05,60,2,candidate_risk_off,0,0.5907891679085964,0.49,1,0.06239662464277767,0.023831740450791252
2019-01-21,60,2,candidate_risk_off,0,0.5598988250881741,0.49,1,0.06063430678068937,-0.004951594624069967
2020-07-17,60,2,candidate_risk_off,0,0.6739858514913871,0.49,1,0.05987827305338296,-0.10491210457965491
2019-08-13,60,2,candidate_risk_off,0,0.5964141319387318,0.49,1,0.05833740428875394,0.0021490497696231656
2020-07-14,60,2,candidate_risk_off,0,0.6129586243714931,0.49,1,0.05775084115217976,-0.10041817989550032
2019-01-16,60,2,candidate_risk_off,0,0.5845058501971778,0.49,1,0.057311245661053827,-0.007522445294844456
2020-07-08,60,2,candidate_risk_off,0,0.5808198736459771,0.49,1,0.05577772975445771,-0.09625105027722493
2019-08-14,60,2,candidate_risk_off,0,0.5823121522016208,0.49,1,0.05532937372505305,0.0004127498484988585
2020-07-15,60,2,candidate_risk_off,0,0.6280470287853911,0.49,1,0.054722246891407075,-0.10248950317550512
2020-06-25,60,2,candidate_risk_off,0,0.5993151371391746,0.49,1,0.05282794041212323,-0.0847215669145797
2020-07-13,60,2,candidate_risk_off,0,0.6176399964721337,0.49,1,0.052635173846803836,-0.10112060906252483
2020-07-16,60,2,candidate_risk_off,0,0.630443083369522,0.49,1,0.05239894070479678,-0.110412876090767
2019-05-09,60,2,candidate_risk_off,0,0.6377602828791215,0.49,1,0.051832214201568354,-0.004126727969346526
2019-08-12,60,2,candidate_risk_off,0,0.5737544538661369,0.49,1,0.04904841255846238,-0.008732690630181707
2019-06-27,60,2,candidate_risk_off,0,0.6610669793908355,0.49,1,0.048885588569523436,0.007215899882236328
2020-07-10,60,2,candidate_risk_off,0,0.6359783183654607,0.49,1,0.048691227357450656,-0.10398279512732322
2020-07-06,60,2,candidate_risk_off,0,0.5983160936936662,0.49,1,0.04852691866050607,-0.09238006274700784
2019-08-09,60,2,candidate_risk_off,0,0.5948697984312494,0.49,1,0.048177107210734406,-0.0077376401544193545
2020-07-07,60,2,candidate_risk_off,0,0.5926151900031578,0.49,1,0.04726571389321761,-0.0950009922413921
2019-01-29,60,2,candidate_risk_off,0,0.5367816129466698,0.49,1,0.04487651970038509,-0.007957950579843092
2019-01-30,60,2,candidate_risk_off,0,0.5458471490104777,0.49,1,0.04454670534889273,-0.007859684967815035
2019-01-31,60,2,candidate_risk_off,0,0.5909516871901501,0.49,1,0.04358674098330421,-0.002176638284336294
2019-08-15,60,2,candidate_risk_off,0,0.5428722154608251,0.49,1,0.0430763895240339,-0.010335240225244824
2019-05-08,60,2,candidate_risk_off,0,0.6747734073296543,0.49,1,0.04163493537209027,-0.00856244640478734
2019-02-01,60,2,candidate_risk_off,0,0.5786081707992498,0.49,1,0.04132766083219979,0.01900022821600692
2019-05-06,60,2,candidate_risk_off,0,0.6713352710691023,0.49,1,0.04087669202324426,-0.015633537417375002
2019-08-08,60,2,candidate_risk_off,0,0.5912455443439317,0.49,1,0.04054140883271463,-0.008660916002481898
2019-05-10,60,2,candidate_risk_off,0,0.6430183450324994,0.49,1,0.039672838351218986,-0.009959674238374187
2020-06-17,60,2,candidate_risk_off,0,0.5550962290875484,0.49,1,0.039448456732999515,-0.08454602874335376
2020-06-24,60,2,candidate_risk_off,0,0.5647771003594865,0.49,1,0.0391553938245081,-0.09069486823126627
2019-06-26,60,2,candidate_risk_off,0,0.5902905500443254,0.49,1,0.038824442265662985,-0.016843698746014463
2020-06-18,60,2,candidate_risk_off,0,0.5534206566293988,0.49,1,0.03864628060328236,-0.08551695371332291
2020-06-11,60,2,candidate_risk_off,0,0.5964833479950892,0.49,1,0.03863876746893759,-0.09956538983759461
2020-06-16,60,2,candidate_risk_off,0,0.5507733638341236,0.49,1,0.03803489198160052,-0.086521978923547
2019-06-03,60,2,candidate_risk_off,0,0.6943437834012457,0.49,1,0.037747762989637314,-0.003556349602910216
2020-07-09,60,2,candidate_risk_off,0,0.616146401893828,0.49,1,0.03745462625350693,-0.10999081242133117
2019-08-19,60,2,candidate_risk_off,0,0.5058742794534863,0.49,1,0.037316269472278556,-0.012018561968774068
2019-06-28,60,2,candidate_risk_off,0,0.6201067615696432,0.49,1,0.037003948052430735,0.010940627259386904
2019-08-06,60,2,candidate_risk_off,0,0.6180872865751039,0.49,1,0.0369210085943363,0.0013674932461426568
2019-08-16,60,2,candidate_risk_off,0,0.5614141484815447,0.49,1,0.0368139731227164,-0.010968093495863791
2019-06-25,60,2,candidate_risk_off,0,0.5937592946762769,0.49,1,0.03582478760468995,-0.0178857671374698
2019-06-24,60,2,candidate_risk_off,0,0.5826914563036492,0.49,1,0.03459231717927114,-0.0207147116028272
2019-07-08,60,2,candidate_risk_off,0,0.5906003997666556,0.49,1,0.03381910747767953,-0.0018022128588430387
2019-08-07,60,2,candidate_risk_off,0,0.5938455311733879,0.49,1,0.03348321441519825,0.0009313107318555851
2019-05-31,60,2,candidate_risk_off,0,0.6946339614795334,0.49,1,0.033368356809855886,-0.017625351825661176
2020-06-23,60,2,candidate_risk_off,0,0.5403298036139688,0.49,1,0.03315759075442935,-0.10052184801937294
2019-06-06,60,2,candidate_risk_off,0,0.636208354984083,0.49,1,0.031536763412410115,-0.005393071887585847
2019-06-21,60,2,candidate_risk_off,0,0.6144949257451322,0.49,1,0.03146391527399445,-0.016916678890234862
2019-07-03,60,2,candidate_risk_off,0,0.5961782808990171,0.49,1,0.03112278010585153,0.004384422607940749
2020-06-19,60,2,candidate_risk_off,0,0.5641353628205139,0.49,1,0.029506487972279043,-0.10093641307747638
2020-05-04,60,2,candidate_risk_off,0,0.6082492720829803,0.49,1,0.029337091400854526,0.002214027878861953
2019-05-07,60,2,candidate_risk_off,0,0.6534802092460336,0.49,1,0.029288256095653477,-0.015205457453854548
2019-06-20,60,2,candidate_risk_off,0,0.6196545498774648,0.49,1,0.028814159478191676,-0.016895827963931614
2019-05-30,60,2,candidate_risk_off,0,0.6280477318645448,0.49,1,0.028396090770331592,-0.027432502717672363
2020-06-22,60,2,candidate_risk_off,0,0.5424113404894034,0.49,1,0.02826715468526927,-0.10406313992131067
2020-06-12,60,2,candidate_risk_off,0,0.5818912139538418,0.49,1,0.028236176030803917,-0.09511680402421235
2019-02-11,60,2,candidate_risk_off,0,0.5550675633950378,0.49,1,0.02816037888522045,0.012277203424812862
2019-08-20,60,2,candidate_risk_off,0,0.5008100693954678,0.49,1,0.028137870440287528,-0.015722081489083668
2019-06-19,60,2,candidate_risk_off,0,0.6213189022679029,0.49,1,0.02739868960018719,-0.00695269072946088
2019-06-05,60,2,candidate_risk_off,0,0.6473293529344498,0.49,1,0.026807642647727385,-0.008762169946023994
2019-06-04,60,2,candidate_risk_off,0,0.6436131049051138,0.49,1,0.026589392886157276,-0.008499367524626801
2019-06-07,60,2,candidate_risk_off,0,0.6458414881303524,0.49,1,0.026546859962284106,-0.01595708601771863
2019-06-18,60,2,candidate_risk_off,0,0.6397624731371737,0.49,1,0.02644771885902193,-0.0009538344866621582
2019-07-02,60,2,candidate_risk_off,0,0.5877567265606548,0.49,1,0.025980284188602813,-0.001654208464108109
2019-02-15,60,2,candidate_risk_off,0,0.5846293325715162,0.49,1,0.02574652487224726,-0.004088735344756351
2019-08-26,60,2,candidate_risk_off,0,0.576521355700911,0.49,1,0.025583573170233544,-0.013902559246863446
2019-07-04,60,2,candidate_risk_off,0,0.5927139916753571,0.49,1,0.025167751507272813,-0.00870131673754725
2019-06-13,60,2,candidate_risk_off,0,0.6211270441004112,0.49,1,0.02494724421781661,-0.007363266752325355
2019-06-17,60,2,candidate_risk_off,0,0.6262613323511987,0.49,1,0.024317783336163037,-0.004063368658674628
2019-02-14,60,2,candidate_risk_off,0,0.5722604491676138,0.49,1,0.024171552023096978,-0.005612461095762342
2019-08-27,60,2,candidate_risk_off,0,0.5894631611643097,0.49,1,0.024043437006797376,-0.007687207065099888
2019-06-12,60,2,candidate_risk_off,0,0.653898031673619,0.49,1,0.02342983259578878,-0.011658927814995286
2019-02-19,60,2,candidate_risk_off,0,0.5965456368083973,0.49,1,0.023347443763749875,-0.018144646463389234
2019-05-29,60,2,candidate_risk_off,0,0.6206915130233999,0.49,1,0.02323698595048655,-0.0296995165899513
2019-08-05,60,2,candidate_risk_off,0,0.5885002040260263,0.49,1,0.023078494288911806,-0.008814358115950334
2019-07-01,60,2,candidate_risk_off,0,0.5966894851675368,0.49,1,0.023054242054611485,-0.005420574020181379
2019-07-09,60,2,candidate_risk_off,0,0.5620287960271351,0.49,1,0.022590031336008808,-0.004592335574122841
2019-02-12,60,2,candidate_risk_off,0,0.5706569853667421,0.49,1,0.022151869886630385,0.008190019170006169
2019-07-05,60,2,candidate_risk_off,0,0.5711231463758991,0.49,1,0.02152322041924436,-0.011062253585959102
2019-06-14,60,2,candidate_risk_off,0,0.6215415753975181,0.49,1,0.02127971650577188,-0.011071858010213096
2019-02-13,60,2,candidate_risk_off,0,0.5750570867605381,0.49,1,0.021030928119956264,0.001860210021373944
2019-04-18,60,2,candidate_risk_off,0,0.6939423705126276,0.49,1,0.02037706601203335,-0.02014332753928538
2019-05-03,60,2,candidate_risk_off,0,0.6359767251748615,0.49,1,0.019528038734409774,-0.032372105656593084
2019-07-10,60,2,candidate_risk_off,0,0.5865103203767954,0.49,1,0.019124737310999364,-0.009328021574953538
2019-08-21,60,2,candidate_risk_off,0,0.5045741140138231,0.49,1,0.017860821241198376,-0.025534949194753777
2020-05-15,60,2,candidate_risk_off,0,0.6216086470458272,0.49,1,0.0172975082748669,-0.051940715214908034
2019-06-10,60,2,candidate_risk_off,0,0.633753123800373,0.49,1,0.01694973285652146,-0.020766639423168518
2019-04-19,60,2,candidate_risk_off,0,0.6497484591006928,0.49,1,0.016790386134020344,-0.024198277067730582
2019-05-02,60,2,candidate_risk_off,0,0.6021105891539698,0.49,1,0.016671697803543856,-0.03683786201306122
2019-02-20,60,2,candidate_risk_off,0,0.6243349783760499,0.49,1,0.01605659805760352,-0.024584178155558304
2019-07-18,60,2,candidate_risk_off,0,0.5866425570656951,0.49,1,0.01604798934450649,-0.011789940036469056
2019-06-11,60,2,candidate_risk_off,0,0.6155633613757729,0.49,1,0.016044062252968876,-0.01990428826815241
2019-07-15,60,2,candidate_risk_off,0,0.5645148311583599,0.49,1,0.01600442167905036,-0.008177048773216549
2019-02-18,60,2,candidate_risk_off,0,0.5757265754234405,0.49,1,0.015667733724414476,-0.01497688227935423
2019-04-25,60,2,candidate_risk_off,0,0.6177357142053874,0.49,1,0.015614574806684108,-0.03236184013897996
2019-05-13,60,2,candidate_risk_off,0,0.6291450630749179,0.49,1,0.015126939200917507,-0.016228368664596867
2019-04-23,60,2,candidate_risk_off,0,0.6410474404368897,0.49,1,0.014705393332585375,-0.02604916245350733
2019-05-28,60,2,candidate_risk_off,0,0.6029610217991921,0.49,1,0.012950755197398404,-0.030172879637369383
2019-08-22,60,2,candidate_risk_off,0,0.5043682547976192,0.49,1,0.012723794053403908,-0.02842704014231994
2019-07-19,60,2,candidate_risk_off,0,0.5829586646332344,0.49,1,0.011367036877511947,-0.018213606036528794
2019-07-22,60,2,candidate_risk_off,0,0.5638566109615845,0.49,1,0.011148974522352825,-0.01790816614981403
2019-08-28,60,2,candidate_risk_off,0,0.5764013793769703,0.49,1,0.01081861810034202,-0.008168259248067179
2019-04-22,60,2,candidate_risk_off,0,0.6370922122272511,0.49,1,0.010494918435826851,-0.023835971350206226
2020-05-06,60,2,candidate_risk_off,0,0.5649819912598361,0.49,1,0.010486739931760636,0.0032913230712011245
2019-08-23,60,2,candidate_risk_off,0,0.5514646789473578,0.49,1,0.010484419669721743,-0.023592155289832883
2019-05-24,60,2,candidate_risk_off,0,0.640906036685256,0.49,1,0.010225572810393307,-0.028144074031154754
2020-05-14,60,2,candidate_risk_off,0,0.6055865386124165,0.49,1,0.009136415231748143,-0.058412839673359106
2019-07-11,60,2,candidate_risk_off,0,0.5896054948099745,0.49,1,0.009113997438478877,-0.01442975985174241
2019-04-26,60,2,candidate_risk_off,0,0.59244532286652,0.49,1,0.008912434187239809,-0.03800223241435734
2019-07-12,60,2,candidate_risk_off,0,0.5833429434829834,0.49,1,0.007853029139994343,-0.01112376870331856
2020-05-18,60,2,candidate_risk_off,0,0.5940903442733512,0.49,1,0.007368159937690238,-0.06393576300328727
2019-02-28,60,2,candidate_risk_off,0,0.6385707293035986,0.49,1,0.00626741201062408,-0.01930537660998059
2019-05-27,60,2,candidate_risk_off,0,0.5766602242373023,0.49,1,0.0060219897041114785,-0.03339812561034676
2019-07-16,60,2,candidate_risk_off,0,0.578234024968506,0.49,1,0.005807299791309516,-0.017979443801754702
2020-05-07,60,2,candidate_risk_off,0,0.5864663159485439,0.49,1,0.005745883227821905,-0.014377092954252048
2019-08-02,60,2,candidate_risk_off,0,0.5757493587906648,0.49,1,0.005413631792916038,-0.027091562840029063
2019-04-24,60,2,candidate_risk_off,0,0.6406268331824357,0.49,1,0.005227275348561173,-0.03522184055081699
2019-07-23,60,2,candidate_risk_off,0,0.5764607832907374,0.49,1,0.005040536499706483,-0.025435465196099967
2019-07-17,60,2,candidate_risk_off,0,0.5720300086577753,0.49,1,0.0048833823790842045,-0.018447713452186966
2020-06-10,60,2,candidate_risk_off,0,0.5967481066639286,0.49,1,0.004401410676495619,-0.13649450847819053
2020-05-13,60,2,candidate_risk_off,0,0.5846059416891253,0.49,1,0.00429423928897373,-0.06058491437784046
2019-07-31,60,2,candidate_risk_off,0,0.5848575202234554,0.49,1,0.001954404579266961,-0.027656432027313653
2019-07-30,60,2,candidate_risk_off,0,0.6068944519828945,0.49,1,0.0017934861759210557,-0.021952763799943823
2019-07-24,60,2,candidate_risk_off,0,0.5729367633300342,0.49,1,0.0014255169912211687,-0.02437371685203324
2019-09-04,60,2,candidate_risk_off,0,0.5698238374951766,0.49,1,0.0005522037158419803,-0.008546797175437177
2019-04-17,60,2,candidate_risk_off,0,0.6852039382168891,0.49,1,0.0004422435188269198,-0.030275755003953624
2019-05-16,60,2,candidate_risk_off,0,0.620973800807013,0.49,1,-0.000461318456306084,-0.033961988186350184
2019-05-14,60,2,candidate_risk_off,0,0.6307402961288023,0.49,1,-0.0007564963183647994,-0.023297446067928895
2020-06-02,60,2,candidate_risk_off,0,0.6201781714125544,0.49,1,-0.0007776228006611406,-0.10809503395649249
2019-08-01,60,2,candidate_risk_off,0,0.5618116246550586,0.49,1,-0.000822483947748212,-0.03341799242135085
2019-08-29,60,2,candidate_risk_off,0,0.5802918885501718,0.49,1,-0.0008280642682970137,-0.0095282819543117
2019-04-16,60,2,candidate_risk_off,0,0.6315778775578009,0.49,1,-0.0018129956773130405,-0.03547771413019559
2019-05-17,60,2,candidate_risk_off,0,0.5892608952633441,0.49,1,-0.002193950091133618,-0.0347713439731151
2020-05-22,60,2,candidate_risk_off,0,0.640140115020577,0.49,1,-0.0023481354861302844,-0.08255443961753162
2019-09-03,60,2,candidate_risk_off,0,0.5755643093000922,0.49,1,-0.0026276118689059847,-0.010314818934005938
2020-05-19,60,2,candidate_risk_off,0,0.6291867766613372,0.49,1,-0.0033629398182936543,-0.07452453764101981
2019-05-23,60,2,candidate_risk_off,0,0.5477011663355673,0.49,1,-0.003394342968195638,-0.04113113653912463
2019-09-06,60,2,candidate_risk_off,0,0.594227751208279,0.49,1,-0.0034244671814350146,-0.004908957624457802
2019-09-11,60,2,candidate_risk_off,0,0.5887629583877106,0.49,1,-0.003524168983503684,-0.016518469562057447
2019-02-21,60,2,candidate_risk_off,0,0.6287132871638551,0.49,1,-0.003845085519562257,-0.04193772754651101
2019-04-12,60,2,candidate_risk_off,0,0.6174601802768316,0.49,1,-0.004353751148207446,-0.04132446074951398
2019-10-29,60,2,candidate_risk_off,0,0.555282998818604,0.49,1,-0.004438122746217898,-0.04822900340524029
2019-07-25,60,2,candidate_risk_off,0,0.6048621255825661,0.49,1,-0.005795948992413518,-0.030968610067041064
2019-02-22,60,2,candidate_risk_off,0,0.6568467106709309,0.49,1,-0.006289265108552174,-0.04329367367833032
2019-09-05,60,2,candidate_risk_off,0,0.5920241858488771,0.49,1,-0.006573632685964626,-0.007687207065099888
2020-05-20,60,2,candidate_risk_off,0,0.6088375171444581,0.49,1,-0.007047792772545653,-0.08275377711416085
2019-03-26,60,2,candidate_risk_off,0,0.6177543006728511,0.49,1,-0.007181916787778831,-0.026942793903943833
2020-05-27,60,2,candidate_risk_off,0,0.6289192359579995,0.49,1,-0.007338988514262798,-0.0880976003068146
2020-06-09,60,2,candidate_risk_off,0,0.6155602762346558,0.49,1,-0.007763623872267133,-0.13502676520315574
2019-08-30,60,2,candidate_risk_off,0,0.5860047608338829,0.49,1,-0.0078657421165665,-0.015102392634318701
2020-06-05,60,2,candidate_risk_off,0,0.6375855089247654,0.49,1,-0.008203082481977878,-0.12106497193362313
2020-06-03,60,2,candidate_risk_off,0,0.6308506617723418,0.49,1,-0.008776785470272571,-0.11535031501774769
2020-05-21,60,2,candidate_risk_off,0,0.6342729252856555,0.49,1,-0.008941833263883004,-0.09420152517682541
2020-05-12,60,2,candidate_risk_off,0,0.5861588234482918,0.49,1,-0.009321189150056034,-0.06191463012245526
2019-07-26,60,2,candidate_risk_off,0,0.5825567596767957,0.49,1,-0.009904426636736968,-0.029359194641438796
2019-05-15,60,2,candidate_risk_off,0,0.6455786592634702,0.49,1,-0.010002298092499105,-0.033910741088205805
2019-10-28,60,2,candidate_risk_off,0,0.5338669920086138,0.49,1,-0.010197531443252077,-0.04884134563332341
2020-05-25,60,2,candidate_risk_off,0,0.6275811139824854,0.49,1,-0.010402682170764494,-0.089915231828139
2020-06-04,60,2,candidate_risk_off,0,0.6592930424260232,0.49,1,-0.010451531215303582,-0.11844367922078192
2019-03-01,60,2,candidate_risk_off,0,0.5978866152986191,0.49,1,-0.010559521813136439,-0.03386529656146237
2019-07-29,60,2,candidate_risk_off,0,0.5384788273639873,0.49,1,-0.010830630823514327,-0.03396927969105533
2019-03-25,60,2,candidate_risk_off,0,0.607335683955706,0.49,1,-0.01126863012881301,-0.027231474532385624
2020-05-29,60,2,candidate_risk_off,0,0.6470940835656371,0.49,1,-0.011272476495889859,-0.09621634753512648
2020-06-01,60,2,candidate_risk_off,0,0.6371998269107866,0.49,1,-0.011434582480749148,-0.11250914572767921
2019-05-20,60,2,candidate_risk_off,0,0.5819947363448533,0.49,1,-0.012046373838741771,-0.04561881819648567
2019-02-26,60,2,candidate_risk_off,0,0.6466206779217208,0.49,1,-0.012149777425967555,-0.04142117506696777
2019-04-11,60,2,candidate_risk_off,0,0.5988342926585661,0.49,1,-0.012553747230107678,-0.04442271855462527
2019-04-10,60,2,candidate_risk_off,0,0.6217531109271321,0.49,1,-0.013183444313118374,-0.040316729636805285
2019-09-12,60,2,candidate_risk_off,0,0.576081474864822,0.49,1,-0.013200558820214056,-0.023468296546021273
2019-10-23,60,2,candidate_risk_off,0,0.5547384490494052,0.49,1,-0.013740596390751914,-0.0400824009762432
2019-10-24,60,2,candidate_risk_off,0,0.5099085425557175,0.49,1,-0.01484392750180159,-0.04594698760695885
2019-05-22,60,2,candidate_risk_off,0,0.5647428523003002,0.49,1,-0.015230566499109924,-0.04221936999629524
2019-09-09,60,2,candidate_risk_off,0,0.579131339287969,0.49,1,-0.015320223301789894,-0.015320223301789894
2020-05-28,60,2,candidate_risk_off,0,0.6390465827489018,0.49,1,-0.015419116900794559,-0.09264710869791418
2019-03-27,60,2,candidate_risk_off,0,0.6173589884262665,0.49,1,-0.016301677085908253,-0.03323360973671585
2019-04-05,60,2,candidate_risk_off,0,0.620770384257395,0.49,1,-0.016531997572443502,-0.047774264059554664
2020-05-11,60,2,candidate_risk_off,0,0.566825440778052,0.49,1,-0.0166530525606894,-0.053511370863533074
2019-10-21,60,2,candidate_risk_off,0,0.6026148183712964,0.49,1,-0.016980147124041146,-0.03579091900508
2019-09-10,60,2,candidate_risk_off,0,0.6020855841738485,0.49,1,-0.017498068211211037,-0.017498068211211037
2019-10-07,60,2,candidate_risk_off,0,0.6046002338141822,0.49,1,-0.018541483477283596,-0.03304992100049761
2019-02-27,60,2,candidate_risk_off,0,0.656297332974812,0.49,1,-0.018621828757601596,-0.044667980425624434
2020-05-08,60,2,candidate_risk_off,0,0.5871621492062222,0.49,1,-0.019031415779065964,-0.03572836080166063
2019-05-21,60,2,candidate_risk_off,0,0.5657409522603657,0.49,1,-0.01992775045494624,-0.0447675041825084
2020-06-08,60,2,candidate_risk_off,0,0.6576943754702955,0.49,1,-0.02051071863063794,-0.1364056156384501
2019-04-02,60,2,candidate_risk_off,0,0.605362367060692,0.49,1,-0.020703612280397982,-0.044280713442202545
2019-04-08,60,2,candidate_risk_off,0,0.5846235246230329,0.49,1,-0.022526169172404204,-0.05612937250792731
2019-04-09,60,2,candidate_risk_off,0,0.6075281850834523,0.49,1,-0.022642322298740157,-0.046985484907147164
2019-04-03,60,2,candidate_risk_off,0,0.6086767145655264,0.49,1,-0.023099607063668,-0.04291034266939937
2019-03-28,60,2,candidate_risk_off,0,0.6038030247330569,0.49,1,-0.02456215049114287,-0.04045201475049509
2019-02-25,60,2,candidate_risk_off,0,0.6615672466856024,0.49,1,-0.024842709833301533,-0.04886005589510978
2020-05-26,60,2,candidate_risk_off,0,0.6315288408364066,0.49,1,-0.026465206604738497,-0.10159245646892559
2019-03-11,60,2,candidate_risk_off,0,0.5801576985058898,0.49,1,-0.0270954564833119,-0.039496192898120355
2019-04-04,60,2,candidate_risk_off,0,0.6227285291885225,0.49,1,-0.027239397900812052,-0.04539592504243529
2019-03-22,60,2,candidate_risk_off,0,0.5896882723893816,0.49,1,-0.030322310356430862,-0.04626430383370024
2019-03-21,60,2,candidate_risk_off,0,0.624624164479534,0.49,1,-0.03323163511632859,-0.039230491359127255
2019-03-04,60,2,candidate_risk_off,0,0.6071972049899802,0.49,1,-0.034918869595064406,-0.048417493451378996
