date,strategy,equity
2015-03-19,baseline_no_overlay,1.0
2015-03-20,baseline_no_overlay,1.000638192899622
2015-03-23,baseline_no_overlay,0.9980597707536907
2015-03-24,baseline_no_overlay,0.9961729422755801
2015-03-25,baseline_no_overlay,0.9924705249936461
2015-03-26,baseline_no_overlay,0.9897135750276314
2015-03-27,baseline_no_overlay,0.9869753977259197
2015-03-30,baseline_no_overlay,0.9833935278355566
2015-03-31,baseline_no_overlay,0.9868461426087783
2015-04-01,baseline_no_overlay,0.9783440142852471
2015-04-02,baseline_no_overlay,0.9840324447210697
2015-04-03,baseline_no_overlay,0.9847512567106443
2015-04-06,baseline_no_overlay,0.9811316782748774
2015-04-07,baseline_no_overlay,0.9847161973810007
2015-04-08,baseline_no_overlay,0.9843841142202373
2015-04-09,baseline_no_overlay,0.9863405097502562
2015-04-10,baseline_no_overlay,0.9887332628163662
2015-04-13,baseline_no_overlay,0.9923062127954215
2015-04-14,baseline_no_overlay,0.991592994475669
2015-04-15,baseline_no_overlay,0.9956216720483562
2015-04-16,baseline_no_overlay,0.9984060764777207
2015-04-17,baseline_no_overlay,0.9984221791662302
2015-04-20,baseline_no_overlay,0.9960760611250761
2015-04-21,baseline_no_overlay,0.9941431002737546
2015-04-22,baseline_no_overlay,0.9942818595717224
2015-04-23,baseline_no_overlay,0.99346074905874
2015-04-24,baseline_no_overlay,0.9964316944506869
2015-04-27,baseline_no_overlay,0.9940962282884788
2015-05-04,baseline_no_overlay,0.9831787404494475
2015-05-05,baseline_no_overlay,0.9876033294456237
2015-05-06,baseline_no_overlay,0.9852402302682023
2015-05-07,baseline_no_overlay,0.9876231138705114
2015-05-08,baseline_no_overlay,0.9886565274254249
2015-05-11,baseline_no_overlay,0.9866521784429386
2015-05-12,baseline_no_overlay,0.9819008777355134
2015-05-13,baseline_no_overlay,0.9808769606349019
2015-05-14,baseline_no_overlay,0.9814240040280298
2015-05-15,baseline_no_overlay,0.9773243490260864
2015-05-18,baseline_no_overlay,0.9717110131546333
2015-05-19,baseline_no_overlay,0.9763432890618126
2015-05-20,baseline_no_overlay,0.9847962854192756
2015-05-21,baseline_no_overlay,0.986506957743303
2015-05-22,baseline_no_overlay,0.9930014457699639
2015-05-25,baseline_no_overlay,0.9938870590942821
2015-05-26,baseline_no_overlay,0.9972242365823388
2015-05-27,baseline_no_overlay,0.9966014866035253
2015-05-28,baseline_no_overlay,1.0017084420864746
2015-05-29,baseline_no_overlay,0.9987699248870753
2015-06-01,baseline_no_overlay,1.0028177015443704
2015-06-02,baseline_no_overlay,0.9987248010618752
2015-06-03,baseline_no_overlay,0.9969248747842334
2015-06-04,baseline_no_overlay,0.9975677171757891
2015-06-05,baseline_no_overlay,1.0036869561673254
2015-06-08,baseline_no_overlay,1.0049433918125072
2015-06-09,baseline_no_overlay,1.0011754478691985
2015-06-10,baseline_no_overlay,1.0009022915746786
2015-06-11,baseline_no_overlay,1.005445113896924
2015-06-12,baseline_no_overlay,1.0066095156950277
2015-06-15,baseline_no_overlay,1.008979470287413
2015-06-16,baseline_no_overlay,1.0043941795080644
2015-06-17,baseline_no_overlay,1.0033931399787677
2015-06-18,baseline_no_overlay,1.004279018131982
2015-06-19,baseline_no_overlay,1.0070238488492302
2015-06-22,baseline_no_overlay,1.0129426965486512
2015-06-23,baseline_no_overlay,1.0122327076445867
2015-06-24,baseline_no_overlay,1.0102408565638763
2015-06-25,baseline_no_overlay,1.0089597473467893
2015-06-26,baseline_no_overlay,1.0051777116215364
2015-06-29,baseline_no_overlay,1.0107124295868006
2015-06-30,baseline_no_overlay,1.0114984511666056
2015-07-01,baseline_no_overlay,1.01049883107684
2015-07-02,baseline_no_overlay,1.0201728505706915
2015-07-03,baseline_no_overlay,1.0273904154487166
2015-07-06,baseline_no_overlay,1.0333146217350737
2015-07-07,baseline_no_overlay,1.0367894206292918
2015-07-08,baseline_no_overlay,1.0317982167619106
2015-07-09,baseline_no_overlay,1.0310688150704597
2015-07-10,baseline_no_overlay,1.0344694851491456
2015-07-13,baseline_no_overlay,1.0392571296286586
2015-07-14,baseline_no_overlay,1.0425751789420603
2015-07-15,baseline_no_overlay,1.0368901617873465
2015-07-16,baseline_no_overlay,1.0343069622374363
2015-07-17,baseline_no_overlay,1.0353629138292835
2015-07-20,baseline_no_overlay,1.0304609795665671
2015-07-21,baseline_no_overlay,1.0280298766961329
2015-07-22,baseline_no_overlay,1.0357807814194717
2015-07-23,baseline_no_overlay,1.0371568464443948
2015-07-24,baseline_no_overlay,1.0366658927069707
2015-07-27,baseline_no_overlay,1.0392336511137095
2015-07-28,baseline_no_overlay,1.0365937699513426
2015-07-29,baseline_no_overlay,1.0324528424514476
2015-07-30,baseline_no_overlay,1.0335306147295171
2015-07-31,baseline_no_overlay,1.0300260504224477
2015-08-03,baseline_no_overlay,1.0230595919455692
2015-08-04,baseline_no_overlay,1.0179715868049928
2015-08-05,baseline_no_overlay,1.0215354062809174
2015-08-06,baseline_no_overlay,1.0178609233053413
2015-08-07,baseline_no_overlay,1.0192936210605832
2015-08-10,baseline_no_overlay,1.0255537936122376
2015-08-11,baseline_no_overlay,1.0245035288712192
2015-08-12,baseline_no_overlay,1.0189237697104465
2015-08-13,baseline_no_overlay,1.0131246417128859
2015-08-14,baseline_no_overlay,1.010088712505775
2015-08-17,baseline_no_overlay,1.0007326635091127
2015-08-18,baseline_no_overlay,1.0049519260028188
2015-08-19,baseline_no_overlay,1.0033345241902898
2015-08-20,baseline_no_overlay,0.9964346509543381
2015-08-21,baseline_no_overlay,0.9899939623380198
2015-08-24,baseline_no_overlay,0.971946552570001
2015-08-25,baseline_no_overlay,0.9739925499080517
2015-08-26,baseline_no_overlay,0.9851257852103228
2015-08-27,baseline_no_overlay,0.9925334212253605
2015-08-28,baseline_no_overlay,1.0032889548375181
2015-08-31,baseline_no_overlay,0.9986780635147868
2015-09-01,baseline_no_overlay,0.9968605779352665
2015-09-03,baseline_no_overlay,0.9905184174221422
2015-09-04,baseline_no_overlay,0.9922463457158442
2015-09-07,baseline_no_overlay,0.9908946802544398
2015-09-08,baseline_no_overlay,0.9993417712568432
2015-09-09,baseline_no_overlay,1.003390151372228
2015-09-10,baseline_no_overlay,1.0031931370262888
2015-09-11,baseline_no_overlay,0.9991651201604866
2015-09-14,baseline_no_overlay,0.9959818197784478
2015-09-15,baseline_no_overlay,0.9967432245024923
2015-09-16,baseline_no_overlay,0.997344885396692
2015-09-17,baseline_no_overlay,0.9961686308503941
2015-09-18,baseline_no_overlay,0.9985438793381463
2015-09-21,baseline_no_overlay,1.0025120592649681
2015-09-22,baseline_no_overlay,1.0032762161529816
2015-09-23,baseline_no_overlay,1.0029121455667684
2015-09-24,baseline_no_overlay,1.0012696424444818
2015-09-25,baseline_no_overlay,1.0013156189263057
2015-09-28,baseline_no_overlay,0.997505213203473
2015-09-29,baseline_no_overlay,0.9951380437035131
2015-09-30,baseline_no_overlay,0.9959527412116659
2015-10-01,baseline_no_overlay,0.9964870938307867
2015-10-02,baseline_no_overlay,0.9956275706907056
2015-10-05,baseline_no_overlay,1.0001216494953986
2015-10-06,baseline_no_overlay,1.0074395177894413
2015-10-07,baseline_no_overlay,1.0062401571683612
2015-10-08,baseline_no_overlay,1.0109649850201679
2015-10-09,baseline_no_overlay,1.0117860403655956
2015-10-12,baseline_no_overlay,1.014450063688831
2015-10-13,baseline_no_overlay,1.013560624164931
2015-10-14,baseline_no_overlay,1.0129772935888308
2015-10-15,baseline_no_overlay,1.0145135562740895
2015-10-16,baseline_no_overlay,1.0149094027917438
2015-10-19,baseline_no_overlay,1.0159231642017916
2015-10-20,baseline_no_overlay,1.0130850377216862
2015-10-21,baseline_no_overlay,1.0129225186572817
2015-10-22,baseline_no_overlay,1.015886708763948
2015-10-23,baseline_no_overlay,1.0202869156129026
2015-10-26,baseline_no_overlay,1.0182161705472685
2015-10-27,baseline_no_overlay,1.0180835302176825
2015-10-28,baseline_no_overlay,1.0166362631119243
2015-10-29,baseline_no_overlay,1.0221393947187163
2015-10-30,baseline_no_overlay,1.02366567137779
2015-11-02,baseline_no_overlay,1.020345658956911
2015-11-03,baseline_no_overlay,1.0262526099954465
2015-11-04,baseline_no_overlay,1.025336920945039
2015-11-05,baseline_no_overlay,1.0285492852166218
2015-11-06,baseline_no_overlay,1.0262919540281912
2015-11-09,baseline_no_overlay,1.0250626749455796
2015-11-10,baseline_no_overlay,1.0214252496768474
2015-11-11,baseline_no_overlay,1.0203032634137215
2015-11-12,baseline_no_overlay,1.021639189110474
2015-11-13,baseline_no_overlay,1.0256841113128858
2015-11-16,baseline_no_overlay,1.0242159242922093
2015-11-17,baseline_no_overlay,1.0214544783934738
2015-11-18,baseline_no_overlay,1.020335526738047
2015-11-19,baseline_no_overlay,1.0193392564899186
2015-11-20,baseline_no_overlay,1.0210779851352028
2015-11-23,baseline_no_overlay,1.0179691464338942
2015-11-24,baseline_no_overlay,1.0139753675034433
2015-11-25,baseline_no_overlay,1.015175067334192
2015-11-26,baseline_no_overlay,1.0115641943421323
2015-11-27,baseline_no_overlay,1.0070707135696515
2015-11-30,baseline_no_overlay,1.0015523352276845
2015-12-01,baseline_no_overlay,0.9996925863402975
2015-12-02,baseline_no_overlay,1.0024470347065968
2015-12-03,baseline_no_overlay,1.0023960918882902
2015-12-04,baseline_no_overlay,1.0005322955816804
2015-12-07,baseline_no_overlay,0.9952741935462868
2015-12-08,baseline_no_overlay,1.0018773928506768
2015-12-09,baseline_no_overlay,0.9949334102249403
2015-12-10,baseline_no_overlay,0.9922060705764179
2015-12-11,baseline_no_overlay,0.9936949963876069
2015-12-14,baseline_no_overlay,0.9928837842875043
2015-12-15,baseline_no_overlay,0.9965820694999937
2015-12-16,baseline_no_overlay,0.9995200788044557
2015-12-17,baseline_no_overlay,1.002555195831231
2015-12-18,baseline_no_overlay,0.9960282305894927
2015-12-21,baseline_no_overlay,0.9951873078101241
2015-12-22,baseline_no_overlay,0.9948062941020022
2015-12-23,baseline_no_overlay,0.993496515870138
2015-12-24,baseline_no_overlay,0.9946019205401093
2015-12-25,baseline_no_overlay,0.9955018296372046
2015-12-28,baseline_no_overlay,0.9968364903206688
2015-12-29,baseline_no_overlay,1.0007781662162911
2015-12-30,baseline_no_overlay,1.0030339503024193
2015-12-31,baseline_no_overlay,1.0027211105132767
2016-01-04,baseline_no_overlay,0.9993292219222818
2016-01-05,baseline_no_overlay,0.9962477021627875
2016-01-06,baseline_no_overlay,0.9991351651077461
2016-01-07,baseline_no_overlay,0.9923557001784911
2016-01-08,baseline_no_overlay,0.988969784166032
2016-01-11,baseline_no_overlay,0.9876633531607714
2016-01-12,baseline_no_overlay,0.9914693651532646
2016-01-13,baseline_no_overlay,0.9886754743876668
2016-01-14,baseline_no_overlay,0.9841344226031138
2016-01-15,baseline_no_overlay,0.9781542053862126
2016-01-18,baseline_no_overlay,0.967567190198872
2016-01-19,baseline_no_overlay,0.974790120600297
2016-01-20,baseline_no_overlay,0.9696377975406673
2016-01-21,baseline_no_overlay,0.9641746352471297
2016-01-22,baseline_no_overlay,0.9644316530003296
2016-01-25,baseline_no_overlay,0.9795349507357183
2016-01-26,baseline_no_overlay,0.9755879567695219
2016-01-27,baseline_no_overlay,0.9795709595273111
2016-01-28,baseline_no_overlay,0.9767907884168938
2016-01-29,baseline_no_overlay,0.981448382007067
2016-02-01,baseline_no_overlay,0.977281972511463
2016-02-02,baseline_no_overlay,0.9737781061043163
2016-02-03,baseline_no_overlay,0.9757402366561565
2016-02-04,baseline_no_overlay,0.978188581040458
2016-02-05,baseline_no_overlay,0.980292135863293
2016-02-15,baseline_no_overlay,0.9795176884859766
2016-02-16,baseline_no_overlay,0.982959434920062
2016-02-17,baseline_no_overlay,0.9821474279118768
2016-02-18,baseline_no_overlay,0.9861995720417247
2016-02-19,baseline_no_overlay,0.9874190086698239
2016-02-22,baseline_no_overlay,0.992921743732483
2016-02-23,baseline_no_overlay,0.9933904036190718
2016-02-24,baseline_no_overlay,0.9987535378516373
2016-02-25,baseline_no_overlay,0.9942664125996574
2016-02-26,baseline_no_overlay,0.9965979092019605
2016-02-29,baseline_no_overlay,0.9911225751388034
2016-03-01,baseline_no_overlay,0.9926846820036478
2016-03-02,baseline_no_overlay,0.9992168153610643
2016-03-03,baseline_no_overlay,0.9993659696530194
2016-03-04,baseline_no_overlay,1.0016730934063516
2016-03-07,baseline_no_overlay,1.0035677080304586
2016-03-08,baseline_no_overlay,1.0024725901411644
2016-03-09,baseline_no_overlay,1.000383193062646
2016-03-10,baseline_no_overlay,1.0031284228061528
2016-03-11,baseline_no_overlay,1.0040905078610394
2016-03-14,baseline_no_overlay,1.004596382906746
2016-03-15,baseline_no_overlay,1.0017984074524702
2016-03-16,baseline_no_overlay,1.0037651880240068
2016-03-17,baseline_no_overlay,1.0052622324558107
2016-03-18,baseline_no_overlay,1.0029023733119993
2016-03-21,baseline_no_overlay,1.0005430752387308
2016-03-22,baseline_no_overlay,0.9996701967539252
2016-03-23,baseline_no_overlay,1.0021513667414597
2016-03-24,baseline_no_overlay,0.9992399734111368
2016-03-25,baseline_no_overlay,1.000018831904393
2016-03-28,baseline_no_overlay,1.0024915777988455
2016-03-29,baseline_no_overlay,0.9966360179587747
2016-03-30,baseline_no_overlay,0.9976630776196651
2016-03-31,baseline_no_overlay,0.9919338568240217
2016-04-01,baseline_no_overlay,0.9901129415254325
2016-04-04,baseline_no_overlay,0.988391530368634
2016-04-05,baseline_no_overlay,0.9909050204624695
2016-04-06,baseline_no_overlay,0.9955708443517718
2016-04-07,baseline_no_overlay,0.9980600665359077
2016-04-08,baseline_no_overlay,0.9985494043320062
2016-04-11,baseline_no_overlay,1.0031898508426151
2016-04-12,baseline_no_overlay,1.003569803949302
2016-04-13,baseline_no_overlay,1.0022995795282494
2016-04-14,baseline_no_overlay,1.0032314395039594
2016-04-15,baseline_no_overlay,1.0034684683307586
2016-04-19,baseline_no_overlay,0.9958497684015369
2016-04-20,baseline_no_overlay,0.9956797994890277
2016-04-21,baseline_no_overlay,1.0003374192075216
2016-04-22,baseline_no_overlay,1.01128335369844
2016-04-25,baseline_no_overlay,1.0106327840920153
2016-04-26,baseline_no_overlay,1.015156998389062
2016-04-27,baseline_no_overlay,1.0116990323455364
2016-04-28,baseline_no_overlay,1.010055928632926
2016-04-29,baseline_no_overlay,1.014652895363817
2016-05-04,baseline_no_overlay,1.0151355317728628
2016-05-05,baseline_no_overlay,1.0168464853900276
2016-05-06,baseline_no_overlay,1.0202052135864619
2016-05-09,baseline_no_overlay,1.0184022821581387
2016-05-10,baseline_no_overlay,1.0191635305831581
2016-05-11,baseline_no_overlay,1.025274391808961
2016-05-12,baseline_no_overlay,1.0238123122166822
2016-05-13,baseline_no_overlay,1.0229064350555142
2016-05-16,baseline_no_overlay,1.0261630258366494
2016-05-17,baseline_no_overlay,1.0326211523738928
2016-05-18,baseline_no_overlay,1.0308900846983913
2016-05-19,baseline_no_overlay,1.0287317328718235
2016-05-20,baseline_no_overlay,1.0259483889655365
2016-05-23,baseline_no_overlay,1.0235981352332106
2016-05-24,baseline_no_overlay,1.0239632461172574
2016-05-25,baseline_no_overlay,1.0241398592325393
2016-05-26,baseline_no_overlay,1.019269818889835
2016-05-27,baseline_no_overlay,1.0216154048046704
2016-05-30,baseline_no_overlay,1.0257383476615387
2016-05-31,baseline_no_overlay,1.0284148030068416
2016-06-01,baseline_no_overlay,1.0293930959728386
2016-06-02,baseline_no_overlay,1.0319697953400557
2016-06-03,baseline_no_overlay,1.0308847903637697
2016-06-06,baseline_no_overlay,1.0296507926527194
2016-06-07,baseline_no_overlay,1.032627490481944
2016-06-08,baseline_no_overlay,1.0348697959771083
2016-06-09,baseline_no_overlay,1.0371818632818595
2016-06-10,baseline_no_overlay,1.0360974714184152
2016-06-13,baseline_no_overlay,1.0319030024485922
2016-06-14,baseline_no_overlay,1.0329625276066028
2016-06-15,baseline_no_overlay,1.033957682194597
2016-06-16,baseline_no_overlay,1.0327476382566887
2016-06-17,baseline_no_overlay,1.0294103217091233
2016-06-20,baseline_no_overlay,1.033264194196735
2016-06-21,baseline_no_overlay,1.034192840019367
2016-06-22,baseline_no_overlay,1.0332058586798267
2016-06-23,baseline_no_overlay,1.0365946174589469
2016-06-24,baseline_no_overlay,1.028779635126868
2016-06-27,baseline_no_overlay,1.0290480975743002
2016-06-28,baseline_no_overlay,1.0296353121095745
2016-06-29,baseline_no_overlay,1.034768449781567
2016-06-30,baseline_no_overlay,1.0362165972413635
2016-07-01,baseline_no_overlay,1.0416768106061172
2016-07-04,baseline_no_overlay,1.0474322725280616
2016-07-05,baseline_no_overlay,1.0495627922601072
2016-07-06,baseline_no_overlay,1.0485569004659265
2016-07-07,baseline_no_overlay,1.0564437479506348
2016-07-08,baseline_no_overlay,1.0547698486399466
2016-07-11,baseline_no_overlay,1.050582102327174
2016-07-12,baseline_no_overlay,1.0543717065389306
2016-07-13,baseline_no_overlay,1.0649199925799953
2016-07-14,baseline_no_overlay,1.0592334017498124
2016-07-15,baseline_no_overlay,1.0579933592676871
2016-07-18,baseline_no_overlay,1.0629586922189815
2016-07-19,baseline_no_overlay,1.0591129500387897
2016-07-20,baseline_no_overlay,1.0547944245346348
2016-07-21,baseline_no_overlay,1.054402267392755
2016-07-22,baseline_no_overlay,1.0488148518634564
2016-07-25,baseline_no_overlay,1.0484829114451681
2016-07-26,baseline_no_overlay,1.0480571565113814
2016-07-27,baseline_no_overlay,1.0522274184031404
2016-07-28,baseline_no_overlay,1.0528119393257211
2016-07-29,baseline_no_overlay,1.0499211732263605
2016-08-01,baseline_no_overlay,1.047810070954679
2016-08-02,baseline_no_overlay,1.0399510401259238
2016-08-03,baseline_no_overlay,1.037369782879472
2016-08-04,baseline_no_overlay,1.0375502809942236
2016-08-05,baseline_no_overlay,1.0348983451567848
2016-08-08,baseline_no_overlay,1.0360626090161773
2016-08-09,baseline_no_overlay,1.0408359846679434
2016-08-10,baseline_no_overlay,1.0479242725559268
2016-08-11,baseline_no_overlay,1.0558550356911662
2016-08-12,baseline_no_overlay,1.0526041432340538
2016-08-15,baseline_no_overlay,1.054999349809334
2016-08-16,baseline_no_overlay,1.0539807747002345
2016-08-17,baseline_no_overlay,1.0554779041413673
2016-08-18,baseline_no_overlay,1.0555436738286172
2016-08-19,baseline_no_overlay,1.0565981080736135
2016-08-22,baseline_no_overlay,1.0535072187657646
2016-08-23,baseline_no_overlay,1.0542876581229332
2016-08-24,baseline_no_overlay,1.055282435619864
2016-08-25,baseline_no_overlay,1.0538664527277726
2016-08-26,baseline_no_overlay,1.0590812469269586
2016-08-29,baseline_no_overlay,1.0600843329738312
2016-08-30,baseline_no_overlay,1.0620782386009688
2016-08-31,baseline_no_overlay,1.0633934906222227
2016-09-01,baseline_no_overlay,1.0598491896711666
2016-09-05,baseline_no_overlay,1.0568455751116348
2016-09-06,baseline_no_overlay,1.056422176251134
2016-09-07,baseline_no_overlay,1.0550679667550864
2016-09-08,baseline_no_overlay,1.057681968780257
2016-09-09,baseline_no_overlay,1.0581295894497442
2016-09-12,baseline_no_overlay,1.0542057296700997
2016-09-13,baseline_no_overlay,1.0541757127765123
2016-09-14,baseline_no_overlay,1.0524640061610455
2016-09-15,baseline_no_overlay,1.052204130548192
2016-09-16,baseline_no_overlay,1.0496876461608156
2016-09-19,baseline_no_overlay,1.052961977495036
2016-09-20,baseline_no_overlay,1.0560236462437385
2016-09-21,baseline_no_overlay,1.0590427925204493
2016-09-22,baseline_no_overlay,1.0608869268542516
2016-09-23,baseline_no_overlay,1.0625857256227678
2016-09-26,baseline_no_overlay,1.0645028580184128
2016-09-27,baseline_no_overlay,1.0699041314260622
2016-09-28,baseline_no_overlay,1.0711704247433673
2016-09-29,baseline_no_overlay,1.072281711247925
2016-09-30,baseline_no_overlay,1.070500344878677
2016-10-03,baseline_no_overlay,1.0687735096958164
2016-10-04,baseline_no_overlay,1.069418077309858
2016-10-05,baseline_no_overlay,1.071146198761094
2016-10-06,baseline_no_overlay,1.0713174327479338
2016-10-07,baseline_no_overlay,1.0692470094188833
2016-10-10,baseline_no_overlay,1.063506192769592
2016-10-11,baseline_no_overlay,1.068104646750959
2016-10-12,baseline_no_overlay,1.0681033084685807
2016-10-13,baseline_no_overlay,1.069746302973262
2016-10-14,baseline_no_overlay,1.0708426294104454
2016-10-17,baseline_no_overlay,1.0672204418950229
2016-10-18,baseline_no_overlay,1.0678068765297646
2016-10-19,baseline_no_overlay,1.071820575275643
2016-10-20,baseline_no_overlay,1.0701937759594613
2016-10-21,baseline_no_overlay,1.0692404013234722
2016-10-24,baseline_no_overlay,1.0653376045884715
2016-10-25,baseline_no_overlay,1.0642900505008857
2016-10-26,baseline_no_overlay,1.0628112930187723
2016-10-27,baseline_no_overlay,1.0645844921881518
2016-10-28,baseline_no_overlay,1.0676716231274446
2016-10-31,baseline_no_overlay,1.0636985957976608
2016-11-01,baseline_no_overlay,1.0640624433053405
2016-11-02,baseline_no_overlay,1.0605778172794478
2016-11-03,baseline_no_overlay,1.0584904330447191
2016-11-04,baseline_no_overlay,1.0579942256711705
2016-11-07,baseline_no_overlay,1.0621407145220922
2016-11-08,baseline_no_overlay,1.0636061050387084
2016-11-09,baseline_no_overlay,1.0596489764207349
2016-11-10,baseline_no_overlay,1.0642172928846991
2016-11-11,baseline_no_overlay,1.0648409890361257
2016-11-14,baseline_no_overlay,1.06073299118832
2016-11-15,baseline_no_overlay,1.0614245657321102
2016-11-16,baseline_no_overlay,1.0616167393750247
2016-11-17,baseline_no_overlay,1.0615960309193955
2016-11-18,baseline_no_overlay,1.0607496574095427
2016-11-21,baseline_no_overlay,1.0613352184864935
2016-11-22,baseline_no_overlay,1.066049841795639
2016-11-23,baseline_no_overlay,1.0668748189732344
2016-11-24,baseline_no_overlay,1.063471634500445
2016-11-25,baseline_no_overlay,1.0620094534839188
2016-11-28,baseline_no_overlay,1.0555510617252613
2016-11-29,baseline_no_overlay,1.0513594426172579
2016-11-30,baseline_no_overlay,1.0549911972390889
2016-12-01,baseline_no_overlay,1.0558766968917854
2016-12-02,baseline_no_overlay,1.0548908562395658
2016-12-05,baseline_no_overlay,1.051809939339778
2016-12-06,baseline_no_overlay,1.046793951515464
2016-12-07,baseline_no_overlay,1.0479670486925874
2016-12-08,baseline_no_overlay,1.0510293442965635
2016-12-09,baseline_no_overlay,1.0535366328527598
2016-12-12,baseline_no_overlay,1.0513389037863266
2016-12-13,baseline_no_overlay,1.048231576637798
2016-12-14,baseline_no_overlay,1.053936058198322
2016-12-15,baseline_no_overlay,1.0543812714977583
2016-12-16,baseline_no_overlay,1.060692410640008
2016-12-19,baseline_no_overlay,1.0600439448553323
2016-12-20,baseline_no_overlay,1.0522172097387177
2016-12-21,baseline_no_overlay,1.0550522911063729
2016-12-22,baseline_no_overlay,1.0530840846487184
2016-12-23,baseline_no_overlay,1.0531739805026716
2016-12-26,baseline_no_overlay,1.0518835765647572
2016-12-27,baseline_no_overlay,1.0526866088974218
2016-12-28,baseline_no_overlay,1.052468836790221
2016-12-29,baseline_no_overlay,1.0531223888549586
2016-12-30,baseline_no_overlay,1.0531844808443989
2017-01-03,baseline_no_overlay,1.0573931910108332
2017-01-04,baseline_no_overlay,1.0592611388298847
2017-01-05,baseline_no_overlay,1.0600278092040296
2017-01-06,baseline_no_overlay,1.0628616203185244
2017-01-09,baseline_no_overlay,1.0648874764966907
2017-01-10,baseline_no_overlay,1.0637930140415535
2017-01-11,baseline_no_overlay,1.068092942248052
2017-01-12,baseline_no_overlay,1.0679494077494973
2017-01-13,baseline_no_overlay,1.0666756832969662
2017-01-16,baseline_no_overlay,1.0620553465791158
2017-01-17,baseline_no_overlay,1.0658705568472917
2017-01-18,baseline_no_overlay,1.0649506707424605
2017-01-19,baseline_no_overlay,1.0643603612508887
2017-01-20,baseline_no_overlay,1.0666958039656382
2017-01-23,baseline_no_overlay,1.0672254494859146
2017-01-24,baseline_no_overlay,1.0698711463002477
2017-01-25,baseline_no_overlay,1.0737470848949926
2017-02-02,baseline_no_overlay,1.077863577898237
2017-02-03,baseline_no_overlay,1.0759158636579695
2017-02-06,baseline_no_overlay,1.0756830873272905
2017-02-07,baseline_no_overlay,1.0768915737979476
2017-02-08,baseline_no_overlay,1.076961811805526
2017-02-09,baseline_no_overlay,1.0760260036350597
2017-02-10,baseline_no_overlay,1.0778214480188975
2017-02-13,baseline_no_overlay,1.0791517535586197
2017-02-14,baseline_no_overlay,1.0793770025043146
2017-02-15,baseline_no_overlay,1.0827859081190567
2017-02-16,baseline_no_overlay,1.0812924115306717
2017-02-17,baseline_no_overlay,1.0803360837396305
2017-02-20,baseline_no_overlay,1.0820148692516542
2017-02-21,baseline_no_overlay,1.086060188528818
2017-02-22,baseline_no_overlay,1.086533357902805
2017-02-23,baseline_no_overlay,1.0862684089653674
2017-02-24,baseline_no_overlay,1.0846290893066124
2017-02-27,baseline_no_overlay,1.0864085713726523
2017-02-28,baseline_no_overlay,1.0819900013668788
2017-03-01,baseline_no_overlay,1.0812031008068783
2017-03-02,baseline_no_overlay,1.0799142832681352
2017-03-03,baseline_no_overlay,1.0826160874900814
2017-03-06,baseline_no_overlay,1.0847984730839826
2017-03-07,baseline_no_overlay,1.0849290077887892
2017-03-08,baseline_no_overlay,1.084944154505656
2017-03-09,baseline_no_overlay,1.0844333464756761
2017-03-10,baseline_no_overlay,1.0822003225016825
2017-03-13,baseline_no_overlay,1.08101795564801
2017-03-14,baseline_no_overlay,1.0836601292811534
2017-03-15,baseline_no_overlay,1.082494032048108
2017-03-16,baseline_no_overlay,1.0837112304020002
2017-03-17,baseline_no_overlay,1.0804008325143426
2017-03-20,baseline_no_overlay,1.0835056337128919
2017-03-21,baseline_no_overlay,1.0842840666608993
2017-03-22,baseline_no_overlay,1.0818079092806145
2017-03-23,baseline_no_overlay,1.086394601511595
2017-03-24,baseline_no_overlay,1.0883368236381048
2017-03-27,baseline_no_overlay,1.0894348665699825
2017-03-28,baseline_no_overlay,1.0860522194856725
2017-03-29,baseline_no_overlay,1.0868642586464703
2017-03-30,baseline_no_overlay,1.0893505798011025
2017-03-31,baseline_no_overlay,1.0881984809454694
2017-04-03,baseline_no_overlay,1.0882273568275032
2017-04-04,baseline_no_overlay,1.089463839637642
2017-04-05,baseline_no_overlay,1.0887512857336787
2017-04-07,baseline_no_overlay,1.0920308067993032
2017-04-10,baseline_no_overlay,1.0933850525753321
2017-04-11,baseline_no_overlay,1.0944373055902437
2017-04-12,baseline_no_overlay,1.09018752550574
2017-04-13,baseline_no_overlay,1.089300406179439
2017-04-14,baseline_no_overlay,1.085241982484252
2017-04-17,baseline_no_overlay,1.0799852086772805
2017-04-18,baseline_no_overlay,1.082707460872871
2017-04-19,baseline_no_overlay,1.0839881006177818
2017-04-20,baseline_no_overlay,1.080987670378503
2017-04-21,baseline_no_overlay,1.0807817038387686
2017-04-24,baseline_no_overlay,1.0787210180795943
2017-04-25,baseline_no_overlay,1.0774942492929502
2017-04-26,baseline_no_overlay,1.0791841829471585
2017-04-27,baseline_no_overlay,1.0837972518809669
2017-04-28,baseline_no_overlay,1.0846752820913772
2017-05-03,baseline_no_overlay,1.08607216453964
2017-05-04,baseline_no_overlay,1.0880460158796446
2017-05-05,baseline_no_overlay,1.0864338569114609
2017-05-08,baseline_no_overlay,1.085541988492025
2017-05-09,baseline_no_overlay,1.0879931362817346
2017-05-10,baseline_no_overlay,1.089708706813435
2017-05-11,baseline_no_overlay,1.090179355448712
2017-05-12,baseline_no_overlay,1.0904586079599141
2017-05-15,baseline_no_overlay,1.0904335068242668
2017-05-16,baseline_no_overlay,1.0901881028695608
2017-05-17,baseline_no_overlay,1.0917467999729045
2017-05-18,baseline_no_overlay,1.091582513280902
2017-05-19,baseline_no_overlay,1.0963652979297573
2017-05-22,baseline_no_overlay,1.103953016835656
2017-05-23,baseline_no_overlay,1.1016653891442636
2017-05-24,baseline_no_overlay,1.1029550311690148
2017-05-25,baseline_no_overlay,1.1023431122247234
2017-05-26,baseline_no_overlay,1.1033657972871256
2017-05-29,baseline_no_overlay,1.1052512702598525
2017-05-30,baseline_no_overlay,1.0997883571789917
2017-05-31,baseline_no_overlay,1.0995066703869125
2017-06-01,baseline_no_overlay,1.1019950840603707
2017-06-02,baseline_no_overlay,1.099878093945708
2017-06-05,baseline_no_overlay,1.1028167782541058
2017-06-06,baseline_no_overlay,1.1076999781904782
2017-06-07,baseline_no_overlay,1.109124563774927
2017-06-08,baseline_no_overlay,1.1067880983216227
2017-06-09,baseline_no_overlay,1.106490286560667
2017-06-12,baseline_no_overlay,1.1073072350399162
2017-06-13,baseline_no_overlay,1.1109927216688973
2017-06-14,baseline_no_overlay,1.1135606519737271
2017-06-15,baseline_no_overlay,1.1134132118856856
2017-06-16,baseline_no_overlay,1.1138414780819663
2017-06-19,baseline_no_overlay,1.117661844160958
2017-06-20,baseline_no_overlay,1.1183952432632398
2017-06-21,baseline_no_overlay,1.1180157034351152
2017-06-22,baseline_no_overlay,1.117302407190909
2017-06-23,baseline_no_overlay,1.1188757517774806
2017-06-26,baseline_no_overlay,1.1210076420155155
2017-06-27,baseline_no_overlay,1.1179411791355773
2017-06-28,baseline_no_overlay,1.1187856860916507
2017-06-29,baseline_no_overlay,1.1203872595611115
2017-06-30,baseline_no_overlay,1.1232176947527484
2017-07-03,baseline_no_overlay,1.1246651762953268
2017-07-04,baseline_no_overlay,1.122612951391486
2017-07-05,baseline_no_overlay,1.1243261372879596
2017-07-06,baseline_no_overlay,1.1269750818536632
2017-07-07,baseline_no_overlay,1.1226718967883467
2017-07-10,baseline_no_overlay,1.1172914532472695
2017-07-11,baseline_no_overlay,1.1188746785912886
2017-07-12,baseline_no_overlay,1.1217681150064216
2017-07-13,baseline_no_overlay,1.124264786172254
2017-07-14,baseline_no_overlay,1.1237999957888085
2017-07-17,baseline_no_overlay,1.1185516394758717
2017-07-18,baseline_no_overlay,1.1177174091729354
2017-07-19,baseline_no_overlay,1.119839205907189
2017-07-20,baseline_no_overlay,1.1182061127920813
2017-07-21,baseline_no_overlay,1.1143944556284613
2017-07-24,baseline_no_overlay,1.113242268317808
2017-07-25,baseline_no_overlay,1.1174856771498285
2017-07-26,baseline_no_overlay,1.121493665850584
2017-07-27,baseline_no_overlay,1.1199218780932745
2017-07-28,baseline_no_overlay,1.1232597328102083
2017-07-31,baseline_no_overlay,1.1273796344298392
2017-08-01,baseline_no_overlay,1.1295588914101176
2017-08-02,baseline_no_overlay,1.1291411796228856
2017-08-03,baseline_no_overlay,1.1304976095979586
2017-08-04,baseline_no_overlay,1.1306107382657857
2017-08-07,baseline_no_overlay,1.1333809096695362
2017-08-08,baseline_no_overlay,1.1324728919069156
2017-08-09,baseline_no_overlay,1.121297615861878
2017-08-10,baseline_no_overlay,1.1211083786677454
2017-08-11,baseline_no_overlay,1.1203862474593513
2017-08-14,baseline_no_overlay,1.1225459723510873
2017-08-15,baseline_no_overlay,1.119726390743357
2017-08-16,baseline_no_overlay,1.1210197796991375
2017-08-17,baseline_no_overlay,1.117463888657673
2017-08-18,baseline_no_overlay,1.1181438068952596
2017-08-21,baseline_no_overlay,1.118030916943701
2017-08-22,baseline_no_overlay,1.1138272235730162
2017-08-23,baseline_no_overlay,1.1164019490150165
2017-08-24,baseline_no_overlay,1.1185627751935776
2017-08-25,baseline_no_overlay,1.1196468698063542
2017-08-28,baseline_no_overlay,1.1229761955735786
2017-08-29,baseline_no_overlay,1.1208879369635443
2017-08-30,baseline_no_overlay,1.1236140011091587
2017-08-31,baseline_no_overlay,1.1262140726401284
2017-09-01,baseline_no_overlay,1.1300117206595306
2017-09-05,baseline_no_overlay,1.1323288129960782
2017-09-06,baseline_no_overlay,1.1331335627452586
2017-09-07,baseline_no_overlay,1.1352653855789938
2017-09-08,baseline_no_overlay,1.1381633479121378
2017-09-11,baseline_no_overlay,1.135788867073921
2017-09-12,baseline_no_overlay,1.1372175514113523
2017-09-13,baseline_no_overlay,1.1389208716635164
2017-09-14,baseline_no_overlay,1.1410631570430851
2017-09-15,baseline_no_overlay,1.140754619754697
2017-09-18,baseline_no_overlay,1.141909272165468
2017-09-19,baseline_no_overlay,1.1407622050372328
2017-09-20,baseline_no_overlay,1.1406887336023444
2017-09-21,baseline_no_overlay,1.139568939331619
2017-09-22,baseline_no_overlay,1.1413048910654424
2017-09-25,baseline_no_overlay,1.1404600844985038
2017-09-26,baseline_no_overlay,1.1403132650844034
2017-09-27,baseline_no_overlay,1.1394289913123488
2017-09-28,baseline_no_overlay,1.1400050724578583
2017-09-29,baseline_no_overlay,1.1397803070431158
2017-10-02,baseline_no_overlay,1.1385302524203005
2017-10-03,baseline_no_overlay,1.1361357682142934
2017-10-04,baseline_no_overlay,1.1405815045264152
2017-10-05,baseline_no_overlay,1.140293065142689
2017-10-06,baseline_no_overlay,1.1418175327997622
2017-10-09,baseline_no_overlay,1.1425196257063832
2017-10-10,baseline_no_overlay,1.1435843780837254
2017-10-11,baseline_no_overlay,1.1458066246909813
2017-10-12,baseline_no_overlay,1.1470575915678667
2017-10-13,baseline_no_overlay,1.150530530983487
2017-10-16,baseline_no_overlay,1.149455177306993
2017-10-17,baseline_no_overlay,1.1550819350296573
2017-10-18,baseline_no_overlay,1.1546488032373254
2017-10-19,baseline_no_overlay,1.1554163656461343
2017-10-20,baseline_no_overlay,1.1540359673074638
2017-10-23,baseline_no_overlay,1.149838232956485
2017-10-24,baseline_no_overlay,1.1527889924126555
2017-10-25,baseline_no_overlay,1.1561399847645413
2017-10-26,baseline_no_overlay,1.1557635687533567
2017-10-27,baseline_no_overlay,1.1618093265194929
2017-10-30,baseline_no_overlay,1.1646932231918217
2017-10-31,baseline_no_overlay,1.159863164428336
2017-11-01,baseline_no_overlay,1.162708641500383
2017-11-02,baseline_no_overlay,1.1569060651339063
2017-11-03,baseline_no_overlay,1.1625021225490422
2017-11-06,baseline_no_overlay,1.1655170361880318
2017-11-07,baseline_no_overlay,1.1662253729616092
2017-11-08,baseline_no_overlay,1.1715999056813962
2017-11-09,baseline_no_overlay,1.1719928981687204
2017-11-10,baseline_no_overlay,1.1766078643619025
2017-11-13,baseline_no_overlay,1.183025319647233
2017-11-14,baseline_no_overlay,1.183913632099923
2017-11-15,baseline_no_overlay,1.1848838603538197
2017-11-16,baseline_no_overlay,1.1905801119962107
2017-11-17,baseline_no_overlay,1.1894198820345594
2017-11-20,baseline_no_overlay,1.1962704321457367
2017-11-21,baseline_no_overlay,1.204550884940953
2017-11-22,baseline_no_overlay,1.2121346285008627
2017-11-23,baseline_no_overlay,1.2126870941891292
2017-11-24,baseline_no_overlay,1.2137494506740012
2017-11-27,baseline_no_overlay,1.2155085608118528
2017-11-28,baseline_no_overlay,1.217024036113942
2017-11-29,baseline_no_overlay,1.2237940509665663
2017-11-30,baseline_no_overlay,1.2223721743035525
2017-12-01,baseline_no_overlay,1.2281650099587031
2017-12-04,baseline_no_overlay,1.2344497117055624
2017-12-05,baseline_no_overlay,1.2239649026383532
2017-12-06,baseline_no_overlay,1.2208337099928548
2017-12-07,baseline_no_overlay,1.215919829159509
2017-12-08,baseline_no_overlay,1.2166529190094886
2017-12-11,baseline_no_overlay,1.2048737196334567
2017-12-12,baseline_no_overlay,1.2097030053600957
2017-12-13,baseline_no_overlay,1.2081702646359231
2017-12-14,baseline_no_overlay,1.2138752090973863
2017-12-15,baseline_no_overlay,1.213491254107766
2017-12-18,baseline_no_overlay,1.2246005567968647
2017-12-19,baseline_no_overlay,1.2207869681272037
2017-12-20,baseline_no_overlay,1.2218551298240696
2017-12-21,baseline_no_overlay,1.21784418819793
2017-12-22,baseline_no_overlay,1.2210438974680415
2017-12-25,baseline_no_overlay,1.2242424791441595
2017-12-26,baseline_no_overlay,1.2284803855999178
2017-12-27,baseline_no_overlay,1.229948215371599
2017-12-28,baseline_no_overlay,1.2346149154955608
2017-12-29,baseline_no_overlay,1.2388682481638436
2018-01-02,baseline_no_overlay,1.2448941140299408
2018-01-03,baseline_no_overlay,1.250348782847701
2018-01-04,baseline_no_overlay,1.2580493114636921
2018-01-05,baseline_no_overlay,1.2539826013713364
2018-01-08,baseline_no_overlay,1.259557253826288
2018-01-09,baseline_no_overlay,1.2657422826479106
2018-01-10,baseline_no_overlay,1.2684806957634158
2018-01-11,baseline_no_overlay,1.2742506323616856
2018-01-12,baseline_no_overlay,1.275388244438339
2018-01-15,baseline_no_overlay,1.2832958143740811
2018-01-16,baseline_no_overlay,1.2829029111464796
2018-01-17,baseline_no_overlay,1.2659657149434567
2018-01-18,baseline_no_overlay,1.274342105610714
2018-01-19,baseline_no_overlay,1.2810758013239867
2018-01-22,baseline_no_overlay,1.2951059559364664
2018-01-25,baseline_no_overlay,1.3051646085344375
2018-01-26,baseline_no_overlay,1.3119134863039497
2018-01-29,baseline_no_overlay,1.3082145549372899
2018-01-30,baseline_no_overlay,1.308601814993976
2018-01-31,baseline_no_overlay,1.3084465275772894
2018-02-01,baseline_no_overlay,1.3022164083904408
2018-02-02,baseline_no_overlay,1.3053521121358094
2018-02-05,baseline_no_overlay,1.274090961389243
2018-02-06,baseline_no_overlay,1.2531847212359883
2018-02-07,baseline_no_overlay,1.2691967239893087
2018-02-08,baseline_no_overlay,1.2595960219808837
2018-02-09,baseline_no_overlay,1.2493763656311185
2018-02-12,baseline_no_overlay,1.2694164513002302
2018-02-13,baseline_no_overlay,1.278651783736829
2018-02-21,baseline_no_overlay,1.2932663174265606
2018-02-22,baseline_no_overlay,1.2870283415870507
2018-02-23,baseline_no_overlay,1.3017656630326335
2018-02-26,baseline_no_overlay,1.308659760843064
2018-02-27,baseline_no_overlay,1.3116549842385516
2018-02-28,baseline_no_overlay,1.3128189696729773
2018-03-01,baseline_no_overlay,1.3093923835303285
2018-03-02,baseline_no_overlay,1.312661659115504
2018-03-05,baseline_no_overlay,1.2966789260736848
2018-03-06,baseline_no_overlay,1.3113770723743168
2018-03-07,baseline_no_overlay,1.3067109025800185
2018-03-08,baseline_no_overlay,1.3130997495793848
2018-03-09,baseline_no_overlay,1.3126860090181824
2018-03-12,baseline_no_overlay,1.3141659285989509
2018-03-13,baseline_no_overlay,1.3178797586605293
2018-03-14,baseline_no_overlay,1.3204448108046016
2018-03-15,baseline_no_overlay,1.3208024599932475
2018-03-16,baseline_no_overlay,1.3271538697909266
2018-03-19,baseline_no_overlay,1.3322051469056777
2018-03-20,baseline_no_overlay,1.3322496945494506
2018-03-21,baseline_no_overlay,1.337445120765755
2018-03-22,baseline_no_overlay,1.3390337683580336
2018-03-23,baseline_no_overlay,1.3291609792835481
2018-03-26,baseline_no_overlay,1.3376716342101465
2018-03-27,baseline_no_overlay,1.3378483553534166
2018-03-28,baseline_no_overlay,1.3380645538903129
2018-03-29,baseline_no_overlay,1.3357543443296067
2018-03-30,baseline_no_overlay,1.338810808709649
2018-04-02,baseline_no_overlay,1.3483153740670368
2018-04-03,baseline_no_overlay,1.3448038828789672
2018-04-04,baseline_no_overlay,1.3460106300689072
2018-04-05,baseline_no_overlay,1.3466390948275935
2018-04-06,baseline_no_overlay,1.3494653714432328
2018-04-09,baseline_no_overlay,1.3511803064340004
2018-04-10,baseline_no_overlay,1.3484863798135407
2018-04-11,baseline_no_overlay,1.3353991969963128
2018-04-12,baseline_no_overlay,1.337881705555856
2018-04-13,baseline_no_overlay,1.3309474370252814
2018-04-16,baseline_no_overlay,1.327317698751061
2018-04-17,baseline_no_overlay,1.3292979744087736
2018-04-18,baseline_no_overlay,1.323223473113729
2018-04-19,baseline_no_overlay,1.3049864545041352
2018-04-20,baseline_no_overlay,1.316793973087279
2018-04-23,baseline_no_overlay,1.2961044284604062
2018-04-24,baseline_no_overlay,1.2980093219682667
2018-04-26,baseline_no_overlay,1.2800901898993575
2018-04-27,baseline_no_overlay,1.2829715556693981
2018-05-02,baseline_no_overlay,1.271802557615585
2018-05-03,baseline_no_overlay,1.270298335782991
2018-05-04,baseline_no_overlay,1.270479192850072
2018-05-07,baseline_no_overlay,1.2895738088795514
2018-05-08,baseline_no_overlay,1.2884944340162423
2018-05-09,baseline_no_overlay,1.2865750827359417
2018-05-10,baseline_no_overlay,1.270963289980184
2018-05-11,baseline_no_overlay,1.2800445114556596
2018-05-14,baseline_no_overlay,1.2922915757122122
2018-05-15,baseline_no_overlay,1.2958847526849482
2018-05-16,baseline_no_overlay,1.2861453718417821
2018-05-17,baseline_no_overlay,1.2740513239007987
2018-05-18,baseline_no_overlay,1.279194591747995
2018-05-21,baseline_no_overlay,1.2654356737166124
2018-05-22,baseline_no_overlay,1.2501155993668938
2018-05-23,baseline_no_overlay,1.2517564406024875
2018-05-24,baseline_no_overlay,1.250140300324037
2018-05-25,baseline_no_overlay,1.238186611279098
2018-05-28,baseline_no_overlay,1.2208113015523347
2018-05-29,baseline_no_overlay,1.2327900415412905
2018-05-30,baseline_no_overlay,1.2306888493407806
2018-05-31,baseline_no_overlay,1.244080162844785
2018-06-01,baseline_no_overlay,1.2558661706817726
2018-06-04,baseline_no_overlay,1.2677918522332923
2018-06-05,baseline_no_overlay,1.272850384435656
2018-06-06,baseline_no_overlay,1.2791752708253483
2018-06-07,baseline_no_overlay,1.2803770876258047
2018-06-08,baseline_no_overlay,1.2816378145469085
2018-06-11,baseline_no_overlay,1.2816308882180398
2018-06-12,baseline_no_overlay,1.2715850135998819
2018-06-13,baseline_no_overlay,1.276728603724007
2018-06-14,baseline_no_overlay,1.2688134749513085
2018-06-15,baseline_no_overlay,1.269192299849787
2018-06-18,baseline_no_overlay,1.2541765339099116
2018-06-19,baseline_no_overlay,1.2417204767285517
2018-06-20,baseline_no_overlay,1.2513396469949383
2018-06-21,baseline_no_overlay,1.2452858041009864
2018-06-22,baseline_no_overlay,1.252503336645974
2018-06-25,baseline_no_overlay,1.256405056980617
2018-06-26,baseline_no_overlay,1.252420438907271
2018-06-27,baseline_no_overlay,1.2444431051736824
2018-06-28,baseline_no_overlay,1.2382442478042754
2018-06-29,baseline_no_overlay,1.2400417022354009
2018-07-02,baseline_no_overlay,1.2327923484082053
2018-07-03,baseline_no_overlay,1.2101599004035395
2018-07-04,baseline_no_overlay,1.21510505314393
2018-07-05,baseline_no_overlay,1.2063764594392878
2018-07-06,baseline_no_overlay,1.215882934969906
2018-07-09,baseline_no_overlay,1.2145725074105747
2018-07-10,baseline_no_overlay,1.2123766765598813
2018-07-11,baseline_no_overlay,1.202350347376203
2018-07-12,baseline_no_overlay,1.205338933577757
2018-07-13,baseline_no_overlay,1.2115928025368
2018-07-16,baseline_no_overlay,1.2123810577674814
2018-07-17,baseline_no_overlay,1.2183981470234284
2018-07-18,baseline_no_overlay,1.2309689959425063
2018-07-19,baseline_no_overlay,1.2318579959348503
2018-07-20,baseline_no_overlay,1.2258187916404726
2018-07-23,baseline_no_overlay,1.2276583283959512
2018-07-24,baseline_no_overlay,1.2261877933631649
2018-07-25,baseline_no_overlay,1.2226244809081508
2018-07-26,baseline_no_overlay,1.224001632577113
2018-07-27,baseline_no_overlay,1.2269413719019469
2018-07-30,baseline_no_overlay,1.2345096763637553
2018-07-31,baseline_no_overlay,1.2382451840531599
2018-08-01,baseline_no_overlay,1.2362982864124143
2018-08-02,baseline_no_overlay,1.2367058142241376
2018-08-03,baseline_no_overlay,1.239924345644241
2018-08-06,baseline_no_overlay,1.2402306662825546
2018-08-07,baseline_no_overlay,1.2383969278676934
2018-08-08,baseline_no_overlay,1.2433396332586604
2018-08-09,baseline_no_overlay,1.241802930226186
2018-08-10,baseline_no_overlay,1.2442186030925013
2018-08-13,baseline_no_overlay,1.249210480825055
2018-08-14,baseline_no_overlay,1.2493107375550951
2018-08-15,baseline_no_overlay,1.2398934333491065
2018-08-16,baseline_no_overlay,1.2413763295792435
2018-08-17,baseline_no_overlay,1.2437520234223776
2018-08-20,baseline_no_overlay,1.2441072029644151
2018-08-21,baseline_no_overlay,1.2489148226521098
2018-08-22,baseline_no_overlay,1.2504268467695117
2018-08-23,baseline_no_overlay,1.2530818682813283
2018-08-24,baseline_no_overlay,1.2529117370315628
2018-08-27,baseline_no_overlay,1.2553784044485798
2018-08-28,baseline_no_overlay,1.2570545021539676
2018-08-29,baseline_no_overlay,1.2530598737172192
2018-08-30,baseline_no_overlay,1.2579371676853208
2018-08-31,baseline_no_overlay,1.2533471920983086
2018-09-04,baseline_no_overlay,1.2470201177628832
2018-09-05,baseline_no_overlay,1.2434032447291832
2018-09-06,baseline_no_overlay,1.2384300399684693
2018-09-07,baseline_no_overlay,1.2434236156612788
2018-09-10,baseline_no_overlay,1.2441089690123681
2018-09-11,baseline_no_overlay,1.2515683242027151
2018-09-12,baseline_no_overlay,1.2525653468933595
2018-09-13,baseline_no_overlay,1.2530394326069472
2018-09-14,baseline_no_overlay,1.2548750314697685
2018-09-17,baseline_no_overlay,1.25288498738445
2018-09-18,baseline_no_overlay,1.2558234849569283
2018-09-19,baseline_no_overlay,1.256886505130817
2018-09-20,baseline_no_overlay,1.2617162802945152
2018-09-21,baseline_no_overlay,1.2607048708614073
2018-09-24,baseline_no_overlay,1.2648674275869467
2018-09-25,baseline_no_overlay,1.2645675802758969
2018-09-26,baseline_no_overlay,1.2639857773237622
2018-09-27,baseline_no_overlay,1.2667487889919582
2018-09-28,baseline_no_overlay,1.2675955297583537
2018-10-01,baseline_no_overlay,1.265425895909316
2018-10-02,baseline_no_overlay,1.2682452172905574
2018-10-03,baseline_no_overlay,1.2689877579267668
2018-10-04,baseline_no_overlay,1.2705693352160434
2018-10-05,baseline_no_overlay,1.2627982697639701
2018-10-08,baseline_no_overlay,1.2574879392272553
2018-10-09,baseline_no_overlay,1.257510285254077
2018-10-10,baseline_no_overlay,1.2565031431937068
2018-10-11,baseline_no_overlay,1.2343877647605805
2018-10-12,baseline_no_overlay,1.2474756599352401
2018-10-15,baseline_no_overlay,1.2375168072331766
2018-10-16,baseline_no_overlay,1.243969320520678
2018-10-17,baseline_no_overlay,1.2485584034279986
2018-10-18,baseline_no_overlay,1.2438905741406776
2018-10-19,baseline_no_overlay,1.2410152269885388
2018-10-22,baseline_no_overlay,1.238269248129472
2018-10-23,baseline_no_overlay,1.2306123978124284
2018-10-24,baseline_no_overlay,1.2209382209649098
2018-10-25,baseline_no_overlay,1.2139174862693376
2018-10-26,baseline_no_overlay,1.2087033138836467
2018-10-29,baseline_no_overlay,1.2018036593761783
2018-10-30,baseline_no_overlay,1.2017186724898758
2018-10-31,baseline_no_overlay,1.216614913375501
2018-11-01,baseline_no_overlay,1.212765165848613
2018-11-02,baseline_no_overlay,1.223139158516082
2018-11-05,baseline_no_overlay,1.2235274216354526
2018-11-06,baseline_no_overlay,1.2212464736232183
2018-11-07,baseline_no_overlay,1.2212777940496025
2018-11-08,baseline_no_overlay,1.2236296529570305
2018-11-09,baseline_no_overlay,1.216835856323921
2018-11-12,baseline_no_overlay,1.21870955488525
2018-11-13,baseline_no_overlay,1.2120782761254099
2018-11-14,baseline_no_overlay,1.2098638674950781
2018-11-15,baseline_no_overlay,1.2080793062687012
2018-11-16,baseline_no_overlay,1.2085647283802772
2018-11-19,baseline_no_overlay,1.2167936715139396
2018-11-20,baseline_no_overlay,1.2182239963896022
2018-11-21,baseline_no_overlay,1.2199917175912824
2018-11-22,baseline_no_overlay,1.2209279664274602
2018-11-23,baseline_no_overlay,1.217632872601562
2018-11-26,baseline_no_overlay,1.2191146458402662
2018-11-27,baseline_no_overlay,1.2201332842020436
2018-11-28,baseline_no_overlay,1.2236720846969456
2018-11-29,baseline_no_overlay,1.22192645249377
2018-11-30,baseline_no_overlay,1.2217793821240097
2018-12-03,baseline_no_overlay,1.233341775743926
2018-12-04,baseline_no_overlay,1.2372582145892692
2018-12-05,baseline_no_overlay,1.2363121514910822
2018-12-06,baseline_no_overlay,1.2350779606054934
2018-12-07,baseline_no_overlay,1.2370117610792812
2018-12-10,baseline_no_overlay,1.2356327131328857
2018-12-11,baseline_no_overlay,1.2349651502560015
2018-12-12,baseline_no_overlay,1.2384535080109613
2018-12-13,baseline_no_overlay,1.2379010943771551
2018-12-14,baseline_no_overlay,1.2337919559241823
2018-12-17,baseline_no_overlay,1.2250255331595008
2018-12-18,baseline_no_overlay,1.221946451857969
2018-12-19,baseline_no_overlay,1.2182473268423464
2018-12-20,baseline_no_overlay,1.217741179459255
2018-12-21,baseline_no_overlay,1.2149676142511672
2018-12-24,baseline_no_overlay,1.2132710881426807
2018-12-25,baseline_no_overlay,1.2085224010914686
2018-12-26,baseline_no_overlay,1.2055629327929585
2018-12-27,baseline_no_overlay,1.209585717337504
2018-12-28,baseline_no_overlay,1.2057894196153842
2019-01-02,baseline_no_overlay,1.2054198294532876
2019-01-03,baseline_no_overlay,1.1987757842293987
2019-01-04,baseline_no_overlay,1.2000671218970809
2019-01-07,baseline_no_overlay,1.204414596007212
2019-01-08,baseline_no_overlay,1.2033148268393512
2019-01-09,baseline_no_overlay,1.2080786502140777
2019-01-10,baseline_no_overlay,1.2087450052398196
2019-01-11,baseline_no_overlay,1.2111544179704603
2019-01-14,baseline_no_overlay,1.2106547343512142
2019-01-15,baseline_no_overlay,1.2147820103401823
2019-01-16,baseline_no_overlay,1.2141936880122455
2019-01-17,baseline_no_overlay,1.2107214515400802
2019-01-18,baseline_no_overlay,1.2108832617545011
2019-01-21,baseline_no_overlay,1.2150720225576332
2019-01-22,baseline_no_overlay,1.2126296568691313
2019-01-23,baseline_no_overlay,1.2133958728739052
2019-01-24,baseline_no_overlay,1.2136951739448254
2019-01-25,baseline_no_overlay,1.2137038389120132
2019-01-28,baseline_no_overlay,1.215463816558254
2019-01-29,baseline_no_overlay,1.2175683157173023
2019-01-30,baseline_no_overlay,1.2174762590082395
2019-01-31,baseline_no_overlay,1.2144262272665307
2019-02-01,baseline_no_overlay,1.2133348973004372
2019-02-11,baseline_no_overlay,1.2227294969478895
2019-02-12,baseline_no_overlay,1.22934026516846
2019-02-13,baseline_no_overlay,1.233964111007068
2019-02-14,baseline_no_overlay,1.2381479753710611
2019-02-15,baseline_no_overlay,1.2373084106525534
2019-02-18,baseline_no_overlay,1.2429463286411322
2019-02-19,baseline_no_overlay,1.2446623136607586
2019-02-20,baseline_no_overlay,1.2481251274531062
2019-02-21,baseline_no_overlay,1.257362475969954
2019-02-22,baseline_no_overlay,1.2580994829673768
2019-02-25,baseline_no_overlay,1.2613116283573036
2019-02-26,baseline_no_overlay,1.257046815359537
2019-02-27,baseline_no_overlay,1.2587457339411532
2019-02-28,baseline_no_overlay,1.245854591700174
2019-03-01,baseline_no_overlay,1.2532750817497573
2019-03-04,baseline_no_overlay,1.26118309718118
2019-03-05,baseline_no_overlay,1.260320310460243
2019-03-06,baseline_no_overlay,1.2613655846565215
2019-03-07,baseline_no_overlay,1.2610730311232434
2019-03-08,baseline_no_overlay,1.2565038881181105
2019-03-11,baseline_no_overlay,1.2561635843549561
2019-03-12,baseline_no_overlay,1.2641023461936507
2019-03-13,baseline_no_overlay,1.2664882219129343
2019-03-14,baseline_no_overlay,1.268082525573175
2019-03-15,baseline_no_overlay,1.2657505983403197
2019-03-18,baseline_no_overlay,1.2698224305511725
2019-03-19,baseline_no_overlay,1.267185334807696
2019-03-20,baseline_no_overlay,1.2651454699203322
2019-03-21,baseline_no_overlay,1.2559567728817942
2019-03-22,baseline_no_overlay,1.2587681794082757
2019-03-25,baseline_no_overlay,1.249295613343849
2019-03-26,baseline_no_overlay,1.2491200983348243
2019-03-27,baseline_no_overlay,1.251941826430157
2019-03-28,baseline_no_overlay,1.2553698791972177
2019-03-29,baseline_no_overlay,1.2541851548570293
2019-04-01,baseline_no_overlay,1.2575299526537005
2019-04-02,baseline_no_overlay,1.2557553322295443
2019-04-03,baseline_no_overlay,1.2549918405816964
2019-04-04,baseline_no_overlay,1.2561933880882217
2019-04-05,baseline_no_overlay,1.257285781176568
2019-04-08,baseline_no_overlay,1.2613282601069344
2019-04-09,baseline_no_overlay,1.2565488933707694
2019-04-10,baseline_no_overlay,1.2536061498664184
2019-04-11,baseline_no_overlay,1.2553105266185982
2019-04-12,baseline_no_overlay,1.2536481427439408
2019-04-16,baseline_no_overlay,1.2508416706492984
2019-04-17,baseline_no_overlay,1.248618662568554
2019-04-18,baseline_no_overlay,1.2453622860594404
2019-04-19,baseline_no_overlay,1.2464781749798934
2019-04-22,baseline_no_overlay,1.246269623846775
2019-04-23,baseline_no_overlay,1.2471304714962692
2019-04-24,baseline_no_overlay,1.2509338345366356
2019-04-25,baseline_no_overlay,1.2495228908992886
2019-04-26,baseline_no_overlay,1.2520768009972263
2019-05-02,baseline_no_overlay,1.2513940617717303
2019-05-03,baseline_no_overlay,1.2491125324260182
2019-05-06,baseline_no_overlay,1.2416793471627137
2019-05-07,baseline_no_overlay,1.2414621255329006
2019-05-08,baseline_no_overlay,1.2389226277687586
2019-05-09,baseline_no_overlay,1.2373705355944666
2019-05-10,baseline_no_overlay,1.2393547611025362
2019-05-13,baseline_no_overlay,1.2415637341226486
2019-05-14,baseline_no_overlay,1.2443115374917053
2019-05-15,baseline_no_overlay,1.2488820970458328
2019-05-16,baseline_no_overlay,1.2488984904751854
2019-05-17,baseline_no_overlay,1.2492485530307804
2019-05-20,baseline_no_overlay,1.2550061998107653
2019-05-21,baseline_no_overlay,1.254396952622072
2019-05-22,baseline_no_overlay,1.252958473952341
2019-05-23,baseline_no_overlay,1.2523841453084013
2019-05-24,baseline_no_overlay,1.2453551820017803
2019-05-27,baseline_no_overlay,1.2475489461910023
2019-05-28,baseline_no_overlay,1.2459535783520932
2019-05-29,baseline_no_overlay,1.2457184610752674
2019-05-30,baseline_no_overlay,1.2446807330186913
2019-05-31,baseline_no_overlay,1.2405229230141301
2019-06-03,baseline_no_overlay,1.2352176840338478
2019-06-04,baseline_no_overlay,1.2368639939477493
2019-06-05,baseline_no_overlay,1.2368828604742226
2019-06-06,baseline_no_overlay,1.2355084336574644
2019-06-07,baseline_no_overlay,1.2398206908780232
2019-06-10,baseline_no_overlay,1.241942373685193
2019-06-11,baseline_no_overlay,1.241502980307652
2019-06-12,baseline_no_overlay,1.2376540983798794
2019-06-13,baseline_no_overlay,1.2358827937943289
2019-06-14,baseline_no_overlay,1.2374335327563444
2019-06-17,baseline_no_overlay,1.2343154734653232
2019-06-18,baseline_no_overlay,1.233009230824824
2019-06-19,baseline_no_overlay,1.2353776386019966
2019-06-20,baseline_no_overlay,1.239735811987156
2019-06-21,baseline_no_overlay,1.2396951995563126
2019-06-24,baseline_no_overlay,1.2413851253766175
2019-06-25,baseline_no_overlay,1.2397421985811978
2019-06-26,baseline_no_overlay,1.2391737078713718
2019-06-27,baseline_no_overlay,1.2309341881658102
2019-06-28,baseline_no_overlay,1.2338710530672374
2019-07-01,baseline_no_overlay,1.2411483612308138
2019-07-02,baseline_no_overlay,1.2387054918620095
2019-07-03,baseline_no_overlay,1.2377706864305318
2019-07-04,baseline_no_overlay,1.244242627980361
2019-07-05,baseline_no_overlay,1.2454678605166116
2019-07-08,baseline_no_overlay,1.2399810252110515
2019-07-09,baseline_no_overlay,1.2412205773088734
2019-07-10,baseline_no_overlay,1.2436583605448597
2019-07-11,baseline_no_overlay,1.2463835549970839
2019-07-12,baseline_no_overlay,1.2445326152572458
2019-07-15,baseline_no_overlay,1.2430100058302285
2019-07-16,baseline_no_overlay,1.2479037678737717
2019-07-17,baseline_no_overlay,1.2481145783859289
2019-07-18,baseline_no_overlay,1.2446122159080104
2019-07-19,baseline_no_overlay,1.2476309214445538
2019-07-22,baseline_no_overlay,1.2474746205335439
2019-07-23,baseline_no_overlay,1.2513322435043386
2019-07-24,baseline_no_overlay,1.2507450074728141
2019-07-25,baseline_no_overlay,1.2539606195808783
2019-07-26,baseline_no_overlay,1.2531695568409342
2019-07-29,baseline_no_overlay,1.2553668135202705
2019-07-30,baseline_no_overlay,1.2483726892839462
2019-07-31,baseline_no_overlay,1.2507804594506036
2019-08-01,baseline_no_overlay,1.2535448931137418
2019-08-02,baseline_no_overlay,1.2494798358567978
2019-08-05,baseline_no_overlay,1.2409365060557356
2019-08-06,baseline_no_overlay,1.2370610052222513
2019-08-07,baseline_no_overlay,1.2375694572300746
2019-08-08,baseline_no_overlay,1.242006095157338
2019-08-09,baseline_no_overlay,1.2415371539174647
2019-08-12,baseline_no_overlay,1.2419254419549701
2019-08-13,baseline_no_overlay,1.2375646125903728
2019-08-14,baseline_no_overlay,1.238406267037449
2019-08-15,baseline_no_overlay,1.2430708335956695
2019-08-16,baseline_no_overlay,1.2433108020992925
2019-08-19,baseline_no_overlay,1.2438529525862199
2019-08-20,baseline_no_overlay,1.2459760674706877
2019-08-21,baseline_no_overlay,1.2519989916532885
2019-08-22,baseline_no_overlay,1.2537882759905192
2019-08-23,baseline_no_overlay,1.2508452966388857
2019-08-26,baseline_no_overlay,1.2459891547114799
2019-08-27,baseline_no_overlay,1.2432670607934586
2019-08-28,baseline_no_overlay,1.243418836532331
2019-08-29,baseline_no_overlay,1.2439701268913788
2019-08-30,baseline_no_overlay,1.246704710075986
2019-09-03,baseline_no_overlay,1.2443988348704507
2019-09-04,baseline_no_overlay,1.2435758256807226
2019-09-05,baseline_no_overlay,1.243135098838281
2019-09-06,baseline_no_overlay,1.2418220895385297
2019-09-09,baseline_no_overlay,1.2418357862612595
2019-09-10,baseline_no_overlay,1.2398006343816133
2019-09-11,baseline_no_overlay,1.239308058614065
2019-09-12,baseline_no_overlay,1.2425199148932689
2019-09-13,baseline_no_overlay,1.2486549570324834
2019-09-16,baseline_no_overlay,1.250172559301639
2019-09-17,baseline_no_overlay,1.2540289989942444
2019-09-18,baseline_no_overlay,1.2527971474309707
2019-09-19,baseline_no_overlay,1.2539381309907207
2019-09-20,baseline_no_overlay,1.2496104171696027
2019-09-23,baseline_no_overlay,1.2471668205695956
2019-09-24,baseline_no_overlay,1.2482883058743657
2019-09-25,baseline_no_overlay,1.247730949523285
2019-09-26,baseline_no_overlay,1.2497757036029153
2019-09-27,baseline_no_overlay,1.2541251167360645
2019-09-30,baseline_no_overlay,1.253338713297248
2019-10-01,baseline_no_overlay,1.2549834591578328
2019-10-02,baseline_no_overlay,1.24913409141206
2019-10-03,baseline_no_overlay,1.2496433946486072
2019-10-04,baseline_no_overlay,1.2467980220992159
2019-10-07,baseline_no_overlay,1.2445254710201654
2019-10-08,baseline_no_overlay,1.2469791993760089
2019-10-09,baseline_no_overlay,1.2466376237135233
2019-10-10,baseline_no_overlay,1.2463578097807606
2019-10-11,baseline_no_overlay,1.2488840960654817
2019-10-14,baseline_no_overlay,1.2499060148099879
2019-10-15,baseline_no_overlay,1.2495814376412755
2019-10-16,baseline_no_overlay,1.250462236323638
2019-10-17,baseline_no_overlay,1.2475272244512932
2019-10-18,baseline_no_overlay,1.2470992485913461
2019-10-21,baseline_no_overlay,1.2439484012182203
2019-10-22,baseline_no_overlay,1.245772733236112
2019-10-23,baseline_no_overlay,1.2460604764342544
2019-10-24,baseline_no_overlay,1.2496370753299073
2019-10-25,baseline_no_overlay,1.251634705269136
2019-10-28,baseline_no_overlay,1.2515683430562654
2019-10-29,baseline_no_overlay,1.2511268809702387
2019-10-30,baseline_no_overlay,1.2539542677423288
2019-10-31,baseline_no_overlay,1.2526078006587344
2019-11-01,baseline_no_overlay,1.2616435400553292
2019-11-04,baseline_no_overlay,1.2660290159833734
2019-11-05,baseline_no_overlay,1.2671694277583803
2019-11-06,baseline_no_overlay,1.2675201884672198
2019-11-07,baseline_no_overlay,1.2669722196140756
2019-11-08,baseline_no_overlay,1.2660745537451565
2019-11-11,baseline_no_overlay,1.2628071731768793
2019-11-12,baseline_no_overlay,1.2635472098179061
2019-11-13,baseline_no_overlay,1.260452181124001
2019-11-14,baseline_no_overlay,1.2601717289365508
2019-11-15,baseline_no_overlay,1.2589919660837008
2019-11-18,baseline_no_overlay,1.2552892764720063
2019-11-19,baseline_no_overlay,1.257895656239144
2019-11-20,baseline_no_overlay,1.2533191932180319
2019-11-21,baseline_no_overlay,1.2467742771816295
2019-11-22,baseline_no_overlay,1.2419342654995524
2019-11-25,baseline_no_overlay,1.2412560778972168
2019-11-26,baseline_no_overlay,1.2414274843951596
2019-11-27,baseline_no_overlay,1.2421634696566124
2019-11-28,baseline_no_overlay,1.2380223221671274
2019-11-29,baseline_no_overlay,1.23819010605532
2019-12-02,baseline_no_overlay,1.23204945477245
2019-12-03,baseline_no_overlay,1.228861024444823
2019-12-04,baseline_no_overlay,1.234925487117694
2019-12-05,baseline_no_overlay,1.2333965244918679
2019-12-06,baseline_no_overlay,1.2335083182188185
2019-12-09,baseline_no_overlay,1.2348134699243398
2019-12-10,baseline_no_overlay,1.2316304266418399
2019-12-11,baseline_no_overlay,1.2323048757309991
2019-12-12,baseline_no_overlay,1.2358347947449486
2019-12-13,baseline_no_overlay,1.2346334929894236
2019-12-16,baseline_no_overlay,1.2321914292574088
2019-12-17,baseline_no_overlay,1.2287667098385284
2019-12-18,baseline_no_overlay,1.2275000466118113
2019-12-19,baseline_no_overlay,1.2279838537782386
2019-12-20,baseline_no_overlay,1.229884710303298
2019-12-23,baseline_no_overlay,1.2313131937882227
2019-12-24,baseline_no_overlay,1.2309978392566838
2019-12-25,baseline_no_overlay,1.2320855843730985
2019-12-26,baseline_no_overlay,1.2307267111846316
2019-12-27,baseline_no_overlay,1.233447249733675
2019-12-30,baseline_no_overlay,1.2343449856802005
2019-12-31,baseline_no_overlay,1.2317440856377246
2020-01-02,baseline_no_overlay,1.2352277299196948
2020-01-03,baseline_no_overlay,1.234032068467269
2020-01-06,baseline_no_overlay,1.227892762079895
2020-01-07,baseline_no_overlay,1.2297318472984722
2020-01-08,baseline_no_overlay,1.2233130681484112
2020-01-09,baseline_no_overlay,1.229126939305076
2020-01-10,baseline_no_overlay,1.2341666837556058
2020-01-13,baseline_no_overlay,1.2324874048086174
2020-01-14,baseline_no_overlay,1.2332124118150538
2020-01-15,baseline_no_overlay,1.2335717935473163
2020-01-16,baseline_no_overlay,1.2386272313448004
2020-01-17,baseline_no_overlay,1.2421774721712324
2020-01-20,baseline_no_overlay,1.2418859087101344
2020-01-21,baseline_no_overlay,1.248132700952455
2020-01-22,baseline_no_overlay,1.2522298894679262
2020-01-30,baseline_no_overlay,1.2268481533803577
2020-01-31,baseline_no_overlay,1.2131853446600245
2020-02-03,baseline_no_overlay,1.2087422136923305
2020-02-04,baseline_no_overlay,1.2092340871449239
2020-02-05,baseline_no_overlay,1.2073563282949957
2020-02-06,baseline_no_overlay,1.2145944153871446
2020-02-07,baseline_no_overlay,1.215923649628393
2020-02-10,baseline_no_overlay,1.2097029418922307
2020-02-11,baseline_no_overlay,1.2121812282988402
2020-02-12,baseline_no_overlay,1.2139700232843627
2020-02-13,baseline_no_overlay,1.2143022335258817
2020-02-14,baseline_no_overlay,1.2137939110055012
2020-02-17,baseline_no_overlay,1.2121565561660923
2020-02-18,baseline_no_overlay,1.2079136875933578
2020-02-19,baseline_no_overlay,1.2082574608366368
2020-02-20,baseline_no_overlay,1.2135728799648406
2020-02-21,baseline_no_overlay,1.2102292809662765
2020-02-24,baseline_no_overlay,1.1948026962744198
2020-02-25,baseline_no_overlay,1.198766467658118
2020-02-26,baseline_no_overlay,1.1898742027312577
2020-02-27,baseline_no_overlay,1.191283818763083
2020-02-28,baseline_no_overlay,1.18141267981132
2020-03-02,baseline_no_overlay,1.1828024515684503
2020-03-03,baseline_no_overlay,1.1865242283227788
2020-03-04,baseline_no_overlay,1.1857360218921567
2020-03-05,baseline_no_overlay,1.1881292216542763
2020-03-06,baseline_no_overlay,1.187011294709644
2020-03-09,baseline_no_overlay,1.152995473049528
2020-03-10,baseline_no_overlay,1.154329121199395
2020-03-11,baseline_no_overlay,1.1364815559728232
2020-03-12,baseline_no_overlay,1.102570404088369
2020-03-13,baseline_no_overlay,1.0970609786615704
2020-03-16,baseline_no_overlay,1.0874207899345072
2020-03-17,baseline_no_overlay,1.0856716081916717
2020-03-18,baseline_no_overlay,1.0871538692766953
2020-03-19,baseline_no_overlay,1.0688685254312786
2020-03-20,baseline_no_overlay,1.0556404860822586
2020-03-23,baseline_no_overlay,1.0238042234860167
2020-03-24,baseline_no_overlay,1.0182065160875808
2020-03-25,baseline_no_overlay,1.0407198484000142
2020-03-26,baseline_no_overlay,1.0435245788018284
2020-03-27,baseline_no_overlay,1.0447916873216523
2020-03-30,baseline_no_overlay,1.018996181150457
2020-03-31,baseline_no_overlay,1.019188489432688
2020-04-01,baseline_no_overlay,1.0331638345353626
2020-04-03,baseline_no_overlay,1.0515493980541315
2020-04-06,baseline_no_overlay,1.076317101777343
2020-04-07,baseline_no_overlay,1.0826407033986902
2020-04-08,baseline_no_overlay,1.0835051214765425
2020-04-09,baseline_no_overlay,1.0927078529682763
2020-04-10,baseline_no_overlay,1.0909411753674316
2020-04-13,baseline_no_overlay,1.0960914849990593
2020-04-14,baseline_no_overlay,1.0972233329929262
2020-04-15,baseline_no_overlay,1.1045322781322378
2020-04-16,baseline_no_overlay,1.1069696690175665
2020-04-17,baseline_no_overlay,1.1133630393294884
2020-04-20,baseline_no_overlay,1.117382090557764
2020-04-21,baseline_no_overlay,1.0952878088123055
2020-04-22,baseline_no_overlay,1.096871249092412
2020-04-23,baseline_no_overlay,1.1007232346135052
2020-04-24,baseline_no_overlay,1.1029230326442758
2020-04-27,baseline_no_overlay,1.0981405908078181
2020-04-28,baseline_no_overlay,1.0956576319896518
2020-04-29,baseline_no_overlay,1.0969580208809298
2020-05-04,baseline_no_overlay,1.0924733073994564
2020-05-05,baseline_no_overlay,1.0933854349106604
2020-05-06,baseline_no_overlay,1.1046311664313495
2020-05-07,baseline_no_overlay,1.1139466631776087
2020-05-08,baseline_no_overlay,1.1253233505006672
2020-05-11,baseline_no_overlay,1.1349516215570241
2020-05-12,baseline_no_overlay,1.1400737636973255
2020-05-13,baseline_no_overlay,1.1392554342938712
2020-05-14,baseline_no_overlay,1.1379849787134075
2020-05-15,baseline_no_overlay,1.1344684674199337
2020-05-18,baseline_no_overlay,1.1403547363313087
2020-05-19,baseline_no_overlay,1.1459551809516517
2020-05-20,baseline_no_overlay,1.1504519774715611
2020-05-21,baseline_no_overlay,1.156942936985004
2020-05-22,baseline_no_overlay,1.1495702295131867
2020-05-25,baseline_no_overlay,1.1532177201708316
2020-05-26,baseline_no_overlay,1.1598965067771558
2020-05-27,baseline_no_overlay,1.151534939657242
2020-05-28,baseline_no_overlay,1.1536052043442886
2020-05-29,baseline_no_overlay,1.1555057647556275
2020-06-01,baseline_no_overlay,1.1649097198951417
2020-06-02,baseline_no_overlay,1.1617144853814094
2020-06-03,baseline_no_overlay,1.1656749896917515
2020-06-04,baseline_no_overlay,1.167532726195402
2020-06-05,baseline_no_overlay,1.1689333073532788
2020-06-08,baseline_no_overlay,1.1777233153738726
2020-06-09,baseline_no_overlay,1.1769392619952599
2020-06-10,baseline_no_overlay,1.1777245580801436
2020-06-11,baseline_no_overlay,1.1568282063994342
2020-06-12,baseline_no_overlay,1.1545324214598676
2020-06-15,baseline_no_overlay,1.1368414772979096
2020-06-16,baseline_no_overlay,1.1494814678859275
2020-06-17,baseline_no_overlay,1.148448032573884
2020-06-18,baseline_no_overlay,1.148932528820843
2020-06-19,baseline_no_overlay,1.1574357719559025
2020-06-22,baseline_no_overlay,1.159277714397067
2020-06-23,baseline_no_overlay,1.1570172345549679
2020-06-24,baseline_no_overlay,1.1511244311113042
2020-06-25,baseline_no_overlay,1.1479266876760519
2020-06-26,baseline_no_overlay,1.1463652621964338
2020-06-29,baseline_no_overlay,1.1331421906892718
2020-06-30,baseline_no_overlay,1.1306956123515224
2020-07-01,baseline_no_overlay,1.140674299812971
2020-07-02,baseline_no_overlay,1.1398739685294121
2020-07-03,baseline_no_overlay,1.1428910473046616
2020-07-06,baseline_no_overlay,1.1508131869702403
2020-07-07,baseline_no_overlay,1.152177329451099
2020-07-08,baseline_no_overlay,1.1528458296325605
2020-07-09,baseline_no_overlay,1.1607052742307524
2020-07-10,baseline_no_overlay,1.1572481684769056
2020-07-13,baseline_no_overlay,1.1557081197661756
2020-07-14,baseline_no_overlay,1.155330365147155
2020-07-15,baseline_no_overlay,1.15632480161537
2020-07-16,baseline_no_overlay,1.1598903759182084
2020-07-17,baseline_no_overlay,1.157099144911244
2020-07-20,baseline_no_overlay,1.1520902435413076
2020-07-21,baseline_no_overlay,1.1522036961270785
2020-07-22,baseline_no_overlay,1.148910658996082
2020-07-23,baseline_no_overlay,1.1495755009564883
2020-07-24,baseline_no_overlay,1.1373123429266008
2020-07-27,baseline_no_overlay,1.1166908838778642
2020-07-28,baseline_no_overlay,1.1308285186590248
2020-07-29,baseline_no_overlay,1.1190193583816177
2020-07-30,baseline_no_overlay,1.1244500051540411
2020-07-31,baseline_no_overlay,1.1229314933557903
2020-08-03,baseline_no_overlay,1.1322576309896522
2020-08-04,baseline_no_overlay,1.1404442411861964
2020-08-05,baseline_no_overlay,1.14674653302102
2020-08-06,baseline_no_overlay,1.1481753822858585
2020-08-07,baseline_no_overlay,1.1491068225207044
2020-08-10,baseline_no_overlay,1.1502937477305768
2020-08-11,baseline_no_overlay,1.1502090724419716
2020-08-12,baseline_no_overlay,1.1529034820668336
2020-08-13,baseline_no_overlay,1.1583449573683278
2020-08-14,baseline_no_overlay,1.1553912294845805
2020-08-17,baseline_no_overlay,1.1549727920890347
2020-08-18,baseline_no_overlay,1.152477494861779
2020-08-19,baseline_no_overlay,1.1555072824002321
2020-08-20,baseline_no_overlay,1.1535271447044144
2020-08-21,baseline_no_overlay,1.1576594823270627
2020-08-24,baseline_no_overlay,1.1665363456128104
2020-08-25,baseline_no_overlay,1.1701616105027888
2020-08-26,baseline_no_overlay,1.1697067119147415
2020-08-27,baseline_no_overlay,1.170439669011955
2020-08-28,baseline_no_overlay,1.173125301703589
2020-08-31,baseline_no_overlay,1.1747792888895803
2020-09-01,baseline_no_overlay,1.1805496873267196
2020-09-03,baseline_no_overlay,1.1881937657772865
2020-09-04,baseline_no_overlay,1.1867856449970893
2020-09-07,baseline_no_overlay,1.17989437352346
2020-09-08,baseline_no_overlay,1.1807655206166245
2020-09-09,baseline_no_overlay,1.1803527103822726
2020-09-10,baseline_no_overlay,1.180103222145719
2020-09-11,baseline_no_overlay,1.1801655831402655
2020-09-14,baseline_no_overlay,1.1828362230779867
2020-09-15,baseline_no_overlay,1.1836596005183722
2020-09-16,baseline_no_overlay,1.1842226590127294
2020-09-17,baseline_no_overlay,1.1824016315740216
2020-09-18,baseline_no_overlay,1.1857786532105155
2020-09-21,baseline_no_overlay,1.1892454266302865
2020-09-22,baseline_no_overlay,1.1883965462715183
2020-09-23,baseline_no_overlay,1.1913359847693508
2020-09-24,baseline_no_overlay,1.189455741111622
2020-09-25,baseline_no_overlay,1.1892970384329564
2020-09-28,baseline_no_overlay,1.19133783389729
2020-09-29,baseline_no_overlay,1.1870512833123024
2020-09-30,baseline_no_overlay,1.1875954835234168
2020-10-01,baseline_no_overlay,1.1922047224569639
2020-10-02,baseline_no_overlay,1.1894895876395681
2020-10-05,baseline_no_overlay,1.1918022151845622
2020-10-06,baseline_no_overlay,1.19230512966865
2020-10-07,baseline_no_overlay,1.1945989729516864
2020-10-08,baseline_no_overlay,1.1940889116300035
2020-10-09,baseline_no_overlay,1.1968910097768324
2020-10-12,baseline_no_overlay,1.197927668031502
2020-10-13,baseline_no_overlay,1.200288727652776
2020-10-14,baseline_no_overlay,1.2063519201651418
2020-10-15,baseline_no_overlay,1.2077397550531905
2020-10-16,baseline_no_overlay,1.2080344228783646
2020-10-19,baseline_no_overlay,1.2082302319063059
2020-10-20,baseline_no_overlay,1.2086192216120355
2020-10-21,baseline_no_overlay,1.2052967726734076
2020-10-22,baseline_no_overlay,1.210403902844908
2020-10-23,baseline_no_overlay,1.216889599825611
2020-10-26,baseline_no_overlay,1.2111876312592016
2020-10-27,baseline_no_overlay,1.2092245599546547
2020-10-28,baseline_no_overlay,1.198354582126181
2020-10-29,baseline_no_overlay,1.1974652462042628
2020-10-30,baseline_no_overlay,1.2005951888153574
2020-11-02,baseline_no_overlay,1.2048998385645993
2020-11-03,baseline_no_overlay,1.2058167416475554
2020-11-04,baseline_no_overlay,1.2082467956476033
2020-11-05,baseline_no_overlay,1.2069426741127502
2020-11-06,baseline_no_overlay,1.2071721972849525
2020-11-09,baseline_no_overlay,1.2151018312536215
2020-11-10,baseline_no_overlay,1.2149904417180497
2020-11-11,baseline_no_overlay,1.2150695200407062
2020-11-12,baseline_no_overlay,1.219071305816113
2020-11-13,baseline_no_overlay,1.2233738137978136
2020-11-16,baseline_no_overlay,1.2140909794880936
2020-11-17,baseline_no_overlay,1.2230587470922822
2020-11-18,baseline_no_overlay,1.2255440400180095
2020-11-19,baseline_no_overlay,1.2305090423449179
2020-11-20,baseline_no_overlay,1.2337718118072976
2020-11-23,baseline_no_overlay,1.2358503668098868
2020-11-24,baseline_no_overlay,1.2366259587112776
2020-11-25,baseline_no_overlay,1.2388156838057187
2020-11-26,baseline_no_overlay,1.2418178532995021
2020-11-27,baseline_no_overlay,1.2440286714048223
2020-11-30,baseline_no_overlay,1.2403815554764839
2020-12-01,baseline_no_overlay,1.242671461774995
2020-12-02,baseline_no_overlay,1.2456292920884164
2020-12-03,baseline_no_overlay,1.2480439663946308
2020-12-04,baseline_no_overlay,1.2488257108441263
2020-12-07,baseline_no_overlay,1.2525469652660908
2020-12-08,baseline_no_overlay,1.2520838377157149
2020-12-09,baseline_no_overlay,1.2563839638596905
2020-12-10,baseline_no_overlay,1.2525206492116345
2020-12-11,baseline_no_overlay,1.2576586111676318
2020-12-14,baseline_no_overlay,1.2655008573849513
2020-12-15,baseline_no_overlay,1.2612834430684021
2020-12-16,baseline_no_overlay,1.2661038249060077
2020-12-17,baseline_no_overlay,1.2591825392002733
2020-12-18,baseline_no_overlay,1.2648766547404124
2020-12-21,baseline_no_overlay,1.2702722080494073
2020-12-22,baseline_no_overlay,1.2713086008986039
2020-12-23,baseline_no_overlay,1.2690140637266862
2020-12-24,baseline_no_overlay,1.2643680879436867
2020-12-25,baseline_no_overlay,1.2707167289483776
2020-12-28,baseline_no_overlay,1.273795720195333
2020-12-29,baseline_no_overlay,1.2773430759883329
2020-12-30,baseline_no_overlay,1.2764923907164554
2020-12-31,baseline_no_overlay,1.2789243813637807
2021-01-04,baseline_no_overlay,1.2864176032688348
2021-01-05,baseline_no_overlay,1.2923648615080925
2021-01-06,baseline_no_overlay,1.297826536009201
2021-01-07,baseline_no_overlay,1.3052972455472338
2021-01-08,baseline_no_overlay,1.3122023706836123
2021-01-11,baseline_no_overlay,1.3226721611927714
2021-01-12,baseline_no_overlay,1.3270399777617334
2021-01-13,baseline_no_overlay,1.323191053539134
2021-01-14,baseline_no_overlay,1.3238174427032903
2021-01-15,baseline_no_overlay,1.3275800228953627
2021-01-18,baseline_no_overlay,1.326331476910973
2021-01-19,baseline_no_overlay,1.2945822163365759
2021-01-20,baseline_no_overlay,1.2963853378696637
2021-01-21,baseline_no_overlay,1.3111620239938055
2021-01-22,baseline_no_overlay,1.3126792886089378
2021-01-25,baseline_no_overlay,1.3121630423911583
2021-01-26,baseline_no_overlay,1.29411422410829
2021-01-27,baseline_no_overlay,1.2712148896527002
2021-01-28,baseline_no_overlay,1.2298188599056288
2021-01-29,baseline_no_overlay,1.245564548853175
2021-02-01,baseline_no_overlay,1.2361864610371618
2021-02-02,baseline_no_overlay,1.2578715713098882
2021-02-03,baseline_no_overlay,1.275256574468731
2021-02-04,baseline_no_overlay,1.2756823914484574
2021-02-05,baseline_no_overlay,1.2833285180174545
2021-02-08,baseline_no_overlay,1.2578950187083386
2021-02-09,baseline_no_overlay,1.2749027412088991
2021-02-17,baseline_no_overlay,1.2971051625932088
2021-02-18,baseline_no_overlay,1.3078382254142742
2021-02-19,baseline_no_overlay,1.3072576022449318
2021-02-22,baseline_no_overlay,1.3079963456026238
2021-02-23,baseline_no_overlay,1.3094511726996012
2021-02-24,baseline_no_overlay,1.3001295242040525
2021-02-25,baseline_no_overlay,1.3018512054200837
2021-02-26,baseline_no_overlay,1.3034785034718124
2021-03-01,baseline_no_overlay,1.3134708246774587
2021-03-02,baseline_no_overlay,1.3136886348732106
2021-03-03,baseline_no_overlay,1.31379810331488
2021-03-04,baseline_no_overlay,1.3038029770710566
2015-03-19,baseline_risk_overlay,1.0
2015-03-20,baseline_risk_overlay,1.00015951005566
2015-03-23,baseline_risk_overlay,0.9995145893675598
2015-03-24,baseline_risk_overlay,0.9990418593981701
2015-03-25,baseline_risk_overlay,0.9981122928143371
2015-03-26,baseline_risk_overlay,0.9974184140721506
2015-03-27,baseline_risk_overlay,0.996727823732169
2015-03-30,baseline_risk_overlay,0.9958222747153658
2015-03-31,baseline_risk_overlay,0.9966951890536899
2015-04-01,baseline_risk_overlay,0.9945414727087446
2015-04-02,baseline_risk_overlay,0.9959839833019416
2015-04-03,baseline_risk_overlay,0.9961658190746558
2015-04-06,baseline_risk_overlay,0.9952491711065927
2015-04-07,baseline_risk_overlay,0.9961569525279318
2015-04-08,baseline_risk_overlay,0.9960729565518054
2015-04-09,baseline_risk_overlay,0.9965674947060655
2015-04-10,baseline_risk_overlay,0.9971713363138067
2015-04-13,baseline_risk_overlay,0.9980709786886904
2015-04-14,baseline_risk_overlay,0.9978915898969447
2015-04-15,baseline_risk_overlay,0.9989036162436321
2015-04-16,baseline_risk_overlay,0.9996012807172114
2015-04-17,baseline_risk_overlay,0.9996053111841438
2015-04-20,baseline_risk_overlay,0.9990175684716895
2015-04-21,baseline_risk_overlay,0.9985325481047149
2015-04-22,baseline_risk_overlay,0.9985673892718824
2015-04-23,baseline_risk_overlay,0.9983611629843023
2015-04-24,baseline_risk_overlay,0.9991067274214374
2015-04-27,baseline_risk_overlay,0.9985207781617338
2015-05-04,baseline_risk_overlay,0.9957678947600502
2015-05-05,baseline_risk_overlay,0.9968863200205226
2015-05-06,baseline_risk_overlay,0.9962894564062794
2015-05-07,baseline_risk_overlay,0.99689131258023
2015-05-08,baseline_risk_overlay,0.9971519881836611
2015-05-11,baseline_risk_overlay,0.9966462104456477
2015-05-12,baseline_risk_overlay,0.9941773253435311
2015-05-13,baseline_risk_overlay,0.9938281011554885
2015-05-14,baseline_risk_overlay,0.9940207880259035
2015-05-15,baseline_risk_overlay,0.9919424778793758
2015-05-18,baseline_risk_overlay,0.9904259491175311
2015-05-19,baseline_risk_overlay,0.9916042179680559
2015-05-20,baseline_risk_overlay,0.9937435653189337
2015-05-21,baseline_risk_overlay,0.9941748381085519
2015-05-22,baseline_risk_overlay,0.9958070561172774
2015-05-25,baseline_risk_overlay,0.9960290107797939
2015-05-26,baseline_risk_overlay,0.9968640524622241
2015-05-27,baseline_risk_overlay,0.9967083847405619
2015-05-28,baseline_risk_overlay,0.9991636388586803
2015-05-29,baseline_risk_overlay,0.9976970364946076
2015-06-01,baseline_risk_overlay,0.999716706501396
2015-06-02,baseline_risk_overlay,0.9976744985636686
2015-06-03,baseline_risk_overlay,0.9971015423398237
2015-06-04,baseline_risk_overlay,0.9972622425640196
2015-06-05,baseline_risk_overlay,0.9987880784312768
2015-06-08,baseline_risk_overlay,0.9991005075877954
2015-06-09,baseline_risk_overlay,0.9981626787969723
2015-06-10,baseline_risk_overlay,0.9980945882540322
2015-06-11,baseline_risk_overlay,0.9992251854981528
2015-06-12,baseline_risk_overlay,0.9995143595754332
2015-06-15,baseline_risk_overlay,1.0001021533193653
2015-06-16,baseline_risk_overlay,0.9989639748269374
2015-06-17,baseline_risk_overlay,0.9987149748791548
2015-06-18,baseline_risk_overlay,0.9989353389051322
2015-06-19,baseline_risk_overlay,0.9996171968780171
2015-06-22,baseline_risk_overlay,1.00108279916345
2015-06-23,baseline_risk_overlay,1.0009073340121042
2015-06-24,baseline_risk_overlay,1.000414578940542
2015-06-25,baseline_risk_overlay,1.0000972659305334
2015-06-26,baseline_risk_overlay,0.9991587418562319
2015-06-29,baseline_risk_overlay,1.0005313050570914
2015-06-30,baseline_risk_overlay,1.0007257743061144
2015-07-01,baseline_risk_overlay,1.0004784391457455
2015-07-02,baseline_risk_overlay,1.0028644126426742
2015-07-03,baseline_risk_overlay,1.0046335036097616
2015-07-06,baseline_risk_overlay,1.006078628458198
2015-07-07,baseline_risk_overlay,1.006923366587556
2015-07-08,baseline_risk_overlay,1.0057093162223936
2015-07-09,baseline_risk_overlay,1.0055315293716938
2015-07-10,baseline_risk_overlay,1.0063596166330686
2015-07-13,baseline_risk_overlay,1.0075219884158515
2015-07-14,baseline_risk_overlay,1.0083252094165052
2015-07-15,baseline_risk_overlay,1.00694782549118
2015-07-16,baseline_risk_overlay,1.0063200876439744
2015-07-17,baseline_risk_overlay,1.0065768341312107
2015-07-20,baseline_risk_overlay,1.0053833014069757
2015-07-21,baseline_risk_overlay,1.0047897913980293
2015-07-22,baseline_risk_overlay,1.0066783811795743
2015-07-23,baseline_risk_overlay,1.0070125651447086
2015-07-24,baseline_risk_overlay,1.006893372862054
2015-07-27,baseline_risk_overlay,1.007516297976066
2015-07-28,baseline_risk_overlay,1.006875859548489
2015-07-29,baseline_risk_overlay,1.0058687966723028
2015-07-30,baseline_risk_overlay,1.0061311993062667
2015-07-31,baseline_risk_overlay,1.0052771984747835
2015-08-03,baseline_risk_overlay,1.0035731021782583
2015-08-04,baseline_risk_overlay,1.0023229951758466
2015-08-05,baseline_risk_overlay,1.003199104642842
2015-08-06,baseline_risk_overlay,1.0022957534792316
2015-08-07,baseline_risk_overlay,1.0026482646873456
2015-08-10,baseline_risk_overlay,1.0041842172387405
2015-08-11,baseline_risk_overlay,1.0039270233810471
2015-08-12,baseline_risk_overlay,1.0025572994159062
2015-08-13,baseline_risk_overlay,1.0011277498569946
2015-08-14,baseline_risk_overlay,1.000376910762308
2015-08-17,baseline_risk_overlay,0.9980522975088194
2015-08-18,baseline_risk_overlay,0.9991026287238685
2015-08-19,baseline_risk_overlay,0.9987003889342618
2015-08-20,baseline_risk_overlay,0.9969789420539705
2015-08-21,baseline_risk_overlay,0.9953639705433021
2015-08-24,baseline_risk_overlay,0.9907962994192778
2015-08-25,baseline_risk_overlay,0.9913173075740872
2015-08-26,baseline_risk_overlay,0.9968747120421598
2015-08-27,baseline_risk_overlay,1.000615683602347
2015-08-28,baseline_risk_overlay,1.0060226333448925
2015-08-31,baseline_risk_overlay,1.0037082438302956
2015-09-01,baseline_risk_overlay,1.0027945079353557
2015-09-03,baseline_risk_overlay,0.9979011487792373
2015-09-04,baseline_risk_overlay,0.9986605177791837
2015-09-07,baseline_risk_overlay,0.9979800844617912
2015-09-08,baseline_risk_overlay,1.0042531254410691
2015-09-09,baseline_risk_overlay,1.0073027901504592
2015-09-10,baseline_risk_overlay,1.00715444956885
2015-09-11,baseline_risk_overlay,1.005042848197732
2015-09-14,baseline_risk_overlay,1.0034405576760945
2015-09-15,baseline_risk_overlay,1.0039181100064936
2015-09-16,baseline_risk_overlay,1.0041311041340852
2015-09-17,baseline_risk_overlay,1.003538800385214
2015-09-18,baseline_risk_overlay,1.0047344989592797
2015-09-21,baseline_risk_overlay,1.006728910114043
2015-09-22,baseline_risk_overlay,1.0072069469475093
2015-09-23,baseline_risk_overlay,1.0069176204513066
2015-09-24,baseline_risk_overlay,1.006092751071848
2015-09-25,baseline_risk_overlay,1.0060092619226122
2015-09-28,baseline_risk_overlay,1.0040066757518673
2015-09-29,baseline_risk_overlay,1.003312928750221
2015-09-30,baseline_risk_overlay,1.003518213264193
2015-10-01,baseline_risk_overlay,1.003652789110272
2015-10-02,baseline_risk_overlay,1.0031326997903753
2015-10-05,baseline_risk_overlay,1.0041673699860494
2015-10-06,baseline_risk_overlay,1.0059992189562128
2015-10-07,baseline_risk_overlay,1.0056996737094175
2015-10-08,baseline_risk_overlay,1.006878173105497
2015-10-09,baseline_risk_overlay,1.0070825449334448
2015-10-12,baseline_risk_overlay,1.007744801164475
2015-10-13,baseline_risk_overlay,1.007523838363619
2015-10-14,baseline_risk_overlay,1.0073788430045334
2015-10-15,baseline_risk_overlay,1.007760569023166
2015-10-16,baseline_risk_overlay,1.0078588575461234
2015-10-19,baseline_risk_overlay,1.008110443037849
2015-10-20,baseline_risk_overlay,1.0074056291012237
2015-10-21,baseline_risk_overlay,1.0073652246770433
2015-10-22,baseline_risk_overlay,1.0081013991447074
2015-10-23,baseline_risk_overlay,1.0091912519189825
2015-10-26,baseline_risk_overlay,1.0086788053301203
2015-10-27,baseline_risk_overlay,1.0086459542447366
2015-10-28,baseline_risk_overlay,1.0082873002393051
2015-10-29,baseline_risk_overlay,1.009649023684241
2015-10-30,baseline_risk_overlay,1.0100257192705346
2015-11-02,baseline_risk_overlay,1.0092057777322727
2015-11-03,baseline_risk_overlay,1.0106632325964222
2015-11-04,baseline_risk_overlay,1.0101128074755696
2015-11-05,baseline_risk_overlay,1.0116939037397157
2015-11-06,baseline_risk_overlay,1.0105831244013106
2015-11-09,baseline_risk_overlay,1.0099777114321096
2015-11-10,baseline_risk_overlay,1.0081841707187809
2015-11-11,baseline_risk_overlay,1.0076302977873597
2015-11-12,baseline_risk_overlay,1.008289748223125
2015-11-13,baseline_risk_overlay,1.0111833176865628
2015-11-16,baseline_risk_overlay,1.010097550634583
2015-11-17,baseline_risk_overlay,1.008054326065048
2015-11-18,baseline_risk_overlay,1.0075821637791371
2015-11-19,baseline_risk_overlay,1.0073361192498864
2015-11-20,baseline_risk_overlay,1.0077654083522314
2015-11-23,baseline_risk_overlay,1.0069974543880114
2015-11-24,baseline_risk_overlay,1.006008314468462
2015-11-25,baseline_risk_overlay,1.0063057509061344
2015-11-26,baseline_risk_overlay,1.0044199463149674
2015-11-27,baseline_risk_overlay,1.0032032056999132
2015-11-30,baseline_risk_overlay,1.0018260761945765
2015-12-01,baseline_risk_overlay,1.0013606877105583
2015-12-02,baseline_risk_overlay,1.0026460350865432
2015-12-03,baseline_risk_overlay,1.0025339802402147
2015-12-04,baseline_risk_overlay,1.002067641786265
2015-12-07,baseline_risk_overlay,1.0007484965543296
2015-12-08,baseline_risk_overlay,1.002404262468831
2015-12-09,baseline_risk_overlay,1.000662821120122
2015-12-10,baseline_risk_overlay,0.9999763537371417
2015-12-11,baseline_risk_overlay,1.0003512893307784
2015-12-14,baseline_risk_overlay,1.0001470652934716
2015-12-15,baseline_risk_overlay,1.0010771020824103
2015-12-16,baseline_risk_overlay,1.0018141030652243
2015-12-17,baseline_risk_overlay,1.0025737593298574
2015-12-18,baseline_risk_overlay,1.0009379888444274
2015-12-21,baseline_risk_overlay,1.0007266549309257
2015-12-22,baseline_risk_overlay,1.0006308575556084
2015-12-23,baseline_risk_overlay,1.0003013330776243
2015-12-24,baseline_risk_overlay,1.0005794610549745
2015-12-25,baseline_risk_overlay,1.0009478665049463
2015-12-28,baseline_risk_overlay,1.0011967881437476
2015-12-29,baseline_risk_overlay,1.0030884187628435
2015-12-30,baseline_risk_overlay,1.004218278169371
2015-12-31,baseline_risk_overlay,1.0040616613698126
2016-01-04,baseline_risk_overlay,1.0023620111819653
2016-01-05,baseline_risk_overlay,1.0014828766265151
2016-01-06,baseline_risk_overlay,1.0028651384795089
2016-01-07,baseline_risk_overlay,0.9994569602121224
2016-01-08,baseline_risk_overlay,0.9984990212575683
2016-01-11,baseline_risk_overlay,0.9981691029925688
2016-01-12,baseline_risk_overlay,0.9991293405935887
2016-01-13,baseline_risk_overlay,0.9984247265645287
2016-01-14,baseline_risk_overlay,0.9972762889126133
2016-01-15,baseline_risk_overlay,0.9957578054402753
2016-01-18,baseline_risk_overlay,0.9930524131310275
2016-01-19,baseline_risk_overlay,0.9949005421811861
2016-01-20,baseline_risk_overlay,0.9935832738212402
2016-01-21,baseline_risk_overlay,0.992180787957118
2016-01-22,baseline_risk_overlay,0.9922469021702991
2016-01-25,baseline_risk_overlay,0.9961090181535448
2016-01-26,baseline_risk_overlay,0.9939977443490814
2016-01-27,baseline_risk_overlay,0.9960247594623705
2016-01-28,baseline_risk_overlay,0.994610320404669
2016-01-29,baseline_risk_overlay,0.9969787812886125
2016-02-01,baseline_risk_overlay,0.994860361342361
2016-02-02,baseline_risk_overlay,0.9930753146574148
2016-02-03,baseline_risk_overlay,0.993458951124193
2016-02-04,baseline_risk_overlay,0.9940815666986368
2016-02-05,baseline_risk_overlay,0.995039509957064
2016-02-15,baseline_risk_overlay,0.9946463832713253
2016-02-16,baseline_risk_overlay,0.9963923031311185
2016-02-17,baseline_risk_overlay,0.9959806662594242
2016-02-18,baseline_risk_overlay,0.9980331600479221
2016-02-19,baseline_risk_overlay,0.9986500038598306
2016-02-22,baseline_risk_overlay,1.001428799627957
2016-02-23,baseline_risk_overlay,1.001665109358663
2016-02-24,baseline_risk_overlay,1.0028947901469345
2016-02-25,baseline_risk_overlay,1.0005263664458686
2016-02-26,baseline_risk_overlay,1.000991209447737
2016-02-29,baseline_risk_overlay,0.9981343959620433
2016-03-01,baseline_risk_overlay,0.9984135226411713
2016-03-02,baseline_risk_overlay,1.0015894031415606
2016-03-03,baseline_risk_overlay,1.0016641545775944
2016-03-04,baseline_risk_overlay,1.0028197026982084
2016-03-07,baseline_risk_overlay,1.0037676463521048
2016-03-08,baseline_risk_overlay,1.0033857206871002
2016-03-09,baseline_risk_overlay,1.0022569389576612
2016-03-10,baseline_risk_overlay,1.00284491099664
2016-03-11,baseline_risk_overlay,1.003231189349528
2016-03-14,baseline_risk_overlay,1.0034838785808542
2016-03-15,baseline_risk_overlay,1.0020854657280116
2016-03-16,baseline_risk_overlay,1.003068655472174
2016-03-17,baseline_risk_overlay,1.0038163795832116
2016-03-18,baseline_risk_overlay,1.0026374547956813
2016-03-21,baseline_risk_overlay,1.0014574229594186
2016-03-22,baseline_risk_overlay,1.0010204895599086
2016-03-23,baseline_risk_overlay,1.0022619803952124
2016-03-24,baseline_risk_overlay,1.000805064148546
2016-03-25,baseline_risk_overlay,1.0008981663659107
2016-03-28,baseline_risk_overlay,1.0020495972429377
2016-03-29,baseline_risk_overlay,1.0005075201399334
2016-03-30,baseline_risk_overlay,1.0007651829246522
2016-03-31,baseline_risk_overlay,0.9993253197046529
2016-04-01,baseline_risk_overlay,0.9988663826599947
2016-04-04,baseline_risk_overlay,0.9984319418384766
2016-04-05,baseline_risk_overlay,0.999066093154945
2016-04-06,baseline_risk_overlay,1.0002400850941464
2016-04-07,baseline_risk_overlay,1.0008647238980057
2016-04-08,baseline_risk_overlay,1.0009873795711741
2016-04-11,baseline_risk_overlay,1.0021483024502047
2016-04-12,baseline_risk_overlay,1.002243178632433
2016-04-13,baseline_risk_overlay,1.0019258916698561
2016-04-14,baseline_risk_overlay,1.0021586886593592
2016-04-15,baseline_risk_overlay,1.002217877258773
2016-04-19,baseline_risk_overlay,0.9983171128222409
2016-04-20,baseline_risk_overlay,0.998180315214836
2016-04-21,baseline_risk_overlay,0.9993456022480831
2016-04-22,baseline_risk_overlay,1.002068226170714
2016-04-25,baseline_risk_overlay,1.001907026923932
2016-04-26,baseline_risk_overlay,1.0030264375929672
2016-04-27,baseline_risk_overlay,1.0021711830158657
2016-04-28,baseline_risk_overlay,1.0017640275831419
2016-04-29,baseline_risk_overlay,1.0029018945799397
2016-05-04,baseline_risk_overlay,1.0030211350253961
2016-05-05,baseline_risk_overlay,1.0034435020370256
2016-05-06,baseline_risk_overlay,1.0042710919000324
2016-05-09,baseline_risk_overlay,1.0038271044917262
2016-05-10,baseline_risk_overlay,1.0040146403277523
2016-05-11,baseline_risk_overlay,1.0055162754111309
2016-05-12,baseline_risk_overlay,1.0051576076064657
2016-05-13,baseline_risk_overlay,1.004935190961293
2016-05-16,baseline_risk_overlay,1.0057340819105085
2016-05-17,baseline_risk_overlay,1.007312750437637
2016-05-18,baseline_risk_overlay,1.0068903245090675
2016-05-19,baseline_risk_overlay,1.0063628842049157
2016-05-20,baseline_risk_overlay,1.005681486819601
2016-05-23,baseline_risk_overlay,1.005105034856488
2016-05-24,baseline_risk_overlay,1.0051946514987122
2016-05-25,baseline_risk_overlay,1.005237992672827
2016-05-26,baseline_risk_overlay,1.0040408164122496
2016-05-27,baseline_risk_overlay,1.0046179536771145
2016-05-30,baseline_risk_overlay,1.0056300098466122
2016-05-31,baseline_risk_overlay,1.0062853656213242
2016-06-01,baseline_risk_overlay,1.0065245908136176
2016-06-02,baseline_risk_overlay,1.0076785114289084
2016-06-03,baseline_risk_overlay,1.0071486394613407
2016-06-06,baseline_risk_overlay,1.0065456665237165
2016-06-07,baseline_risk_overlay,1.0079995671918547
2016-06-08,baseline_risk_overlay,1.0090933872359293
2016-06-09,baseline_risk_overlay,1.0102199976386228
2016-06-10,baseline_risk_overlay,1.0096917581520286
2016-06-13,baseline_risk_overlay,1.0076459005662397
2016-06-14,baseline_risk_overlay,1.008163077214113
2016-06-15,baseline_risk_overlay,1.008648591723154
2016-06-16,baseline_risk_overlay,1.0080582066254653
2016-06-17,baseline_risk_overlay,1.0071471400871599
2016-06-20,baseline_risk_overlay,1.0080884506783163
2016-06-21,baseline_risk_overlay,1.0084596392894722
2016-06-22,baseline_risk_overlay,1.0081194938995952
2016-06-23,baseline_risk_overlay,1.0089450989701965
2016-06-24,baseline_risk_overlay,1.0050459514379644
2016-06-27,baseline_risk_overlay,1.0051770774277482
2016-06-28,baseline_risk_overlay,1.0054638329303769
2016-06-29,baseline_risk_overlay,1.0079670336115287
2016-06-30,baseline_risk_overlay,1.0086721065934412
2016-07-01,baseline_risk_overlay,1.0113261504627387
2016-07-04,baseline_risk_overlay,1.0141161862866455
2016-07-05,baseline_risk_overlay,1.014512864861761
2016-07-06,baseline_risk_overlay,1.0142697023898783
2016-07-07,baseline_risk_overlay,1.016171584346275
2016-07-08,baseline_risk_overlay,1.0152592660501525
2016-07-11,baseline_risk_overlay,1.0141417103926096
2016-07-12,baseline_risk_overlay,1.015055015498801
2016-07-13,baseline_risk_overlay,1.017584283501718
2016-07-14,baseline_risk_overlay,1.016223099282758
2016-07-15,baseline_risk_overlay,1.0159255460203134
2016-07-18,baseline_risk_overlay,1.0171154294301128
2016-07-19,baseline_risk_overlay,1.0161942078620751
2016-07-20,baseline_risk_overlay,1.0151567390000753
2016-07-21,baseline_risk_overlay,1.0150623707347648
2016-07-22,baseline_risk_overlay,1.013714953149842
2016-07-25,baseline_risk_overlay,1.0136347357242594
2016-07-26,baseline_risk_overlay,1.0135318189965286
2016-07-27,baseline_risk_overlay,1.014538539115466
2016-07-28,baseline_risk_overlay,1.0146794058847206
2016-07-29,baseline_risk_overlay,1.0139821717059998
2016-08-01,baseline_risk_overlay,1.0134720772125854
2016-08-02,baseline_risk_overlay,1.0095797144093208
2016-08-03,baseline_risk_overlay,1.008854475861005
2016-08-04,baseline_risk_overlay,1.0088983571398062
2016-08-05,baseline_risk_overlay,1.0082530626305295
2016-08-08,baseline_risk_overlay,1.008536515035131
2016-08-09,baseline_risk_overlay,1.0096961526081027
2016-08-10,baseline_risk_overlay,1.0130342844060436
2016-08-11,baseline_risk_overlay,1.0148528129044332
2016-08-12,baseline_risk_overlay,1.014070746874599
2016-08-15,baseline_risk_overlay,1.0146471361705582
2016-08-16,baseline_risk_overlay,1.0144021434347357
2016-08-17,baseline_risk_overlay,1.0147621791819335
2016-08-18,baseline_risk_overlay,1.014691743651718
2016-08-19,baseline_risk_overlay,1.0151984297710255
2016-08-22,baseline_risk_overlay,1.0143538565409247
2016-08-23,baseline_risk_overlay,1.0145416630016284
2016-08-24,baseline_risk_overlay,1.014780897118936
2016-08-25,baseline_risk_overlay,1.0144403162639049
2016-08-26,baseline_risk_overlay,1.0156929202894223
2016-08-29,baseline_risk_overlay,1.0159333328495588
2016-08-30,baseline_risk_overlay,1.0164107118448318
2016-08-31,baseline_risk_overlay,1.0167252404332316
2016-09-01,baseline_risk_overlay,1.015876990682859
2016-09-05,baseline_risk_overlay,1.015156475185163
2016-09-06,baseline_risk_overlay,1.01505478561641
2016-09-07,baseline_risk_overlay,1.0147293337913255
2016-09-08,baseline_risk_overlay,1.0153572657736953
2016-09-09,baseline_risk_overlay,1.0154646758460024
2016-09-12,baseline_risk_overlay,1.0145219524770712
2016-09-13,baseline_risk_overlay,1.014514730660257
2016-09-14,baseline_risk_overlay,1.0141026527808887
2016-09-15,baseline_risk_overlay,1.0140400461375711
2016-09-16,baseline_risk_overlay,1.0134331991165364
2016-09-19,baseline_risk_overlay,1.0142225866862793
2016-09-20,baseline_risk_overlay,1.0149590409793512
2016-09-21,baseline_risk_overlay,1.0156837004112542
2016-09-22,baseline_risk_overlay,1.016125570026928
2016-09-23,baseline_risk_overlay,1.0165321065844446
2016-09-26,baseline_risk_overlay,1.01699030714039
2016-09-27,baseline_risk_overlay,1.0182779085847977
2016-09-28,baseline_risk_overlay,1.0185790726262505
2016-09-29,baseline_risk_overlay,1.0188431513026186
2016-09-30,baseline_risk_overlay,1.017893532004651
2016-10-03,baseline_risk_overlay,1.0170722133572239
2016-10-04,baseline_risk_overlay,1.017121061876773
2016-10-05,baseline_risk_overlay,1.017531716191976
2016-10-06,baseline_risk_overlay,1.017572379541346
2016-10-07,baseline_risk_overlay,1.0170803838676266
2016-10-10,baseline_risk_overlay,1.015712443437536
2016-10-11,baseline_risk_overlay,1.0168086177468232
2016-10-12,baseline_risk_overlay,1.0168082992439267
2016-10-13,baseline_risk_overlay,1.0171990965634299
2016-10-14,baseline_risk_overlay,1.0174596148587787
2016-10-17,baseline_risk_overlay,1.016598117222213
2016-10-18,baseline_risk_overlay,1.0167377429064215
2016-10-19,baseline_risk_overlay,1.0176918338175835
2016-10-20,baseline_risk_overlay,1.0173054530272911
2016-10-21,baseline_risk_overlay,1.0170788124393844
2016-10-24,baseline_risk_overlay,1.016149438478003
2016-10-25,baseline_risk_overlay,1.0158995495620387
2016-10-26,baseline_risk_overlay,1.015546484992976
2016-10-27,baseline_risk_overlay,1.0159698058210247
2016-10-28,baseline_risk_overlay,1.0167055451901335
2016-10-31,baseline_risk_overlay,1.0157583794401313
2016-11-01,baseline_risk_overlay,1.0158452305835717
2016-11-02,baseline_risk_overlay,1.0150125265870895
2016-11-03,baseline_risk_overlay,1.0145127314163258
2016-11-04,baseline_risk_overlay,1.0143938127177439
2016-11-07,baseline_risk_overlay,1.0153862578604207
2016-11-08,baseline_risk_overlay,1.015736298155234
2016-11-09,baseline_risk_overlay,1.0147902197276792
2016-11-10,baseline_risk_overlay,1.0158821867377739
2016-11-11,baseline_risk_overlay,1.0160309962463023
2016-11-14,baseline_risk_overlay,1.015049651354789
2016-11-15,baseline_risk_overlay,1.0152150584227582
2016-11-16,baseline_risk_overlay,1.0152610071264443
2016-11-17,baseline_risk_overlay,1.0152560560361559
2016-11-18,baseline_risk_overlay,1.0150536384426112
2016-11-21,baseline_risk_overlay,1.0151936933781947
2016-11-22,baseline_risk_overlay,1.0163192339630855
2016-11-23,baseline_risk_overlay,1.0166116730916948
2016-11-24,baseline_risk_overlay,1.015684767682179
2016-11-25,baseline_risk_overlay,1.0153354679767217
2016-11-28,baseline_risk_overlay,1.0137882968096905
2016-11-29,baseline_risk_overlay,1.012780350060994
2016-11-30,baseline_risk_overlay,1.0136538416866938
2016-12-01,baseline_risk_overlay,1.0138664756275175
2016-12-02,baseline_risk_overlay,1.013629738483797
2016-12-05,baseline_risk_overlay,1.0128888241269436
2016-12-06,baseline_risk_overlay,1.0116790643847295
2016-12-07,baseline_risk_overlay,1.0119623817059349
2016-12-08,baseline_risk_overlay,1.0127008443161272
2016-12-09,baseline_risk_overlay,1.0133042682217812
2016-12-12,baseline_risk_overlay,1.0127754037324774
2016-12-13,baseline_risk_overlay,1.0120262355729126
2016-12-14,baseline_risk_overlay,1.013400297601436
2016-12-15,baseline_risk_overlay,1.0135073031053548
2016-12-16,baseline_risk_overlay,1.0150205313614566
2016-12-19,baseline_risk_overlay,1.0148653598355046
2016-12-20,baseline_risk_overlay,1.0129868598400322
2016-12-21,baseline_risk_overlay,1.0136685163798698
2016-12-22,baseline_risk_overlay,1.013195434105798
2016-12-23,baseline_risk_overlay,1.013217056109814
2016-12-26,baseline_risk_overlay,1.0129065517508564
2016-12-27,baseline_risk_overlay,1.013099815523237
2016-12-28,baseline_risk_overlay,1.013047415787811
2016-12-29,baseline_risk_overlay,1.013204647310632
2016-12-30,baseline_risk_overlay,1.0132195815912997
2017-01-03,baseline_risk_overlay,1.0151509781760462
2017-01-04,baseline_risk_overlay,1.0160472447453694
2017-01-05,baseline_risk_overlay,1.0164148747813868
2017-01-06,baseline_risk_overlay,1.0177725775187727
2017-01-09,baseline_risk_overlay,1.0187420731064039
2017-01-10,baseline_risk_overlay,1.018218420792115
2017-01-11,baseline_risk_overlay,1.0202742016876547
2017-01-12,baseline_risk_overlay,1.020205645169578
2017-01-13,baseline_risk_overlay,1.0197863183546585
2017-01-16,baseline_risk_overlay,1.01868021153686
2017-01-17,baseline_risk_overlay,1.019593830269192
2017-01-18,baseline_risk_overlay,1.0193737721466927
2017-01-19,baseline_risk_overlay,1.0192324812981732
2017-01-20,baseline_risk_overlay,1.0197911273696687
2017-01-23,baseline_risk_overlay,1.0199176928015377
2017-01-24,baseline_risk_overlay,1.0205492107430578
2017-01-25,baseline_risk_overlay,1.0214722713240778
2017-02-02,baseline_risk_overlay,1.0224498878879604
2017-02-03,baseline_risk_overlay,1.0219876793275318
2017-02-06,baseline_risk_overlay,1.0219323976244479
2017-02-07,baseline_risk_overlay,1.0222193017166212
2017-02-08,baseline_risk_overlay,1.0222359693396161
2017-02-09,baseline_risk_overlay,1.0220138331799389
2017-02-10,baseline_risk_overlay,1.0224398967530237
2017-02-13,baseline_risk_overlay,1.0227552384943641
2017-02-14,baseline_risk_overlay,1.0227538986402223
2017-02-15,baseline_risk_overlay,1.0243676643033737
2017-02-16,baseline_risk_overlay,1.0236609606455842
2017-02-17,baseline_risk_overlay,1.0233227079680929
2017-02-20,baseline_risk_overlay,1.023720023945338
2017-02-21,baseline_risk_overlay,1.0246755285761988
2017-02-22,baseline_risk_overlay,1.0247871167484164
2017-02-23,baseline_risk_overlay,1.0247246379741808
2017-02-24,baseline_risk_overlay,1.0243378084541674
2017-02-27,baseline_risk_overlay,1.0247576917115737
2017-02-28,baseline_risk_overlay,1.0237141418702078
2017-03-01,baseline_risk_overlay,1.023527961540002
2017-03-02,baseline_risk_overlay,1.0232228082195345
2017-03-03,baseline_risk_overlay,1.0238622010453404
2017-03-06,baseline_risk_overlay,1.024377798172525
2017-03-07,baseline_risk_overlay,1.0244086128407304
2017-03-08,baseline_risk_overlay,1.0244121882695991
2017-03-09,baseline_risk_overlay,1.0242915898077651
2017-03-10,baseline_risk_overlay,1.0231362430765203
2017-03-13,baseline_risk_overlay,1.0225771723762522
2017-03-14,baseline_risk_overlay,1.0238260774122647
2017-03-15,baseline_risk_overlay,1.023275073424803
2017-03-16,baseline_risk_overlay,1.0238502169196269
2017-03-17,baseline_risk_overlay,1.0222852502511184
2017-03-20,baseline_risk_overlay,1.0237530922458369
2017-03-21,baseline_risk_overlay,1.0241207784068591
2017-03-22,baseline_risk_overlay,1.0229507281663228
2017-03-23,baseline_risk_overlay,1.0251170080310812
2017-03-24,baseline_risk_overlay,1.0260329348329198
2017-03-27,baseline_risk_overlay,1.0265503960461264
2017-03-28,baseline_risk_overlay,1.0249554602402333
2017-03-29,baseline_risk_overlay,1.0253385672570845
2017-03-30,baseline_risk_overlay,1.0265106844983132
2017-03-31,baseline_risk_overlay,1.0259677212579912
2017-04-03,baseline_risk_overlay,1.0259813334467958
2017-04-04,baseline_risk_overlay,1.0265640462960175
2017-04-05,baseline_risk_overlay,1.026228283953024
2017-04-07,baseline_risk_overlay,1.0277727168843496
2017-04-10,baseline_risk_overlay,1.0284097985504417
2017-04-11,baseline_risk_overlay,1.0289045405785322
2017-04-12,baseline_risk_overlay,1.0269049417602998
2017-04-13,baseline_risk_overlay,1.026569570211041
2017-04-14,baseline_risk_overlay,1.0245432758797104
2017-04-17,baseline_risk_overlay,1.023183761457156
2017-04-18,baseline_risk_overlay,1.0238279219621524
2017-04-19,baseline_risk_overlay,1.024130536843912
2017-04-20,baseline_risk_overlay,1.0234211132492912
2017-04-21,baseline_risk_overlay,1.0233723602491434
2017-04-24,baseline_risk_overlay,1.0228842046983206
2017-04-25,baseline_risk_overlay,1.0225932634129737
2017-04-26,baseline_risk_overlay,1.0229939846499392
2017-04-27,baseline_risk_overlay,1.0240854563386488
2017-04-28,baseline_risk_overlay,1.0242928071422277
2017-05-03,baseline_risk_overlay,1.0246224279491862
2017-05-04,baseline_risk_overlay,1.025087653812949
2017-05-05,baseline_risk_overlay,1.024707724270865
2017-05-08,baseline_risk_overlay,1.024497360352674
2017-05-09,baseline_risk_overlay,1.0250751986386935
2017-05-10,baseline_risk_overlay,1.02547904996664
2017-05-11,baseline_risk_overlay,1.0255897589482785
2017-05-12,baseline_risk_overlay,1.0256554295665254
2017-05-15,baseline_risk_overlay,1.0256495271558073
2017-05-16,baseline_risk_overlay,1.0255918162332107
2017-05-17,baseline_risk_overlay,1.0259582049807878
2017-05-18,baseline_risk_overlay,1.025919606106064
2017-05-19,baseline_risk_overlay,1.027041534796655
2017-05-22,baseline_risk_overlay,1.028813927366406
2017-05-23,baseline_risk_overlay,1.028280531854977
2017-05-24,baseline_risk_overlay,1.0285813337254688
2017-05-25,baseline_risk_overlay,1.0284386399218308
2017-05-26,baseline_risk_overlay,1.0286770872593376
2017-05-29,baseline_risk_overlay,1.0291162664512086
2017-05-30,baseline_risk_overlay,1.0278422522552426
2017-05-31,baseline_risk_overlay,1.0277764310911468
2017-06-01,baseline_risk_overlay,1.0283574564881064
2017-06-02,baseline_risk_overlay,1.0278632182024028
2017-06-05,baseline_risk_overlay,1.0285490996251538
2017-06-06,baseline_risk_overlay,1.0296858007871057
2017-06-07,baseline_risk_overlay,1.030016704611536
2017-06-08,baseline_risk_overlay,1.0294738210608052
2017-06-09,baseline_risk_overlay,1.0294045620145285
2017-06-12,baseline_risk_overlay,1.029594517986377
2017-06-13,baseline_risk_overlay,1.0304501589962984
2017-06-14,baseline_risk_overlay,1.0310450849685626
2017-06-15,baseline_risk_overlay,1.0310109546034323
2017-06-16,baseline_risk_overlay,1.0311100829998419
2017-06-19,baseline_risk_overlay,1.0319930994574467
2017-06-20,baseline_risk_overlay,1.0321623538355909
2017-06-21,baseline_risk_overlay,1.032074773754119
2017-06-22,baseline_risk_overlay,1.0319101179148478
2017-06-23,baseline_risk_overlay,1.0322732008091589
2017-06-26,baseline_risk_overlay,1.0331513970858233
2017-06-27,baseline_risk_overlay,1.0317373612583403
2017-06-28,baseline_risk_overlay,1.0321269814401812
2017-06-29,baseline_risk_overlay,1.032865476777293
2017-06-30,baseline_risk_overlay,1.0334118297670003
2017-07-03,baseline_risk_overlay,1.0337446063557145
2017-07-04,baseline_risk_overlay,1.0326935453966795
2017-07-05,baseline_risk_overlay,1.033481226293502
2017-07-06,baseline_risk_overlay,1.0346979657242803
2017-07-07,baseline_risk_overlay,1.032720657025737
2017-07-10,baseline_risk_overlay,1.0313701738799208
2017-07-11,baseline_risk_overlay,1.0317353481636033
2017-07-12,baseline_risk_overlay,1.0329674992499596
2017-07-13,baseline_risk_overlay,1.0341163760763858
2017-07-14,baseline_risk_overlay,1.0339025932379855
2017-07-17,baseline_risk_overlay,1.0314855085671073
2017-07-18,baseline_risk_overlay,1.031100789194249
2017-07-19,baseline_risk_overlay,1.0320790100613408
2017-07-20,baseline_risk_overlay,1.0313261805205756
2017-07-21,baseline_risk_overlay,1.0295669263553655
2017-07-24,baseline_risk_overlay,1.0290345472136782
2017-07-25,baseline_risk_overlay,1.030993896586239
2017-07-26,baseline_risk_overlay,1.0328411298174374
2017-07-27,baseline_risk_overlay,1.0321171060008365
2017-07-28,baseline_risk_overlay,1.0336540408057873
2017-07-31,baseline_risk_overlay,1.0355479283405171
2017-08-01,baseline_risk_overlay,1.0365483169659109
2017-08-02,baseline_risk_overlay,1.0363566410428258
2017-08-03,baseline_risk_overlay,1.0369789384638108
2017-08-04,baseline_risk_overlay,1.0370308223024745
2017-08-07,baseline_risk_overlay,1.0383004881173763
2017-08-08,baseline_risk_overlay,1.037884483142394
2017-08-09,baseline_risk_overlay,1.0327508496187592
2017-08-10,baseline_risk_overlay,1.032663699197384
2017-08-11,baseline_risk_overlay,1.032331064627254
2017-08-14,baseline_risk_overlay,1.0333255777612311
2017-08-15,baseline_risk_overlay,1.0320270217515004
2017-08-16,baseline_risk_overlay,1.0326228937105524
2017-08-17,baseline_risk_overlay,1.0309838454901101
2017-08-18,baseline_risk_overlay,1.0312974476255463
2017-08-21,baseline_risk_overlay,1.0312453854234795
2017-08-22,baseline_risk_overlay,1.0293048657829427
2017-08-23,baseline_risk_overlay,1.030493850752097
2017-08-24,baseline_risk_overlay,1.0314906430206487
2017-08-25,baseline_risk_overlay,1.0319903747573829
2017-08-28,baseline_risk_overlay,1.0335235732482078
2017-08-29,baseline_risk_overlay,1.0325621687203244
2017-08-30,baseline_risk_overlay,1.0338170315990491
2017-08-31,baseline_risk_overlay,1.0350124799477989
2017-09-01,baseline_risk_overlay,1.0367560672509697
2017-09-05,baseline_risk_overlay,1.0378184585940367
2017-09-06,baseline_risk_overlay,1.0381871835595033
2017-09-07,baseline_risk_overlay,1.0391633223077565
2017-09-08,baseline_risk_overlay,1.040488799520769
2017-09-11,baseline_risk_overlay,1.0394028786625575
2017-09-12,baseline_risk_overlay,1.0400563944562429
2017-09-13,baseline_risk_overlay,1.0408349993323545
2017-09-14,baseline_risk_overlay,1.0418134334391025
2017-09-15,baseline_risk_overlay,1.0416725735657877
2017-09-18,baseline_risk_overlay,1.0421996218571756
2017-09-19,baseline_risk_overlay,1.0416760367854447
2017-09-20,baseline_risk_overlay,1.0416424913782125
2017-09-21,baseline_risk_overlay,1.041131084688084
2017-09-22,baseline_risk_overlay,1.0419237815883318
2017-09-25,baseline_risk_overlay,1.0415380884190268
2017-09-26,baseline_risk_overlay,1.0414710440148203
2017-09-27,baseline_risk_overlay,1.0410671531865507
2017-09-28,baseline_risk_overlay,1.0413302952413528
2017-09-29,baseline_risk_overlay,1.0412276349202885
2017-10-02,baseline_risk_overlay,1.040656494812634
2017-10-03,baseline_risk_overlay,1.0395615976492327
2017-10-04,baseline_risk_overlay,1.0415935310511946
2017-10-05,baseline_risk_overlay,1.0414618194674092
2017-10-06,baseline_risk_overlay,1.0421577565991542
2017-10-09,baseline_risk_overlay,1.0424781138823747
2017-10-10,baseline_risk_overlay,1.0429637609287803
2017-10-11,baseline_risk_overlay,1.0439766279500806
2017-10-12,baseline_risk_overlay,1.0445463680300833
2017-10-13,baseline_risk_overlay,1.0461264563263684
2017-10-16,baseline_risk_overlay,1.0456374563015804
2017-10-17,baseline_risk_overlay,1.0481936090344606
2017-10-18,baseline_risk_overlay,1.047997065165358
2017-10-19,baseline_risk_overlay,1.0483453396841986
2017-10-20,baseline_risk_overlay,1.0477189132735574
2017-10-23,baseline_risk_overlay,1.0458116709985434
2017-10-24,baseline_risk_overlay,1.0471527124214062
2017-10-25,baseline_risk_overlay,1.0486735694094198
2017-10-26,baseline_risk_overlay,1.0483004502179398
2017-10-27,baseline_risk_overlay,1.0524104834140975
2017-10-30,baseline_risk_overlay,1.0536105357605796
2017-10-31,baseline_risk_overlay,1.0502178946951681
2017-11-01,baseline_risk_overlay,1.0513895131584832
2017-11-02,baseline_risk_overlay,1.0487627164058126
2017-11-03,baseline_risk_overlay,1.049915296981997
2017-11-06,baseline_risk_overlay,1.0505953667254349
2017-11-07,baseline_risk_overlay,1.0507549537946665
2017-11-08,baseline_risk_overlay,1.05196346451059
2017-11-09,baseline_risk_overlay,1.0520331122291404
2017-11-10,baseline_risk_overlay,1.0541023769629254
2017-11-13,baseline_risk_overlay,1.0569731107893874
2017-11-14,baseline_risk_overlay,1.0573698673811696
2017-11-15,baseline_risk_overlay,1.0578030408816652
2017-11-16,baseline_risk_overlay,1.060342651746244
2017-11-17,baseline_risk_overlay,1.0598258695625278
2017-11-20,baseline_risk_overlay,1.0628735595120031
2017-11-21,baseline_risk_overlay,1.0665457629561865
2017-11-22,baseline_risk_overlay,1.0698979328842766
2017-11-23,baseline_risk_overlay,1.0701417236929098
2017-11-24,baseline_risk_overlay,1.0706103619465013
2017-11-27,baseline_risk_overlay,1.07138590901306
2017-11-28,baseline_risk_overlay,1.0720535937847488
2017-11-29,baseline_risk_overlay,1.0750312479372923
2017-11-30,baseline_risk_overlay,1.0744065488329533
2017-12-01,baseline_risk_overlay,1.0769493522355897
2017-12-04,baseline_risk_overlay,1.0797012906554504
2017-12-05,baseline_risk_overlay,1.0751062869014651
2017-12-06,baseline_risk_overlay,1.0737302177675374
2017-12-07,baseline_risk_overlay,1.0715671458473248
2017-12-08,baseline_risk_overlay,1.0716153870110903
2017-12-11,baseline_risk_overlay,1.069012167125017
2017-12-12,baseline_risk_overlay,1.070081744714234
2017-12-13,baseline_risk_overlay,1.069742624752258
2017-12-14,baseline_risk_overlay,1.0710032180654296
2017-12-15,baseline_risk_overlay,1.070918517057519
2017-12-18,baseline_risk_overlay,1.0733611656997097
2017-12-19,baseline_risk_overlay,1.072524536378586
2017-12-20,baseline_risk_overlay,1.072759068272786
2017-12-21,baseline_risk_overlay,1.0718776051649674
2017-12-22,baseline_risk_overlay,1.0725809633563659
2017-12-25,baseline_risk_overlay,1.0732826934182975
2017-12-26,baseline_risk_overlay,1.0742103240062943
2017-12-27,baseline_risk_overlay,1.074531056009589
2017-12-28,baseline_risk_overlay,1.075548862100353
2017-12-29,baseline_risk_overlay,1.0764740025809638
2018-01-02,baseline_risk_overlay,1.0777806164352715
2018-01-03,baseline_risk_overlay,1.0800260788925355
2018-01-04,baseline_risk_overlay,1.0833467546855904
2018-01-05,baseline_risk_overlay,1.0815943498767906
2018-01-08,baseline_risk_overlay,1.083995829095095
2018-01-09,baseline_risk_overlay,1.0866540389303037
2018-01-10,baseline_risk_overlay,1.087828883121626
2018-01-11,baseline_risk_overlay,1.09030017897396
2018-01-12,baseline_risk_overlay,1.0907867637590356
2018-01-15,baseline_risk_overlay,1.0941630470932666
2018-01-16,baseline_risk_overlay,1.0937779919083217
2018-01-17,baseline_risk_overlay,1.082929777645918
2018-01-18,baseline_risk_overlay,1.088299331269021
2018-01-19,baseline_risk_overlay,1.092609465154868
2018-01-22,baseline_risk_overlay,1.1015718090178557
2018-01-25,baseline_risk_overlay,1.1079822530436303
2018-01-26,baseline_risk_overlay,1.1122764320300327
2018-01-29,baseline_risk_overlay,1.1099235600958577
2018-01-30,baseline_risk_overlay,1.1101699721749916
2018-01-31,baseline_risk_overlay,1.1100711655809543
2018-02-01,baseline_risk_overlay,1.1061046297384824
2018-02-02,baseline_risk_overlay,1.1081016327740554
2018-02-05,baseline_risk_overlay,1.088138467780646
2018-02-06,baseline_risk_overlay,1.0747195674217822
2018-02-07,baseline_risk_overlay,1.0850020143542245
2018-02-08,baseline_risk_overlay,1.0788406398551598
2018-02-09,baseline_risk_overlay,1.0743335634022968
2018-02-12,baseline_risk_overlay,1.0871162703602988
2018-02-13,baseline_risk_overlay,1.0909463232525907
2018-02-21,baseline_risk_overlay,1.097163173252568
2018-02-22,baseline_risk_overlay,1.093069907772669
2018-02-23,baseline_risk_overlay,1.1024438124635243
2018-02-26,baseline_risk_overlay,1.1068197931194597
2018-02-27,baseline_risk_overlay,1.1087191934156557
2018-02-28,baseline_risk_overlay,1.1094570341046555
2018-03-01,baseline_risk_overlay,1.1072844810684517
2018-03-02,baseline_risk_overlay,1.1093573258111786
2018-03-05,baseline_risk_overlay,1.0992113267084505
2018-03-06,baseline_risk_overlay,1.1052888235839204
2018-03-07,baseline_risk_overlay,1.1033206401138402
2018-03-08,baseline_risk_overlay,1.1060145610552243
2018-03-09,baseline_risk_overlay,1.1058403019643963
2018-03-12,baseline_risk_overlay,1.106463487441556
2018-03-13,baseline_risk_overlay,1.1086836251292287
2018-03-14,baseline_risk_overlay,1.110301644508084
2018-03-15,baseline_risk_overlay,1.1105271850055327
2018-03-16,baseline_risk_overlay,1.1145299686346708
2018-03-19,baseline_risk_overlay,1.1177099647404816
2018-03-20,baseline_risk_overlay,1.117737995973517
2018-03-21,baseline_risk_overlay,1.121005569865512
2018-03-22,baseline_risk_overlay,1.1215594750316455
2018-03-23,baseline_risk_overlay,1.117417157512054
2018-03-26,baseline_risk_overlay,1.1209888758387276
2018-03-27,baseline_risk_overlay,1.1210629208764704
2018-03-28,baseline_risk_overlay,1.1211535000408228
2018-03-29,baseline_risk_overlay,1.1201852289417067
2018-03-30,baseline_risk_overlay,1.1214660969099302
2018-04-02,baseline_risk_overlay,1.1254398461369184
2018-04-03,baseline_risk_overlay,1.1239733685536273
2018-04-04,baseline_risk_overlay,1.124477548969968
2018-04-05,baseline_risk_overlay,1.1247400327960184
2018-04-06,baseline_risk_overlay,1.1259196956739648
2018-04-09,baseline_risk_overlay,1.1266348922476044
2018-04-10,baseline_risk_overlay,1.1255112131860678
2018-04-11,baseline_risk_overlay,1.1200363028889313
2018-04-12,baseline_risk_overlay,1.1204523980778658
2018-04-13,baseline_risk_overlay,1.118997735703509
2018-04-16,baseline_risk_overlay,1.1182340260967971
2018-04-17,baseline_risk_overlay,1.1186508768984027
2018-04-18,baseline_risk_overlay,1.1173707045678563
2018-04-19,baseline_risk_overlay,1.113500669822797
2018-04-20,baseline_risk_overlay,1.1160109073278053
2018-04-23,baseline_risk_overlay,1.1116011317965415
2018-04-24,baseline_risk_overlay,1.1120093388251022
2018-04-26,baseline_risk_overlay,1.1081514626017954
2018-04-27,baseline_risk_overlay,1.1087745237888422
2018-05-02,baseline_risk_overlay,1.1063534772493868
2018-05-03,baseline_risk_overlay,1.1060261977360248
2018-05-04,baseline_risk_overlay,1.1060655628933505
2018-05-07,baseline_risk_overlay,1.1101982353372086
2018-05-08,baseline_risk_overlay,1.1099658530634544
2018-05-09,baseline_risk_overlay,1.1090374530067377
2018-05-10,baseline_risk_overlay,1.1022881742129111
2018-05-11,baseline_risk_overlay,1.1062191711826175
2018-05-14,baseline_risk_overlay,1.108727491263044
2018-05-15,baseline_risk_overlay,1.1094973846487575
2018-05-16,baseline_risk_overlay,1.1074068425636066
2018-05-17,baseline_risk_overlay,1.1047942842102088
2018-05-18,baseline_risk_overlay,1.1059075970969985
2018-05-21,baseline_risk_overlay,1.102921762555199
2018-05-22,baseline_risk_overlay,1.0995683521343749
2018-05-23,baseline_risk_overlay,1.1001745909045468
2018-05-24,baseline_risk_overlay,1.099464144891398
2018-05-25,baseline_risk_overlay,1.094195048007775
2018-05-28,baseline_risk_overlay,1.0864905760158894
2018-05-29,baseline_risk_overlay,1.0918079490292578
2018-05-30,baseline_risk_overlay,1.0908771024818196
2018-05-31,baseline_risk_overlay,1.0967960450720957
2018-06-01,baseline_risk_overlay,1.101979141451657
2018-06-04,baseline_risk_overlay,1.1071989655004106
2018-06-05,baseline_risk_overlay,1.1094056470952232
2018-06-06,baseline_risk_overlay,1.112158590224213
2018-06-07,baseline_risk_overlay,1.1126809178174797
2018-06-08,baseline_risk_overlay,1.1132285852416524
2018-06-11,baseline_risk_overlay,1.11322557713842
2018-06-12,baseline_risk_overlay,1.108854066708522
2018-06-13,baseline_risk_overlay,1.111094473253957
2018-06-14,baseline_risk_overlay,1.1092524125745482
2018-06-15,baseline_risk_overlay,1.1093209393659316
2018-06-18,baseline_risk_overlay,1.1027392475379099
2018-06-19,baseline_risk_overlay,1.0972495664776505
2018-06-20,baseline_risk_overlay,1.101491369945236
2018-06-21,baseline_risk_overlay,1.09882369280503
2018-06-22,baseline_risk_overlay,1.100300593271634
2018-06-25,baseline_risk_overlay,1.1019001561503734
2018-06-26,baseline_risk_overlay,1.1001514613485135
2018-06-27,baseline_risk_overlay,1.0966421385316991
2018-06-28,baseline_risk_overlay,1.0939074153310273
2018-06-29,baseline_risk_overlay,1.0947010938369486
2018-07-02,baseline_risk_overlay,1.0914965612914223
2018-07-03,baseline_risk_overlay,1.0814309278510188
2018-07-04,baseline_risk_overlay,1.0836382348951517
2018-07-05,baseline_risk_overlay,1.0797391129853597
2018-07-06,baseline_risk_overlay,1.0839850393224013
2018-07-09,baseline_risk_overlay,1.0834007450744045
2018-07-10,baseline_risk_overlay,1.0824209596052796
2018-07-11,baseline_risk_overlay,1.0779358683597093
2018-07-12,baseline_risk_overlay,1.0792747064506591
2018-07-13,baseline_risk_overlay,1.0820709780848614
2018-07-16,baseline_risk_overlay,1.0824229153945744
2018-07-17,baseline_risk_overlay,1.085105642140968
2018-07-18,baseline_risk_overlay,1.0906890776203155
2018-07-19,baseline_risk_overlay,1.0910828517867748
2018-07-20,baseline_risk_overlay,1.0884050398444853
2018-07-23,baseline_risk_overlay,1.08922139643479
2018-07-24,baseline_risk_overlay,1.0885688459132703
2018-07-25,baseline_risk_overlay,1.0869859998406142
2018-07-26,baseline_risk_overlay,1.0875980124858184
2018-07-27,baseline_risk_overlay,1.0889032955493816
2018-07-30,baseline_risk_overlay,1.092256545410658
2018-07-31,baseline_risk_overlay,1.0939078288881285
2018-08-01,baseline_risk_overlay,1.093047512853076
2018-08-02,baseline_risk_overlay,1.093227651644482
2018-08-03,baseline_risk_overlay,1.0946492917773045
2018-08-06,baseline_risk_overlay,1.0946038052749223
2018-08-07,baseline_risk_overlay,1.0941989751547168
2018-08-08,baseline_risk_overlay,1.0952891400310438
2018-08-09,baseline_risk_overlay,1.094950552978764
2018-08-10,baseline_risk_overlay,1.0954826653902483
2018-08-13,baseline_risk_overlay,1.0965798012173427
2018-08-14,baseline_risk_overlay,1.0966018023528996
2018-08-15,baseline_risk_overlay,1.0945293888562904
2018-08-16,baseline_risk_overlay,1.0948565028702557
2018-08-17,baseline_risk_overlay,1.0953799499525443
2018-08-20,baseline_risk_overlay,1.095458143773512
2018-08-21,baseline_risk_overlay,1.096514911920365
2018-08-22,baseline_risk_overlay,1.0970709273158572
2018-08-23,baseline_risk_overlay,1.0975404895886915
2018-08-24,baseline_risk_overlay,1.0973556233507016
2018-08-27,baseline_risk_overlay,1.0984353005272864
2018-08-28,baseline_risk_overlay,1.0991683347927301
2018-08-29,baseline_risk_overlay,1.09742049377035
2018-08-30,baseline_risk_overlay,1.0995541684019658
2018-08-31,baseline_risk_overlay,1.097546302206864
2018-09-04,baseline_risk_overlay,1.0947725124805419
2018-09-05,baseline_risk_overlay,1.0931837135307712
2018-09-06,baseline_risk_overlay,1.0909953351625774
2018-09-07,baseline_risk_overlay,1.093192668421343
2018-09-10,baseline_risk_overlay,1.0934939012586506
2018-09-11,baseline_risk_overlay,1.0950291254768905
2018-09-12,baseline_risk_overlay,1.095247140520313
2018-09-13,baseline_risk_overlay,1.095350761329708
2018-09-14,baseline_risk_overlay,1.0957516906576537
2018-09-17,baseline_risk_overlay,1.0953170075013126
2018-09-18,baseline_risk_overlay,1.0959586784163884
2018-09-19,baseline_risk_overlay,1.0961905295822416
2018-09-20,baseline_risk_overlay,1.0972420846943733
2018-09-21,baseline_risk_overlay,1.0970221274091536
2018-09-24,baseline_risk_overlay,1.0979265368856073
2018-09-25,baseline_risk_overlay,1.0978614629532635
2018-09-26,baseline_risk_overlay,1.0977351649836038
2018-09-27,baseline_risk_overlay,1.0983345728245841
2018-09-28,baseline_risk_overlay,1.0985180684865872
2018-10-01,baseline_risk_overlay,1.0980477068364525
2018-10-02,baseline_risk_overlay,1.098658798779652
2018-10-03,baseline_risk_overlay,1.0988195759974
2018-10-04,baseline_risk_overlay,1.0991617889998027
2018-10-05,baseline_risk_overlay,1.0974772450878332
2018-10-08,baseline_risk_overlay,1.096321640881387
2018-10-09,baseline_risk_overlay,1.09632651135942
2018-10-10,baseline_risk_overlay,1.096106932973113
2018-10-11,baseline_risk_overlay,1.091251696700016
2018-10-12,baseline_risk_overlay,1.0969233773750406
2018-10-15,baseline_risk_overlay,1.0925361221837813
2018-10-16,baseline_risk_overlay,1.0953807051346767
2018-10-17,baseline_risk_overlay,1.0973993101272306
2018-10-18,baseline_risk_overlay,1.0953460344121164
2018-10-19,baseline_risk_overlay,1.0940793143525862
2018-10-22,baseline_risk_overlay,1.0928682162339873
2018-10-23,baseline_risk_overlay,1.0894840958973253
2018-10-24,baseline_risk_overlay,1.0851932818956294
2018-10-25,baseline_risk_overlay,1.0820687018670612
2018-10-26,baseline_risk_overlay,1.078473020232351
2018-10-29,baseline_risk_overlay,1.0738525232128597
2018-10-30,baseline_risk_overlay,1.0737955687001581
2018-10-31,baseline_risk_overlay,1.083763080436663
2018-11-01,baseline_risk_overlay,1.081190039465438
2018-11-02,baseline_risk_overlay,1.0881190233784768
2018-11-05,baseline_risk_overlay,1.088378065689062
2018-11-06,baseline_risk_overlay,1.0868559628558454
2018-11-07,baseline_risk_overlay,1.0868768681463319
2018-11-08,baseline_risk_overlay,1.0877984439091628
2018-11-09,baseline_risk_overlay,1.0847744210833046
2018-11-12,baseline_risk_overlay,1.085609274211149
2018-11-13,baseline_risk_overlay,1.0826517207690012
2018-11-14,baseline_risk_overlay,1.081662292379121
2018-11-15,baseline_risk_overlay,1.0811641680427384
2018-11-16,baseline_risk_overlay,1.0812727581678307
2018-11-19,baseline_risk_overlay,1.0831086348237382
2018-11-20,baseline_risk_overlay,1.0834267895836103
2018-11-21,baseline_risk_overlay,1.0838196063482102
2018-11-22,baseline_risk_overlay,1.0840274833649508
2018-11-23,baseline_risk_overlay,1.083295336763985
2018-11-26,baseline_risk_overlay,1.083624759955808
2018-11-27,baseline_risk_overlay,1.0838510463141589
2018-11-28,baseline_risk_overlay,1.0846360769503136
2018-11-29,baseline_risk_overlay,1.0842490473271813
2018-11-30,baseline_risk_overlay,1.0842164209555782
2018-12-03,baseline_risk_overlay,1.0867725068774627
2018-12-04,baseline_risk_overlay,1.0876342345699819
2018-12-05,baseline_risk_overlay,1.0874262614520656
2018-12-06,baseline_risk_overlay,1.0871547696826531
2018-12-07,baseline_risk_overlay,1.087580068168698
2018-12-10,baseline_risk_overlay,1.087276826815407
2018-12-11,baseline_risk_overlay,1.0871299440209543
2018-12-12,baseline_risk_overlay,1.0878968255383206
2018-12-13,baseline_risk_overlay,1.0877754908284423
2018-12-14,baseline_risk_overlay,1.0868716635954485
2018-12-17,baseline_risk_overlay,1.0849358693863107
2018-12-18,baseline_risk_overlay,1.0842534837968325
2018-12-19,baseline_risk_overlay,1.0834319767774396
2018-12-20,baseline_risk_overlay,1.0833194253877292
2018-12-21,baseline_risk_overlay,1.0827020473180105
2018-12-24,baseline_risk_overlay,1.0823238901391967
2018-12-25,baseline_risk_overlay,1.0812632907507491
2018-12-26,baseline_risk_overlay,1.080600723966941
2018-12-27,baseline_risk_overlay,1.0815010492054327
2018-12-28,baseline_risk_overlay,1.0806514729940804
2019-01-02,baseline_risk_overlay,1.080568655036284
2019-01-03,baseline_risk_overlay,1.0790765951896322
2019-01-04,baseline_risk_overlay,1.0793670768904784
2019-01-07,baseline_risk_overlay,1.0803433054155964
2019-01-08,baseline_risk_overlay,1.0800966014742215
2019-01-09,baseline_risk_overlay,1.0811640212595568
2019-01-10,baseline_risk_overlay,1.0813130782164295
2019-01-11,baseline_risk_overlay,1.0818515260027857
2019-01-14,baseline_risk_overlay,1.0817399243908412
2019-01-15,baseline_risk_overlay,1.082660695341823
2019-01-16,baseline_risk_overlay,1.0825295876271677
2019-01-17,baseline_risk_overlay,1.0817548273093587
2019-01-18,baseline_risk_overlay,1.081790969026438
2019-01-21,baseline_risk_overlay,1.0827253070829495
2019-01-22,baseline_risk_overlay,1.082180811218884
2019-01-23,baseline_risk_overlay,1.082351718274304
2019-01-24,baseline_risk_overlay,1.082418456400538
2019-01-25,baseline_risk_overlay,1.0824203883302967
2019-01-28,baseline_risk_overlay,1.0828125763945247
2019-01-29,baseline_risk_overlay,1.0832809778460153
2019-01-30,baseline_risk_overlay,1.0832605013544572
2019-01-31,baseline_risk_overlay,1.082581414726193
2019-02-01,baseline_risk_overlay,1.0823381204325138
2019-02-11,baseline_risk_overlay,1.0844271443153897
2019-02-12,baseline_risk_overlay,1.0858899387280292
2019-02-13,baseline_risk_overlay,1.087809941045814
2019-02-14,baseline_risk_overlay,1.0896525383627673
2019-02-15,baseline_risk_overlay,1.089283039328596
2019-02-18,baseline_risk_overlay,1.0917619315901412
2019-02-19,baseline_risk_overlay,1.0925153032008843
2019-02-20,baseline_risk_overlay,1.0940340080532318
2019-02-21,baseline_risk_overlay,1.0980750066476366
2019-02-22,baseline_risk_overlay,1.098396779573893
2019-02-25,baseline_risk_overlay,1.0997980840960448
2019-02-26,baseline_risk_overlay,1.0979371622348686
2019-02-27,baseline_risk_overlay,1.0986788514072832
2019-02-28,baseline_risk_overlay,1.0930384451803357
2019-03-01,baseline_risk_overlay,1.096288760024238
2019-03-04,baseline_risk_overlay,1.097916283008765
2019-03-05,baseline_risk_overlay,1.0977284612123737
2019-03-06,baseline_risk_overlay,1.0979559967308472
2019-03-07,baseline_risk_overlay,1.097892327868443
2019-03-08,baseline_risk_overlay,1.096896497884389
2019-03-11,baseline_risk_overlay,1.0968222211697167
2019-03-12,baseline_risk_overlay,1.0985510664780427
2019-03-13,baseline_risk_overlay,1.0994841332177647
2019-03-14,baseline_risk_overlay,1.0996949996975998
2019-03-15,baseline_risk_overlay,1.0991890824982817
2019-03-18,baseline_risk_overlay,1.1000720219087983
2019-03-19,baseline_risk_overlay,1.099500434663344
2019-03-20,baseline_risk_overlay,1.0990576842127961
2019-03-21,baseline_risk_overlay,1.0970566236781683
2019-03-22,baseline_risk_overlay,1.0976700378076485
2019-03-25,baseline_risk_overlay,1.0955991196292725
2019-03-26,baseline_risk_overlay,1.0955606370997966
2019-03-27,baseline_risk_overlay,1.0961788240401034
2019-03-28,baseline_risk_overlay,1.0969284408311335
2019-03-29,baseline_risk_overlay,1.0966695494064236
2019-04-01,baseline_risk_overlay,1.097399998794929
2019-04-02,baseline_risk_overlay,1.0970126322965532
2019-04-03,baseline_risk_overlay,1.0968458500041804
2019-04-04,baseline_risk_overlay,1.0971082898557576
2019-04-05,baseline_risk_overlay,1.0973467250556384
2019-04-08,baseline_risk_overlay,1.098227722545157
2019-04-09,baseline_risk_overlay,1.0971859025886186
2019-04-10,baseline_risk_overlay,1.0965429558373365
2019-04-11,baseline_risk_overlay,1.096915475193091
2019-04-12,baseline_risk_overlay,1.0965521386288444
2019-04-16,baseline_risk_overlay,1.095937925250567
2019-04-17,baseline_risk_overlay,1.0954506724924118
2019-04-18,baseline_risk_overlay,1.0947357436755127
2019-04-19,baseline_risk_overlay,1.0949808918625519
2019-04-22,baseline_risk_overlay,1.0949350880451483
2019-04-23,baseline_risk_overlay,1.0951241178155176
2019-04-24,baseline_risk_overlay,1.0959581122796513
2019-04-25,baseline_risk_overlay,1.095648945327298
2019-04-26,baseline_risk_overlay,1.0962083682005528
2019-05-02,baseline_risk_overlay,1.0960589010233512
2019-05-03,baseline_risk_overlay,1.0955589781458837
2019-05-06,baseline_risk_overlay,1.093925472654954
2019-05-07,baseline_risk_overlay,1.0938776261909886
2019-05-08,baseline_risk_overlay,1.093317795735674
2019-05-09,baseline_risk_overlay,1.092975214257609
2019-05-10,baseline_risk_overlay,1.09341311994493
2019-05-13,baseline_risk_overlay,1.0939000078548091
2019-05-14,baseline_risk_overlay,1.094504755440713
2019-05-15,baseline_risk_overlay,1.0955084476672885
2019-05-16,baseline_risk_overlay,1.0955120426927882
2019-05-17,baseline_risk_overlay,1.0955888018219093
2019-05-20,baseline_risk_overlay,1.0968489874335898
2019-05-21,baseline_risk_overlay,1.0967158458904265
2019-05-22,baseline_risk_overlay,1.0964012960942535
2019-05-23,baseline_risk_overlay,1.0962756329236516
2019-05-24,baseline_risk_overlay,1.0947341824666643
2019-05-27,baseline_risk_overlay,1.095215973496716
2019-05-28,baseline_risk_overlay,1.0948656644211991
2019-05-29,baseline_risk_overlay,1.0948140091957856
2019-05-30,baseline_risk_overlay,1.0945859331230943
2019-05-31,baseline_risk_overlay,1.0936706798425309
2019-06-03,baseline_risk_overlay,1.0924994977875342
2019-06-04,baseline_risk_overlay,1.092863339427058
2019-06-05,baseline_risk_overlay,1.0928675069057152
2019-06-06,baseline_risk_overlay,1.092563781149835
2019-06-07,baseline_risk_overlay,1.0935158713803281
2019-06-10,baseline_risk_overlay,1.0939833999612194
2019-06-11,baseline_risk_overlay,1.0938866255739756
2019-06-12,baseline_risk_overlay,1.0930378269626453
2019-06-13,baseline_risk_overlay,1.0926465336931517
2019-06-14,baseline_risk_overlay,1.0929891254143702
2019-06-17,baseline_risk_overlay,1.0922999510403009
2019-06-18,baseline_risk_overlay,1.0920108484192206
2019-06-19,baseline_risk_overlay,1.0925348643877466
2019-06-20,baseline_risk_overlay,1.0934971552067039
2019-06-21,baseline_risk_overlay,1.0934881996448156
2019-06-24,baseline_risk_overlay,1.0938606641940056
2019-06-25,baseline_risk_overlay,1.0934985635125818
2019-06-26,baseline_risk_overlay,1.0933731844820234
2019-06-27,baseline_risk_overlay,1.0915511193928635
2019-06-28,baseline_risk_overlay,1.092201615981804
2019-07-01,baseline_risk_overlay,1.093808503606235
2019-07-02,baseline_risk_overlay,1.093269888354331
2019-07-03,baseline_risk_overlay,1.093063567322626
2019-07-04,baseline_risk_overlay,1.0944896018091763
2019-07-05,baseline_risk_overlay,1.0947589442451706
2019-07-08,baseline_risk_overlay,1.0935512231931446
2019-07-09,baseline_risk_overlay,1.0938244140403304
2019-07-10,baseline_risk_overlay,1.0943610924543254
2019-07-11,baseline_risk_overlay,1.094960111309656
2019-07-12,baseline_risk_overlay,1.0945533675724863
2019-07-15,baseline_risk_overlay,1.0942184341184038
2019-07-16,baseline_risk_overlay,1.0952938391659772
2019-07-17,baseline_risk_overlay,1.0953400937000293
2019-07-18,baseline_risk_overlay,1.094570869136851
2019-07-19,baseline_risk_overlay,1.095233964453144
2019-07-22,baseline_risk_overlay,1.0951996606165162
2019-07-23,baseline_risk_overlay,1.0960453645763792
2019-07-24,baseline_risk_overlay,1.0959167515253667
2019-07-25,baseline_risk_overlay,1.0966204622496183
2019-07-26,baseline_risk_overlay,1.0964474701970104
2019-07-29,baseline_risk_overlay,1.0969277711417915
2019-07-30,baseline_risk_overlay,1.0953967185680134
2019-07-31,baseline_risk_overlay,1.0959245172975938
2019-08-01,baseline_risk_overlay,1.096529560104647
2019-08-02,baseline_risk_overlay,1.0946437373021178
2019-08-05,baseline_risk_overlay,1.0926321494539482
2019-08-06,baseline_risk_overlay,1.091778063641319
2019-08-07,baseline_risk_overlay,1.0918902309487513
2019-08-08,baseline_risk_overlay,1.092867514012518
2019-08-09,baseline_risk_overlay,1.0927643415668535
2019-08-12,baseline_risk_overlay,1.0928497714644678
2019-08-13,baseline_risk_overlay,1.0918891623577123
2019-08-14,baseline_risk_overlay,1.092074760563802
2019-08-15,baseline_risk_overlay,1.0931016602386792
2019-08-16,baseline_risk_overlay,1.0931544108494373
2019-08-19,baseline_risk_overlay,1.0932735599207795
2019-08-20,baseline_risk_overlay,1.093739784870618
2019-08-21,baseline_risk_overlay,1.0950591529278617
2019-08-22,baseline_risk_overlay,1.0957062317762372
2019-08-23,baseline_risk_overlay,1.0949274365455044
2019-08-26,baseline_risk_overlay,1.0938631799182974
2019-08-27,baseline_risk_overlay,1.0932652531969087
2019-08-28,baseline_risk_overlay,1.0932986176185902
2019-08-29,baseline_risk_overlay,1.0934197804933017
2019-08-30,baseline_risk_overlay,1.0940201939571572
2019-09-03,baseline_risk_overlay,1.093513974318001
2019-09-04,baseline_risk_overlay,1.093333124875556
2019-09-05,baseline_risk_overlay,1.0932362418992563
2019-09-06,baseline_risk_overlay,1.0929474562623733
2019-09-09,baseline_risk_overlay,1.0929504699260206
2019-09-10,baseline_risk_overlay,1.0925024057549766
2019-09-11,baseline_risk_overlay,1.0923938761270322
2019-09-12,baseline_risk_overlay,1.093100965727902
2019-09-13,baseline_risk_overlay,1.0944477930225291
2019-09-16,baseline_risk_overlay,1.0947801866862512
2019-09-17,baseline_risk_overlay,1.0956234860103953
2019-09-18,baseline_risk_overlay,1.0949628318645768
2019-09-19,baseline_risk_overlay,1.0950612800613053
2019-09-20,baseline_risk_overlay,1.0941152091130297
2019-09-23,baseline_risk_overlay,1.0935799344863912
2019-09-24,baseline_risk_overlay,1.09382569561014
2019-09-25,baseline_risk_overlay,1.093703577826985
2019-09-26,baseline_risk_overlay,1.0941513870747208
2019-09-27,baseline_risk_overlay,1.095102101333793
2019-09-30,baseline_risk_overlay,1.0949303890727937
2019-10-01,baseline_risk_overlay,1.0952894294209419
2019-10-02,baseline_risk_overlay,1.0926121053512834
2019-10-03,baseline_risk_overlay,1.0925753523046975
2019-10-04,baseline_risk_overlay,1.0919528863452217
2019-10-07,baseline_risk_overlay,1.0914549675504217
2019-10-08,baseline_risk_overlay,1.0919925532092711
2019-10-09,baseline_risk_overlay,1.0919177651933976
2019-10-10,baseline_risk_overlay,1.0918564884601576
2019-10-11,baseline_risk_overlay,1.0924093489445326
2019-10-14,baseline_risk_overlay,1.0926327506206148
2019-10-15,baseline_risk_overlay,1.092355779526754
2019-10-16,baseline_risk_overlay,1.0927406988341128
2019-10-17,baseline_risk_overlay,1.0914575369019688
2019-10-18,baseline_risk_overlay,1.0912269908152077
2019-10-21,baseline_risk_overlay,1.089731772270892
2019-10-22,baseline_risk_overlay,1.090011225527008
2019-10-23,baseline_risk_overlay,1.0900741615956917
2019-10-24,baseline_risk_overlay,1.0915151871616386
2019-10-25,baseline_risk_overlay,1.092387269448173
2019-10-28,baseline_risk_overlay,1.0923583096417944
2019-10-29,baseline_risk_overlay,1.0921656404549456
2019-10-30,baseline_risk_overlay,1.0926424070884084
2019-10-31,baseline_risk_overlay,1.0919302270907434
2019-11-01,baseline_risk_overlay,1.0958614927012271
2019-11-04,baseline_risk_overlay,1.0977644490353438
2019-11-05,baseline_risk_overlay,1.0978657693666163
2019-11-06,baseline_risk_overlay,1.0979417355713723
2019-11-07,baseline_risk_overlay,1.097823051971636
2019-11-08,baseline_risk_overlay,1.0973050062288479
2019-11-11,baseline_risk_overlay,1.0958881744934035
2019-11-12,baseline_risk_overlay,1.0959236196107065
2019-11-13,baseline_risk_overlay,1.0952518925993286
2019-11-14,baseline_risk_overlay,1.0951909637861803
2019-11-15,baseline_risk_overlay,1.094934546457856
2019-11-18,baseline_risk_overlay,1.0941286076913093
2019-11-19,baseline_risk_overlay,1.094696105758219
2019-11-20,baseline_risk_overlay,1.0936990664191122
2019-11-21,baseline_risk_overlay,1.0922684194789725
2019-11-22,baseline_risk_overlay,1.091206818856538
2019-11-25,baseline_risk_overlay,1.091057818513037
2019-11-26,baseline_risk_overlay,1.0910954829240007
2019-11-27,baseline_risk_overlay,1.0912571620668023
2019-11-28,baseline_risk_overlay,1.0903465094789921
2019-11-29,baseline_risk_overlay,1.0903834501053367
2019-12-02,baseline_risk_overlay,1.087566514771007
2019-12-03,baseline_risk_overlay,1.0867501245165307
2019-12-04,baseline_risk_overlay,1.0880884357072402
2019-12-05,baseline_risk_overlay,1.0877514883491852
2019-12-06,baseline_risk_overlay,1.0877761356660494
2019-12-09,baseline_risk_overlay,1.0880637603806456
2019-12-10,baseline_risk_overlay,1.0873618918298904
2019-12-11,baseline_risk_overlay,1.0875107229383008
2019-12-12,baseline_risk_overlay,1.0882886773501643
2019-12-13,baseline_risk_overlay,1.0880241112576052
2019-12-16,baseline_risk_overlay,1.0874856929075076
2019-12-17,baseline_risk_overlay,1.0867292720038813
2019-12-18,baseline_risk_overlay,1.0864491023772056
2019-12-19,baseline_risk_overlay,1.0865561398863375
2019-12-20,baseline_risk_overlay,1.0869763794288803
2019-12-23,baseline_risk_overlay,1.0872918667169211
2019-12-24,baseline_risk_overlay,1.087222242807447
2019-12-25,baseline_risk_overlay,1.0874623384792492
2019-12-26,baseline_risk_overlay,1.0871623725113593
2019-12-27,baseline_risk_overlay,1.0877626720207056
2019-12-30,baseline_risk_overlay,1.0880403989902814
2019-12-31,baseline_risk_overlay,1.0868934843738438
2020-01-02,baseline_risk_overlay,1.0884293865699688
2020-01-03,baseline_risk_overlay,1.0879024763861047
2020-01-06,baseline_risk_overlay,1.0851929461877032
2020-01-07,baseline_risk_overlay,1.0860053198882078
2020-01-08,baseline_risk_overlay,1.0831673237546278
2020-01-09,baseline_risk_overlay,1.0843160126906146
2020-01-10,baseline_risk_overlay,1.0854258031025945
2020-01-13,baseline_risk_overlay,1.0850563911937154
2020-01-14,baseline_risk_overlay,1.0852438586900097
2020-01-15,baseline_risk_overlay,1.0854019776011041
2020-01-16,baseline_risk_overlay,1.0876238068429163
2020-01-17,baseline_risk_overlay,1.0891814035927054
2020-01-20,baseline_risk_overlay,1.0890535699522583
2020-01-21,baseline_risk_overlay,1.0917891504756794
2020-01-22,baseline_risk_overlay,1.0935796655913979
2020-01-30,baseline_risk_overlay,1.0824399190138845
2020-01-31,baseline_risk_overlay,1.0763957417681025
2020-02-03,baseline_risk_overlay,1.0744228551882185
2020-02-04,baseline_risk_overlay,1.0746414403921931
2020-02-05,baseline_risk_overlay,1.0738067378783682
2020-02-06,baseline_risk_overlay,1.0770206576515757
2020-02-07,baseline_risk_overlay,1.0776098342724942
2020-02-10,baseline_risk_overlay,1.074849754860192
2020-02-11,baseline_risk_overlay,1.0759501996608967
2020-02-12,baseline_risk_overlay,1.0767437875978774
2020-02-13,baseline_risk_overlay,1.0768911062458522
2020-02-14,baseline_risk_overlay,1.0766656824237644
2020-02-17,baseline_risk_overlay,1.0759392499280458
2020-02-18,baseline_risk_overlay,1.0740545632717717
2020-02-19,baseline_risk_overlay,1.0742073908112415
2020-02-20,baseline_risk_overlay,1.0765676479185244
2020-02-21,baseline_risk_overlay,1.0750835618060743
2020-02-24,baseline_risk_overlay,1.0715068546841287
2020-02-25,baseline_risk_overlay,1.0731774218677865
2020-02-26,baseline_risk_overlay,1.0691896806209735
2020-02-27,baseline_risk_overlay,1.0698228151175542
2020-02-28,baseline_risk_overlay,1.065381246800782
2020-03-02,baseline_risk_overlay,1.0660077008784
2020-03-03,baseline_risk_overlay,1.0676835202902757
2020-03-04,baseline_risk_overlay,1.0673288310206113
2020-03-05,baseline_risk_overlay,1.0684053959091289
2020-03-06,baseline_risk_overlay,1.067902639034301
2020-03-09,baseline_risk_overlay,1.0524901380318143
2020-03-10,baseline_risk_overlay,1.05309865987704
2020-03-11,baseline_risk_overlay,1.044925746236531
2020-03-12,baseline_risk_overlay,1.0292180626023821
2020-03-13,baseline_risk_overlay,1.0266433963993127
2020-03-16,baseline_risk_overlay,1.0221227387666934
2020-03-17,baseline_risk_overlay,1.021300334961983
2020-03-18,baseline_risk_overlay,1.0219972848391652
2020-03-19,baseline_risk_overlay,1.0133661154725975
2020-03-20,baseline_risk_overlay,1.0070760157582914
2020-03-23,baseline_risk_overlay,0.9917739398684933
2020-03-24,baseline_risk_overlay,0.989058933662343
2020-03-25,baseline_risk_overlay,0.9999335789953853
2020-03-26,baseline_risk_overlay,1.0012800782957807
2020-03-27,baseline_risk_overlay,1.0018878002582885
2020-03-30,baseline_risk_overlay,0.9894423892292207
2020-03-31,baseline_risk_overlay,0.9895357502217034
2020-04-01,baseline_risk_overlay,0.9962970211034702
2020-04-03,baseline_risk_overlay,1.0051226821212602
2020-04-06,baseline_risk_overlay,1.0168908849982077
2020-04-07,baseline_risk_overlay,1.0182588219924413
2020-04-08,baseline_risk_overlay,1.0184620144989198
2020-04-09,baseline_risk_overlay,1.020617732768575
2020-04-10,baseline_risk_overlay,1.0202049516377076
2020-04-13,baseline_risk_overlay,1.0214069171690494
2020-04-14,baseline_risk_overlay,1.0218161689591907
2020-04-15,baseline_risk_overlay,1.025213837428421
2020-04-16,baseline_risk_overlay,1.0263443928086868
2020-04-17,baseline_risk_overlay,1.0293039827135526
2020-04-20,baseline_risk_overlay,1.0311601153064536
2020-04-21,baseline_risk_overlay,1.020914518943405
2020-04-22,baseline_risk_overlay,1.0216522124167522
2020-04-23,baseline_risk_overlay,1.0234445561022654
2020-04-24,baseline_risk_overlay,1.024466723858975
2020-04-27,baseline_risk_overlay,1.0222431891634132
2020-04-28,baseline_risk_overlay,1.0210868599404468
2020-04-29,baseline_risk_overlay,1.021692622280993
2020-05-04,baseline_risk_overlay,1.0196019810009191
2020-05-05,baseline_risk_overlay,1.0200275350953516
2020-05-06,baseline_risk_overlay,1.0252597298779011
2020-05-07,baseline_risk_overlay,1.0295737274534265
2020-05-08,baseline_risk_overlay,1.0348178670827728
2020-05-11,baseline_risk_overlay,1.039235391010693
2020-05-12,baseline_risk_overlay,1.0415778340185884
2020-05-13,baseline_risk_overlay,1.0412039517306146
2020-05-14,baseline_risk_overlay,1.0406232336922436
2020-05-15,baseline_risk_overlay,1.039014163815566
2020-05-18,baseline_risk_overlay,1.0417061752048218
2020-05-19,baseline_risk_overlay,1.0442610259768623
2020-05-20,baseline_risk_overlay,1.046307891230911
2020-05-21,baseline_risk_overlay,1.0492554238490899
2020-05-22,baseline_risk_overlay,1.0459068502890025
2020-05-25,baseline_risk_overlay,1.046593042935707
2020-05-26,baseline_risk_overlay,1.0481050822102267
2020-05-27,baseline_risk_overlay,1.0441900728572215
2020-05-28,baseline_risk_overlay,1.044519731268022
2020-05-29,baseline_risk_overlay,1.0449496763562698
2020-06-01,baseline_risk_overlay,1.047069270178018
2020-06-02,baseline_risk_overlay,1.0455018955003017
2020-06-03,baseline_risk_overlay,1.0462350343710882
2020-06-04,baseline_risk_overlay,1.0466516317341756
2020-06-05,baseline_risk_overlay,1.0469653834462098
2020-06-08,baseline_risk_overlay,1.0489280695142418
2020-06-09,baseline_risk_overlay,1.0487534484927161
2020-06-10,baseline_risk_overlay,1.0489283462152625
2020-06-11,baseline_risk_overlay,1.044244283465899
2020-06-12,baseline_risk_overlay,1.0437258083617584
2020-06-15,baseline_risk_overlay,1.039704363688226
2020-06-16,baseline_risk_overlay,1.0425823840864075
2020-06-17,baseline_risk_overlay,1.0423479729795944
2020-06-18,baseline_risk_overlay,1.0424578895348922
2020-06-19,baseline_risk_overlay,1.0461883338885731
2020-06-22,baseline_risk_overlay,1.0470204546358775
2020-06-23,baseline_risk_overlay,1.0459991620364102
2020-06-24,baseline_risk_overlay,1.043332073065439
2020-06-25,baseline_risk_overlay,1.0418819133654917
2020-06-26,baseline_risk_overlay,1.041173081274423
2020-06-29,baseline_risk_overlay,1.0351508131164955
2020-06-30,baseline_risk_overlay,1.0344801854098717
2020-07-01,baseline_risk_overlay,1.038945622802013
2020-07-02,baseline_risk_overlay,1.0385810811503677
2020-07-03,baseline_risk_overlay,1.0399546585354573
2020-07-06,baseline_risk_overlay,1.0435527435921075
2020-07-07,baseline_risk_overlay,1.0441710598548286
2020-07-08,baseline_risk_overlay,1.044473933077738
2020-07-09,baseline_risk_overlay,1.0480281990718252
2020-07-10,baseline_risk_overlay,1.0464662839742185
2020-07-13,baseline_risk_overlay,1.0457697412495048
2020-07-14,baseline_risk_overlay,1.0455670316734533
2020-07-15,baseline_risk_overlay,1.0457919488441165
2020-07-16,baseline_risk_overlay,1.046597203747814
2020-07-17,baseline_risk_overlay,1.0459669858889733
2020-07-20,baseline_risk_overlay,1.0448331868056329
2020-07-21,baseline_risk_overlay,1.0448589084559583
2020-07-22,baseline_risk_overlay,1.0441115464592865
2020-07-23,baseline_risk_overlay,1.0442625631151146
2020-07-24,baseline_risk_overlay,1.041466420963758
2020-07-27,baseline_risk_overlay,1.0367130765709722
2020-07-28,baseline_risk_overlay,1.0399788854801242
2020-07-29,baseline_risk_overlay,1.037253081584433
2020-07-30,baseline_risk_overlay,1.038509255711678
2020-07-31,baseline_risk_overlay,1.0381584647037327
2020-08-03,baseline_risk_overlay,1.0403073045966942
2020-08-04,baseline_risk_overlay,1.0421826718648066
2020-08-05,baseline_risk_overlay,1.0449499304747727
2020-08-06,baseline_risk_overlay,1.0456007330245696
2020-08-07,baseline_risk_overlay,1.046024761082035
2020-08-10,baseline_risk_overlay,1.0465648469542572
2020-08-11,baseline_risk_overlay,1.046526326440896
2020-08-12,baseline_risk_overlay,1.047751373803956
2020-08-13,baseline_risk_overlay,1.0502210522609632
2020-08-14,baseline_risk_overlay,1.048881189189542
2020-08-17,baseline_risk_overlay,1.0486912401721333
2020-08-18,baseline_risk_overlay,1.047557788684966
2020-08-19,baseline_risk_overlay,1.0489338651405746
2020-08-20,baseline_risk_overlay,1.0480347258145073
2020-08-21,baseline_risk_overlay,1.049910261054023
2020-08-24,baseline_risk_overlay,1.053927898380157
2020-08-25,baseline_risk_overlay,1.0555642828606955
2020-08-26,baseline_risk_overlay,1.0553590883929271
2020-08-27,baseline_risk_overlay,1.05568968912684
2020-08-28,baseline_risk_overlay,1.0569001616976834
2020-08-31,baseline_risk_overlay,1.0576449600560784
2020-09-01,baseline_risk_overlay,1.0602393013335851
2020-09-03,baseline_risk_overlay,1.0636662961937338
2020-09-04,baseline_risk_overlay,1.063224342157157
2020-09-07,baseline_risk_overlay,1.061677521898029
2020-09-08,baseline_risk_overlay,1.0618734337832552
2020-09-09,baseline_risk_overlay,1.0617806105903496
2020-09-10,baseline_risk_overlay,1.06172449965646
2020-09-11,baseline_risk_overlay,1.0617385257353835
2020-09-14,baseline_risk_overlay,1.0623386784375168
2020-09-15,baseline_risk_overlay,1.0626124855499246
2020-09-16,baseline_risk_overlay,1.062638548954264
2020-09-17,baseline_risk_overlay,1.0617248122940481
2020-09-18,baseline_risk_overlay,1.062377477575836
2020-09-21,baseline_risk_overlay,1.063830102565372
2020-09-22,baseline_risk_overlay,1.0635395898979727
2020-09-23,baseline_risk_overlay,1.0641966335645274
2020-09-24,baseline_risk_overlay,1.0637764887967702
2020-09-25,baseline_risk_overlay,1.0637410035281545
2020-09-28,baseline_risk_overlay,1.0641970465115482
2020-09-29,baseline_risk_overlay,1.0632384807752981
2020-09-30,baseline_risk_overlay,1.0633603194789751
2020-10-01,baseline_risk_overlay,1.0643905870400303
2020-10-02,baseline_risk_overlay,1.0637840562823047
2020-10-05,baseline_risk_overlay,1.0643007368667072
2020-10-06,baseline_risk_overlay,1.0644129970158196
2020-10-07,baseline_risk_overlay,1.0649245768584545
2020-10-08,baseline_risk_overlay,1.064810885184137
2020-10-09,baseline_risk_overlay,1.065435018474371
2020-10-12,baseline_risk_overlay,1.0656656437867278
2020-10-13,baseline_risk_overlay,1.0661903504645784
2020-10-14,baseline_risk_overlay,1.067534257867341
2020-10-15,baseline_risk_overlay,1.0678411588892611
2020-10-16,baseline_risk_overlay,1.0679062866714417
2020-10-19,baseline_risk_overlay,1.0679495579928175
2020-10-20,baseline_risk_overlay,1.0680355042033172
2020-10-21,baseline_risk_overlay,1.0664489345135262
2020-10-22,baseline_risk_overlay,1.067450076645203
2020-10-23,baseline_risk_overlay,1.0688771395316834
2020-10-26,baseline_risk_overlay,1.0676228263979906
2020-10-27,baseline_risk_overlay,1.0671899672126421
2020-10-28,baseline_risk_overlay,1.0647835403605836
2020-10-29,baseline_risk_overlay,1.0643001461844552
2020-10-30,baseline_risk_overlay,1.065690175854284
2020-11-02,baseline_risk_overlay,1.0675989450944716
2020-11-03,baseline_risk_overlay,1.0676963124371495
2020-11-04,baseline_risk_overlay,1.0682338321787725
2020-11-05,baseline_risk_overlay,1.0679454658090197
2020-11-06,baseline_risk_overlay,1.0679962347390675
2020-11-09,baseline_risk_overlay,1.069745785813075
2020-11-10,baseline_risk_overlay,1.0697212688179392
2020-11-11,baseline_risk_overlay,1.0697386742427442
2020-11-12,baseline_risk_overlay,1.0706183745394153
2020-11-13,baseline_risk_overlay,1.0715617689302588
2020-11-16,baseline_risk_overlay,1.0673789370941875
2020-11-17,baseline_risk_overlay,1.069218934624962
2020-11-18,baseline_risk_overlay,1.0701992928548956
2020-11-19,baseline_risk_overlay,1.0711652704643593
2020-11-20,baseline_risk_overlay,1.0718746304551388
2020-11-23,baseline_risk_overlay,1.0723257965838444
2020-11-24,baseline_risk_overlay,1.0724939988935387
2020-11-25,baseline_risk_overlay,1.0729684570717375
2020-11-26,baseline_risk_overlay,1.0736179301822248
2020-11-27,baseline_risk_overlay,1.0740954541123524
2020-11-30,baseline_risk_overlay,1.0733073563795104
2020-12-01,baseline_risk_overlay,1.0738023801850758
2020-12-02,baseline_risk_overlay,1.074440781867549
2020-12-03,baseline_risk_overlay,1.074961109362701
2020-12-04,baseline_risk_overlay,1.0751294022245748
2020-12-07,baseline_risk_overlay,1.0759294272262148
2020-12-08,baseline_risk_overlay,1.075829957569615
2020-12-09,baseline_risk_overlay,1.076752471352153
2020-12-10,baseline_risk_overlay,1.0759237758531992
2020-12-11,baseline_risk_overlay,1.0770254686654197
2020-12-14,baseline_risk_overlay,1.078700529764771
2020-12-15,baseline_risk_overlay,1.0778006837621144
2020-12-16,baseline_risk_overlay,1.07882899771466
2020-12-17,baseline_risk_overlay,1.0773515834023577
2020-12-18,baseline_risk_overlay,1.0785674890997408
2020-12-21,baseline_risk_overlay,1.0797158584827629
2020-12-22,baseline_risk_overlay,1.0799360214492069
2020-12-23,baseline_risk_overlay,1.0794484072995885
2020-12-24,baseline_risk_overlay,1.0784590583024942
2020-12-25,baseline_risk_overlay,1.0798103054229808
2020-12-28,baseline_risk_overlay,1.0804638164873637
2020-12-29,baseline_risk_overlay,1.0812152700612558
2020-12-30,baseline_risk_overlay,1.0810352080796184
2020-12-31,baseline_risk_overlay,1.0815497413562607
2021-01-04,baseline_risk_overlay,1.083130473335354
2021-01-05,baseline_risk_overlay,1.084380168407009
2021-01-06,baseline_risk_overlay,1.085524034351826
2021-01-07,baseline_risk_overlay,1.0870828304335152
2021-01-08,baseline_risk_overlay,1.089817843798862
2021-01-11,baseline_risk_overlay,1.094156921095901
2021-01-12,baseline_risk_overlay,1.0959620312068439
2021-01-13,baseline_risk_overlay,1.094371522263424
2021-01-14,baseline_risk_overlay,1.0946305254332542
2021-01-15,baseline_risk_overlay,1.096185011963943
2021-01-18,baseline_risk_overlay,1.095669427474718
2021-01-19,baseline_risk_overlay,1.0824761186132288
2021-01-20,baseline_risk_overlay,1.083229704135712
2021-01-21,baseline_risk_overlay,1.0893857407846232
2021-01-22,baseline_risk_overlay,1.090210777617194
2021-01-25,baseline_risk_overlay,1.0898891959095698
2021-01-26,baseline_risk_overlay,1.0786261731455624
2021-01-27,baseline_risk_overlay,1.064279567895824
2021-01-28,baseline_risk_overlay,1.046673705766132
2021-01-29,baseline_risk_overlay,1.0533528122633642
2021-02-01,baseline_risk_overlay,1.049379874987833
2021-02-02,baseline_risk_overlay,1.0585439408876656
2021-02-03,baseline_risk_overlay,1.065833889930213
2021-02-04,baseline_risk_overlay,1.0660118197277861
2021-02-05,baseline_risk_overlay,1.0692017533090843
2021-02-08,baseline_risk_overlay,1.0585538067541265
2021-02-09,baseline_risk_overlay,1.0656860162981991
2021-02-17,baseline_risk_overlay,1.0749254207528909
2021-02-18,baseline_risk_overlay,1.0793635627170015
2021-02-19,baseline_risk_overlay,1.0791239409300017
2021-02-22,baseline_risk_overlay,1.0794288093232987
2021-02-23,baseline_risk_overlay,1.0800289432082826
2021-02-24,baseline_risk_overlay,1.0761778521172694
2021-02-25,baseline_risk_overlay,1.0768901742996468
2021-02-26,baseline_risk_overlay,1.077563013864946
2021-03-01,baseline_risk_overlay,1.0816853676684621
2021-03-02,baseline_risk_overlay,1.0817750507930137
2021-03-03,baseline_risk_overlay,1.081820121504233
2021-03-04,baseline_risk_overlay,1.0776971238607638
2015-03-19,buy_and_hold,1.0
2015-03-20,buy_and_hold,1.0019605529057019
2015-03-23,buy_and_hold,0.9940380579180037
2015-03-24,buy_and_hold,0.988013479311974
2015-03-25,buy_and_hold,0.9766956293295482
2015-03-26,buy_and_hold,0.9683900686501374
2015-03-27,buy_and_hold,0.9601367442014146
2015-03-30,buy_and_hold,0.949289020295182
2015-03-31,buy_and_hold,0.9596317939714295
2015-04-01,buy_and_hold,0.9383542360044691
2015-04-02,buy_and_hold,0.9521794250599246
2015-04-03,buy_and_hold,0.9539206327495287
2015-04-06,buy_and_hold,0.9454235392242613
2015-04-07,buy_and_hold,0.9543733467488256
2015-04-08,buy_and_hold,0.95369427574988
2015-04-09,buy_and_hold,0.9585696572807709
2015-04-10,buy_and_hold,0.964681296271281
2015-04-13,buy_and_hold,0.9742753506409987
2015-04-14,buy_and_hold,0.9727604999510433
2015-04-15,buy_and_hold,0.9829117407814344
2015-04-16,buy_and_hold,0.9894935058481372
2015-04-17,buy_and_hold,0.9895631541557215
2015-04-20,buy_and_hold,0.9838519929338203
2015-04-21,buy_and_hold,0.9789766114029294
2015-04-22,buy_and_hold,0.9794467374791223
2015-04-23,buy_and_hold,0.9772528157902213
2015-04-24,buy_and_hold,0.9851230745472311
2015-04-27,buy_and_hold,0.9792552046332658
2015-05-04,buy_and_hold,0.9490974874493253
2015-05-05,buy_and_hold,0.9622784296596272
2015-05-06,buy_and_hold,0.9564453838994539
2015-05-07,buy_and_hold,0.9628530281971964
2015-05-08,buy_and_hold,0.9655170759622904
2015-05-11,buy_and_hold,0.9605720461238152
2015-05-12,buy_and_hold,0.9479308782972905
2015-05-13,buy_and_hold,0.9451623580708203
2015-05-14,buy_and_hold,0.9466772087607759
2015-05-15,buy_and_hold,0.935794660700751
2015-05-18,buy_and_hold,0.9210118074160134
2015-05-19,buy_and_hold,0.9347151119331966
2015-05-20,buy_and_hold,0.957838350051137
2015-05-21,buy_and_hold,0.9621217209675627
2015-05-22,buy_and_hold,0.9782453041732956
2015-05-25,buy_and_hold,0.9802999292470282
2015-05-26,buy_and_hold,0.9876130015433648
2015-05-27,buy_and_hold,0.98635933200685
2015-05-28,buy_and_hold,0.9976597699123797
2015-05-29,buy_and_hold,0.9917222516908301
2015-06-01,buy_and_hold,1.0011595973684837
2015-06-02,buy_and_hold,0.9930281574580331
2015-06-03,buy_and_hold,0.9888318469260876
2015-06-04,buy_and_hold,0.9907297633077561
2015-06-05,buy_and_hold,1.00653992912936
2015-06-08,buy_and_hold,1.009604454663063
2015-06-09,buy_and_hold,1.0002715814467857
2015-06-10,buy_and_hold,0.9996273346016322
2015-06-11,buy_and_hold,1.0117287280443796
2015-06-12,buy_and_hold,1.0146539569629143
2015-06-15,buy_and_hold,1.021183485798929
2015-06-16,buy_and_hold,1.0105098826616568
2015-06-17,buy_and_hold,1.007932895281043
2015-06-18,buy_and_hold,1.0105098826616568
2015-06-19,buy_and_hold,1.0180841361114341
2015-06-22,buy_and_hold,1.034416664239919
2015-06-23,buy_and_hold,1.0326580444734192
2015-06-24,buy_and_hold,1.027347361020127
2015-06-25,buy_and_hold,1.023812709410231
2015-06-26,buy_and_hold,1.0129475734271023
2015-06-29,buy_and_hold,1.030359650323142
2015-06-30,buy_and_hold,1.032623220319627
2015-07-01,buy_and_hold,1.029924348400741
2015-07-02,buy_and_hold,1.054649497593117
2015-07-03,buy_and_hold,1.0733326561025676
2015-07-06,buy_and_hold,1.0886378716941865
2015-07-07,buy_and_hold,1.0974309705266865
2015-07-08,buy_and_hold,1.0850683959304983
2015-07-09,buy_and_hold,1.0832053037026221
2015-07-10,buy_and_hold,1.0922247595347707
2015-07-13,buy_and_hold,1.1040301476702856
2015-07-14,buy_and_hold,1.1120919392731519
2015-07-15,buy_and_hold,1.0985105192942408
2015-07-16,buy_and_hold,1.091563100612721
2015-07-17,buy_and_hold,1.094575389915736
2015-07-20,buy_and_hold,1.08048901970684
2015-07-21,buy_and_hold,1.0736460734866964
2015-07-22,buy_and_hold,1.096699663297053
2015-07-23,buy_and_hold,1.1004606719065975
2015-07-24,buy_and_hold,1.0991547661393946
2015-07-27,buy_and_hold,1.1064678384357314
2015-07-28,buy_and_hold,1.0995204197542117
2015-07-29,buy_and_hold,1.0877324436955929
2015-07-30,buy_and_hold,1.0909885020751522
2015-07-31,buy_and_hold,1.0813944477054342
2015-08-03,buy_and_hold,1.0612138505829245
2015-08-04,buy_and_hold,1.046047931606474
2015-08-05,buy_and_hold,1.057052364204771
2015-08-06,buy_and_hold,1.0465354697595628
2015-08-07,buy_and_hold,1.0512715546752855
2015-08-10,buy_and_hold,1.0700243614923202
2015-08-11,buy_and_hold,1.0674473741117063
2015-08-12,buy_and_hold,1.0521073343662957
2015-08-13,buy_and_hold,1.0347300816240481
2015-08-14,buy_and_hold,1.0256235654074193
2015-08-17,buy_and_hold,0.9979731872965084
2015-08-18,buy_and_hold,1.0102835256620086
2015-08-19,buy_and_hold,1.0061046272069591
2015-08-20,buy_and_hold,0.986724985621667
2015-08-21,buy_and_hold,0.9686338377266817
2015-08-24,buy_and_hold,0.9174945678830133
2015-08-25,buy_and_hold,0.9228052513363054
2015-08-26,buy_and_hold,0.9505078656779044
2015-08-27,buy_and_hold,0.9677806459587754
2015-08-28,buy_and_hold,0.9940032337642111
2015-08-31,buy_and_hold,0.9833470427038349
2015-09-01,buy_and_hold,0.9790984959412011
2015-09-03,buy_and_hold,0.9651514223474734
2015-09-04,buy_and_hold,0.9695218536483793
2015-09-07,buy_and_hold,0.9662483831919239
2015-09-08,buy_and_hold,0.9867772218523547
2015-09-09,buy_and_hold,0.996562809067929
2015-09-10,buy_and_hold,0.9960926829917359
2015-09-11,buy_and_hold,0.9868120460061468
2015-09-14,buy_and_hold,0.9788547268646567
2015-09-15,buy_and_hold,0.9807700553232211
2015-09-16,buy_and_hold,0.9822674939362805
2015-09-17,buy_and_hold,0.9793945012484341
2015-09-18,buy_and_hold,0.9859588542382408
2015-09-21,buy_and_hold,0.9961797433762161
2015-09-22,buy_and_hold,0.9980602476809884
2015-09-23,buy_and_hold,0.9972244679899785
2015-09-24,buy_and_hold,0.9929236849966566
2015-09-25,buy_and_hold,0.9931500419963051
2015-09-28,buy_and_hold,0.9835733997034833
2015-09-29,buy_and_hold,0.9771483433288449
2015-09-30,buy_and_hold,0.9796730944787704
2015-10-01,buy_and_hold,0.981240181399414
2015-10-02,buy_and_hold,0.9790984959412011
2015-10-05,buy_and_hold,0.9924883830742557
2015-10-06,buy_and_hold,1.0121466178898844
2015-10-07,buy_and_hold,1.0091517406637656
2015-10-08,buy_and_hold,1.02170584810581
2015-10-09,buy_and_hold,1.023864945640919
2015-10-12,buy_and_hold,1.0309690730145034
2015-10-13,buy_and_hold,1.0287751513256023
2015-10-14,buy_and_hold,1.0272777127125428
2015-10-15,buy_and_hold,1.0314914353213844
2015-10-16,buy_and_hold,1.032570984088939
2015-10-19,buy_and_hold,1.0353395043154094
2015-10-20,buy_and_hold,1.028096080326657
2015-10-21,buy_and_hold,1.0277304267118401
2015-10-22,buy_and_hold,1.0361578719295232
2015-10-23,buy_and_hold,1.0477543151422857
2015-10-26,buy_and_hold,1.0423043350738252
2015-10-27,buy_and_hold,1.0420083297665925
2015-10-28,buy_and_hold,1.0381776728494638
2015-10-29,buy_and_hold,1.0537788937483155
2015-10-30,buy_and_hold,1.0575573144347559
2015-11-02,buy_and_hold,1.0495303469856816
2015-11-03,buy_and_hold,1.0651141558076371
2015-11-04,buy_and_hold,1.0631814152721766
2015-11-05,buy_and_hold,1.0711561464905626
2015-11-06,buy_and_hold,1.0662459408058795
2015-11-09,buy_and_hold,1.0632858877335527
2015-11-10,buy_and_hold,1.0539007782865875
2015-11-11,buy_and_hold,1.0508710769066767
2015-11-12,buy_and_hold,1.0544405526703649
2015-11-13,buy_and_hold,1.0643480244242114
2015-11-16,buy_and_hold,1.0607611365836274
2015-11-17,buy_and_hold,1.0535177125948747
2015-11-18,buy_and_hold,1.050540247445652
2015-11-19,buy_and_hold,1.0480329083726223
2015-11-20,buy_and_hold,1.0524904000580086
2015-11-23,buy_and_hold,1.0447072016854788
2015-11-24,buy_and_hold,1.0339813623175185
2015-11-25,buy_and_hold,1.0372374206970778
2015-11-26,buy_and_hold,1.0280090199421765
2015-11-27,buy_and_hold,1.0148803139625628
2015-11-30,buy_and_hold,0.9980602476809887
2015-12-01,buy_and_hold,0.9932022782269935
2015-12-02,buy_and_hold,1.0001845210623053
2015-12-03,buy_and_hold,1.000114872754721
2015-12-04,buy_and_hold,0.9953091395314143
2015-12-07,buy_and_hold,0.9813794780145826
2015-12-08,buy_and_hold,0.9997143949861121
2015-12-09,buy_and_hold,0.9841305861641568
2015-12-10,buy_and_hold,0.9768871621754042
2015-12-11,buy_and_hold,0.9810486485535576
2015-12-14,buy_and_hold,0.9789417872491369
2015-12-15,buy_and_hold,0.9890059676950477
2015-12-16,buy_and_hold,0.9969284626827456
2015-12-17,buy_and_hold,1.0048683697473397
2015-12-18,buy_and_hold,0.9893193850791763
2015-12-21,buy_and_hold,0.9870906392364833
2015-12-22,buy_and_hold,0.9861329750072012
2015-12-23,buy_and_hold,0.9825112630128249
2015-12-24,buy_and_hold,0.9858195576230725
2015-12-25,buy_and_hold,0.9884313691574783
2015-12-28,buy_and_hold,0.9923142623052951
2015-12-29,buy_and_hold,1.0034405794418644
2015-12-30,buy_and_hold,1.008942795741013
2015-12-31,buy_and_hold,1.0082114885113793
2016-01-04,buy_and_hold,1.0001671089854092
2016-01-05,buy_and_hold,0.9923839106128796
2016-01-06,buy_and_hold,1.0004457022157458
2016-01-07,buy_and_hold,0.9844091793944933
2016-01-08,buy_and_hold,0.9751633665626962
2016-01-11,buy_and_hold,0.9713675337993597
2016-01-12,buy_and_hold,0.9824938509359289
2016-01-13,buy_and_hold,0.9757205530233695
2016-01-14,buy_and_hold,0.9629400885816763
2016-01-15,buy_and_hold,0.9455454237625328
2016-01-18,buy_and_hold,0.9165194915768349
2016-01-19,buy_and_hold,0.932886843859112
2016-01-20,buy_and_hold,0.9218649991839192
2016-01-21,buy_and_hold,0.9087014690505132
2016-01-22,buy_and_hold,0.9093283038187707
2016-01-25,buy_and_hold,0.9443439904567064
2016-01-26,buy_and_hold,0.9362996109307361
2016-01-27,buy_and_hold,0.9449360010711717
2016-01-28,buy_and_hold,0.9393293123106469
2016-01-29,buy_and_hold,0.9493934927565576
2016-02-01,buy_and_hold,0.9412272286923149
2016-02-02,buy_and_hold,0.9340708650880429
2016-02-03,buy_and_hold,0.9386328292348052
2016-02-04,buy_and_hold,0.9439957489187851
2016-02-05,buy_and_hold,0.9485228889117554
2016-02-15,buy_and_hold,0.9468513295297355
2016-02-16,buy_and_hold,0.9542688742874483
2016-02-17,buy_and_hold,0.9525276665978444
2016-02-18,buy_and_hold,0.9619998364292901
2016-02-19,buy_and_hold,0.9646812962712801
2016-02-22,buy_and_hold,0.9763125636378347
2016-02-23,buy_and_hold,0.9773050520209089
2016-02-24,buy_and_hold,0.9890756160026315
2016-02-25,buy_and_hold,0.979986511862899
2016-02-26,buy_and_hold,0.985715085161696
2016-02-29,buy_and_hold,0.9739793453337653
2016-03-01,buy_and_hold,0.9777925901739979
2016-03-02,buy_and_hold,0.9928018004583838
2016-03-03,buy_and_hold,0.9931674540732008
2016-03-04,buy_and_hold,0.9988437911413098
2016-03-07,buy_and_hold,1.0032838707498
2016-03-08,buy_and_hold,1.00068947129229
2016-03-09,buy_and_hold,0.9954658482234782
2016-03-10,buy_and_hold,1.0027789205198148
2016-03-11,buy_and_hold,1.0051295509007803
2016-03-14,buy_and_hold,1.0063832204372951
2016-03-15,buy_and_hold,0.9995228621402555
2016-03-16,buy_and_hold,1.0047987214397556
2016-03-17,buy_and_hold,1.0086119662799882
2016-03-18,buy_and_hold,1.0026222118277508
2016-03-21,buy_and_hold,0.9964409245296565
2016-03-22,buy_and_hold,0.9940728820717951
2016-03-23,buy_and_hold,1.0006894712922902
2016-03-24,buy_and_hold,0.9936375801493942
2016-03-25,buy_and_hold,0.996110095068632
2016-03-28,buy_and_hold,1.0024480910587903
2016-03-29,buy_and_hold,0.9894935058481369
2016-03-30,buy_and_hold,0.9923316743821913
2016-03-31,buy_and_hold,0.9772005795595329
2016-04-01,buy_and_hold,0.9723426101055378
2016-04-04,buy_and_hold,0.9677980580356716
2016-04-05,buy_and_hold,0.9756334926388894
2016-04-06,buy_and_hold,0.9886403140802309
2016-04-07,buy_and_hold,0.995274315377622
2016-04-08,buy_and_hold,0.996562809067929
2016-04-11,buy_and_hold,1.0086293783568843
2016-04-12,buy_and_hold,1.0096218667399586
2016-04-13,buy_and_hold,1.0064528687448793
2016-04-14,buy_and_hold,1.009012444048597
2016-04-15,buy_and_hold,1.0096566908937503
2016-04-19,buy_and_hold,0.9894935058481366
2016-04-20,buy_and_hold,0.9890582039257356
2016-04-21,buy_and_hold,1.0024655031356862
2016-04-22,buy_and_hold,1.0316307319365523
2016-04-25,buy_and_hold,1.0300636450159089
2016-04-26,buy_and_hold,1.042077978074176
2016-04-27,buy_and_hold,1.0342077193171662
2016-04-28,buy_and_hold,1.0302203537079728
2016-04-29,buy_and_hold,1.0418864452283194
2016-05-04,buy_and_hold,1.0431052906110423
2016-05-05,buy_and_hold,1.047353837373676
2016-05-06,buy_and_hold,1.0560772878985918
2016-05-09,buy_and_hold,1.0514282633673493
2016-05-10,buy_and_hold,1.0535177125948738
2016-05-11,buy_and_hold,1.0692059938782057
2016-05-12,buy_and_hold,1.0658280509603741
2016-05-13,buy_and_hold,1.063564480963889
2016-05-16,buy_and_hold,1.0722008711043245
2016-05-17,buy_and_hold,1.087819504080072
2016-05-18,buy_and_hold,1.083814726393983
2016-05-19,buy_and_hold,1.0781558014027703
2016-05-20,buy_and_hold,1.0705118996454086
2016-05-23,buy_and_hold,1.0639301345787058
2016-05-24,buy_and_hold,1.0649574471155723
2016-05-25,buy_and_hold,1.0654275731917653
2016-05-26,buy_and_hold,1.0522814551352555
2016-05-27,buy_and_hold,1.0588458081250622
2016-05-30,buy_and_hold,1.0699721252616317
2016-05-31,buy_and_hold,1.0768324835586713
2016-06-01,buy_and_hold,1.0793049984779088
2016-06-02,buy_and_hold,1.0854166374684187
2016-06-03,buy_and_hold,1.0828222380109087
2016-06-06,buy_and_hold,1.0796358279389335
2016-06-07,buy_and_hold,1.0876453833111117
2016-06-08,buy_and_hold,1.0932520720716365
2016-06-09,buy_and_hold,1.099154766139394
2016-06-10,buy_and_hold,1.0966822512201562
2016-06-13,buy_and_hold,1.0857822910832355
2016-06-14,buy_and_hold,1.0890035253090027
2016-06-15,buy_and_hold,1.0917720455354731
2016-06-16,buy_and_hold,1.0884463388483296
2016-06-17,buy_and_hold,1.0782428617872504
2016-06-20,buy_and_hold,1.090796969229295
2016-06-21,buy_and_hold,1.093478429071285
2016-06-22,buy_and_hold,1.0907099088448144
2016-06-23,buy_and_hold,1.1009133859058937
2016-06-24,buy_and_hold,1.0808894974754482
2016-06-27,buy_and_hold,1.0817601013202502
2016-06-28,buy_and_hold,1.083379424471582
2016-06-29,buy_and_hold,1.0971697893732453
2016-06-30,buy_and_hold,1.1008959738289978
2016-07-01,buy_and_hold,1.1148952836534136
2016-07-04,buy_and_hold,1.1282329345557802
2016-07-05,buy_and_hold,1.1333172610094238
2016-07-06,buy_and_hold,1.130844746090186
2016-07-07,buy_and_hold,1.151147227750968
2016-07-08,buy_and_hold,1.1468986809883344
2016-07-11,buy_and_hold,1.1357201276210769
2016-07-12,buy_and_hold,1.1472817466800471
2016-07-13,buy_and_hold,1.1755241354054233
2016-07-14,buy_and_hold,1.160845754582062
2016-07-15,buy_and_hold,1.1571369822032054
2016-07-18,buy_and_hold,1.172703378948265
2016-07-19,buy_and_hold,1.1627088468099382
2016-07-20,buy_and_hold,1.1496497891379085
2016-07-21,buy_and_hold,1.148448355832082
2016-07-22,buy_and_hold,1.1315586412429235
2016-07-25,buy_and_hold,1.1305661528598492
2016-07-26,buy_and_hold,1.1293298954002304
2016-07-27,buy_and_hold,1.1424237772260524
2016-07-28,buy_and_hold,1.1442172211463442
2016-07-29,buy_and_hold,1.1356678913903888
2016-08-01,buy_and_hold,1.1289642417854135
2016-08-02,buy_and_hold,1.1074951509725968
2016-08-03,buy_and_hold,1.0997641888307552
2016-08-04,buy_and_hold,1.1003387873683248
2016-08-05,buy_and_hold,1.0924162923806267
2016-08-08,buy_and_hold,1.0960205922981068
2016-08-09,buy_and_hold,1.1097413088921861
2016-08-10,buy_and_hold,1.1288771814009335
2016-08-11,buy_and_hold,1.1496149649841165
2016-08-12,buy_and_hold,1.1417272941502106
2016-08-15,buy_and_hold,1.1482742350631214
2016-08-16,buy_and_hold,1.14590619260526
2016-08-17,buy_and_hold,1.1500850910603095
2016-08-18,buy_and_hold,1.150328860136854
2016-08-19,buy_and_hold,1.1531670286709086
2016-08-22,buy_and_hold,1.1451574732987304
2016-08-23,buy_and_hold,1.147734460679344
2016-08-24,buy_and_hold,1.1505378050596065
2016-08-25,buy_and_hold,1.1465852636042055
2016-08-26,buy_and_hold,1.162691434733042
2016-08-29,buy_and_hold,1.1656340757284729
2016-08-30,buy_and_hold,1.1712581765658936
2016-08-31,buy_and_hold,1.1746709436375173
2016-09-01,buy_and_hold,1.1651987738060718
2016-09-05,buy_and_hold,1.1571195701263093
2016-09-06,buy_and_hold,1.1559877851280669
2016-09-07,buy_and_hold,1.1514258209813044
2016-09-08,buy_and_hold,1.1597662058145075
2016-09-09,buy_and_hold,1.1611765840430863
2016-09-12,buy_and_hold,1.1487791852931062
2016-09-13,buy_and_hold,1.1487095369855223
2016-09-14,buy_and_hold,1.1433466173015419
2016-09-15,buy_and_hold,1.142545661764324
2016-09-16,buy_and_hold,1.1340659803159527
2016-09-19,buy_and_hold,1.1455231269135469
2016-09-20,buy_and_hold,1.1550649450525765
2016-09-21,buy_and_hold,1.1639625163464526
2016-09-22,buy_and_hold,1.169012018646304
2016-09-23,buy_and_hold,1.1737306914851307
2016-09-26,buy_and_hold,1.1788672541694623
2016-09-27,buy_and_hold,1.1925357345328533
2016-09-28,buy_and_hold,1.1957221446048285
2016-09-29,buy_and_hold,1.1989085546768037
2016-09-30,buy_and_hold,1.1939983489921207
2016-10-03,buy_and_hold,1.189331912383982
2016-10-04,buy_and_hold,1.1913343012270268
2016-10-05,buy_and_hold,1.1962793310655018
2016-10-06,buy_and_hold,1.196766869218591
2016-10-07,buy_and_hold,1.1908989993046257
2016-10-10,buy_and_hold,1.1739048122540912
2016-10-11,buy_and_hold,1.1881304790781555
2016-10-12,buy_and_hold,1.18828718777022
2016-10-13,buy_and_hold,1.1931277451473188
2016-10-14,buy_and_hold,1.1962096827579176
2016-10-17,buy_and_hold,1.1856753762358136
2016-10-18,buy_and_hold,1.1875384684636898
2016-10-19,buy_and_hold,1.199500565291269
2016-10-20,buy_and_hold,1.1951475460672591
2016-10-21,buy_and_hold,1.192431262071477
2016-10-24,buy_and_hold,1.180573637705274
2016-10-25,buy_and_hold,1.1773698155564027
2016-10-26,buy_and_hold,1.1728949117941208
2016-10-27,buy_and_hold,1.1786234850929178
2016-10-28,buy_and_hold,1.187938946232299
2016-10-31,buy_and_hold,1.1767081566343531
2016-11-01,buy_and_hold,1.1781011227860365
2016-11-02,buy_and_hold,1.169046842800096
2016-11-03,buy_and_hold,1.162482489810289
2016-11-04,buy_and_hold,1.1609154028896456
2016-11-07,buy_and_hold,1.1738177518696107
2016-11-08,buy_and_hold,1.177857353709492
2016-11-09,buy_and_hold,1.1670618660339473
2016-11-10,buy_and_hold,1.1808348188587146
2016-11-11,buy_and_hold,1.1826282627790068
2016-11-14,buy_and_hold,1.1719198354879423
2016-11-15,buy_and_hold,1.1740266967923632
2016-11-16,buy_and_hold,1.1746187074068286
2016-11-17,buy_and_hold,1.1745664711761408
2016-11-18,buy_and_hold,1.1722680770258633
2016-11-21,buy_and_hold,1.1740789330230514
2016-11-22,buy_and_hold,1.1873469356178337
2016-11-23,buy_and_hold,1.1895234452298387
2016-11-24,buy_and_hold,1.1808522309356109
2016-11-25,buy_and_hold,1.1768300411726258
2016-11-28,buy_and_hold,1.1584080638166159
2016-11-29,buy_and_hold,1.1461673737587001
2016-11-30,buy_and_hold,1.1580249981249033
2016-12-01,buy_and_hold,1.1605845734286209
2016-12-02,buy_and_hold,1.1581468826631753
2016-12-05,buy_and_hold,1.149562728753428
2016-12-06,buy_and_hold,1.1343793977000816
2016-12-07,buy_and_hold,1.1379314613868734
2016-12-08,buy_and_hold,1.1472643346031508
2016-12-09,buy_and_hold,1.1545425827456954
2016-12-12,buy_and_hold,1.1486747128317298
2016-12-13,buy_and_hold,1.139899026076126
2016-12-14,buy_and_hold,1.1581468826631756
2016-12-15,buy_and_hold,1.1595050246610663
2016-12-16,buy_and_hold,1.175593783713007
2016-12-19,buy_and_hold,1.1741485813306358
2016-12-20,buy_and_hold,1.1538286875929578
2016-12-21,buy_and_hold,1.161281056504463
2016-12-22,buy_and_hold,1.1564230870504677
2016-12-23,buy_and_hold,1.1568061527421805
2016-12-26,buy_and_hold,1.1534630339781409
2016-12-27,buy_and_hold,1.1559181368204825
2016-12-28,buy_and_hold,1.155291302052225
2016-12-29,buy_and_hold,1.157415575433542
2016-12-30,buy_and_hold,1.1576767565869825
2017-01-03,buy_and_hold,1.1701089794907547
2017-01-04,buy_and_hold,1.1747928281757896
2017-01-05,buy_and_hold,1.17672556871125
2017-01-06,buy_and_hold,1.1836729873927696
2017-01-09,buy_and_hold,1.1884961326929726
2017-01-10,buy_and_hold,1.1858843211585668
2017-01-11,buy_and_hold,1.1964882759882547
2017-01-12,buy_and_hold,1.1961400344503341
2017-01-13,buy_and_hold,1.1928317398400863
2017-01-16,buy_and_hold,1.1804343410901064
2017-01-17,buy_and_hold,1.1922223171487252
2017-01-18,buy_and_hold,1.1897323901525914
2017-01-19,buy_and_hold,1.1880434186936755
2017-01-20,buy_and_hold,1.1949211890676115
2017-01-23,buy_and_hold,1.1964708639113588
2017-01-24,buy_and_hold,1.2038013482845915
2017-01-25,buy_and_hold,1.214109297807047
2017-02-02,buy_and_hold,1.2243824231757103
2017-02-03,buy_and_hold,1.2194548054141312
2017-02-06,buy_and_hold,1.2189150310303538
2017-02-07,buy_and_hold,1.2221710894099134
2017-02-08,buy_and_hold,1.2223974464095617
2017-02-09,buy_and_hold,1.2199771677210123
2017-02-10,buy_and_hold,1.2254271477894725
2017-02-13,buy_and_hold,1.2291185080914329
2017-02-14,buy_and_hold,1.2297453428596903
2017-02-15,buy_and_hold,1.2389911556914874
2017-02-16,buy_and_hold,1.2351256746205665
2017-02-17,buy_and_hold,1.2324790389323685
2017-02-20,buy_and_hold,1.2372847721556754
2017-02-21,buy_and_hold,1.2476623699857148
2017-02-22,buy_and_hold,1.2488638032915416
2017-02-23,buy_and_hold,1.248219556446388
2017-02-24,buy_and_hold,1.2440406579913386
2017-02-27,buy_and_hold,1.2492120448294626
2017-02-28,buy_and_hold,1.237633013693596
2017-03-01,buy_and_hold,1.235421679927799
2017-03-02,buy_and_hold,1.231921852471695
2017-03-03,buy_and_hold,1.2408194237655714
2017-03-06,buy_and_hold,1.2472096559864179
2017-03-07,buy_and_hold,1.247644957908819
2017-03-08,buy_and_hold,1.2477494303701953
2017-03-09,buy_and_hold,1.2463564642185119
2017-03-10,buy_and_hold,1.2401055286128337
2017-03-13,buy_and_hold,1.2365534649260417
2017-03-14,buy_and_hold,1.2444585478368437
2017-03-15,buy_and_hold,1.2417248517641655
2017-03-16,buy_and_hold,1.2448242014516604
2017-03-17,buy_and_hold,1.237197711771195
2017-03-20,buy_and_hold,1.2450853826051012
2017-03-21,buy_and_hold,1.2470181231405615
2017-03-22,buy_and_hold,1.2413766102262447
2017-03-23,buy_and_hold,1.252903405131423
2017-03-24,buy_and_hold,1.2573957209706013
2017-03-27,buy_and_hold,1.2597985875822548
2017-03-28,buy_and_hold,1.2523810428245419
2017-03-29,buy_and_hold,1.254487904128963
2017-03-30,buy_and_hold,1.26039059819672
2017-03-31,buy_and_hold,1.2576917262778338
2017-04-03,buy_and_hold,1.2578136108161062
2017-04-04,buy_and_hold,1.2608781363498092
2017-04-05,buy_and_hold,1.2592762252753735
2017-04-07,buy_and_hold,1.2675121376472003
2017-04-10,buy_and_hold,1.2708552564112399
2017-04-11,buy_and_hold,1.2733974196380617
2017-04-12,buy_and_hold,1.2633854754228389
2017-04-13,buy_and_hold,1.261243789964626
2017-04-14,buy_and_hold,1.2509706645959626
2017-04-17,buy_and_hold,1.2377026620011806
2017-04-18,buy_and_hold,1.2448416135285567
2017-04-19,buy_and_hold,1.248045435677428
2017-04-20,buy_and_hold,1.2408890720731558
2017-04-21,buy_and_hold,1.2404537701507548
2017-04-24,buy_and_hold,1.235195322928151
2017-04-25,buy_and_hold,1.232043737009968
2017-04-26,buy_and_hold,1.2363271079263933
2017-04-27,buy_and_hold,1.247627545831923
2017-04-28,buy_and_hold,1.2497169950594478
2017-05-03,buy_and_hold,1.2528685809776308
2017-05-04,buy_and_hold,1.2571867760478486
2017-05-05,buy_and_hold,1.2536695365148487
2017-05-08,buy_and_hold,1.2516845597487003
2017-05-09,buy_and_hold,1.2573434847399132
2017-05-10,buy_and_hold,1.2611741416570417
2017-05-11,buy_and_hold,1.2623581628859724
2017-05-12,buy_and_hold,1.2630198218080217
2017-05-15,buy_and_hold,1.2629849976542298
2017-05-16,buy_and_hold,1.2624278111935563
2017-05-17,buy_and_hold,1.266206231879997
2017-05-18,buy_and_hold,1.26584057826518
2017-05-19,buy_and_hold,1.2777330267851752
2017-05-22,buy_and_hold,1.2956326418343038
2017-05-23,buy_and_hold,1.2901130134582592
2017-05-24,buy_and_hold,1.2932645993764424
2017-05-25,buy_and_hold,1.291819396994071
2017-05-26,buy_and_hold,1.294431208528477
2017-05-29,buy_and_hold,1.2993762383669523
2017-05-30,buy_and_hold,1.2853769285425365
2017-05-31,buy_and_hold,1.284697857543591
2017-06-01,buy_and_hold,1.2916278641482146
2017-06-02,buy_and_hold,1.2864216531562986
2017-06-05,buy_and_hold,1.2945705051436451
2017-06-06,buy_and_hold,1.308186749276348
2017-06-07,buy_and_hold,1.3119303458089966
2017-06-08,buy_and_hold,1.3061321242026154
2017-06-09,buy_and_hold,1.3054182290498777
2017-06-12,buy_and_hold,1.3078036835846352
2017-06-13,buy_and_hold,1.3179026881843379
2017-06-14,buy_and_hold,1.3246585740200012
2017-06-15,buy_and_hold,1.3243103324820804
2017-06-16,buy_and_hold,1.3254769416341152
2017-06-19,buy_and_hold,1.3352102926190013
2017-06-20,buy_and_hold,1.3372300935389416
2017-06-21,buy_and_hold,1.3362201930789714
2017-06-22,buy_and_hold,1.3342874525435109
2017-06-23,buy_and_hold,1.3390061253823375
2017-06-26,buy_and_hold,1.3451177643728474
2017-06-27,buy_and_hold,1.3363943138479317
2017-06-28,buy_and_hold,1.3390583616130256
2017-06-29,buy_and_hold,1.3437770344518523
2017-06-30,buy_and_hold,1.351995534746783
2017-07-03,buy_and_hold,1.3561918452787285
2017-07-04,buy_and_hold,1.3503762115954512
2017-07-05,buy_and_hold,1.3552167689725505
2017-07-06,buy_and_hold,1.3627561982685354
2017-07-07,buy_and_hold,1.350707041056476
2017-07-10,buy_and_hold,1.3347401665428078
2017-07-11,buy_and_hold,1.3396155480736989
2017-07-12,buy_and_hold,1.3479907570606937
2017-07-13,buy_and_hold,1.355181944818758
2017-07-14,buy_and_hold,1.3539630994360354
2017-07-17,buy_and_hold,1.338832004613377
2017-07-18,buy_and_hold,1.3363594896941395
2017-07-19,buy_and_hold,1.3429934909915304
2017-07-20,buy_and_hold,1.3379614007685752
2017-07-21,buy_and_hold,1.3265564904016693
2017-07-24,buy_and_hold,1.322865130099709
2017-07-25,buy_and_hold,1.3359764240024266
2017-07-26,buy_and_hold,1.3474858068307087
2017-07-27,buy_and_hold,1.3433417325294514
2017-07-28,buy_and_hold,1.3530750835143375
2017-07-31,buy_and_hold,1.364323285189179
2017-08-01,buy_and_hold,1.3699996222572879
2017-08-02,buy_and_hold,1.3689897217973175
2017-08-03,buy_and_hold,1.3729248511758223
2017-08-04,buy_and_hold,1.373255680636847
2017-08-07,buy_and_hold,1.380742873702144
2017-08-08,buy_and_hold,1.3782877708598027
2017-08-09,buy_and_hold,1.3471027411389958
2017-08-10,buy_and_hold,1.3467022633703867
2017-08-11,buy_and_hold,1.3443516329894216
2017-08-14,buy_and_hold,1.3514731724399014
2017-08-15,buy_and_hold,1.3425756011460253
2017-08-16,buy_and_hold,1.3469460324469316
2017-08-17,buy_and_hold,1.3365336104630998
2017-08-18,buy_and_hold,1.3389364770747532
2017-08-21,buy_and_hold,1.3386230596906243
2017-08-22,buy_and_hold,1.3255117657879065
2017-08-23,buy_and_hold,1.333730266082837
2017-08-24,buy_and_hold,1.340329443226436
2017-08-25,buy_and_hold,1.3435680895290996
2017-08-28,buy_and_hold,1.3533710888215698
2017-08-29,buy_and_hold,1.347746987984149
2017-08-30,buy_and_hold,1.3557913675101194
2017-08-31,buy_and_hold,1.3629477311143916
2017-09-01,buy_and_hold,1.373342741021327
2017-09-05,buy_and_hold,1.379576264550109
2017-09-06,buy_and_hold,1.381735362085218
2017-09-07,buy_and_hold,1.3872549904612628
2017-09-08,buy_and_hold,1.3950556009106883
2017-09-11,buy_and_hold,1.3885608962284657
2017-09-12,buy_and_hold,1.3928616792217874
2017-09-13,buy_and_hold,1.3978067090602626
2017-09-14,buy_and_hold,1.403970584281461
2017-09-15,buy_and_hold,1.4030999804366588
2017-09-18,buy_and_hold,1.406669456200347
2017-09-19,buy_and_hold,1.4032915132825154
2017-09-20,buy_and_hold,1.4031696287442432
2017-09-21,buy_and_hold,1.3998090979033075
2017-09-22,buy_and_hold,1.4053809625100402
2017-09-25,buy_and_hold,1.4026820905911541
2017-09-26,buy_and_hold,1.4022816128225453
2017-09-27,buy_and_hold,1.399530504672971
2017-09-28,buy_and_hold,1.401358772747055
2017-09-29,buy_and_hold,1.400662289671213
2017-10-02,buy_and_hold,1.3968490448309807
2017-10-03,buy_and_hold,1.3894837363039558
2017-10-04,buy_and_hold,1.4028213872063222
2017-10-05,buy_and_hold,1.4020726678997926
2017-10-06,buy_and_hold,1.4065475716620748
2017-10-09,buy_and_hold,1.4085673725820156
2017-10-10,buy_and_hold,1.411510013577446
2017-10-11,buy_and_hold,1.4172559989531395
2017-10-12,buy_and_hold,1.4205991177171788
2017-10-13,buy_and_hold,1.429444452780367
2017-10-16,buy_and_hold,1.4267978170921687
2017-10-17,buy_and_hold,1.4422249172220598
2017-10-18,buy_and_hold,1.4412324288389857
2017-10-19,buy_and_hold,1.4433392901434066
2017-10-20,buy_and_hold,1.4397001660721345
2017-10-23,buy_and_hold,1.4278599537828274
2017-10-24,buy_and_hold,1.436914233768768
2017-10-25,buy_and_hold,1.4464038156771095
2017-10-26,buy_and_hold,1.4453939152171393
2017-10-27,buy_and_hold,1.4632587061124758
2017-10-30,buy_and_hold,1.471668739253263
2017-10-31,buy_and_hold,1.4578783743515993
2017-11-01,buy_and_hold,1.4673331321061491
2017-11-02,buy_and_hold,1.450582714132159
2017-11-03,buy_and_hold,1.469109163949545
2017-11-06,buy_and_hold,1.4784420371658222
2017-11-07,buy_and_hold,1.4806011347009314
2017-11-08,buy_and_hold,1.4969162507525202
2017-11-09,buy_and_hold,1.4981350961352429
2017-11-10,buy_and_hold,1.51173392819105
2017-11-13,buy_and_hold,1.531113569776342
2017-11-14,buy_and_hold,1.5338298537721238
2017-11-15,buy_and_hold,1.5367724947675547
2017-11-16,buy_and_hold,1.554550225278411
2017-11-17,buy_and_hold,1.5508762770533469
2017-11-20,buy_and_hold,1.5732682079416536
2017-11-21,buy_and_hold,1.5989510213633118
2017-11-22,buy_and_hold,1.6239547637860248
2017-11-23,buy_and_hold,1.6257656197832129
2017-11-24,buy_and_hold,1.6290216781627722
2017-11-27,buy_and_hold,1.6343149495391682
2017-11-28,buy_and_hold,1.6388420895321385
2017-11-29,buy_and_hold,1.6578734895795095
2017-11-30,buy_and_hold,1.6540254205854847
2017-12-01,buy_and_hold,1.672133980557366
2017-12-04,buy_and_hold,1.6890062830696286
2017-12-05,buy_and_hold,1.6598932904994503
2017-12-06,buy_and_hold,1.650038054976292
2017-12-07,buy_and_hold,1.6343845978467526
2017-12-08,buy_and_hold,1.6370138214580545
2017-12-11,buy_and_hold,1.5974709948271488
2017-12-12,buy_and_hold,1.6145348301852676
2017-12-13,buy_and_hold,1.6095723882698962
2017-12-14,buy_and_hold,1.6295092163158618
2017-12-15,buy_and_hold,1.628307783010035
2017-12-18,buy_and_hold,1.6681814391019654
2017-12-19,buy_and_hold,1.6566198200429951
2017-12-20,buy_and_hold,1.6602589441142677
2017-12-21,buy_and_hold,1.6472869468267182
2017-12-22,buy_and_hold,1.6581869069636392
2017-12-25,buy_and_hold,1.6686167410243666
2017-12-26,buy_and_hold,1.6818847436191486
2017-12-27,buy_and_hold,1.686289999073847
2017-12-28,buy_and_hold,1.7006723745899754
2017-12-29,buy_and_hold,1.7137662564157974
2018-01-02,buy_and_hold,1.733842381076931
2018-01-03,buy_and_hold,1.7510803372040102
2018-01-04,buy_and_hold,1.775596541473634
2018-01-05,buy_and_hold,1.7632339668774457
2018-01-08,buy_and_hold,1.7810813456958863
2018-01-09,buy_and_hold,1.799642619667064
2018-01-10,buy_and_hold,1.807565114654762
2018-01-11,buy_and_hold,1.825081664012178
2018-01-12,buy_and_hold,1.8284596069300096
2018-01-15,buy_and_hold,1.8517221416631187
2018-01-16,buy_and_hold,1.8508341257414205
2018-01-17,buy_and_hold,1.8016101843563166
2018-01-18,buy_and_hold,1.828703376006554
2018-01-19,buy_and_hold,1.8492844508976725
2018-01-22,buy_and_hold,1.8934240658291333
2018-01-25,buy_and_hold,1.9232857777058407
2018-01-26,buy_and_hold,1.9425609468297569
2018-01-29,buy_and_hold,1.9323922939224696
2018-01-30,buy_and_hold,1.9337156117665684
2018-01-31,buy_and_hold,1.9333673702286476
2018-02-01,buy_and_hold,1.9147538600267815
2018-02-02,buy_and_hold,1.9241041453199543
2018-02-05,buy_and_hold,1.8260219161645637
2018-02-06,buy_and_hold,1.7614056988033608
2018-02-07,buy_and_hold,1.8118136614173954
2018-02-08,buy_and_hold,1.7816907683872472
2018-02-09,buy_and_hold,1.7480680479009951
2018-02-12,buy_and_hold,1.8139727589525048
2018-02-13,buy_and_hold,1.8452100249039998
2018-02-21,buy_and_hold,1.8929539397529405
2018-02-22,buy_and_hold,1.873591710244544
2018-02-23,buy_and_hold,1.920290900479722
2018-02-26,buy_and_hold,1.9406282062942963
2018-02-27,buy_and_hold,1.9494735413574842
2018-02-28,buy_and_hold,1.95283407219842
2018-03-01,buy_and_hold,1.9428221279831974
2018-03-02,buy_and_hold,1.952259473660851
2018-03-05,buy_and_hold,1.903975784428133
2018-03-06,buy_and_hold,1.9506575625864149
2018-03-07,buy_and_hold,1.9366756648388952
2018-03-08,buy_and_hold,1.9573786242682865
2018-03-09,buy_and_hold,1.9560901305779794
2018-03-12,buy_and_hold,1.9611048087240388
2018-03-13,buy_and_hold,1.9733280867050584
2018-03-14,buy_and_hold,1.9816510594613652
2018-03-15,buy_and_hold,1.9828176686134
2018-03-16,buy_and_hold,2.0027196725055734
2018-03-19,buy_and_hold,2.018442777942697
2018-03-20,buy_and_hold,2.0187387832499297
2018-03-21,buy_and_hold,2.036098623915281
2018-03-22,buy_and_hold,2.041322246984093
2018-03-23,buy_and_hold,2.0086397786502266
2018-03-26,buy_and_hold,2.0393372702179446
2018-03-27,buy_and_hold,2.040225286139643
2018-03-28,buy_and_hold,2.041113302061341
2018-03-29,buy_and_hold,2.032041609998504
2018-03-30,buy_and_hold,2.0449787831322617
2018-04-02,buy_and_hold,2.0835465334569894
2018-04-03,buy_and_hold,2.0690596854794845
2018-04-04,buy_and_hold,2.0747186104706974
2018-04-05,buy_and_hold,2.0775567790047518
2018-04-06,buy_and_hold,2.0893795792171628
2018-04-09,buy_and_hold,2.0969886568207317
2018-04-10,buy_and_hold,2.086175757068291
2018-04-11,buy_and_hold,2.0321809066136725
2018-04-12,buy_and_hold,2.0424714440592315
2018-04-13,buy_and_hold,2.014821065948321
2018-04-16,buy_and_hold,1.9997596194332465
2018-04-17,buy_and_hold,2.008100004266449
2018-04-18,buy_and_hold,1.9824171908447912
2018-04-19,buy_and_hold,1.9059781732711776
2018-04-20,buy_and_hold,1.9499088432798852
2018-04-23,buy_and_hold,1.874897616011747
2018-04-24,buy_and_hold,1.8817927984625789
2018-04-26,buy_and_hold,1.8193182665595886
2018-04-27,buy_and_hold,1.8287207880834502
2018-05-02,buy_and_hold,1.7918420092176384
2018-05-03,buy_and_hold,1.7872800450708761
2018-05-04,buy_and_hold,1.7878720556853411
2018-05-07,buy_and_hold,1.8496152803586976
2018-05-08,buy_and_hold,1.8464636944405144
2018-05-09,buy_and_hold,1.8404042916806926
2018-05-10,buy_and_hold,1.7914763556028213
2018-05-11,buy_and_hold,1.8193008544826927
2018-05-14,buy_and_hold,1.8578337806536287
2018-05-15,buy_and_hold,1.8691864547898462
2018-05-16,buy_and_hold,1.8363124536101236
2018-05-17,buy_and_hold,1.7945582932134212
2018-05-18,buy_and_hold,1.8117962493405
2018-05-21,buy_and_hold,1.7672909807942232
2018-05-22,buy_and_hold,1.7166740732574362
2018-05-23,buy_and_hold,1.721949932556936
2018-05-24,buy_and_hold,1.7166914853343318
2018-05-25,buy_and_hold,1.678350092009253
2018-05-28,buy_and_hold,1.6223702647884857
2018-05-29,buy_and_hold,1.6579431378870944
2018-05-30,buy_and_hold,1.6515354935893518
2018-05-31,buy_and_hold,1.6911479685278419
2018-06-01,buy_and_hold,1.7287928787770792
2018-06-04,buy_and_hold,1.765201531566698
2018-06-05,buy_and_hold,1.7808027524655494
2018-06-06,buy_and_hold,1.8012793548952921
2018-06-07,buy_and_hold,1.805092599735525
2018-06-08,buy_and_hold,1.809132201575406
2018-06-11,buy_and_hold,1.809149613652302
2018-06-12,buy_and_hold,1.777355161240134
2018-06-13,buy_and_hold,1.7943667603675646
2018-06-14,buy_and_hold,1.7685794744845302
2018-06-15,buy_and_hold,1.7699550285593173
2018-06-18,buy_and_hold,1.71916400025357
2018-06-19,buy_and_hold,1.6753203906293421
2018-06-20,buy_and_hold,1.7080376831170003
2018-06-21,buy_and_hold,1.6879267343020745
2018-06-22,buy_and_hold,1.7119031641879208
2018-06-25,buy_and_hold,1.72470104070651
2018-06-26,buy_and_hold,1.7116419830344805
2018-06-27,buy_and_hold,1.6870735425341685
2018-06-28,buy_and_hold,1.6669451816423468
2018-06-29,buy_and_hold,1.6729175240176883
2018-07-02,buy_and_hold,1.6491848632083863
2018-07-03,buy_and_hold,1.5775515788580796
2018-07-04,buy_and_hold,1.593187623910723
2018-07-05,buy_and_hold,1.5660421960297972
2018-07-06,buy_and_hold,1.5975754672885247
2018-07-09,buy_and_hold,1.5934139809103713
2018-07-10,buy_and_hold,1.5864491501519555
2018-07-11,buy_and_hold,1.5551770600466683
2018-07-12,buy_and_hold,1.5644925211860499
2018-07-13,buy_and_hold,1.5840114593865102
2018-07-16,buy_and_hold,1.5864317380750599
2018-07-17,buy_and_hold,1.6041224082014358
2018-07-18,buy_and_hold,1.6408967146058715
2018-07-19,buy_and_hold,1.6436478227554456
2018-07-20,buy_and_hold,1.6252258453994357
2018-07-23,buy_and_hold,1.6310588911596091
2018-07-24,buy_and_hold,1.6264272787052625
2018-07-25,buy_and_hold,1.6151094287228367
2018-07-26,buy_and_hold,1.6196017445620146
2018-07-27,buy_and_hold,1.628934617778292
2018-07-30,buy_and_hold,1.6536771790475642
2018-07-31,buy_and_hold,1.6652736222603266
2018-08-01,buy_and_hold,1.6589704504239602
2018-08-02,buy_and_hold,1.6603285924218514
2018-08-03,buy_and_hold,1.6708628989439553
2018-08-06,buy_and_hold,1.6719598597884058
2018-08-07,buy_and_hold,1.6659701053361682
2018-08-08,buy_and_hold,1.6824767542336136
2018-08-09,buy_and_hold,1.6776536089334106
2018-08-10,buy_and_hold,1.6863074111507423
2018-08-13,buy_and_hold,1.702970768740252
2018-08-14,buy_and_hold,1.703371246508861
2018-08-15,buy_and_hold,1.6739448365545542
2018-08-16,buy_and_hold,1.6790117509313018
2018-08-17,buy_and_hold,1.6870213063034802
2018-08-20,buy_and_hold,1.6883097999937873
2018-08-21,buy_and_hold,1.7050079817370891
2018-08-22,buy_and_hold,1.7101271323445246
2018-08-23,buy_and_hold,1.7191988244073613
2018-08-24,buy_and_hold,1.7186590500235839
2018-08-27,buy_and_hold,1.727138731471955
2018-08-28,buy_and_hold,1.73283248061696
2018-08-29,buy_and_hold,1.72060920263594
2018-08-30,buy_and_hold,1.7378471587630195
2018-08-31,buy_and_hold,1.7229946571706976
2018-09-04,buy_and_hold,1.699314232592084
2018-09-05,buy_and_hold,1.6862551749200543
2018-09-06,buy_and_hold,1.6684077961016137
2018-09-07,buy_and_hold,1.687056130457272
2018-09-10,buy_and_hold,1.689563469530302
2018-09-11,buy_and_hold,1.715194046721272
2018-09-12,buy_and_hold,1.7185894017160002
2018-09-13,buy_and_hold,1.7202261369442275
2018-09-14,buy_and_hold,1.7261288310119853
2018-09-17,buy_and_hold,1.7196341263297625
2018-09-18,buy_and_hold,1.729872427544634
2018-09-19,buy_and_hold,1.7334419033083222
2018-09-20,buy_and_hold,1.7494610140526787
2018-09-21,buy_and_hold,1.74637907644208
2018-09-24,buy_and_hold,1.7608659244195848
2018-09-25,buy_and_hold,1.7599082601903027
2018-09-26,buy_and_hold,1.7579406955010501
2018-09-27,buy_and_hold,1.767970051793169
2018-09-28,buy_and_hold,1.7710345773268719
2018-10-01,buy_and_hold,1.763634444646055
2018-10-02,buy_and_hold,1.7739249820916145
2018-10-03,buy_and_hold,1.7767283264718772
2018-10-04,buy_and_hold,1.7823350152324018
2018-10-05,buy_and_hold,1.7558164221197334
2018-10-08,buy_and_hold,1.7344518037682928
2018-10-09,buy_and_hold,1.7345736883065652
2018-10-10,buy_and_hold,1.7306907951587482
2018-10-11,buy_and_hold,1.646990941519486
2018-10-12,buy_and_hold,1.6891107555310056
2018-10-15,buy_and_hold,1.6570028857347086
2018-10-16,buy_and_hold,1.6774272519337627
2018-10-17,buy_and_hold,1.6917573912192034
2018-10-18,buy_and_hold,1.6776013727027235
2018-10-19,buy_and_hold,1.668703801408847
2018-10-22,buy_and_hold,1.6602589441142677
2018-10-23,buy_and_hold,1.636178041767045
2018-10-24,buy_and_hold,1.606664571428258
2018-10-25,buy_and_hold,1.584795002846832
2018-10-26,buy_and_hold,1.5685147109490352
2018-10-29,buy_and_hold,1.5476202186737877
2018-10-30,buy_and_hold,1.5473938616741392
2018-10-31,buy_and_hold,1.5927871461421141
2018-11-01,buy_and_hold,1.5809469338528075
2018-11-02,buy_and_hold,1.6103733438071142
2018-11-05,buy_and_hold,1.6115399529591488
2018-11-06,buy_and_hold,1.6054805501993268
2018-11-07,buy_and_hold,1.6056720830451834
2018-11-08,buy_and_hold,1.6128458587263514
2018-11-09,buy_and_hold,1.5919687785280001
2018-11-12,buy_and_hold,1.5986376039791834
2018-11-13,buy_and_hold,1.576454618013629
2018-11-14,buy_and_hold,1.5687062437948913
2018-11-15,buy_and_hold,1.5621244787281885
2018-11-16,buy_and_hold,1.5639353347253768
2018-11-19,buy_and_hold,1.5950507161385992
2018-11-20,buy_and_hold,1.6002046908998269
2018-11-21,buy_and_hold,1.6063685661210245
2018-11-22,buy_and_hold,1.6096072124236878
2018-11-23,buy_and_hold,1.5983764228257424
2018-11-26,buy_and_hold,1.6037045183559304
2018-11-27,buy_and_hold,1.607343642427203
2018-11-28,buy_and_hold,1.619671392869599
2018-11-29,buy_and_hold,1.6137338746480494
2018-11-30,buy_and_hold,1.6132985727256484
2018-12-03,buy_and_hold,1.6569158253502274
2018-12-04,buy_and_hold,1.6695395810998561
2018-12-05,buy_and_hold,1.6665795280275293
2018-12-06,buy_and_hold,1.6625399261876483
2018-12-07,buy_and_hold,1.669104279177455
2018-12-10,buy_and_hold,1.6644030184155243
2018-12-11,buy_and_hold,1.6621220363421432
2018-12-12,buy_and_hold,1.6737881278624898
2018-12-13,buy_and_hold,1.6719946839421977
2018-12-14,buy_and_hold,1.6576993688105492
2018-12-17,buy_and_hold,1.6256785593987326
2018-12-18,buy_and_hold,1.6145348301852673
2018-12-19,buy_and_hold,1.6005877565915396
2018-12-20,buy_and_hold,1.5988465489019357
2018-12-21,buy_and_hold,1.588434126918104
2018-12-24,buy_and_hold,1.5819916584665692
2018-12-25,buy_and_hold,1.5635000328029753
2018-12-26,buy_and_hold,1.5527219572043267
2018-12-27,buy_and_hold,1.5684972988721384
2018-12-28,buy_and_hold,1.5540975112791136
2019-01-02,buy_and_hold,1.5527219572043267
2019-01-03,buy_and_hold,1.5291634171639852
2019-01-04,buy_and_hold,1.5338298537721238
2019-01-07,buy_and_hold,1.5490480089792624
2019-01-08,buy_and_hold,1.545217352062134
2019-01-09,buy_and_hold,1.5618458854978514
2019-01-10,buy_and_hold,1.5641268675712325
2019-01-11,buy_and_hold,1.5718055934823862
2019-01-14,buy_and_hold,1.5702210944848465
2019-01-15,buy_and_hold,1.5839418110789256
2019-01-16,buy_and_hold,1.5822354275431139
2019-01-17,buy_and_hold,1.570377803176911
2019-01-18,buy_and_hold,1.5710916983296483
2019-01-21,buy_and_hold,1.5863272656136829
2019-01-22,buy_and_hold,1.578491831010465
2019-01-23,buy_and_hold,1.5813299995445194
2019-01-24,buy_and_hold,1.582392136235178
2019-01-25,buy_and_hold,1.5825488449272425
2019-01-28,buy_and_hold,1.5882948303029354
2019-01-29,buy_and_hold,1.5948243591389502
2019-01-30,buy_and_hold,1.594667650446886
2019-01-31,buy_and_hold,1.5856307825378413
2019-02-01,buy_and_hold,1.5821831913124256
2019-02-11,buy_and_hold,1.6125324413422226
2019-02-12,buy_and_hold,1.6324518573112918
2019-02-13,buy_and_hold,1.6458765685981385
2019-02-14,buy_and_hold,1.6582217311174305
2019-02-15,buy_and_hold,1.655696979967505
2019-02-18,buy_and_hold,1.6738229520162822
2019-02-19,buy_and_hold,1.6791336354695743
2019-02-20,buy_and_hold,1.689981359375807
2019-02-21,buy_and_hold,1.7195644780221784
2019-02-22,buy_and_hold,1.7218976963262476
2019-02-25,buy_and_hold,1.7315091627728616
2019-02-26,buy_and_hold,1.7186764621004804
2019-02-27,buy_and_hold,1.7242657387841092
2019-02-28,buy_and_hold,1.681083788081931
2019-03-01,buy_and_hold,1.7057392889667229
2019-03-04,buy_and_hold,1.7307430313894359
2019-03-05,buy_and_hold,1.7280615715474459
2019-03-06,buy_and_hold,1.731613635234238
2019-03-07,buy_and_hold,1.73081267969702
2019-03-08,buy_and_hold,1.7155248761822974
2019-03-11,buy_and_hold,1.7143930911840548
2019-03-12,buy_and_hold,1.743506083754233
2019-03-13,buy_and_hold,1.7506276232047129
2019-03-14,buy_and_hold,1.755903482504213
2019-03-15,buy_and_hold,1.748381465285124
2019-03-18,buy_and_hold,1.7618584128026582
2019-03-19,buy_and_hold,1.7526822482784454
2019-03-20,buy_and_hold,1.7452124672900444
2019-03-21,buy_and_hold,1.7094828854993713
2019-03-22,buy_and_hold,1.7215494547883268
2019-03-25,buy_and_hold,1.689093343454109
2019-03-26,buy_and_hold,1.6886058053010198
2019-03-27,buy_and_hold,1.699261996361396
2019-03-28,buy_and_hold,1.711572334726896
2019-03-29,buy_and_hold,1.707706853655975
2019-04-01,buy_and_hold,1.7212360374041977
2019-04-02,buy_and_hold,1.716499952488475
2019-04-03,buy_and_hold,1.7141493221075097
2019-04-04,buy_and_hold,1.7184152809470392
2019-04-05,buy_and_hold,1.7225071190176087
2019-04-08,buy_and_hold,1.7369591428413211
2019-04-09,buy_and_hold,1.7211489770197173
2019-04-10,buy_and_hold,1.7097092424990192
2019-04-11,buy_and_hold,1.7167437215650196
2019-04-12,buy_and_hold,1.7114330381117273
2019-04-16,buy_and_hold,1.7014559180502968
2019-04-17,buy_and_hold,1.6926279950640046
2019-04-18,buy_and_hold,1.6755641597058857
2019-04-19,buy_and_hold,1.6823722817722373
2019-04-22,buy_and_hold,1.681762859080876
2019-04-23,buy_and_hold,1.6854890435366283
2019-04-24,buy_and_hold,1.7010206161278953
2019-04-25,buy_and_hold,1.6961626466739004
2019-04-26,buy_and_hold,1.7057567010436183
2019-05-02,buy_and_hold,1.7037717242774697
2019-05-03,buy_and_hold,1.6961800587507965
2019-05-06,buy_and_hold,1.6680247304099005
2019-05-07,buy_and_hold,1.6673108352571628
2019-05-08,buy_and_hold,1.656271578505074
2019-05-09,buy_and_hold,1.6489410941318412
2019-05-10,buy_and_hold,1.658587384732247
2019-05-13,buy_and_hold,1.669017218792975
2019-05-14,buy_and_hold,1.6808574310822821
2019-05-15,buy_and_hold,1.6987918702852027
2019-05-16,buy_and_hold,1.6988789306696832
2019-05-17,buy_and_hold,1.7002544847444703
2019-05-20,buy_and_hold,1.7187983466387526
2019-05-21,buy_and_hold,1.717335732179485
2019-05-22,buy_and_hold,1.7129653008785792
2019-05-23,buy_and_hold,1.711102208650703
2019-05-24,buy_and_hold,1.6890236951465247
2019-05-27,buy_and_hold,1.697921266440401
2019-05-28,buy_and_hold,1.6924538742950448
2019-05-29,buy_and_hold,1.6916529187578269
2019-05-30,buy_and_hold,1.6878222618406984
2019-05-31,buy_and_hold,1.671350437097045
2019-06-03,buy_and_hold,1.6480008419794558
2019-06-04,buy_and_hold,1.6561671060436984
2019-06-05,buy_and_hold,1.6566024079660995
2019-06-06,buy_and_hold,1.651030543359367
2019-06-07,buy_and_hold,1.6685645047936788
2019-06-10,buy_and_hold,1.676608884319649
2019-06-11,buy_and_hold,1.675163681937278
2019-06-12,buy_and_hold,1.6614081411894066
2019-06-13,buy_and_hold,1.6542866017389266
2019-06-14,buy_and_hold,1.6604330648832284
2019-06-17,buy_and_hold,1.6488366216704662
2019-06-18,buy_and_hold,1.6437174710630305
2019-06-19,buy_and_hold,1.653607530739981
2019-06-20,buy_and_hold,1.6701315917143225
2019-06-21,buy_and_hold,1.6701664158681149
2019-06-24,buy_and_hold,1.6765218239351694
2019-06-25,buy_and_hold,1.6717857390194466
2019-06-26,buy_and_hold,1.6700445313298424
2019-06-27,buy_and_hold,1.6421503841423872
2019-06-28,buy_and_hold,1.6540428326623826
2019-07-01,buy_and_hold,1.6813275571584765
2019-07-02,buy_and_hold,1.6750069732452142
2019-07-03,buy_and_hold,1.6722384530187437
2019-07-04,buy_and_hold,1.6942647302922336
2019-07-05,buy_and_hold,1.6982695079783228
2019-07-08,buy_and_hold,1.6826160508487833
2019-07-09,buy_and_hold,1.6873173116107139
2019-07-10,buy_and_hold,1.695326866982892
2019-07-11,buy_and_hold,1.70399808127712
2019-07-12,buy_and_hold,1.6983739804396991
2019-07-15,buy_and_hold,1.6933767143705358
2019-07-16,buy_and_hold,1.7100574840369418
2019-07-17,buy_and_hold,1.7108584395741597
2019-07-18,buy_and_hold,1.699505765437942
2019-07-19,buy_and_hold,1.7104579618055509
2019-07-22,buy_and_hold,1.7099355994986696
2019-07-23,buy_and_hold,1.7228553605555312
2019-07-24,buy_and_hold,1.7210270924814468
2019-07-25,buy_and_hold,1.7324145907714568
2019-07-26,buy_and_hold,1.7296286584680904
2019-07-29,buy_and_hold,1.7376208017633725
2019-07-30,buy_and_hold,1.7168656061032932
2019-07-31,buy_and_hold,1.7266860174726595
2019-08-01,buy_and_hold,1.73666313753409
2019-08-02,buy_and_hold,1.7257109411664813
2019-08-05,buy_and_hold,1.6944562631380902
2019-08-06,buy_and_hold,1.6795863494688723
2019-08-07,buy_and_hold,1.6818847436191495
2019-08-08,buy_and_hold,1.6980953872093625
2019-08-09,buy_and_hold,1.6965283002887188
2019-08-12,buy_and_hold,1.6982172717476345
2019-08-13,buy_and_hold,1.6834518305397932
2019-08-14,buy_and_hold,1.6870735425341694
2019-08-15,buy_and_hold,1.7053039870443227
2019-08-16,buy_and_hold,1.7063835358118773
2019-08-19,buy_and_hold,1.7081769797321693
2019-08-20,buy_and_hold,1.714514975722328
2019-08-21,buy_and_hold,1.7314221023883822
2019-08-22,buy_and_hold,1.7364367805344416
2019-08-23,buy_and_hold,1.7280615715474468
2019-08-26,buy_and_hold,1.7113982139579367
2019-08-27,buy_and_hold,1.7007942591282486
2019-08-28,buy_and_hold,1.7016126267423626
2019-08-29,buy_and_hold,1.7039284329695357
2019-08-30,buy_and_hold,1.7134528390316695
2019-09-03,buy_and_hold,1.705269162890531
2019-09-04,buy_and_hold,1.702256873587516
2019-09-05,buy_and_hold,1.7007942591282486
2019-09-06,buy_and_hold,1.6960755862894221
2019-09-09,buy_and_hold,1.6961452345970063
2019-09-10,buy_and_hold,1.6894241729151351
2019-09-11,buy_and_hold,1.6877700256100112
2019-09-12,buy_and_hold,1.699540589591734
2019-09-13,buy_and_hold,1.7189550553308182
2019-09-16,buy_and_hold,1.7235518436313724
2019-09-17,buy_and_hold,1.7355313525358476
2019-09-18,buy_and_hold,1.7327628323093773
2019-09-19,buy_and_hold,1.7361581873041052
2019-09-20,buy_and_hold,1.7244224474761745
2019-09-23,buy_and_hold,1.7163954800271
2019-09-24,buy_and_hold,1.7205395543283575
2019-09-25,buy_and_hold,1.719094351945986
2019-09-26,buy_and_hold,1.7251015184751197
2019-09-27,buy_and_hold,1.7374466809944118
2019-09-30,buy_and_hold,1.7352179351517187
2019-10-01,buy_and_hold,1.7404937944512187
2019-10-02,buy_and_hold,1.7258676498585457
2019-10-03,buy_and_hold,1.7280615715474463
2019-10-04,buy_and_hold,1.719599302175971
2019-10-07,buy_and_hold,1.7117638675727531
2019-10-08,buy_and_hold,1.7206962630204214
2019-10-09,buy_and_hold,1.720017192021476
2019-10-10,buy_and_hold,1.7192336485611541
2019-10-11,buy_and_hold,1.7269994348567876
2019-10-14,buy_and_hold,1.7300117241598025
2019-10-15,buy_and_hold,1.7291062961612083
2019-10-16,buy_and_hold,1.7315613990035499
2019-10-17,buy_and_hold,1.7234821953237875
2019-10-18,buy_and_hold,1.722402646556233
2019-10-21,buy_and_hold,1.7125822351868665
2019-10-22,buy_and_hold,1.7189028191001292
2019-10-23,buy_and_hold,1.7199475437138914
2019-10-24,buy_and_hold,1.7300639603904904
2019-10-25,buy_and_hold,1.7352353472286142
2019-10-28,buy_and_hold,1.7350786385365498
2019-10-29,buy_and_hold,1.7340165018458913
2019-10-30,buy_and_hold,1.7427573644477032
2019-10-31,buy_and_hold,1.7391530645302231
2019-11-01,buy_and_hold,1.7683531174848814
2019-11-04,buy_and_hold,1.7802629780817723
2019-11-05,buy_and_hold,1.7835886847689157
2019-11-06,buy_and_hold,1.78458117315199
2019-11-07,buy_and_hold,1.7830489103851384
2019-11-08,buy_and_hold,1.7803674505431484
2019-11-11,buy_and_hold,1.7703729184048216
2019-11-12,buy_and_hold,1.7731240265543962
2019-11-13,buy_and_hold,1.763442911800198
2019-11-14,buy_and_hold,1.762624544186084
2019-11-15,buy_and_hold,1.7586720027306828
2019-11-18,buy_and_hold,1.7462746039807027
2019-11-19,buy_and_hold,1.7557467738121484
2019-11-20,buy_and_hold,1.7421827659101334
2019-11-21,buy_and_hold,1.7201216644828514
2019-11-22,buy_and_hold,1.7025180547409555
2019-11-25,buy_and_hold,1.700028127744822
2019-11-26,buy_and_hold,1.7007942591282474
2019-11-27,buy_and_hold,1.7031971257399008
2019-11-28,buy_and_hold,1.6896505299147822
2019-11-29,buy_and_hold,1.6902773646830394
2019-12-02,buy_and_hold,1.6703579487139701
2019-12-03,buy_and_hold,1.660119647499099
2019-12-04,buy_and_hold,1.6818325073884606
2019-12-05,buy_and_hold,1.6772531311648022
2019-12-06,buy_and_hold,1.6777580813947872
2019-12-09,buy_and_hold,1.6821111006187972
2019-12-10,buy_and_hold,1.6720817443266782
2019-12-11,buy_and_hold,1.674658731707292
2019-12-12,buy_and_hold,1.6857850488438613
2019-12-13,buy_and_hold,1.6823200455415495
2019-12-16,buy_and_hold,1.674118957323515
2019-12-17,buy_and_hold,1.6611643721128615
2019-12-18,buy_and_hold,1.6561148698130101
2019-12-19,buy_and_hold,1.6580824345022624
2019-12-20,buy_and_hold,1.6653084464141188
2019-12-23,buy_and_hold,1.6705668936367228
2019-12-24,buy_and_hold,1.6696092294074407
2019-12-25,buy_and_hold,1.673161293094233
2019-12-26,buy_and_hold,1.6691042791774557
2019-12-27,buy_and_hold,1.6776710210103072
2019-12-30,buy_and_hold,1.6803176566985052
2019-12-31,buy_and_hold,1.6732831776325052
2020-01-02,buy_and_hold,1.6831732373094557
2020-01-03,buy_and_hold,1.6805091895443616
2020-01-06,buy_and_hold,1.6642288976465647
2020-01-07,buy_and_hold,1.669609229407441
2020-01-08,buy_and_hold,1.6523712732803617
2020-01-09,buy_and_hold,1.671820563173238
2020-01-10,buy_and_hold,1.686429295689015
2020-01-13,buy_and_hold,1.6817280349270847
2020-01-14,buy_and_hold,1.683747835847025
2020-01-15,buy_and_hold,1.684722912153203
2020-01-16,buy_and_hold,1.6964760640580299
2020-01-17,buy_and_hold,1.7045726798146883
2020-01-20,buy_and_hold,1.703998081277119
2020-01-21,buy_and_hold,1.7174750287946536
2020-01-22,buy_and_hold,1.7263377759347378
2020-01-30,buy_and_hold,1.6708280747901638
2020-01-31,buy_and_hold,1.6308499462368569
2020-02-03,buy_and_hold,1.6160845050290154
2020-02-04,buy_and_hold,1.617738652334139
2020-02-05,buy_and_hold,1.6122016118811986
2020-02-06,buy_and_hold,1.6341930650008967
2020-02-07,buy_and_hold,1.6380411339949212
2020-02-10,buy_and_hold,1.6205942329450898
2020-02-11,buy_and_hold,1.6274545912421292
2020-02-12,buy_and_hold,1.632695626387837
2020-02-13,buy_and_hold,1.6336707026940154
2020-02-14,buy_and_hold,1.6322951486192283
2020-02-17,buy_and_hold,1.6276287120110897
2020-02-18,buy_and_hold,1.6157188514141985
2020-02-19,buy_and_hold,1.61716405379657
2020-02-20,buy_and_hold,1.633479169848159
2020-02-21,buy_and_hold,1.624703483092555
2020-02-24,buy_and_hold,1.5729025543268373
2020-02-25,buy_and_hold,1.5839243990020302
2020-02-26,buy_and_hold,1.5600698536544562
2020-02-27,buy_and_hold,1.564370636647778
2020-02-28,buy_and_hold,1.5360760116917138
2020-03-02,buy_and_hold,1.5399763169164267
2020-03-03,buy_and_hold,1.5507369804381792
2020-03-04,buy_and_hold,1.5485778829030703
2020-03-05,buy_and_hold,1.5554382412001095
2020-03-06,buy_and_hold,1.5521821828205504
2020-03-09,buy_and_hold,1.454761612587209
2020-03-10,buy_and_hold,1.458261440043313
2020-03-11,buy_and_hold,1.4127288589601694
2020-03-12,buy_and_hold,1.339424015227843
2020-03-13,buy_and_hold,1.3264171937865015
2020-03-16,buy_and_hold,1.3021795827472142
2020-03-17,buy_and_hold,1.298557870752838
2020-03-18,buy_and_hold,1.3018313412092937
2020-03-19,buy_and_hold,1.2640123101910958
2020-03-20,buy_and_hold,1.2357873335426157
2020-03-23,buy_and_hold,1.1606716338131011
2020-03-24,buy_and_hold,1.147821521063824
2020-03-25,buy_and_hold,1.2018686077491305
2020-03-26,buy_and_hold,1.2087637901999624
2020-03-27,buy_and_hold,1.2119850244257295
2020-03-30,buy_and_hold,1.1531322045171157
2020-03-31,buy_and_hold,1.1536023305933087
2020-04-01,buy_and_hold,1.1844217066992988
2020-04-03,buy_and_hold,1.221979556564056
2020-04-06,buy_and_hold,1.2828347653157144
2020-04-07,buy_and_hold,1.3001423697503778
2020-04-08,buy_and_hold,1.3024581759775509
2020-04-09,buy_and_hold,1.3238924426365757
2020-04-10,buy_and_hold,1.3197309562584223
2020-04-13,buy_and_hold,1.3333994366218131
2020-04-14,buy_and_hold,1.3362201930789717
2020-04-15,buy_and_hold,1.3533014405139865
2020-04-16,buy_and_hold,1.3593608432738085
2020-04-17,buy_and_hold,1.3748575917112835
2020-04-20,buy_and_hold,1.3842078770044568
2020-04-21,buy_and_hold,1.3352277046958974
2020-04-22,buy_and_hold,1.3388494166902734
2020-04-23,buy_and_hold,1.347538043061397
2020-04-24,buy_and_hold,1.3523263642078078
2020-04-27,buy_and_hold,1.3420706509160407
2020-04-28,buy_and_hold,1.3358719515410507
2020-04-29,buy_and_hold,1.3391802461512983
2020-05-04,buy_and_hold,1.327618627092328
2020-05-05,buy_and_hold,1.3305612680877585
2020-05-06,buy_and_hold,1.3626517258071595
2020-05-07,buy_and_hold,1.3869415730771344
2020-05-08,buy_and_hold,1.4168729332614265
2020-05-11,buy_and_hold,1.4422945655296442
2020-05-12,buy_and_hold,1.4544656072799758
2020-05-13,buy_and_hold,1.4525328667445154
2020-05-14,buy_and_hold,1.4493812808263322
2020-05-15,buy_and_hold,1.4400309955331587
2020-05-18,buy_and_hold,1.4574082482754063
2020-05-19,buy_and_hold,1.4729224087897774
2020-05-20,buy_and_hold,1.4850934505401092
2020-05-21,buy_and_hold,1.5021921100520201
2020-05-22,buy_and_hold,1.4847974452328765
2020-05-25,buy_and_hold,1.4957670536773813
2020-05-26,buy_and_hold,1.5133358392654854
2020-05-27,buy_and_hold,1.4930507696815993
2020-05-28,buy_and_hold,1.4998588917479507
2020-05-29,buy_and_hold,1.5052218114319311
2020-06-01,buy_and_hold,1.529946960624307
2020-06-02,buy_and_hold,1.5232084868655398
2020-06-03,buy_and_hold,1.534299979848317
2020-06-04,buy_and_hold,1.5390534768409359
2020-06-05,buy_and_hold,1.5430930786808172
2020-06-08,buy_and_hold,1.5669476240283913
2020-06-09,buy_and_hold,1.5647885264932824
2020-06-10,buy_and_hold,1.5670869206435594
2020-06-11,buy_and_hold,1.5102713137317823
2020-06-12,buy_and_hold,1.503567664126807
2020-06-15,buy_and_hold,1.4495031653646042
2020-06-16,buy_and_hold,1.4907001393006338
2020-06-17,buy_and_hold,1.4877574983052033
2020-06-18,buy_and_hold,1.4892027006875745
2020-06-19,buy_and_hold,1.5123433508824111
2020-06-22,buy_and_hold,1.5170794357981339
2020-06-23,buy_and_hold,1.511716516114154
2020-06-24,buy_and_hold,1.4969336628294163
2020-06-25,buy_and_hold,1.488018679458644
2020-06-26,buy_and_hold,1.4834741273887777
2020-06-29,buy_and_hold,1.4440880094499362
2020-06-30,buy_and_hold,1.4366878767691194
2020-07-01,buy_and_hold,1.46869127410404
2020-07-02,buy_and_hold,1.4667585335685795
2020-07-03,buy_and_hold,1.4758650497852084
2020-07-06,buy_and_hold,1.4994584139793419
2020-07-07,buy_and_hold,1.5033935433578467
2020-07-08,buy_and_hold,1.505274047662619
2020-07-09,buy_and_hold,1.5260988916302825
2020-07-10,buy_and_hold,1.5169575512598616
2020-07-13,buy_and_hold,1.5126219441127478
2020-07-14,buy_and_hold,1.5115598074220893
2020-07-15,buy_and_hold,1.5146939812633766
2020-07-16,buy_and_hold,1.5267431384754362
2020-07-17,buy_and_hold,1.5183679294884411
2020-07-20,buy_and_hold,1.499876303824847
2020-07-21,buy_and_hold,1.5003812540548322
2020-07-22,buy_and_hold,1.48887187122655
2020-07-23,buy_and_hold,1.4917796880681884
2020-07-24,buy_and_hold,1.4437397679120152
2020-07-27,buy_and_hold,1.3671440416463374
2020-07-28,buy_and_hold,1.416228686416273
2020-07-29,buy_and_hold,1.377016689246392
2020-07-30,buy_and_hold,1.3949337163724167
2020-07-31,buy_and_hold,1.3901628073029018
2020-08-03,buy_and_hold,1.4184748443358621
2020-08-04,buy_and_hold,1.4409712476855456
2020-08-05,buy_and_hold,1.4587838023501936
2020-08-06,buy_and_hold,1.4626841075749066
2020-08-07,buy_and_hold,1.4651566224941444
2020-08-10,buy_and_hold,1.4681863238740551
2020-08-11,buy_and_hold,1.4679773789513029
2020-08-12,buy_and_hold,1.4746636164793816
2020-08-13,buy_and_hold,1.4888196349958618
2020-08-14,buy_and_hold,1.4813150298536688
2020-08-17,buy_and_hold,1.4802877173168023
2020-08-18,buy_and_hold,1.4738104247114754
2020-08-19,buy_and_hold,1.4821333974677824
2020-08-20,buy_and_hold,1.4769097743989705
2020-08-21,buy_and_hold,1.4883495089196683
2020-08-24,buy_and_hold,1.5125522958051634
2020-08-25,buy_and_hold,1.522024465636609
2020-08-26,buy_and_hold,1.5208926806383665
2020-08-27,buy_and_hold,1.5230517781734756
2020-08-28,buy_and_hold,1.5304867350080844
2020-08-31,buy_and_hold,1.535135759539327
2020-09-01,buy_and_hold,1.552687133050535
2020-09-03,buy_and_hold,1.5739995151712873
2020-09-04,buy_and_hold,1.5697683804855496
2020-09-07,buy_and_hold,1.546627730290713
2020-09-08,buy_and_hold,1.5499186128240645
2020-09-09,buy_and_hold,1.5484908225185894
2020-09-10,buy_and_hold,1.5476202186737873
2020-09-11,buy_and_hold,1.547881399827228
2020-09-14,buy_and_hold,1.5576321628890104
2020-09-15,buy_and_hold,1.560574803884441
2020-09-16,buy_and_hold,1.5626816651888615
2020-09-17,buy_and_hold,1.55670932281352
2020-09-18,buy_and_hold,1.5687410679486835
2020-09-21,buy_and_hold,1.5809121096990153
2020-09-22,buy_and_hold,1.5778649962422082
2020-09-23,buy_and_hold,1.588852016763609
2020-09-24,buy_and_hold,1.5820264826203616
2020-09-25,buy_and_hold,1.5814867082365844
2020-09-28,buy_and_hold,1.588852016763609
2020-09-29,buy_and_hold,1.5740169272481837
2020-09-30,buy_and_hold,1.5761586127063965
2020-10-01,buy_and_hold,1.5916205369900795
2020-10-02,buy_and_hold,1.5843422888475347
2020-10-05,buy_and_hold,1.5926478495269456
2020-10-06,buy_and_hold,1.5943716451396537
2020-10-07,buy_and_hold,1.6014235362825497
2020-10-08,buy_and_hold,1.5998912735156983
2020-10-09,buy_and_hold,1.6088759051940547
2020-10-12,buy_and_hold,1.61206231526603
2020-10-13,buy_and_hold,1.619079382255134
2020-10-14,buy_and_hold,1.6370486456118467
2020-10-15,buy_and_hold,1.6415409614510252
2020-10-16,buy_and_hold,1.6424812136034113
2020-10-19,buy_and_hold,1.6431602846023567
2020-10-20,buy_and_hold,1.6444313662157677
2020-10-21,buy_and_hold,1.6350462567688022
2020-10-22,buy_and_hold,1.6539731843547973
2020-10-23,buy_and_hold,1.6737533037086985
2020-10-26,buy_and_hold,1.6555402712754408
2020-10-27,buy_and_hold,1.6480008419794558
2020-10-28,buy_and_hold,1.6037393425097233
2020-10-29,buy_and_hold,1.6003091633612037
2020-10-30,buy_and_hold,1.6114354804977729
2020-11-02,buy_and_hold,1.625730795629421
2020-11-03,buy_and_hold,1.6287430849324358
2020-11-04,buy_and_hold,1.6363173383822132
2020-11-05,buy_and_hold,1.6328175109261092
2020-11-06,buy_and_hold,1.6337577630784954
2020-11-09,buy_and_hold,1.6576123084260697
2020-11-10,buy_and_hold,1.6574555997340052
2020-11-11,buy_and_hold,1.658012786194679
2020-11-12,buy_and_hold,1.6703057124832827
2020-11-13,buy_and_hold,1.6825115783874063
2020-11-16,buy_and_hold,1.6555228591985451
2020-11-17,buy_and_hold,1.6870561304572729
2020-11-18,buy_and_hold,1.695117922060139
2020-11-19,buy_and_hold,1.7120598728799854
2020-11-20,buy_and_hold,1.7237956127079161
2020-11-23,buy_and_hold,1.731091272927357
2020-11-24,buy_and_hold,1.733824969000035
2020-11-25,buy_and_hold,1.7411032171425795
2020-11-26,buy_and_hold,1.751602699510891
2020-11-27,buy_and_hold,1.7590028321917082
2020-11-30,buy_and_hold,1.746570609287936
2020-12-01,buy_and_hold,1.7566522018107429
2020-12-02,buy_and_hold,1.7661417837190845
2020-12-03,buy_and_hold,1.7756836018581141
2020-12-04,buy_and_hold,1.7786262428535446
2020-12-07,buy_and_hold,1.7934090961382825
2020-12-08,buy_and_hold,1.7921554266017674
2020-12-09,buy_and_hold,1.8093411464981588
2020-12-10,buy_and_hold,1.7950284192896142
2020-12-11,buy_and_hold,1.8212335950181537
2020-12-14,buy_and_hold,1.8528016904306732
2020-12-15,buy_and_hold,1.8374442386083665
2020-12-16,buy_and_hold,1.8578511927305248
2020-12-17,buy_and_hold,1.8313500116947525
2020-12-18,buy_and_hold,1.8586695603446384
2020-12-21,buy_and_hold,1.882384809077044
2020-12-22,buy_and_hold,1.8865114713014057
2020-12-23,buy_and_hold,1.8785889763137078
2020-12-24,buy_and_hold,1.8587740328060147
2020-12-25,buy_and_hold,1.8882004427603216
2020-12-28,buy_and_hold,1.9002321878954846
2020-12-29,buy_and_hold,1.9144404426426531
2020-12-30,buy_and_hold,1.9110450876479255
2020-12-31,buy_and_hold,1.9220669323231183
2021-01-04,buy_and_hold,1.9509709799705441
2021-01-05,buy_and_hold,1.9720047688609597
2021-01-06,buy_and_hold,1.9905660428321377
2021-01-07,buy_and_hold,2.013689280950078
2021-01-08,buy_and_hold,2.0331908070736424
2021-01-11,buy_and_hold,2.0631395793348304
2021-01-12,buy_and_hold,2.0760071041610035
2021-01-13,buy_and_hold,2.0651593802547707
2021-01-14,buy_and_hold,2.0675100106357363
2021-01-15,buy_and_hold,2.079350222925043
2021-01-18,buy_and_hold,2.075415093546538
2021-01-19,buy_and_hold,1.969305896942073
2021-01-20,buy_and_hold,1.9757135412398155
2021-01-21,buy_and_hold,2.0271314043138204
2021-01-22,buy_and_hold,2.0316063080761024
2021-01-25,buy_and_hold,2.0303352264626913
2021-01-26,buy_and_hold,1.9782208803128452
2021-01-27,buy_and_hold,1.9104008408027713
2021-01-28,buy_and_hold,1.7828922016930737
2021-01-29,buy_and_hold,1.8397774569124348
2021-02-01,buy_and_hold,1.8030379746617915
2021-02-02,buy_and_hold,1.8727211063997418
2021-02-03,buy_and_hold,1.9349866933799793
2021-02-04,buy_and_hold,1.9365537803006228
2021-02-05,buy_and_hold,1.9621843574915931
2021-02-08,buy_and_hold,1.886041345225212
2021-02-09,buy_and_hold,1.9413246893701375
2021-02-17,buy_and_hold,2.012453023490459
2021-02-18,buy_and_hold,2.044839486517093
2021-02-19,buy_and_hold,2.0433072237502414
2021-02-22,buy_and_hold,2.0459886835922316
2021-02-23,buy_and_hold,2.0505158235852017
2021-02-24,buy_and_hold,2.023300747396692
2021-02-25,buy_and_hold,2.0292556776951374
2021-02-26,buy_and_hold,2.034548949071533
2021-03-01,buy_and_hold,2.065368325177523
2021-03-02,buy_and_hold,2.0661344565609485
2021-03-03,buy_and_hold,2.066726467175414
2021-03-04,buy_and_hold,2.034636009456013
2015-03-19,cash,1.0
2015-03-20,cash,1.0
2015-03-23,cash,1.0
2015-03-24,cash,1.0
2015-03-25,cash,1.0
2015-03-26,cash,1.0
2015-03-27,cash,1.0
2015-03-30,cash,1.0
2015-03-31,cash,1.0
2015-04-01,cash,1.0
2015-04-02,cash,1.0
2015-04-03,cash,1.0
2015-04-06,cash,1.0
2015-04-07,cash,1.0
2015-04-08,cash,1.0
2015-04-09,cash,1.0
2015-04-10,cash,1.0
2015-04-13,cash,1.0
2015-04-14,cash,1.0
2015-04-15,cash,1.0
2015-04-16,cash,1.0
2015-04-17,cash,1.0
2015-04-20,cash,1.0
2015-04-21,cash,1.0
2015-04-22,cash,1.0
2015-04-23,cash,1.0
2015-04-24,cash,1.0
2015-04-27,cash,1.0
2015-05-04,cash,1.0
2015-05-05,cash,1.0
2015-05-06,cash,1.0
2015-05-07,cash,1.0
2015-05-08,cash,1.0
2015-05-11,cash,1.0
2015-05-12,cash,1.0
2015-05-13,cash,1.0
2015-05-14,cash,1.0
2015-05-15,cash,1.0
2015-05-18,cash,1.0
2015-05-19,cash,1.0
2015-05-20,cash,1.0
2015-05-21,cash,1.0
2015-05-22,cash,1.0
2015-05-25,cash,1.0
2015-05-26,cash,1.0
2015-05-27,cash,1.0
2015-05-28,cash,1.0
2015-05-29,cash,1.0
2015-06-01,cash,1.0
2015-06-02,cash,1.0
2015-06-03,cash,1.0
2015-06-04,cash,1.0
2015-06-05,cash,1.0
2015-06-08,cash,1.0
2015-06-09,cash,1.0
2015-06-10,cash,1.0
2015-06-11,cash,1.0
2015-06-12,cash,1.0
2015-06-15,cash,1.0
2015-06-16,cash,1.0
2015-06-17,cash,1.0
2015-06-18,cash,1.0
2015-06-19,cash,1.0
2015-06-22,cash,1.0
2015-06-23,cash,1.0
2015-06-24,cash,1.0
2015-06-25,cash,1.0
2015-06-26,cash,1.0
2015-06-29,cash,1.0
2015-06-30,cash,1.0
2015-07-01,cash,1.0
2015-07-02,cash,1.0
2015-07-03,cash,1.0
2015-07-06,cash,1.0
2015-07-07,cash,1.0
2015-07-08,cash,1.0
2015-07-09,cash,1.0
2015-07-10,cash,1.0
2015-07-13,cash,1.0
2015-07-14,cash,1.0
2015-07-15,cash,1.0
2015-07-16,cash,1.0
2015-07-17,cash,1.0
2015-07-20,cash,1.0
2015-07-21,cash,1.0
2015-07-22,cash,1.0
2015-07-23,cash,1.0
2015-07-24,cash,1.0
2015-07-27,cash,1.0
2015-07-28,cash,1.0
2015-07-29,cash,1.0
2015-07-30,cash,1.0
2015-07-31,cash,1.0
2015-08-03,cash,1.0
2015-08-04,cash,1.0
2015-08-05,cash,1.0
2015-08-06,cash,1.0
2015-08-07,cash,1.0
2015-08-10,cash,1.0
2015-08-11,cash,1.0
2015-08-12,cash,1.0
2015-08-13,cash,1.0
2015-08-14,cash,1.0
2015-08-17,cash,1.0
2015-08-18,cash,1.0
2015-08-19,cash,1.0
2015-08-20,cash,1.0
2015-08-21,cash,1.0
2015-08-24,cash,1.0
2015-08-25,cash,1.0
2015-08-26,cash,1.0
2015-08-27,cash,1.0
2015-08-28,cash,1.0
2015-08-31,cash,1.0
2015-09-01,cash,1.0
2015-09-03,cash,1.0
2015-09-04,cash,1.0
2015-09-07,cash,1.0
2015-09-08,cash,1.0
2015-09-09,cash,1.0
2015-09-10,cash,1.0
2015-09-11,cash,1.0
2015-09-14,cash,1.0
2015-09-15,cash,1.0
2015-09-16,cash,1.0
2015-09-17,cash,1.0
2015-09-18,cash,1.0
2015-09-21,cash,1.0
2015-09-22,cash,1.0
2015-09-23,cash,1.0
2015-09-24,cash,1.0
2015-09-25,cash,1.0
2015-09-28,cash,1.0
2015-09-29,cash,1.0
2015-09-30,cash,1.0
2015-10-01,cash,1.0
2015-10-02,cash,1.0
2015-10-05,cash,1.0
2015-10-06,cash,1.0
2015-10-07,cash,1.0
2015-10-08,cash,1.0
2015-10-09,cash,1.0
2015-10-12,cash,1.0
2015-10-13,cash,1.0
2015-10-14,cash,1.0
2015-10-15,cash,1.0
2015-10-16,cash,1.0
2015-10-19,cash,1.0
2015-10-20,cash,1.0
2015-10-21,cash,1.0
2015-10-22,cash,1.0
2015-10-23,cash,1.0
2015-10-26,cash,1.0
2015-10-27,cash,1.0
2015-10-28,cash,1.0
2015-10-29,cash,1.0
2015-10-30,cash,1.0
2015-11-02,cash,1.0
2015-11-03,cash,1.0
2015-11-04,cash,1.0
2015-11-05,cash,1.0
2015-11-06,cash,1.0
2015-11-09,cash,1.0
2015-11-10,cash,1.0
2015-11-11,cash,1.0
2015-11-12,cash,1.0
2015-11-13,cash,1.0
2015-11-16,cash,1.0
2015-11-17,cash,1.0
2015-11-18,cash,1.0
2015-11-19,cash,1.0
2015-11-20,cash,1.0
2015-11-23,cash,1.0
2015-11-24,cash,1.0
2015-11-25,cash,1.0
2015-11-26,cash,1.0
2015-11-27,cash,1.0
2015-11-30,cash,1.0
2015-12-01,cash,1.0
2015-12-02,cash,1.0
2015-12-03,cash,1.0
2015-12-04,cash,1.0
2015-12-07,cash,1.0
2015-12-08,cash,1.0
2015-12-09,cash,1.0
2015-12-10,cash,1.0
2015-12-11,cash,1.0
2015-12-14,cash,1.0
2015-12-15,cash,1.0
2015-12-16,cash,1.0
2015-12-17,cash,1.0
2015-12-18,cash,1.0
2015-12-21,cash,1.0
2015-12-22,cash,1.0
2015-12-23,cash,1.0
2015-12-24,cash,1.0
2015-12-25,cash,1.0
2015-12-28,cash,1.0
2015-12-29,cash,1.0
2015-12-30,cash,1.0
2015-12-31,cash,1.0
2016-01-04,cash,1.0
2016-01-05,cash,1.0
2016-01-06,cash,1.0
2016-01-07,cash,1.0
2016-01-08,cash,1.0
2016-01-11,cash,1.0
2016-01-12,cash,1.0
2016-01-13,cash,1.0
2016-01-14,cash,1.0
2016-01-15,cash,1.0
2016-01-18,cash,1.0
2016-01-19,cash,1.0
2016-01-20,cash,1.0
2016-01-21,cash,1.0
2016-01-22,cash,1.0
2016-01-25,cash,1.0
2016-01-26,cash,1.0
2016-01-27,cash,1.0
2016-01-28,cash,1.0
2016-01-29,cash,1.0
2016-02-01,cash,1.0
2016-02-02,cash,1.0
2016-02-03,cash,1.0
2016-02-04,cash,1.0
2016-02-05,cash,1.0
2016-02-15,cash,1.0
2016-02-16,cash,1.0
2016-02-17,cash,1.0
2016-02-18,cash,1.0
2016-02-19,cash,1.0
2016-02-22,cash,1.0
2016-02-23,cash,1.0
2016-02-24,cash,1.0
2016-02-25,cash,1.0
2016-02-26,cash,1.0
2016-02-29,cash,1.0
2016-03-01,cash,1.0
2016-03-02,cash,1.0
2016-03-03,cash,1.0
2016-03-04,cash,1.0
2016-03-07,cash,1.0
2016-03-08,cash,1.0
2016-03-09,cash,1.0
2016-03-10,cash,1.0
2016-03-11,cash,1.0
2016-03-14,cash,1.0
2016-03-15,cash,1.0
2016-03-16,cash,1.0
2016-03-17,cash,1.0
2016-03-18,cash,1.0
2016-03-21,cash,1.0
2016-03-22,cash,1.0
2016-03-23,cash,1.0
2016-03-24,cash,1.0
2016-03-25,cash,1.0
2016-03-28,cash,1.0
2016-03-29,cash,1.0
2016-03-30,cash,1.0
2016-03-31,cash,1.0
2016-04-01,cash,1.0
2016-04-04,cash,1.0
2016-04-05,cash,1.0
2016-04-06,cash,1.0
2016-04-07,cash,1.0
2016-04-08,cash,1.0
2016-04-11,cash,1.0
2016-04-12,cash,1.0
2016-04-13,cash,1.0
2016-04-14,cash,1.0
2016-04-15,cash,1.0
2016-04-19,cash,1.0
2016-04-20,cash,1.0
2016-04-21,cash,1.0
2016-04-22,cash,1.0
2016-04-25,cash,1.0
2016-04-26,cash,1.0
2016-04-27,cash,1.0
2016-04-28,cash,1.0
2016-04-29,cash,1.0
2016-05-04,cash,1.0
2016-05-05,cash,1.0
2016-05-06,cash,1.0
2016-05-09,cash,1.0
2016-05-10,cash,1.0
2016-05-11,cash,1.0
2016-05-12,cash,1.0
2016-05-13,cash,1.0
2016-05-16,cash,1.0
2016-05-17,cash,1.0
2016-05-18,cash,1.0
2016-05-19,cash,1.0
2016-05-20,cash,1.0
2016-05-23,cash,1.0
2016-05-24,cash,1.0
2016-05-25,cash,1.0
2016-05-26,cash,1.0
2016-05-27,cash,1.0
2016-05-30,cash,1.0
2016-05-31,cash,1.0
2016-06-01,cash,1.0
2016-06-02,cash,1.0
2016-06-03,cash,1.0
2016-06-06,cash,1.0
2016-06-07,cash,1.0
2016-06-08,cash,1.0
2016-06-09,cash,1.0
2016-06-10,cash,1.0
2016-06-13,cash,1.0
2016-06-14,cash,1.0
2016-06-15,cash,1.0
2016-06-16,cash,1.0
2016-06-17,cash,1.0
2016-06-20,cash,1.0
2016-06-21,cash,1.0
2016-06-22,cash,1.0
2016-06-23,cash,1.0
2016-06-24,cash,1.0
2016-06-27,cash,1.0
2016-06-28,cash,1.0
2016-06-29,cash,1.0
2016-06-30,cash,1.0
2016-07-01,cash,1.0
2016-07-04,cash,1.0
2016-07-05,cash,1.0
2016-07-06,cash,1.0
2016-07-07,cash,1.0
2016-07-08,cash,1.0
2016-07-11,cash,1.0
2016-07-12,cash,1.0
2016-07-13,cash,1.0
2016-07-14,cash,1.0
2016-07-15,cash,1.0
2016-07-18,cash,1.0
2016-07-19,cash,1.0
2016-07-20,cash,1.0
2016-07-21,cash,1.0
2016-07-22,cash,1.0
2016-07-25,cash,1.0
2016-07-26,cash,1.0
2016-07-27,cash,1.0
2016-07-28,cash,1.0
2016-07-29,cash,1.0
2016-08-01,cash,1.0
2016-08-02,cash,1.0
2016-08-03,cash,1.0
2016-08-04,cash,1.0
2016-08-05,cash,1.0
2016-08-08,cash,1.0
2016-08-09,cash,1.0
2016-08-10,cash,1.0
2016-08-11,cash,1.0
2016-08-12,cash,1.0
2016-08-15,cash,1.0
2016-08-16,cash,1.0
2016-08-17,cash,1.0
2016-08-18,cash,1.0
2016-08-19,cash,1.0
2016-08-22,cash,1.0
2016-08-23,cash,1.0
2016-08-24,cash,1.0
2016-08-25,cash,1.0
2016-08-26,cash,1.0
2016-08-29,cash,1.0
2016-08-30,cash,1.0
2016-08-31,cash,1.0
2016-09-01,cash,1.0
2016-09-05,cash,1.0
2016-09-06,cash,1.0
2016-09-07,cash,1.0
2016-09-08,cash,1.0
2016-09-09,cash,1.0
2016-09-12,cash,1.0
2016-09-13,cash,1.0
2016-09-14,cash,1.0
2016-09-15,cash,1.0
2016-09-16,cash,1.0
2016-09-19,cash,1.0
2016-09-20,cash,1.0
2016-09-21,cash,1.0
2016-09-22,cash,1.0
2016-09-23,cash,1.0
2016-09-26,cash,1.0
2016-09-27,cash,1.0
2016-09-28,cash,1.0
2016-09-29,cash,1.0
2016-09-30,cash,1.0
2016-10-03,cash,1.0
2016-10-04,cash,1.0
2016-10-05,cash,1.0
2016-10-06,cash,1.0
2016-10-07,cash,1.0
2016-10-10,cash,1.0
2016-10-11,cash,1.0
2016-10-12,cash,1.0
2016-10-13,cash,1.0
2016-10-14,cash,1.0
2016-10-17,cash,1.0
2016-10-18,cash,1.0
2016-10-19,cash,1.0
2016-10-20,cash,1.0
2016-10-21,cash,1.0
2016-10-24,cash,1.0
2016-10-25,cash,1.0
2016-10-26,cash,1.0
2016-10-27,cash,1.0
2016-10-28,cash,1.0
2016-10-31,cash,1.0
2016-11-01,cash,1.0
2016-11-02,cash,1.0
2016-11-03,cash,1.0
2016-11-04,cash,1.0
2016-11-07,cash,1.0
2016-11-08,cash,1.0
2016-11-09,cash,1.0
2016-11-10,cash,1.0
2016-11-11,cash,1.0
2016-11-14,cash,1.0
2016-11-15,cash,1.0
2016-11-16,cash,1.0
2016-11-17,cash,1.0
2016-11-18,cash,1.0
2016-11-21,cash,1.0
2016-11-22,cash,1.0
2016-11-23,cash,1.0
2016-11-24,cash,1.0
2016-11-25,cash,1.0
2016-11-28,cash,1.0
2016-11-29,cash,1.0
2016-11-30,cash,1.0
2016-12-01,cash,1.0
2016-12-02,cash,1.0
2016-12-05,cash,1.0
2016-12-06,cash,1.0
2016-12-07,cash,1.0
2016-12-08,cash,1.0
2016-12-09,cash,1.0
2016-12-12,cash,1.0
2016-12-13,cash,1.0
2016-12-14,cash,1.0
2016-12-15,cash,1.0
2016-12-16,cash,1.0
2016-12-19,cash,1.0
2016-12-20,cash,1.0
2016-12-21,cash,1.0
2016-12-22,cash,1.0
2016-12-23,cash,1.0
2016-12-26,cash,1.0
2016-12-27,cash,1.0
2016-12-28,cash,1.0
2016-12-29,cash,1.0
2016-12-30,cash,1.0
2017-01-03,cash,1.0
2017-01-04,cash,1.0
2017-01-05,cash,1.0
2017-01-06,cash,1.0
2017-01-09,cash,1.0
2017-01-10,cash,1.0
2017-01-11,cash,1.0
2017-01-12,cash,1.0
2017-01-13,cash,1.0
2017-01-16,cash,1.0
2017-01-17,cash,1.0
2017-01-18,cash,1.0
2017-01-19,cash,1.0
2017-01-20,cash,1.0
2017-01-23,cash,1.0
2017-01-24,cash,1.0
2017-01-25,cash,1.0
2017-02-02,cash,1.0
2017-02-03,cash,1.0
2017-02-06,cash,1.0
2017-02-07,cash,1.0
2017-02-08,cash,1.0
2017-02-09,cash,1.0
2017-02-10,cash,1.0
2017-02-13,cash,1.0
2017-02-14,cash,1.0
2017-02-15,cash,1.0
2017-02-16,cash,1.0
2017-02-17,cash,1.0
2017-02-20,cash,1.0
2017-02-21,cash,1.0
2017-02-22,cash,1.0
2017-02-23,cash,1.0
2017-02-24,cash,1.0
2017-02-27,cash,1.0
2017-02-28,cash,1.0
2017-03-01,cash,1.0
2017-03-02,cash,1.0
2017-03-03,cash,1.0
2017-03-06,cash,1.0
2017-03-07,cash,1.0
2017-03-08,cash,1.0
2017-03-09,cash,1.0
2017-03-10,cash,1.0
2017-03-13,cash,1.0
2017-03-14,cash,1.0
2017-03-15,cash,1.0
2017-03-16,cash,1.0
2017-03-17,cash,1.0
2017-03-20,cash,1.0
2017-03-21,cash,1.0
2017-03-22,cash,1.0
2017-03-23,cash,1.0
2017-03-24,cash,1.0
2017-03-27,cash,1.0
2017-03-28,cash,1.0
2017-03-29,cash,1.0
2017-03-30,cash,1.0
2017-03-31,cash,1.0
2017-04-03,cash,1.0
2017-04-04,cash,1.0
2017-04-05,cash,1.0
2017-04-07,cash,1.0
2017-04-10,cash,1.0
2017-04-11,cash,1.0
2017-04-12,cash,1.0
2017-04-13,cash,1.0
2017-04-14,cash,1.0
2017-04-17,cash,1.0
2017-04-18,cash,1.0
2017-04-19,cash,1.0
2017-04-20,cash,1.0
2017-04-21,cash,1.0
2017-04-24,cash,1.0
2017-04-25,cash,1.0
2017-04-26,cash,1.0
2017-04-27,cash,1.0
2017-04-28,cash,1.0
2017-05-03,cash,1.0
2017-05-04,cash,1.0
2017-05-05,cash,1.0
2017-05-08,cash,1.0
2017-05-09,cash,1.0
2017-05-10,cash,1.0
2017-05-11,cash,1.0
2017-05-12,cash,1.0
2017-05-15,cash,1.0
2017-05-16,cash,1.0
2017-05-17,cash,1.0
2017-05-18,cash,1.0
2017-05-19,cash,1.0
2017-05-22,cash,1.0
2017-05-23,cash,1.0
2017-05-24,cash,1.0
2017-05-25,cash,1.0
2017-05-26,cash,1.0
2017-05-29,cash,1.0
2017-05-30,cash,1.0
2017-05-31,cash,1.0
2017-06-01,cash,1.0
2017-06-02,cash,1.0
2017-06-05,cash,1.0
2017-06-06,cash,1.0
2017-06-07,cash,1.0
2017-06-08,cash,1.0
2017-06-09,cash,1.0
2017-06-12,cash,1.0
2017-06-13,cash,1.0
2017-06-14,cash,1.0
2017-06-15,cash,1.0
2017-06-16,cash,1.0
2017-06-19,cash,1.0
2017-06-20,cash,1.0
2017-06-21,cash,1.0
2017-06-22,cash,1.0
2017-06-23,cash,1.0
2017-06-26,cash,1.0
2017-06-27,cash,1.0
2017-06-28,cash,1.0
2017-06-29,cash,1.0
2017-06-30,cash,1.0
2017-07-03,cash,1.0
2017-07-04,cash,1.0
2017-07-05,cash,1.0
2017-07-06,cash,1.0
2017-07-07,cash,1.0
2017-07-10,cash,1.0
2017-07-11,cash,1.0
2017-07-12,cash,1.0
2017-07-13,cash,1.0
2017-07-14,cash,1.0
2017-07-17,cash,1.0
2017-07-18,cash,1.0
2017-07-19,cash,1.0
2017-07-20,cash,1.0
2017-07-21,cash,1.0
2017-07-24,cash,1.0
2017-07-25,cash,1.0
2017-07-26,cash,1.0
2017-07-27,cash,1.0
2017-07-28,cash,1.0
2017-07-31,cash,1.0
2017-08-01,cash,1.0
2017-08-02,cash,1.0
2017-08-03,cash,1.0
2017-08-04,cash,1.0
2017-08-07,cash,1.0
2017-08-08,cash,1.0
2017-08-09,cash,1.0
2017-08-10,cash,1.0
2017-08-11,cash,1.0
2017-08-14,cash,1.0
2017-08-15,cash,1.0
2017-08-16,cash,1.0
2017-08-17,cash,1.0
2017-08-18,cash,1.0
2017-08-21,cash,1.0
2017-08-22,cash,1.0
2017-08-23,cash,1.0
2017-08-24,cash,1.0
2017-08-25,cash,1.0
2017-08-28,cash,1.0
2017-08-29,cash,1.0
2017-08-30,cash,1.0
2017-08-31,cash,1.0
2017-09-01,cash,1.0
2017-09-05,cash,1.0
2017-09-06,cash,1.0
2017-09-07,cash,1.0
2017-09-08,cash,1.0
2017-09-11,cash,1.0
2017-09-12,cash,1.0
2017-09-13,cash,1.0
2017-09-14,cash,1.0
2017-09-15,cash,1.0
2017-09-18,cash,1.0
2017-09-19,cash,1.0
2017-09-20,cash,1.0
2017-09-21,cash,1.0
2017-09-22,cash,1.0
2017-09-25,cash,1.0
2017-09-26,cash,1.0
2017-09-27,cash,1.0
2017-09-28,cash,1.0
2017-09-29,cash,1.0
2017-10-02,cash,1.0
2017-10-03,cash,1.0
2017-10-04,cash,1.0
2017-10-05,cash,1.0
2017-10-06,cash,1.0
2017-10-09,cash,1.0
2017-10-10,cash,1.0
2017-10-11,cash,1.0
2017-10-12,cash,1.0
2017-10-13,cash,1.0
2017-10-16,cash,1.0
2017-10-17,cash,1.0
2017-10-18,cash,1.0
2017-10-19,cash,1.0
2017-10-20,cash,1.0
2017-10-23,cash,1.0
2017-10-24,cash,1.0
2017-10-25,cash,1.0
2017-10-26,cash,1.0
2017-10-27,cash,1.0
2017-10-30,cash,1.0
2017-10-31,cash,1.0
2017-11-01,cash,1.0
2017-11-02,cash,1.0
2017-11-03,cash,1.0
2017-11-06,cash,1.0
2017-11-07,cash,1.0
2017-11-08,cash,1.0
2017-11-09,cash,1.0
2017-11-10,cash,1.0
2017-11-13,cash,1.0
2017-11-14,cash,1.0
2017-11-15,cash,1.0
2017-11-16,cash,1.0
2017-11-17,cash,1.0
2017-11-20,cash,1.0
2017-11-21,cash,1.0
2017-11-22,cash,1.0
2017-11-23,cash,1.0
2017-11-24,cash,1.0
2017-11-27,cash,1.0
2017-11-28,cash,1.0
2017-11-29,cash,1.0
2017-11-30,cash,1.0
2017-12-01,cash,1.0
2017-12-04,cash,1.0
2017-12-05,cash,1.0
2017-12-06,cash,1.0
2017-12-07,cash,1.0
2017-12-08,cash,1.0
2017-12-11,cash,1.0
2017-12-12,cash,1.0
2017-12-13,cash,1.0
2017-12-14,cash,1.0
2017-12-15,cash,1.0
2017-12-18,cash,1.0
2017-12-19,cash,1.0
2017-12-20,cash,1.0
2017-12-21,cash,1.0
2017-12-22,cash,1.0
2017-12-25,cash,1.0
2017-12-26,cash,1.0
2017-12-27,cash,1.0
2017-12-28,cash,1.0
2017-12-29,cash,1.0
2018-01-02,cash,1.0
2018-01-03,cash,1.0
2018-01-04,cash,1.0
2018-01-05,cash,1.0
2018-01-08,cash,1.0
2018-01-09,cash,1.0
2018-01-10,cash,1.0
2018-01-11,cash,1.0
2018-01-12,cash,1.0
2018-01-15,cash,1.0
2018-01-16,cash,1.0
2018-01-17,cash,1.0
2018-01-18,cash,1.0
2018-01-19,cash,1.0
2018-01-22,cash,1.0
2018-01-25,cash,1.0
2018-01-26,cash,1.0
2018-01-29,cash,1.0
2018-01-30,cash,1.0
2018-01-31,cash,1.0
2018-02-01,cash,1.0
2018-02-02,cash,1.0
2018-02-05,cash,1.0
2018-02-06,cash,1.0
2018-02-07,cash,1.0
2018-02-08,cash,1.0
2018-02-09,cash,1.0
2018-02-12,cash,1.0
2018-02-13,cash,1.0
2018-02-21,cash,1.0
2018-02-22,cash,1.0
2018-02-23,cash,1.0
2018-02-26,cash,1.0
2018-02-27,cash,1.0
2018-02-28,cash,1.0
2018-03-01,cash,1.0
2018-03-02,cash,1.0
2018-03-05,cash,1.0
2018-03-06,cash,1.0
2018-03-07,cash,1.0
2018-03-08,cash,1.0
2018-03-09,cash,1.0
2018-03-12,cash,1.0
2018-03-13,cash,1.0
2018-03-14,cash,1.0
2018-03-15,cash,1.0
2018-03-16,cash,1.0
2018-03-19,cash,1.0
2018-03-20,cash,1.0
2018-03-21,cash,1.0
2018-03-22,cash,1.0
2018-03-23,cash,1.0
2018-03-26,cash,1.0
2018-03-27,cash,1.0
2018-03-28,cash,1.0
2018-03-29,cash,1.0
2018-03-30,cash,1.0
2018-04-02,cash,1.0
2018-04-03,cash,1.0
2018-04-04,cash,1.0
2018-04-05,cash,1.0
2018-04-06,cash,1.0
2018-04-09,cash,1.0
2018-04-10,cash,1.0
2018-04-11,cash,1.0
2018-04-12,cash,1.0
2018-04-13,cash,1.0
2018-04-16,cash,1.0
2018-04-17,cash,1.0
2018-04-18,cash,1.0
2018-04-19,cash,1.0
2018-04-20,cash,1.0
2018-04-23,cash,1.0
2018-04-24,cash,1.0
2018-04-26,cash,1.0
2018-04-27,cash,1.0
2018-05-02,cash,1.0
2018-05-03,cash,1.0
2018-05-04,cash,1.0
2018-05-07,cash,1.0
2018-05-08,cash,1.0
2018-05-09,cash,1.0
2018-05-10,cash,1.0
2018-05-11,cash,1.0
2018-05-14,cash,1.0
2018-05-15,cash,1.0
2018-05-16,cash,1.0
2018-05-17,cash,1.0
2018-05-18,cash,1.0
2018-05-21,cash,1.0
2018-05-22,cash,1.0
2018-05-23,cash,1.0
2018-05-24,cash,1.0
2018-05-25,cash,1.0
2018-05-28,cash,1.0
2018-05-29,cash,1.0
2018-05-30,cash,1.0
2018-05-31,cash,1.0
2018-06-01,cash,1.0
2018-06-04,cash,1.0
2018-06-05,cash,1.0
2018-06-06,cash,1.0
2018-06-07,cash,1.0
2018-06-08,cash,1.0
2018-06-11,cash,1.0
2018-06-12,cash,1.0
2018-06-13,cash,1.0
2018-06-14,cash,1.0
2018-06-15,cash,1.0
2018-06-18,cash,1.0
2018-06-19,cash,1.0
2018-06-20,cash,1.0
2018-06-21,cash,1.0
2018-06-22,cash,1.0
2018-06-25,cash,1.0
2018-06-26,cash,1.0
2018-06-27,cash,1.0
2018-06-28,cash,1.0
2018-06-29,cash,1.0
2018-07-02,cash,1.0
2018-07-03,cash,1.0
2018-07-04,cash,1.0
2018-07-05,cash,1.0
2018-07-06,cash,1.0
2018-07-09,cash,1.0
2018-07-10,cash,1.0
2018-07-11,cash,1.0
2018-07-12,cash,1.0
2018-07-13,cash,1.0
2018-07-16,cash,1.0
2018-07-17,cash,1.0
2018-07-18,cash,1.0
2018-07-19,cash,1.0
2018-07-20,cash,1.0
2018-07-23,cash,1.0
2018-07-24,cash,1.0
2018-07-25,cash,1.0
2018-07-26,cash,1.0
2018-07-27,cash,1.0
2018-07-30,cash,1.0
2018-07-31,cash,1.0
2018-08-01,cash,1.0
2018-08-02,cash,1.0
2018-08-03,cash,1.0
2018-08-06,cash,1.0
2018-08-07,cash,1.0
2018-08-08,cash,1.0
2018-08-09,cash,1.0
2018-08-10,cash,1.0
2018-08-13,cash,1.0
2018-08-14,cash,1.0
2018-08-15,cash,1.0
2018-08-16,cash,1.0
2018-08-17,cash,1.0
2018-08-20,cash,1.0
2018-08-21,cash,1.0
2018-08-22,cash,1.0
2018-08-23,cash,1.0
2018-08-24,cash,1.0
2018-08-27,cash,1.0
2018-08-28,cash,1.0
2018-08-29,cash,1.0
2018-08-30,cash,1.0
2018-08-31,cash,1.0
2018-09-04,cash,1.0
2018-09-05,cash,1.0
2018-09-06,cash,1.0
2018-09-07,cash,1.0
2018-09-10,cash,1.0
2018-09-11,cash,1.0
2018-09-12,cash,1.0
2018-09-13,cash,1.0
2018-09-14,cash,1.0
2018-09-17,cash,1.0
2018-09-18,cash,1.0
2018-09-19,cash,1.0
2018-09-20,cash,1.0
2018-09-21,cash,1.0
2018-09-24,cash,1.0
2018-09-25,cash,1.0
2018-09-26,cash,1.0
2018-09-27,cash,1.0
2018-09-28,cash,1.0
2018-10-01,cash,1.0
2018-10-02,cash,1.0
2018-10-03,cash,1.0
2018-10-04,cash,1.0
2018-10-05,cash,1.0
2018-10-08,cash,1.0
2018-10-09,cash,1.0
2018-10-10,cash,1.0
2018-10-11,cash,1.0
2018-10-12,cash,1.0
2018-10-15,cash,1.0
2018-10-16,cash,1.0
2018-10-17,cash,1.0
2018-10-18,cash,1.0
2018-10-19,cash,1.0
2018-10-22,cash,1.0
2018-10-23,cash,1.0
2018-10-24,cash,1.0
2018-10-25,cash,1.0
2018-10-26,cash,1.0
2018-10-29,cash,1.0
2018-10-30,cash,1.0
2018-10-31,cash,1.0
2018-11-01,cash,1.0
2018-11-02,cash,1.0
2018-11-05,cash,1.0
2018-11-06,cash,1.0
2018-11-07,cash,1.0
2018-11-08,cash,1.0
2018-11-09,cash,1.0
2018-11-12,cash,1.0
2018-11-13,cash,1.0
2018-11-14,cash,1.0
2018-11-15,cash,1.0
2018-11-16,cash,1.0
2018-11-19,cash,1.0
2018-11-20,cash,1.0
2018-11-21,cash,1.0
2018-11-22,cash,1.0
2018-11-23,cash,1.0
2018-11-26,cash,1.0
2018-11-27,cash,1.0
2018-11-28,cash,1.0
2018-11-29,cash,1.0
2018-11-30,cash,1.0
2018-12-03,cash,1.0
2018-12-04,cash,1.0
2018-12-05,cash,1.0
2018-12-06,cash,1.0
2018-12-07,cash,1.0
2018-12-10,cash,1.0
2018-12-11,cash,1.0
2018-12-12,cash,1.0
2018-12-13,cash,1.0
2018-12-14,cash,1.0
2018-12-17,cash,1.0
2018-12-18,cash,1.0
2018-12-19,cash,1.0
2018-12-20,cash,1.0
2018-12-21,cash,1.0
2018-12-24,cash,1.0
2018-12-25,cash,1.0
2018-12-26,cash,1.0
2018-12-27,cash,1.0
2018-12-28,cash,1.0
2019-01-02,cash,1.0
2019-01-03,cash,1.0
2019-01-04,cash,1.0
2019-01-07,cash,1.0
2019-01-08,cash,1.0
2019-01-09,cash,1.0
2019-01-10,cash,1.0
2019-01-11,cash,1.0
2019-01-14,cash,1.0
2019-01-15,cash,1.0
2019-01-16,cash,1.0
2019-01-17,cash,1.0
2019-01-18,cash,1.0
2019-01-21,cash,1.0
2019-01-22,cash,1.0
2019-01-23,cash,1.0
2019-01-24,cash,1.0
2019-01-25,cash,1.0
2019-01-28,cash,1.0
2019-01-29,cash,1.0
2019-01-30,cash,1.0
2019-01-31,cash,1.0
2019-02-01,cash,1.0
2019-02-11,cash,1.0
2019-02-12,cash,1.0
2019-02-13,cash,1.0
2019-02-14,cash,1.0
2019-02-15,cash,1.0
2019-02-18,cash,1.0
2019-02-19,cash,1.0
2019-02-20,cash,1.0
2019-02-21,cash,1.0
2019-02-22,cash,1.0
2019-02-25,cash,1.0
2019-02-26,cash,1.0
2019-02-27,cash,1.0
2019-02-28,cash,1.0
2019-03-01,cash,1.0
2019-03-04,cash,1.0
2019-03-05,cash,1.0
2019-03-06,cash,1.0
2019-03-07,cash,1.0
2019-03-08,cash,1.0
2019-03-11,cash,1.0
2019-03-12,cash,1.0
2019-03-13,cash,1.0
2019-03-14,cash,1.0
2019-03-15,cash,1.0
2019-03-18,cash,1.0
2019-03-19,cash,1.0
2019-03-20,cash,1.0
2019-03-21,cash,1.0
2019-03-22,cash,1.0
2019-03-25,cash,1.0
2019-03-26,cash,1.0
2019-03-27,cash,1.0
2019-03-28,cash,1.0
2019-03-29,cash,1.0
2019-04-01,cash,1.0
2019-04-02,cash,1.0
2019-04-03,cash,1.0
2019-04-04,cash,1.0
2019-04-05,cash,1.0
2019-04-08,cash,1.0
2019-04-09,cash,1.0
2019-04-10,cash,1.0
2019-04-11,cash,1.0
2019-04-12,cash,1.0
2019-04-16,cash,1.0
2019-04-17,cash,1.0
2019-04-18,cash,1.0
2019-04-19,cash,1.0
2019-04-22,cash,1.0
2019-04-23,cash,1.0
2019-04-24,cash,1.0
2019-04-25,cash,1.0
2019-04-26,cash,1.0
2019-05-02,cash,1.0
2019-05-03,cash,1.0
2019-05-06,cash,1.0
2019-05-07,cash,1.0
2019-05-08,cash,1.0
2019-05-09,cash,1.0
2019-05-10,cash,1.0
2019-05-13,cash,1.0
2019-05-14,cash,1.0
2019-05-15,cash,1.0
2019-05-16,cash,1.0
2019-05-17,cash,1.0
2019-05-20,cash,1.0
2019-05-21,cash,1.0
2019-05-22,cash,1.0
2019-05-23,cash,1.0
2019-05-24,cash,1.0
2019-05-27,cash,1.0
2019-05-28,cash,1.0
2019-05-29,cash,1.0
2019-05-30,cash,1.0
2019-05-31,cash,1.0
2019-06-03,cash,1.0
2019-06-04,cash,1.0
2019-06-05,cash,1.0
2019-06-06,cash,1.0
2019-06-07,cash,1.0
2019-06-10,cash,1.0
2019-06-11,cash,1.0
2019-06-12,cash,1.0
2019-06-13,cash,1.0
2019-06-14,cash,1.0
2019-06-17,cash,1.0
2019-06-18,cash,1.0
2019-06-19,cash,1.0
2019-06-20,cash,1.0
2019-06-21,cash,1.0
2019-06-24,cash,1.0
2019-06-25,cash,1.0
2019-06-26,cash,1.0
2019-06-27,cash,1.0
2019-06-28,cash,1.0
2019-07-01,cash,1.0
2019-07-02,cash,1.0
2019-07-03,cash,1.0
2019-07-04,cash,1.0
2019-07-05,cash,1.0
2019-07-08,cash,1.0
2019-07-09,cash,1.0
2019-07-10,cash,1.0
2019-07-11,cash,1.0
2019-07-12,cash,1.0
2019-07-15,cash,1.0
2019-07-16,cash,1.0
2019-07-17,cash,1.0
2019-07-18,cash,1.0
2019-07-19,cash,1.0
2019-07-22,cash,1.0
2019-07-23,cash,1.0
2019-07-24,cash,1.0
2019-07-25,cash,1.0
2019-07-26,cash,1.0
2019-07-29,cash,1.0
2019-07-30,cash,1.0
2019-07-31,cash,1.0
2019-08-01,cash,1.0
2019-08-02,cash,1.0
2019-08-05,cash,1.0
2019-08-06,cash,1.0
2019-08-07,cash,1.0
2019-08-08,cash,1.0
2019-08-09,cash,1.0
2019-08-12,cash,1.0
2019-08-13,cash,1.0
2019-08-14,cash,1.0
2019-08-15,cash,1.0
2019-08-16,cash,1.0
2019-08-19,cash,1.0
2019-08-20,cash,1.0
2019-08-21,cash,1.0
2019-08-22,cash,1.0
2019-08-23,cash,1.0
2019-08-26,cash,1.0
2019-08-27,cash,1.0
2019-08-28,cash,1.0
2019-08-29,cash,1.0
2019-08-30,cash,1.0
2019-09-03,cash,1.0
2019-09-04,cash,1.0
2019-09-05,cash,1.0
2019-09-06,cash,1.0
2019-09-09,cash,1.0
2019-09-10,cash,1.0
2019-09-11,cash,1.0
2019-09-12,cash,1.0
2019-09-13,cash,1.0
2019-09-16,cash,1.0
2019-09-17,cash,1.0
2019-09-18,cash,1.0
2019-09-19,cash,1.0
2019-09-20,cash,1.0
2019-09-23,cash,1.0
2019-09-24,cash,1.0
2019-09-25,cash,1.0
2019-09-26,cash,1.0
2019-09-27,cash,1.0
2019-09-30,cash,1.0
2019-10-01,cash,1.0
2019-10-02,cash,1.0
2019-10-03,cash,1.0
2019-10-04,cash,1.0
2019-10-07,cash,1.0
2019-10-08,cash,1.0
2019-10-09,cash,1.0
2019-10-10,cash,1.0
2019-10-11,cash,1.0
2019-10-14,cash,1.0
2019-10-15,cash,1.0
2019-10-16,cash,1.0
2019-10-17,cash,1.0
2019-10-18,cash,1.0
2019-10-21,cash,1.0
2019-10-22,cash,1.0
2019-10-23,cash,1.0
2019-10-24,cash,1.0
2019-10-25,cash,1.0
2019-10-28,cash,1.0
2019-10-29,cash,1.0
2019-10-30,cash,1.0
2019-10-31,cash,1.0
2019-11-01,cash,1.0
2019-11-04,cash,1.0
2019-11-05,cash,1.0
2019-11-06,cash,1.0
2019-11-07,cash,1.0
2019-11-08,cash,1.0
2019-11-11,cash,1.0
2019-11-12,cash,1.0
2019-11-13,cash,1.0
2019-11-14,cash,1.0
2019-11-15,cash,1.0
2019-11-18,cash,1.0
2019-11-19,cash,1.0
2019-11-20,cash,1.0
2019-11-21,cash,1.0
2019-11-22,cash,1.0
2019-11-25,cash,1.0
2019-11-26,cash,1.0
2019-11-27,cash,1.0
2019-11-28,cash,1.0
2019-11-29,cash,1.0
2019-12-02,cash,1.0
2019-12-03,cash,1.0
2019-12-04,cash,1.0
2019-12-05,cash,1.0
2019-12-06,cash,1.0
2019-12-09,cash,1.0
2019-12-10,cash,1.0
2019-12-11,cash,1.0
2019-12-12,cash,1.0
2019-12-13,cash,1.0
2019-12-16,cash,1.0
2019-12-17,cash,1.0
2019-12-18,cash,1.0
2019-12-19,cash,1.0
2019-12-20,cash,1.0
2019-12-23,cash,1.0
2019-12-24,cash,1.0
2019-12-25,cash,1.0
2019-12-26,cash,1.0
2019-12-27,cash,1.0
2019-12-30,cash,1.0
2019-12-31,cash,1.0
2020-01-02,cash,1.0
2020-01-03,cash,1.0
2020-01-06,cash,1.0
2020-01-07,cash,1.0
2020-01-08,cash,1.0
2020-01-09,cash,1.0
2020-01-10,cash,1.0
2020-01-13,cash,1.0
2020-01-14,cash,1.0
2020-01-15,cash,1.0
2020-01-16,cash,1.0
2020-01-17,cash,1.0
2020-01-20,cash,1.0
2020-01-21,cash,1.0
2020-01-22,cash,1.0
2020-01-30,cash,1.0
2020-01-31,cash,1.0
2020-02-03,cash,1.0
2020-02-04,cash,1.0
2020-02-05,cash,1.0
2020-02-06,cash,1.0
2020-02-07,cash,1.0
2020-02-10,cash,1.0
2020-02-11,cash,1.0
2020-02-12,cash,1.0
2020-02-13,cash,1.0
2020-02-14,cash,1.0
2020-02-17,cash,1.0
2020-02-18,cash,1.0
2020-02-19,cash,1.0
2020-02-20,cash,1.0
2020-02-21,cash,1.0
2020-02-24,cash,1.0
2020-02-25,cash,1.0
2020-02-26,cash,1.0
2020-02-27,cash,1.0
2020-02-28,cash,1.0
2020-03-02,cash,1.0
2020-03-03,cash,1.0
2020-03-04,cash,1.0
2020-03-05,cash,1.0
2020-03-06,cash,1.0
2020-03-09,cash,1.0
2020-03-10,cash,1.0
2020-03-11,cash,1.0
2020-03-12,cash,1.0
2020-03-13,cash,1.0
2020-03-16,cash,1.0
2020-03-17,cash,1.0
2020-03-18,cash,1.0
2020-03-19,cash,1.0
2020-03-20,cash,1.0
2020-03-23,cash,1.0
2020-03-24,cash,1.0
2020-03-25,cash,1.0
2020-03-26,cash,1.0
2020-03-27,cash,1.0
2020-03-30,cash,1.0
2020-03-31,cash,1.0
2020-04-01,cash,1.0
2020-04-03,cash,1.0
2020-04-06,cash,1.0
2020-04-07,cash,1.0
2020-04-08,cash,1.0
2020-04-09,cash,1.0
2020-04-10,cash,1.0
2020-04-13,cash,1.0
2020-04-14,cash,1.0
2020-04-15,cash,1.0
2020-04-16,cash,1.0
2020-04-17,cash,1.0
2020-04-20,cash,1.0
2020-04-21,cash,1.0
2020-04-22,cash,1.0
2020-04-23,cash,1.0
2020-04-24,cash,1.0
2020-04-27,cash,1.0
2020-04-28,cash,1.0
2020-04-29,cash,1.0
2020-05-04,cash,1.0
2020-05-05,cash,1.0
2020-05-06,cash,1.0
2020-05-07,cash,1.0
2020-05-08,cash,1.0
2020-05-11,cash,1.0
2020-05-12,cash,1.0
2020-05-13,cash,1.0
2020-05-14,cash,1.0
2020-05-15,cash,1.0
2020-05-18,cash,1.0
2020-05-19,cash,1.0
2020-05-20,cash,1.0
2020-05-21,cash,1.0
2020-05-22,cash,1.0
2020-05-25,cash,1.0
2020-05-26,cash,1.0
2020-05-27,cash,1.0
2020-05-28,cash,1.0
2020-05-29,cash,1.0
2020-06-01,cash,1.0
2020-06-02,cash,1.0
2020-06-03,cash,1.0
2020-06-04,cash,1.0
2020-06-05,cash,1.0
2020-06-08,cash,1.0
2020-06-09,cash,1.0
2020-06-10,cash,1.0
2020-06-11,cash,1.0
2020-06-12,cash,1.0
2020-06-15,cash,1.0
2020-06-16,cash,1.0
2020-06-17,cash,1.0
2020-06-18,cash,1.0
2020-06-19,cash,1.0
2020-06-22,cash,1.0
2020-06-23,cash,1.0
2020-06-24,cash,1.0
2020-06-25,cash,1.0
2020-06-26,cash,1.0
2020-06-29,cash,1.0
2020-06-30,cash,1.0
2020-07-01,cash,1.0
2020-07-02,cash,1.0
2020-07-03,cash,1.0
2020-07-06,cash,1.0
2020-07-07,cash,1.0
2020-07-08,cash,1.0
2020-07-09,cash,1.0
2020-07-10,cash,1.0
2020-07-13,cash,1.0
2020-07-14,cash,1.0
2020-07-15,cash,1.0
2020-07-16,cash,1.0
2020-07-17,cash,1.0
2020-07-20,cash,1.0
2020-07-21,cash,1.0
2020-07-22,cash,1.0
2020-07-23,cash,1.0
2020-07-24,cash,1.0
2020-07-27,cash,1.0
2020-07-28,cash,1.0
2020-07-29,cash,1.0
2020-07-30,cash,1.0
2020-07-31,cash,1.0
2020-08-03,cash,1.0
2020-08-04,cash,1.0
2020-08-05,cash,1.0
2020-08-06,cash,1.0
2020-08-07,cash,1.0
2020-08-10,cash,1.0
2020-08-11,cash,1.0
2020-08-12,cash,1.0
2020-08-13,cash,1.0
2020-08-14,cash,1.0
2020-08-17,cash,1.0
2020-08-18,cash,1.0
2020-08-19,cash,1.0
2020-08-20,cash,1.0
2020-08-21,cash,1.0
2020-08-24,cash,1.0
2020-08-25,cash,1.0
2020-08-26,cash,1.0
2020-08-27,cash,1.0
2020-08-28,cash,1.0
2020-08-31,cash,1.0
2020-09-01,cash,1.0
2020-09-03,cash,1.0
2020-09-04,cash,1.0
2020-09-07,cash,1.0
2020-09-08,cash,1.0
2020-09-09,cash,1.0
2020-09-10,cash,1.0
2020-09-11,cash,1.0
2020-09-14,cash,1.0
2020-09-15,cash,1.0
2020-09-16,cash,1.0
2020-09-17,cash,1.0
2020-09-18,cash,1.0
2020-09-21,cash,1.0
2020-09-22,cash,1.0
2020-09-23,cash,1.0
2020-09-24,cash,1.0
2020-09-25,cash,1.0
2020-09-28,cash,1.0
2020-09-29,cash,1.0
2020-09-30,cash,1.0
2020-10-01,cash,1.0
2020-10-02,cash,1.0
2020-10-05,cash,1.0
2020-10-06,cash,1.0
2020-10-07,cash,1.0
2020-10-08,cash,1.0
2020-10-09,cash,1.0
2020-10-12,cash,1.0
2020-10-13,cash,1.0
2020-10-14,cash,1.0
2020-10-15,cash,1.0
2020-10-16,cash,1.0
2020-10-19,cash,1.0
2020-10-20,cash,1.0
2020-10-21,cash,1.0
2020-10-22,cash,1.0
2020-10-23,cash,1.0
2020-10-26,cash,1.0
2020-10-27,cash,1.0
2020-10-28,cash,1.0
2020-10-29,cash,1.0
2020-10-30,cash,1.0
2020-11-02,cash,1.0
2020-11-03,cash,1.0
2020-11-04,cash,1.0
2020-11-05,cash,1.0
2020-11-06,cash,1.0
2020-11-09,cash,1.0
2020-11-10,cash,1.0
2020-11-11,cash,1.0
2020-11-12,cash,1.0
2020-11-13,cash,1.0
2020-11-16,cash,1.0
2020-11-17,cash,1.0
2020-11-18,cash,1.0
2020-11-19,cash,1.0
2020-11-20,cash,1.0
2020-11-23,cash,1.0
2020-11-24,cash,1.0
2020-11-25,cash,1.0
2020-11-26,cash,1.0
2020-11-27,cash,1.0
2020-11-30,cash,1.0
2020-12-01,cash,1.0
2020-12-02,cash,1.0
2020-12-03,cash,1.0
2020-12-04,cash,1.0
2020-12-07,cash,1.0
2020-12-08,cash,1.0
2020-12-09,cash,1.0
2020-12-10,cash,1.0
2020-12-11,cash,1.0
2020-12-14,cash,1.0
2020-12-15,cash,1.0
2020-12-16,cash,1.0
2020-12-17,cash,1.0
2020-12-18,cash,1.0
2020-12-21,cash,1.0
2020-12-22,cash,1.0
2020-12-23,cash,1.0
2020-12-24,cash,1.0
2020-12-25,cash,1.0
2020-12-28,cash,1.0
2020-12-29,cash,1.0
2020-12-30,cash,1.0
2020-12-31,cash,1.0
2021-01-04,cash,1.0
2021-01-05,cash,1.0
2021-01-06,cash,1.0
2021-01-07,cash,1.0
2021-01-08,cash,1.0
2021-01-11,cash,1.0
2021-01-12,cash,1.0
2021-01-13,cash,1.0
2021-01-14,cash,1.0
2021-01-15,cash,1.0
2021-01-18,cash,1.0
2021-01-19,cash,1.0
2021-01-20,cash,1.0
2021-01-21,cash,1.0
2021-01-22,cash,1.0
2021-01-25,cash,1.0
2021-01-26,cash,1.0
2021-01-27,cash,1.0
2021-01-28,cash,1.0
2021-01-29,cash,1.0
2021-02-01,cash,1.0
2021-02-02,cash,1.0
2021-02-03,cash,1.0
2021-02-04,cash,1.0
2021-02-05,cash,1.0
2021-02-08,cash,1.0
2021-02-09,cash,1.0
2021-02-17,cash,1.0
2021-02-18,cash,1.0
2021-02-19,cash,1.0
2021-02-22,cash,1.0
2021-02-23,cash,1.0
2021-02-24,cash,1.0
2021-02-25,cash,1.0
2021-02-26,cash,1.0
2021-03-01,cash,1.0
2021-03-02,cash,1.0
2021-03-03,cash,1.0
2021-03-04,cash,1.0
