scope,date,horizon,fold,model,recall,precision,false_positive_rate
rolling,2015-05-19,20,0,multiclass_probability_sum,1.0,0.35,1.0
rolling,2015-05-20,20,0,multiclass_probability_sum,1.0,0.34146341463414637,1.0
rolling,2015-05-21,20,0,multiclass_probability_sum,1.0,0.3333333333333333,1.0
rolling,2015-05-22,20,0,multiclass_probability_sum,1.0,0.32558139534883723,1.0
rolling,2015-05-25,20,0,multiclass_probability_sum,1.0,0.3181818181818182,1.0
rolling,2015-05-26,20,0,multiclass_probability_sum,1.0,0.3181818181818182,0.967741935483871
rolling,2015-05-27,20,0,multiclass_probability_sum,1.0,0.3111111111111111,0.96875
rolling,2015-05-28,20,0,multiclass_probability_sum,1.0,0.3111111111111111,0.9393939393939394
rolling,2015-05-29,20,0,multiclass_probability_sum,1.0,0.30434782608695654,0.9411764705882353
rolling,2015-06-01,20,0,multiclass_probability_sum,1.0,0.30434782608695654,0.9142857142857143
rolling,2015-06-02,20,0,multiclass_probability_sum,1.0,0.2978723404255319,0.9166666666666666
rolling,2015-06-03,20,0,multiclass_probability_sum,1.0,0.2916666666666667,0.918918918918919
rolling,2015-06-04,20,0,multiclass_probability_sum,1.0,0.2857142857142857,0.9210526315789473
rolling,2015-06-05,20,0,multiclass_probability_sum,1.0,0.28,0.9230769230769231
rolling,2015-06-08,20,0,multiclass_probability_sum,1.0,0.27450980392156865,0.925
rolling,2015-06-09,20,0,multiclass_probability_sum,1.0,0.2692307692307692,0.926829268292683
rolling,2015-06-10,20,0,multiclass_probability_sum,1.0,0.2641509433962264,0.9285714285714286
rolling,2015-06-11,20,0,multiclass_probability_sum,1.0,0.25925925925925924,0.9302325581395349
rolling,2015-06-12,20,0,multiclass_probability_sum,1.0,0.2545454545454545,0.9318181818181818
rolling,2015-06-15,20,0,multiclass_probability_sum,1.0,0.25,0.9333333333333333
rolling,2015-06-16,20,0,multiclass_probability_sum,1.0,0.24561403508771928,0.9347826086956522
rolling,2015-06-17,20,0,multiclass_probability_sum,1.0,0.2413793103448276,0.9361702127659575
rolling,2015-06-18,20,0,multiclass_probability_sum,1.0,0.23728813559322035,0.9375
rolling,2015-06-19,20,0,multiclass_probability_sum,1.0,0.23333333333333334,0.9387755102040817
rolling,2015-06-22,20,0,multiclass_probability_sum,1.0,0.22950819672131148,0.94
rolling,2015-06-23,20,0,multiclass_probability_sum,1.0,0.22580645161290322,0.9411764705882353
rolling,2015-06-24,20,0,multiclass_probability_sum,1.0,0.2222222222222222,0.9423076923076923
rolling,2015-06-25,20,0,multiclass_probability_sum,1.0,0.21875,0.9433962264150944
rolling,2015-06-26,20,0,multiclass_probability_sum,1.0,0.2153846153846154,0.9444444444444444
rolling,2015-06-29,20,0,multiclass_probability_sum,1.0,0.21212121212121213,0.9454545454545454
rolling,2015-06-30,20,0,multiclass_probability_sum,1.0,0.208955223880597,0.9464285714285714
rolling,2015-07-01,20,0,multiclass_probability_sum,1.0,0.20588235294117646,0.9473684210526315
rolling,2015-07-02,20,0,multiclass_probability_sum,1.0,0.2028985507246377,0.9482758620689655
rolling,2015-07-03,20,0,multiclass_probability_sum,1.0,0.2,0.9491525423728814
rolling,2015-07-06,20,0,multiclass_probability_sum,1.0,0.2112676056338028,0.9491525423728814
rolling,2015-07-07,20,0,multiclass_probability_sum,1.0,0.2222222222222222,0.9491525423728814
rolling,2015-07-08,20,0,multiclass_probability_sum,1.0,0.2328767123287671,0.9491525423728814
rolling,2015-07-09,20,0,multiclass_probability_sum,1.0,0.24324324324324326,0.9491525423728814
rolling,2015-07-10,20,0,multiclass_probability_sum,1.0,0.25333333333333335,0.9491525423728814
rolling,2015-07-13,20,0,multiclass_probability_sum,1.0,0.2631578947368421,0.9491525423728814
rolling,2015-07-14,20,0,multiclass_probability_sum,1.0,0.2727272727272727,0.9491525423728814
rolling,2015-07-15,20,0,multiclass_probability_sum,1.0,0.28205128205128205,0.9491525423728814
rolling,2015-07-16,20,0,multiclass_probability_sum,1.0,0.2911392405063291,0.9491525423728814
rolling,2015-07-17,20,0,multiclass_probability_sum,1.0,0.3,0.9491525423728814
rolling,2015-07-20,20,0,multiclass_probability_sum,1.0,0.30864197530864196,0.9491525423728814
rolling,2015-07-21,20,0,multiclass_probability_sum,1.0,0.3170731707317073,0.9491525423728814
rolling,2015-07-22,20,0,multiclass_probability_sum,1.0,0.3253012048192771,0.9491525423728814
rolling,2015-07-23,20,0,multiclass_probability_sum,1.0,0.3333333333333333,0.9491525423728814
rolling,2015-07-24,20,0,multiclass_probability_sum,1.0,0.3411764705882353,0.9491525423728814
rolling,2015-07-27,20,0,multiclass_probability_sum,1.0,0.3488372093023256,0.9491525423728814
rolling,2015-07-28,20,0,multiclass_probability_sum,1.0,0.3563218390804598,0.9491525423728814
rolling,2015-07-29,20,0,multiclass_probability_sum,1.0,0.36363636363636365,0.9491525423728814
rolling,2015-07-30,20,0,multiclass_probability_sum,1.0,0.3707865168539326,0.9491525423728814
rolling,2015-07-31,20,0,multiclass_probability_sum,1.0,0.37777777777777777,0.9491525423728814
rolling,2015-08-03,20,0,multiclass_probability_sum,1.0,0.38461538461538464,0.9491525423728814
rolling,2015-08-04,20,0,multiclass_probability_sum,1.0,0.391304347826087,0.9491525423728814
rolling,2015-08-05,20,0,multiclass_probability_sum,1.0,0.3978494623655914,0.9491525423728814
rolling,2015-08-06,20,0,multiclass_probability_sum,1.0,0.40425531914893614,0.9491525423728814
rolling,2015-08-07,20,0,multiclass_probability_sum,1.0,0.4105263157894737,0.9491525423728814
rolling,2015-08-10,20,0,multiclass_probability_sum,1.0,0.4166666666666667,0.9491525423728814
rolling,2015-08-11,20,0,multiclass_probability_sum,1.0,0.422680412371134,0.9491525423728814
rolling,2015-08-12,20,0,multiclass_probability_sum,1.0,0.42857142857142855,0.9491525423728814
rolling,2015-08-13,20,0,multiclass_probability_sum,1.0,0.43434343434343436,0.9491525423728814
rolling,2015-08-14,20,0,multiclass_probability_sum,1.0,0.44,0.9491525423728814
rolling,2015-08-17,20,0,multiclass_probability_sum,1.0,0.44554455445544555,0.9491525423728814
rolling,2015-08-18,20,0,multiclass_probability_sum,1.0,0.45098039215686275,0.9491525423728814
rolling,2015-08-19,20,0,multiclass_probability_sum,1.0,0.4563106796116505,0.9491525423728814
rolling,2015-08-20,20,0,multiclass_probability_sum,1.0,0.4519230769230769,0.95
rolling,2015-08-21,20,0,multiclass_probability_sum,1.0,0.44761904761904764,0.9508196721311475
rolling,2015-08-24,20,0,multiclass_probability_sum,1.0,0.44339622641509435,0.9516129032258065
rolling,2015-08-25,20,0,multiclass_probability_sum,1.0,0.4392523364485981,0.9523809523809523
rolling,2015-08-26,20,0,multiclass_probability_sum,1.0,0.4351851851851852,0.953125
rolling,2015-08-27,20,0,multiclass_probability_sum,1.0,0.43119266055045874,0.9538461538461539
rolling,2015-08-28,20,0,multiclass_probability_sum,1.0,0.43119266055045874,0.9393939393939394
rolling,2015-08-31,20,0,multiclass_probability_sum,1.0,0.42727272727272725,0.9402985074626866
rolling,2015-09-01,20,0,multiclass_probability_sum,1.0,0.42727272727272725,0.9264705882352942
rolling,2015-09-03,20,0,multiclass_probability_sum,1.0,0.42342342342342343,0.927536231884058
rolling,2015-09-04,20,0,multiclass_probability_sum,1.0,0.41964285714285715,0.9285714285714286
rolling,2015-09-07,20,0,multiclass_probability_sum,1.0,0.415929203539823,0.9295774647887324
rolling,2015-09-08,20,0,multiclass_probability_sum,1.0,0.41228070175438597,0.9305555555555556
rolling,2015-09-09,20,0,multiclass_probability_sum,1.0,0.40869565217391307,0.9315068493150684
rolling,2015-09-10,20,0,multiclass_probability_sum,1.0,0.4,0.9324324324324325
rolling,2015-09-11,20,0,multiclass_probability_sum,1.0,0.391304347826087,0.9333333333333333
rolling,2015-09-14,20,0,multiclass_probability_sum,1.0,0.3826086956521739,0.9342105263157895
rolling,2015-09-15,20,0,multiclass_probability_sum,1.0,0.3826086956521739,0.9342105263157895
rolling,2015-09-16,20,0,multiclass_probability_sum,1.0,0.3826086956521739,0.9342105263157895
rolling,2015-09-17,20,0,multiclass_probability_sum,1.0,0.3826086956521739,0.9342105263157895
rolling,2015-09-18,20,0,multiclass_probability_sum,1.0,0.3826086956521739,0.9342105263157895
rolling,2015-09-21,20,0,multiclass_probability_sum,1.0,0.3826086956521739,0.9342105263157895
rolling,2015-09-22,20,0,multiclass_probability_sum,1.0,0.3826086956521739,0.9342105263157895
rolling,2015-09-23,20,0,multiclass_probability_sum,1.0,0.3826086956521739,0.9342105263157895
rolling,2015-09-24,20,0,multiclass_probability_sum,1.0,0.3826086956521739,0.9342105263157895
rolling,2015-09-25,20,0,multiclass_probability_sum,1.0,0.3826086956521739,0.9342105263157895
rolling,2015-09-28,20,0,multiclass_probability_sum,1.0,0.3826086956521739,0.9342105263157895
rolling,2015-09-29,20,0,multiclass_probability_sum,1.0,0.3826086956521739,0.9342105263157895
rolling,2015-09-30,20,0,multiclass_probability_sum,1.0,0.3826086956521739,0.9342105263157895
rolling,2015-10-01,20,0,multiclass_probability_sum,1.0,0.3826086956521739,0.9342105263157895
rolling,2015-10-02,20,0,multiclass_probability_sum,1.0,0.3826086956521739,0.9342105263157895
rolling,2015-10-05,20,0,multiclass_probability_sum,1.0,0.3739130434782609,0.935064935064935
rolling,2015-10-06,20,0,multiclass_probability_sum,1.0,0.3652173913043478,0.9358974358974359
rolling,2015-10-07,20,0,multiclass_probability_sum,1.0,0.3565217391304348,0.9367088607594937
rolling,2015-10-08,20,0,multiclass_probability_sum,1.0,0.34782608695652173,0.9375
rolling,2015-10-09,20,0,multiclass_probability_sum,1.0,0.3391304347826087,0.9382716049382716
rolling,2015-10-12,20,0,multiclass_probability_sum,1.0,0.33043478260869563,0.9390243902439024
rolling,2015-10-13,20,0,multiclass_probability_sum,1.0,0.3217391304347826,0.9397590361445783
rolling,2015-10-14,20,0,multiclass_probability_sum,1.0,0.3130434782608696,0.9404761904761905
rolling,2015-10-15,20,0,multiclass_probability_sum,1.0,0.30434782608695654,0.9411764705882353
rolling,2015-10-16,20,0,multiclass_probability_sum,1.0,0.2956521739130435,0.9418604651162791
rolling,2015-10-19,20,0,multiclass_probability_sum,1.0,0.28695652173913044,0.9425287356321839
rolling,2015-10-20,20,0,multiclass_probability_sum,1.0,0.28695652173913044,0.9425287356321839
rolling,2015-10-21,20,0,multiclass_probability_sum,1.0,0.28695652173913044,0.9425287356321839
rolling,2015-10-22,20,0,multiclass_probability_sum,1.0,0.28695652173913044,0.9425287356321839
rolling,2015-10-23,20,0,multiclass_probability_sum,1.0,0.28695652173913044,0.9425287356321839
rolling,2015-10-26,20,0,multiclass_probability_sum,1.0,0.28695652173913044,0.9425287356321839
rolling,2015-10-27,20,0,multiclass_probability_sum,1.0,0.28695652173913044,0.9425287356321839
rolling,2015-10-28,20,0,multiclass_probability_sum,1.0,0.28695652173913044,0.9425287356321839
rolling,2015-10-29,20,0,multiclass_probability_sum,1.0,0.2956521739130435,0.9418604651162791
rolling,2015-10-30,20,0,multiclass_probability_sum,1.0,0.30434782608695654,0.9411764705882353
rolling,2015-11-02,20,0,multiclass_probability_sum,1.0,0.3130434782608696,0.9404761904761905
rolling,2015-11-03,20,0,multiclass_probability_sum,1.0,0.3217391304347826,0.9397590361445783
rolling,2015-11-04,20,0,multiclass_probability_sum,1.0,0.33043478260869563,0.9390243902439024
rolling,2015-11-05,20,0,multiclass_probability_sum,1.0,0.3391304347826087,0.9382716049382716
rolling,2015-11-06,20,0,multiclass_probability_sum,1.0,0.34782608695652173,0.9375
rolling,2015-11-09,20,0,multiclass_probability_sum,1.0,0.3565217391304348,0.9367088607594937
rolling,2015-11-10,20,0,multiclass_probability_sum,1.0,0.3652173913043478,0.9358974358974359
rolling,2015-11-11,20,0,multiclass_probability_sum,1.0,0.3706896551724138,0.948051948051948
rolling,2015-11-12,20,0,multiclass_probability_sum,1.0,0.3793103448275862,0.9473684210526315
rolling,2015-11-13,20,0,multiclass_probability_sum,1.0,0.38461538461538464,0.96
rolling,2015-11-16,20,0,multiclass_probability_sum,1.0,0.39316239316239315,0.9594594594594594
rolling,2015-11-17,20,0,multiclass_probability_sum,1.0,0.3983050847457627,0.9726027397260274
rolling,2015-11-18,20,0,multiclass_probability_sum,1.0,0.4067796610169492,0.9722222222222222
rolling,2015-11-19,20,0,multiclass_probability_sum,1.0,0.4152542372881356,0.971830985915493
rolling,2015-11-20,20,0,multiclass_probability_sum,1.0,0.423728813559322,0.9714285714285714
rolling,2015-11-23,20,0,multiclass_probability_sum,1.0,0.4322033898305085,0.9710144927536232
rolling,2015-11-24,20,0,multiclass_probability_sum,1.0,0.4406779661016949,0.9705882352941176
rolling,2015-11-25,20,0,multiclass_probability_sum,1.0,0.4491525423728814,0.9701492537313433
rolling,2015-11-26,20,0,multiclass_probability_sum,1.0,0.4576271186440678,0.9696969696969697
rolling,2015-11-27,20,0,multiclass_probability_sum,1.0,0.4661016949152542,0.9692307692307692
rolling,2015-11-30,20,0,multiclass_probability_sum,1.0,0.4661016949152542,0.9692307692307692
rolling,2015-12-01,20,0,multiclass_probability_sum,1.0,0.4661016949152542,0.9692307692307692
rolling,2015-12-02,20,0,multiclass_probability_sum,1.0,0.4661016949152542,0.9692307692307692
rolling,2015-12-03,20,0,multiclass_probability_sum,1.0,0.4661016949152542,0.9692307692307692
rolling,2015-12-04,20,0,multiclass_probability_sum,1.0,0.4661016949152542,0.9692307692307692
rolling,2015-12-07,20,0,multiclass_probability_sum,1.0,0.4661016949152542,0.9692307692307692
rolling,2015-12-08,20,0,multiclass_probability_sum,1.0,0.4661016949152542,0.9692307692307692
rolling,2015-12-09,20,0,multiclass_probability_sum,1.0,0.4661016949152542,0.9692307692307692
rolling,2015-12-10,20,0,multiclass_probability_sum,1.0,0.4661016949152542,0.9692307692307692
rolling,2015-12-11,20,0,multiclass_probability_sum,1.0,0.4661016949152542,0.9692307692307692
rolling,2015-12-14,20,0,multiclass_probability_sum,1.0,0.4661016949152542,0.9692307692307692
rolling,2015-12-15,20,0,multiclass_probability_sum,1.0,0.4661016949152542,0.9692307692307692
rolling,2015-12-16,20,0,multiclass_probability_sum,1.0,0.4745762711864407,0.96875
rolling,2015-12-17,20,0,multiclass_probability_sum,1.0,0.4830508474576271,0.9682539682539683
rolling,2015-12-18,20,0,multiclass_probability_sum,1.0,0.4915254237288136,0.967741935483871
rolling,2015-12-21,20,0,multiclass_probability_sum,1.0,0.5,0.9672131147540983
rolling,2015-12-22,20,0,multiclass_probability_sum,1.0,0.5,0.9672131147540983
rolling,2015-12-23,20,0,multiclass_probability_sum,1.0,0.5,0.9672131147540983
rolling,2015-12-24,20,0,multiclass_probability_sum,1.0,0.5,0.9672131147540983
rolling,2015-12-25,20,0,multiclass_probability_sum,1.0,0.5,0.9672131147540983
rolling,2015-12-28,20,0,multiclass_probability_sum,1.0,0.5,0.9672131147540983
rolling,2015-12-29,20,0,multiclass_probability_sum,1.0,0.5,0.9672131147540983
rolling,2015-12-30,20,0,multiclass_probability_sum,1.0,0.5,0.9672131147540983
rolling,2015-12-31,20,0,multiclass_probability_sum,1.0,0.5,0.9672131147540983
rolling,2016-01-04,20,0,multiclass_probability_sum,1.0,0.5,0.9672131147540983
rolling,2016-01-05,20,0,multiclass_probability_sum,1.0,0.5,0.9672131147540983
rolling,2016-01-06,20,0,multiclass_probability_sum,1.0,0.5,0.9672131147540983
rolling,2016-01-07,20,0,multiclass_probability_sum,1.0,0.5,0.9672131147540983
rolling,2016-01-08,20,0,multiclass_probability_sum,1.0,0.5,0.9672131147540983
rolling,2016-01-11,20,0,multiclass_probability_sum,1.0,0.5,0.9672131147540983
rolling,2016-01-12,20,0,multiclass_probability_sum,1.0,0.5,0.9672131147540983
rolling,2016-01-13,20,0,multiclass_probability_sum,1.0,0.5,0.9672131147540983
rolling,2016-01-14,20,0,multiclass_probability_sum,1.0,0.4915254237288136,0.967741935483871
rolling,2016-01-15,20,0,multiclass_probability_sum,1.0,0.4830508474576271,0.9682539682539683
rolling,2016-01-18,20,0,multiclass_probability_sum,1.0,0.4745762711864407,0.96875
rolling,2016-01-19,20,0,multiclass_probability_sum,1.0,0.4661016949152542,0.9692307692307692
rolling,2016-01-20,20,0,multiclass_probability_sum,1.0,0.4576271186440678,0.9696969696969697
rolling,2016-01-21,20,0,multiclass_probability_sum,1.0,0.4491525423728814,0.9701492537313433
rolling,2016-01-22,20,0,multiclass_probability_sum,1.0,0.4406779661016949,0.9705882352941176
rolling,2016-01-25,20,0,multiclass_probability_sum,1.0,0.4358974358974359,0.9565217391304348
rolling,2016-01-26,20,0,multiclass_probability_sum,1.0,0.42735042735042733,0.9571428571428572
rolling,2016-01-27,20,0,multiclass_probability_sum,1.0,0.4224137931034483,0.9436619718309859
rolling,2016-01-28,20,0,multiclass_probability_sum,1.0,0.41739130434782606,0.9305555555555556
rolling,2016-01-29,20,0,multiclass_probability_sum,1.0,0.41228070175438597,0.9178082191780822
rolling,2016-02-01,20,0,multiclass_probability_sum,1.0,0.40707964601769914,0.9054054054054054
rolling,2016-02-02,20,0,multiclass_probability_sum,1.0,0.39823008849557523,0.9066666666666666
rolling,2016-02-03,20,0,multiclass_probability_sum,1.0,0.3893805309734513,0.9078947368421053
rolling,2016-02-04,20,0,multiclass_probability_sum,1.0,0.3805309734513274,0.9090909090909091
rolling,2016-02-05,20,0,multiclass_probability_sum,1.0,0.37168141592920356,0.9102564102564102
rolling,2016-02-15,20,0,multiclass_probability_sum,1.0,0.37168141592920356,0.9102564102564102
rolling,2016-02-16,20,0,multiclass_probability_sum,1.0,0.37168141592920356,0.9102564102564102
rolling,2016-02-17,20,0,multiclass_probability_sum,1.0,0.37168141592920356,0.9102564102564102
rolling,2016-02-18,20,0,multiclass_probability_sum,1.0,0.37168141592920356,0.9102564102564102
rolling,2016-02-19,20,0,multiclass_probability_sum,1.0,0.375,0.8974358974358975
rolling,2016-02-22,20,0,multiclass_probability_sum,1.0,0.3783783783783784,0.8846153846153846
rolling,2016-02-23,20,0,multiclass_probability_sum,1.0,0.3783783783783784,0.8846153846153846
rolling,2016-02-24,20,0,multiclass_probability_sum,1.0,0.38181818181818183,0.8717948717948718
rolling,2016-02-25,20,0,multiclass_probability_sum,1.0,0.3783783783783784,0.8846153846153846
rolling,2016-02-26,20,0,multiclass_probability_sum,1.0,0.3783783783783784,0.8846153846153846
rolling,2016-02-29,20,0,multiclass_probability_sum,1.0,0.3783783783783784,0.8846153846153846
rolling,2016-03-01,20,0,multiclass_probability_sum,1.0,0.3783783783783784,0.8846153846153846
rolling,2016-03-02,20,0,multiclass_probability_sum,1.0,0.3783783783783784,0.8846153846153846
rolling,2016-03-03,20,0,multiclass_probability_sum,1.0,0.3783783783783784,0.8846153846153846
rolling,2016-03-04,20,0,multiclass_probability_sum,1.0,0.38738738738738737,0.8831168831168831
rolling,2016-03-07,20,0,multiclass_probability_sum,1.0,0.3963963963963964,0.881578947368421
rolling,2016-03-08,20,0,multiclass_probability_sum,1.0,0.40540540540540543,0.88
rolling,2016-03-09,20,0,multiclass_probability_sum,1.0,0.40540540540540543,0.88
rolling,2016-03-10,20,0,multiclass_probability_sum,1.0,0.40540540540540543,0.88
rolling,2016-03-11,20,0,multiclass_probability_sum,1.0,0.40540540540540543,0.88
rolling,2016-03-14,20,0,multiclass_probability_sum,1.0,0.40540540540540543,0.88
rolling,2016-03-15,20,0,multiclass_probability_sum,1.0,0.40540540540540543,0.88
rolling,2016-03-16,20,0,multiclass_probability_sum,1.0,0.40540540540540543,0.88
rolling,2016-03-17,20,0,multiclass_probability_sum,1.0,0.40540540540540543,0.88
rolling,2016-03-18,20,0,multiclass_probability_sum,1.0,0.40540540540540543,0.88
rolling,2016-03-21,20,0,multiclass_probability_sum,1.0,0.40540540540540543,0.88
rolling,2016-03-22,20,0,multiclass_probability_sum,1.0,0.40540540540540543,0.88
rolling,2016-03-23,20,0,multiclass_probability_sum,1.0,0.40540540540540543,0.88
rolling,2016-03-24,20,0,multiclass_probability_sum,1.0,0.40540540540540543,0.88
rolling,2016-03-25,20,0,multiclass_probability_sum,1.0,0.40540540540540543,0.88
rolling,2016-03-28,20,0,multiclass_probability_sum,1.0,0.40540540540540543,0.88
rolling,2016-03-29,20,0,multiclass_probability_sum,1.0,0.40540540540540543,0.88
rolling,2016-03-30,20,0,multiclass_probability_sum,1.0,0.40540540540540543,0.88
rolling,2016-03-31,20,0,multiclass_probability_sum,1.0,0.40540540540540543,0.88
rolling,2016-04-01,20,0,multiclass_probability_sum,1.0,0.40540540540540543,0.88
rolling,2016-04-04,20,0,multiclass_probability_sum,1.0,0.40540540540540543,0.88
rolling,2016-04-05,20,0,multiclass_probability_sum,1.0,0.40540540540540543,0.88
rolling,2016-04-06,20,0,multiclass_probability_sum,1.0,0.40540540540540543,0.88
rolling,2016-04-07,20,0,multiclass_probability_sum,1.0,0.40540540540540543,0.88
rolling,2016-04-08,20,0,multiclass_probability_sum,1.0,0.40540540540540543,0.88
rolling,2016-04-11,20,0,multiclass_probability_sum,1.0,0.40540540540540543,0.88
rolling,2016-04-12,20,0,multiclass_probability_sum,1.0,0.40540540540540543,0.88
rolling,2016-04-13,20,0,multiclass_probability_sum,1.0,0.40540540540540543,0.88
rolling,2016-04-14,20,0,multiclass_probability_sum,1.0,0.40540540540540543,0.88
rolling,2016-04-15,20,0,multiclass_probability_sum,1.0,0.40540540540540543,0.88
rolling,2016-04-19,20,0,multiclass_probability_sum,1.0,0.40540540540540543,0.88
rolling,2016-04-20,20,0,multiclass_probability_sum,1.0,0.40540540540540543,0.88
rolling,2016-04-21,20,0,multiclass_probability_sum,1.0,0.40540540540540543,0.88
rolling,2016-04-22,20,0,multiclass_probability_sum,1.0,0.40540540540540543,0.88
rolling,2016-04-25,20,0,multiclass_probability_sum,1.0,0.3963963963963964,0.881578947368421
rolling,2016-04-26,20,0,multiclass_probability_sum,1.0,0.38738738738738737,0.8831168831168831
rolling,2016-04-27,20,0,multiclass_probability_sum,1.0,0.3783783783783784,0.8846153846153846
rolling,2016-04-28,20,0,multiclass_probability_sum,1.0,0.36936936936936937,0.8860759493670886
rolling,2016-04-29,20,0,multiclass_probability_sum,1.0,0.36036036036036034,0.8875
rolling,2016-05-04,20,0,multiclass_probability_sum,1.0,0.35135135135135137,0.8888888888888888
rolling,2016-05-05,20,0,multiclass_probability_sum,1.0,0.34234234234234234,0.8902439024390244
rolling,2016-05-06,20,0,multiclass_probability_sum,1.0,0.3333333333333333,0.891566265060241
rolling,2016-05-09,20,0,multiclass_probability_sum,1.0,0.32432432432432434,0.8928571428571429
rolling,2016-05-10,20,0,multiclass_probability_sum,1.0,0.3153153153153153,0.8941176470588236
rolling,2016-05-11,20,0,multiclass_probability_sum,1.0,0.3063063063063063,0.8953488372093024
rolling,2016-05-12,20,0,multiclass_probability_sum,1.0,0.2972972972972973,0.896551724137931
rolling,2016-05-13,20,0,multiclass_probability_sum,1.0,0.2882882882882883,0.8977272727272727
rolling,2016-05-16,20,0,multiclass_probability_sum,1.0,0.27927927927927926,0.898876404494382
rolling,2016-05-17,20,0,multiclass_probability_sum,1.0,0.2702702702702703,0.9
rolling,2016-05-18,20,0,multiclass_probability_sum,1.0,0.26126126126126126,0.9010989010989011
rolling,2016-05-19,20,0,multiclass_probability_sum,1.0,0.25225225225225223,0.9021739130434783
rolling,2016-05-20,20,0,multiclass_probability_sum,1.0,0.24324324324324326,0.9032258064516129
rolling,2016-05-23,20,0,multiclass_probability_sum,1.0,0.23423423423423423,0.9042553191489362
rolling,2016-05-24,20,0,multiclass_probability_sum,1.0,0.22522522522522523,0.9052631578947369
rolling,2016-05-25,20,0,multiclass_probability_sum,1.0,0.21621621621621623,0.90625
rolling,2016-05-26,20,0,multiclass_probability_sum,1.0,0.2072072072072072,0.9072164948453608
rolling,2016-05-27,20,0,multiclass_probability_sum,1.0,0.2072072072072072,0.9072164948453608
rolling,2016-05-30,20,0,multiclass_probability_sum,1.0,0.2072072072072072,0.9072164948453608
rolling,2016-05-31,20,0,multiclass_probability_sum,1.0,0.2072072072072072,0.9072164948453608
rolling,2016-06-01,20,0,multiclass_probability_sum,1.0,0.2072072072072072,0.9072164948453608
rolling,2016-06-02,20,0,multiclass_probability_sum,1.0,0.2072072072072072,0.9072164948453608
rolling,2016-06-03,20,0,multiclass_probability_sum,1.0,0.2072072072072072,0.9072164948453608
rolling,2016-06-06,20,0,multiclass_probability_sum,1.0,0.2072072072072072,0.9072164948453608
rolling,2016-06-07,20,0,multiclass_probability_sum,1.0,0.2072072072072072,0.9072164948453608
rolling,2016-06-08,20,0,multiclass_probability_sum,1.0,0.2072072072072072,0.9072164948453608
rolling,2016-06-09,20,0,multiclass_probability_sum,1.0,0.2072072072072072,0.9072164948453608
rolling,2016-06-10,20,0,multiclass_probability_sum,1.0,0.2072072072072072,0.9072164948453608
rolling,2016-06-13,20,0,multiclass_probability_sum,1.0,0.2072072072072072,0.9072164948453608
rolling,2016-06-14,20,0,multiclass_probability_sum,1.0,0.1981981981981982,0.9081632653061225
rolling,2016-06-15,20,0,multiclass_probability_sum,1.0,0.1891891891891892,0.9090909090909091
rolling,2016-06-16,20,0,multiclass_probability_sum,1.0,0.18018018018018017,0.91
rolling,2016-06-17,20,0,multiclass_probability_sum,1.0,0.17117117117117117,0.9108910891089109
rolling,2016-06-20,20,0,multiclass_probability_sum,1.0,0.16216216216216217,0.9117647058823529
rolling,2016-06-21,20,0,multiclass_probability_sum,1.0,0.15315315315315314,0.912621359223301
rolling,2016-06-22,20,0,multiclass_probability_sum,1.0,0.14414414414414414,0.9134615384615384
rolling,2016-06-23,20,0,multiclass_probability_sum,1.0,0.13513513513513514,0.9142857142857143
rolling,2016-06-24,20,0,multiclass_probability_sum,1.0,0.12612612612612611,0.9150943396226415
rolling,2016-06-27,20,0,multiclass_probability_sum,1.0,0.11711711711711711,0.9158878504672897
rolling,2016-06-28,20,0,multiclass_probability_sum,1.0,0.10810810810810811,0.9166666666666666
rolling,2016-06-29,20,0,multiclass_probability_sum,1.0,0.0990990990990991,0.9174311926605505
rolling,2016-06-30,20,0,multiclass_probability_sum,1.0,0.09009009009009009,0.9181818181818182
rolling,2016-07-01,20,0,multiclass_probability_sum,1.0,0.08108108108108109,0.918918918918919
rolling,2016-07-04,20,0,multiclass_probability_sum,1.0,0.07207207207207207,0.9196428571428571
rolling,2016-07-05,20,0,multiclass_probability_sum,1.0,0.07207207207207207,0.9196428571428571
rolling,2016-07-06,20,0,multiclass_probability_sum,1.0,0.07207207207207207,0.9196428571428571
rolling,2016-07-07,20,0,multiclass_probability_sum,1.0,0.07207207207207207,0.9196428571428571
rolling,2016-07-08,20,0,multiclass_probability_sum,1.0,0.07207207207207207,0.9196428571428571
rolling,2016-07-11,20,0,multiclass_probability_sum,1.0,0.07207207207207207,0.9196428571428571
rolling,2016-07-12,20,0,multiclass_probability_sum,1.0,0.08108108108108109,0.918918918918919
rolling,2016-07-13,20,0,multiclass_probability_sum,1.0,0.09009009009009009,0.9181818181818182
rolling,2016-07-14,20,0,multiclass_probability_sum,1.0,0.09009009009009009,0.9181818181818182
rolling,2016-07-15,20,0,multiclass_probability_sum,1.0,0.09009009009009009,0.9181818181818182
rolling,2016-07-18,20,0,multiclass_probability_sum,1.0,0.0990990990990991,0.9174311926605505
rolling,2016-07-19,20,0,multiclass_probability_sum,1.0,0.0990990990990991,0.9174311926605505
rolling,2016-07-20,20,0,multiclass_probability_sum,1.0,0.0990990990990991,0.9174311926605505
rolling,2016-07-21,20,0,multiclass_probability_sum,1.0,0.09821428571428571,0.926605504587156
rolling,2016-07-22,20,0,multiclass_probability_sum,1.0,0.09821428571428571,0.926605504587156
rolling,2016-07-25,20,0,multiclass_probability_sum,1.0,0.09734513274336283,0.9357798165137615
rolling,2016-07-26,20,0,multiclass_probability_sum,1.0,0.09649122807017543,0.944954128440367
rolling,2016-07-27,20,0,multiclass_probability_sum,1.0,0.09565217391304348,0.9541284403669725
rolling,2016-07-28,20,0,multiclass_probability_sum,1.0,0.09482758620689655,0.963302752293578
rolling,2016-07-29,20,0,multiclass_probability_sum,1.0,0.09482758620689655,0.963302752293578
rolling,2016-08-01,20,0,multiclass_probability_sum,1.0,0.09482758620689655,0.963302752293578
rolling,2016-08-02,20,0,multiclass_probability_sum,1.0,0.09482758620689655,0.963302752293578
rolling,2016-08-03,20,0,multiclass_probability_sum,1.0,0.09482758620689655,0.963302752293578
rolling,2016-08-04,20,0,multiclass_probability_sum,1.0,0.09482758620689655,0.963302752293578
rolling,2016-08-05,20,0,multiclass_probability_sum,1.0,0.09482758620689655,0.963302752293578
rolling,2016-08-08,20,0,multiclass_probability_sum,1.0,0.09482758620689655,0.963302752293578
rolling,2016-08-09,20,0,multiclass_probability_sum,1.0,0.09482758620689655,0.963302752293578
rolling,2016-08-10,20,0,multiclass_probability_sum,1.0,0.09401709401709402,0.9724770642201835
rolling,2016-08-11,20,0,multiclass_probability_sum,1.0,0.09322033898305085,0.981651376146789
rolling,2016-08-12,20,0,multiclass_probability_sum,1.0,0.09243697478991597,0.9908256880733946
rolling,2016-08-15,20,0,multiclass_probability_sum,1.0,0.09166666666666666,1.0
rolling,2016-08-16,20,0,multiclass_probability_sum,1.0,0.09166666666666666,1.0
rolling,2016-08-17,20,0,multiclass_probability_sum,1.0,0.09166666666666666,1.0
rolling,2016-08-18,20,0,multiclass_probability_sum,1.0,0.09166666666666666,1.0
rolling,2016-08-19,20,0,multiclass_probability_sum,1.0,0.09166666666666666,1.0
rolling,2016-08-22,20,0,multiclass_probability_sum,1.0,0.09166666666666666,1.0
rolling,2016-08-23,20,0,multiclass_probability_sum,1.0,0.09166666666666666,1.0
rolling,2016-08-24,20,0,multiclass_probability_sum,1.0,0.08333333333333333,1.0
rolling,2016-08-25,20,0,multiclass_probability_sum,1.0,0.075,1.0
rolling,2016-08-26,20,0,multiclass_probability_sum,1.0,0.06666666666666667,1.0
rolling,2016-08-29,20,0,multiclass_probability_sum,1.0,0.06666666666666667,1.0
rolling,2016-08-30,20,0,multiclass_probability_sum,1.0,0.06666666666666667,1.0
rolling,2016-08-31,20,0,multiclass_probability_sum,1.0,0.06666666666666667,1.0
rolling,2016-09-01,20,0,multiclass_probability_sum,1.0,0.06666666666666667,1.0
rolling,2016-09-05,20,0,multiclass_probability_sum,1.0,0.06666666666666667,1.0
rolling,2016-09-06,20,0,multiclass_probability_sum,1.0,0.06666666666666667,1.0
rolling,2016-09-07,20,0,multiclass_probability_sum,1.0,0.06666666666666667,1.0
rolling,2016-09-08,20,0,multiclass_probability_sum,1.0,0.06666666666666667,1.0
rolling,2016-09-09,20,0,multiclass_probability_sum,1.0,0.06666666666666667,1.0
rolling,2016-09-12,20,0,multiclass_probability_sum,1.0,0.06666666666666667,1.0
rolling,2016-09-13,20,0,multiclass_probability_sum,1.0,0.06666666666666667,1.0
rolling,2016-09-14,20,0,multiclass_probability_sum,1.0,0.06666666666666667,1.0
rolling,2016-09-15,20,0,multiclass_probability_sum,1.0,0.06666666666666667,1.0
rolling,2016-09-16,20,0,multiclass_probability_sum,1.0,0.06666666666666667,1.0
rolling,2016-09-19,20,0,multiclass_probability_sum,1.0,0.06666666666666667,1.0
rolling,2016-09-20,20,0,multiclass_probability_sum,1.0,0.06666666666666667,1.0
rolling,2016-09-21,20,0,multiclass_probability_sum,1.0,0.06666666666666667,1.0
rolling,2016-09-22,20,0,multiclass_probability_sum,1.0,0.06666666666666667,1.0
rolling,2016-09-23,20,0,multiclass_probability_sum,1.0,0.06666666666666667,1.0
rolling,2016-09-26,20,0,multiclass_probability_sum,1.0,0.06666666666666667,1.0
rolling,2016-09-27,20,0,multiclass_probability_sum,1.0,0.06666666666666667,1.0
rolling,2016-09-28,20,0,multiclass_probability_sum,1.0,0.075,1.0
rolling,2016-09-29,20,0,multiclass_probability_sum,1.0,0.08333333333333333,1.0
rolling,2016-09-30,20,0,multiclass_probability_sum,1.0,0.08333333333333333,1.0
rolling,2016-10-03,20,0,multiclass_probability_sum,1.0,0.08333333333333333,1.0
rolling,2016-10-04,20,0,multiclass_probability_sum,1.0,0.08333333333333333,1.0
rolling,2016-10-05,20,0,multiclass_probability_sum,1.0,0.09166666666666666,1.0
rolling,2016-10-06,20,0,multiclass_probability_sum,1.0,0.1,1.0
rolling,2016-10-07,20,0,multiclass_probability_sum,1.0,0.10833333333333334,1.0
rolling,2016-10-10,20,0,multiclass_probability_sum,1.0,0.10833333333333334,1.0
rolling,2016-10-11,20,0,multiclass_probability_sum,1.0,0.10833333333333334,1.0
rolling,2016-10-12,20,0,multiclass_probability_sum,1.0,0.11666666666666667,1.0
rolling,2016-10-13,20,0,multiclass_probability_sum,1.0,0.11666666666666667,1.0
rolling,2016-10-14,20,0,multiclass_probability_sum,1.0,0.11666666666666667,1.0
rolling,2016-10-17,20,0,multiclass_probability_sum,1.0,0.11666666666666667,1.0
rolling,2016-10-18,20,0,multiclass_probability_sum,1.0,0.11666666666666667,1.0
rolling,2016-10-19,20,0,multiclass_probability_sum,1.0,0.125,1.0
rolling,2016-10-20,20,0,multiclass_probability_sum,1.0,0.13333333333333333,1.0
rolling,2016-10-21,20,0,multiclass_probability_sum,1.0,0.14166666666666666,1.0
rolling,2016-10-24,20,0,multiclass_probability_sum,1.0,0.14166666666666666,1.0
rolling,2016-10-25,20,0,multiclass_probability_sum,1.0,0.14166666666666666,1.0
rolling,2016-10-26,20,0,multiclass_probability_sum,1.0,0.14166666666666666,1.0
rolling,2016-10-27,20,0,multiclass_probability_sum,1.0,0.14166666666666666,1.0
rolling,2016-10-28,20,0,multiclass_probability_sum,1.0,0.14166666666666666,1.0
rolling,2016-10-31,20,0,multiclass_probability_sum,1.0,0.15,1.0
rolling,2016-11-01,20,0,multiclass_probability_sum,1.0,0.15833333333333333,1.0
rolling,2016-11-02,20,0,multiclass_probability_sum,1.0,0.15833333333333333,1.0
rolling,2016-11-03,20,0,multiclass_probability_sum,1.0,0.15833333333333333,1.0
rolling,2016-11-04,20,0,multiclass_probability_sum,1.0,0.15833333333333333,1.0
rolling,2016-11-07,20,0,multiclass_probability_sum,1.0,0.16666666666666666,1.0
rolling,2016-11-08,20,0,multiclass_probability_sum,1.0,0.175,1.0
rolling,2016-11-09,20,0,multiclass_probability_sum,1.0,0.18333333333333332,1.0
rolling,2016-11-10,20,0,multiclass_probability_sum,1.0,0.19166666666666668,1.0
rolling,2016-11-11,20,0,multiclass_probability_sum,1.0,0.2,1.0
rolling,2016-11-14,20,0,multiclass_probability_sum,1.0,0.20833333333333334,1.0
rolling,2016-11-15,20,0,multiclass_probability_sum,1.0,0.21666666666666667,1.0
rolling,2016-11-16,20,0,multiclass_probability_sum,1.0,0.21666666666666667,1.0
rolling,2016-11-17,20,0,multiclass_probability_sum,1.0,0.21666666666666667,1.0
rolling,2016-11-18,20,0,multiclass_probability_sum,1.0,0.21666666666666667,1.0
rolling,2016-11-21,20,0,multiclass_probability_sum,1.0,0.21666666666666667,1.0
rolling,2016-11-22,20,0,multiclass_probability_sum,1.0,0.225,1.0
rolling,2016-11-23,20,0,multiclass_probability_sum,1.0,0.23333333333333334,1.0
rolling,2016-11-24,20,0,multiclass_probability_sum,1.0,0.24166666666666667,1.0
rolling,2016-11-25,20,0,multiclass_probability_sum,1.0,0.25,1.0
rolling,2016-11-28,20,0,multiclass_probability_sum,1.0,0.25,1.0
rolling,2016-11-29,20,0,multiclass_probability_sum,1.0,0.25,1.0
rolling,2016-11-30,20,0,multiclass_probability_sum,1.0,0.25,1.0
rolling,2016-12-01,20,0,multiclass_probability_sum,1.0,0.25,1.0
rolling,2016-12-02,20,0,multiclass_probability_sum,1.0,0.25,1.0
rolling,2016-12-05,20,0,multiclass_probability_sum,1.0,0.25,1.0
rolling,2016-12-06,20,0,multiclass_probability_sum,1.0,0.25,1.0
rolling,2016-12-07,20,0,multiclass_probability_sum,1.0,0.25,1.0
rolling,2016-12-08,20,0,multiclass_probability_sum,1.0,0.25,1.0
rolling,2016-12-09,20,0,multiclass_probability_sum,1.0,0.25,1.0
rolling,2016-12-12,20,0,multiclass_probability_sum,1.0,0.25,1.0
rolling,2016-12-13,20,0,multiclass_probability_sum,1.0,0.25,1.0
rolling,2016-12-14,20,0,multiclass_probability_sum,1.0,0.25,1.0
rolling,2016-12-15,20,0,multiclass_probability_sum,1.0,0.25,1.0
rolling,2016-12-16,20,0,multiclass_probability_sum,1.0,0.25,1.0
rolling,2016-12-19,20,0,multiclass_probability_sum,1.0,0.25,1.0
rolling,2016-12-20,20,0,multiclass_probability_sum,1.0,0.25,1.0
rolling,2016-12-21,20,0,multiclass_probability_sum,1.0,0.24166666666666667,1.0
rolling,2016-12-22,20,0,multiclass_probability_sum,1.0,0.23333333333333334,1.0
rolling,2016-12-23,20,0,multiclass_probability_sum,1.0,0.225,1.0
rolling,2016-12-26,20,0,multiclass_probability_sum,1.0,0.21666666666666667,1.0
rolling,2016-12-27,20,0,multiclass_probability_sum,1.0,0.20833333333333334,1.0
rolling,2016-12-28,20,0,multiclass_probability_sum,1.0,0.2,1.0
rolling,2016-12-29,20,0,multiclass_probability_sum,1.0,0.19166666666666668,1.0
rolling,2016-12-30,20,0,multiclass_probability_sum,1.0,0.19166666666666668,1.0
rolling,2017-01-03,20,0,multiclass_probability_sum,1.0,0.19166666666666668,1.0
rolling,2017-01-04,20,0,multiclass_probability_sum,1.0,0.18333333333333332,1.0
rolling,2017-01-05,20,0,multiclass_probability_sum,1.0,0.18333333333333332,1.0
rolling,2017-01-06,20,0,multiclass_probability_sum,1.0,0.18333333333333332,1.0
rolling,2017-01-09,20,0,multiclass_probability_sum,1.0,0.18333333333333332,1.0
rolling,2017-01-10,20,0,multiclass_probability_sum,1.0,0.18333333333333332,1.0
rolling,2017-01-11,20,0,multiclass_probability_sum,1.0,0.18333333333333332,1.0
rolling,2017-01-12,20,0,multiclass_probability_sum,1.0,0.18333333333333332,1.0
rolling,2017-01-13,20,0,multiclass_probability_sum,1.0,0.18333333333333332,1.0
rolling,2017-01-16,20,0,multiclass_probability_sum,1.0,0.18333333333333332,1.0
rolling,2017-01-17,20,0,multiclass_probability_sum,1.0,0.18333333333333332,1.0
rolling,2017-01-18,20,0,multiclass_probability_sum,1.0,0.18333333333333332,1.0
rolling,2017-01-19,20,0,multiclass_probability_sum,1.0,0.18333333333333332,1.0
rolling,2017-01-20,20,0,multiclass_probability_sum,1.0,0.18333333333333332,1.0
rolling,2017-01-23,20,0,multiclass_probability_sum,1.0,0.18333333333333332,1.0
rolling,2017-01-24,20,0,multiclass_probability_sum,1.0,0.18333333333333332,1.0
rolling,2017-01-25,20,0,multiclass_probability_sum,1.0,0.18333333333333332,1.0
rolling,2017-02-02,20,0,multiclass_probability_sum,1.0,0.18333333333333332,1.0
rolling,2017-02-03,20,0,multiclass_probability_sum,1.0,0.18333333333333332,1.0
rolling,2017-02-06,20,0,multiclass_probability_sum,1.0,0.18333333333333332,1.0
rolling,2017-02-07,20,0,multiclass_probability_sum,1.0,0.18333333333333332,1.0
rolling,2017-02-08,20,0,multiclass_probability_sum,1.0,0.18333333333333332,1.0
rolling,2017-02-09,20,0,multiclass_probability_sum,1.0,0.18333333333333332,1.0
rolling,2017-02-10,20,0,multiclass_probability_sum,1.0,0.18333333333333332,1.0
rolling,2017-02-13,20,0,multiclass_probability_sum,1.0,0.18333333333333332,1.0
rolling,2017-02-14,20,0,multiclass_probability_sum,1.0,0.18333333333333332,1.0
rolling,2017-02-15,20,0,multiclass_probability_sum,1.0,0.18333333333333332,1.0
rolling,2017-02-16,20,0,multiclass_probability_sum,1.0,0.18333333333333332,1.0
rolling,2017-02-17,20,0,multiclass_probability_sum,1.0,0.18333333333333332,1.0
rolling,2017-02-20,20,0,multiclass_probability_sum,1.0,0.18333333333333332,1.0
rolling,2017-02-21,20,0,multiclass_probability_sum,1.0,0.18333333333333332,1.0
rolling,2017-02-22,20,0,multiclass_probability_sum,1.0,0.18333333333333332,1.0
rolling,2017-02-23,20,0,multiclass_probability_sum,1.0,0.18333333333333332,1.0
rolling,2017-02-24,20,0,multiclass_probability_sum,1.0,0.18333333333333332,1.0
rolling,2017-02-27,20,0,multiclass_probability_sum,1.0,0.18333333333333332,1.0
rolling,2017-02-28,20,0,multiclass_probability_sum,1.0,0.18333333333333332,1.0
rolling,2017-03-01,20,0,multiclass_probability_sum,1.0,0.18333333333333332,1.0
rolling,2017-03-02,20,0,multiclass_probability_sum,1.0,0.18333333333333332,1.0
rolling,2017-03-03,20,0,multiclass_probability_sum,1.0,0.18333333333333332,1.0
rolling,2017-03-06,20,0,multiclass_probability_sum,1.0,0.18333333333333332,1.0
rolling,2017-03-07,20,0,multiclass_probability_sum,1.0,0.18333333333333332,1.0
rolling,2017-03-08,20,0,multiclass_probability_sum,1.0,0.18333333333333332,1.0
rolling,2017-03-09,20,0,multiclass_probability_sum,1.0,0.18333333333333332,1.0
rolling,2017-03-10,20,0,multiclass_probability_sum,1.0,0.18333333333333332,1.0
rolling,2017-03-13,20,0,multiclass_probability_sum,1.0,0.18333333333333332,1.0
rolling,2015-05-19,20,0,candidate_risk_off,1.0,0.35,1.0
rolling,2015-05-20,20,0,candidate_risk_off,1.0,0.34146341463414637,1.0
rolling,2015-05-21,20,0,candidate_risk_off,1.0,0.3333333333333333,1.0
rolling,2015-05-22,20,0,candidate_risk_off,1.0,0.32558139534883723,1.0
rolling,2015-05-25,20,0,candidate_risk_off,1.0,0.3181818181818182,1.0
rolling,2015-05-26,20,0,candidate_risk_off,1.0,0.3111111111111111,1.0
rolling,2015-05-27,20,0,candidate_risk_off,1.0,0.30434782608695654,1.0
rolling,2015-05-28,20,0,candidate_risk_off,1.0,0.2978723404255319,1.0
rolling,2015-05-29,20,0,candidate_risk_off,1.0,0.2916666666666667,1.0
rolling,2015-06-01,20,0,candidate_risk_off,1.0,0.2857142857142857,1.0
rolling,2015-06-02,20,0,candidate_risk_off,1.0,0.28,1.0
rolling,2015-06-03,20,0,candidate_risk_off,1.0,0.27450980392156865,1.0
rolling,2015-06-04,20,0,candidate_risk_off,1.0,0.2692307692307692,1.0
rolling,2015-06-05,20,0,candidate_risk_off,1.0,0.2641509433962264,1.0
rolling,2015-06-08,20,0,candidate_risk_off,1.0,0.25925925925925924,1.0
rolling,2015-06-09,20,0,candidate_risk_off,1.0,0.2545454545454545,1.0
rolling,2015-06-10,20,0,candidate_risk_off,1.0,0.25,1.0
rolling,2015-06-11,20,0,candidate_risk_off,1.0,0.24561403508771928,1.0
rolling,2015-06-12,20,0,candidate_risk_off,1.0,0.2413793103448276,1.0
rolling,2015-06-15,20,0,candidate_risk_off,1.0,0.23728813559322035,1.0
rolling,2015-06-16,20,0,candidate_risk_off,1.0,0.23333333333333334,1.0
rolling,2015-06-17,20,0,candidate_risk_off,1.0,0.22950819672131148,1.0
rolling,2015-06-18,20,0,candidate_risk_off,1.0,0.22580645161290322,1.0
rolling,2015-06-19,20,0,candidate_risk_off,1.0,0.2222222222222222,1.0
rolling,2015-06-22,20,0,candidate_risk_off,1.0,0.21875,1.0
rolling,2015-06-23,20,0,candidate_risk_off,1.0,0.2153846153846154,1.0
rolling,2015-06-24,20,0,candidate_risk_off,1.0,0.21212121212121213,1.0
rolling,2015-06-25,20,0,candidate_risk_off,1.0,0.208955223880597,1.0
rolling,2015-06-26,20,0,candidate_risk_off,1.0,0.20588235294117646,1.0
rolling,2015-06-29,20,0,candidate_risk_off,1.0,0.2028985507246377,1.0
rolling,2015-06-30,20,0,candidate_risk_off,1.0,0.2,1.0
rolling,2015-07-01,20,0,candidate_risk_off,1.0,0.19718309859154928,1.0
rolling,2015-07-02,20,0,candidate_risk_off,1.0,0.19444444444444445,1.0
rolling,2015-07-03,20,0,candidate_risk_off,1.0,0.1917808219178082,1.0
rolling,2015-07-06,20,0,candidate_risk_off,1.0,0.20270270270270271,1.0
rolling,2015-07-07,20,0,candidate_risk_off,1.0,0.21333333333333335,1.0
rolling,2015-07-08,20,0,candidate_risk_off,1.0,0.2236842105263158,1.0
rolling,2015-07-09,20,0,candidate_risk_off,1.0,0.23376623376623376,1.0
rolling,2015-07-10,20,0,candidate_risk_off,1.0,0.24358974358974358,1.0
rolling,2015-07-13,20,0,candidate_risk_off,1.0,0.25316455696202533,1.0
rolling,2015-07-14,20,0,candidate_risk_off,1.0,0.2625,1.0
rolling,2015-07-15,20,0,candidate_risk_off,1.0,0.2716049382716049,1.0
rolling,2015-07-16,20,0,candidate_risk_off,1.0,0.2804878048780488,1.0
rolling,2015-07-17,20,0,candidate_risk_off,1.0,0.2891566265060241,1.0
rolling,2015-07-20,20,0,candidate_risk_off,1.0,0.2976190476190476,1.0
rolling,2015-07-21,20,0,candidate_risk_off,1.0,0.3058823529411765,1.0
rolling,2015-07-22,20,0,candidate_risk_off,1.0,0.313953488372093,1.0
rolling,2015-07-23,20,0,candidate_risk_off,1.0,0.3218390804597701,1.0
rolling,2015-07-24,20,0,candidate_risk_off,1.0,0.32954545454545453,1.0
rolling,2015-07-27,20,0,candidate_risk_off,1.0,0.33707865168539325,1.0
rolling,2015-07-28,20,0,candidate_risk_off,1.0,0.34444444444444444,1.0
rolling,2015-07-29,20,0,candidate_risk_off,1.0,0.3516483516483517,1.0
rolling,2015-07-30,20,0,candidate_risk_off,1.0,0.358695652173913,1.0
rolling,2015-07-31,20,0,candidate_risk_off,1.0,0.3655913978494624,1.0
rolling,2015-08-03,20,0,candidate_risk_off,1.0,0.3723404255319149,1.0
rolling,2015-08-04,20,0,candidate_risk_off,1.0,0.37894736842105264,1.0
rolling,2015-08-05,20,0,candidate_risk_off,1.0,0.3854166666666667,1.0
rolling,2015-08-06,20,0,candidate_risk_off,1.0,0.3917525773195876,1.0
rolling,2015-08-07,20,0,candidate_risk_off,1.0,0.3979591836734694,1.0
rolling,2015-08-10,20,0,candidate_risk_off,1.0,0.40404040404040403,1.0
rolling,2015-08-11,20,0,candidate_risk_off,1.0,0.41,1.0
rolling,2015-08-12,20,0,candidate_risk_off,1.0,0.4158415841584158,1.0
rolling,2015-08-13,20,0,candidate_risk_off,1.0,0.4215686274509804,1.0
rolling,2015-08-14,20,0,candidate_risk_off,1.0,0.42718446601941745,1.0
rolling,2015-08-17,20,0,candidate_risk_off,1.0,0.4326923076923077,1.0
rolling,2015-08-18,20,0,candidate_risk_off,1.0,0.4380952380952381,1.0
rolling,2015-08-19,20,0,candidate_risk_off,1.0,0.44339622641509435,1.0
rolling,2015-08-20,20,0,candidate_risk_off,1.0,0.4392523364485981,1.0
rolling,2015-08-21,20,0,candidate_risk_off,1.0,0.4351851851851852,1.0
rolling,2015-08-24,20,0,candidate_risk_off,1.0,0.43119266055045874,1.0
rolling,2015-08-25,20,0,candidate_risk_off,1.0,0.42727272727272725,1.0
rolling,2015-08-26,20,0,candidate_risk_off,1.0,0.42342342342342343,1.0
rolling,2015-08-27,20,0,candidate_risk_off,1.0,0.41964285714285715,1.0
rolling,2015-08-28,20,0,candidate_risk_off,1.0,0.415929203539823,1.0
rolling,2015-08-31,20,0,candidate_risk_off,1.0,0.41228070175438597,1.0
rolling,2015-09-01,20,0,candidate_risk_off,1.0,0.41228070175438597,0.9852941176470589
rolling,2015-09-03,20,0,candidate_risk_off,1.0,0.40869565217391307,0.9855072463768116
rolling,2015-09-04,20,0,candidate_risk_off,1.0,0.4051724137931034,0.9857142857142858
rolling,2015-09-07,20,0,candidate_risk_off,1.0,0.4017094017094017,0.9859154929577465
rolling,2015-09-08,20,0,candidate_risk_off,1.0,0.3983050847457627,0.9861111111111112
rolling,2015-09-09,20,0,candidate_risk_off,1.0,0.3983050847457627,0.9726027397260274
rolling,2015-09-10,20,0,candidate_risk_off,1.0,0.3898305084745763,0.972972972972973
rolling,2015-09-11,20,0,candidate_risk_off,1.0,0.3813559322033898,0.9733333333333334
rolling,2015-09-14,20,0,candidate_risk_off,1.0,0.3728813559322034,0.9736842105263158
rolling,2015-09-15,20,0,candidate_risk_off,1.0,0.3728813559322034,0.9736842105263158
rolling,2015-09-16,20,0,candidate_risk_off,1.0,0.3728813559322034,0.9736842105263158
rolling,2015-09-17,20,0,candidate_risk_off,1.0,0.3728813559322034,0.9736842105263158
rolling,2015-09-18,20,0,candidate_risk_off,1.0,0.3728813559322034,0.9736842105263158
rolling,2015-09-21,20,0,candidate_risk_off,1.0,0.37606837606837606,0.9605263157894737
rolling,2015-09-22,20,0,candidate_risk_off,1.0,0.37606837606837606,0.9605263157894737
rolling,2015-09-23,20,0,candidate_risk_off,1.0,0.37606837606837606,0.9605263157894737
rolling,2015-09-24,20,0,candidate_risk_off,1.0,0.37606837606837606,0.9605263157894737
rolling,2015-09-25,20,0,candidate_risk_off,1.0,0.37606837606837606,0.9605263157894737
rolling,2015-09-28,20,0,candidate_risk_off,1.0,0.37606837606837606,0.9605263157894737
rolling,2015-09-29,20,0,candidate_risk_off,1.0,0.37606837606837606,0.9605263157894737
rolling,2015-09-30,20,0,candidate_risk_off,1.0,0.37606837606837606,0.9605263157894737
rolling,2015-10-01,20,0,candidate_risk_off,1.0,0.37606837606837606,0.9605263157894737
rolling,2015-10-02,20,0,candidate_risk_off,1.0,0.37606837606837606,0.9605263157894737
rolling,2015-10-05,20,0,candidate_risk_off,1.0,0.36752136752136755,0.961038961038961
rolling,2015-10-06,20,0,candidate_risk_off,1.0,0.358974358974359,0.9615384615384616
rolling,2015-10-07,20,0,candidate_risk_off,1.0,0.3504273504273504,0.9620253164556962
rolling,2015-10-08,20,0,candidate_risk_off,1.0,0.3418803418803419,0.9625
rolling,2015-10-09,20,0,candidate_risk_off,1.0,0.3333333333333333,0.9629629629629629
rolling,2015-10-12,20,0,candidate_risk_off,1.0,0.3247863247863248,0.9634146341463414
rolling,2015-10-13,20,0,candidate_risk_off,1.0,0.3162393162393162,0.963855421686747
rolling,2015-10-14,20,0,candidate_risk_off,1.0,0.3076923076923077,0.9642857142857143
rolling,2015-10-15,20,0,candidate_risk_off,1.0,0.29914529914529914,0.9647058823529412
rolling,2015-10-16,20,0,candidate_risk_off,1.0,0.2905982905982906,0.9651162790697675
rolling,2015-10-19,20,0,candidate_risk_off,1.0,0.28205128205128205,0.9655172413793104
rolling,2015-10-20,20,0,candidate_risk_off,1.0,0.28205128205128205,0.9655172413793104
rolling,2015-10-21,20,0,candidate_risk_off,1.0,0.28205128205128205,0.9655172413793104
rolling,2015-10-22,20,0,candidate_risk_off,1.0,0.28205128205128205,0.9655172413793104
rolling,2015-10-23,20,0,candidate_risk_off,1.0,0.28205128205128205,0.9655172413793104
rolling,2015-10-26,20,0,candidate_risk_off,1.0,0.28205128205128205,0.9655172413793104
rolling,2015-10-27,20,0,candidate_risk_off,1.0,0.28205128205128205,0.9655172413793104
rolling,2015-10-28,20,0,candidate_risk_off,1.0,0.28205128205128205,0.9655172413793104
rolling,2015-10-29,20,0,candidate_risk_off,1.0,0.2905982905982906,0.9651162790697675
rolling,2015-10-30,20,0,candidate_risk_off,1.0,0.29914529914529914,0.9647058823529412
rolling,2015-11-02,20,0,candidate_risk_off,1.0,0.3076923076923077,0.9642857142857143
rolling,2015-11-03,20,0,candidate_risk_off,1.0,0.3162393162393162,0.963855421686747
rolling,2015-11-04,20,0,candidate_risk_off,1.0,0.3247863247863248,0.9634146341463414
rolling,2015-11-05,20,0,candidate_risk_off,1.0,0.3333333333333333,0.9629629629629629
rolling,2015-11-06,20,0,candidate_risk_off,1.0,0.3418803418803419,0.9625
rolling,2015-11-09,20,0,candidate_risk_off,1.0,0.3504273504273504,0.9620253164556962
rolling,2015-11-10,20,0,candidate_risk_off,1.0,0.358974358974359,0.9615384615384616
rolling,2015-11-11,20,0,candidate_risk_off,1.0,0.36752136752136755,0.961038961038961
rolling,2015-11-12,20,0,candidate_risk_off,1.0,0.37606837606837606,0.9605263157894737
rolling,2015-11-13,20,0,candidate_risk_off,0.9777777777777777,0.3793103448275862,0.96
rolling,2015-11-16,20,0,candidate_risk_off,0.9565217391304348,0.3826086956521739,0.9594594594594594
rolling,2015-11-17,20,0,candidate_risk_off,0.9574468085106383,0.391304347826087,0.958904109589041
rolling,2015-11-18,20,0,candidate_risk_off,0.9583333333333334,0.4,0.9583333333333334
rolling,2015-11-19,20,0,candidate_risk_off,0.9591836734693877,0.40869565217391307,0.9577464788732394
rolling,2015-11-20,20,0,candidate_risk_off,0.96,0.41739130434782606,0.9571428571428572
rolling,2015-11-23,20,0,candidate_risk_off,0.9607843137254902,0.4260869565217391,0.9565217391304348
rolling,2015-11-24,20,0,candidate_risk_off,0.9615384615384616,0.43478260869565216,0.9558823529411765
rolling,2015-11-25,20,0,candidate_risk_off,0.9622641509433962,0.4434782608695652,0.9552238805970149
rolling,2015-11-26,20,0,candidate_risk_off,0.9629629629629629,0.45217391304347826,0.9545454545454546
rolling,2015-11-27,20,0,candidate_risk_off,0.9636363636363636,0.4608695652173913,0.9538461538461539
rolling,2015-11-30,20,0,candidate_risk_off,0.9636363636363636,0.4608695652173913,0.9538461538461539
rolling,2015-12-01,20,0,candidate_risk_off,0.9636363636363636,0.4608695652173913,0.9538461538461539
rolling,2015-12-02,20,0,candidate_risk_off,0.9636363636363636,0.4608695652173913,0.9538461538461539
rolling,2015-12-03,20,0,candidate_risk_off,0.9636363636363636,0.4608695652173913,0.9538461538461539
rolling,2015-12-04,20,0,candidate_risk_off,0.9636363636363636,0.4608695652173913,0.9538461538461539
rolling,2015-12-07,20,0,candidate_risk_off,0.9636363636363636,0.4608695652173913,0.9538461538461539
rolling,2015-12-08,20,0,candidate_risk_off,0.9636363636363636,0.4608695652173913,0.9538461538461539
rolling,2015-12-09,20,0,candidate_risk_off,0.9636363636363636,0.4608695652173913,0.9538461538461539
rolling,2015-12-10,20,0,candidate_risk_off,0.9636363636363636,0.4608695652173913,0.9538461538461539
rolling,2015-12-11,20,0,candidate_risk_off,0.9636363636363636,0.4608695652173913,0.9538461538461539
rolling,2015-12-14,20,0,candidate_risk_off,0.9636363636363636,0.4608695652173913,0.9538461538461539
rolling,2015-12-15,20,0,candidate_risk_off,0.9636363636363636,0.4608695652173913,0.9538461538461539
rolling,2015-12-16,20,0,candidate_risk_off,0.9642857142857143,0.46956521739130436,0.953125
rolling,2015-12-17,20,0,candidate_risk_off,0.9649122807017544,0.4782608695652174,0.9523809523809523
rolling,2015-12-18,20,0,candidate_risk_off,0.9655172413793104,0.48695652173913045,0.9516129032258065
rolling,2015-12-21,20,0,candidate_risk_off,0.9661016949152542,0.4956521739130435,0.9508196721311475
rolling,2015-12-22,20,0,candidate_risk_off,0.9661016949152542,0.4956521739130435,0.9508196721311475
rolling,2015-12-23,20,0,candidate_risk_off,0.9661016949152542,0.4956521739130435,0.9508196721311475
rolling,2015-12-24,20,0,candidate_risk_off,0.9661016949152542,0.4956521739130435,0.9508196721311475
rolling,2015-12-25,20,0,candidate_risk_off,0.9661016949152542,0.4956521739130435,0.9508196721311475
rolling,2015-12-28,20,0,candidate_risk_off,0.9661016949152542,0.4956521739130435,0.9508196721311475
rolling,2015-12-29,20,0,candidate_risk_off,0.9661016949152542,0.4956521739130435,0.9508196721311475
rolling,2015-12-30,20,0,candidate_risk_off,0.9661016949152542,0.4956521739130435,0.9508196721311475
rolling,2015-12-31,20,0,candidate_risk_off,0.9661016949152542,0.4956521739130435,0.9508196721311475
rolling,2016-01-04,20,0,candidate_risk_off,0.9661016949152542,0.4956521739130435,0.9508196721311475
rolling,2016-01-05,20,0,candidate_risk_off,0.9661016949152542,0.4956521739130435,0.9508196721311475
rolling,2016-01-06,20,0,candidate_risk_off,0.9661016949152542,0.4956521739130435,0.9508196721311475
rolling,2016-01-07,20,0,candidate_risk_off,0.9661016949152542,0.4956521739130435,0.9508196721311475
rolling,2016-01-08,20,0,candidate_risk_off,0.9661016949152542,0.4956521739130435,0.9508196721311475
rolling,2016-01-11,20,0,candidate_risk_off,0.9661016949152542,0.4956521739130435,0.9508196721311475
rolling,2016-01-12,20,0,candidate_risk_off,0.9661016949152542,0.4956521739130435,0.9508196721311475
rolling,2016-01-13,20,0,candidate_risk_off,0.9661016949152542,0.4956521739130435,0.9508196721311475
rolling,2016-01-14,20,0,candidate_risk_off,0.9655172413793104,0.48695652173913045,0.9516129032258065
rolling,2016-01-15,20,0,candidate_risk_off,0.9649122807017544,0.4782608695652174,0.9523809523809523
rolling,2016-01-18,20,0,candidate_risk_off,0.9642857142857143,0.46956521739130436,0.953125
rolling,2016-01-19,20,0,candidate_risk_off,0.9636363636363636,0.4608695652173913,0.9538461538461539
rolling,2016-01-20,20,0,candidate_risk_off,0.9629629629629629,0.45217391304347826,0.9545454545454546
rolling,2016-01-21,20,0,candidate_risk_off,0.9622641509433962,0.4434782608695652,0.9552238805970149
rolling,2016-01-22,20,0,candidate_risk_off,0.9615384615384616,0.43478260869565216,0.9558823529411765
rolling,2016-01-25,20,0,candidate_risk_off,0.9607843137254902,0.4260869565217391,0.9565217391304348
rolling,2016-01-26,20,0,candidate_risk_off,0.96,0.41739130434782606,0.9571428571428572
rolling,2016-01-27,20,0,candidate_risk_off,0.9591836734693877,0.40869565217391307,0.9577464788732394
rolling,2016-01-28,20,0,candidate_risk_off,0.9583333333333334,0.4,0.9583333333333334
rolling,2016-01-29,20,0,candidate_risk_off,0.9574468085106383,0.391304347826087,0.958904109589041
rolling,2016-02-01,20,0,candidate_risk_off,0.9565217391304348,0.3826086956521739,0.9594594594594594
rolling,2016-02-02,20,0,candidate_risk_off,0.9555555555555556,0.3739130434782609,0.96
rolling,2016-02-03,20,0,candidate_risk_off,0.9545454545454546,0.3652173913043478,0.9605263157894737
rolling,2016-02-04,20,0,candidate_risk_off,0.9534883720930233,0.3565217391304348,0.961038961038961
rolling,2016-02-05,20,0,candidate_risk_off,0.9523809523809523,0.34782608695652173,0.9615384615384616
rolling,2016-02-15,20,0,candidate_risk_off,0.9523809523809523,0.34782608695652173,0.9615384615384616
rolling,2016-02-16,20,0,candidate_risk_off,0.9523809523809523,0.34782608695652173,0.9615384615384616
rolling,2016-02-17,20,0,candidate_risk_off,0.9523809523809523,0.34782608695652173,0.9615384615384616
rolling,2016-02-18,20,0,candidate_risk_off,0.9523809523809523,0.34782608695652173,0.9615384615384616
rolling,2016-02-19,20,0,candidate_risk_off,0.9523809523809523,0.34782608695652173,0.9615384615384616
rolling,2016-02-22,20,0,candidate_risk_off,0.9523809523809523,0.34782608695652173,0.9615384615384616
rolling,2016-02-23,20,0,candidate_risk_off,0.9523809523809523,0.34782608695652173,0.9615384615384616
rolling,2016-02-24,20,0,candidate_risk_off,0.9523809523809523,0.34782608695652173,0.9615384615384616
rolling,2016-02-25,20,0,candidate_risk_off,0.9523809523809523,0.3448275862068966,0.9743589743589743
rolling,2016-02-26,20,0,candidate_risk_off,0.9523809523809523,0.3448275862068966,0.9743589743589743
rolling,2016-02-29,20,0,candidate_risk_off,0.9523809523809523,0.3448275862068966,0.9743589743589743
rolling,2016-03-01,20,0,candidate_risk_off,0.9523809523809523,0.3448275862068966,0.9743589743589743
rolling,2016-03-02,20,0,candidate_risk_off,0.9523809523809523,0.3448275862068966,0.9743589743589743
rolling,2016-03-03,20,0,candidate_risk_off,0.9523809523809523,0.3418803418803419,0.9871794871794872
rolling,2016-03-04,20,0,candidate_risk_off,0.9534883720930233,0.3504273504273504,0.987012987012987
rolling,2016-03-07,20,0,candidate_risk_off,0.9545454545454546,0.358974358974359,0.9868421052631579
rolling,2016-03-08,20,0,candidate_risk_off,0.9555555555555556,0.36752136752136755,0.9866666666666667
rolling,2016-03-09,20,0,candidate_risk_off,0.9555555555555556,0.36752136752136755,0.9866666666666667
rolling,2016-03-10,20,0,candidate_risk_off,0.9555555555555556,0.36752136752136755,0.9866666666666667
rolling,2016-03-11,20,0,candidate_risk_off,0.9555555555555556,0.36752136752136755,0.9866666666666667
rolling,2016-03-14,20,0,candidate_risk_off,0.9555555555555556,0.36752136752136755,0.9866666666666667
rolling,2016-03-15,20,0,candidate_risk_off,0.9555555555555556,0.3644067796610169,1.0
rolling,2016-03-16,20,0,candidate_risk_off,0.9555555555555556,0.3644067796610169,1.0
rolling,2016-03-17,20,0,candidate_risk_off,0.9555555555555556,0.3644067796610169,1.0
rolling,2016-03-18,20,0,candidate_risk_off,0.9555555555555556,0.3644067796610169,1.0
rolling,2016-03-21,20,0,candidate_risk_off,0.9555555555555556,0.3644067796610169,1.0
rolling,2016-03-22,20,0,candidate_risk_off,0.9555555555555556,0.3644067796610169,1.0
rolling,2016-03-23,20,0,candidate_risk_off,0.9555555555555556,0.3644067796610169,1.0
rolling,2016-03-24,20,0,candidate_risk_off,0.9555555555555556,0.3644067796610169,1.0
rolling,2016-03-25,20,0,candidate_risk_off,0.9555555555555556,0.3644067796610169,1.0
rolling,2016-03-28,20,0,candidate_risk_off,0.9555555555555556,0.3644067796610169,1.0
rolling,2016-03-29,20,0,candidate_risk_off,0.9555555555555556,0.3644067796610169,1.0
rolling,2016-03-30,20,0,candidate_risk_off,0.9555555555555556,0.3644067796610169,1.0
rolling,2016-03-31,20,0,candidate_risk_off,0.9555555555555556,0.3644067796610169,1.0
rolling,2016-04-01,20,0,candidate_risk_off,0.9555555555555556,0.3644067796610169,1.0
rolling,2016-04-04,20,0,candidate_risk_off,0.9555555555555556,0.3644067796610169,1.0
rolling,2016-04-05,20,0,candidate_risk_off,0.9555555555555556,0.3644067796610169,1.0
rolling,2016-04-06,20,0,candidate_risk_off,0.9555555555555556,0.3644067796610169,1.0
rolling,2016-04-07,20,0,candidate_risk_off,0.9555555555555556,0.3644067796610169,1.0
rolling,2016-04-08,20,0,candidate_risk_off,0.9555555555555556,0.3644067796610169,1.0
rolling,2016-04-11,20,0,candidate_risk_off,0.9555555555555556,0.3644067796610169,1.0
rolling,2016-04-12,20,0,candidate_risk_off,0.9555555555555556,0.3644067796610169,1.0
rolling,2016-04-13,20,0,candidate_risk_off,0.9555555555555556,0.3644067796610169,1.0
rolling,2016-04-14,20,0,candidate_risk_off,0.9555555555555556,0.3644067796610169,1.0
rolling,2016-04-15,20,0,candidate_risk_off,0.9555555555555556,0.3644067796610169,1.0
rolling,2016-04-19,20,0,candidate_risk_off,0.9555555555555556,0.3644067796610169,1.0
rolling,2016-04-20,20,0,candidate_risk_off,0.9555555555555556,0.3644067796610169,1.0
rolling,2016-04-21,20,0,candidate_risk_off,0.9555555555555556,0.3644067796610169,1.0
rolling,2016-04-22,20,0,candidate_risk_off,0.9555555555555556,0.3644067796610169,1.0
rolling,2016-04-25,20,0,candidate_risk_off,0.9545454545454546,0.3559322033898305,1.0
rolling,2016-04-26,20,0,candidate_risk_off,0.9534883720930233,0.3474576271186441,1.0
rolling,2016-04-27,20,0,candidate_risk_off,0.9523809523809523,0.3389830508474576,1.0
rolling,2016-04-28,20,0,candidate_risk_off,0.9512195121951219,0.3305084745762712,1.0
rolling,2016-04-29,20,0,candidate_risk_off,0.95,0.3220338983050847,1.0
rolling,2016-05-04,20,0,candidate_risk_off,0.9487179487179487,0.3135593220338983,1.0
rolling,2016-05-05,20,0,candidate_risk_off,0.9473684210526315,0.3050847457627119,1.0
rolling,2016-05-06,20,0,candidate_risk_off,0.9459459459459459,0.2966101694915254,1.0
rolling,2016-05-09,20,0,candidate_risk_off,0.9444444444444444,0.288135593220339,1.0
rolling,2016-05-10,20,0,candidate_risk_off,0.9428571428571428,0.2796610169491525,1.0
rolling,2016-05-11,20,0,candidate_risk_off,0.9411764705882353,0.2711864406779661,1.0
rolling,2016-05-12,20,0,candidate_risk_off,0.9696969696969697,0.2689075630252101,1.0
rolling,2016-05-13,20,0,candidate_risk_off,1.0,0.26666666666666666,1.0
rolling,2016-05-16,20,0,candidate_risk_off,1.0,0.25833333333333336,1.0
rolling,2016-05-17,20,0,candidate_risk_off,1.0,0.25,1.0
rolling,2016-05-18,20,0,candidate_risk_off,1.0,0.24166666666666667,1.0
rolling,2016-05-19,20,0,candidate_risk_off,1.0,0.23333333333333334,1.0
rolling,2016-05-20,20,0,candidate_risk_off,1.0,0.225,1.0
rolling,2016-05-23,20,0,candidate_risk_off,1.0,0.21666666666666667,1.0
rolling,2016-05-24,20,0,candidate_risk_off,1.0,0.20833333333333334,1.0
rolling,2016-05-25,20,0,candidate_risk_off,1.0,0.2,1.0
rolling,2016-05-26,20,0,candidate_risk_off,1.0,0.19166666666666668,1.0
rolling,2016-05-27,20,0,candidate_risk_off,1.0,0.19166666666666668,1.0
rolling,2016-05-30,20,0,candidate_risk_off,1.0,0.19166666666666668,1.0
rolling,2016-05-31,20,0,candidate_risk_off,1.0,0.19166666666666668,1.0
rolling,2016-06-01,20,0,candidate_risk_off,1.0,0.19166666666666668,1.0
rolling,2016-06-02,20,0,candidate_risk_off,1.0,0.19166666666666668,1.0
rolling,2016-06-03,20,0,candidate_risk_off,1.0,0.19166666666666668,1.0
rolling,2016-06-06,20,0,candidate_risk_off,1.0,0.19166666666666668,1.0
rolling,2016-06-07,20,0,candidate_risk_off,1.0,0.19166666666666668,1.0
rolling,2016-06-08,20,0,candidate_risk_off,1.0,0.19166666666666668,1.0
rolling,2016-06-09,20,0,candidate_risk_off,1.0,0.19166666666666668,1.0
rolling,2016-06-10,20,0,candidate_risk_off,1.0,0.19166666666666668,1.0
rolling,2016-06-13,20,0,candidate_risk_off,1.0,0.19166666666666668,1.0
rolling,2016-06-14,20,0,candidate_risk_off,1.0,0.18333333333333332,1.0
rolling,2016-06-15,20,0,candidate_risk_off,1.0,0.175,1.0
rolling,2016-06-16,20,0,candidate_risk_off,1.0,0.16666666666666666,1.0
rolling,2016-06-17,20,0,candidate_risk_off,1.0,0.15833333333333333,1.0
rolling,2016-06-20,20,0,candidate_risk_off,1.0,0.15,1.0
rolling,2016-06-21,20,0,candidate_risk_off,1.0,0.14166666666666666,1.0
rolling,2016-06-22,20,0,candidate_risk_off,1.0,0.13333333333333333,1.0
rolling,2016-06-23,20,0,candidate_risk_off,1.0,0.125,1.0
rolling,2016-06-24,20,0,candidate_risk_off,1.0,0.11666666666666667,1.0
rolling,2016-06-27,20,0,candidate_risk_off,1.0,0.10833333333333334,1.0
rolling,2016-06-28,20,0,candidate_risk_off,1.0,0.1,1.0
rolling,2016-06-29,20,0,candidate_risk_off,1.0,0.09166666666666666,1.0
rolling,2016-06-30,20,0,candidate_risk_off,1.0,0.08333333333333333,1.0
rolling,2016-07-01,20,0,candidate_risk_off,1.0,0.075,1.0
rolling,2016-07-04,20,0,candidate_risk_off,1.0,0.06666666666666667,1.0
rolling,2016-07-05,20,0,candidate_risk_off,1.0,0.06666666666666667,1.0
rolling,2016-07-06,20,0,candidate_risk_off,1.0,0.06666666666666667,1.0
rolling,2016-07-07,20,0,candidate_risk_off,1.0,0.06666666666666667,1.0
rolling,2016-07-08,20,0,candidate_risk_off,1.0,0.06666666666666667,1.0
rolling,2016-07-11,20,0,candidate_risk_off,1.0,0.06666666666666667,1.0
rolling,2016-07-12,20,0,candidate_risk_off,1.0,0.075,1.0
rolling,2016-07-13,20,0,candidate_risk_off,1.0,0.08333333333333333,1.0
rolling,2016-07-14,20,0,candidate_risk_off,1.0,0.08333333333333333,1.0
rolling,2016-07-15,20,0,candidate_risk_off,1.0,0.08333333333333333,1.0
rolling,2016-07-18,20,0,candidate_risk_off,1.0,0.09166666666666666,1.0
rolling,2016-07-19,20,0,candidate_risk_off,1.0,0.09166666666666666,1.0
rolling,2016-07-20,20,0,candidate_risk_off,1.0,0.09166666666666666,1.0
rolling,2016-07-21,20,0,candidate_risk_off,1.0,0.09166666666666666,1.0
rolling,2016-07-22,20,0,candidate_risk_off,1.0,0.09166666666666666,1.0
rolling,2016-07-25,20,0,candidate_risk_off,1.0,0.09166666666666666,1.0
rolling,2016-07-26,20,0,candidate_risk_off,1.0,0.09166666666666666,1.0
rolling,2016-07-27,20,0,candidate_risk_off,1.0,0.09166666666666666,1.0
rolling,2016-07-28,20,0,candidate_risk_off,1.0,0.09166666666666666,1.0
rolling,2016-07-29,20,0,candidate_risk_off,1.0,0.09166666666666666,1.0
rolling,2016-08-01,20,0,candidate_risk_off,1.0,0.09166666666666666,1.0
rolling,2016-08-02,20,0,candidate_risk_off,1.0,0.09166666666666666,1.0
rolling,2016-08-03,20,0,candidate_risk_off,1.0,0.09166666666666666,1.0
rolling,2016-08-04,20,0,candidate_risk_off,1.0,0.09166666666666666,1.0
rolling,2016-08-05,20,0,candidate_risk_off,1.0,0.09166666666666666,1.0
rolling,2016-08-08,20,0,candidate_risk_off,1.0,0.09166666666666666,1.0
rolling,2016-08-09,20,0,candidate_risk_off,1.0,0.09166666666666666,1.0
rolling,2016-08-10,20,0,candidate_risk_off,1.0,0.09166666666666666,1.0
rolling,2016-08-11,20,0,candidate_risk_off,1.0,0.09166666666666666,1.0
rolling,2016-08-12,20,0,candidate_risk_off,1.0,0.09166666666666666,1.0
rolling,2016-08-15,20,0,candidate_risk_off,1.0,0.09166666666666666,1.0
rolling,2016-08-16,20,0,candidate_risk_off,1.0,0.09166666666666666,1.0
rolling,2016-08-17,20,0,candidate_risk_off,1.0,0.09166666666666666,1.0
rolling,2016-08-18,20,0,candidate_risk_off,1.0,0.09166666666666666,1.0
rolling,2016-08-19,20,0,candidate_risk_off,1.0,0.09166666666666666,1.0
rolling,2016-08-22,20,0,candidate_risk_off,1.0,0.09166666666666666,1.0
rolling,2016-08-23,20,0,candidate_risk_off,1.0,0.09166666666666666,1.0
rolling,2016-08-24,20,0,candidate_risk_off,1.0,0.08333333333333333,1.0
rolling,2016-08-25,20,0,candidate_risk_off,1.0,0.075,1.0
rolling,2016-08-26,20,0,candidate_risk_off,1.0,0.06666666666666667,1.0
rolling,2016-08-29,20,0,candidate_risk_off,1.0,0.06666666666666667,1.0
rolling,2016-08-30,20,0,candidate_risk_off,1.0,0.06666666666666667,1.0
rolling,2016-08-31,20,0,candidate_risk_off,1.0,0.06666666666666667,1.0
rolling,2016-09-01,20,0,candidate_risk_off,1.0,0.06666666666666667,1.0
rolling,2016-09-05,20,0,candidate_risk_off,1.0,0.06666666666666667,1.0
rolling,2016-09-06,20,0,candidate_risk_off,1.0,0.06666666666666667,1.0
rolling,2016-09-07,20,0,candidate_risk_off,1.0,0.06666666666666667,1.0
rolling,2016-09-08,20,0,candidate_risk_off,1.0,0.06666666666666667,1.0
rolling,2016-09-09,20,0,candidate_risk_off,1.0,0.06666666666666667,1.0
rolling,2016-09-12,20,0,candidate_risk_off,1.0,0.06666666666666667,1.0
rolling,2016-09-13,20,0,candidate_risk_off,1.0,0.06666666666666667,1.0
rolling,2016-09-14,20,0,candidate_risk_off,1.0,0.06666666666666667,1.0
rolling,2016-09-15,20,0,candidate_risk_off,1.0,0.06666666666666667,1.0
rolling,2016-09-16,20,0,candidate_risk_off,1.0,0.06666666666666667,1.0
rolling,2016-09-19,20,0,candidate_risk_off,1.0,0.06666666666666667,1.0
rolling,2016-09-20,20,0,candidate_risk_off,1.0,0.06666666666666667,1.0
rolling,2016-09-21,20,0,candidate_risk_off,1.0,0.06666666666666667,1.0
rolling,2016-09-22,20,0,candidate_risk_off,1.0,0.06666666666666667,1.0
rolling,2016-09-23,20,0,candidate_risk_off,1.0,0.06666666666666667,1.0
rolling,2016-09-26,20,0,candidate_risk_off,1.0,0.06666666666666667,1.0
rolling,2016-09-27,20,0,candidate_risk_off,1.0,0.06666666666666667,1.0
rolling,2016-09-28,20,0,candidate_risk_off,1.0,0.075,1.0
rolling,2016-09-29,20,0,candidate_risk_off,1.0,0.08333333333333333,1.0
rolling,2016-09-30,20,0,candidate_risk_off,1.0,0.08333333333333333,1.0
rolling,2016-10-03,20,0,candidate_risk_off,1.0,0.08333333333333333,1.0
rolling,2016-10-04,20,0,candidate_risk_off,1.0,0.08333333333333333,1.0
rolling,2016-10-05,20,0,candidate_risk_off,1.0,0.09166666666666666,1.0
rolling,2016-10-06,20,0,candidate_risk_off,1.0,0.1,1.0
rolling,2016-10-07,20,0,candidate_risk_off,1.0,0.10833333333333334,1.0
rolling,2016-10-10,20,0,candidate_risk_off,1.0,0.10833333333333334,1.0
rolling,2016-10-11,20,0,candidate_risk_off,1.0,0.10833333333333334,1.0
rolling,2016-10-12,20,0,candidate_risk_off,1.0,0.11666666666666667,1.0
rolling,2016-10-13,20,0,candidate_risk_off,1.0,0.11666666666666667,1.0
rolling,2016-10-14,20,0,candidate_risk_off,1.0,0.11666666666666667,1.0
rolling,2016-10-17,20,0,candidate_risk_off,1.0,0.11666666666666667,1.0
rolling,2016-10-18,20,0,candidate_risk_off,1.0,0.11666666666666667,1.0
rolling,2016-10-19,20,0,candidate_risk_off,1.0,0.125,1.0
rolling,2016-10-20,20,0,candidate_risk_off,1.0,0.13333333333333333,1.0
rolling,2016-10-21,20,0,candidate_risk_off,1.0,0.14166666666666666,1.0
rolling,2016-10-24,20,0,candidate_risk_off,1.0,0.14166666666666666,1.0
rolling,2016-10-25,20,0,candidate_risk_off,1.0,0.14166666666666666,1.0
rolling,2016-10-26,20,0,candidate_risk_off,1.0,0.14166666666666666,1.0
rolling,2016-10-27,20,0,candidate_risk_off,1.0,0.14166666666666666,1.0
rolling,2016-10-28,20,0,candidate_risk_off,1.0,0.14166666666666666,1.0
rolling,2016-10-31,20,0,candidate_risk_off,1.0,0.15,1.0
rolling,2016-11-01,20,0,candidate_risk_off,1.0,0.15833333333333333,1.0
rolling,2016-11-02,20,0,candidate_risk_off,1.0,0.15833333333333333,1.0
rolling,2016-11-03,20,0,candidate_risk_off,1.0,0.15833333333333333,1.0
rolling,2016-11-04,20,0,candidate_risk_off,1.0,0.15833333333333333,1.0
rolling,2016-11-07,20,0,candidate_risk_off,1.0,0.16666666666666666,1.0
rolling,2016-11-08,20,0,candidate_risk_off,1.0,0.175,1.0
rolling,2016-11-09,20,0,candidate_risk_off,1.0,0.18333333333333332,1.0
rolling,2016-11-10,20,0,candidate_risk_off,1.0,0.19166666666666668,1.0
rolling,2016-11-11,20,0,candidate_risk_off,1.0,0.2,1.0
rolling,2016-11-14,20,0,candidate_risk_off,1.0,0.20833333333333334,1.0
rolling,2016-11-15,20,0,candidate_risk_off,1.0,0.21666666666666667,1.0
rolling,2016-11-16,20,0,candidate_risk_off,1.0,0.21666666666666667,1.0
rolling,2016-11-17,20,0,candidate_risk_off,1.0,0.21666666666666667,1.0
rolling,2016-11-18,20,0,candidate_risk_off,1.0,0.21666666666666667,1.0
rolling,2016-11-21,20,0,candidate_risk_off,1.0,0.21666666666666667,1.0
rolling,2016-11-22,20,0,candidate_risk_off,1.0,0.225,1.0
rolling,2016-11-23,20,0,candidate_risk_off,1.0,0.23333333333333334,1.0
rolling,2016-11-24,20,0,candidate_risk_off,1.0,0.24166666666666667,1.0
rolling,2016-11-25,20,0,candidate_risk_off,1.0,0.25,1.0
rolling,2016-11-28,20,0,candidate_risk_off,1.0,0.25,1.0
rolling,2016-11-29,20,0,candidate_risk_off,1.0,0.25,1.0
rolling,2016-11-30,20,0,candidate_risk_off,1.0,0.25,1.0
rolling,2016-12-01,20,0,candidate_risk_off,1.0,0.25,1.0
rolling,2016-12-02,20,0,candidate_risk_off,1.0,0.25,1.0
rolling,2016-12-05,20,0,candidate_risk_off,1.0,0.25,1.0
rolling,2016-12-06,20,0,candidate_risk_off,1.0,0.25,1.0
rolling,2016-12-07,20,0,candidate_risk_off,1.0,0.25,1.0
rolling,2016-12-08,20,0,candidate_risk_off,1.0,0.25,1.0
rolling,2016-12-09,20,0,candidate_risk_off,1.0,0.25,1.0
rolling,2016-12-12,20,0,candidate_risk_off,1.0,0.25,1.0
rolling,2016-12-13,20,0,candidate_risk_off,1.0,0.25,1.0
rolling,2016-12-14,20,0,candidate_risk_off,1.0,0.25,1.0
rolling,2016-12-15,20,0,candidate_risk_off,1.0,0.25,1.0
rolling,2016-12-16,20,0,candidate_risk_off,1.0,0.25,1.0
rolling,2016-12-19,20,0,candidate_risk_off,1.0,0.25,1.0
rolling,2016-12-20,20,0,candidate_risk_off,1.0,0.25,1.0
rolling,2016-12-21,20,0,candidate_risk_off,1.0,0.24166666666666667,1.0
rolling,2016-12-22,20,0,candidate_risk_off,1.0,0.23333333333333334,1.0
rolling,2016-12-23,20,0,candidate_risk_off,1.0,0.225,1.0
rolling,2016-12-26,20,0,candidate_risk_off,1.0,0.21666666666666667,1.0
rolling,2016-12-27,20,0,candidate_risk_off,1.0,0.20833333333333334,1.0
rolling,2016-12-28,20,0,candidate_risk_off,1.0,0.2,1.0
rolling,2016-12-29,20,0,candidate_risk_off,1.0,0.19166666666666668,1.0
rolling,2016-12-30,20,0,candidate_risk_off,1.0,0.19166666666666668,1.0
rolling,2017-01-03,20,0,candidate_risk_off,1.0,0.19166666666666668,1.0
rolling,2017-01-04,20,0,candidate_risk_off,1.0,0.18333333333333332,1.0
rolling,2017-01-05,20,0,candidate_risk_off,1.0,0.18333333333333332,1.0
rolling,2017-01-06,20,0,candidate_risk_off,1.0,0.18333333333333332,1.0
rolling,2017-01-09,20,0,candidate_risk_off,1.0,0.18333333333333332,1.0
rolling,2017-01-10,20,0,candidate_risk_off,1.0,0.18333333333333332,1.0
rolling,2017-01-11,20,0,candidate_risk_off,1.0,0.18333333333333332,1.0
rolling,2017-01-12,20,0,candidate_risk_off,1.0,0.18333333333333332,1.0
rolling,2017-01-13,20,0,candidate_risk_off,1.0,0.18333333333333332,1.0
rolling,2017-01-16,20,0,candidate_risk_off,1.0,0.18333333333333332,1.0
rolling,2017-01-17,20,0,candidate_risk_off,1.0,0.18333333333333332,1.0
rolling,2017-01-18,20,0,candidate_risk_off,1.0,0.18333333333333332,1.0
rolling,2017-01-19,20,0,candidate_risk_off,1.0,0.18333333333333332,1.0
rolling,2017-01-20,20,0,candidate_risk_off,1.0,0.18333333333333332,1.0
rolling,2017-01-23,20,0,candidate_risk_off,1.0,0.18333333333333332,1.0
rolling,2017-01-24,20,0,candidate_risk_off,1.0,0.18333333333333332,1.0
rolling,2017-01-25,20,0,candidate_risk_off,1.0,0.18333333333333332,1.0
rolling,2017-02-02,20,0,candidate_risk_off,1.0,0.18333333333333332,1.0
rolling,2017-02-03,20,0,candidate_risk_off,1.0,0.18333333333333332,1.0
rolling,2017-02-06,20,0,candidate_risk_off,1.0,0.18333333333333332,1.0
rolling,2017-02-07,20,0,candidate_risk_off,1.0,0.18333333333333332,1.0
rolling,2017-02-08,20,0,candidate_risk_off,1.0,0.18333333333333332,1.0
rolling,2017-02-09,20,0,candidate_risk_off,1.0,0.18333333333333332,1.0
rolling,2017-02-10,20,0,candidate_risk_off,1.0,0.18333333333333332,1.0
rolling,2017-02-13,20,0,candidate_risk_off,1.0,0.18333333333333332,1.0
rolling,2017-02-14,20,0,candidate_risk_off,1.0,0.18333333333333332,1.0
rolling,2017-02-15,20,0,candidate_risk_off,1.0,0.18333333333333332,1.0
rolling,2017-02-16,20,0,candidate_risk_off,1.0,0.18333333333333332,1.0
rolling,2017-02-17,20,0,candidate_risk_off,1.0,0.18333333333333332,1.0
rolling,2017-02-20,20,0,candidate_risk_off,1.0,0.18333333333333332,1.0
rolling,2017-02-21,20,0,candidate_risk_off,1.0,0.18333333333333332,1.0
rolling,2017-02-22,20,0,candidate_risk_off,1.0,0.18333333333333332,1.0
rolling,2017-02-23,20,0,candidate_risk_off,1.0,0.18333333333333332,1.0
rolling,2017-02-24,20,0,candidate_risk_off,1.0,0.18333333333333332,1.0
rolling,2017-02-27,20,0,candidate_risk_off,1.0,0.18333333333333332,1.0
rolling,2017-02-28,20,0,candidate_risk_off,1.0,0.18333333333333332,1.0
rolling,2017-03-01,20,0,candidate_risk_off,1.0,0.18333333333333332,1.0
rolling,2017-03-02,20,0,candidate_risk_off,1.0,0.18333333333333332,1.0
rolling,2017-03-03,20,0,candidate_risk_off,1.0,0.18333333333333332,1.0
rolling,2017-03-06,20,0,candidate_risk_off,1.0,0.18333333333333332,1.0
rolling,2017-03-07,20,0,candidate_risk_off,1.0,0.18333333333333332,1.0
rolling,2017-03-08,20,0,candidate_risk_off,1.0,0.18333333333333332,1.0
rolling,2017-03-09,20,0,candidate_risk_off,1.0,0.18333333333333332,1.0
rolling,2017-03-10,20,0,candidate_risk_off,1.0,0.18333333333333332,1.0
rolling,2017-03-13,20,0,candidate_risk_off,1.0,0.18333333333333332,1.0
rolling,2017-05-11,20,1,multiclass_probability_sum,0.0,0.0,0.2
rolling,2017-05-12,20,1,multiclass_probability_sum,0.0,0.0,0.19444444444444445
rolling,2017-05-15,20,1,multiclass_probability_sum,0.0,0.0,0.1891891891891892
rolling,2017-05-16,20,1,multiclass_probability_sum,0.0,0.0,0.18421052631578946
rolling,2017-05-17,20,1,multiclass_probability_sum,0.0,0.0,0.1794871794871795
rolling,2017-05-18,20,1,multiclass_probability_sum,0.0,0.0,0.175
rolling,2017-05-19,20,1,multiclass_probability_sum,0.0,0.0,0.17073170731707318
rolling,2017-05-22,20,1,multiclass_probability_sum,0.0,0.0,0.16666666666666666
rolling,2017-05-23,20,1,multiclass_probability_sum,0.0,0.0,0.16279069767441862
rolling,2017-05-24,20,1,multiclass_probability_sum,0.0,0.0,0.1590909090909091
rolling,2017-05-25,20,1,multiclass_probability_sum,0.0,0.0,0.15555555555555556
rolling,2017-05-26,20,1,multiclass_probability_sum,0.0,0.0,0.17391304347826086
rolling,2017-05-29,20,1,multiclass_probability_sum,0.0,0.0,0.1702127659574468
rolling,2017-05-30,20,1,multiclass_probability_sum,0.0,0.0,0.1875
rolling,2017-05-31,20,1,multiclass_probability_sum,0.0,0.0,0.20408163265306123
rolling,2017-06-01,20,1,multiclass_probability_sum,0.0,0.0,0.2
rolling,2017-06-02,20,1,multiclass_probability_sum,0.0,0.0,0.21568627450980393
rolling,2017-06-05,20,1,multiclass_probability_sum,0.0,0.0,0.23076923076923078
rolling,2017-06-06,20,1,multiclass_probability_sum,0.0,0.0,0.22641509433962265
rolling,2017-06-07,20,1,multiclass_probability_sum,0.0,0.0,0.2222222222222222
rolling,2017-06-08,20,1,multiclass_probability_sum,0.0,0.0,0.21818181818181817
rolling,2017-06-09,20,1,multiclass_probability_sum,0.0,0.0,0.23214285714285715
rolling,2017-06-12,20,1,multiclass_probability_sum,0.0,0.0,0.24561403508771928
rolling,2017-06-13,20,1,multiclass_probability_sum,0.0,0.0,0.2413793103448276
rolling,2017-06-14,20,1,multiclass_probability_sum,0.0,0.0,0.2542372881355932
rolling,2017-06-15,20,1,multiclass_probability_sum,0.0,0.0,0.25
rolling,2017-06-16,20,1,multiclass_probability_sum,0.0,0.0,0.2459016393442623
rolling,2017-06-19,20,1,multiclass_probability_sum,0.0,0.0,0.25806451612903225
rolling,2017-06-20,20,1,multiclass_probability_sum,0.0,0.0,0.25396825396825395
rolling,2017-06-21,20,1,multiclass_probability_sum,0.0,0.0,0.265625
rolling,2017-06-22,20,1,multiclass_probability_sum,0.0,0.0,0.27692307692307694
rolling,2017-06-23,20,1,multiclass_probability_sum,0.0,0.0,0.2878787878787879
rolling,2017-06-26,20,1,multiclass_probability_sum,0.16666666666666666,0.05,0.2878787878787879
rolling,2017-06-27,20,1,multiclass_probability_sum,0.16666666666666666,0.047619047619047616,0.29850746268656714
rolling,2017-06-28,20,1,multiclass_probability_sum,0.16666666666666666,0.045454545454545456,0.3088235294117647
rolling,2017-06-29,20,1,multiclass_probability_sum,0.16666666666666666,0.043478260869565216,0.3188405797101449
rolling,2017-06-30,20,1,multiclass_probability_sum,0.16666666666666666,0.041666666666666664,0.32857142857142857
rolling,2017-07-03,20,1,multiclass_probability_sum,0.16666666666666666,0.04,0.3380281690140845
rolling,2017-07-04,20,1,multiclass_probability_sum,0.16666666666666666,0.038461538461538464,0.3472222222222222
rolling,2017-07-05,20,1,multiclass_probability_sum,0.16666666666666666,0.037037037037037035,0.3561643835616438
rolling,2017-07-06,20,1,multiclass_probability_sum,0.2857142857142857,0.07142857142857142,0.3561643835616438
rolling,2017-07-07,20,1,multiclass_probability_sum,0.2857142857142857,0.06896551724137931,0.36486486486486486
rolling,2017-07-10,20,1,multiclass_probability_sum,0.2857142857142857,0.06666666666666667,0.37333333333333335
rolling,2017-07-11,20,1,multiclass_probability_sum,0.2857142857142857,0.06451612903225806,0.3815789473684211
rolling,2017-07-12,20,1,multiclass_probability_sum,0.2857142857142857,0.0625,0.38961038961038963
rolling,2017-07-13,20,1,multiclass_probability_sum,0.2857142857142857,0.06060606060606061,0.3974358974358974
rolling,2017-07-14,20,1,multiclass_probability_sum,0.2857142857142857,0.058823529411764705,0.4050632911392405
rolling,2017-07-17,20,1,multiclass_probability_sum,0.2857142857142857,0.05714285714285714,0.4125
rolling,2017-07-18,20,1,multiclass_probability_sum,0.2857142857142857,0.05555555555555555,0.41975308641975306
rolling,2017-07-19,20,1,multiclass_probability_sum,0.2857142857142857,0.05405405405405406,0.4268292682926829
rolling,2017-07-20,20,1,multiclass_probability_sum,0.2857142857142857,0.05263157894736842,0.43373493975903615
rolling,2017-07-21,20,1,multiclass_probability_sum,0.2857142857142857,0.05128205128205128,0.44047619047619047
rolling,2017-07-24,20,1,multiclass_probability_sum,0.2857142857142857,0.05,0.4470588235294118
rolling,2017-07-25,20,1,multiclass_probability_sum,0.2857142857142857,0.04878048780487805,0.45348837209302323
rolling,2017-07-26,20,1,multiclass_probability_sum,0.2857142857142857,0.047619047619047616,0.45977011494252873
rolling,2017-07-27,20,1,multiclass_probability_sum,0.2857142857142857,0.046511627906976744,0.4659090909090909
rolling,2017-07-28,20,1,multiclass_probability_sum,0.2857142857142857,0.045454545454545456,0.47191011235955055
rolling,2017-07-31,20,1,multiclass_probability_sum,0.2857142857142857,0.045454545454545456,0.4666666666666667
rolling,2017-08-01,20,1,multiclass_probability_sum,0.25,0.045454545454545456,0.4666666666666667
rolling,2017-08-02,20,1,multiclass_probability_sum,0.25,0.044444444444444446,0.4725274725274725
rolling,2017-08-03,20,1,multiclass_probability_sum,0.25,0.043478260869565216,0.4782608695652174
rolling,2017-08-04,20,1,multiclass_probability_sum,0.25,0.0425531914893617,0.4838709677419355
rolling,2017-08-07,20,1,multiclass_probability_sum,0.3333333333333333,0.0625,0.4838709677419355
rolling,2017-08-08,20,1,multiclass_probability_sum,0.4,0.08163265306122448,0.4838709677419355
rolling,2017-08-09,20,1,multiclass_probability_sum,0.4,0.08,0.48936170212765956
rolling,2017-08-10,20,1,multiclass_probability_sum,0.4,0.0784313725490196,0.49473684210526314
rolling,2017-08-11,20,1,multiclass_probability_sum,0.4,0.07692307692307693,0.5
rolling,2017-08-14,20,1,multiclass_probability_sum,0.4,0.07547169811320754,0.5051546391752577
rolling,2017-08-15,20,1,multiclass_probability_sum,0.4,0.07407407407407407,0.5102040816326531
rolling,2017-08-16,20,1,multiclass_probability_sum,0.4,0.07272727272727272,0.5151515151515151
rolling,2017-08-17,20,1,multiclass_probability_sum,0.4,0.07142857142857142,0.52
rolling,2017-08-18,20,1,multiclass_probability_sum,0.4,0.07017543859649122,0.5247524752475248
rolling,2017-08-21,20,1,multiclass_probability_sum,0.4,0.06896551724137931,0.5294117647058824
rolling,2017-08-22,20,1,multiclass_probability_sum,0.4,0.06779661016949153,0.5339805825242718
rolling,2017-08-23,20,1,multiclass_probability_sum,0.4,0.06666666666666667,0.5384615384615384
rolling,2017-08-24,20,1,multiclass_probability_sum,0.4,0.06557377049180328,0.5428571428571428
rolling,2017-08-25,20,1,multiclass_probability_sum,0.4,0.06451612903225806,0.5471698113207547
rolling,2017-08-28,20,1,multiclass_probability_sum,0.4,0.06349206349206349,0.5514018691588785
rolling,2017-08-29,20,1,multiclass_probability_sum,0.4,0.0625,0.5555555555555556
rolling,2017-08-30,20,1,multiclass_probability_sum,0.4,0.06153846153846154,0.5596330275229358
rolling,2017-08-31,20,1,multiclass_probability_sum,0.4,0.06060606060606061,0.5636363636363636
rolling,2017-09-01,20,1,multiclass_probability_sum,0.4,0.06060606060606061,0.5636363636363636
rolling,2017-09-05,20,1,multiclass_probability_sum,0.4,0.05970149253731343,0.5727272727272728
rolling,2017-09-06,20,1,multiclass_probability_sum,0.4,0.05970149253731343,0.5727272727272728
rolling,2017-09-07,20,1,multiclass_probability_sum,0.4,0.058823529411764705,0.5818181818181818
rolling,2017-09-08,20,1,multiclass_probability_sum,0.4,0.057971014492753624,0.5909090909090909
rolling,2017-09-11,20,1,multiclass_probability_sum,0.4,0.05714285714285714,0.6
rolling,2017-09-12,20,1,multiclass_probability_sum,0.4,0.056338028169014086,0.6090909090909091
rolling,2017-09-13,20,1,multiclass_probability_sum,0.4,0.05555555555555555,0.6181818181818182
rolling,2017-09-14,20,1,multiclass_probability_sum,0.4444444444444444,0.0547945205479452,0.6216216216216216
rolling,2017-09-15,20,1,multiclass_probability_sum,0.5,0.05405405405405406,0.625
rolling,2017-09-18,20,1,multiclass_probability_sum,0.5714285714285714,0.05333333333333334,0.6283185840707964
rolling,2017-09-19,20,1,multiclass_probability_sum,0.5714285714285714,0.05263157894736842,0.6371681415929203
rolling,2017-09-20,20,1,multiclass_probability_sum,0.5714285714285714,0.05194805194805195,0.6460176991150443
rolling,2017-09-21,20,1,multiclass_probability_sum,0.5714285714285714,0.05128205128205128,0.6548672566371682
rolling,2017-09-22,20,1,multiclass_probability_sum,0.5714285714285714,0.05063291139240506,0.6637168141592921
rolling,2017-09-25,20,1,multiclass_probability_sum,0.5714285714285714,0.05,0.672566371681416
rolling,2017-09-26,20,1,multiclass_probability_sum,0.5714285714285714,0.04938271604938271,0.6814159292035398
rolling,2017-09-27,20,1,multiclass_probability_sum,0.5714285714285714,0.04878048780487805,0.6902654867256637
rolling,2017-09-28,20,1,multiclass_probability_sum,0.6666666666666666,0.04819277108433735,0.6929824561403509
rolling,2017-09-29,20,1,multiclass_probability_sum,0.8,0.047619047619047616,0.6956521739130435
rolling,2017-10-02,20,1,multiclass_probability_sum,0.8,0.047619047619047616,0.6956521739130435
rolling,2017-10-03,20,1,multiclass_probability_sum,0.8,0.047619047619047616,0.6956521739130435
rolling,2017-10-04,20,1,multiclass_probability_sum,0.8,0.047058823529411764,0.7043478260869566
rolling,2017-10-05,20,1,multiclass_probability_sum,0.8,0.047058823529411764,0.7043478260869566
rolling,2017-10-06,20,1,multiclass_probability_sum,0.8,0.046511627906976744,0.7130434782608696
rolling,2017-10-09,20,1,multiclass_probability_sum,0.8,0.04597701149425287,0.7217391304347827
rolling,2017-10-10,20,1,multiclass_probability_sum,0.8,0.046511627906976744,0.7130434782608696
rolling,2017-10-11,20,1,multiclass_probability_sum,0.8,0.047058823529411764,0.7043478260869566
rolling,2017-10-12,20,1,multiclass_probability_sum,0.8,0.047619047619047616,0.6956521739130435
rolling,2017-10-13,20,1,multiclass_probability_sum,0.8,0.04819277108433735,0.6869565217391305
rolling,2017-10-16,20,1,multiclass_probability_sum,0.8,0.04819277108433735,0.6869565217391305
rolling,2017-10-17,20,1,multiclass_probability_sum,0.8,0.04819277108433735,0.6869565217391305
rolling,2017-10-18,20,1,multiclass_probability_sum,0.8,0.04819277108433735,0.6869565217391305
rolling,2017-10-19,20,1,multiclass_probability_sum,0.8,0.04819277108433735,0.6869565217391305
rolling,2017-10-20,20,1,multiclass_probability_sum,0.8,0.047619047619047616,0.6956521739130435
rolling,2017-10-23,20,1,multiclass_probability_sum,0.8,0.047058823529411764,0.7043478260869566
rolling,2017-10-24,20,1,multiclass_probability_sum,0.8,0.046511627906976744,0.7130434782608696
rolling,2017-10-25,20,1,multiclass_probability_sum,0.8,0.04597701149425287,0.7217391304347827
rolling,2017-10-26,20,1,multiclass_probability_sum,0.8,0.045454545454545456,0.7304347826086957
rolling,2017-10-27,20,1,multiclass_probability_sum,0.8,0.0449438202247191,0.7391304347826086
rolling,2017-10-30,20,1,multiclass_probability_sum,0.8,0.044444444444444446,0.7478260869565218
rolling,2017-10-31,20,1,multiclass_probability_sum,0.8,0.04395604395604396,0.7565217391304347
rolling,2017-11-01,20,1,multiclass_probability_sum,0.8,0.043478260869565216,0.7652173913043478
rolling,2017-11-02,20,1,multiclass_probability_sum,0.8,0.043010752688172046,0.7739130434782608
rolling,2017-11-03,20,1,multiclass_probability_sum,0.8,0.0425531914893617,0.782608695652174
rolling,2017-11-06,20,1,multiclass_probability_sum,0.8,0.042105263157894736,0.7913043478260869
rolling,2017-11-07,20,1,multiclass_probability_sum,0.8,0.041666666666666664,0.8
rolling,2017-11-08,20,1,multiclass_probability_sum,0.8,0.041237113402061855,0.808695652173913
rolling,2017-11-09,20,1,multiclass_probability_sum,0.8,0.04081632653061224,0.8173913043478261
rolling,2017-11-10,20,1,multiclass_probability_sum,0.8,0.04040404040404041,0.8260869565217391
rolling,2017-11-13,20,1,multiclass_probability_sum,0.8,0.04040404040404041,0.8260869565217391
rolling,2017-11-14,20,1,multiclass_probability_sum,0.8,0.04,0.8347826086956521
rolling,2017-11-15,20,1,multiclass_probability_sum,0.8,0.04,0.8347826086956521
rolling,2017-11-16,20,1,multiclass_probability_sum,0.8,0.04,0.8347826086956521
rolling,2017-11-17,20,1,multiclass_probability_sum,0.8,0.039603960396039604,0.8434782608695652
rolling,2017-11-20,20,1,multiclass_probability_sum,0.8,0.039603960396039604,0.8434782608695652
rolling,2017-11-21,20,1,multiclass_probability_sum,0.8,0.039603960396039604,0.8434782608695652
rolling,2017-11-22,20,1,multiclass_probability_sum,0.8,0.0392156862745098,0.8521739130434782
rolling,2017-11-23,20,1,multiclass_probability_sum,0.8,0.038834951456310676,0.8608695652173913
rolling,2017-11-24,20,1,multiclass_probability_sum,0.8,0.038461538461538464,0.8695652173913043
rolling,2017-11-27,20,1,multiclass_probability_sum,0.8,0.038461538461538464,0.8695652173913043
rolling,2017-11-28,20,1,multiclass_probability_sum,0.8,0.038834951456310676,0.8608695652173913
rolling,2017-11-29,20,1,multiclass_probability_sum,0.8,0.038834951456310676,0.8608695652173913
rolling,2017-11-30,20,1,multiclass_probability_sum,0.8,0.038834951456310676,0.8608695652173913
rolling,2017-12-01,20,1,multiclass_probability_sum,0.6666666666666666,0.038834951456310676,0.868421052631579
rolling,2017-12-04,20,1,multiclass_probability_sum,0.7142857142857143,0.04807692307692308,0.8761061946902655
rolling,2017-12-05,20,1,multiclass_probability_sum,0.7142857142857143,0.04807692307692308,0.8761061946902655
rolling,2017-12-06,20,1,multiclass_probability_sum,0.7142857142857143,0.047619047619047616,0.8849557522123894
rolling,2017-12-07,20,1,multiclass_probability_sum,0.7142857142857143,0.047619047619047616,0.8849557522123894
rolling,2017-12-08,20,1,multiclass_probability_sum,0.7142857142857143,0.047619047619047616,0.8849557522123894
rolling,2017-12-11,20,1,multiclass_probability_sum,0.7142857142857143,0.047619047619047616,0.8849557522123894
rolling,2017-12-12,20,1,multiclass_probability_sum,0.6666666666666666,0.0380952380952381,0.8859649122807017
rolling,2017-12-13,20,1,multiclass_probability_sum,0.6666666666666666,0.0380952380952381,0.8859649122807017
rolling,2017-12-14,20,1,multiclass_probability_sum,0.6666666666666666,0.0380952380952381,0.8859649122807017
rolling,2017-12-15,20,1,multiclass_probability_sum,0.6666666666666666,0.0380952380952381,0.8859649122807017
rolling,2017-12-18,20,1,multiclass_probability_sum,0.6666666666666666,0.0380952380952381,0.8859649122807017
rolling,2017-12-19,20,1,multiclass_probability_sum,0.6666666666666666,0.0380952380952381,0.8859649122807017
rolling,2017-12-20,20,1,multiclass_probability_sum,0.6666666666666666,0.0380952380952381,0.8859649122807017
rolling,2017-12-21,20,1,multiclass_probability_sum,0.6666666666666666,0.0380952380952381,0.8859649122807017
rolling,2017-12-22,20,1,multiclass_probability_sum,0.6,0.02857142857142857,0.8869565217391304
rolling,2017-12-25,20,1,multiclass_probability_sum,0.6,0.02857142857142857,0.8869565217391304
rolling,2017-12-26,20,1,multiclass_probability_sum,0.6,0.028846153846153848,0.8782608695652174
rolling,2017-12-27,20,1,multiclass_probability_sum,0.6,0.02912621359223301,0.8695652173913043
rolling,2017-12-28,20,1,multiclass_probability_sum,0.6,0.029411764705882353,0.8608695652173913
rolling,2017-12-29,20,1,multiclass_probability_sum,0.6,0.029411764705882353,0.8608695652173913
rolling,2018-01-02,20,1,multiclass_probability_sum,0.6,0.029411764705882353,0.8608695652173913
rolling,2018-01-03,20,1,multiclass_probability_sum,0.6,0.029411764705882353,0.8608695652173913
rolling,2018-01-04,20,1,multiclass_probability_sum,0.6,0.0297029702970297,0.8521739130434782
rolling,2018-01-05,20,1,multiclass_probability_sum,0.6,0.0297029702970297,0.8521739130434782
rolling,2018-01-08,20,1,multiclass_probability_sum,0.6,0.03,0.8434782608695652
rolling,2018-01-09,20,1,multiclass_probability_sum,0.6,0.030303030303030304,0.8347826086956521
rolling,2018-01-10,20,1,multiclass_probability_sum,0.5,0.030612244897959183,0.8333333333333334
rolling,2018-01-11,20,1,multiclass_probability_sum,0.5,0.030927835051546393,0.8245614035087719
rolling,2018-01-12,20,1,multiclass_probability_sum,0.5,0.03125,0.8157894736842105
rolling,2018-01-15,20,1,multiclass_probability_sum,0.42857142857142855,0.031578947368421054,0.8141592920353983
rolling,2018-01-16,20,1,multiclass_probability_sum,0.375,0.031914893617021274,0.8125
rolling,2018-01-17,20,1,multiclass_probability_sum,0.375,0.031578947368421054,0.8214285714285714
rolling,2018-01-18,20,1,multiclass_probability_sum,0.42857142857142855,0.031578947368421054,0.8141592920353983
rolling,2018-01-19,20,1,multiclass_probability_sum,0.42857142857142855,0.031578947368421054,0.8141592920353983
rolling,2018-01-22,20,1,multiclass_probability_sum,0.375,0.031914893617021274,0.8125
rolling,2018-01-25,20,1,multiclass_probability_sum,0.3333333333333333,0.03225806451612903,0.8108108108108109
rolling,2018-01-26,20,1,multiclass_probability_sum,0.2222222222222222,0.021739130434782608,0.8108108108108109
rolling,2018-01-29,20,1,multiclass_probability_sum,0.1111111111111111,0.01098901098901099,0.8108108108108109
rolling,2018-01-30,20,1,multiclass_probability_sum,0.1,0.011111111111111112,0.8090909090909091
rolling,2018-01-31,20,1,multiclass_probability_sum,0.09090909090909091,0.011235955056179775,0.8073394495412844
rolling,2018-02-01,20,1,multiclass_probability_sum,0.08333333333333333,0.011363636363636364,0.8055555555555556
rolling,2018-02-02,20,1,multiclass_probability_sum,0.15384615384615385,0.022727272727272728,0.8037383177570093
rolling,2018-02-05,20,1,multiclass_probability_sum,0.15384615384615385,0.022988505747126436,0.794392523364486
rolling,2018-02-06,20,1,multiclass_probability_sum,0.15384615384615385,0.023255813953488372,0.7850467289719626
rolling,2018-02-07,20,1,multiclass_probability_sum,0.15384615384615385,0.023529411764705882,0.7757009345794392
rolling,2018-02-08,20,1,multiclass_probability_sum,0.15384615384615385,0.023809523809523808,0.7663551401869159
rolling,2018-02-09,20,1,multiclass_probability_sum,0.15384615384615385,0.024096385542168676,0.7570093457943925
rolling,2018-02-12,20,1,multiclass_probability_sum,0.15384615384615385,0.024390243902439025,0.7476635514018691
rolling,2018-02-13,20,1,multiclass_probability_sum,0.15384615384615385,0.024691358024691357,0.7383177570093458
rolling,2018-02-21,20,1,multiclass_probability_sum,0.15384615384615385,0.025,0.7289719626168224
rolling,2018-02-22,20,1,multiclass_probability_sum,0.15384615384615385,0.02531645569620253,0.719626168224299
rolling,2018-02-23,20,1,multiclass_probability_sum,0.15384615384615385,0.02564102564102564,0.7102803738317757
rolling,2018-02-26,20,1,multiclass_probability_sum,0.15384615384615385,0.025974025974025976,0.7009345794392523
rolling,2018-02-27,20,1,multiclass_probability_sum,0.15384615384615385,0.02631578947368421,0.6915887850467289
rolling,2018-02-28,20,1,multiclass_probability_sum,0.15384615384615385,0.02666666666666667,0.6822429906542056
rolling,2018-03-01,20,1,multiclass_probability_sum,0.15384615384615385,0.02666666666666667,0.6822429906542056
rolling,2018-03-02,20,1,multiclass_probability_sum,0.15384615384615385,0.02702702702702703,0.6728971962616822
rolling,2018-03-05,20,1,multiclass_probability_sum,0.15384615384615385,0.02702702702702703,0.6728971962616822
rolling,2018-03-06,20,1,multiclass_probability_sum,0.15384615384615385,0.0273972602739726,0.6635514018691588
rolling,2018-03-07,20,1,multiclass_probability_sum,0.15384615384615385,0.027777777777777776,0.6542056074766355
rolling,2018-03-08,20,1,multiclass_probability_sum,0.15384615384615385,0.028169014084507043,0.6448598130841121
rolling,2018-03-09,20,1,multiclass_probability_sum,0.15384615384615385,0.02857142857142857,0.6355140186915887
rolling,2018-03-12,20,1,multiclass_probability_sum,0.15384615384615385,0.028985507246376812,0.6261682242990654
rolling,2018-03-13,20,1,multiclass_probability_sum,0.15384615384615385,0.029411764705882353,0.616822429906542
rolling,2018-03-14,20,1,multiclass_probability_sum,0.15384615384615385,0.029850746268656716,0.6074766355140186
rolling,2018-03-15,20,1,multiclass_probability_sum,0.15384615384615385,0.030303030303030304,0.5981308411214953
rolling,2018-03-16,20,1,multiclass_probability_sum,0.15384615384615385,0.03076923076923077,0.5887850467289719
rolling,2018-03-19,20,1,multiclass_probability_sum,0.15384615384615385,0.03076923076923077,0.5887850467289719
rolling,2018-03-20,20,1,multiclass_probability_sum,0.15384615384615385,0.03076923076923077,0.5887850467289719
rolling,2018-03-21,20,1,multiclass_probability_sum,0.15384615384615385,0.03125,0.5794392523364486
rolling,2018-03-22,20,1,multiclass_probability_sum,0.14285714285714285,0.031746031746031744,0.5754716981132075
rolling,2018-03-23,20,1,multiclass_probability_sum,0.14285714285714285,0.031746031746031744,0.5754716981132075
rolling,2018-03-26,20,1,multiclass_probability_sum,0.2,0.047619047619047616,0.5714285714285714
rolling,2018-03-27,20,1,multiclass_probability_sum,0.25,0.06349206349206349,0.5673076923076923
rolling,2018-03-28,20,1,multiclass_probability_sum,0.29411764705882354,0.07936507936507936,0.5631067961165048
rolling,2018-03-29,20,1,multiclass_probability_sum,0.3333333333333333,0.09523809523809523,0.5588235294117647
rolling,2018-03-30,20,1,multiclass_probability_sum,0.3684210526315789,0.1111111111111111,0.5544554455445545
rolling,2018-04-02,20,1,multiclass_probability_sum,0.4,0.12698412698412698,0.55
rolling,2018-04-03,20,1,multiclass_probability_sum,0.42857142857142855,0.14285714285714285,0.5454545454545454
rolling,2018-04-04,20,1,multiclass_probability_sum,0.45454545454545453,0.15873015873015872,0.5408163265306123
rolling,2018-04-05,20,1,multiclass_probability_sum,0.4782608695652174,0.1746031746031746,0.5360824742268041
rolling,2018-04-06,20,1,multiclass_probability_sum,0.5,0.1875,0.5416666666666666
rolling,2018-04-09,20,1,multiclass_probability_sum,0.52,0.2,0.5473684210526316
rolling,2018-04-10,20,1,multiclass_probability_sum,0.5384615384615384,0.21212121212121213,0.5531914893617021
rolling,2018-04-11,20,1,multiclass_probability_sum,0.5555555555555556,0.22388059701492538,0.5591397849462365
rolling,2018-04-12,20,1,multiclass_probability_sum,0.5714285714285714,0.23529411764705882,0.5652173913043478
rolling,2018-04-13,20,1,multiclass_probability_sum,0.5862068965517241,0.2463768115942029,0.5714285714285714
rolling,2018-04-16,20,1,multiclass_probability_sum,0.6,0.2571428571428571,0.5777777777777777
rolling,2018-04-17,20,1,multiclass_probability_sum,0.6129032258064516,0.2676056338028169,0.5842696629213483
rolling,2018-04-18,20,1,multiclass_probability_sum,0.625,0.28169014084507044,0.5795454545454546
rolling,2018-04-19,20,1,multiclass_probability_sum,0.6363636363636364,0.29577464788732394,0.5747126436781609
rolling,2018-04-20,20,1,multiclass_probability_sum,0.6176470588235294,0.3,0.5697674418604651
rolling,2018-04-23,20,1,multiclass_probability_sum,0.6285714285714286,0.3142857142857143,0.5647058823529412
rolling,2018-04-24,20,1,multiclass_probability_sum,0.6111111111111112,0.3188405797101449,0.5595238095238095
rolling,2018-04-26,20,1,multiclass_probability_sum,0.5945945945945946,0.3235294117647059,0.5542168674698795
rolling,2018-04-27,20,1,multiclass_probability_sum,0.5789473684210527,0.3283582089552239,0.5487804878048781
rolling,2018-05-02,20,1,multiclass_probability_sum,0.5641025641025641,0.3333333333333333,0.5432098765432098
rolling,2018-05-03,20,1,multiclass_probability_sum,0.55,0.3384615384615385,0.5375
rolling,2018-05-04,20,1,multiclass_probability_sum,0.55,0.34375,0.525
rolling,2018-05-07,20,1,multiclass_probability_sum,0.5365853658536586,0.3492063492063492,0.5189873417721519
rolling,2018-05-08,20,1,multiclass_probability_sum,0.5238095238095238,0.3548387096774194,0.5128205128205128
rolling,2018-05-09,20,1,multiclass_probability_sum,0.5116279069767442,0.36065573770491804,0.5064935064935064
rolling,2018-05-10,20,1,multiclass_probability_sum,0.5116279069767442,0.36666666666666664,0.4935064935064935
rolling,2018-05-11,20,1,multiclass_probability_sum,0.5116279069767442,0.3728813559322034,0.4805194805194805
rolling,2018-05-14,20,1,multiclass_probability_sum,0.5,0.3793103448275862,0.47368421052631576
rolling,2018-05-15,20,1,multiclass_probability_sum,0.4888888888888889,0.38596491228070173,0.4666666666666667
rolling,2018-05-16,20,1,multiclass_probability_sum,0.4782608695652174,0.39285714285714285,0.4594594594594595
rolling,2018-05-17,20,1,multiclass_probability_sum,0.4782608695652174,0.4,0.44594594594594594
rolling,2018-05-18,20,1,multiclass_probability_sum,0.4782608695652174,0.4074074074074074,0.43243243243243246
rolling,2018-05-21,20,1,multiclass_probability_sum,0.4782608695652174,0.41509433962264153,0.4189189189189189
rolling,2018-05-22,20,1,multiclass_probability_sum,0.4782608695652174,0.4230769230769231,0.40540540540540543
rolling,2018-05-23,20,1,multiclass_probability_sum,0.4782608695652174,0.43137254901960786,0.3918918918918919
rolling,2018-05-24,20,1,multiclass_probability_sum,0.4782608695652174,0.44,0.3783783783783784
rolling,2018-05-25,20,1,multiclass_probability_sum,0.4782608695652174,0.4489795918367347,0.36486486486486486
rolling,2018-05-28,20,1,multiclass_probability_sum,0.4782608695652174,0.4583333333333333,0.35135135135135137
rolling,2018-05-29,20,1,multiclass_probability_sum,0.4782608695652174,0.46808510638297873,0.33783783783783783
rolling,2018-05-30,20,1,multiclass_probability_sum,0.4782608695652174,0.46808510638297873,0.33783783783783783
rolling,2018-05-31,20,1,multiclass_probability_sum,0.4782608695652174,0.46808510638297873,0.33783783783783783
rolling,2018-06-01,20,1,multiclass_probability_sum,0.4782608695652174,0.4782608695652174,0.32432432432432434
rolling,2018-06-04,20,1,multiclass_probability_sum,0.4782608695652174,0.4782608695652174,0.32432432432432434
rolling,2018-06-05,20,1,multiclass_probability_sum,0.45652173913043476,0.4666666666666667,0.32432432432432434
rolling,2018-06-06,20,1,multiclass_probability_sum,0.44680851063829785,0.4772727272727273,0.3150684931506849
rolling,2018-06-07,20,1,multiclass_probability_sum,0.4375,0.4883720930232558,0.3055555555555556
rolling,2018-06-08,20,1,multiclass_probability_sum,0.42857142857142855,0.5,0.29577464788732394
rolling,2018-06-11,20,1,multiclass_probability_sum,0.42,0.5121951219512195,0.2857142857142857
rolling,2018-06-12,20,1,multiclass_probability_sum,0.4117647058823529,0.525,0.2753623188405797
rolling,2018-06-13,20,1,multiclass_probability_sum,0.40384615384615385,0.5384615384615384,0.2647058823529412
rolling,2018-06-14,20,1,multiclass_probability_sum,0.39622641509433965,0.5526315789473685,0.2537313432835821
rolling,2018-06-15,20,1,multiclass_probability_sum,0.3888888888888889,0.5675675675675675,0.24242424242424243
rolling,2018-06-18,20,1,multiclass_probability_sum,0.4,0.5945945945945946,0.23076923076923078
rolling,2018-06-19,20,1,multiclass_probability_sum,0.4107142857142857,0.6216216216216216,0.21875
rolling,2018-06-20,20,1,multiclass_probability_sum,0.4107142857142857,0.6388888888888888,0.203125
rolling,2018-06-21,20,1,multiclass_probability_sum,0.4107142857142857,0.6571428571428571,0.1875
rolling,2018-06-22,20,1,multiclass_probability_sum,0.40350877192982454,0.6764705882352942,0.1746031746031746
rolling,2018-06-25,20,1,multiclass_probability_sum,0.39655172413793105,0.696969696969697,0.16129032258064516
rolling,2018-06-26,20,1,multiclass_probability_sum,0.3898305084745763,0.71875,0.14754098360655737
rolling,2018-06-27,20,1,multiclass_probability_sum,0.38333333333333336,0.71875,0.15
rolling,2018-06-28,20,1,multiclass_probability_sum,0.38333333333333336,0.71875,0.15
rolling,2018-06-29,20,1,multiclass_probability_sum,0.38333333333333336,0.71875,0.15
rolling,2018-07-02,20,1,multiclass_probability_sum,0.38333333333333336,0.7419354838709677,0.13333333333333333
rolling,2018-07-03,20,1,multiclass_probability_sum,0.38333333333333336,0.7419354838709677,0.13333333333333333
rolling,2018-07-04,20,1,multiclass_probability_sum,0.38333333333333336,0.7666666666666667,0.11666666666666667
rolling,2018-07-05,20,1,multiclass_probability_sum,0.38333333333333336,0.7419354838709677,0.13333333333333333
rolling,2018-07-06,20,1,multiclass_probability_sum,0.38333333333333336,0.7419354838709677,0.13333333333333333
rolling,2018-07-09,20,1,multiclass_probability_sum,0.38333333333333336,0.71875,0.15
rolling,2018-07-10,20,1,multiclass_probability_sum,0.38333333333333336,0.696969696969697,0.16666666666666666
rolling,2018-07-11,20,1,multiclass_probability_sum,0.3898305084745763,0.6764705882352942,0.18032786885245902
rolling,2018-07-12,20,1,multiclass_probability_sum,0.3898305084745763,0.6571428571428571,0.19672131147540983
rolling,2018-07-13,20,1,multiclass_probability_sum,0.3898305084745763,0.6571428571428571,0.19672131147540983
rolling,2018-07-16,20,1,multiclass_probability_sum,0.39655172413793105,0.6571428571428571,0.1935483870967742
rolling,2018-07-17,20,1,multiclass_probability_sum,0.40350877192982454,0.6571428571428571,0.19047619047619047
rolling,2018-07-18,20,1,multiclass_probability_sum,0.40350877192982454,0.6764705882352942,0.1746031746031746
rolling,2018-07-19,20,1,multiclass_probability_sum,0.40350877192982454,0.6764705882352942,0.1746031746031746
rolling,2018-07-20,20,1,multiclass_probability_sum,0.40350877192982454,0.6764705882352942,0.1746031746031746
rolling,2018-07-23,20,1,multiclass_probability_sum,0.4107142857142857,0.6764705882352942,0.171875
rolling,2018-07-24,20,1,multiclass_probability_sum,0.41818181818181815,0.6764705882352942,0.16923076923076924
rolling,2018-07-25,20,1,multiclass_probability_sum,0.42592592592592593,0.6764705882352942,0.16666666666666666
rolling,2018-07-26,20,1,multiclass_probability_sum,0.4339622641509434,0.6764705882352942,0.16417910447761194
rolling,2018-07-27,20,1,multiclass_probability_sum,0.4423076923076923,0.6764705882352942,0.16176470588235295
rolling,2018-07-30,20,1,multiclass_probability_sum,0.45098039215686275,0.6764705882352942,0.15942028985507245
rolling,2018-07-31,20,1,multiclass_probability_sum,0.46,0.6571428571428571,0.17142857142857143
rolling,2018-08-01,20,1,multiclass_probability_sum,0.4489795918367347,0.6470588235294118,0.16901408450704225
rolling,2018-08-02,20,1,multiclass_probability_sum,0.4489795918367347,0.6470588235294118,0.16901408450704225
rolling,2018-08-03,20,1,multiclass_probability_sum,0.4489795918367347,0.6470588235294118,0.16901408450704225
rolling,2018-08-06,20,1,multiclass_probability_sum,0.4489795918367347,0.6470588235294118,0.16901408450704225
rolling,2018-08-07,20,1,multiclass_probability_sum,0.4489795918367347,0.6470588235294118,0.16901408450704225
rolling,2018-08-08,20,1,multiclass_probability_sum,0.4489795918367347,0.6470588235294118,0.16901408450704225
rolling,2018-08-09,20,1,multiclass_probability_sum,0.4489795918367347,0.6285714285714286,0.18309859154929578
rolling,2018-08-10,20,1,multiclass_probability_sum,0.4489795918367347,0.6285714285714286,0.18309859154929578
rolling,2018-08-13,20,1,multiclass_probability_sum,0.4489795918367347,0.6285714285714286,0.18309859154929578
rolling,2018-08-14,20,1,multiclass_probability_sum,0.4489795918367347,0.6285714285714286,0.18309859154929578
rolling,2018-08-15,20,1,multiclass_probability_sum,0.4489795918367347,0.6285714285714286,0.18309859154929578
rolling,2018-08-16,20,1,multiclass_probability_sum,0.4489795918367347,0.6111111111111112,0.19718309859154928
rolling,2018-08-17,20,1,multiclass_probability_sum,0.4489795918367347,0.5945945945945946,0.2112676056338028
rolling,2018-08-20,20,1,multiclass_probability_sum,0.4489795918367347,0.5789473684210527,0.22535211267605634
rolling,2018-08-21,20,1,multiclass_probability_sum,0.4489795918367347,0.5641025641025641,0.23943661971830985
rolling,2018-08-22,20,1,multiclass_probability_sum,0.4489795918367347,0.55,0.2535211267605634
rolling,2018-08-23,20,1,multiclass_probability_sum,0.4489795918367347,0.5365853658536586,0.2676056338028169
rolling,2018-08-24,20,1,multiclass_probability_sum,0.4489795918367347,0.5238095238095238,0.28169014084507044
rolling,2018-08-27,20,1,multiclass_probability_sum,0.4489795918367347,0.5116279069767442,0.29577464788732394
rolling,2018-08-28,20,1,multiclass_probability_sum,0.4489795918367347,0.5116279069767442,0.29577464788732394
rolling,2018-08-29,20,1,multiclass_probability_sum,0.4489795918367347,0.5,0.30985915492957744
rolling,2018-08-30,20,1,multiclass_probability_sum,0.4489795918367347,0.5,0.30985915492957744
rolling,2018-08-31,20,1,multiclass_probability_sum,0.4489795918367347,0.4888888888888889,0.323943661971831
rolling,2018-09-04,20,1,multiclass_probability_sum,0.4489795918367347,0.4782608695652174,0.3380281690140845
rolling,2018-09-05,20,1,multiclass_probability_sum,0.4489795918367347,0.46808510638297873,0.352112676056338
rolling,2018-09-06,20,1,multiclass_probability_sum,0.4489795918367347,0.4583333333333333,0.36619718309859156
rolling,2018-09-07,20,1,multiclass_probability_sum,0.4489795918367347,0.4583333333333333,0.36619718309859156
rolling,2018-09-10,20,1,multiclass_probability_sum,0.4489795918367347,0.4583333333333333,0.36619718309859156
rolling,2018-09-11,20,1,multiclass_probability_sum,0.4489795918367347,0.4489795918367347,0.38028169014084506
rolling,2018-09-12,20,1,multiclass_probability_sum,0.4583333333333333,0.44,0.3888888888888889
rolling,2018-09-13,20,1,multiclass_probability_sum,0.4489795918367347,0.4489795918367347,0.38028169014084506
rolling,2018-09-14,20,1,multiclass_probability_sum,0.4489795918367347,0.4489795918367347,0.38028169014084506
rolling,2018-09-17,20,1,multiclass_probability_sum,0.4489795918367347,0.4489795918367347,0.38028169014084506
rolling,2018-09-18,20,1,multiclass_probability_sum,0.4489795918367347,0.4489795918367347,0.38028169014084506
rolling,2018-09-19,20,1,multiclass_probability_sum,0.4489795918367347,0.4489795918367347,0.38028169014084506
rolling,2018-09-20,20,1,multiclass_probability_sum,0.42857142857142855,0.4375,0.38028169014084506
rolling,2018-09-21,20,1,multiclass_probability_sum,0.42857142857142855,0.4375,0.38028169014084506
rolling,2018-09-24,20,1,multiclass_probability_sum,0.42857142857142855,0.4375,0.38028169014084506
rolling,2018-09-25,20,1,multiclass_probability_sum,0.42857142857142855,0.4375,0.38028169014084506
rolling,2018-09-26,20,1,multiclass_probability_sum,0.42857142857142855,0.4375,0.38028169014084506
rolling,2018-09-27,20,1,multiclass_probability_sum,0.42857142857142855,0.4375,0.38028169014084506
rolling,2018-09-28,20,1,multiclass_probability_sum,0.42857142857142855,0.4375,0.38028169014084506
rolling,2018-10-01,20,1,multiclass_probability_sum,0.42857142857142855,0.4375,0.38028169014084506
rolling,2018-10-02,20,1,multiclass_probability_sum,0.42857142857142855,0.4375,0.38028169014084506
rolling,2018-10-03,20,1,multiclass_probability_sum,0.42857142857142855,0.4375,0.38028169014084506
rolling,2018-10-04,20,1,multiclass_probability_sum,0.42857142857142855,0.4375,0.38028169014084506
rolling,2018-10-05,20,1,multiclass_probability_sum,0.42857142857142855,0.4375,0.38028169014084506
rolling,2018-10-08,20,1,multiclass_probability_sum,0.42857142857142855,0.4375,0.38028169014084506
rolling,2018-10-09,20,1,multiclass_probability_sum,0.42857142857142855,0.4375,0.38028169014084506
rolling,2018-10-10,20,1,multiclass_probability_sum,0.42857142857142855,0.4375,0.38028169014084506
rolling,2018-10-11,20,1,multiclass_probability_sum,0.4375,0.42857142857142855,0.3888888888888889
rolling,2018-10-12,20,1,multiclass_probability_sum,0.4166666666666667,0.4166666666666667,0.3888888888888889
rolling,2018-10-15,20,1,multiclass_probability_sum,0.4166666666666667,0.4166666666666667,0.3888888888888889
rolling,2018-10-16,20,1,multiclass_probability_sum,0.4166666666666667,0.4166666666666667,0.3888888888888889
rolling,2018-10-17,20,1,multiclass_probability_sum,0.4166666666666667,0.4166666666666667,0.3888888888888889
rolling,2018-10-18,20,1,multiclass_probability_sum,0.4166666666666667,0.4166666666666667,0.3888888888888889
rolling,2018-10-19,20,1,multiclass_probability_sum,0.4166666666666667,0.4166666666666667,0.3888888888888889
rolling,2018-10-22,20,1,multiclass_probability_sum,0.40816326530612246,0.4166666666666667,0.39436619718309857
rolling,2018-10-23,20,1,multiclass_probability_sum,0.4166666666666667,0.4166666666666667,0.3888888888888889
rolling,2018-10-24,20,1,multiclass_probability_sum,0.425531914893617,0.4166666666666667,0.3835616438356164
rolling,2018-10-25,20,1,multiclass_probability_sum,0.43478260869565216,0.4166666666666667,0.3783783783783784
rolling,2018-10-26,20,1,multiclass_probability_sum,0.43478260869565216,0.4166666666666667,0.3783783783783784
rolling,2018-10-29,20,1,multiclass_probability_sum,0.43478260869565216,0.4166666666666667,0.3783783783783784
rolling,2018-10-30,20,1,multiclass_probability_sum,0.4444444444444444,0.4166666666666667,0.37333333333333335
rolling,2018-10-31,20,1,multiclass_probability_sum,0.45454545454545453,0.40816326530612246,0.3815789473684211
rolling,2018-11-01,20,1,multiclass_probability_sum,0.46511627906976744,0.40816326530612246,0.37662337662337664
rolling,2018-11-02,20,1,multiclass_probability_sum,0.46511627906976744,0.40816326530612246,0.37662337662337664
rolling,2018-11-05,20,1,multiclass_probability_sum,0.46511627906976744,0.40816326530612246,0.37662337662337664
rolling,2018-11-06,20,1,multiclass_probability_sum,0.46511627906976744,0.40816326530612246,0.37662337662337664
rolling,2018-11-07,20,1,multiclass_probability_sum,0.46511627906976744,0.40816326530612246,0.37662337662337664
rolling,2018-11-08,20,1,multiclass_probability_sum,0.46511627906976744,0.4,0.38961038961038963
rolling,2018-11-09,20,1,multiclass_probability_sum,0.46511627906976744,0.39215686274509803,0.4025974025974026
rolling,2018-11-12,20,1,multiclass_probability_sum,0.46511627906976744,0.38461538461538464,0.4155844155844156
rolling,2018-11-13,20,1,multiclass_probability_sum,0.46511627906976744,0.37735849056603776,0.42857142857142855
rolling,2018-11-14,20,1,multiclass_probability_sum,0.46511627906976744,0.37037037037037035,0.44155844155844154
rolling,2018-11-15,20,1,multiclass_probability_sum,0.46511627906976744,0.36363636363636365,0.45454545454545453
rolling,2018-11-16,20,1,multiclass_probability_sum,0.46511627906976744,0.35714285714285715,0.4675324675324675
rolling,2018-11-19,20,1,multiclass_probability_sum,0.46511627906976744,0.3508771929824561,0.4805194805194805
rolling,2018-11-20,20,1,multiclass_probability_sum,0.47619047619047616,0.3448275862068966,0.48717948717948717
rolling,2018-11-21,20,1,multiclass_probability_sum,0.4878048780487805,0.3389830508474576,0.4936708860759494
rolling,2018-11-22,20,1,multiclass_probability_sum,0.5,0.3333333333333333,0.5
rolling,2018-11-23,20,1,multiclass_probability_sum,0.5128205128205128,0.32786885245901637,0.5061728395061729
rolling,2018-11-26,20,1,multiclass_probability_sum,0.5263157894736842,0.3225806451612903,0.5121951219512195
rolling,2018-11-27,20,1,multiclass_probability_sum,0.5526315789473685,0.3333333333333333,0.5121951219512195
rolling,2018-11-28,20,1,multiclass_probability_sum,0.5789473684210527,0.34375,0.5121951219512195
rolling,2018-11-29,20,1,multiclass_probability_sum,0.6052631578947368,0.35384615384615387,0.5121951219512195
rolling,2018-11-30,20,1,multiclass_probability_sum,0.631578947368421,0.36363636363636365,0.5121951219512195
rolling,2018-12-03,20,1,multiclass_probability_sum,0.6578947368421053,0.373134328358209,0.5121951219512195
rolling,2018-12-04,20,1,multiclass_probability_sum,0.6578947368421053,0.373134328358209,0.5121951219512195
rolling,2018-12-05,20,1,multiclass_probability_sum,0.6578947368421053,0.373134328358209,0.5121951219512195
rolling,2018-12-06,20,1,multiclass_probability_sum,0.6666666666666666,0.38235294117647056,0.5185185185185185
rolling,2018-12-07,20,1,multiclass_probability_sum,0.675,0.391304347826087,0.525
rolling,2018-12-10,20,1,multiclass_probability_sum,0.7,0.4,0.525
rolling,2018-12-11,20,1,multiclass_probability_sum,0.725,0.4084507042253521,0.525
rolling,2018-12-12,20,1,multiclass_probability_sum,0.75,0.4166666666666667,0.525
rolling,2018-12-13,20,1,multiclass_probability_sum,0.775,0.4246575342465753,0.525
rolling,2018-12-14,20,1,multiclass_probability_sum,0.7804878048780488,0.43243243243243246,0.5316455696202531
rolling,2018-12-17,20,1,multiclass_probability_sum,0.7857142857142857,0.44,0.5384615384615384
rolling,2018-12-18,20,1,multiclass_probability_sum,0.7906976744186046,0.4473684210526316,0.5454545454545454
rolling,2018-12-19,20,1,multiclass_probability_sum,0.7906976744186046,0.4473684210526316,0.5454545454545454
rolling,2018-12-20,20,1,multiclass_probability_sum,0.7906976744186046,0.44155844155844154,0.5584415584415584
rolling,2018-12-21,20,1,multiclass_probability_sum,0.7906976744186046,0.44155844155844154,0.5584415584415584
rolling,2018-12-24,20,1,multiclass_probability_sum,0.7906976744186046,0.44155844155844154,0.5584415584415584
rolling,2018-12-25,20,1,multiclass_probability_sum,0.7906976744186046,0.44155844155844154,0.5584415584415584
rolling,2018-12-26,20,1,multiclass_probability_sum,0.7906976744186046,0.44155844155844154,0.5584415584415584
rolling,2018-12-27,20,1,multiclass_probability_sum,0.7906976744186046,0.44155844155844154,0.5584415584415584
rolling,2018-12-28,20,1,multiclass_probability_sum,0.7906976744186046,0.44155844155844154,0.5584415584415584
rolling,2019-01-02,20,1,multiclass_probability_sum,0.7906976744186046,0.4358974358974359,0.5714285714285714
rolling,2019-01-03,20,1,multiclass_probability_sum,0.7906976744186046,0.43037974683544306,0.5844155844155844
rolling,2019-01-04,20,1,multiclass_probability_sum,0.7906976744186046,0.425,0.5974025974025974
rolling,2019-01-07,20,1,multiclass_probability_sum,0.7906976744186046,0.41975308641975306,0.6103896103896104
rolling,2019-01-08,20,1,multiclass_probability_sum,0.7906976744186046,0.4146341463414634,0.6233766233766234
rolling,2019-01-09,20,1,multiclass_probability_sum,0.7906976744186046,0.4146341463414634,0.6233766233766234
rolling,2019-01-10,20,1,multiclass_probability_sum,0.7906976744186046,0.40963855421686746,0.6363636363636364
rolling,2019-01-11,20,1,multiclass_probability_sum,0.7906976744186046,0.40476190476190477,0.6493506493506493
rolling,2019-01-14,20,1,multiclass_probability_sum,0.7906976744186046,0.4,0.6623376623376623
rolling,2019-01-15,20,1,multiclass_probability_sum,0.7906976744186046,0.3953488372093023,0.6753246753246753
rolling,2019-01-16,20,1,multiclass_probability_sum,0.7906976744186046,0.39080459770114945,0.6883116883116883
rolling,2019-01-17,20,1,multiclass_probability_sum,0.7906976744186046,0.38636363636363635,0.7012987012987013
rolling,2019-01-18,20,1,multiclass_probability_sum,0.7906976744186046,0.38636363636363635,0.7012987012987013
rolling,2019-01-21,20,1,multiclass_probability_sum,0.7906976744186046,0.38202247191011235,0.7142857142857143
rolling,2019-01-22,20,1,multiclass_probability_sum,0.7906976744186046,0.37777777777777777,0.7272727272727273
rolling,2019-01-23,20,1,multiclass_probability_sum,0.7906976744186046,0.37362637362637363,0.7402597402597403
rolling,2019-01-24,20,1,multiclass_probability_sum,0.7906976744186046,0.3695652173913043,0.7532467532467533
rolling,2019-01-25,20,1,multiclass_probability_sum,0.7906976744186046,0.3655913978494624,0.7662337662337663
rolling,2019-01-28,20,1,multiclass_probability_sum,0.7906976744186046,0.3617021276595745,0.7792207792207793
rolling,2019-01-29,20,1,multiclass_probability_sum,0.7906976744186046,0.3655913978494624,0.7662337662337663
rolling,2019-01-30,20,1,multiclass_probability_sum,0.7906976744186046,0.3655913978494624,0.7662337662337663
rolling,2019-01-31,20,1,multiclass_probability_sum,0.7906976744186046,0.3617021276595745,0.7792207792207793
rolling,2019-02-01,20,1,multiclass_probability_sum,0.7906976744186046,0.35789473684210527,0.7922077922077922
rolling,2019-02-11,20,1,multiclass_probability_sum,0.7906976744186046,0.3541666666666667,0.8051948051948052
rolling,2019-02-12,20,1,multiclass_probability_sum,0.7906976744186046,0.3541666666666667,0.8051948051948052
rolling,2019-02-13,20,1,multiclass_probability_sum,0.7906976744186046,0.3541666666666667,0.8051948051948052
rolling,2019-02-14,20,1,multiclass_probability_sum,0.7906976744186046,0.3541666666666667,0.8051948051948052
rolling,2019-02-15,20,1,multiclass_probability_sum,0.7906976744186046,0.3541666666666667,0.8051948051948052
rolling,2019-02-18,20,1,multiclass_probability_sum,0.7906976744186046,0.3541666666666667,0.8051948051948052
rolling,2019-02-19,20,1,multiclass_probability_sum,0.7906976744186046,0.3541666666666667,0.8051948051948052
rolling,2019-02-20,20,1,multiclass_probability_sum,0.7906976744186046,0.3541666666666667,0.8051948051948052
rolling,2019-02-21,20,1,multiclass_probability_sum,0.7906976744186046,0.3541666666666667,0.8051948051948052
rolling,2019-02-22,20,1,multiclass_probability_sum,0.7906976744186046,0.35051546391752575,0.8181818181818182
rolling,2019-02-25,20,1,multiclass_probability_sum,0.7954545454545454,0.36082474226804123,0.8157894736842105
rolling,2019-02-26,20,1,multiclass_probability_sum,0.7954545454545454,0.35714285714285715,0.8289473684210527
rolling,2019-02-27,20,1,multiclass_probability_sum,0.7954545454545454,0.35714285714285715,0.8289473684210527
rolling,2019-02-28,20,1,multiclass_probability_sum,0.7954545454545454,0.35714285714285715,0.8289473684210527
rolling,2019-03-01,20,1,multiclass_probability_sum,0.7954545454545454,0.35714285714285715,0.8289473684210527
rolling,2019-03-04,20,1,multiclass_probability_sum,0.7954545454545454,0.35714285714285715,0.8289473684210527
rolling,2019-03-05,20,1,multiclass_probability_sum,0.7954545454545454,0.35714285714285715,0.8289473684210527
rolling,2019-03-06,20,1,multiclass_probability_sum,0.7954545454545454,0.35714285714285715,0.8289473684210527
rolling,2019-03-07,20,1,multiclass_probability_sum,0.7954545454545454,0.35714285714285715,0.8289473684210527
rolling,2019-03-08,20,1,multiclass_probability_sum,0.7954545454545454,0.35714285714285715,0.8289473684210527
rolling,2019-03-11,20,1,multiclass_probability_sum,0.813953488372093,0.35353535353535354,0.8311688311688312
rolling,2017-05-11,20,1,candidate_risk_off,1.0,0.125,1.0
rolling,2017-05-12,20,1,candidate_risk_off,1.0,0.12195121951219512,1.0
rolling,2017-05-15,20,1,candidate_risk_off,1.0,0.11904761904761904,1.0
rolling,2017-05-16,20,1,candidate_risk_off,1.0,0.11627906976744186,1.0
rolling,2017-05-17,20,1,candidate_risk_off,1.0,0.11363636363636363,1.0
rolling,2017-05-18,20,1,candidate_risk_off,1.0,0.1111111111111111,1.0
rolling,2017-05-19,20,1,candidate_risk_off,1.0,0.10869565217391304,1.0
rolling,2017-05-22,20,1,candidate_risk_off,1.0,0.10638297872340426,1.0
rolling,2017-05-23,20,1,candidate_risk_off,1.0,0.10416666666666667,1.0
rolling,2017-05-24,20,1,candidate_risk_off,1.0,0.10204081632653061,1.0
rolling,2017-05-25,20,1,candidate_risk_off,1.0,0.1,1.0
rolling,2017-05-26,20,1,candidate_risk_off,1.0,0.09803921568627451,1.0
rolling,2017-05-29,20,1,candidate_risk_off,1.0,0.09615384615384616,1.0
rolling,2017-05-30,20,1,candidate_risk_off,1.0,0.09433962264150944,1.0
rolling,2017-05-31,20,1,candidate_risk_off,1.0,0.09259259259259259,1.0
rolling,2017-06-01,20,1,candidate_risk_off,1.0,0.09090909090909091,1.0
rolling,2017-06-02,20,1,candidate_risk_off,1.0,0.08928571428571429,1.0
rolling,2017-06-05,20,1,candidate_risk_off,1.0,0.08771929824561403,1.0
rolling,2017-06-06,20,1,candidate_risk_off,1.0,0.08620689655172414,1.0
rolling,2017-06-07,20,1,candidate_risk_off,1.0,0.0847457627118644,1.0
rolling,2017-06-08,20,1,candidate_risk_off,1.0,0.08333333333333333,1.0
rolling,2017-06-09,20,1,candidate_risk_off,1.0,0.08196721311475409,1.0
rolling,2017-06-12,20,1,candidate_risk_off,1.0,0.08064516129032258,1.0
rolling,2017-06-13,20,1,candidate_risk_off,1.0,0.07936507936507936,1.0
rolling,2017-06-14,20,1,candidate_risk_off,1.0,0.078125,1.0
rolling,2017-06-15,20,1,candidate_risk_off,1.0,0.07692307692307693,1.0
rolling,2017-06-16,20,1,candidate_risk_off,1.0,0.07575757575757576,1.0
rolling,2017-06-19,20,1,candidate_risk_off,1.0,0.07462686567164178,1.0
rolling,2017-06-20,20,1,candidate_risk_off,1.0,0.07352941176470588,1.0
rolling,2017-06-21,20,1,candidate_risk_off,1.0,0.07246376811594203,1.0
rolling,2017-06-22,20,1,candidate_risk_off,1.0,0.07142857142857142,1.0
rolling,2017-06-23,20,1,candidate_risk_off,1.0,0.07042253521126761,1.0
rolling,2017-06-26,20,1,candidate_risk_off,1.0,0.08333333333333333,1.0
rolling,2017-06-27,20,1,candidate_risk_off,1.0,0.0821917808219178,1.0
rolling,2017-06-28,20,1,candidate_risk_off,1.0,0.08108108108108109,1.0
rolling,2017-06-29,20,1,candidate_risk_off,1.0,0.08,1.0
rolling,2017-06-30,20,1,candidate_risk_off,1.0,0.07894736842105263,1.0
rolling,2017-07-03,20,1,candidate_risk_off,1.0,0.07792207792207792,1.0
rolling,2017-07-04,20,1,candidate_risk_off,1.0,0.07692307692307693,1.0
rolling,2017-07-05,20,1,candidate_risk_off,1.0,0.0759493670886076,1.0
rolling,2017-07-06,20,1,candidate_risk_off,1.0,0.0875,1.0
rolling,2017-07-07,20,1,candidate_risk_off,1.0,0.08641975308641975,1.0
rolling,2017-07-10,20,1,candidate_risk_off,1.0,0.08536585365853659,1.0
rolling,2017-07-11,20,1,candidate_risk_off,1.0,0.08433734939759036,1.0
rolling,2017-07-12,20,1,candidate_risk_off,1.0,0.08333333333333333,1.0
rolling,2017-07-13,20,1,candidate_risk_off,1.0,0.08235294117647059,1.0
rolling,2017-07-14,20,1,candidate_risk_off,1.0,0.08139534883720931,1.0
rolling,2017-07-17,20,1,candidate_risk_off,1.0,0.08045977011494253,1.0
rolling,2017-07-18,20,1,candidate_risk_off,1.0,0.07954545454545454,1.0
rolling,2017-07-19,20,1,candidate_risk_off,1.0,0.07865168539325842,1.0
rolling,2017-07-20,20,1,candidate_risk_off,1.0,0.07777777777777778,1.0
rolling,2017-07-21,20,1,candidate_risk_off,1.0,0.07692307692307693,1.0
rolling,2017-07-24,20,1,candidate_risk_off,1.0,0.07608695652173914,1.0
rolling,2017-07-25,20,1,candidate_risk_off,1.0,0.07526881720430108,1.0
rolling,2017-07-26,20,1,candidate_risk_off,1.0,0.07446808510638298,1.0
rolling,2017-07-27,20,1,candidate_risk_off,1.0,0.07368421052631578,1.0
rolling,2017-07-28,20,1,candidate_risk_off,1.0,0.07291666666666667,1.0
rolling,2017-07-31,20,1,candidate_risk_off,1.0,0.07216494845360824,1.0
rolling,2017-08-01,20,1,candidate_risk_off,1.0,0.08163265306122448,1.0
rolling,2017-08-02,20,1,candidate_risk_off,1.0,0.08080808080808081,1.0
rolling,2017-08-03,20,1,candidate_risk_off,1.0,0.08,1.0
rolling,2017-08-04,20,1,candidate_risk_off,1.0,0.07920792079207921,1.0
rolling,2017-08-07,20,1,candidate_risk_off,1.0,0.08823529411764706,1.0
rolling,2017-08-08,20,1,candidate_risk_off,1.0,0.0970873786407767,1.0
rolling,2017-08-09,20,1,candidate_risk_off,1.0,0.09615384615384616,1.0
rolling,2017-08-10,20,1,candidate_risk_off,1.0,0.09523809523809523,1.0
rolling,2017-08-11,20,1,candidate_risk_off,1.0,0.09433962264150944,1.0
rolling,2017-08-14,20,1,candidate_risk_off,1.0,0.09345794392523364,1.0
rolling,2017-08-15,20,1,candidate_risk_off,1.0,0.09259259259259259,1.0
rolling,2017-08-16,20,1,candidate_risk_off,1.0,0.09174311926605505,1.0
rolling,2017-08-17,20,1,candidate_risk_off,1.0,0.09090909090909091,1.0
rolling,2017-08-18,20,1,candidate_risk_off,1.0,0.09009009009009009,1.0
rolling,2017-08-21,20,1,candidate_risk_off,1.0,0.08928571428571429,1.0
rolling,2017-08-22,20,1,candidate_risk_off,1.0,0.08849557522123894,1.0
rolling,2017-08-23,20,1,candidate_risk_off,1.0,0.08771929824561403,1.0
rolling,2017-08-24,20,1,candidate_risk_off,1.0,0.08695652173913043,1.0
rolling,2017-08-25,20,1,candidate_risk_off,1.0,0.08620689655172414,1.0
rolling,2017-08-28,20,1,candidate_risk_off,1.0,0.08547008547008547,1.0
rolling,2017-08-29,20,1,candidate_risk_off,1.0,0.0847457627118644,1.0
rolling,2017-08-30,20,1,candidate_risk_off,1.0,0.08403361344537816,1.0
rolling,2017-08-31,20,1,candidate_risk_off,1.0,0.08333333333333333,1.0
rolling,2017-09-01,20,1,candidate_risk_off,1.0,0.08333333333333333,1.0
rolling,2017-09-05,20,1,candidate_risk_off,1.0,0.08333333333333333,1.0
rolling,2017-09-06,20,1,candidate_risk_off,1.0,0.08333333333333333,1.0
rolling,2017-09-07,20,1,candidate_risk_off,1.0,0.08333333333333333,1.0
rolling,2017-09-08,20,1,candidate_risk_off,1.0,0.08333333333333333,1.0
rolling,2017-09-11,20,1,candidate_risk_off,1.0,0.08333333333333333,1.0
rolling,2017-09-12,20,1,candidate_risk_off,1.0,0.08333333333333333,1.0
rolling,2017-09-13,20,1,candidate_risk_off,1.0,0.08333333333333333,1.0
rolling,2017-09-14,20,1,candidate_risk_off,1.0,0.075,1.0
rolling,2017-09-15,20,1,candidate_risk_off,1.0,0.06666666666666667,1.0
rolling,2017-09-18,20,1,candidate_risk_off,1.0,0.058333333333333334,1.0
rolling,2017-09-19,20,1,candidate_risk_off,1.0,0.058333333333333334,1.0
rolling,2017-09-20,20,1,candidate_risk_off,1.0,0.058333333333333334,1.0
rolling,2017-09-21,20,1,candidate_risk_off,1.0,0.058333333333333334,1.0
rolling,2017-09-22,20,1,candidate_risk_off,1.0,0.058333333333333334,1.0
rolling,2017-09-25,20,1,candidate_risk_off,1.0,0.058333333333333334,1.0
rolling,2017-09-26,20,1,candidate_risk_off,1.0,0.058333333333333334,1.0
rolling,2017-09-27,20,1,candidate_risk_off,1.0,0.058333333333333334,1.0
rolling,2017-09-28,20,1,candidate_risk_off,1.0,0.05,1.0
rolling,2017-09-29,20,1,candidate_risk_off,1.0,0.041666666666666664,1.0
rolling,2017-10-02,20,1,candidate_risk_off,1.0,0.041666666666666664,1.0
rolling,2017-10-03,20,1,candidate_risk_off,1.0,0.041666666666666664,1.0
rolling,2017-10-04,20,1,candidate_risk_off,1.0,0.041666666666666664,1.0
rolling,2017-10-05,20,1,candidate_risk_off,1.0,0.041666666666666664,1.0
rolling,2017-10-06,20,1,candidate_risk_off,1.0,0.041666666666666664,1.0
rolling,2017-10-09,20,1,candidate_risk_off,1.0,0.041666666666666664,1.0
rolling,2017-10-10,20,1,candidate_risk_off,1.0,0.041666666666666664,1.0
rolling,2017-10-11,20,1,candidate_risk_off,1.0,0.041666666666666664,1.0
rolling,2017-10-12,20,1,candidate_risk_off,1.0,0.041666666666666664,1.0
rolling,2017-10-13,20,1,candidate_risk_off,1.0,0.041666666666666664,1.0
rolling,2017-10-16,20,1,candidate_risk_off,1.0,0.041666666666666664,1.0
rolling,2017-10-17,20,1,candidate_risk_off,1.0,0.041666666666666664,1.0
rolling,2017-10-18,20,1,candidate_risk_off,1.0,0.041666666666666664,1.0
rolling,2017-10-19,20,1,candidate_risk_off,1.0,0.041666666666666664,1.0
rolling,2017-10-20,20,1,candidate_risk_off,1.0,0.041666666666666664,1.0
rolling,2017-10-23,20,1,candidate_risk_off,1.0,0.041666666666666664,1.0
rolling,2017-10-24,20,1,candidate_risk_off,1.0,0.041666666666666664,1.0
rolling,2017-10-25,20,1,candidate_risk_off,1.0,0.041666666666666664,1.0
rolling,2017-10-26,20,1,candidate_risk_off,1.0,0.041666666666666664,1.0
rolling,2017-10-27,20,1,candidate_risk_off,1.0,0.041666666666666664,1.0
rolling,2017-10-30,20,1,candidate_risk_off,1.0,0.041666666666666664,1.0
rolling,2017-10-31,20,1,candidate_risk_off,1.0,0.041666666666666664,1.0
rolling,2017-11-01,20,1,candidate_risk_off,1.0,0.041666666666666664,1.0
rolling,2017-11-02,20,1,candidate_risk_off,1.0,0.041666666666666664,1.0
rolling,2017-11-03,20,1,candidate_risk_off,1.0,0.041666666666666664,1.0
rolling,2017-11-06,20,1,candidate_risk_off,1.0,0.041666666666666664,1.0
rolling,2017-11-07,20,1,candidate_risk_off,1.0,0.041666666666666664,1.0
rolling,2017-11-08,20,1,candidate_risk_off,1.0,0.041666666666666664,1.0
rolling,2017-11-09,20,1,candidate_risk_off,1.0,0.041666666666666664,1.0
rolling,2017-11-10,20,1,candidate_risk_off,1.0,0.041666666666666664,1.0
rolling,2017-11-13,20,1,candidate_risk_off,1.0,0.041666666666666664,1.0
rolling,2017-11-14,20,1,candidate_risk_off,1.0,0.041666666666666664,1.0
rolling,2017-11-15,20,1,candidate_risk_off,1.0,0.041666666666666664,1.0
rolling,2017-11-16,20,1,candidate_risk_off,1.0,0.041666666666666664,1.0
rolling,2017-11-17,20,1,candidate_risk_off,1.0,0.041666666666666664,1.0
rolling,2017-11-20,20,1,candidate_risk_off,1.0,0.041666666666666664,1.0
rolling,2017-11-21,20,1,candidate_risk_off,1.0,0.041666666666666664,1.0
rolling,2017-11-22,20,1,candidate_risk_off,1.0,0.041666666666666664,1.0
rolling,2017-11-23,20,1,candidate_risk_off,1.0,0.041666666666666664,1.0
rolling,2017-11-24,20,1,candidate_risk_off,1.0,0.041666666666666664,1.0
rolling,2017-11-27,20,1,candidate_risk_off,1.0,0.041666666666666664,1.0
rolling,2017-11-28,20,1,candidate_risk_off,1.0,0.041666666666666664,1.0
rolling,2017-11-29,20,1,candidate_risk_off,1.0,0.041666666666666664,1.0
rolling,2017-11-30,20,1,candidate_risk_off,1.0,0.041666666666666664,1.0
rolling,2017-12-01,20,1,candidate_risk_off,1.0,0.05,1.0
rolling,2017-12-04,20,1,candidate_risk_off,1.0,0.058333333333333334,1.0
rolling,2017-12-05,20,1,candidate_risk_off,1.0,0.058333333333333334,1.0
rolling,2017-12-06,20,1,candidate_risk_off,1.0,0.058333333333333334,1.0
rolling,2017-12-07,20,1,candidate_risk_off,1.0,0.058333333333333334,1.0
rolling,2017-12-08,20,1,candidate_risk_off,1.0,0.058333333333333334,1.0
rolling,2017-12-11,20,1,candidate_risk_off,1.0,0.058333333333333334,1.0
rolling,2017-12-12,20,1,candidate_risk_off,1.0,0.05,1.0
rolling,2017-12-13,20,1,candidate_risk_off,1.0,0.05,1.0
rolling,2017-12-14,20,1,candidate_risk_off,1.0,0.05,1.0
rolling,2017-12-15,20,1,candidate_risk_off,1.0,0.05,1.0
rolling,2017-12-18,20,1,candidate_risk_off,1.0,0.05,1.0
rolling,2017-12-19,20,1,candidate_risk_off,1.0,0.05,1.0
rolling,2017-12-20,20,1,candidate_risk_off,1.0,0.05,1.0
rolling,2017-12-21,20,1,candidate_risk_off,1.0,0.05,1.0
rolling,2017-12-22,20,1,candidate_risk_off,1.0,0.041666666666666664,1.0
rolling,2017-12-25,20,1,candidate_risk_off,1.0,0.041666666666666664,1.0
rolling,2017-12-26,20,1,candidate_risk_off,1.0,0.041666666666666664,1.0
rolling,2017-12-27,20,1,candidate_risk_off,1.0,0.041666666666666664,1.0
rolling,2017-12-28,20,1,candidate_risk_off,1.0,0.041666666666666664,1.0
rolling,2017-12-29,20,1,candidate_risk_off,1.0,0.041666666666666664,1.0
rolling,2018-01-02,20,1,candidate_risk_off,1.0,0.041666666666666664,1.0
rolling,2018-01-03,20,1,candidate_risk_off,1.0,0.041666666666666664,1.0
rolling,2018-01-04,20,1,candidate_risk_off,1.0,0.041666666666666664,1.0
rolling,2018-01-05,20,1,candidate_risk_off,1.0,0.041666666666666664,1.0
rolling,2018-01-08,20,1,candidate_risk_off,1.0,0.041666666666666664,1.0
rolling,2018-01-09,20,1,candidate_risk_off,1.0,0.041666666666666664,1.0
rolling,2018-01-10,20,1,candidate_risk_off,1.0,0.05,1.0
rolling,2018-01-11,20,1,candidate_risk_off,1.0,0.05,1.0
rolling,2018-01-12,20,1,candidate_risk_off,1.0,0.05,1.0
rolling,2018-01-15,20,1,candidate_risk_off,1.0,0.058333333333333334,1.0
rolling,2018-01-16,20,1,candidate_risk_off,1.0,0.06666666666666667,1.0
rolling,2018-01-17,20,1,candidate_risk_off,1.0,0.06666666666666667,1.0
rolling,2018-01-18,20,1,candidate_risk_off,1.0,0.058333333333333334,1.0
rolling,2018-01-19,20,1,candidate_risk_off,1.0,0.058333333333333334,1.0
rolling,2018-01-22,20,1,candidate_risk_off,1.0,0.06666666666666667,1.0
rolling,2018-01-25,20,1,candidate_risk_off,1.0,0.075,1.0
rolling,2018-01-26,20,1,candidate_risk_off,1.0,0.075,1.0
rolling,2018-01-29,20,1,candidate_risk_off,1.0,0.075,1.0
rolling,2018-01-30,20,1,candidate_risk_off,1.0,0.08333333333333333,1.0
rolling,2018-01-31,20,1,candidate_risk_off,1.0,0.09166666666666666,1.0
rolling,2018-02-01,20,1,candidate_risk_off,1.0,0.1,1.0
rolling,2018-02-02,20,1,candidate_risk_off,1.0,0.10833333333333334,1.0
rolling,2018-02-05,20,1,candidate_risk_off,1.0,0.10833333333333334,1.0
rolling,2018-02-06,20,1,candidate_risk_off,1.0,0.10833333333333334,1.0
rolling,2018-02-07,20,1,candidate_risk_off,1.0,0.10833333333333334,1.0
rolling,2018-02-08,20,1,candidate_risk_off,1.0,0.10833333333333334,1.0
rolling,2018-02-09,20,1,candidate_risk_off,1.0,0.10833333333333334,1.0
rolling,2018-02-12,20,1,candidate_risk_off,1.0,0.10833333333333334,1.0
rolling,2018-02-13,20,1,candidate_risk_off,1.0,0.10833333333333334,1.0
rolling,2018-02-21,20,1,candidate_risk_off,1.0,0.10833333333333334,1.0
rolling,2018-02-22,20,1,candidate_risk_off,1.0,0.10833333333333334,1.0
rolling,2018-02-23,20,1,candidate_risk_off,1.0,0.10833333333333334,1.0
rolling,2018-02-26,20,1,candidate_risk_off,1.0,0.10833333333333334,1.0
rolling,2018-02-27,20,1,candidate_risk_off,1.0,0.10833333333333334,1.0
rolling,2018-02-28,20,1,candidate_risk_off,1.0,0.10833333333333334,1.0
rolling,2018-03-01,20,1,candidate_risk_off,1.0,0.10833333333333334,1.0
rolling,2018-03-02,20,1,candidate_risk_off,1.0,0.10833333333333334,1.0
rolling,2018-03-05,20,1,candidate_risk_off,1.0,0.10833333333333334,1.0
rolling,2018-03-06,20,1,candidate_risk_off,1.0,0.10833333333333334,1.0
rolling,2018-03-07,20,1,candidate_risk_off,1.0,0.10833333333333334,1.0
rolling,2018-03-08,20,1,candidate_risk_off,1.0,0.10833333333333334,1.0
rolling,2018-03-09,20,1,candidate_risk_off,1.0,0.10833333333333334,1.0
rolling,2018-03-12,20,1,candidate_risk_off,1.0,0.10833333333333334,1.0
rolling,2018-03-13,20,1,candidate_risk_off,1.0,0.10833333333333334,1.0
rolling,2018-03-14,20,1,candidate_risk_off,1.0,0.10833333333333334,1.0
rolling,2018-03-15,20,1,candidate_risk_off,1.0,0.10833333333333334,1.0
rolling,2018-03-16,20,1,candidate_risk_off,1.0,0.10833333333333334,1.0
rolling,2018-03-19,20,1,candidate_risk_off,1.0,0.10833333333333334,1.0
rolling,2018-03-20,20,1,candidate_risk_off,1.0,0.10833333333333334,1.0
rolling,2018-03-21,20,1,candidate_risk_off,1.0,0.10833333333333334,1.0
rolling,2018-03-22,20,1,candidate_risk_off,1.0,0.11666666666666667,1.0
rolling,2018-03-23,20,1,candidate_risk_off,1.0,0.11666666666666667,1.0
rolling,2018-03-26,20,1,candidate_risk_off,1.0,0.125,1.0
rolling,2018-03-27,20,1,candidate_risk_off,1.0,0.13333333333333333,1.0
rolling,2018-03-28,20,1,candidate_risk_off,1.0,0.14166666666666666,1.0
rolling,2018-03-29,20,1,candidate_risk_off,1.0,0.15,1.0
rolling,2018-03-30,20,1,candidate_risk_off,1.0,0.15833333333333333,1.0
rolling,2018-04-02,20,1,candidate_risk_off,1.0,0.16666666666666666,1.0
rolling,2018-04-03,20,1,candidate_risk_off,1.0,0.175,1.0
rolling,2018-04-04,20,1,candidate_risk_off,1.0,0.18333333333333332,1.0
rolling,2018-04-05,20,1,candidate_risk_off,1.0,0.19166666666666668,1.0
rolling,2018-04-06,20,1,candidate_risk_off,1.0,0.2,1.0
rolling,2018-04-09,20,1,candidate_risk_off,1.0,0.20833333333333334,1.0
rolling,2018-04-10,20,1,candidate_risk_off,1.0,0.21666666666666667,1.0
rolling,2018-04-11,20,1,candidate_risk_off,1.0,0.225,1.0
rolling,2018-04-12,20,1,candidate_risk_off,1.0,0.23333333333333334,1.0
rolling,2018-04-13,20,1,candidate_risk_off,1.0,0.24166666666666667,1.0
rolling,2018-04-16,20,1,candidate_risk_off,1.0,0.25,1.0
rolling,2018-04-17,20,1,candidate_risk_off,1.0,0.25833333333333336,1.0
rolling,2018-04-18,20,1,candidate_risk_off,1.0,0.26666666666666666,1.0
rolling,2018-04-19,20,1,candidate_risk_off,1.0,0.275,1.0
rolling,2018-04-20,20,1,candidate_risk_off,1.0,0.2833333333333333,1.0
rolling,2018-04-23,20,1,candidate_risk_off,1.0,0.2916666666666667,1.0
rolling,2018-04-24,20,1,candidate_risk_off,1.0,0.3,1.0
rolling,2018-04-26,20,1,candidate_risk_off,1.0,0.30833333333333335,1.0
rolling,2018-04-27,20,1,candidate_risk_off,1.0,0.31666666666666665,1.0
rolling,2018-05-02,20,1,candidate_risk_off,1.0,0.325,1.0
rolling,2018-05-03,20,1,candidate_risk_off,1.0,0.3333333333333333,1.0
rolling,2018-05-04,20,1,candidate_risk_off,1.0,0.3333333333333333,1.0
rolling,2018-05-07,20,1,candidate_risk_off,1.0,0.3416666666666667,1.0
rolling,2018-05-08,20,1,candidate_risk_off,1.0,0.35,1.0
rolling,2018-05-09,20,1,candidate_risk_off,1.0,0.35833333333333334,1.0
rolling,2018-05-10,20,1,candidate_risk_off,1.0,0.35833333333333334,1.0
rolling,2018-05-11,20,1,candidate_risk_off,1.0,0.35833333333333334,1.0
rolling,2018-05-14,20,1,candidate_risk_off,1.0,0.36666666666666664,1.0
rolling,2018-05-15,20,1,candidate_risk_off,1.0,0.375,1.0
rolling,2018-05-16,20,1,candidate_risk_off,1.0,0.38333333333333336,1.0
rolling,2018-05-17,20,1,candidate_risk_off,1.0,0.38333333333333336,1.0
rolling,2018-05-18,20,1,candidate_risk_off,1.0,0.38333333333333336,1.0
rolling,2018-05-21,20,1,candidate_risk_off,1.0,0.38333333333333336,1.0
rolling,2018-05-22,20,1,candidate_risk_off,1.0,0.38333333333333336,1.0
rolling,2018-05-23,20,1,candidate_risk_off,1.0,0.38333333333333336,1.0
rolling,2018-05-24,20,1,candidate_risk_off,1.0,0.38333333333333336,1.0
rolling,2018-05-25,20,1,candidate_risk_off,1.0,0.38333333333333336,1.0
rolling,2018-05-28,20,1,candidate_risk_off,1.0,0.38333333333333336,1.0
rolling,2018-05-29,20,1,candidate_risk_off,1.0,0.38333333333333336,1.0
rolling,2018-05-30,20,1,candidate_risk_off,1.0,0.38333333333333336,1.0
rolling,2018-05-31,20,1,candidate_risk_off,1.0,0.38333333333333336,1.0
rolling,2018-06-01,20,1,candidate_risk_off,1.0,0.38333333333333336,1.0
rolling,2018-06-04,20,1,candidate_risk_off,1.0,0.38333333333333336,1.0
rolling,2018-06-05,20,1,candidate_risk_off,1.0,0.38333333333333336,1.0
rolling,2018-06-06,20,1,candidate_risk_off,1.0,0.39166666666666666,1.0
rolling,2018-06-07,20,1,candidate_risk_off,1.0,0.4,1.0
rolling,2018-06-08,20,1,candidate_risk_off,1.0,0.4083333333333333,1.0
rolling,2018-06-11,20,1,candidate_risk_off,1.0,0.4166666666666667,1.0
rolling,2018-06-12,20,1,candidate_risk_off,1.0,0.425,1.0
rolling,2018-06-13,20,1,candidate_risk_off,1.0,0.43333333333333335,1.0
rolling,2018-06-14,20,1,candidate_risk_off,1.0,0.44166666666666665,1.0
rolling,2018-06-15,20,1,candidate_risk_off,1.0,0.45,1.0
rolling,2018-06-18,20,1,candidate_risk_off,1.0,0.4583333333333333,1.0
rolling,2018-06-19,20,1,candidate_risk_off,1.0,0.4666666666666667,1.0
rolling,2018-06-20,20,1,candidate_risk_off,1.0,0.4666666666666667,1.0
rolling,2018-06-21,20,1,candidate_risk_off,1.0,0.4666666666666667,1.0
rolling,2018-06-22,20,1,candidate_risk_off,1.0,0.475,1.0
rolling,2018-06-25,20,1,candidate_risk_off,1.0,0.48333333333333334,1.0
rolling,2018-06-26,20,1,candidate_risk_off,1.0,0.49166666666666664,1.0
rolling,2018-06-27,20,1,candidate_risk_off,1.0,0.5,1.0
rolling,2018-06-28,20,1,candidate_risk_off,1.0,0.5,1.0
rolling,2018-06-29,20,1,candidate_risk_off,1.0,0.5,1.0
rolling,2018-07-02,20,1,candidate_risk_off,1.0,0.5,1.0
rolling,2018-07-03,20,1,candidate_risk_off,1.0,0.5,1.0
rolling,2018-07-04,20,1,candidate_risk_off,1.0,0.5,1.0
rolling,2018-07-05,20,1,candidate_risk_off,1.0,0.5,1.0
rolling,2018-07-06,20,1,candidate_risk_off,1.0,0.5,1.0
rolling,2018-07-09,20,1,candidate_risk_off,1.0,0.5,1.0
rolling,2018-07-10,20,1,candidate_risk_off,1.0,0.5,1.0
rolling,2018-07-11,20,1,candidate_risk_off,1.0,0.49166666666666664,1.0
rolling,2018-07-12,20,1,candidate_risk_off,1.0,0.49166666666666664,1.0
rolling,2018-07-13,20,1,candidate_risk_off,1.0,0.49166666666666664,1.0
rolling,2018-07-16,20,1,candidate_risk_off,1.0,0.48333333333333334,1.0
rolling,2018-07-17,20,1,candidate_risk_off,1.0,0.475,1.0
rolling,2018-07-18,20,1,candidate_risk_off,1.0,0.475,1.0
rolling,2018-07-19,20,1,candidate_risk_off,1.0,0.475,1.0
rolling,2018-07-20,20,1,candidate_risk_off,1.0,0.475,1.0
rolling,2018-07-23,20,1,candidate_risk_off,1.0,0.4666666666666667,1.0
rolling,2018-07-24,20,1,candidate_risk_off,1.0,0.4583333333333333,1.0
rolling,2018-07-25,20,1,candidate_risk_off,1.0,0.45,1.0
rolling,2018-07-26,20,1,candidate_risk_off,1.0,0.44166666666666665,1.0
rolling,2018-07-27,20,1,candidate_risk_off,1.0,0.43333333333333335,1.0
rolling,2018-07-30,20,1,candidate_risk_off,1.0,0.425,1.0
rolling,2018-07-31,20,1,candidate_risk_off,1.0,0.4166666666666667,1.0
rolling,2018-08-01,20,1,candidate_risk_off,1.0,0.4083333333333333,1.0
rolling,2018-08-02,20,1,candidate_risk_off,1.0,0.4083333333333333,1.0
rolling,2018-08-03,20,1,candidate_risk_off,1.0,0.4083333333333333,1.0
rolling,2018-08-06,20,1,candidate_risk_off,1.0,0.4083333333333333,1.0
rolling,2018-08-07,20,1,candidate_risk_off,1.0,0.4083333333333333,1.0
rolling,2018-08-08,20,1,candidate_risk_off,1.0,0.4083333333333333,1.0
rolling,2018-08-09,20,1,candidate_risk_off,1.0,0.4083333333333333,1.0
rolling,2018-08-10,20,1,candidate_risk_off,1.0,0.4083333333333333,1.0
rolling,2018-08-13,20,1,candidate_risk_off,1.0,0.4083333333333333,1.0
rolling,2018-08-14,20,1,candidate_risk_off,1.0,0.4083333333333333,1.0
rolling,2018-08-15,20,1,candidate_risk_off,1.0,0.4083333333333333,1.0
rolling,2018-08-16,20,1,candidate_risk_off,1.0,0.4083333333333333,1.0
rolling,2018-08-17,20,1,candidate_risk_off,1.0,0.4083333333333333,1.0
rolling,2018-08-20,20,1,candidate_risk_off,1.0,0.4083333333333333,1.0
rolling,2018-08-21,20,1,candidate_risk_off,1.0,0.4083333333333333,1.0
rolling,2018-08-22,20,1,candidate_risk_off,1.0,0.4083333333333333,1.0
rolling,2018-08-23,20,1,candidate_risk_off,1.0,0.4083333333333333,1.0
rolling,2018-08-24,20,1,candidate_risk_off,1.0,0.4083333333333333,1.0
rolling,2018-08-27,20,1,candidate_risk_off,1.0,0.4083333333333333,1.0
rolling,2018-08-28,20,1,candidate_risk_off,1.0,0.4083333333333333,1.0
rolling,2018-08-29,20,1,candidate_risk_off,1.0,0.4083333333333333,1.0
rolling,2018-08-30,20,1,candidate_risk_off,1.0,0.4083333333333333,1.0
rolling,2018-08-31,20,1,candidate_risk_off,1.0,0.4083333333333333,1.0
rolling,2018-09-04,20,1,candidate_risk_off,1.0,0.4083333333333333,1.0
rolling,2018-09-05,20,1,candidate_risk_off,1.0,0.4083333333333333,1.0
rolling,2018-09-06,20,1,candidate_risk_off,1.0,0.4083333333333333,1.0
rolling,2018-09-07,20,1,candidate_risk_off,1.0,0.4083333333333333,1.0
rolling,2018-09-10,20,1,candidate_risk_off,1.0,0.4083333333333333,1.0
rolling,2018-09-11,20,1,candidate_risk_off,1.0,0.4083333333333333,1.0
rolling,2018-09-12,20,1,candidate_risk_off,1.0,0.4,1.0
rolling,2018-09-13,20,1,candidate_risk_off,1.0,0.4083333333333333,1.0
rolling,2018-09-14,20,1,candidate_risk_off,1.0,0.4083333333333333,1.0
rolling,2018-09-17,20,1,candidate_risk_off,1.0,0.4083333333333333,1.0
rolling,2018-09-18,20,1,candidate_risk_off,1.0,0.4083333333333333,1.0
rolling,2018-09-19,20,1,candidate_risk_off,1.0,0.4083333333333333,1.0
rolling,2018-09-20,20,1,candidate_risk_off,1.0,0.4083333333333333,1.0
rolling,2018-09-21,20,1,candidate_risk_off,1.0,0.4083333333333333,1.0
rolling,2018-09-24,20,1,candidate_risk_off,1.0,0.4083333333333333,1.0
rolling,2018-09-25,20,1,candidate_risk_off,1.0,0.4083333333333333,1.0
rolling,2018-09-26,20,1,candidate_risk_off,1.0,0.4083333333333333,1.0
rolling,2018-09-27,20,1,candidate_risk_off,1.0,0.4083333333333333,1.0
rolling,2018-09-28,20,1,candidate_risk_off,1.0,0.4083333333333333,1.0
rolling,2018-10-01,20,1,candidate_risk_off,1.0,0.4083333333333333,1.0
rolling,2018-10-02,20,1,candidate_risk_off,1.0,0.4083333333333333,1.0
rolling,2018-10-03,20,1,candidate_risk_off,1.0,0.4083333333333333,1.0
rolling,2018-10-04,20,1,candidate_risk_off,1.0,0.4083333333333333,1.0
rolling,2018-10-05,20,1,candidate_risk_off,1.0,0.4083333333333333,1.0
rolling,2018-10-08,20,1,candidate_risk_off,1.0,0.4083333333333333,1.0
rolling,2018-10-09,20,1,candidate_risk_off,1.0,0.4083333333333333,1.0
rolling,2018-10-10,20,1,candidate_risk_off,1.0,0.4083333333333333,1.0
rolling,2018-10-11,20,1,candidate_risk_off,1.0,0.4,1.0
rolling,2018-10-12,20,1,candidate_risk_off,1.0,0.4,1.0
rolling,2018-10-15,20,1,candidate_risk_off,1.0,0.4,1.0
rolling,2018-10-16,20,1,candidate_risk_off,1.0,0.4,1.0
rolling,2018-10-17,20,1,candidate_risk_off,1.0,0.4,1.0
rolling,2018-10-18,20,1,candidate_risk_off,1.0,0.4,1.0
rolling,2018-10-19,20,1,candidate_risk_off,1.0,0.4,1.0
rolling,2018-10-22,20,1,candidate_risk_off,1.0,0.4083333333333333,1.0
rolling,2018-10-23,20,1,candidate_risk_off,1.0,0.4,1.0
rolling,2018-10-24,20,1,candidate_risk_off,1.0,0.39166666666666666,1.0
rolling,2018-10-25,20,1,candidate_risk_off,1.0,0.38333333333333336,1.0
rolling,2018-10-26,20,1,candidate_risk_off,1.0,0.38333333333333336,1.0
rolling,2018-10-29,20,1,candidate_risk_off,1.0,0.38333333333333336,1.0
rolling,2018-10-30,20,1,candidate_risk_off,1.0,0.375,1.0
rolling,2018-10-31,20,1,candidate_risk_off,1.0,0.36666666666666664,1.0
rolling,2018-11-01,20,1,candidate_risk_off,1.0,0.35833333333333334,1.0
rolling,2018-11-02,20,1,candidate_risk_off,1.0,0.35833333333333334,1.0
rolling,2018-11-05,20,1,candidate_risk_off,1.0,0.35833333333333334,1.0
rolling,2018-11-06,20,1,candidate_risk_off,1.0,0.35833333333333334,1.0
rolling,2018-11-07,20,1,candidate_risk_off,1.0,0.35833333333333334,1.0
rolling,2018-11-08,20,1,candidate_risk_off,1.0,0.35833333333333334,1.0
rolling,2018-11-09,20,1,candidate_risk_off,1.0,0.35833333333333334,1.0
rolling,2018-11-12,20,1,candidate_risk_off,1.0,0.35833333333333334,1.0
rolling,2018-11-13,20,1,candidate_risk_off,1.0,0.35833333333333334,1.0
rolling,2018-11-14,20,1,candidate_risk_off,1.0,0.35833333333333334,1.0
rolling,2018-11-15,20,1,candidate_risk_off,1.0,0.35833333333333334,1.0
rolling,2018-11-16,20,1,candidate_risk_off,1.0,0.35833333333333334,1.0
rolling,2018-11-19,20,1,candidate_risk_off,1.0,0.35833333333333334,1.0
rolling,2018-11-20,20,1,candidate_risk_off,1.0,0.35,1.0
rolling,2018-11-21,20,1,candidate_risk_off,1.0,0.3416666666666667,1.0
rolling,2018-11-22,20,1,candidate_risk_off,1.0,0.3333333333333333,1.0
rolling,2018-11-23,20,1,candidate_risk_off,1.0,0.325,1.0
rolling,2018-11-26,20,1,candidate_risk_off,1.0,0.31666666666666665,1.0
rolling,2018-11-27,20,1,candidate_risk_off,1.0,0.31666666666666665,1.0
rolling,2018-11-28,20,1,candidate_risk_off,1.0,0.31666666666666665,1.0
rolling,2018-11-29,20,1,candidate_risk_off,1.0,0.31666666666666665,1.0
rolling,2018-11-30,20,1,candidate_risk_off,1.0,0.31666666666666665,1.0
rolling,2018-12-03,20,1,candidate_risk_off,1.0,0.31666666666666665,1.0
rolling,2018-12-04,20,1,candidate_risk_off,1.0,0.31666666666666665,1.0
rolling,2018-12-05,20,1,candidate_risk_off,1.0,0.31666666666666665,1.0
rolling,2018-12-06,20,1,candidate_risk_off,1.0,0.325,1.0
rolling,2018-12-07,20,1,candidate_risk_off,1.0,0.3333333333333333,1.0
rolling,2018-12-10,20,1,candidate_risk_off,1.0,0.3333333333333333,1.0
rolling,2018-12-11,20,1,candidate_risk_off,1.0,0.3333333333333333,1.0
rolling,2018-12-12,20,1,candidate_risk_off,1.0,0.3333333333333333,1.0
rolling,2018-12-13,20,1,candidate_risk_off,1.0,0.3333333333333333,1.0
rolling,2018-12-14,20,1,candidate_risk_off,1.0,0.3416666666666667,1.0
rolling,2018-12-17,20,1,candidate_risk_off,1.0,0.35,1.0
rolling,2018-12-18,20,1,candidate_risk_off,1.0,0.35833333333333334,1.0
rolling,2018-12-19,20,1,candidate_risk_off,1.0,0.35833333333333334,1.0
rolling,2018-12-20,20,1,candidate_risk_off,1.0,0.35833333333333334,1.0
rolling,2018-12-21,20,1,candidate_risk_off,1.0,0.35833333333333334,1.0
rolling,2018-12-24,20,1,candidate_risk_off,1.0,0.35833333333333334,1.0
rolling,2018-12-25,20,1,candidate_risk_off,1.0,0.35833333333333334,1.0
rolling,2018-12-26,20,1,candidate_risk_off,1.0,0.35833333333333334,1.0
rolling,2018-12-27,20,1,candidate_risk_off,1.0,0.35833333333333334,1.0
rolling,2018-12-28,20,1,candidate_risk_off,1.0,0.35833333333333334,1.0
rolling,2019-01-02,20,1,candidate_risk_off,1.0,0.35833333333333334,1.0
rolling,2019-01-03,20,1,candidate_risk_off,1.0,0.35833333333333334,1.0
rolling,2019-01-04,20,1,candidate_risk_off,1.0,0.35833333333333334,1.0
rolling,2019-01-07,20,1,candidate_risk_off,1.0,0.35833333333333334,1.0
rolling,2019-01-08,20,1,candidate_risk_off,1.0,0.35833333333333334,1.0
rolling,2019-01-09,20,1,candidate_risk_off,1.0,0.35833333333333334,1.0
rolling,2019-01-10,20,1,candidate_risk_off,1.0,0.35833333333333334,1.0
rolling,2019-01-11,20,1,candidate_risk_off,1.0,0.35833333333333334,1.0
rolling,2019-01-14,20,1,candidate_risk_off,1.0,0.35833333333333334,1.0
rolling,2019-01-15,20,1,candidate_risk_off,1.0,0.35833333333333334,1.0
rolling,2019-01-16,20,1,candidate_risk_off,1.0,0.35833333333333334,1.0
rolling,2019-01-17,20,1,candidate_risk_off,1.0,0.35833333333333334,1.0
rolling,2019-01-18,20,1,candidate_risk_off,1.0,0.35833333333333334,1.0
rolling,2019-01-21,20,1,candidate_risk_off,1.0,0.35833333333333334,1.0
rolling,2019-01-22,20,1,candidate_risk_off,1.0,0.35833333333333334,1.0
rolling,2019-01-23,20,1,candidate_risk_off,1.0,0.35833333333333334,1.0
rolling,2019-01-24,20,1,candidate_risk_off,1.0,0.35833333333333334,1.0
rolling,2019-01-25,20,1,candidate_risk_off,1.0,0.35833333333333334,1.0
rolling,2019-01-28,20,1,candidate_risk_off,1.0,0.35833333333333334,1.0
rolling,2019-01-29,20,1,candidate_risk_off,1.0,0.35833333333333334,1.0
rolling,2019-01-30,20,1,candidate_risk_off,1.0,0.35833333333333334,1.0
rolling,2019-01-31,20,1,candidate_risk_off,1.0,0.35833333333333334,1.0
rolling,2019-02-01,20,1,candidate_risk_off,1.0,0.35833333333333334,1.0
rolling,2019-02-11,20,1,candidate_risk_off,1.0,0.35833333333333334,1.0
rolling,2019-02-12,20,1,candidate_risk_off,1.0,0.35833333333333334,1.0
rolling,2019-02-13,20,1,candidate_risk_off,1.0,0.35833333333333334,1.0
rolling,2019-02-14,20,1,candidate_risk_off,1.0,0.35833333333333334,1.0
rolling,2019-02-15,20,1,candidate_risk_off,1.0,0.35833333333333334,1.0
rolling,2019-02-18,20,1,candidate_risk_off,1.0,0.35833333333333334,1.0
rolling,2019-02-19,20,1,candidate_risk_off,1.0,0.35833333333333334,1.0
rolling,2019-02-20,20,1,candidate_risk_off,1.0,0.35833333333333334,1.0
rolling,2019-02-21,20,1,candidate_risk_off,1.0,0.35833333333333334,1.0
rolling,2019-02-22,20,1,candidate_risk_off,1.0,0.35833333333333334,1.0
rolling,2019-02-25,20,1,candidate_risk_off,1.0,0.36666666666666664,1.0
rolling,2019-02-26,20,1,candidate_risk_off,1.0,0.36666666666666664,1.0
rolling,2019-02-27,20,1,candidate_risk_off,1.0,0.36666666666666664,1.0
rolling,2019-02-28,20,1,candidate_risk_off,1.0,0.36666666666666664,1.0
rolling,2019-03-01,20,1,candidate_risk_off,1.0,0.36666666666666664,1.0
rolling,2019-03-04,20,1,candidate_risk_off,1.0,0.36666666666666664,1.0
rolling,2019-03-05,20,1,candidate_risk_off,1.0,0.36666666666666664,1.0
rolling,2019-03-06,20,1,candidate_risk_off,1.0,0.36666666666666664,1.0
rolling,2019-03-07,20,1,candidate_risk_off,1.0,0.36666666666666664,1.0
rolling,2019-03-08,20,1,candidate_risk_off,1.0,0.36666666666666664,1.0
rolling,2019-03-11,20,1,candidate_risk_off,1.0,0.35833333333333334,1.0
rolling,2019-05-10,20,2,multiclass_probability_sum,1.0,0.34210526315789475,0.9259259259259259
rolling,2019-05-13,20,2,multiclass_probability_sum,1.0,0.3333333333333333,0.9285714285714286
rolling,2019-05-14,20,2,multiclass_probability_sum,1.0,0.325,0.9310344827586207
rolling,2019-05-15,20,2,multiclass_probability_sum,1.0,0.34146341463414637,0.9310344827586207
rolling,2019-05-16,20,2,multiclass_probability_sum,1.0,0.35714285714285715,0.9310344827586207
rolling,2019-05-17,20,2,multiclass_probability_sum,1.0,0.37209302325581395,0.9310344827586207
rolling,2019-05-20,20,2,multiclass_probability_sum,0.9411764705882353,0.37209302325581395,0.9310344827586207
rolling,2019-05-21,20,2,multiclass_probability_sum,0.9444444444444444,0.38636363636363635,0.9310344827586207
rolling,2019-05-22,20,2,multiclass_probability_sum,0.9473684210526315,0.4,0.9310344827586207
rolling,2019-05-23,20,2,multiclass_probability_sum,0.95,0.41304347826086957,0.9310344827586207
rolling,2019-05-24,20,2,multiclass_probability_sum,0.95,0.40425531914893614,0.9333333333333333
rolling,2019-05-27,20,2,multiclass_probability_sum,0.95,0.3958333333333333,0.9354838709677419
rolling,2019-05-28,20,2,multiclass_probability_sum,0.95,0.3877551020408163,0.9375
rolling,2019-05-29,20,2,multiclass_probability_sum,0.95,0.38,0.9393939393939394
rolling,2019-05-30,20,2,multiclass_probability_sum,0.9523809523809523,0.39215686274509803,0.9393939393939394
rolling,2019-05-31,20,2,multiclass_probability_sum,0.9523809523809523,0.38461538461538464,0.9411764705882353
rolling,2019-06-03,20,2,multiclass_probability_sum,0.9523809523809523,0.37735849056603776,0.9428571428571428
rolling,2019-06-04,20,2,multiclass_probability_sum,0.9523809523809523,0.37037037037037035,0.9444444444444444
rolling,2019-06-05,20,2,multiclass_probability_sum,0.9523809523809523,0.36363636363636365,0.9459459459459459
rolling,2019-06-06,20,2,multiclass_probability_sum,0.9523809523809523,0.35714285714285715,0.9473684210526315
rolling,2019-06-07,20,2,multiclass_probability_sum,0.9523809523809523,0.3508771929824561,0.9487179487179487
rolling,2019-06-10,20,2,multiclass_probability_sum,0.9523809523809523,0.3448275862068966,0.95
rolling,2019-06-11,20,2,multiclass_probability_sum,0.9523809523809523,0.3389830508474576,0.9512195121951219
rolling,2019-06-12,20,2,multiclass_probability_sum,0.9523809523809523,0.3333333333333333,0.9523809523809523
rolling,2019-06-13,20,2,multiclass_probability_sum,0.9523809523809523,0.32786885245901637,0.9534883720930233
rolling,2019-06-14,20,2,multiclass_probability_sum,0.9523809523809523,0.3225806451612903,0.9545454545454546
rolling,2019-06-17,20,2,multiclass_probability_sum,0.9523809523809523,0.31746031746031744,0.9555555555555556
rolling,2019-06-18,20,2,multiclass_probability_sum,0.9523809523809523,0.3125,0.9565217391304348
rolling,2019-06-19,20,2,multiclass_probability_sum,0.9523809523809523,0.3076923076923077,0.9574468085106383
rolling,2019-06-20,20,2,multiclass_probability_sum,0.9523809523809523,0.30303030303030304,0.9583333333333334
rolling,2019-06-21,20,2,multiclass_probability_sum,0.9523809523809523,0.29850746268656714,0.9591836734693877
rolling,2019-06-24,20,2,multiclass_probability_sum,0.9523809523809523,0.29411764705882354,0.96
rolling,2019-06-25,20,2,multiclass_probability_sum,0.9523809523809523,0.2898550724637681,0.9607843137254902
rolling,2019-06-26,20,2,multiclass_probability_sum,0.9523809523809523,0.2857142857142857,0.9615384615384616
rolling,2019-06-27,20,2,multiclass_probability_sum,0.9523809523809523,0.28169014084507044,0.9622641509433962
rolling,2019-06-28,20,2,multiclass_probability_sum,0.9523809523809523,0.2777777777777778,0.9629629629629629
rolling,2019-07-01,20,2,multiclass_probability_sum,0.9523809523809523,0.2777777777777778,0.9454545454545454
rolling,2019-07-02,20,2,multiclass_probability_sum,0.9523809523809523,0.273972602739726,0.9464285714285714
rolling,2019-07-03,20,2,multiclass_probability_sum,0.9523809523809523,0.2702702702702703,0.9473684210526315
rolling,2019-07-04,20,2,multiclass_probability_sum,0.9523809523809523,0.26666666666666666,0.9482758620689655
rolling,2019-07-05,20,2,multiclass_probability_sum,0.9523809523809523,0.26666666666666666,0.9322033898305084
rolling,2019-07-08,20,2,multiclass_probability_sum,0.9523809523809523,0.2631578947368421,0.9333333333333333
rolling,2019-07-09,20,2,multiclass_probability_sum,0.9523809523809523,0.2597402597402597,0.9344262295081968
rolling,2019-07-10,20,2,multiclass_probability_sum,0.9523809523809523,0.2564102564102564,0.9354838709677419
rolling,2019-07-11,20,2,multiclass_probability_sum,0.9523809523809523,0.25316455696202533,0.9365079365079365
rolling,2019-07-12,20,2,multiclass_probability_sum,0.9523809523809523,0.25,0.9375
rolling,2019-07-15,20,2,multiclass_probability_sum,0.9523809523809523,0.24691358024691357,0.9384615384615385
rolling,2019-07-16,20,2,multiclass_probability_sum,0.9523809523809523,0.24390243902439024,0.9393939393939394
rolling,2019-07-17,20,2,multiclass_probability_sum,0.9523809523809523,0.24096385542168675,0.9402985074626866
rolling,2019-07-18,20,2,multiclass_probability_sum,0.9523809523809523,0.23809523809523808,0.9411764705882353
rolling,2019-07-19,20,2,multiclass_probability_sum,0.9523809523809523,0.23529411764705882,0.9420289855072463
rolling,2019-07-22,20,2,multiclass_probability_sum,0.9523809523809523,0.23255813953488372,0.9428571428571428
rolling,2019-07-23,20,2,multiclass_probability_sum,0.9523809523809523,0.22988505747126436,0.9436619718309859
rolling,2019-07-24,20,2,multiclass_probability_sum,0.9523809523809523,0.22727272727272727,0.9444444444444444
rolling,2019-07-25,20,2,multiclass_probability_sum,0.9523809523809523,0.2247191011235955,0.9452054794520548
rolling,2019-07-26,20,2,multiclass_probability_sum,0.9523809523809523,0.2222222222222222,0.9459459459459459
rolling,2019-07-29,20,2,multiclass_probability_sum,0.9090909090909091,0.2222222222222222,0.9459459459459459
rolling,2019-07-30,20,2,multiclass_probability_sum,0.9090909090909091,0.21978021978021978,0.9466666666666667
rolling,2019-07-31,20,2,multiclass_probability_sum,0.9090909090909091,0.21739130434782608,0.9473684210526315
rolling,2019-08-01,20,2,multiclass_probability_sum,0.8695652173913043,0.21739130434782608,0.9473684210526315
rolling,2019-08-02,20,2,multiclass_probability_sum,0.8695652173913043,0.21505376344086022,0.948051948051948
rolling,2019-08-05,20,2,multiclass_probability_sum,0.8695652173913043,0.2127659574468085,0.9487179487179487
rolling,2019-08-06,20,2,multiclass_probability_sum,0.8695652173913043,0.21052631578947367,0.9493670886075949
rolling,2019-08-07,20,2,multiclass_probability_sum,0.8695652173913043,0.20833333333333334,0.95
rolling,2019-08-08,20,2,multiclass_probability_sum,0.8695652173913043,0.20618556701030927,0.9506172839506173
rolling,2019-08-09,20,2,multiclass_probability_sum,0.8695652173913043,0.20408163265306123,0.9512195121951219
rolling,2019-08-12,20,2,multiclass_probability_sum,0.8695652173913043,0.20202020202020202,0.9518072289156626
rolling,2019-08-13,20,2,multiclass_probability_sum,0.8695652173913043,0.2,0.9523809523809523
rolling,2019-08-14,20,2,multiclass_probability_sum,0.8695652173913043,0.19801980198019803,0.9529411764705882
rolling,2019-08-15,20,2,multiclass_probability_sum,0.8695652173913043,0.19607843137254902,0.9534883720930233
rolling,2019-08-16,20,2,multiclass_probability_sum,0.8695652173913043,0.1941747572815534,0.9540229885057471
rolling,2019-08-19,20,2,multiclass_probability_sum,0.8695652173913043,0.1941747572815534,0.9431818181818182
rolling,2019-08-20,20,2,multiclass_probability_sum,0.8695652173913043,0.1941747572815534,0.9325842696629213
rolling,2019-08-21,20,2,multiclass_probability_sum,0.8695652173913043,0.1941747572815534,0.9222222222222223
rolling,2019-08-22,20,2,multiclass_probability_sum,0.8695652173913043,0.1941747572815534,0.9120879120879121
rolling,2019-08-23,20,2,multiclass_probability_sum,0.8695652173913043,0.19230769230769232,0.9130434782608695
rolling,2019-08-26,20,2,multiclass_probability_sum,0.8695652173913043,0.19047619047619047,0.9139784946236559
rolling,2019-08-27,20,2,multiclass_probability_sum,0.8695652173913043,0.18867924528301888,0.9148936170212766
rolling,2019-08-28,20,2,multiclass_probability_sum,0.8695652173913043,0.18691588785046728,0.9157894736842105
rolling,2019-08-29,20,2,multiclass_probability_sum,0.8695652173913043,0.18518518518518517,0.9166666666666666
rolling,2019-08-30,20,2,multiclass_probability_sum,0.8695652173913043,0.1834862385321101,0.9175257731958762
rolling,2019-09-03,20,2,multiclass_probability_sum,0.8695652173913043,0.18181818181818182,0.9278350515463918
rolling,2019-09-04,20,2,multiclass_probability_sum,0.8636363636363636,0.17272727272727273,0.9285714285714286
rolling,2019-09-05,20,2,multiclass_probability_sum,0.8571428571428571,0.16363636363636364,0.9292929292929293
rolling,2019-09-06,20,2,multiclass_probability_sum,0.85,0.15454545454545454,0.93
rolling,2019-09-09,20,2,multiclass_probability_sum,0.8421052631578947,0.14545454545454545,0.9306930693069307
rolling,2019-09-10,20,2,multiclass_probability_sum,0.8333333333333334,0.13636363636363635,0.9313725490196079
rolling,2019-09-11,20,2,multiclass_probability_sum,0.8235294117647058,0.12727272727272726,0.9320388349514563
rolling,2019-09-12,20,2,multiclass_probability_sum,0.8235294117647058,0.12727272727272726,0.9320388349514563
rolling,2019-09-13,20,2,multiclass_probability_sum,0.8125,0.11818181818181818,0.9326923076923077
rolling,2019-09-16,20,2,multiclass_probability_sum,0.8125,0.11818181818181818,0.9326923076923077
rolling,2019-09-17,20,2,multiclass_probability_sum,0.8125,0.11926605504587157,0.9230769230769231
rolling,2019-09-18,20,2,multiclass_probability_sum,0.8125,0.12037037037037036,0.9134615384615384
rolling,2019-09-19,20,2,multiclass_probability_sum,0.8125,0.12149532710280374,0.9038461538461539
rolling,2019-09-20,20,2,multiclass_probability_sum,0.8125,0.12149532710280374,0.9038461538461539
rolling,2019-09-23,20,2,multiclass_probability_sum,0.8125,0.12037037037037036,0.9134615384615384
rolling,2019-09-24,20,2,multiclass_probability_sum,0.8,0.1111111111111111,0.9142857142857143
rolling,2019-09-25,20,2,multiclass_probability_sum,0.7857142857142857,0.102803738317757,0.9056603773584906
rolling,2019-09-26,20,2,multiclass_probability_sum,0.7692307692307693,0.09433962264150944,0.897196261682243
rolling,2019-09-27,20,2,multiclass_probability_sum,0.75,0.08571428571428572,0.8888888888888888
rolling,2019-09-30,20,2,multiclass_probability_sum,0.7272727272727273,0.0761904761904762,0.8899082568807339
rolling,2019-10-01,20,2,multiclass_probability_sum,0.7,0.0673076923076923,0.8818181818181818
rolling,2019-10-02,20,2,multiclass_probability_sum,0.7,0.0673076923076923,0.8818181818181818
rolling,2019-10-03,20,2,multiclass_probability_sum,0.7,0.0673076923076923,0.8818181818181818
rolling,2019-10-04,20,2,multiclass_probability_sum,0.7,0.0673076923076923,0.8818181818181818
rolling,2019-10-07,20,2,multiclass_probability_sum,0.7,0.0673076923076923,0.8818181818181818
rolling,2019-10-08,20,2,multiclass_probability_sum,0.7,0.0673076923076923,0.8818181818181818
rolling,2019-10-09,20,2,multiclass_probability_sum,0.7,0.0673076923076923,0.8818181818181818
rolling,2019-10-10,20,2,multiclass_probability_sum,0.7,0.0673076923076923,0.8818181818181818
rolling,2019-10-11,20,2,multiclass_probability_sum,0.7,0.06796116504854369,0.8727272727272727
rolling,2019-10-14,20,2,multiclass_probability_sum,0.7,0.06862745098039216,0.8636363636363636
rolling,2019-10-15,20,2,multiclass_probability_sum,0.7,0.06930693069306931,0.8545454545454545
rolling,2019-10-16,20,2,multiclass_probability_sum,0.7,0.07,0.8454545454545455
rolling,2019-10-17,20,2,multiclass_probability_sum,0.7,0.07,0.8454545454545455
rolling,2019-10-18,20,2,multiclass_probability_sum,0.7,0.0707070707070707,0.8363636363636363
rolling,2019-10-21,20,2,multiclass_probability_sum,0.7,0.0707070707070707,0.8363636363636363
rolling,2019-10-22,20,2,multiclass_probability_sum,0.7,0.07142857142857142,0.8272727272727273
rolling,2019-10-23,20,2,multiclass_probability_sum,0.7,0.07216494845360824,0.8181818181818182
rolling,2019-10-24,20,2,multiclass_probability_sum,0.7,0.07291666666666667,0.8090909090909091
rolling,2019-10-25,20,2,multiclass_probability_sum,0.6363636363636364,0.07368421052631578,0.8073394495412844
rolling,2019-10-28,20,2,multiclass_probability_sum,0.5833333333333334,0.07446808510638298,0.8055555555555556
rolling,2019-10-29,20,2,multiclass_probability_sum,0.5384615384615384,0.07526881720430108,0.8037383177570093
rolling,2019-10-30,20,2,multiclass_probability_sum,0.5,0.07608695652173914,0.8018867924528302
rolling,2019-10-31,20,2,multiclass_probability_sum,0.42857142857142855,0.06593406593406594,0.8018867924528302
rolling,2019-11-01,20,2,multiclass_probability_sum,0.35714285714285715,0.05555555555555555,0.8018867924528302
rolling,2019-11-04,20,2,multiclass_probability_sum,0.2857142857142857,0.0449438202247191,0.8018867924528302
rolling,2019-11-05,20,2,multiclass_probability_sum,0.2857142857142857,0.0449438202247191,0.8018867924528302
rolling,2019-11-06,20,2,multiclass_probability_sum,0.2857142857142857,0.0449438202247191,0.8018867924528302
rolling,2019-11-07,20,2,multiclass_probability_sum,0.21428571428571427,0.03409090909090909,0.8018867924528302
rolling,2019-11-08,20,2,multiclass_probability_sum,0.14285714285714285,0.022988505747126436,0.8018867924528302
rolling,2019-11-11,20,2,multiclass_probability_sum,0.2,0.034482758620689655,0.8
rolling,2019-11-12,20,2,multiclass_probability_sum,0.25,0.04597701149425287,0.7980769230769231
rolling,2019-11-13,20,2,multiclass_probability_sum,0.29411764705882354,0.05747126436781609,0.7961165048543689
rolling,2019-11-14,20,2,multiclass_probability_sum,0.3333333333333333,0.06896551724137931,0.7941176470588235
rolling,2019-11-15,20,2,multiclass_probability_sum,0.3333333333333333,0.06896551724137931,0.7941176470588235
rolling,2019-11-18,20,2,multiclass_probability_sum,0.3684210526315789,0.08045977011494253,0.7920792079207921
rolling,2019-11-19,20,2,multiclass_probability_sum,0.4,0.09195402298850575,0.79
rolling,2019-11-20,20,2,multiclass_probability_sum,0.42857142857142855,0.10344827586206896,0.7878787878787878
rolling,2019-11-21,20,2,multiclass_probability_sum,0.45454545454545453,0.11494252873563218,0.7857142857142857
rolling,2019-11-22,20,2,multiclass_probability_sum,0.4782608695652174,0.12643678160919541,0.7835051546391752
rolling,2019-11-25,20,2,multiclass_probability_sum,0.5,0.13793103448275862,0.78125
rolling,2019-11-26,20,2,multiclass_probability_sum,0.52,0.14942528735632185,0.7789473684210526
rolling,2019-11-27,20,2,multiclass_probability_sum,0.5384615384615384,0.16091954022988506,0.776595744680851
rolling,2019-11-28,20,2,multiclass_probability_sum,0.5384615384615384,0.16091954022988506,0.776595744680851
rolling,2019-11-29,20,2,multiclass_probability_sum,0.5384615384615384,0.16091954022988506,0.776595744680851
rolling,2019-12-02,20,2,multiclass_probability_sum,0.5384615384615384,0.16091954022988506,0.776595744680851
rolling,2019-12-03,20,2,multiclass_probability_sum,0.5384615384615384,0.16091954022988506,0.776595744680851
rolling,2019-12-04,20,2,multiclass_probability_sum,0.5384615384615384,0.16091954022988506,0.776595744680851
rolling,2019-12-05,20,2,multiclass_probability_sum,0.5384615384615384,0.16091954022988506,0.776595744680851
rolling,2019-12-06,20,2,multiclass_probability_sum,0.5384615384615384,0.16091954022988506,0.776595744680851
rolling,2019-12-09,20,2,multiclass_probability_sum,0.5384615384615384,0.16091954022988506,0.776595744680851
rolling,2019-12-10,20,2,multiclass_probability_sum,0.5384615384615384,0.16091954022988506,0.776595744680851
rolling,2019-12-11,20,2,multiclass_probability_sum,0.5384615384615384,0.16091954022988506,0.776595744680851
rolling,2019-12-12,20,2,multiclass_probability_sum,0.5384615384615384,0.16091954022988506,0.776595744680851
rolling,2019-12-13,20,2,multiclass_probability_sum,0.5384615384615384,0.16091954022988506,0.776595744680851
rolling,2019-12-16,20,2,multiclass_probability_sum,0.5384615384615384,0.16091954022988506,0.776595744680851
rolling,2019-12-17,20,2,multiclass_probability_sum,0.5384615384615384,0.1590909090909091,0.7872340425531915
rolling,2019-12-18,20,2,multiclass_probability_sum,0.5384615384615384,0.1590909090909091,0.7872340425531915
rolling,2019-12-19,20,2,multiclass_probability_sum,0.5384615384615384,0.1590909090909091,0.7872340425531915
rolling,2019-12-20,20,2,multiclass_probability_sum,0.5384615384615384,0.1590909090909091,0.7872340425531915
rolling,2019-12-23,20,2,multiclass_probability_sum,0.5384615384615384,0.15730337078651685,0.7978723404255319
rolling,2019-12-24,20,2,multiclass_probability_sum,0.5384615384615384,0.15730337078651685,0.7978723404255319
rolling,2019-12-25,20,2,multiclass_probability_sum,0.5384615384615384,0.15730337078651685,0.7978723404255319
rolling,2019-12-26,20,2,multiclass_probability_sum,0.5555555555555556,0.16853932584269662,0.7956989247311828
rolling,2019-12-27,20,2,multiclass_probability_sum,0.5357142857142857,0.17045454545454544,0.7934782608695652
rolling,2019-12-30,20,2,multiclass_probability_sum,0.5172413793103449,0.1724137931034483,0.7912087912087912
rolling,2019-12-31,20,2,multiclass_probability_sum,0.5,0.1744186046511628,0.7888888888888889
rolling,2020-01-02,20,2,multiclass_probability_sum,0.4838709677419355,0.17647058823529413,0.7865168539325843
rolling,2020-01-03,20,2,multiclass_probability_sum,0.46875,0.17857142857142858,0.7840909090909091
rolling,2020-01-06,20,2,multiclass_probability_sum,0.48484848484848486,0.19047619047619047,0.7816091954022989
rolling,2020-01-07,20,2,multiclass_probability_sum,0.47058823529411764,0.1927710843373494,0.7790697674418605
rolling,2020-01-08,20,2,multiclass_probability_sum,0.47058823529411764,0.1927710843373494,0.7790697674418605
rolling,2020-01-09,20,2,multiclass_probability_sum,0.4857142857142857,0.20481927710843373,0.7764705882352941
rolling,2020-01-10,20,2,multiclass_probability_sum,0.4722222222222222,0.2073170731707317,0.7738095238095238
rolling,2020-01-13,20,2,multiclass_probability_sum,0.4594594594594595,0.20987654320987653,0.7710843373493976
rolling,2020-01-14,20,2,multiclass_probability_sum,0.4473684210526316,0.2125,0.7682926829268293
rolling,2020-01-15,20,2,multiclass_probability_sum,0.4473684210526316,0.2125,0.7682926829268293
rolling,2020-01-16,20,2,multiclass_probability_sum,0.4358974358974359,0.21518987341772153,0.7654320987654321
rolling,2020-01-17,20,2,multiclass_probability_sum,0.425,0.21794871794871795,0.7625
rolling,2020-01-20,20,2,multiclass_probability_sum,0.425,0.21794871794871795,0.7625
rolling,2020-01-21,20,2,multiclass_probability_sum,0.4146341463414634,0.22077922077922077,0.759493670886076
rolling,2020-01-22,20,2,multiclass_probability_sum,0.40476190476190477,0.2236842105263158,0.7564102564102564
rolling,2020-01-30,20,2,multiclass_probability_sum,0.3953488372093023,0.22666666666666666,0.7532467532467533
rolling,2020-01-31,20,2,multiclass_probability_sum,0.4090909090909091,0.24,0.75
rolling,2020-02-03,20,2,multiclass_probability_sum,0.4,0.24324324324324326,0.7466666666666667
rolling,2020-02-04,20,2,multiclass_probability_sum,0.391304347826087,0.2465753424657534,0.7432432432432432
rolling,2020-02-05,20,2,multiclass_probability_sum,0.3829787234042553,0.25,0.7397260273972602
rolling,2020-02-06,20,2,multiclass_probability_sum,0.375,0.2535211267605634,0.7361111111111112
rolling,2020-02-07,20,2,multiclass_probability_sum,0.3673469387755102,0.2571428571428571,0.7323943661971831
rolling,2020-02-10,20,2,multiclass_probability_sum,0.36,0.2608695652173913,0.7285714285714285
rolling,2020-02-11,20,2,multiclass_probability_sum,0.35294117647058826,0.2647058823529412,0.7246376811594203
rolling,2020-02-12,20,2,multiclass_probability_sum,0.34615384615384615,0.2647058823529412,0.7352941176470589
rolling,2020-02-13,20,2,multiclass_probability_sum,0.33962264150943394,0.2647058823529412,0.746268656716418
rolling,2020-02-14,20,2,multiclass_probability_sum,0.3333333333333333,0.2647058823529412,0.7575757575757576
rolling,2020-02-17,20,2,multiclass_probability_sum,0.32727272727272727,0.2647058823529412,0.7692307692307693
rolling,2020-02-18,20,2,multiclass_probability_sum,0.3392857142857143,0.27941176470588236,0.765625
rolling,2020-02-19,20,2,multiclass_probability_sum,0.3333333333333333,0.2835820895522388,0.7619047619047619
rolling,2020-02-20,20,2,multiclass_probability_sum,0.3275862068965517,0.2878787878787879,0.7580645161290323
rolling,2020-02-21,20,2,multiclass_probability_sum,0.3389830508474576,0.30303030303030304,0.7540983606557377
rolling,2020-02-24,20,2,multiclass_probability_sum,0.3333333333333333,0.3076923076923077,0.75
rolling,2020-02-25,20,2,multiclass_probability_sum,0.32786885245901637,0.3125,0.7457627118644068
rolling,2020-02-26,20,2,multiclass_probability_sum,0.3225806451612903,0.31746031746031744,0.7413793103448276
rolling,2020-02-27,20,2,multiclass_probability_sum,0.31746031746031744,0.3225806451612903,0.7368421052631579
rolling,2020-02-28,20,2,multiclass_probability_sum,0.3125,0.32786885245901637,0.7321428571428571
rolling,2020-03-02,20,2,multiclass_probability_sum,0.3076923076923077,0.3333333333333333,0.7272727272727273
rolling,2020-03-03,20,2,multiclass_probability_sum,0.30303030303030304,0.3389830508474576,0.7222222222222222
rolling,2020-03-04,20,2,multiclass_probability_sum,0.29850746268656714,0.3448275862068966,0.7169811320754716
rolling,2020-03-05,20,2,multiclass_probability_sum,0.29411764705882354,0.3508771929824561,0.7115384615384616
rolling,2020-03-06,20,2,multiclass_probability_sum,0.2898550724637681,0.35714285714285715,0.7058823529411765
rolling,2020-03-09,20,2,multiclass_probability_sum,0.2857142857142857,0.36363636363636365,0.7
rolling,2020-03-10,20,2,multiclass_probability_sum,0.28169014084507044,0.37037037037037035,0.6938775510204082
rolling,2020-03-11,20,2,multiclass_probability_sum,0.2777777777777778,0.37037037037037035,0.7083333333333334
rolling,2020-03-12,20,2,multiclass_probability_sum,0.273972602739726,0.37037037037037035,0.723404255319149
rolling,2020-03-13,20,2,multiclass_probability_sum,0.2702702702702703,0.37037037037037035,0.7391304347826086
rolling,2020-03-16,20,2,multiclass_probability_sum,0.26666666666666666,0.37735849056603776,0.7333333333333333
rolling,2020-03-17,20,2,multiclass_probability_sum,0.2631578947368421,0.38461538461538464,0.7272727272727273
rolling,2020-03-18,20,2,multiclass_probability_sum,0.2597402597402597,0.39215686274509803,0.7209302325581395
rolling,2020-03-19,20,2,multiclass_probability_sum,0.2597402597402597,0.39215686274509803,0.7209302325581395
rolling,2020-03-20,20,2,multiclass_probability_sum,0.2597402597402597,0.39215686274509803,0.7209302325581395
rolling,2020-03-23,20,2,multiclass_probability_sum,0.2597402597402597,0.39215686274509803,0.7209302325581395
rolling,2020-03-24,20,2,multiclass_probability_sum,0.2597402597402597,0.4,0.6976744186046512
rolling,2020-03-25,20,2,multiclass_probability_sum,0.2597402597402597,0.4,0.6976744186046512
rolling,2020-03-26,20,2,multiclass_probability_sum,0.2597402597402597,0.40816326530612246,0.6744186046511628
rolling,2020-03-27,20,2,multiclass_probability_sum,0.2597402597402597,0.4166666666666667,0.6511627906976745
rolling,2020-03-30,20,2,multiclass_probability_sum,0.2597402597402597,0.425531914893617,0.627906976744186
rolling,2020-03-31,20,2,multiclass_probability_sum,0.2597402597402597,0.43478260869565216,0.6046511627906976
rolling,2020-04-01,20,2,multiclass_probability_sum,0.2597402597402597,0.4444444444444444,0.5813953488372093
rolling,2020-04-03,20,2,multiclass_probability_sum,0.2597402597402597,0.45454545454545453,0.5581395348837209
rolling,2020-04-06,20,2,multiclass_probability_sum,0.2597402597402597,0.45454545454545453,0.5581395348837209
rolling,2020-04-07,20,2,multiclass_probability_sum,0.2597402597402597,0.45454545454545453,0.5581395348837209
rolling,2020-04-08,20,2,multiclass_probability_sum,0.2597402597402597,0.45454545454545453,0.5581395348837209
rolling,2020-04-09,20,2,multiclass_probability_sum,0.2597402597402597,0.45454545454545453,0.5581395348837209
rolling,2020-04-10,20,2,multiclass_probability_sum,0.2597402597402597,0.45454545454545453,0.5581395348837209
rolling,2020-04-13,20,2,multiclass_probability_sum,0.2597402597402597,0.46511627906976744,0.5348837209302325
rolling,2020-04-14,20,2,multiclass_probability_sum,0.2597402597402597,0.46511627906976744,0.5348837209302325
rolling,2020-04-15,20,2,multiclass_probability_sum,0.2597402597402597,0.47619047619047616,0.5116279069767442
rolling,2020-04-16,20,2,multiclass_probability_sum,0.2597402597402597,0.47619047619047616,0.5116279069767442
rolling,2020-04-17,20,2,multiclass_probability_sum,0.2597402597402597,0.47619047619047616,0.5116279069767442
rolling,2020-04-20,20,2,multiclass_probability_sum,0.2597402597402597,0.47619047619047616,0.5116279069767442
rolling,2020-04-21,20,2,multiclass_probability_sum,0.2631578947368421,0.47619047619047616,0.5
rolling,2020-04-22,20,2,multiclass_probability_sum,0.26666666666666666,0.47619047619047616,0.4888888888888889
rolling,2020-04-23,20,2,multiclass_probability_sum,0.2702702702702703,0.47619047619047616,0.4782608695652174
rolling,2020-04-24,20,2,multiclass_probability_sum,0.273972602739726,0.47619047619047616,0.46808510638297873
rolling,2020-04-27,20,2,multiclass_probability_sum,0.2777777777777778,0.47619047619047616,0.4583333333333333
rolling,2020-04-28,20,2,multiclass_probability_sum,0.28169014084507044,0.47619047619047616,0.4489795918367347
rolling,2020-04-29,20,2,multiclass_probability_sum,0.2857142857142857,0.47619047619047616,0.44
rolling,2020-05-04,20,2,multiclass_probability_sum,0.2898550724637681,0.46511627906976744,0.45098039215686275
rolling,2020-05-05,20,2,multiclass_probability_sum,0.27941176470588236,0.4523809523809524,0.4423076923076923
rolling,2020-05-06,20,2,multiclass_probability_sum,0.2835820895522388,0.4523809523809524,0.4339622641509434
rolling,2020-05-07,20,2,multiclass_probability_sum,0.2878787878787879,0.4523809523809524,0.42592592592592593
rolling,2020-05-08,20,2,multiclass_probability_sum,0.27692307692307694,0.43902439024390244,0.41818181818181815
rolling,2020-05-11,20,2,multiclass_probability_sum,0.265625,0.425,0.4107142857142857
rolling,2020-05-12,20,2,multiclass_probability_sum,0.25396825396825395,0.41025641025641024,0.40350877192982454
rolling,2020-05-13,20,2,multiclass_probability_sum,0.24193548387096775,0.39473684210526316,0.39655172413793105
rolling,2020-05-14,20,2,multiclass_probability_sum,0.22950819672131148,0.3783783783783784,0.3898305084745763
rolling,2020-05-15,20,2,multiclass_probability_sum,0.21666666666666667,0.3611111111111111,0.38333333333333336
rolling,2020-05-18,20,2,multiclass_probability_sum,0.2033898305084746,0.34285714285714286,0.3770491803278688
rolling,2020-05-19,20,2,multiclass_probability_sum,0.1896551724137931,0.3235294117647059,0.3709677419354839
rolling,2020-05-20,20,2,multiclass_probability_sum,0.17543859649122806,0.30303030303030304,0.36507936507936506
rolling,2020-05-21,20,2,multiclass_probability_sum,0.16071428571428573,0.28125,0.359375
rolling,2020-05-22,20,2,multiclass_probability_sum,0.14545454545454545,0.25806451612903225,0.35384615384615387
rolling,2020-05-25,20,2,multiclass_probability_sum,0.12962962962962962,0.23333333333333334,0.3484848484848485
rolling,2020-05-26,20,2,multiclass_probability_sum,0.11320754716981132,0.20689655172413793,0.34328358208955223
rolling,2020-05-27,20,2,multiclass_probability_sum,0.11320754716981132,0.20689655172413793,0.34328358208955223
rolling,2020-05-28,20,2,multiclass_probability_sum,0.11320754716981132,0.21428571428571427,0.3283582089552239
rolling,2020-05-29,20,2,multiclass_probability_sum,0.11320754716981132,0.2222222222222222,0.31343283582089554
rolling,2020-06-01,20,2,multiclass_probability_sum,0.1111111111111111,0.23076923076923078,0.30303030303030304
rolling,2020-06-02,20,2,multiclass_probability_sum,0.10909090909090909,0.24,0.2923076923076923
rolling,2020-06-03,20,2,multiclass_probability_sum,0.10714285714285714,0.25,0.28125
rolling,2020-06-04,20,2,multiclass_probability_sum,0.12280701754385964,0.2916666666666667,0.2698412698412698
rolling,2020-06-05,20,2,multiclass_probability_sum,0.1206896551724138,0.30434782608695654,0.25806451612903225
rolling,2020-06-08,20,2,multiclass_probability_sum,0.13559322033898305,0.34782608695652173,0.2459016393442623
rolling,2020-06-09,20,2,multiclass_probability_sum,0.15,0.391304347826087,0.23333333333333334
rolling,2020-06-10,20,2,multiclass_probability_sum,0.14754098360655737,0.4090909090909091,0.22033898305084745
rolling,2020-06-11,20,2,multiclass_probability_sum,0.14754098360655737,0.4090909090909091,0.22033898305084745
rolling,2020-06-12,20,2,multiclass_probability_sum,0.14754098360655737,0.4090909090909091,0.22033898305084745
rolling,2020-06-15,20,2,multiclass_probability_sum,0.14754098360655737,0.4090909090909091,0.22033898305084745
rolling,2020-06-16,20,2,multiclass_probability_sum,0.14754098360655737,0.42857142857142855,0.2033898305084746
rolling,2020-06-17,20,2,multiclass_probability_sum,0.14754098360655737,0.45,0.1864406779661017
rolling,2020-06-18,20,2,multiclass_probability_sum,0.14754098360655737,0.47368421052631576,0.1694915254237288
rolling,2020-06-19,20,2,multiclass_probability_sum,0.14754098360655737,0.5,0.15254237288135594
rolling,2020-06-22,20,2,multiclass_probability_sum,0.14754098360655737,0.5294117647058824,0.13559322033898305
rolling,2020-06-23,20,2,multiclass_probability_sum,0.14754098360655737,0.5625,0.11864406779661017
rolling,2020-06-24,20,2,multiclass_probability_sum,0.13333333333333333,0.5333333333333333,0.11666666666666667
rolling,2020-06-25,20,2,multiclass_probability_sum,0.13559322033898305,0.5333333333333333,0.11475409836065574
rolling,2020-06-26,20,2,multiclass_probability_sum,0.13793103448275862,0.5333333333333333,0.11290322580645161
rolling,2020-06-29,20,2,multiclass_probability_sum,0.13793103448275862,0.5333333333333333,0.11290322580645161
rolling,2020-06-30,20,2,multiclass_probability_sum,0.14035087719298245,0.5333333333333333,0.1111111111111111
rolling,2020-07-01,20,2,multiclass_probability_sum,0.14035087719298245,0.5333333333333333,0.1111111111111111
rolling,2020-07-02,20,2,multiclass_probability_sum,0.12280701754385964,0.5,0.1111111111111111
rolling,2020-07-03,20,2,multiclass_probability_sum,0.12280701754385964,0.5,0.1111111111111111
rolling,2020-07-06,20,2,multiclass_probability_sum,0.1206896551724138,0.5384615384615384,0.0967741935483871
rolling,2020-07-07,20,2,multiclass_probability_sum,0.10344827586206896,0.5,0.0967741935483871
rolling,2020-07-08,20,2,multiclass_probability_sum,0.10526315789473684,0.5,0.09523809523809523
rolling,2020-07-09,20,2,multiclass_probability_sum,0.10526315789473684,0.5,0.09523809523809523
rolling,2020-07-10,20,2,multiclass_probability_sum,0.10526315789473684,0.5,0.09523809523809523
rolling,2020-07-13,20,2,multiclass_probability_sum,0.12280701754385964,0.5384615384615384,0.09523809523809523
rolling,2020-07-14,20,2,multiclass_probability_sum,0.14035087719298245,0.5714285714285714,0.09523809523809523
rolling,2020-07-15,20,2,multiclass_probability_sum,0.15789473684210525,0.6,0.09523809523809523
rolling,2020-07-16,20,2,multiclass_probability_sum,0.17543859649122806,0.625,0.09523809523809523
rolling,2020-07-17,20,2,multiclass_probability_sum,0.19298245614035087,0.6470588235294118,0.09523809523809523
rolling,2020-07-20,20,2,multiclass_probability_sum,0.21052631578947367,0.6666666666666666,0.09523809523809523
rolling,2020-07-21,20,2,multiclass_probability_sum,0.22807017543859648,0.6842105263157895,0.09523809523809523
rolling,2020-07-22,20,2,multiclass_probability_sum,0.22807017543859648,0.6842105263157895,0.09523809523809523
rolling,2020-07-23,20,2,multiclass_probability_sum,0.24561403508771928,0.7,0.09523809523809523
rolling,2020-07-24,20,2,multiclass_probability_sum,0.25,0.6666666666666666,0.109375
rolling,2020-07-27,20,2,multiclass_probability_sum,0.2545454545454545,0.6363636363636364,0.12307692307692308
rolling,2020-07-28,20,2,multiclass_probability_sum,0.25925925925925924,0.6086956521739131,0.13636363636363635
rolling,2020-07-29,20,2,multiclass_probability_sum,0.2641509433962264,0.5833333333333334,0.14925373134328357
rolling,2020-07-30,20,2,multiclass_probability_sum,0.2692307692307692,0.56,0.16176470588235295
rolling,2020-07-31,20,2,multiclass_probability_sum,0.27450980392156865,0.56,0.15942028985507245
rolling,2020-08-03,20,2,multiclass_probability_sum,0.28,0.56,0.15714285714285714
rolling,2020-08-04,20,2,multiclass_probability_sum,0.2857142857142857,0.56,0.15492957746478872
rolling,2020-08-05,20,2,multiclass_probability_sum,0.2916666666666667,0.56,0.1527777777777778
rolling,2020-08-06,20,2,multiclass_probability_sum,0.2978723404255319,0.56,0.1506849315068493
rolling,2020-08-07,20,2,multiclass_probability_sum,0.2826086956521739,0.5416666666666666,0.14864864864864866
rolling,2020-08-10,20,2,multiclass_probability_sum,0.28888888888888886,0.5416666666666666,0.14666666666666667
rolling,2020-08-11,20,2,multiclass_probability_sum,0.29545454545454547,0.5416666666666666,0.14473684210526316
rolling,2020-08-12,20,2,multiclass_probability_sum,0.27906976744186046,0.5217391304347826,0.14285714285714285
rolling,2020-08-13,20,2,multiclass_probability_sum,0.2857142857142857,0.5217391304347826,0.14102564102564102
rolling,2020-08-14,20,2,multiclass_probability_sum,0.2926829268292683,0.5217391304347826,0.13924050632911392
rolling,2020-08-17,20,2,multiclass_probability_sum,0.3,0.5217391304347826,0.1375
rolling,2020-08-18,20,2,multiclass_probability_sum,0.3076923076923077,0.5217391304347826,0.13580246913580246
rolling,2020-08-19,20,2,multiclass_probability_sum,0.3157894736842105,0.5217391304347826,0.13414634146341464
rolling,2020-08-20,20,2,multiclass_probability_sum,0.32432432432432434,0.5217391304347826,0.13253012048192772
rolling,2020-08-21,20,2,multiclass_probability_sum,0.3333333333333333,0.5217391304347826,0.13095238095238096
rolling,2020-08-24,20,2,multiclass_probability_sum,0.34285714285714286,0.5217391304347826,0.12941176470588237
rolling,2020-08-25,20,2,multiclass_probability_sum,0.35294117647058826,0.5,0.13953488372093023
rolling,2020-08-26,20,2,multiclass_probability_sum,0.36363636363636365,0.48,0.14942528735632185
rolling,2020-08-27,20,2,multiclass_probability_sum,0.375,0.48,0.14772727272727273
rolling,2020-08-28,20,2,multiclass_probability_sum,0.3870967741935484,0.48,0.14606741573033707
rolling,2020-08-31,20,2,multiclass_probability_sum,0.4,0.48,0.14444444444444443
rolling,2020-09-01,20,2,multiclass_probability_sum,0.41379310344827586,0.48,0.14285714285714285
rolling,2020-09-03,20,2,multiclass_probability_sum,0.42857142857142855,0.46153846153846156,0.15217391304347827
rolling,2020-09-04,20,2,multiclass_probability_sum,0.4444444444444444,0.4444444444444444,0.16129032258064516
rolling,2020-09-07,20,2,multiclass_probability_sum,0.46153846153846156,0.42857142857142855,0.1702127659574468
rolling,2020-09-08,20,2,multiclass_probability_sum,0.48,0.41379310344827586,0.17894736842105263
rolling,2020-09-09,20,2,multiclass_probability_sum,0.48,0.4,0.18947368421052632
rolling,2020-09-10,20,2,multiclass_probability_sum,0.48,0.3870967741935484,0.2
rolling,2020-09-11,20,2,multiclass_probability_sum,0.48,0.375,0.21052631578947367
rolling,2020-09-14,20,2,multiclass_probability_sum,0.48,0.36363636363636365,0.22105263157894736
rolling,2020-09-15,20,2,multiclass_probability_sum,0.48,0.35294117647058826,0.23157894736842105
rolling,2020-09-16,20,2,multiclass_probability_sum,0.48,0.34285714285714286,0.24210526315789474
rolling,2020-09-17,20,2,multiclass_probability_sum,0.48,0.3333333333333333,0.25263157894736843
rolling,2020-09-18,20,2,multiclass_probability_sum,0.48,0.32432432432432434,0.2631578947368421
rolling,2020-09-21,20,2,multiclass_probability_sum,0.48,0.3157894736842105,0.2736842105263158
rolling,2020-09-22,20,2,multiclass_probability_sum,0.48,0.3076923076923077,0.28421052631578947
rolling,2020-09-23,20,2,multiclass_probability_sum,0.48,0.3,0.29473684210526313
rolling,2020-09-24,20,2,multiclass_probability_sum,0.48,0.3,0.29473684210526313
rolling,2020-09-25,20,2,multiclass_probability_sum,0.48,0.2926829268292683,0.30526315789473685
rolling,2020-09-28,20,2,multiclass_probability_sum,0.48,0.2857142857142857,0.3157894736842105
rolling,2020-09-29,20,2,multiclass_probability_sum,0.48,0.27906976744186046,0.3263157894736842
rolling,2020-09-30,20,2,multiclass_probability_sum,0.48,0.2727272727272727,0.3368421052631579
rolling,2020-10-01,20,2,multiclass_probability_sum,0.48,0.2727272727272727,0.3368421052631579
rolling,2020-10-02,20,2,multiclass_probability_sum,0.48,0.26666666666666666,0.3473684210526316
rolling,2020-10-05,20,2,multiclass_probability_sum,0.48,0.2608695652173913,0.35789473684210527
rolling,2020-10-06,20,2,multiclass_probability_sum,0.48,0.2553191489361702,0.3684210526315789
rolling,2020-10-07,20,2,multiclass_probability_sum,0.48,0.25,0.37894736842105264
rolling,2020-10-08,20,2,multiclass_probability_sum,0.48,0.24489795918367346,0.3894736842105263
rolling,2020-10-09,20,2,multiclass_probability_sum,0.48,0.24489795918367346,0.3894736842105263
rolling,2020-10-12,20,2,multiclass_probability_sum,0.48,0.24,0.4
rolling,2020-10-13,20,2,multiclass_probability_sum,0.48,0.24,0.4
rolling,2020-10-14,20,2,multiclass_probability_sum,0.48,0.23529411764705882,0.4105263157894737
rolling,2020-10-15,20,2,multiclass_probability_sum,0.48,0.23076923076923078,0.42105263157894735
rolling,2020-10-16,20,2,multiclass_probability_sum,0.48,0.22641509433962265,0.43157894736842106
rolling,2020-10-19,20,2,multiclass_probability_sum,0.48,0.2222222222222222,0.4421052631578947
rolling,2020-10-20,20,2,multiclass_probability_sum,0.48,0.22641509433962265,0.43157894736842106
rolling,2020-10-21,20,2,multiclass_probability_sum,0.48,0.2222222222222222,0.4421052631578947
rolling,2020-10-22,20,2,multiclass_probability_sum,0.48,0.21818181818181817,0.45263157894736844
rolling,2020-10-23,20,2,multiclass_probability_sum,0.48,0.21428571428571427,0.4631578947368421
rolling,2020-10-26,20,2,multiclass_probability_sum,0.48,0.21052631578947367,0.47368421052631576
rolling,2020-10-27,20,2,multiclass_probability_sum,0.48,0.20689655172413793,0.4842105263157895
rolling,2020-10-28,20,2,multiclass_probability_sum,0.48,0.2033898305084746,0.49473684210526314
rolling,2020-10-29,20,2,multiclass_probability_sum,0.48,0.2,0.5052631578947369
rolling,2020-10-30,20,2,multiclass_probability_sum,0.48,0.19672131147540983,0.5157894736842106
rolling,2020-11-02,20,2,multiclass_probability_sum,0.48,0.1935483870967742,0.5263157894736842
rolling,2020-11-03,20,2,multiclass_probability_sum,0.48,0.19047619047619047,0.5368421052631579
rolling,2020-11-04,20,2,multiclass_probability_sum,0.48,0.19047619047619047,0.5368421052631579
rolling,2020-11-05,20,2,multiclass_probability_sum,0.48,0.1875,0.5473684210526316
rolling,2020-11-06,20,2,multiclass_probability_sum,0.48,0.18461538461538463,0.5578947368421052
rolling,2020-11-09,20,2,multiclass_probability_sum,0.48,0.18461538461538463,0.5578947368421052
rolling,2020-11-10,20,2,multiclass_probability_sum,0.48,0.18181818181818182,0.5684210526315789
rolling,2020-11-11,20,2,multiclass_probability_sum,0.48,0.1791044776119403,0.5789473684210527
rolling,2020-11-12,20,2,multiclass_probability_sum,0.48,0.18181818181818182,0.5684210526315789
rolling,2020-11-13,20,2,multiclass_probability_sum,0.48,0.18181818181818182,0.5684210526315789
rolling,2020-11-16,20,2,multiclass_probability_sum,0.48,0.1791044776119403,0.5789473684210527
rolling,2020-11-17,20,2,multiclass_probability_sum,0.5,0.17647058823529413,0.5833333333333334
rolling,2020-11-18,20,2,multiclass_probability_sum,0.5217391304347826,0.17391304347826086,0.5876288659793815
rolling,2020-11-19,20,2,multiclass_probability_sum,0.5454545454545454,0.17142857142857143,0.5918367346938775
rolling,2020-11-20,20,2,multiclass_probability_sum,0.5238095238095238,0.15714285714285714,0.5959595959595959
rolling,2020-11-23,20,2,multiclass_probability_sum,0.55,0.15492957746478872,0.6
rolling,2020-11-24,20,2,multiclass_probability_sum,0.5263157894736842,0.14084507042253522,0.6039603960396039
rolling,2020-11-25,20,2,multiclass_probability_sum,0.5,0.1267605633802817,0.6078431372549019
rolling,2020-11-26,20,2,multiclass_probability_sum,0.5294117647058824,0.125,0.6116504854368932
rolling,2020-11-27,20,2,multiclass_probability_sum,0.5294117647058824,0.125,0.6116504854368932
rolling,2020-11-30,20,2,multiclass_probability_sum,0.5294117647058824,0.125,0.6116504854368932
rolling,2020-12-01,20,2,multiclass_probability_sum,0.5294117647058824,0.125,0.6116504854368932
rolling,2020-12-02,20,2,multiclass_probability_sum,0.5294117647058824,0.1232876712328767,0.6213592233009708
rolling,2020-12-03,20,2,multiclass_probability_sum,0.5294117647058824,0.12162162162162163,0.6310679611650486
rolling,2020-12-04,20,2,multiclass_probability_sum,0.5294117647058824,0.12,0.6407766990291263
rolling,2020-12-07,20,2,multiclass_probability_sum,0.5294117647058824,0.11842105263157894,0.6504854368932039
rolling,2020-12-08,20,2,multiclass_probability_sum,0.5294117647058824,0.11688311688311688,0.6601941747572816
rolling,2020-12-09,20,2,multiclass_probability_sum,0.5294117647058824,0.11538461538461539,0.6699029126213593
rolling,2020-12-10,20,2,multiclass_probability_sum,0.5294117647058824,0.11392405063291139,0.6796116504854369
rolling,2020-12-11,20,2,multiclass_probability_sum,0.5294117647058824,0.1125,0.6893203883495146
rolling,2020-12-14,20,2,multiclass_probability_sum,0.5294117647058824,0.1111111111111111,0.6990291262135923
rolling,2020-12-15,20,2,multiclass_probability_sum,0.5625,0.10975609756097561,0.7019230769230769
rolling,2020-12-16,20,2,multiclass_probability_sum,0.5625,0.10843373493975904,0.7115384615384616
rolling,2020-12-17,20,2,multiclass_probability_sum,0.6,0.10714285714285714,0.7142857142857143
rolling,2020-12-18,20,2,multiclass_probability_sum,0.6428571428571429,0.10588235294117647,0.7169811320754716
rolling,2020-12-21,20,2,multiclass_probability_sum,0.6923076923076923,0.10465116279069768,0.719626168224299
rolling,2020-12-22,20,2,multiclass_probability_sum,0.75,0.10344827586206896,0.7222222222222222
rolling,2020-12-23,20,2,multiclass_probability_sum,0.8181818181818182,0.10227272727272728,0.7247706422018348
rolling,2020-12-24,20,2,multiclass_probability_sum,0.8181818181818182,0.10112359550561797,0.7339449541284404
rolling,2020-12-25,20,2,multiclass_probability_sum,0.9,0.1,0.7363636363636363
rolling,2020-12-28,20,2,multiclass_probability_sum,1.0,0.0989010989010989,0.7387387387387387
rolling,2020-12-29,20,2,multiclass_probability_sum,1.0,0.08791208791208792,0.7410714285714286
rolling,2020-12-30,20,2,multiclass_probability_sum,1.0,0.08791208791208792,0.7410714285714286
rolling,2020-12-31,20,2,multiclass_probability_sum,1.0,0.08791208791208792,0.7410714285714286
rolling,2021-01-04,20,2,multiclass_probability_sum,1.0,0.08791208791208792,0.7410714285714286
rolling,2021-01-05,20,2,multiclass_probability_sum,1.0,0.08791208791208792,0.7410714285714286
rolling,2021-01-06,20,2,multiclass_probability_sum,1.0,0.08791208791208792,0.7410714285714286
rolling,2021-01-07,20,2,multiclass_probability_sum,0.875,0.07777777777777778,0.7410714285714286
rolling,2021-01-08,20,2,multiclass_probability_sum,0.75,0.06741573033707865,0.7410714285714286
rolling,2021-01-11,20,2,multiclass_probability_sum,0.625,0.056818181818181816,0.7410714285714286
rolling,2021-01-12,20,2,multiclass_probability_sum,0.5555555555555556,0.05747126436781609,0.7387387387387387
rolling,2021-01-13,20,2,multiclass_probability_sum,0.6,0.06896551724137931,0.7363636363636363
rolling,2021-01-14,20,2,multiclass_probability_sum,0.6363636363636364,0.08045977011494253,0.7339449541284404
rolling,2021-01-15,20,2,multiclass_probability_sum,0.6666666666666666,0.09195402298850575,0.7314814814814815
rolling,2021-01-18,20,2,multiclass_probability_sum,0.6923076923076923,0.10344827586206896,0.7289719626168224
rolling,2021-01-19,20,2,multiclass_probability_sum,0.7142857142857143,0.11363636363636363,0.7358490566037735
rolling,2021-01-20,20,2,multiclass_probability_sum,0.6666666666666666,0.11363636363636363,0.7428571428571429
rolling,2021-01-21,20,2,multiclass_probability_sum,0.625,0.11363636363636363,0.75
rolling,2021-01-22,20,2,multiclass_probability_sum,0.5882352941176471,0.11363636363636363,0.7572815533980582
rolling,2021-01-25,20,2,multiclass_probability_sum,0.5555555555555556,0.11363636363636363,0.7647058823529411
rolling,2021-01-26,20,2,multiclass_probability_sum,0.5263157894736842,0.11363636363636363,0.7722772277227723
rolling,2021-01-27,20,2,multiclass_probability_sum,0.5263157894736842,0.11363636363636363,0.7722772277227723
rolling,2021-01-28,20,2,multiclass_probability_sum,0.5263157894736842,0.11363636363636363,0.7722772277227723
rolling,2021-01-29,20,2,multiclass_probability_sum,0.5263157894736842,0.11235955056179775,0.7821782178217822
rolling,2021-02-01,20,2,multiclass_probability_sum,0.5263157894736842,0.11235955056179775,0.7821782178217822
rolling,2021-02-02,20,2,multiclass_probability_sum,0.5263157894736842,0.11235955056179775,0.7821782178217822
rolling,2021-02-03,20,2,multiclass_probability_sum,0.5263157894736842,0.11235955056179775,0.7821782178217822
rolling,2021-02-04,20,2,multiclass_probability_sum,0.5263157894736842,0.11235955056179775,0.7821782178217822
rolling,2021-02-05,20,2,multiclass_probability_sum,0.5263157894736842,0.11235955056179775,0.7821782178217822
rolling,2021-02-08,20,2,multiclass_probability_sum,0.5263157894736842,0.11235955056179775,0.7821782178217822
rolling,2021-02-09,20,2,multiclass_probability_sum,0.5263157894736842,0.11235955056179775,0.7821782178217822
rolling,2021-02-17,20,2,multiclass_probability_sum,0.5263157894736842,0.11235955056179775,0.7821782178217822
rolling,2021-02-18,20,2,multiclass_probability_sum,0.5263157894736842,0.11363636363636363,0.7722772277227723
rolling,2021-02-19,20,2,multiclass_probability_sum,0.5263157894736842,0.11494252873563218,0.7623762376237624
rolling,2021-02-22,20,2,multiclass_probability_sum,0.5263157894736842,0.11494252873563218,0.7623762376237624
rolling,2021-02-23,20,2,multiclass_probability_sum,0.5263157894736842,0.11494252873563218,0.7623762376237624
rolling,2021-02-24,20,2,multiclass_probability_sum,0.5263157894736842,0.11494252873563218,0.7623762376237624
rolling,2021-02-25,20,2,multiclass_probability_sum,0.5263157894736842,0.11494252873563218,0.7623762376237624
rolling,2021-02-26,20,2,multiclass_probability_sum,0.5263157894736842,0.11627906976744186,0.7524752475247525
rolling,2021-03-01,20,2,multiclass_probability_sum,0.5263157894736842,0.11764705882352941,0.7425742574257426
rolling,2021-03-02,20,2,multiclass_probability_sum,0.5263157894736842,0.11904761904761904,0.7326732673267327
rolling,2021-03-03,20,2,multiclass_probability_sum,0.5263157894736842,0.12048192771084337,0.7227722772277227
rolling,2021-03-04,20,2,multiclass_probability_sum,0.5263157894736842,0.12195121951219512,0.7128712871287128
rolling,2019-05-10,20,2,candidate_risk_off,0.9230769230769231,0.3333333333333333,0.8888888888888888
rolling,2019-05-13,20,2,candidate_risk_off,0.9230769230769231,0.32432432432432434,0.8928571428571429
rolling,2019-05-14,20,2,candidate_risk_off,0.9230769230769231,0.3157894736842105,0.896551724137931
rolling,2019-05-15,20,2,candidate_risk_off,0.9285714285714286,0.3333333333333333,0.896551724137931
rolling,2019-05-16,20,2,candidate_risk_off,0.9333333333333333,0.35,0.896551724137931
rolling,2019-05-17,20,2,candidate_risk_off,0.9375,0.36585365853658536,0.896551724137931
rolling,2019-05-20,20,2,candidate_risk_off,0.9411764705882353,0.38095238095238093,0.896551724137931
rolling,2019-05-21,20,2,candidate_risk_off,0.9444444444444444,0.3953488372093023,0.896551724137931
rolling,2019-05-22,20,2,candidate_risk_off,0.9473684210526315,0.4090909090909091,0.896551724137931
rolling,2019-05-23,20,2,candidate_risk_off,0.95,0.4222222222222222,0.896551724137931
rolling,2019-05-24,20,2,candidate_risk_off,0.95,0.41304347826086957,0.9
rolling,2019-05-27,20,2,candidate_risk_off,0.95,0.40425531914893614,0.9032258064516129
rolling,2019-05-28,20,2,candidate_risk_off,0.95,0.3958333333333333,0.90625
rolling,2019-05-29,20,2,candidate_risk_off,0.95,0.3877551020408163,0.9090909090909091
rolling,2019-05-30,20,2,candidate_risk_off,0.9523809523809523,0.4,0.9090909090909091
rolling,2019-05-31,20,2,candidate_risk_off,0.9523809523809523,0.39215686274509803,0.9117647058823529
rolling,2019-06-03,20,2,candidate_risk_off,0.9523809523809523,0.38461538461538464,0.9142857142857143
rolling,2019-06-04,20,2,candidate_risk_off,0.9523809523809523,0.37735849056603776,0.9166666666666666
rolling,2019-06-05,20,2,candidate_risk_off,0.9523809523809523,0.37037037037037035,0.918918918918919
rolling,2019-06-06,20,2,candidate_risk_off,0.9523809523809523,0.36363636363636365,0.9210526315789473
rolling,2019-06-07,20,2,candidate_risk_off,0.9523809523809523,0.35714285714285715,0.9230769230769231
rolling,2019-06-10,20,2,candidate_risk_off,0.9523809523809523,0.3508771929824561,0.925
rolling,2019-06-11,20,2,candidate_risk_off,0.9523809523809523,0.3448275862068966,0.926829268292683
rolling,2019-06-12,20,2,candidate_risk_off,0.9523809523809523,0.3389830508474576,0.9285714285714286
rolling,2019-06-13,20,2,candidate_risk_off,0.9523809523809523,0.3333333333333333,0.9302325581395349
rolling,2019-06-14,20,2,candidate_risk_off,0.9523809523809523,0.32786885245901637,0.9318181818181818
rolling,2019-06-17,20,2,candidate_risk_off,0.9523809523809523,0.3225806451612903,0.9333333333333333
rolling,2019-06-18,20,2,candidate_risk_off,0.9523809523809523,0.31746031746031744,0.9347826086956522
rolling,2019-06-19,20,2,candidate_risk_off,0.9523809523809523,0.3125,0.9361702127659575
rolling,2019-06-20,20,2,candidate_risk_off,0.9523809523809523,0.3076923076923077,0.9375
rolling,2019-06-21,20,2,candidate_risk_off,0.9523809523809523,0.30303030303030304,0.9387755102040817
rolling,2019-06-24,20,2,candidate_risk_off,0.9523809523809523,0.29850746268656714,0.94
rolling,2019-06-25,20,2,candidate_risk_off,0.9523809523809523,0.29411764705882354,0.9411764705882353
rolling,2019-06-26,20,2,candidate_risk_off,0.9523809523809523,0.2898550724637681,0.9423076923076923
rolling,2019-06-27,20,2,candidate_risk_off,0.9523809523809523,0.2857142857142857,0.9433962264150944
rolling,2019-06-28,20,2,candidate_risk_off,0.9523809523809523,0.28169014084507044,0.9444444444444444
rolling,2019-07-01,20,2,candidate_risk_off,0.9523809523809523,0.28169014084507044,0.9272727272727272
rolling,2019-07-02,20,2,candidate_risk_off,0.9523809523809523,0.2777777777777778,0.9285714285714286
rolling,2019-07-03,20,2,candidate_risk_off,0.9523809523809523,0.273972602739726,0.9298245614035088
rolling,2019-07-04,20,2,candidate_risk_off,0.9523809523809523,0.2702702702702703,0.9310344827586207
rolling,2019-07-05,20,2,candidate_risk_off,0.9523809523809523,0.26666666666666666,0.9322033898305084
rolling,2019-07-08,20,2,candidate_risk_off,0.9523809523809523,0.2631578947368421,0.9333333333333333
rolling,2019-07-09,20,2,candidate_risk_off,0.9523809523809523,0.2597402597402597,0.9344262295081968
rolling,2019-07-10,20,2,candidate_risk_off,0.9523809523809523,0.2564102564102564,0.9354838709677419
rolling,2019-07-11,20,2,candidate_risk_off,0.9523809523809523,0.25316455696202533,0.9365079365079365
rolling,2019-07-12,20,2,candidate_risk_off,0.9523809523809523,0.25,0.9375
rolling,2019-07-15,20,2,candidate_risk_off,0.9523809523809523,0.24691358024691357,0.9384615384615385
rolling,2019-07-16,20,2,candidate_risk_off,0.9523809523809523,0.24390243902439024,0.9393939393939394
rolling,2019-07-17,20,2,candidate_risk_off,0.9523809523809523,0.24096385542168675,0.9402985074626866
rolling,2019-07-18,20,2,candidate_risk_off,0.9523809523809523,0.23809523809523808,0.9411764705882353
rolling,2019-07-19,20,2,candidate_risk_off,0.9523809523809523,0.23529411764705882,0.9420289855072463
rolling,2019-07-22,20,2,candidate_risk_off,0.9523809523809523,0.23255813953488372,0.9428571428571428
rolling,2019-07-23,20,2,candidate_risk_off,0.9523809523809523,0.22988505747126436,0.9436619718309859
rolling,2019-07-24,20,2,candidate_risk_off,0.9523809523809523,0.22727272727272727,0.9444444444444444
rolling,2019-07-25,20,2,candidate_risk_off,0.9523809523809523,0.2247191011235955,0.9452054794520548
rolling,2019-07-26,20,2,candidate_risk_off,0.9523809523809523,0.2222222222222222,0.9459459459459459
rolling,2019-07-29,20,2,candidate_risk_off,0.9090909090909091,0.2222222222222222,0.9459459459459459
rolling,2019-07-30,20,2,candidate_risk_off,0.9090909090909091,0.21978021978021978,0.9466666666666667
rolling,2019-07-31,20,2,candidate_risk_off,0.9090909090909091,0.21739130434782608,0.9473684210526315
rolling,2019-08-01,20,2,candidate_risk_off,0.8695652173913043,0.21739130434782608,0.9473684210526315
rolling,2019-08-02,20,2,candidate_risk_off,0.8695652173913043,0.21505376344086022,0.948051948051948
rolling,2019-08-05,20,2,candidate_risk_off,0.8695652173913043,0.2127659574468085,0.9487179487179487
rolling,2019-08-06,20,2,candidate_risk_off,0.8695652173913043,0.21052631578947367,0.9493670886075949
rolling,2019-08-07,20,2,candidate_risk_off,0.8695652173913043,0.20833333333333334,0.95
rolling,2019-08-08,20,2,candidate_risk_off,0.8695652173913043,0.20618556701030927,0.9506172839506173
rolling,2019-08-09,20,2,candidate_risk_off,0.8695652173913043,0.20408163265306123,0.9512195121951219
rolling,2019-08-12,20,2,candidate_risk_off,0.8695652173913043,0.20202020202020202,0.9518072289156626
rolling,2019-08-13,20,2,candidate_risk_off,0.8695652173913043,0.2,0.9523809523809523
rolling,2019-08-14,20,2,candidate_risk_off,0.8695652173913043,0.19801980198019803,0.9529411764705882
rolling,2019-08-15,20,2,candidate_risk_off,0.8695652173913043,0.19607843137254902,0.9534883720930233
rolling,2019-08-16,20,2,candidate_risk_off,0.8695652173913043,0.1941747572815534,0.9540229885057471
rolling,2019-08-19,20,2,candidate_risk_off,0.8695652173913043,0.1941747572815534,0.9431818181818182
rolling,2019-08-20,20,2,candidate_risk_off,0.8695652173913043,0.1941747572815534,0.9325842696629213
rolling,2019-08-21,20,2,candidate_risk_off,0.8695652173913043,0.1941747572815534,0.9222222222222223
rolling,2019-08-22,20,2,candidate_risk_off,0.8695652173913043,0.1941747572815534,0.9120879120879121
rolling,2019-08-23,20,2,candidate_risk_off,0.8695652173913043,0.19230769230769232,0.9130434782608695
rolling,2019-08-26,20,2,candidate_risk_off,0.8695652173913043,0.19047619047619047,0.9139784946236559
rolling,2019-08-27,20,2,candidate_risk_off,0.8695652173913043,0.18867924528301888,0.9148936170212766
rolling,2019-08-28,20,2,candidate_risk_off,0.8695652173913043,0.18691588785046728,0.9157894736842105
rolling,2019-08-29,20,2,candidate_risk_off,0.8695652173913043,0.18518518518518517,0.9166666666666666
rolling,2019-08-30,20,2,candidate_risk_off,0.8695652173913043,0.1834862385321101,0.9175257731958762
rolling,2019-09-03,20,2,candidate_risk_off,0.8695652173913043,0.18181818181818182,0.9278350515463918
rolling,2019-09-04,20,2,candidate_risk_off,0.9090909090909091,0.18018018018018017,0.9285714285714286
rolling,2019-09-05,20,2,candidate_risk_off,0.9047619047619048,0.17117117117117117,0.9292929292929293
rolling,2019-09-06,20,2,candidate_risk_off,0.9,0.16216216216216217,0.93
rolling,2019-09-09,20,2,candidate_risk_off,0.8947368421052632,0.15315315315315314,0.9306930693069307
rolling,2019-09-10,20,2,candidate_risk_off,0.8888888888888888,0.14414414414414414,0.9313725490196079
rolling,2019-09-11,20,2,candidate_risk_off,0.8823529411764706,0.13513513513513514,0.9320388349514563
rolling,2019-09-12,20,2,candidate_risk_off,0.8823529411764706,0.13513513513513514,0.9320388349514563
rolling,2019-09-13,20,2,candidate_risk_off,0.875,0.12612612612612611,0.9326923076923077
rolling,2019-09-16,20,2,candidate_risk_off,0.875,0.12612612612612611,0.9326923076923077
rolling,2019-09-17,20,2,candidate_risk_off,0.875,0.12612612612612611,0.9326923076923077
rolling,2019-09-18,20,2,candidate_risk_off,0.875,0.125,0.9423076923076923
rolling,2019-09-19,20,2,candidate_risk_off,0.875,0.12612612612612611,0.9326923076923077
rolling,2019-09-20,20,2,candidate_risk_off,0.875,0.12612612612612611,0.9326923076923077
rolling,2019-09-23,20,2,candidate_risk_off,0.875,0.12612612612612611,0.9326923076923077
rolling,2019-09-24,20,2,candidate_risk_off,0.8666666666666667,0.11711711711711711,0.9333333333333333
rolling,2019-09-25,20,2,candidate_risk_off,0.8571428571428571,0.10810810810810811,0.9339622641509434
rolling,2019-09-26,20,2,candidate_risk_off,0.8461538461538461,0.0990990990990991,0.9345794392523364
rolling,2019-09-27,20,2,candidate_risk_off,0.8333333333333334,0.09090909090909091,0.9259259259259259
rolling,2019-09-30,20,2,candidate_risk_off,0.8181818181818182,0.08181818181818182,0.926605504587156
rolling,2019-10-01,20,2,candidate_risk_off,0.8,0.07339449541284404,0.9181818181818182
rolling,2019-10-02,20,2,candidate_risk_off,0.8,0.07339449541284404,0.9181818181818182
rolling,2019-10-03,20,2,candidate_risk_off,0.8,0.07407407407407407,0.9090909090909091
rolling,2019-10-04,20,2,candidate_risk_off,0.8,0.07407407407407407,0.9090909090909091
rolling,2019-10-07,20,2,candidate_risk_off,0.8,0.07407407407407407,0.9090909090909091
rolling,2019-10-08,20,2,candidate_risk_off,0.8,0.07407407407407407,0.9090909090909091
rolling,2019-10-09,20,2,candidate_risk_off,0.8,0.07407407407407407,0.9090909090909091
rolling,2019-10-10,20,2,candidate_risk_off,0.8,0.07407407407407407,0.9090909090909091
rolling,2019-10-11,20,2,candidate_risk_off,0.8,0.07476635514018691,0.9
rolling,2019-10-14,20,2,candidate_risk_off,0.8,0.07547169811320754,0.8909090909090909
rolling,2019-10-15,20,2,candidate_risk_off,0.8,0.0761904761904762,0.8818181818181818
rolling,2019-10-16,20,2,candidate_risk_off,0.8,0.07692307692307693,0.8727272727272727
rolling,2019-10-17,20,2,candidate_risk_off,0.8,0.07766990291262135,0.8636363636363636
rolling,2019-10-18,20,2,candidate_risk_off,0.8,0.0784313725490196,0.8545454545454545
rolling,2019-10-21,20,2,candidate_risk_off,0.8,0.07920792079207921,0.8454545454545455
rolling,2019-10-22,20,2,candidate_risk_off,0.8,0.08,0.8363636363636363
rolling,2019-10-23,20,2,candidate_risk_off,0.8,0.08080808080808081,0.8272727272727273
rolling,2019-10-24,20,2,candidate_risk_off,0.8,0.08163265306122448,0.8181818181818182
rolling,2019-10-25,20,2,candidate_risk_off,0.7272727272727273,0.08247422680412371,0.8165137614678899
rolling,2019-10-28,20,2,candidate_risk_off,0.6666666666666666,0.08333333333333333,0.8148148148148148
rolling,2019-10-29,20,2,candidate_risk_off,0.6153846153846154,0.08421052631578947,0.8130841121495327
rolling,2019-10-30,20,2,candidate_risk_off,0.5714285714285714,0.0851063829787234,0.8113207547169812
rolling,2019-10-31,20,2,candidate_risk_off,0.5,0.07526881720430108,0.8113207547169812
rolling,2019-11-01,20,2,candidate_risk_off,0.42857142857142855,0.06521739130434782,0.8113207547169812
rolling,2019-11-04,20,2,candidate_risk_off,0.35714285714285715,0.054945054945054944,0.8113207547169812
rolling,2019-11-05,20,2,candidate_risk_off,0.2857142857142857,0.044444444444444446,0.8113207547169812
rolling,2019-11-06,20,2,candidate_risk_off,0.2857142857142857,0.044444444444444446,0.8113207547169812
rolling,2019-11-07,20,2,candidate_risk_off,0.21428571428571427,0.033707865168539325,0.8113207547169812
rolling,2019-11-08,20,2,candidate_risk_off,0.14285714285714285,0.022727272727272728,0.8113207547169812
rolling,2019-11-11,20,2,candidate_risk_off,0.2,0.03409090909090909,0.8095238095238095
rolling,2019-11-12,20,2,candidate_risk_off,0.1875,0.034482758620689655,0.8076923076923077
rolling,2019-11-13,20,2,candidate_risk_off,0.23529411764705882,0.04597701149425287,0.8058252427184466
rolling,2019-11-14,20,2,candidate_risk_off,0.2222222222222222,0.046511627906976744,0.803921568627451
rolling,2019-11-15,20,2,candidate_risk_off,0.16666666666666666,0.03529411764705882,0.803921568627451
rolling,2019-11-18,20,2,candidate_risk_off,0.15789473684210525,0.03571428571428571,0.801980198019802
rolling,2019-11-19,20,2,candidate_risk_off,0.2,0.047619047619047616,0.8
rolling,2019-11-20,20,2,candidate_risk_off,0.23809523809523808,0.05952380952380952,0.797979797979798
rolling,2019-11-21,20,2,candidate_risk_off,0.2727272727272727,0.07142857142857142,0.7959183673469388
rolling,2019-11-22,20,2,candidate_risk_off,0.30434782608695654,0.08333333333333333,0.7938144329896907
rolling,2019-11-25,20,2,candidate_risk_off,0.2916666666666667,0.08433734939759036,0.7916666666666666
rolling,2019-11-26,20,2,candidate_risk_off,0.32,0.0963855421686747,0.7894736842105263
rolling,2019-11-27,20,2,candidate_risk_off,0.34615384615384615,0.10843373493975904,0.7872340425531915
rolling,2019-11-28,20,2,candidate_risk_off,0.34615384615384615,0.10843373493975904,0.7872340425531915
rolling,2019-11-29,20,2,candidate_risk_off,0.34615384615384615,0.10975609756097561,0.776595744680851
rolling,2019-12-02,20,2,candidate_risk_off,0.34615384615384615,0.1111111111111111,0.7659574468085106
rolling,2019-12-03,20,2,candidate_risk_off,0.34615384615384615,0.1125,0.7553191489361702
rolling,2019-12-04,20,2,candidate_risk_off,0.34615384615384615,0.1125,0.7553191489361702
rolling,2019-12-05,20,2,candidate_risk_off,0.34615384615384615,0.1125,0.7553191489361702
rolling,2019-12-06,20,2,candidate_risk_off,0.34615384615384615,0.1125,0.7553191489361702
rolling,2019-12-09,20,2,candidate_risk_off,0.34615384615384615,0.1125,0.7553191489361702
rolling,2019-12-10,20,2,candidate_risk_off,0.34615384615384615,0.1125,0.7553191489361702
rolling,2019-12-11,20,2,candidate_risk_off,0.34615384615384615,0.1125,0.7553191489361702
rolling,2019-12-12,20,2,candidate_risk_off,0.34615384615384615,0.11392405063291139,0.7446808510638298
rolling,2019-12-13,20,2,candidate_risk_off,0.34615384615384615,0.11392405063291139,0.7446808510638298
rolling,2019-12-16,20,2,candidate_risk_off,0.34615384615384615,0.11392405063291139,0.7446808510638298
rolling,2019-12-17,20,2,candidate_risk_off,0.34615384615384615,0.1125,0.7553191489361702
rolling,2019-12-18,20,2,candidate_risk_off,0.34615384615384615,0.1125,0.7553191489361702
rolling,2019-12-19,20,2,candidate_risk_off,0.34615384615384615,0.1125,0.7553191489361702
rolling,2019-12-20,20,2,candidate_risk_off,0.34615384615384615,0.1125,0.7553191489361702
rolling,2019-12-23,20,2,candidate_risk_off,0.34615384615384615,0.1125,0.7553191489361702
rolling,2019-12-24,20,2,candidate_risk_off,0.34615384615384615,0.1125,0.7553191489361702
rolling,2019-12-25,20,2,candidate_risk_off,0.34615384615384615,0.11392405063291139,0.7446808510638298
rolling,2019-12-26,20,2,candidate_risk_off,0.3333333333333333,0.11538461538461539,0.7419354838709677
rolling,2019-12-27,20,2,candidate_risk_off,0.32142857142857145,0.11688311688311688,0.7391304347826086
rolling,2019-12-30,20,2,candidate_risk_off,0.3103448275862069,0.11842105263157894,0.7362637362637363
rolling,2019-12-31,20,2,candidate_risk_off,0.3,0.12,0.7333333333333333
rolling,2020-01-02,20,2,candidate_risk_off,0.2903225806451613,0.12162162162162163,0.7303370786516854
rolling,2020-01-03,20,2,candidate_risk_off,0.28125,0.1232876712328767,0.7272727272727273
rolling,2020-01-06,20,2,candidate_risk_off,0.2727272727272727,0.125,0.7241379310344828
rolling,2020-01-07,20,2,candidate_risk_off,0.2647058823529412,0.1267605633802817,0.7209302325581395
rolling,2020-01-08,20,2,candidate_risk_off,0.2647058823529412,0.12857142857142856,0.7093023255813954
rolling,2020-01-09,20,2,candidate_risk_off,0.2571428571428571,0.13043478260869565,0.7058823529411765
rolling,2020-01-10,20,2,candidate_risk_off,0.25,0.1323529411764706,0.7023809523809523
rolling,2020-01-13,20,2,candidate_risk_off,0.24324324324324326,0.13432835820895522,0.6987951807228916
rolling,2020-01-14,20,2,candidate_risk_off,0.23684210526315788,0.13636363636363635,0.6951219512195121
rolling,2020-01-15,20,2,candidate_risk_off,0.23684210526315788,0.13636363636363635,0.6951219512195121
rolling,2020-01-16,20,2,candidate_risk_off,0.23076923076923078,0.13846153846153847,0.691358024691358
rolling,2020-01-17,20,2,candidate_risk_off,0.225,0.140625,0.6875
rolling,2020-01-20,20,2,candidate_risk_off,0.225,0.140625,0.6875
rolling,2020-01-21,20,2,candidate_risk_off,0.21951219512195122,0.14285714285714285,0.6835443037974683
rolling,2020-01-22,20,2,candidate_risk_off,0.21428571428571427,0.14516129032258066,0.6794871794871795
rolling,2020-01-30,20,2,candidate_risk_off,0.20930232558139536,0.14754098360655737,0.6753246753246753
rolling,2020-01-31,20,2,candidate_risk_off,0.20454545454545456,0.15,0.6710526315789473
rolling,2020-02-03,20,2,candidate_risk_off,0.2,0.15254237288135594,0.6666666666666666
rolling,2020-02-04,20,2,candidate_risk_off,0.1956521739130435,0.15517241379310345,0.6621621621621622
rolling,2020-02-05,20,2,candidate_risk_off,0.19148936170212766,0.15789473684210525,0.6575342465753424
rolling,2020-02-06,20,2,candidate_risk_off,0.1875,0.16071428571428573,0.6527777777777778
rolling,2020-02-07,20,2,candidate_risk_off,0.1836734693877551,0.16363636363636364,0.647887323943662
rolling,2020-02-10,20,2,candidate_risk_off,0.18,0.16666666666666666,0.6428571428571429
rolling,2020-02-11,20,2,candidate_risk_off,0.17647058823529413,0.16981132075471697,0.6376811594202898
rolling,2020-02-12,20,2,candidate_risk_off,0.17307692307692307,0.16981132075471697,0.6470588235294118
rolling,2020-02-13,20,2,candidate_risk_off,0.16981132075471697,0.16981132075471697,0.6567164179104478
rolling,2020-02-14,20,2,candidate_risk_off,0.16666666666666666,0.16981132075471697,0.6666666666666666
rolling,2020-02-17,20,2,candidate_risk_off,0.16363636363636364,0.16981132075471697,0.676923076923077
rolling,2020-02-18,20,2,candidate_risk_off,0.16071428571428573,0.17307692307692307,0.671875
rolling,2020-02-19,20,2,candidate_risk_off,0.15789473684210525,0.17647058823529413,0.6666666666666666
rolling,2020-02-20,20,2,candidate_risk_off,0.15517241379310345,0.18,0.6612903225806451
rolling,2020-02-21,20,2,candidate_risk_off,0.15254237288135594,0.1836734693877551,0.6557377049180327
rolling,2020-02-24,20,2,candidate_risk_off,0.15,0.1875,0.65
rolling,2020-02-25,20,2,candidate_risk_off,0.14754098360655737,0.19148936170212766,0.6440677966101694
rolling,2020-02-26,20,2,candidate_risk_off,0.14516129032258066,0.1956521739130435,0.6379310344827587
rolling,2020-02-27,20,2,candidate_risk_off,0.14285714285714285,0.2,0.631578947368421
rolling,2020-02-28,20,2,candidate_risk_off,0.140625,0.20454545454545456,0.625
rolling,2020-03-02,20,2,candidate_risk_off,0.13846153846153847,0.20930232558139536,0.6181818181818182
rolling,2020-03-03,20,2,candidate_risk_off,0.13636363636363635,0.21428571428571427,0.6111111111111112
rolling,2020-03-04,20,2,candidate_risk_off,0.13432835820895522,0.21951219512195122,0.6037735849056604
rolling,2020-03-05,20,2,candidate_risk_off,0.1323529411764706,0.225,0.5961538461538461
rolling,2020-03-06,20,2,candidate_risk_off,0.13043478260869565,0.23076923076923078,0.5882352941176471
rolling,2020-03-09,20,2,candidate_risk_off,0.12857142857142856,0.23684210526315788,0.58
rolling,2020-03-10,20,2,candidate_risk_off,0.1267605633802817,0.24324324324324326,0.5714285714285714
rolling,2020-03-11,20,2,candidate_risk_off,0.125,0.24324324324324326,0.5833333333333334
rolling,2020-03-12,20,2,candidate_risk_off,0.1232876712328767,0.25,0.574468085106383
rolling,2020-03-13,20,2,candidate_risk_off,0.12162162162162163,0.25,0.5869565217391305
rolling,2020-03-16,20,2,candidate_risk_off,0.12,0.2571428571428571,0.5777777777777777
rolling,2020-03-17,20,2,candidate_risk_off,0.11842105263157894,0.2647058823529412,0.5681818181818182
rolling,2020-03-18,20,2,candidate_risk_off,0.11688311688311688,0.2727272727272727,0.5581395348837209
rolling,2020-03-19,20,2,candidate_risk_off,0.11688311688311688,0.28125,0.5348837209302325
rolling,2020-03-20,20,2,candidate_risk_off,0.11688311688311688,0.2903225806451613,0.5116279069767442
rolling,2020-03-23,20,2,candidate_risk_off,0.11688311688311688,0.2903225806451613,0.5116279069767442
rolling,2020-03-24,20,2,candidate_risk_off,0.11688311688311688,0.3,0.4883720930232558
rolling,2020-03-25,20,2,candidate_risk_off,0.11688311688311688,0.3,0.4883720930232558
rolling,2020-03-26,20,2,candidate_risk_off,0.11688311688311688,0.3103448275862069,0.46511627906976744
rolling,2020-03-27,20,2,candidate_risk_off,0.11688311688311688,0.3103448275862069,0.46511627906976744
rolling,2020-03-30,20,2,candidate_risk_off,0.11688311688311688,0.32142857142857145,0.4418604651162791
rolling,2020-03-31,20,2,candidate_risk_off,0.11688311688311688,0.3333333333333333,0.4186046511627907
rolling,2020-04-01,20,2,candidate_risk_off,0.11688311688311688,0.34615384615384615,0.3953488372093023
rolling,2020-04-03,20,2,candidate_risk_off,0.11688311688311688,0.36,0.37209302325581395
rolling,2020-04-06,20,2,candidate_risk_off,0.11688311688311688,0.36,0.37209302325581395
rolling,2020-04-07,20,2,candidate_risk_off,0.11688311688311688,0.34615384615384615,0.3953488372093023
rolling,2020-04-08,20,2,candidate_risk_off,0.11688311688311688,0.34615384615384615,0.3953488372093023
rolling,2020-04-09,20,2,candidate_risk_off,0.11688311688311688,0.34615384615384615,0.3953488372093023
rolling,2020-04-10,20,2,candidate_risk_off,0.11688311688311688,0.34615384615384615,0.3953488372093023
rolling,2020-04-13,20,2,candidate_risk_off,0.11688311688311688,0.34615384615384615,0.3953488372093023
rolling,2020-04-14,20,2,candidate_risk_off,0.11688311688311688,0.34615384615384615,0.3953488372093023
rolling,2020-04-15,20,2,candidate_risk_off,0.11688311688311688,0.34615384615384615,0.3953488372093023
rolling,2020-04-16,20,2,candidate_risk_off,0.11688311688311688,0.34615384615384615,0.3953488372093023
rolling,2020-04-17,20,2,candidate_risk_off,0.11688311688311688,0.34615384615384615,0.3953488372093023
rolling,2020-04-20,20,2,candidate_risk_off,0.11688311688311688,0.34615384615384615,0.3953488372093023
rolling,2020-04-21,20,2,candidate_risk_off,0.11842105263157894,0.34615384615384615,0.38636363636363635
rolling,2020-04-22,20,2,candidate_risk_off,0.12,0.34615384615384615,0.37777777777777777
rolling,2020-04-23,20,2,candidate_risk_off,0.12162162162162163,0.34615384615384615,0.3695652173913043
rolling,2020-04-24,20,2,candidate_risk_off,0.1232876712328767,0.34615384615384615,0.3617021276595745
rolling,2020-04-27,20,2,candidate_risk_off,0.125,0.34615384615384615,0.3541666666666667
rolling,2020-04-28,20,2,candidate_risk_off,0.1267605633802817,0.34615384615384615,0.3469387755102041
rolling,2020-04-29,20,2,candidate_risk_off,0.12857142857142856,0.34615384615384615,0.34
rolling,2020-05-04,20,2,candidate_risk_off,0.13043478260869565,0.34615384615384615,0.3333333333333333
rolling,2020-05-05,20,2,candidate_risk_off,0.11764705882352941,0.32,0.3269230769230769
rolling,2020-05-06,20,2,candidate_risk_off,0.11940298507462686,0.32,0.32075471698113206
rolling,2020-05-07,20,2,candidate_risk_off,0.12121212121212122,0.32,0.3148148148148148
rolling,2020-05-08,20,2,candidate_risk_off,0.1076923076923077,0.2916666666666667,0.3090909090909091
rolling,2020-05-11,20,2,candidate_risk_off,0.109375,0.2916666666666667,0.30357142857142855
rolling,2020-05-12,20,2,candidate_risk_off,0.09523809523809523,0.2608695652173913,0.2982456140350877
rolling,2020-05-13,20,2,candidate_risk_off,0.0967741935483871,0.2608695652173913,0.29310344827586204
rolling,2020-05-14,20,2,candidate_risk_off,0.09836065573770492,0.2608695652173913,0.288135593220339
rolling,2020-05-15,20,2,candidate_risk_off,0.1,0.2608695652173913,0.2833333333333333
rolling,2020-05-18,20,2,candidate_risk_off,0.0847457627118644,0.22727272727272727,0.2786885245901639
rolling,2020-05-19,20,2,candidate_risk_off,0.06896551724137931,0.19047619047619047,0.27419354838709675
rolling,2020-05-20,20,2,candidate_risk_off,0.05263157894736842,0.15,0.2698412698412698
rolling,2020-05-21,20,2,candidate_risk_off,0.03571428571428571,0.10526315789473684,0.265625
rolling,2020-05-22,20,2,candidate_risk_off,0.03636363636363636,0.10526315789473684,0.26153846153846155
rolling,2020-05-25,20,2,candidate_risk_off,0.018518518518518517,0.05555555555555555,0.25757575757575757
rolling,2020-05-26,20,2,candidate_risk_off,0.0,0.0,0.2537313432835821
rolling,2020-05-27,20,2,candidate_risk_off,0.0,0.0,0.2537313432835821
rolling,2020-05-28,20,2,candidate_risk_off,0.0,0.0,0.26865671641791045
rolling,2020-05-29,20,2,candidate_risk_off,0.0,0.0,0.26865671641791045
rolling,2020-06-01,20,2,candidate_risk_off,0.0,0.0,0.2727272727272727
rolling,2020-06-02,20,2,candidate_risk_off,0.01818181818181818,0.05555555555555555,0.26153846153846155
rolling,2020-06-03,20,2,candidate_risk_off,0.03571428571428571,0.1111111111111111,0.25
rolling,2020-06-04,20,2,candidate_risk_off,0.05263157894736842,0.16666666666666666,0.23809523809523808
rolling,2020-06-05,20,2,candidate_risk_off,0.06896551724137931,0.2222222222222222,0.22580645161290322
rolling,2020-06-08,20,2,candidate_risk_off,0.0847457627118644,0.2777777777777778,0.21311475409836064
rolling,2020-06-09,20,2,candidate_risk_off,0.1,0.3333333333333333,0.2
rolling,2020-06-10,20,2,candidate_risk_off,0.11475409836065574,0.3684210526315789,0.2033898305084746
rolling,2020-06-11,20,2,candidate_risk_off,0.11475409836065574,0.3684210526315789,0.2033898305084746
rolling,2020-06-12,20,2,candidate_risk_off,0.11475409836065574,0.3684210526315789,0.2033898305084746
rolling,2020-06-15,20,2,candidate_risk_off,0.11475409836065574,0.3684210526315789,0.2033898305084746
rolling,2020-06-16,20,2,candidate_risk_off,0.11475409836065574,0.3888888888888889,0.1864406779661017
rolling,2020-06-17,20,2,candidate_risk_off,0.11475409836065574,0.4117647058823529,0.1694915254237288
rolling,2020-06-18,20,2,candidate_risk_off,0.11475409836065574,0.4375,0.15254237288135594
rolling,2020-06-19,20,2,candidate_risk_off,0.11475409836065574,0.4666666666666667,0.13559322033898305
rolling,2020-06-22,20,2,candidate_risk_off,0.11475409836065574,0.5,0.11864406779661017
rolling,2020-06-23,20,2,candidate_risk_off,0.11475409836065574,0.5,0.11864406779661017
rolling,2020-06-24,20,2,candidate_risk_off,0.11666666666666667,0.5,0.11666666666666667
rolling,2020-06-25,20,2,candidate_risk_off,0.11864406779661017,0.5,0.11475409836065574
rolling,2020-06-26,20,2,candidate_risk_off,0.1206896551724138,0.5,0.11290322580645161
rolling,2020-06-29,20,2,candidate_risk_off,0.1206896551724138,0.5,0.11290322580645161
rolling,2020-06-30,20,2,candidate_risk_off,0.12280701754385964,0.5,0.1111111111111111
rolling,2020-07-01,20,2,candidate_risk_off,0.12280701754385964,0.5,0.1111111111111111
rolling,2020-07-02,20,2,candidate_risk_off,0.12280701754385964,0.5,0.1111111111111111
rolling,2020-07-03,20,2,candidate_risk_off,0.12280701754385964,0.5,0.1111111111111111
rolling,2020-07-06,20,2,candidate_risk_off,0.1206896551724138,0.5,0.11290322580645161
rolling,2020-07-07,20,2,candidate_risk_off,0.1206896551724138,0.5,0.11290322580645161
rolling,2020-07-08,20,2,candidate_risk_off,0.12280701754385964,0.5,0.1111111111111111
rolling,2020-07-09,20,2,candidate_risk_off,0.12280701754385964,0.5,0.1111111111111111
rolling,2020-07-10,20,2,candidate_risk_off,0.12280701754385964,0.5,0.1111111111111111
rolling,2020-07-13,20,2,candidate_risk_off,0.12280701754385964,0.5,0.1111111111111111
rolling,2020-07-14,20,2,candidate_risk_off,0.12280701754385964,0.5,0.1111111111111111
rolling,2020-07-15,20,2,candidate_risk_off,0.14035087719298245,0.5333333333333333,0.1111111111111111
rolling,2020-07-16,20,2,candidate_risk_off,0.14035087719298245,0.5333333333333333,0.1111111111111111
rolling,2020-07-17,20,2,candidate_risk_off,0.15789473684210525,0.5625,0.1111111111111111
rolling,2020-07-20,20,2,candidate_risk_off,0.17543859649122806,0.5882352941176471,0.1111111111111111
rolling,2020-07-21,20,2,candidate_risk_off,0.19298245614035087,0.6111111111111112,0.1111111111111111
rolling,2020-07-22,20,2,candidate_risk_off,0.21052631578947367,0.631578947368421,0.1111111111111111
rolling,2020-07-23,20,2,candidate_risk_off,0.22807017543859648,0.65,0.1111111111111111
rolling,2020-07-24,20,2,candidate_risk_off,0.23214285714285715,0.6190476190476191,0.125
rolling,2020-07-27,20,2,candidate_risk_off,0.23636363636363636,0.5909090909090909,0.13846153846153847
rolling,2020-07-28,20,2,candidate_risk_off,0.24074074074074073,0.5652173913043478,0.15151515151515152
rolling,2020-07-29,20,2,candidate_risk_off,0.24528301886792453,0.5416666666666666,0.16417910447761194
rolling,2020-07-30,20,2,candidate_risk_off,0.25,0.52,0.17647058823529413
rolling,2020-07-31,20,2,candidate_risk_off,0.2549019607843137,0.52,0.17391304347826086
rolling,2020-08-03,20,2,candidate_risk_off,0.26,0.52,0.17142857142857143
rolling,2020-08-04,20,2,candidate_risk_off,0.2653061224489796,0.52,0.16901408450704225
rolling,2020-08-05,20,2,candidate_risk_off,0.2708333333333333,0.52,0.16666666666666666
rolling,2020-08-06,20,2,candidate_risk_off,0.2765957446808511,0.52,0.1643835616438356
rolling,2020-08-07,20,2,candidate_risk_off,0.2826086956521739,0.52,0.16216216216216217
rolling,2020-08-10,20,2,candidate_risk_off,0.28888888888888886,0.52,0.16
rolling,2020-08-11,20,2,candidate_risk_off,0.29545454545454547,0.52,0.15789473684210525
rolling,2020-08-12,20,2,candidate_risk_off,0.3023255813953488,0.52,0.15584415584415584
rolling,2020-08-13,20,2,candidate_risk_off,0.30952380952380953,0.52,0.15384615384615385
rolling,2020-08-14,20,2,candidate_risk_off,0.3170731707317073,0.52,0.1518987341772152
rolling,2020-08-17,20,2,candidate_risk_off,0.325,0.52,0.15
rolling,2020-08-18,20,2,candidate_risk_off,0.3333333333333333,0.52,0.14814814814814814
rolling,2020-08-19,20,2,candidate_risk_off,0.34210526315789475,0.52,0.14634146341463414
rolling,2020-08-20,20,2,candidate_risk_off,0.35135135135135137,0.52,0.14457831325301204
rolling,2020-08-21,20,2,candidate_risk_off,0.3611111111111111,0.52,0.14285714285714285
rolling,2020-08-24,20,2,candidate_risk_off,0.37142857142857144,0.52,0.1411764705882353
rolling,2020-08-25,20,2,candidate_risk_off,0.38235294117647056,0.52,0.13953488372093023
rolling,2020-08-26,20,2,candidate_risk_off,0.3939393939393939,0.52,0.13793103448275862
rolling,2020-08-27,20,2,candidate_risk_off,0.40625,0.52,0.13636363636363635
rolling,2020-08-28,20,2,candidate_risk_off,0.41935483870967744,0.52,0.1348314606741573
rolling,2020-08-31,20,2,candidate_risk_off,0.43333333333333335,0.52,0.13333333333333333
rolling,2020-09-01,20,2,candidate_risk_off,0.4482758620689655,0.52,0.13186813186813187
rolling,2020-09-03,20,2,candidate_risk_off,0.4642857142857143,0.52,0.13043478260869565
rolling,2020-09-04,20,2,candidate_risk_off,0.48148148148148145,0.5,0.13978494623655913
rolling,2020-09-07,20,2,candidate_risk_off,0.5,0.48148148148148145,0.14893617021276595
rolling,2020-09-08,20,2,candidate_risk_off,0.52,0.4642857142857143,0.15789473684210525
rolling,2020-09-09,20,2,candidate_risk_off,0.52,0.4642857142857143,0.15789473684210525
rolling,2020-09-10,20,2,candidate_risk_off,0.52,0.4642857142857143,0.15789473684210525
rolling,2020-09-11,20,2,candidate_risk_off,0.52,0.4642857142857143,0.15789473684210525
rolling,2020-09-14,20,2,candidate_risk_off,0.52,0.4642857142857143,0.15789473684210525
rolling,2020-09-15,20,2,candidate_risk_off,0.52,0.4642857142857143,0.15789473684210525
rolling,2020-09-16,20,2,candidate_risk_off,0.52,0.4642857142857143,0.15789473684210525
rolling,2020-09-17,20,2,candidate_risk_off,0.52,0.4642857142857143,0.15789473684210525
rolling,2020-09-18,20,2,candidate_risk_off,0.52,0.4642857142857143,0.15789473684210525
rolling,2020-09-21,20,2,candidate_risk_off,0.52,0.4642857142857143,0.15789473684210525
rolling,2020-09-22,20,2,candidate_risk_off,0.52,0.4482758620689655,0.16842105263157894
rolling,2020-09-23,20,2,candidate_risk_off,0.52,0.43333333333333335,0.17894736842105263
rolling,2020-09-24,20,2,candidate_risk_off,0.52,0.43333333333333335,0.17894736842105263
rolling,2020-09-25,20,2,candidate_risk_off,0.52,0.4482758620689655,0.16842105263157894
rolling,2020-09-28,20,2,candidate_risk_off,0.52,0.43333333333333335,0.17894736842105263
rolling,2020-09-29,20,2,candidate_risk_off,0.52,0.41935483870967744,0.18947368421052632
rolling,2020-09-30,20,2,candidate_risk_off,0.52,0.40625,0.2
rolling,2020-10-01,20,2,candidate_risk_off,0.52,0.40625,0.2
rolling,2020-10-02,20,2,candidate_risk_off,0.52,0.3939393939393939,0.21052631578947367
rolling,2020-10-05,20,2,candidate_risk_off,0.52,0.38235294117647056,0.22105263157894736
rolling,2020-10-06,20,2,candidate_risk_off,0.52,0.37142857142857144,0.23157894736842105
rolling,2020-10-07,20,2,candidate_risk_off,0.52,0.3611111111111111,0.24210526315789474
rolling,2020-10-08,20,2,candidate_risk_off,0.52,0.35135135135135137,0.25263157894736843
rolling,2020-10-09,20,2,candidate_risk_off,0.52,0.34210526315789475,0.2631578947368421
rolling,2020-10-12,20,2,candidate_risk_off,0.52,0.3333333333333333,0.2736842105263158
rolling,2020-10-13,20,2,candidate_risk_off,0.52,0.3333333333333333,0.2736842105263158
rolling,2020-10-14,20,2,candidate_risk_off,0.52,0.325,0.28421052631578947
rolling,2020-10-15,20,2,candidate_risk_off,0.52,0.3170731707317073,0.29473684210526313
rolling,2020-10-16,20,2,candidate_risk_off,0.52,0.30952380952380953,0.30526315789473685
rolling,2020-10-19,20,2,candidate_risk_off,0.52,0.30952380952380953,0.30526315789473685
rolling,2020-10-20,20,2,candidate_risk_off,0.52,0.30952380952380953,0.30526315789473685
rolling,2020-10-21,20,2,candidate_risk_off,0.52,0.30952380952380953,0.30526315789473685
rolling,2020-10-22,20,2,candidate_risk_off,0.52,0.3023255813953488,0.3157894736842105
rolling,2020-10-23,20,2,candidate_risk_off,0.52,0.29545454545454547,0.3263157894736842
rolling,2020-10-26,20,2,candidate_risk_off,0.52,0.28888888888888886,0.3368421052631579
rolling,2020-10-27,20,2,candidate_risk_off,0.52,0.2826086956521739,0.3473684210526316
rolling,2020-10-28,20,2,candidate_risk_off,0.52,0.2826086956521739,0.3473684210526316
rolling,2020-10-29,20,2,candidate_risk_off,0.52,0.2826086956521739,0.3473684210526316
rolling,2020-10-30,20,2,candidate_risk_off,0.52,0.2826086956521739,0.3473684210526316
rolling,2020-11-02,20,2,candidate_risk_off,0.52,0.2765957446808511,0.35789473684210527
rolling,2020-11-03,20,2,candidate_risk_off,0.52,0.2765957446808511,0.35789473684210527
rolling,2020-11-04,20,2,candidate_risk_off,0.52,0.2708333333333333,0.3684210526315789
rolling,2020-11-05,20,2,candidate_risk_off,0.52,0.2653061224489796,0.37894736842105264
rolling,2020-11-06,20,2,candidate_risk_off,0.52,0.2653061224489796,0.37894736842105264
rolling,2020-11-09,20,2,candidate_risk_off,0.52,0.2653061224489796,0.37894736842105264
rolling,2020-11-10,20,2,candidate_risk_off,0.52,0.26,0.3894736842105263
rolling,2020-11-11,20,2,candidate_risk_off,0.52,0.2549019607843137,0.4
rolling,2020-11-12,20,2,candidate_risk_off,0.52,0.26,0.3894736842105263
rolling,2020-11-13,20,2,candidate_risk_off,0.52,0.2653061224489796,0.37894736842105264
rolling,2020-11-16,20,2,candidate_risk_off,0.52,0.26,0.3894736842105263
rolling,2020-11-17,20,2,candidate_risk_off,0.5416666666666666,0.26,0.3854166666666667
rolling,2020-11-18,20,2,candidate_risk_off,0.5217391304347826,0.24,0.3917525773195876
rolling,2020-11-19,20,2,candidate_risk_off,0.5,0.22,0.3979591836734694
rolling,2020-11-20,20,2,candidate_risk_off,0.47619047619047616,0.2,0.40404040404040403
rolling,2020-11-23,20,2,candidate_risk_off,0.45,0.18,0.41
rolling,2020-11-24,20,2,candidate_risk_off,0.42105263157894735,0.16,0.4158415841584158
rolling,2020-11-25,20,2,candidate_risk_off,0.3888888888888889,0.14,0.4215686274509804
rolling,2020-11-26,20,2,candidate_risk_off,0.35294117647058826,0.12,0.42718446601941745
rolling,2020-11-27,20,2,candidate_risk_off,0.35294117647058826,0.12,0.42718446601941745
rolling,2020-11-30,20,2,candidate_risk_off,0.35294117647058826,0.12,0.42718446601941745
rolling,2020-12-01,20,2,candidate_risk_off,0.35294117647058826,0.12,0.42718446601941745
rolling,2020-12-02,20,2,candidate_risk_off,0.35294117647058826,0.11764705882352941,0.4368932038834951
rolling,2020-12-03,20,2,candidate_risk_off,0.35294117647058826,0.11538461538461539,0.44660194174757284
rolling,2020-12-04,20,2,candidate_risk_off,0.35294117647058826,0.11320754716981132,0.4563106796116505
rolling,2020-12-07,20,2,candidate_risk_off,0.35294117647058826,0.1111111111111111,0.46601941747572817
rolling,2020-12-08,20,2,candidate_risk_off,0.35294117647058826,0.10909090909090909,0.47572815533980584
rolling,2020-12-09,20,2,candidate_risk_off,0.35294117647058826,0.10714285714285714,0.4854368932038835
rolling,2020-12-10,20,2,candidate_risk_off,0.35294117647058826,0.10526315789473684,0.49514563106796117
rolling,2020-12-11,20,2,candidate_risk_off,0.35294117647058826,0.10344827586206896,0.5048543689320388
rolling,2020-12-14,20,2,candidate_risk_off,0.35294117647058826,0.1016949152542373,0.5145631067961165
rolling,2020-12-15,20,2,candidate_risk_off,0.375,0.1,0.5192307692307693
rolling,2020-12-16,20,2,candidate_risk_off,0.375,0.09836065573770492,0.5288461538461539
rolling,2020-12-17,20,2,candidate_risk_off,0.4,0.0967741935483871,0.5333333333333333
rolling,2020-12-18,20,2,candidate_risk_off,0.42857142857142855,0.09523809523809523,0.5377358490566038
rolling,2020-12-21,20,2,candidate_risk_off,0.46153846153846156,0.09523809523809523,0.5327102803738317
rolling,2020-12-22,20,2,candidate_risk_off,0.5,0.09375,0.5370370370370371
rolling,2020-12-23,20,2,candidate_risk_off,0.5454545454545454,0.09230769230769231,0.5412844036697247
rolling,2020-12-24,20,2,candidate_risk_off,0.5454545454545454,0.09090909090909091,0.5504587155963303
rolling,2020-12-25,20,2,candidate_risk_off,0.6,0.08955223880597014,0.5545454545454546
rolling,2020-12-28,20,2,candidate_risk_off,0.6666666666666666,0.08823529411764706,0.5585585585585585
rolling,2020-12-29,20,2,candidate_risk_off,0.75,0.08695652173913043,0.5625
rolling,2020-12-30,20,2,candidate_risk_off,0.875,0.1,0.5625
rolling,2020-12-31,20,2,candidate_risk_off,0.875,0.1,0.5625
rolling,2021-01-04,20,2,candidate_risk_off,1.0,0.11267605633802817,0.5625
rolling,2021-01-05,20,2,candidate_risk_off,0.875,0.1,0.5625
rolling,2021-01-06,20,2,candidate_risk_off,0.75,0.08695652173913043,0.5625
rolling,2021-01-07,20,2,candidate_risk_off,0.625,0.07352941176470588,0.5625
rolling,2021-01-08,20,2,candidate_risk_off,0.5,0.05970149253731343,0.5625
rolling,2021-01-11,20,2,candidate_risk_off,0.375,0.045454545454545456,0.5625
rolling,2021-01-12,20,2,candidate_risk_off,0.3333333333333333,0.046153846153846156,0.5585585585585585
rolling,2021-01-13,20,2,candidate_risk_off,0.3,0.046875,0.5545454545454546
rolling,2021-01-14,20,2,candidate_risk_off,0.2727272727272727,0.047619047619047616,0.5504587155963303
rolling,2021-01-15,20,2,candidate_risk_off,0.25,0.04838709677419355,0.5462962962962963
rolling,2021-01-18,20,2,candidate_risk_off,0.23076923076923078,0.04918032786885246,0.5420560747663551
rolling,2021-01-19,20,2,candidate_risk_off,0.21428571428571427,0.04918032786885246,0.5471698113207547
rolling,2021-01-20,20,2,candidate_risk_off,0.2,0.04918032786885246,0.5523809523809524
rolling,2021-01-21,20,2,candidate_risk_off,0.1875,0.04918032786885246,0.5576923076923077
rolling,2021-01-22,20,2,candidate_risk_off,0.17647058823529413,0.04918032786885246,0.5631067961165048
rolling,2021-01-25,20,2,candidate_risk_off,0.16666666666666666,0.04918032786885246,0.5686274509803921
rolling,2021-01-26,20,2,candidate_risk_off,0.15789473684210525,0.04918032786885246,0.5742574257425742
rolling,2021-01-27,20,2,candidate_risk_off,0.15789473684210525,0.04918032786885246,0.5742574257425742
rolling,2021-01-28,20,2,candidate_risk_off,0.15789473684210525,0.04918032786885246,0.5742574257425742
rolling,2021-01-29,20,2,candidate_risk_off,0.15789473684210525,0.04918032786885246,0.5742574257425742
rolling,2021-02-01,20,2,candidate_risk_off,0.15789473684210525,0.04918032786885246,0.5742574257425742
rolling,2021-02-02,20,2,candidate_risk_off,0.15789473684210525,0.04918032786885246,0.5742574257425742
rolling,2021-02-03,20,2,candidate_risk_off,0.15789473684210525,0.04918032786885246,0.5742574257425742
rolling,2021-02-04,20,2,candidate_risk_off,0.15789473684210525,0.04918032786885246,0.5742574257425742
rolling,2021-02-05,20,2,candidate_risk_off,0.15789473684210525,0.04918032786885246,0.5742574257425742
rolling,2021-02-08,20,2,candidate_risk_off,0.15789473684210525,0.04918032786885246,0.5742574257425742
rolling,2021-02-09,20,2,candidate_risk_off,0.15789473684210525,0.04918032786885246,0.5742574257425742
rolling,2021-02-17,20,2,candidate_risk_off,0.15789473684210525,0.04918032786885246,0.5742574257425742
rolling,2021-02-18,20,2,candidate_risk_off,0.15789473684210525,0.04918032786885246,0.5742574257425742
rolling,2021-02-19,20,2,candidate_risk_off,0.15789473684210525,0.04918032786885246,0.5742574257425742
rolling,2021-02-22,20,2,candidate_risk_off,0.15789473684210525,0.04918032786885246,0.5742574257425742
rolling,2021-02-23,20,2,candidate_risk_off,0.15789473684210525,0.04918032786885246,0.5742574257425742
rolling,2021-02-24,20,2,candidate_risk_off,0.15789473684210525,0.04918032786885246,0.5742574257425742
rolling,2021-02-25,20,2,candidate_risk_off,0.15789473684210525,0.04918032786885246,0.5742574257425742
rolling,2021-02-26,20,2,candidate_risk_off,0.15789473684210525,0.04918032786885246,0.5742574257425742
rolling,2021-03-01,20,2,candidate_risk_off,0.15789473684210525,0.05,0.5643564356435643
rolling,2021-03-02,20,2,candidate_risk_off,0.15789473684210525,0.05084745762711865,0.5544554455445545
rolling,2021-03-03,20,2,candidate_risk_off,0.15789473684210525,0.05172413793103448,0.5445544554455446
rolling,2021-03-04,20,2,candidate_risk_off,0.15789473684210525,0.05172413793103448,0.5445544554455446
rolling,2015-04-23,40,0,multiclass_probability_sum,0.9375,0.38461538461538464,1.0
rolling,2015-04-24,40,0,multiclass_probability_sum,0.9375,0.375,1.0
rolling,2015-04-27,40,0,multiclass_probability_sum,0.9375,0.36585365853658536,1.0
rolling,2015-05-04,40,0,multiclass_probability_sum,0.9375,0.35714285714285715,1.0
rolling,2015-05-05,40,0,multiclass_probability_sum,0.9375,0.3488372093023256,1.0
rolling,2015-05-06,40,0,multiclass_probability_sum,0.9375,0.3409090909090909,1.0
rolling,2015-05-07,40,0,multiclass_probability_sum,0.9375,0.3333333333333333,1.0
rolling,2015-05-08,40,0,multiclass_probability_sum,0.9375,0.32608695652173914,1.0
rolling,2015-05-11,40,0,multiclass_probability_sum,0.9375,0.3191489361702128,1.0
rolling,2015-05-12,40,0,multiclass_probability_sum,0.9375,0.3125,1.0
rolling,2015-05-13,40,0,multiclass_probability_sum,0.9375,0.30612244897959184,1.0
rolling,2015-05-14,40,0,multiclass_probability_sum,0.9375,0.3,1.0
rolling,2015-05-15,40,0,multiclass_probability_sum,0.9375,0.29411764705882354,1.0
rolling,2015-05-18,40,0,multiclass_probability_sum,0.9375,0.28846153846153844,1.0
rolling,2015-05-19,40,0,multiclass_probability_sum,0.9375,0.2830188679245283,1.0
rolling,2015-05-20,40,0,multiclass_probability_sum,0.9375,0.2777777777777778,1.0
rolling,2015-05-21,40,0,multiclass_probability_sum,0.9375,0.2727272727272727,1.0
rolling,2015-05-22,40,0,multiclass_probability_sum,0.9375,0.26785714285714285,1.0
rolling,2015-05-25,40,0,multiclass_probability_sum,0.9375,0.2631578947368421,1.0
rolling,2015-05-26,40,0,multiclass_probability_sum,0.9375,0.25862068965517243,1.0
rolling,2015-05-27,40,0,multiclass_probability_sum,0.9375,0.2542372881355932,1.0
rolling,2015-05-28,40,0,multiclass_probability_sum,0.9375,0.25,1.0
rolling,2015-05-29,40,0,multiclass_probability_sum,0.9375,0.2459016393442623,1.0
rolling,2015-06-01,40,0,multiclass_probability_sum,0.9375,0.24193548387096775,1.0
rolling,2015-06-02,40,0,multiclass_probability_sum,0.9375,0.23809523809523808,1.0
rolling,2015-06-03,40,0,multiclass_probability_sum,0.9375,0.234375,1.0
rolling,2015-06-04,40,0,multiclass_probability_sum,0.9375,0.23076923076923078,1.0
rolling,2015-06-05,40,0,multiclass_probability_sum,0.9375,0.22727272727272727,1.0
rolling,2015-06-08,40,0,multiclass_probability_sum,0.9375,0.22388059701492538,1.0
rolling,2015-06-09,40,0,multiclass_probability_sum,0.9375,0.22058823529411764,1.0
rolling,2015-06-10,40,0,multiclass_probability_sum,0.9375,0.21739130434782608,1.0
rolling,2015-06-11,40,0,multiclass_probability_sum,0.9375,0.21428571428571427,1.0
rolling,2015-06-12,40,0,multiclass_probability_sum,0.9375,0.2112676056338028,1.0
rolling,2015-06-15,40,0,multiclass_probability_sum,0.9375,0.20833333333333334,1.0
rolling,2015-06-16,40,0,multiclass_probability_sum,0.9375,0.2054794520547945,1.0
rolling,2015-06-17,40,0,multiclass_probability_sum,0.9375,0.20270270270270271,1.0
rolling,2015-06-18,40,0,multiclass_probability_sum,0.9375,0.2,1.0
rolling,2015-06-19,40,0,multiclass_probability_sum,0.9375,0.19736842105263158,1.0
rolling,2015-06-22,40,0,multiclass_probability_sum,0.9411764705882353,0.2077922077922078,1.0
rolling,2015-06-23,40,0,multiclass_probability_sum,0.9411764705882353,0.20512820512820512,1.0
rolling,2015-06-24,40,0,multiclass_probability_sum,0.9411764705882353,0.20253164556962025,1.0
rolling,2015-06-25,40,0,multiclass_probability_sum,0.9444444444444444,0.2125,1.0
rolling,2015-06-26,40,0,multiclass_probability_sum,0.9473684210526315,0.2222222222222222,1.0
rolling,2015-06-29,40,0,multiclass_probability_sum,0.95,0.23170731707317074,1.0
rolling,2015-06-30,40,0,multiclass_probability_sum,0.9523809523809523,0.24096385542168675,1.0
rolling,2015-07-01,40,0,multiclass_probability_sum,0.9545454545454546,0.25,1.0
rolling,2015-07-02,40,0,multiclass_probability_sum,0.9565217391304348,0.25882352941176473,1.0
rolling,2015-07-03,40,0,multiclass_probability_sum,0.9583333333333334,0.26744186046511625,1.0
rolling,2015-07-06,40,0,multiclass_probability_sum,0.96,0.27586206896551724,1.0
rolling,2015-07-07,40,0,multiclass_probability_sum,0.9615384615384616,0.2840909090909091,1.0
rolling,2015-07-08,40,0,multiclass_probability_sum,0.9629629629629629,0.29213483146067415,1.0
rolling,2015-07-09,40,0,multiclass_probability_sum,0.9642857142857143,0.3,1.0
rolling,2015-07-10,40,0,multiclass_probability_sum,0.9655172413793104,0.3076923076923077,1.0
rolling,2015-07-13,40,0,multiclass_probability_sum,0.9666666666666667,0.31521739130434784,1.0
rolling,2015-07-14,40,0,multiclass_probability_sum,0.967741935483871,0.3225806451612903,1.0
rolling,2015-07-15,40,0,multiclass_probability_sum,0.96875,0.32978723404255317,1.0
rolling,2015-07-16,40,0,multiclass_probability_sum,0.9696969696969697,0.3368421052631579,1.0
rolling,2015-07-17,40,0,multiclass_probability_sum,0.9705882352941176,0.34375,1.0
rolling,2015-07-20,40,0,multiclass_probability_sum,0.9714285714285714,0.35051546391752575,1.0
rolling,2015-07-21,40,0,multiclass_probability_sum,0.9722222222222222,0.35714285714285715,1.0
rolling,2015-07-22,40,0,multiclass_probability_sum,0.972972972972973,0.36363636363636365,1.0
rolling,2015-07-23,40,0,multiclass_probability_sum,0.9736842105263158,0.37,1.0
rolling,2015-07-24,40,0,multiclass_probability_sum,0.9743589743589743,0.37623762376237624,1.0
rolling,2015-07-27,40,0,multiclass_probability_sum,0.975,0.38235294117647056,1.0
rolling,2015-07-28,40,0,multiclass_probability_sum,0.975609756097561,0.3883495145631068,1.0
rolling,2015-07-29,40,0,multiclass_probability_sum,0.9761904761904762,0.3942307692307692,1.0
rolling,2015-07-30,40,0,multiclass_probability_sum,0.9767441860465116,0.4,1.0
rolling,2015-07-31,40,0,multiclass_probability_sum,0.9772727272727273,0.4056603773584906,1.0
rolling,2015-08-03,40,0,multiclass_probability_sum,0.9777777777777777,0.411214953271028,1.0
rolling,2015-08-04,40,0,multiclass_probability_sum,0.9782608695652174,0.4166666666666667,1.0
rolling,2015-08-05,40,0,multiclass_probability_sum,0.9787234042553191,0.42201834862385323,1.0
rolling,2015-08-06,40,0,multiclass_probability_sum,0.9791666666666666,0.42727272727272725,1.0
rolling,2015-08-07,40,0,multiclass_probability_sum,0.9795918367346939,0.43243243243243246,1.0
rolling,2015-08-10,40,0,multiclass_probability_sum,0.98,0.4375,1.0
rolling,2015-08-11,40,0,multiclass_probability_sum,0.9803921568627451,0.4424778761061947,1.0
rolling,2015-08-12,40,0,multiclass_probability_sum,0.9807692307692307,0.4473684210526316,1.0
rolling,2015-08-13,40,0,multiclass_probability_sum,0.9811320754716981,0.45217391304347826,1.0
rolling,2015-08-14,40,0,multiclass_probability_sum,0.9814814814814815,0.45689655172413796,1.0
rolling,2015-08-17,40,0,multiclass_probability_sum,0.9814814814814815,0.452991452991453,1.0
rolling,2015-08-18,40,0,multiclass_probability_sum,0.9814814814814815,0.4491525423728814,1.0
rolling,2015-08-19,40,0,multiclass_probability_sum,0.9814814814814815,0.44537815126050423,1.0
rolling,2015-08-20,40,0,multiclass_probability_sum,1.0,0.44166666666666665,1.0
rolling,2015-08-21,40,0,multiclass_probability_sum,1.0,0.43333333333333335,1.0
rolling,2015-08-24,40,0,multiclass_probability_sum,1.0,0.425,1.0
rolling,2015-08-25,40,0,multiclass_probability_sum,1.0,0.4166666666666667,1.0
rolling,2015-08-26,40,0,multiclass_probability_sum,1.0,0.4117647058823529,0.9859154929577465
rolling,2015-08-27,40,0,multiclass_probability_sum,1.0,0.40336134453781514,0.9861111111111112
rolling,2015-08-28,40,0,multiclass_probability_sum,1.0,0.3983050847457627,0.9726027397260274
rolling,2015-08-31,40,0,multiclass_probability_sum,1.0,0.3898305084745763,0.972972972972973
rolling,2015-09-01,40,0,multiclass_probability_sum,1.0,0.3813559322033898,0.9733333333333334
rolling,2015-09-03,40,0,multiclass_probability_sum,1.0,0.3728813559322034,0.9736842105263158
rolling,2015-09-04,40,0,multiclass_probability_sum,1.0,0.3644067796610169,0.974025974025974
rolling,2015-09-07,40,0,multiclass_probability_sum,1.0,0.3559322033898305,0.9743589743589743
rolling,2015-09-08,40,0,multiclass_probability_sum,1.0,0.3474576271186441,0.9746835443037974
rolling,2015-09-09,40,0,multiclass_probability_sum,1.0,0.3389830508474576,0.975
rolling,2015-09-10,40,0,multiclass_probability_sum,1.0,0.3305084745762712,0.9753086419753086
rolling,2015-09-11,40,0,multiclass_probability_sum,1.0,0.3220338983050847,0.975609756097561
rolling,2015-09-14,40,0,multiclass_probability_sum,1.0,0.3220338983050847,0.975609756097561
rolling,2015-09-15,40,0,multiclass_probability_sum,1.0,0.3220338983050847,0.975609756097561
rolling,2015-09-16,40,0,multiclass_probability_sum,1.0,0.3220338983050847,0.975609756097561
rolling,2015-09-17,40,0,multiclass_probability_sum,1.0,0.3220338983050847,0.975609756097561
rolling,2015-09-18,40,0,multiclass_probability_sum,1.0,0.3220338983050847,0.975609756097561
rolling,2015-09-21,40,0,multiclass_probability_sum,1.0,0.3220338983050847,0.975609756097561
rolling,2015-09-22,40,0,multiclass_probability_sum,1.0,0.3220338983050847,0.975609756097561
rolling,2015-09-23,40,0,multiclass_probability_sum,1.0,0.3220338983050847,0.975609756097561
rolling,2015-09-24,40,0,multiclass_probability_sum,1.0,0.3220338983050847,0.975609756097561
rolling,2015-09-25,40,0,multiclass_probability_sum,1.0,0.3220338983050847,0.975609756097561
rolling,2015-09-28,40,0,multiclass_probability_sum,1.0,0.3220338983050847,0.975609756097561
rolling,2015-09-29,40,0,multiclass_probability_sum,1.0,0.3220338983050847,0.975609756097561
rolling,2015-09-30,40,0,multiclass_probability_sum,1.0,0.3220338983050847,0.975609756097561
rolling,2015-10-01,40,0,multiclass_probability_sum,1.0,0.3220338983050847,0.975609756097561
rolling,2015-10-02,40,0,multiclass_probability_sum,1.0,0.3220338983050847,0.975609756097561
rolling,2015-10-05,40,0,multiclass_probability_sum,1.0,0.3220338983050847,0.975609756097561
rolling,2015-10-06,40,0,multiclass_probability_sum,1.0,0.3220338983050847,0.975609756097561
rolling,2015-10-07,40,0,multiclass_probability_sum,1.0,0.3220338983050847,0.975609756097561
rolling,2015-10-08,40,0,multiclass_probability_sum,1.0,0.3220338983050847,0.975609756097561
rolling,2015-10-09,40,0,multiclass_probability_sum,1.0,0.3220338983050847,0.975609756097561
rolling,2015-10-12,40,0,multiclass_probability_sum,1.0,0.3305084745762712,0.9753086419753086
rolling,2015-10-13,40,0,multiclass_probability_sum,1.0,0.3305084745762712,0.9753086419753086
rolling,2015-10-14,40,0,multiclass_probability_sum,1.0,0.3389830508474576,0.975
rolling,2015-10-15,40,0,multiclass_probability_sum,1.0,0.3474576271186441,0.9746835443037974
rolling,2015-10-16,40,0,multiclass_probability_sum,1.0,0.3559322033898305,0.9743589743589743
rolling,2015-10-19,40,0,multiclass_probability_sum,1.0,0.3644067796610169,0.974025974025974
rolling,2015-10-20,40,0,multiclass_probability_sum,1.0,0.3728813559322034,0.9736842105263158
rolling,2015-10-21,40,0,multiclass_probability_sum,1.0,0.3728813559322034,0.9736842105263158
rolling,2015-10-22,40,0,multiclass_probability_sum,1.0,0.3728813559322034,0.9736842105263158
rolling,2015-10-23,40,0,multiclass_probability_sum,1.0,0.3813559322033898,0.9733333333333334
rolling,2015-10-26,40,0,multiclass_probability_sum,1.0,0.3898305084745763,0.972972972972973
rolling,2015-10-27,40,0,multiclass_probability_sum,1.0,0.3983050847457627,0.9726027397260274
rolling,2015-10-28,40,0,multiclass_probability_sum,1.0,0.4067796610169492,0.9722222222222222
rolling,2015-10-29,40,0,multiclass_probability_sum,0.9795918367346939,0.41025641025641024,0.971830985915493
rolling,2015-10-30,40,0,multiclass_probability_sum,0.96,0.41379310344827586,0.9714285714285714
rolling,2015-11-02,40,0,multiclass_probability_sum,0.9607843137254902,0.4224137931034483,0.9710144927536232
rolling,2015-11-03,40,0,multiclass_probability_sum,0.9423076923076923,0.4260869565217391,0.9705882352941176
rolling,2015-11-04,40,0,multiclass_probability_sum,0.9245283018867925,0.4298245614035088,0.9701492537313433
rolling,2015-11-05,40,0,multiclass_probability_sum,0.9074074074074074,0.4336283185840708,0.9696969696969697
rolling,2015-11-06,40,0,multiclass_probability_sum,0.9090909090909091,0.4424778761061947,0.9692307692307692
rolling,2015-11-09,40,0,multiclass_probability_sum,0.9107142857142857,0.45132743362831856,0.96875
rolling,2015-11-10,40,0,multiclass_probability_sum,0.9122807017543859,0.46017699115044247,0.9682539682539683
rolling,2015-11-11,40,0,multiclass_probability_sum,0.9137931034482759,0.4690265486725664,0.967741935483871
rolling,2015-11-12,40,0,multiclass_probability_sum,0.8983050847457628,0.4732142857142857,0.9672131147540983
rolling,2015-11-13,40,0,multiclass_probability_sum,0.8833333333333333,0.4774774774774775,0.9666666666666667
rolling,2015-11-16,40,0,multiclass_probability_sum,0.8852459016393442,0.4864864864864865,0.9661016949152542
rolling,2015-11-17,40,0,multiclass_probability_sum,0.8870967741935484,0.4954954954954955,0.9655172413793104
rolling,2015-11-18,40,0,multiclass_probability_sum,0.8888888888888888,0.5045045045045045,0.9649122807017544
rolling,2015-11-19,40,0,multiclass_probability_sum,0.890625,0.5135135135135135,0.9642857142857143
rolling,2015-11-20,40,0,multiclass_probability_sum,0.8923076923076924,0.5225225225225225,0.9636363636363636
rolling,2015-11-23,40,0,multiclass_probability_sum,0.8939393939393939,0.5315315315315315,0.9629629629629629
rolling,2015-11-24,40,0,multiclass_probability_sum,0.8955223880597015,0.5405405405405406,0.9622641509433962
rolling,2015-11-25,40,0,multiclass_probability_sum,0.8970588235294118,0.5495495495495496,0.9615384615384616
rolling,2015-11-26,40,0,multiclass_probability_sum,0.8985507246376812,0.5585585585585585,0.9607843137254902
rolling,2015-11-27,40,0,multiclass_probability_sum,0.9,0.5675675675675675,0.96
rolling,2015-11-30,40,0,multiclass_probability_sum,0.9014084507042254,0.5765765765765766,0.9591836734693877
rolling,2015-12-01,40,0,multiclass_probability_sum,0.9027777777777778,0.5855855855855856,0.9583333333333334
rolling,2015-12-02,40,0,multiclass_probability_sum,0.9041095890410958,0.5945945945945946,0.9574468085106383
rolling,2015-12-03,40,0,multiclass_probability_sum,0.9054054054054054,0.6036036036036037,0.9565217391304348
rolling,2015-12-04,40,0,multiclass_probability_sum,0.9066666666666666,0.6126126126126126,0.9555555555555556
rolling,2015-12-07,40,0,multiclass_probability_sum,0.9078947368421053,0.6216216216216216,0.9545454545454546
rolling,2015-12-08,40,0,multiclass_probability_sum,0.9078947368421053,0.6216216216216216,0.9545454545454546
rolling,2015-12-09,40,0,multiclass_probability_sum,0.9090909090909091,0.6306306306306306,0.9534883720930233
rolling,2015-12-10,40,0,multiclass_probability_sum,0.9090909090909091,0.6306306306306306,0.9534883720930233
rolling,2015-12-11,40,0,multiclass_probability_sum,0.9090909090909091,0.6306306306306306,0.9534883720930233
rolling,2015-12-14,40,0,multiclass_probability_sum,0.9078947368421053,0.6216216216216216,0.9545454545454546
rolling,2015-12-15,40,0,multiclass_probability_sum,0.9078947368421053,0.6216216216216216,0.9545454545454546
rolling,2015-12-16,40,0,multiclass_probability_sum,0.9078947368421053,0.6216216216216216,0.9545454545454546
rolling,2015-12-17,40,0,multiclass_probability_sum,0.9078947368421053,0.6216216216216216,0.9545454545454546
rolling,2015-12-18,40,0,multiclass_probability_sum,0.9066666666666666,0.6126126126126126,0.9555555555555556
rolling,2015-12-21,40,0,multiclass_probability_sum,0.9054054054054054,0.6036036036036037,0.9565217391304348
rolling,2015-12-22,40,0,multiclass_probability_sum,0.9041095890410958,0.5945945945945946,0.9574468085106383
rolling,2015-12-23,40,0,multiclass_probability_sum,0.9027777777777778,0.5855855855855856,0.9583333333333334
rolling,2015-12-24,40,0,multiclass_probability_sum,0.9014084507042254,0.5765765765765766,0.9591836734693877
rolling,2015-12-25,40,0,multiclass_probability_sum,0.9014084507042254,0.5765765765765766,0.9591836734693877
rolling,2015-12-28,40,0,multiclass_probability_sum,0.9014084507042254,0.5765765765765766,0.9591836734693877
rolling,2015-12-29,40,0,multiclass_probability_sum,0.9014084507042254,0.5765765765765766,0.9591836734693877
rolling,2015-12-30,40,0,multiclass_probability_sum,0.9014084507042254,0.5765765765765766,0.9591836734693877
rolling,2015-12-31,40,0,multiclass_probability_sum,0.9014084507042254,0.5765765765765766,0.9591836734693877
rolling,2016-01-04,40,0,multiclass_probability_sum,0.9014084507042254,0.5765765765765766,0.9591836734693877
rolling,2016-01-05,40,0,multiclass_probability_sum,0.9014084507042254,0.5765765765765766,0.9591836734693877
rolling,2016-01-06,40,0,multiclass_probability_sum,0.9014084507042254,0.5765765765765766,0.9591836734693877
rolling,2016-01-07,40,0,multiclass_probability_sum,0.9,0.5675675675675675,0.96
rolling,2016-01-08,40,0,multiclass_probability_sum,0.8985507246376812,0.5585585585585585,0.9607843137254902
rolling,2016-01-11,40,0,multiclass_probability_sum,0.8970588235294118,0.5495495495495496,0.9615384615384616
rolling,2016-01-12,40,0,multiclass_probability_sum,0.8955223880597015,0.5405405405405406,0.9622641509433962
rolling,2016-01-13,40,0,multiclass_probability_sum,0.8939393939393939,0.5315315315315315,0.9629629629629629
rolling,2016-01-14,40,0,multiclass_probability_sum,0.8923076923076924,0.5225225225225225,0.9636363636363636
rolling,2016-01-15,40,0,multiclass_probability_sum,0.890625,0.5135135135135135,0.9642857142857143
rolling,2016-01-18,40,0,multiclass_probability_sum,0.8888888888888888,0.509090909090909,0.9473684210526315
rolling,2016-01-19,40,0,multiclass_probability_sum,0.8870967741935484,0.5045871559633027,0.9310344827586207
rolling,2016-01-20,40,0,multiclass_probability_sum,0.8852459016393442,0.4954128440366973,0.9322033898305084
rolling,2016-01-21,40,0,multiclass_probability_sum,0.8833333333333333,0.48623853211009177,0.9333333333333333
rolling,2016-01-22,40,0,multiclass_probability_sum,0.8813559322033898,0.48148148148148145,0.9180327868852459
rolling,2016-01-25,40,0,multiclass_probability_sum,0.8793103448275862,0.4766355140186916,0.9032258064516129
rolling,2016-01-26,40,0,multiclass_probability_sum,0.8771929824561403,0.4716981132075472,0.8888888888888888
rolling,2016-01-27,40,0,multiclass_probability_sum,0.875,0.4666666666666667,0.875
rolling,2016-01-28,40,0,multiclass_probability_sum,0.8727272727272727,0.46153846153846156,0.8615384615384616
rolling,2016-01-29,40,0,multiclass_probability_sum,0.8703703703703703,0.4563106796116505,0.8484848484848485
rolling,2016-02-01,40,0,multiclass_probability_sum,0.8679245283018868,0.44660194174757284,0.8507462686567164
rolling,2016-02-02,40,0,multiclass_probability_sum,0.8653846153846154,0.4368932038834951,0.8529411764705882
rolling,2016-02-03,40,0,multiclass_probability_sum,0.8653846153846154,0.4368932038834951,0.8529411764705882
rolling,2016-02-04,40,0,multiclass_probability_sum,0.8653846153846154,0.4368932038834951,0.8529411764705882
rolling,2016-02-05,40,0,multiclass_probability_sum,0.8653846153846154,0.4368932038834951,0.8529411764705882
rolling,2016-02-15,40,0,multiclass_probability_sum,0.8653846153846154,0.4368932038834951,0.8529411764705882
rolling,2016-02-16,40,0,multiclass_probability_sum,0.8653846153846154,0.4368932038834951,0.8529411764705882
rolling,2016-02-17,40,0,multiclass_probability_sum,0.8653846153846154,0.4368932038834951,0.8529411764705882
rolling,2016-02-18,40,0,multiclass_probability_sum,0.8653846153846154,0.4368932038834951,0.8529411764705882
rolling,2016-02-19,40,0,multiclass_probability_sum,0.8653846153846154,0.4326923076923077,0.8676470588235294
rolling,2016-02-22,40,0,multiclass_probability_sum,0.8653846153846154,0.4326923076923077,0.8676470588235294
rolling,2016-02-23,40,0,multiclass_probability_sum,0.8653846153846154,0.42857142857142855,0.8823529411764706
rolling,2016-02-24,40,0,multiclass_probability_sum,0.8653846153846154,0.4326923076923077,0.8676470588235294
rolling,2016-02-25,40,0,multiclass_probability_sum,0.8653846153846154,0.4326923076923077,0.8676470588235294
rolling,2016-02-26,40,0,multiclass_probability_sum,0.8653846153846154,0.4368932038834951,0.8529411764705882
rolling,2016-02-29,40,0,multiclass_probability_sum,0.8653846153846154,0.4368932038834951,0.8529411764705882
rolling,2016-03-01,40,0,multiclass_probability_sum,0.8653846153846154,0.4368932038834951,0.8529411764705882
rolling,2016-03-02,40,0,multiclass_probability_sum,0.8653846153846154,0.4411764705882353,0.8382352941176471
rolling,2016-03-03,40,0,multiclass_probability_sum,0.8653846153846154,0.4411764705882353,0.8382352941176471
rolling,2016-03-04,40,0,multiclass_probability_sum,0.8653846153846154,0.4411764705882353,0.8382352941176471
rolling,2016-03-07,40,0,multiclass_probability_sum,0.8653846153846154,0.4411764705882353,0.8382352941176471
rolling,2016-03-08,40,0,multiclass_probability_sum,0.8653846153846154,0.4411764705882353,0.8382352941176471
rolling,2016-03-09,40,0,multiclass_probability_sum,0.8653846153846154,0.4411764705882353,0.8382352941176471
rolling,2016-03-10,40,0,multiclass_probability_sum,0.8653846153846154,0.44554455445544555,0.8235294117647058
rolling,2016-03-11,40,0,multiclass_probability_sum,0.8653846153846154,0.44554455445544555,0.8235294117647058
rolling,2016-03-14,40,0,multiclass_probability_sum,0.8653846153846154,0.44554455445544555,0.8235294117647058
rolling,2016-03-15,40,0,multiclass_probability_sum,0.8653846153846154,0.44554455445544555,0.8235294117647058
rolling,2016-03-16,40,0,multiclass_probability_sum,0.8653846153846154,0.44554455445544555,0.8235294117647058
rolling,2016-03-17,40,0,multiclass_probability_sum,0.8653846153846154,0.44554455445544555,0.8235294117647058
rolling,2016-03-18,40,0,multiclass_probability_sum,0.8653846153846154,0.44554455445544555,0.8235294117647058
rolling,2016-03-21,40,0,multiclass_probability_sum,0.8653846153846154,0.44554455445544555,0.8235294117647058
rolling,2016-03-22,40,0,multiclass_probability_sum,0.8653846153846154,0.44554455445544555,0.8235294117647058
rolling,2016-03-23,40,0,multiclass_probability_sum,0.8653846153846154,0.44554455445544555,0.8235294117647058
rolling,2016-03-24,40,0,multiclass_probability_sum,0.8653846153846154,0.44554455445544555,0.8235294117647058
rolling,2016-03-25,40,0,multiclass_probability_sum,0.8653846153846154,0.44554455445544555,0.8235294117647058
rolling,2016-03-28,40,0,multiclass_probability_sum,0.8653846153846154,0.44554455445544555,0.8235294117647058
rolling,2016-03-29,40,0,multiclass_probability_sum,0.8653846153846154,0.44554455445544555,0.8235294117647058
rolling,2016-03-30,40,0,multiclass_probability_sum,0.8653846153846154,0.44554455445544555,0.8235294117647058
rolling,2016-03-31,40,0,multiclass_probability_sum,0.8653846153846154,0.44554455445544555,0.8235294117647058
rolling,2016-04-01,40,0,multiclass_probability_sum,0.8653846153846154,0.44554455445544555,0.8235294117647058
rolling,2016-04-04,40,0,multiclass_probability_sum,0.8653846153846154,0.44554455445544555,0.8235294117647058
rolling,2016-04-05,40,0,multiclass_probability_sum,0.8627450980392157,0.43564356435643564,0.8260869565217391
rolling,2016-04-06,40,0,multiclass_probability_sum,0.8627450980392157,0.43564356435643564,0.8260869565217391
rolling,2016-04-07,40,0,multiclass_probability_sum,0.86,0.42574257425742573,0.8285714285714286
rolling,2016-04-08,40,0,multiclass_probability_sum,0.8571428571428571,0.4158415841584158,0.8309859154929577
rolling,2016-04-11,40,0,multiclass_probability_sum,0.8541666666666666,0.40594059405940597,0.8333333333333334
rolling,2016-04-12,40,0,multiclass_probability_sum,0.851063829787234,0.39603960396039606,0.8356164383561644
rolling,2016-04-13,40,0,multiclass_probability_sum,0.8478260869565217,0.38613861386138615,0.8378378378378378
rolling,2016-04-14,40,0,multiclass_probability_sum,0.8478260869565217,0.38613861386138615,0.8378378378378378
rolling,2016-04-15,40,0,multiclass_probability_sum,0.8478260869565217,0.38613861386138615,0.8378378378378378
rolling,2016-04-19,40,0,multiclass_probability_sum,0.8444444444444444,0.37623762376237624,0.84
rolling,2016-04-20,40,0,multiclass_probability_sum,0.8409090909090909,0.36633663366336633,0.8421052631578947
rolling,2016-04-21,40,0,multiclass_probability_sum,0.8372093023255814,0.3564356435643564,0.8441558441558441
rolling,2016-04-22,40,0,multiclass_probability_sum,0.8333333333333334,0.35,0.8333333333333334
rolling,2016-04-25,40,0,multiclass_probability_sum,0.8536585365853658,0.3465346534653465,0.8354430379746836
rolling,2016-04-26,40,0,multiclass_probability_sum,0.875,0.3431372549019608,0.8375
rolling,2016-04-27,40,0,multiclass_probability_sum,0.8717948717948718,0.3333333333333333,0.8395061728395061
rolling,2016-04-28,40,0,multiclass_probability_sum,0.8947368421052632,0.3300970873786408,0.8414634146341463
rolling,2016-04-29,40,0,multiclass_probability_sum,0.918918918918919,0.3269230769230769,0.8433734939759037
rolling,2016-05-04,40,0,multiclass_probability_sum,0.9444444444444444,0.3238095238095238,0.8452380952380952
rolling,2016-05-05,40,0,multiclass_probability_sum,0.9428571428571428,0.3142857142857143,0.8470588235294118
rolling,2016-05-06,40,0,multiclass_probability_sum,0.9411764705882353,0.3047619047619048,0.8488372093023255
rolling,2016-05-09,40,0,multiclass_probability_sum,0.9393939393939394,0.29523809523809524,0.8505747126436781
rolling,2016-05-10,40,0,multiclass_probability_sum,0.9375,0.2857142857142857,0.8522727272727273
rolling,2016-05-11,40,0,multiclass_probability_sum,0.967741935483871,0.2830188679245283,0.8539325842696629
rolling,2016-05-12,40,0,multiclass_probability_sum,1.0,0.2803738317757009,0.8555555555555555
rolling,2016-05-13,40,0,multiclass_probability_sum,1.0,0.27102803738317754,0.8571428571428571
rolling,2016-05-16,40,0,multiclass_probability_sum,1.0,0.2616822429906542,0.8586956521739131
rolling,2016-05-17,40,0,multiclass_probability_sum,1.0,0.2523364485981308,0.8602150537634409
rolling,2016-05-18,40,0,multiclass_probability_sum,1.0,0.24299065420560748,0.8617021276595744
rolling,2016-05-19,40,0,multiclass_probability_sum,1.0,0.2336448598130841,0.8631578947368421
rolling,2016-05-20,40,0,multiclass_probability_sum,1.0,0.22429906542056074,0.8645833333333334
rolling,2016-05-23,40,0,multiclass_probability_sum,1.0,0.21495327102803738,0.865979381443299
rolling,2016-05-24,40,0,multiclass_probability_sum,1.0,0.205607476635514,0.8673469387755102
rolling,2016-05-25,40,0,multiclass_probability_sum,1.0,0.19626168224299065,0.8686868686868687
rolling,2016-05-26,40,0,multiclass_probability_sum,1.0,0.18691588785046728,0.87
rolling,2016-05-27,40,0,multiclass_probability_sum,1.0,0.17757009345794392,0.8712871287128713
rolling,2016-05-30,40,0,multiclass_probability_sum,1.0,0.16822429906542055,0.8725490196078431
rolling,2016-05-31,40,0,multiclass_probability_sum,1.0,0.1588785046728972,0.8737864077669902
rolling,2016-06-01,40,0,multiclass_probability_sum,1.0,0.14953271028037382,0.875
rolling,2016-06-02,40,0,multiclass_probability_sum,1.0,0.14018691588785046,0.8761904761904762
rolling,2016-06-03,40,0,multiclass_probability_sum,1.0,0.1308411214953271,0.8773584905660378
rolling,2016-06-06,40,0,multiclass_probability_sum,1.0,0.12149532710280374,0.8785046728971962
rolling,2016-06-07,40,0,multiclass_probability_sum,1.0,0.11214953271028037,0.8796296296296297
rolling,2016-06-08,40,0,multiclass_probability_sum,1.0,0.11214953271028037,0.8796296296296297
rolling,2016-06-09,40,0,multiclass_probability_sum,1.0,0.102803738317757,0.8807339449541285
rolling,2016-06-10,40,0,multiclass_probability_sum,1.0,0.102803738317757,0.8807339449541285
rolling,2016-06-13,40,0,multiclass_probability_sum,1.0,0.09345794392523364,0.8818181818181818
rolling,2016-06-14,40,0,multiclass_probability_sum,1.0,0.08411214953271028,0.8828828828828829
rolling,2016-06-15,40,0,multiclass_probability_sum,1.0,0.07476635514018691,0.8839285714285714
rolling,2016-06-16,40,0,multiclass_probability_sum,1.0,0.07476635514018691,0.8839285714285714
rolling,2016-06-17,40,0,multiclass_probability_sum,1.0,0.07476635514018691,0.8839285714285714
rolling,2016-06-20,40,0,multiclass_probability_sum,1.0,0.07476635514018691,0.8839285714285714
rolling,2016-06-21,40,0,multiclass_probability_sum,1.0,0.07476635514018691,0.8839285714285714
rolling,2016-06-22,40,0,multiclass_probability_sum,1.0,0.07476635514018691,0.8839285714285714
rolling,2016-06-23,40,0,multiclass_probability_sum,1.0,0.06542056074766354,0.8849557522123894
rolling,2016-06-24,40,0,multiclass_probability_sum,1.0,0.056074766355140186,0.8859649122807017
rolling,2016-06-27,40,0,multiclass_probability_sum,1.0,0.04672897196261682,0.8869565217391304
rolling,2016-06-28,40,0,multiclass_probability_sum,1.0,0.037383177570093455,0.8879310344827587
rolling,2016-06-29,40,0,multiclass_probability_sum,1.0,0.028037383177570093,0.8888888888888888
rolling,2016-06-30,40,0,multiclass_probability_sum,1.0,0.018691588785046728,0.8898305084745762
rolling,2016-07-01,40,0,multiclass_probability_sum,1.0,0.009345794392523364,0.8907563025210085
rolling,2016-07-04,40,0,multiclass_probability_sum,,0.0,0.8916666666666667
rolling,2016-07-05,40,0,multiclass_probability_sum,,0.0,0.8916666666666667
rolling,2016-07-06,40,0,multiclass_probability_sum,,0.0,0.8916666666666667
rolling,2016-07-07,40,0,multiclass_probability_sum,,0.0,0.8916666666666667
rolling,2016-07-08,40,0,multiclass_probability_sum,,0.0,0.8916666666666667
rolling,2016-07-11,40,0,multiclass_probability_sum,,0.0,0.8916666666666667
rolling,2016-07-12,40,0,multiclass_probability_sum,,0.0,0.8916666666666667
rolling,2016-07-13,40,0,multiclass_probability_sum,,0.0,0.8916666666666667
rolling,2016-07-14,40,0,multiclass_probability_sum,,0.0,0.9
rolling,2016-07-15,40,0,multiclass_probability_sum,,0.0,0.9083333333333333
rolling,2016-07-18,40,0,multiclass_probability_sum,,0.0,0.9083333333333333
rolling,2016-07-19,40,0,multiclass_probability_sum,,0.0,0.9083333333333333
rolling,2016-07-20,40,0,multiclass_probability_sum,,0.0,0.9166666666666666
rolling,2016-07-21,40,0,multiclass_probability_sum,,0.0,0.925
rolling,2016-07-22,40,0,multiclass_probability_sum,,0.0,0.9333333333333333
rolling,2016-07-25,40,0,multiclass_probability_sum,,0.0,0.9416666666666667
rolling,2016-07-26,40,0,multiclass_probability_sum,,0.0,0.95
rolling,2016-07-27,40,0,multiclass_probability_sum,,0.0,0.9583333333333334
rolling,2016-07-28,40,0,multiclass_probability_sum,,0.0,0.9583333333333334
rolling,2016-07-29,40,0,multiclass_probability_sum,,0.0,0.9583333333333334
rolling,2016-08-01,40,0,multiclass_probability_sum,,0.0,0.9583333333333334
rolling,2016-08-02,40,0,multiclass_probability_sum,,0.0,0.9583333333333334
rolling,2016-08-03,40,0,multiclass_probability_sum,,0.0,0.9583333333333334
rolling,2016-08-04,40,0,multiclass_probability_sum,,0.0,0.9583333333333334
rolling,2016-08-05,40,0,multiclass_probability_sum,,0.0,0.9583333333333334
rolling,2016-08-08,40,0,multiclass_probability_sum,,0.0,0.9583333333333334
rolling,2016-08-09,40,0,multiclass_probability_sum,,0.0,0.9583333333333334
rolling,2016-08-10,40,0,multiclass_probability_sum,,0.0,0.9583333333333334
rolling,2016-08-11,40,0,multiclass_probability_sum,,0.0,0.9583333333333334
rolling,2016-08-12,40,0,multiclass_probability_sum,,0.0,0.9583333333333334
rolling,2016-08-15,40,0,multiclass_probability_sum,,0.0,0.9666666666666667
rolling,2016-08-16,40,0,multiclass_probability_sum,,0.0,0.9666666666666667
rolling,2016-08-17,40,0,multiclass_probability_sum,,0.0,0.975
rolling,2016-08-18,40,0,multiclass_probability_sum,,0.0,0.975
rolling,2016-08-19,40,0,multiclass_probability_sum,,0.0,0.975
rolling,2016-08-22,40,0,multiclass_probability_sum,,0.0,0.9833333333333333
rolling,2016-08-23,40,0,multiclass_probability_sum,,0.0,0.9833333333333333
rolling,2016-08-24,40,0,multiclass_probability_sum,,0.0,0.9833333333333333
rolling,2016-08-25,40,0,multiclass_probability_sum,,0.0,0.9833333333333333
rolling,2016-08-26,40,0,multiclass_probability_sum,,0.0,0.9833333333333333
rolling,2016-08-29,40,0,multiclass_probability_sum,,0.0,0.9833333333333333
rolling,2016-08-30,40,0,multiclass_probability_sum,,0.0,0.9916666666666667
rolling,2016-08-31,40,0,multiclass_probability_sum,,0.0,0.9916666666666667
rolling,2016-09-01,40,0,multiclass_probability_sum,,0.0,0.9916666666666667
rolling,2016-09-05,40,0,multiclass_probability_sum,,0.0,0.9916666666666667
rolling,2016-09-06,40,0,multiclass_probability_sum,,0.0,0.9916666666666667
rolling,2016-09-07,40,0,multiclass_probability_sum,,0.0,0.9916666666666667
rolling,2016-09-08,40,0,multiclass_probability_sum,,0.0,0.9916666666666667
rolling,2016-09-09,40,0,multiclass_probability_sum,,0.0,0.9916666666666667
rolling,2016-09-12,40,0,multiclass_probability_sum,,0.0,0.9916666666666667
rolling,2016-09-13,40,0,multiclass_probability_sum,,0.0,0.9916666666666667
rolling,2016-09-14,40,0,multiclass_probability_sum,,0.0,0.9916666666666667
rolling,2016-09-15,40,0,multiclass_probability_sum,,0.0,0.9916666666666667
rolling,2016-09-16,40,0,multiclass_probability_sum,,0.0,0.9916666666666667
rolling,2016-09-19,40,0,multiclass_probability_sum,,0.0,0.9916666666666667
rolling,2016-09-20,40,0,multiclass_probability_sum,,0.0,0.9916666666666667
rolling,2016-09-21,40,0,multiclass_probability_sum,,0.0,0.9916666666666667
rolling,2016-09-22,40,0,multiclass_probability_sum,,0.0,0.9916666666666667
rolling,2016-09-23,40,0,multiclass_probability_sum,,0.0,0.9916666666666667
rolling,2016-09-26,40,0,multiclass_probability_sum,,0.0,0.9833333333333333
rolling,2016-09-27,40,0,multiclass_probability_sum,,0.0,0.9833333333333333
rolling,2016-09-28,40,0,multiclass_probability_sum,,0.0,0.9833333333333333
rolling,2016-09-29,40,0,multiclass_probability_sum,,0.0,0.9833333333333333
rolling,2016-09-30,40,0,multiclass_probability_sum,,0.0,0.9833333333333333
rolling,2016-10-03,40,0,multiclass_probability_sum,1.0,0.00847457627118644,0.9831932773109243
rolling,2016-10-04,40,0,multiclass_probability_sum,1.0,0.01694915254237288,0.9830508474576272
rolling,2016-10-05,40,0,multiclass_probability_sum,1.0,0.025423728813559324,0.9829059829059829
rolling,2016-10-06,40,0,multiclass_probability_sum,1.0,0.03389830508474576,0.9827586206896551
rolling,2016-10-07,40,0,multiclass_probability_sum,1.0,0.0423728813559322,0.9826086956521739
rolling,2016-10-10,40,0,multiclass_probability_sum,1.0,0.0423728813559322,0.9826086956521739
rolling,2016-10-11,40,0,multiclass_probability_sum,1.0,0.05084745762711865,0.9824561403508771
rolling,2016-10-12,40,0,multiclass_probability_sum,1.0,0.058823529411764705,0.9911504424778761
rolling,2016-10-13,40,0,multiclass_probability_sum,1.0,0.06722689075630252,0.9910714285714286
rolling,2016-10-14,40,0,multiclass_probability_sum,1.0,0.07563025210084033,0.990990990990991
rolling,2016-10-17,40,0,multiclass_probability_sum,1.0,0.08403361344537816,0.990909090909091
rolling,2016-10-18,40,0,multiclass_probability_sum,1.0,0.09243697478991597,0.9908256880733946
rolling,2016-10-19,40,0,multiclass_probability_sum,1.0,0.10084033613445378,0.9907407407407407
rolling,2016-10-20,40,0,multiclass_probability_sum,1.0,0.1092436974789916,0.9906542056074766
rolling,2016-10-21,40,0,multiclass_probability_sum,1.0,0.1092436974789916,0.9906542056074766
rolling,2016-10-24,40,0,multiclass_probability_sum,1.0,0.1092436974789916,0.9906542056074766
rolling,2016-10-25,40,0,multiclass_probability_sum,1.0,0.1092436974789916,0.9906542056074766
rolling,2016-10-26,40,0,multiclass_probability_sum,1.0,0.1092436974789916,0.9906542056074766
rolling,2016-10-27,40,0,multiclass_probability_sum,1.0,0.1092436974789916,0.9906542056074766
rolling,2016-10-28,40,0,multiclass_probability_sum,0.9285714285714286,0.11016949152542373,0.9905660377358491
rolling,2016-10-31,40,0,multiclass_probability_sum,0.9285714285714286,0.11016949152542373,0.9905660377358491
rolling,2016-11-01,40,0,multiclass_probability_sum,0.9285714285714286,0.1111111111111111,0.9811320754716981
rolling,2016-11-02,40,0,multiclass_probability_sum,0.9285714285714286,0.1111111111111111,0.9811320754716981
rolling,2016-11-03,40,0,multiclass_probability_sum,0.9285714285714286,0.1111111111111111,0.9811320754716981
rolling,2016-11-04,40,0,multiclass_probability_sum,0.9285714285714286,0.1111111111111111,0.9811320754716981
rolling,2016-11-07,40,0,multiclass_probability_sum,0.9285714285714286,0.1111111111111111,0.9811320754716981
rolling,2016-11-08,40,0,multiclass_probability_sum,0.9285714285714286,0.11206896551724138,0.9716981132075472
rolling,2016-11-09,40,0,multiclass_probability_sum,0.9285714285714286,0.11206896551724138,0.9716981132075472
rolling,2016-11-10,40,0,multiclass_probability_sum,0.9285714285714286,0.11304347826086956,0.9622641509433962
rolling,2016-11-11,40,0,multiclass_probability_sum,0.9285714285714286,0.11403508771929824,0.9528301886792453
rolling,2016-11-14,40,0,multiclass_probability_sum,0.9285714285714286,0.11403508771929824,0.9528301886792453
rolling,2016-11-15,40,0,multiclass_probability_sum,0.9285714285714286,0.11403508771929824,0.9528301886792453
rolling,2016-11-16,40,0,multiclass_probability_sum,0.9285714285714286,0.11504424778761062,0.9433962264150944
rolling,2016-11-17,40,0,multiclass_probability_sum,0.9285714285714286,0.11504424778761062,0.9433962264150944
rolling,2016-11-18,40,0,multiclass_probability_sum,0.9285714285714286,0.11504424778761062,0.9433962264150944
rolling,2016-11-21,40,0,multiclass_probability_sum,0.9285714285714286,0.11504424778761062,0.9433962264150944
rolling,2016-11-22,40,0,multiclass_probability_sum,0.9285714285714286,0.11607142857142858,0.9339622641509434
rolling,2016-11-23,40,0,multiclass_probability_sum,0.9285714285714286,0.11711711711711711,0.9245283018867925
rolling,2016-11-24,40,0,multiclass_probability_sum,0.9285714285714286,0.11711711711711711,0.9245283018867925
rolling,2016-11-25,40,0,multiclass_probability_sum,0.9285714285714286,0.11711711711711711,0.9245283018867925
rolling,2016-11-28,40,0,multiclass_probability_sum,0.9285714285714286,0.11711711711711711,0.9245283018867925
rolling,2016-11-29,40,0,multiclass_probability_sum,0.9285714285714286,0.11711711711711711,0.9245283018867925
rolling,2016-11-30,40,0,multiclass_probability_sum,0.9285714285714286,0.11711711711711711,0.9245283018867925
rolling,2016-12-01,40,0,multiclass_probability_sum,0.9285714285714286,0.11711711711711711,0.9245283018867925
rolling,2016-12-02,40,0,multiclass_probability_sum,0.9285714285714286,0.11711711711711711,0.9245283018867925
rolling,2016-12-05,40,0,multiclass_probability_sum,0.9285714285714286,0.11711711711711711,0.9245283018867925
rolling,2016-12-06,40,0,multiclass_probability_sum,0.9285714285714286,0.11711711711711711,0.9245283018867925
rolling,2016-12-07,40,0,multiclass_probability_sum,0.9285714285714286,0.11711711711711711,0.9245283018867925
rolling,2016-12-08,40,0,multiclass_probability_sum,0.9285714285714286,0.11711711711711711,0.9245283018867925
rolling,2016-12-09,40,0,multiclass_probability_sum,0.9285714285714286,0.11711711711711711,0.9245283018867925
rolling,2016-12-12,40,0,multiclass_probability_sum,0.9285714285714286,0.11711711711711711,0.9245283018867925
rolling,2016-12-13,40,0,multiclass_probability_sum,0.9285714285714286,0.11711711711711711,0.9245283018867925
rolling,2016-12-14,40,0,multiclass_probability_sum,0.9285714285714286,0.11818181818181818,0.9150943396226415
rolling,2016-12-15,40,0,multiclass_probability_sum,0.9285714285714286,0.11926605504587157,0.9056603773584906
rolling,2016-12-16,40,0,multiclass_probability_sum,0.9285714285714286,0.12037037037037036,0.8962264150943396
rolling,2016-12-19,40,0,multiclass_probability_sum,0.9285714285714286,0.12037037037037036,0.8962264150943396
rolling,2016-12-20,40,0,multiclass_probability_sum,0.9285714285714286,0.12037037037037036,0.8962264150943396
rolling,2016-12-21,40,0,multiclass_probability_sum,0.9285714285714286,0.12149532710280374,0.8867924528301887
rolling,2016-12-22,40,0,multiclass_probability_sum,0.9285714285714286,0.12149532710280374,0.8867924528301887
rolling,2016-12-23,40,0,multiclass_probability_sum,0.9285714285714286,0.12149532710280374,0.8867924528301887
rolling,2016-12-26,40,0,multiclass_probability_sum,0.9285714285714286,0.12149532710280374,0.8867924528301887
rolling,2016-12-27,40,0,multiclass_probability_sum,0.9285714285714286,0.12149532710280374,0.8867924528301887
rolling,2016-12-28,40,0,multiclass_probability_sum,0.9285714285714286,0.12149532710280374,0.8867924528301887
rolling,2016-12-29,40,0,multiclass_probability_sum,0.9285714285714286,0.12149532710280374,0.8867924528301887
rolling,2016-12-30,40,0,multiclass_probability_sum,0.9285714285714286,0.12149532710280374,0.8867924528301887
rolling,2017-01-03,40,0,multiclass_probability_sum,0.9285714285714286,0.12264150943396226,0.8773584905660378
rolling,2017-01-04,40,0,multiclass_probability_sum,0.9285714285714286,0.12264150943396226,0.8773584905660378
rolling,2017-01-05,40,0,multiclass_probability_sum,0.9285714285714286,0.12380952380952381,0.8679245283018868
rolling,2017-01-06,40,0,multiclass_probability_sum,0.9285714285714286,0.12380952380952381,0.8679245283018868
rolling,2017-01-09,40,0,multiclass_probability_sum,0.9285714285714286,0.12380952380952381,0.8679245283018868
rolling,2017-01-10,40,0,multiclass_probability_sum,0.9285714285714286,0.12380952380952381,0.8679245283018868
rolling,2017-01-11,40,0,multiclass_probability_sum,0.9285714285714286,0.12380952380952381,0.8679245283018868
rolling,2017-01-12,40,0,multiclass_probability_sum,0.9285714285714286,0.12380952380952381,0.8679245283018868
rolling,2017-01-13,40,0,multiclass_probability_sum,0.9285714285714286,0.12380952380952381,0.8679245283018868
rolling,2017-01-16,40,0,multiclass_probability_sum,0.9285714285714286,0.12380952380952381,0.8679245283018868
rolling,2017-01-17,40,0,multiclass_probability_sum,0.9285714285714286,0.125,0.8584905660377359
rolling,2017-01-18,40,0,multiclass_probability_sum,0.9285714285714286,0.125,0.8584905660377359
rolling,2017-01-19,40,0,multiclass_probability_sum,0.9285714285714286,0.125,0.8584905660377359
rolling,2017-01-20,40,0,multiclass_probability_sum,0.9285714285714286,0.1262135922330097,0.8490566037735849
rolling,2017-01-23,40,0,multiclass_probability_sum,0.9285714285714286,0.12745098039215685,0.839622641509434
rolling,2017-01-24,40,0,multiclass_probability_sum,0.9285714285714286,0.12871287128712872,0.8301886792452831
rolling,2017-01-25,40,0,multiclass_probability_sum,0.9285714285714286,0.13,0.8207547169811321
rolling,2017-02-02,40,0,multiclass_probability_sum,0.9285714285714286,0.13131313131313133,0.8113207547169812
rolling,2017-02-03,40,0,multiclass_probability_sum,0.9285714285714286,0.1326530612244898,0.8018867924528302
rolling,2017-02-06,40,0,multiclass_probability_sum,0.9285714285714286,0.13402061855670103,0.7924528301886793
rolling,2017-02-07,40,0,multiclass_probability_sum,0.9285714285714286,0.13541666666666666,0.7830188679245284
rolling,2017-02-08,40,0,multiclass_probability_sum,0.9285714285714286,0.1368421052631579,0.7735849056603774
rolling,2017-02-09,40,0,multiclass_probability_sum,0.9285714285714286,0.13829787234042554,0.7641509433962265
rolling,2017-02-10,40,0,multiclass_probability_sum,0.9285714285714286,0.13978494623655913,0.7547169811320755
rolling,2017-02-13,40,0,multiclass_probability_sum,0.9285714285714286,0.14130434782608695,0.7452830188679245
rolling,2017-02-14,40,0,multiclass_probability_sum,0.9285714285714286,0.14285714285714285,0.7358490566037735
rolling,2017-02-15,40,0,multiclass_probability_sum,0.9285714285714286,0.14444444444444443,0.7264150943396226
rolling,2017-02-16,40,0,multiclass_probability_sum,0.9285714285714286,0.14606741573033707,0.7169811320754716
rolling,2017-02-17,40,0,multiclass_probability_sum,0.9285714285714286,0.14772727272727273,0.7075471698113207
rolling,2015-04-23,40,0,candidate_risk_off,1.0,0.4,1.0
rolling,2015-04-24,40,0,candidate_risk_off,1.0,0.3902439024390244,1.0
rolling,2015-04-27,40,0,candidate_risk_off,1.0,0.38095238095238093,1.0
rolling,2015-05-04,40,0,candidate_risk_off,1.0,0.37209302325581395,1.0
rolling,2015-05-05,40,0,candidate_risk_off,1.0,0.36363636363636365,1.0
rolling,2015-05-06,40,0,candidate_risk_off,1.0,0.35555555555555557,1.0
rolling,2015-05-07,40,0,candidate_risk_off,1.0,0.34782608695652173,1.0
rolling,2015-05-08,40,0,candidate_risk_off,1.0,0.3404255319148936,1.0
rolling,2015-05-11,40,0,candidate_risk_off,1.0,0.3333333333333333,1.0
rolling,2015-05-12,40,0,candidate_risk_off,1.0,0.32653061224489793,1.0
rolling,2015-05-13,40,0,candidate_risk_off,1.0,0.32,1.0
rolling,2015-05-14,40,0,candidate_risk_off,1.0,0.3137254901960784,1.0
rolling,2015-05-15,40,0,candidate_risk_off,1.0,0.3076923076923077,1.0
rolling,2015-05-18,40,0,candidate_risk_off,1.0,0.3018867924528302,1.0
rolling,2015-05-19,40,0,candidate_risk_off,1.0,0.2962962962962963,1.0
rolling,2015-05-20,40,0,candidate_risk_off,1.0,0.2909090909090909,1.0
rolling,2015-05-21,40,0,candidate_risk_off,1.0,0.2857142857142857,1.0
rolling,2015-05-22,40,0,candidate_risk_off,1.0,0.2807017543859649,1.0
rolling,2015-05-25,40,0,candidate_risk_off,1.0,0.27586206896551724,1.0
rolling,2015-05-26,40,0,candidate_risk_off,1.0,0.2711864406779661,1.0
rolling,2015-05-27,40,0,candidate_risk_off,1.0,0.26666666666666666,1.0
rolling,2015-05-28,40,0,candidate_risk_off,1.0,0.26229508196721313,1.0
rolling,2015-05-29,40,0,candidate_risk_off,1.0,0.25806451612903225,1.0
rolling,2015-06-01,40,0,candidate_risk_off,1.0,0.25396825396825395,1.0
rolling,2015-06-02,40,0,candidate_risk_off,1.0,0.25,1.0
rolling,2015-06-03,40,0,candidate_risk_off,1.0,0.24615384615384617,1.0
rolling,2015-06-04,40,0,candidate_risk_off,1.0,0.24242424242424243,1.0
rolling,2015-06-05,40,0,candidate_risk_off,1.0,0.23880597014925373,1.0
rolling,2015-06-08,40,0,candidate_risk_off,1.0,0.23529411764705882,1.0
rolling,2015-06-09,40,0,candidate_risk_off,1.0,0.2318840579710145,1.0
rolling,2015-06-10,40,0,candidate_risk_off,1.0,0.22857142857142856,1.0
rolling,2015-06-11,40,0,candidate_risk_off,1.0,0.22535211267605634,1.0
rolling,2015-06-12,40,0,candidate_risk_off,1.0,0.2222222222222222,1.0
rolling,2015-06-15,40,0,candidate_risk_off,1.0,0.2191780821917808,1.0
rolling,2015-06-16,40,0,candidate_risk_off,1.0,0.21621621621621623,1.0
rolling,2015-06-17,40,0,candidate_risk_off,1.0,0.21333333333333335,1.0
rolling,2015-06-18,40,0,candidate_risk_off,1.0,0.21052631578947367,1.0
rolling,2015-06-19,40,0,candidate_risk_off,1.0,0.2077922077922078,1.0
rolling,2015-06-22,40,0,candidate_risk_off,1.0,0.21794871794871795,1.0
rolling,2015-06-23,40,0,candidate_risk_off,1.0,0.21518987341772153,1.0
rolling,2015-06-24,40,0,candidate_risk_off,1.0,0.2125,1.0
rolling,2015-06-25,40,0,candidate_risk_off,1.0,0.2222222222222222,1.0
rolling,2015-06-26,40,0,candidate_risk_off,1.0,0.23170731707317074,1.0
rolling,2015-06-29,40,0,candidate_risk_off,1.0,0.24096385542168675,1.0
rolling,2015-06-30,40,0,candidate_risk_off,1.0,0.25,1.0
rolling,2015-07-01,40,0,candidate_risk_off,1.0,0.25882352941176473,1.0
rolling,2015-07-02,40,0,candidate_risk_off,1.0,0.26744186046511625,1.0
rolling,2015-07-03,40,0,candidate_risk_off,1.0,0.27586206896551724,1.0
rolling,2015-07-06,40,0,candidate_risk_off,1.0,0.2840909090909091,1.0
rolling,2015-07-07,40,0,candidate_risk_off,1.0,0.29213483146067415,1.0
rolling,2015-07-08,40,0,candidate_risk_off,1.0,0.3,1.0
rolling,2015-07-09,40,0,candidate_risk_off,1.0,0.3076923076923077,1.0
rolling,2015-07-10,40,0,candidate_risk_off,1.0,0.31521739130434784,1.0
rolling,2015-07-13,40,0,candidate_risk_off,1.0,0.3225806451612903,1.0
rolling,2015-07-14,40,0,candidate_risk_off,1.0,0.32978723404255317,1.0
rolling,2015-07-15,40,0,candidate_risk_off,1.0,0.3368421052631579,1.0
rolling,2015-07-16,40,0,candidate_risk_off,1.0,0.34375,1.0
rolling,2015-07-17,40,0,candidate_risk_off,1.0,0.35051546391752575,1.0
rolling,2015-07-20,40,0,candidate_risk_off,1.0,0.35714285714285715,1.0
rolling,2015-07-21,40,0,candidate_risk_off,1.0,0.36363636363636365,1.0
rolling,2015-07-22,40,0,candidate_risk_off,1.0,0.37,1.0
rolling,2015-07-23,40,0,candidate_risk_off,1.0,0.37623762376237624,1.0
rolling,2015-07-24,40,0,candidate_risk_off,1.0,0.38235294117647056,1.0
rolling,2015-07-27,40,0,candidate_risk_off,1.0,0.3883495145631068,1.0
rolling,2015-07-28,40,0,candidate_risk_off,1.0,0.3942307692307692,1.0
rolling,2015-07-29,40,0,candidate_risk_off,1.0,0.4,1.0
rolling,2015-07-30,40,0,candidate_risk_off,1.0,0.4056603773584906,1.0
rolling,2015-07-31,40,0,candidate_risk_off,1.0,0.411214953271028,1.0
rolling,2015-08-03,40,0,candidate_risk_off,1.0,0.4166666666666667,1.0
rolling,2015-08-04,40,0,candidate_risk_off,1.0,0.42201834862385323,1.0
rolling,2015-08-05,40,0,candidate_risk_off,1.0,0.42727272727272725,1.0
rolling,2015-08-06,40,0,candidate_risk_off,1.0,0.43243243243243246,1.0
rolling,2015-08-07,40,0,candidate_risk_off,1.0,0.4375,1.0
rolling,2015-08-10,40,0,candidate_risk_off,1.0,0.4424778761061947,1.0
rolling,2015-08-11,40,0,candidate_risk_off,1.0,0.4473684210526316,1.0
rolling,2015-08-12,40,0,candidate_risk_off,1.0,0.45217391304347826,1.0
rolling,2015-08-13,40,0,candidate_risk_off,1.0,0.45689655172413796,1.0
rolling,2015-08-14,40,0,candidate_risk_off,1.0,0.46153846153846156,1.0
rolling,2015-08-17,40,0,candidate_risk_off,1.0,0.4576271186440678,1.0
rolling,2015-08-18,40,0,candidate_risk_off,1.0,0.453781512605042,1.0
rolling,2015-08-19,40,0,candidate_risk_off,1.0,0.45,1.0
rolling,2015-08-20,40,0,candidate_risk_off,1.0,0.44166666666666665,1.0
rolling,2015-08-21,40,0,candidate_risk_off,1.0,0.43333333333333335,1.0
rolling,2015-08-24,40,0,candidate_risk_off,1.0,0.425,1.0
rolling,2015-08-25,40,0,candidate_risk_off,1.0,0.4166666666666667,1.0
rolling,2015-08-26,40,0,candidate_risk_off,1.0,0.4083333333333333,1.0
rolling,2015-08-27,40,0,candidate_risk_off,1.0,0.4,1.0
rolling,2015-08-28,40,0,candidate_risk_off,1.0,0.39166666666666666,1.0
rolling,2015-08-31,40,0,candidate_risk_off,1.0,0.38333333333333336,1.0
rolling,2015-09-01,40,0,candidate_risk_off,1.0,0.375,1.0
rolling,2015-09-03,40,0,candidate_risk_off,1.0,0.36666666666666664,1.0
rolling,2015-09-04,40,0,candidate_risk_off,1.0,0.35833333333333334,1.0
rolling,2015-09-07,40,0,candidate_risk_off,1.0,0.35,1.0
rolling,2015-09-08,40,0,candidate_risk_off,1.0,0.3416666666666667,1.0
rolling,2015-09-09,40,0,candidate_risk_off,1.0,0.3333333333333333,1.0
rolling,2015-09-10,40,0,candidate_risk_off,1.0,0.325,1.0
rolling,2015-09-11,40,0,candidate_risk_off,1.0,0.31666666666666665,1.0
rolling,2015-09-14,40,0,candidate_risk_off,1.0,0.31666666666666665,1.0
rolling,2015-09-15,40,0,candidate_risk_off,1.0,0.31666666666666665,1.0
rolling,2015-09-16,40,0,candidate_risk_off,1.0,0.31666666666666665,1.0
rolling,2015-09-17,40,0,candidate_risk_off,1.0,0.31666666666666665,1.0
rolling,2015-09-18,40,0,candidate_risk_off,1.0,0.31666666666666665,1.0
rolling,2015-09-21,40,0,candidate_risk_off,1.0,0.31666666666666665,1.0
rolling,2015-09-22,40,0,candidate_risk_off,1.0,0.31666666666666665,1.0
rolling,2015-09-23,40,0,candidate_risk_off,1.0,0.31666666666666665,1.0
rolling,2015-09-24,40,0,candidate_risk_off,1.0,0.31666666666666665,1.0
rolling,2015-09-25,40,0,candidate_risk_off,1.0,0.31666666666666665,1.0
rolling,2015-09-28,40,0,candidate_risk_off,1.0,0.31666666666666665,1.0
rolling,2015-09-29,40,0,candidate_risk_off,1.0,0.31666666666666665,1.0
rolling,2015-09-30,40,0,candidate_risk_off,1.0,0.31666666666666665,1.0
rolling,2015-10-01,40,0,candidate_risk_off,1.0,0.31666666666666665,1.0
rolling,2015-10-02,40,0,candidate_risk_off,1.0,0.31666666666666665,1.0
rolling,2015-10-05,40,0,candidate_risk_off,1.0,0.31666666666666665,1.0
rolling,2015-10-06,40,0,candidate_risk_off,1.0,0.31666666666666665,1.0
rolling,2015-10-07,40,0,candidate_risk_off,1.0,0.31666666666666665,1.0
rolling,2015-10-08,40,0,candidate_risk_off,1.0,0.31666666666666665,1.0
rolling,2015-10-09,40,0,candidate_risk_off,1.0,0.31666666666666665,1.0
rolling,2015-10-12,40,0,candidate_risk_off,1.0,0.325,1.0
rolling,2015-10-13,40,0,candidate_risk_off,1.0,0.325,1.0
rolling,2015-10-14,40,0,candidate_risk_off,1.0,0.3333333333333333,1.0
rolling,2015-10-15,40,0,candidate_risk_off,1.0,0.3416666666666667,1.0
rolling,2015-10-16,40,0,candidate_risk_off,1.0,0.35,1.0
rolling,2015-10-19,40,0,candidate_risk_off,1.0,0.35833333333333334,1.0
rolling,2015-10-20,40,0,candidate_risk_off,1.0,0.36666666666666664,1.0
rolling,2015-10-21,40,0,candidate_risk_off,1.0,0.36666666666666664,1.0
rolling,2015-10-22,40,0,candidate_risk_off,1.0,0.36666666666666664,1.0
rolling,2015-10-23,40,0,candidate_risk_off,1.0,0.375,1.0
rolling,2015-10-26,40,0,candidate_risk_off,1.0,0.38333333333333336,1.0
rolling,2015-10-27,40,0,candidate_risk_off,1.0,0.39166666666666666,1.0
rolling,2015-10-28,40,0,candidate_risk_off,1.0,0.4,1.0
rolling,2015-10-29,40,0,candidate_risk_off,1.0,0.4083333333333333,1.0
rolling,2015-10-30,40,0,candidate_risk_off,1.0,0.4166666666666667,1.0
rolling,2015-11-02,40,0,candidate_risk_off,1.0,0.425,1.0
rolling,2015-11-03,40,0,candidate_risk_off,0.9807692307692307,0.42857142857142855,1.0
rolling,2015-11-04,40,0,candidate_risk_off,0.9622641509433962,0.4322033898305085,1.0
rolling,2015-11-05,40,0,candidate_risk_off,0.9444444444444444,0.4358974358974359,1.0
rolling,2015-11-06,40,0,candidate_risk_off,0.9272727272727272,0.4396551724137931,1.0
rolling,2015-11-09,40,0,candidate_risk_off,0.9107142857142857,0.4434782608695652,1.0
rolling,2015-11-10,40,0,candidate_risk_off,0.8947368421052632,0.4473684210526316,1.0
rolling,2015-11-11,40,0,candidate_risk_off,0.8793103448275862,0.45132743362831856,1.0
rolling,2015-11-12,40,0,candidate_risk_off,0.864406779661017,0.45535714285714285,1.0
rolling,2015-11-13,40,0,candidate_risk_off,0.85,0.4594594594594595,1.0
rolling,2015-11-16,40,0,candidate_risk_off,0.8360655737704918,0.4636363636363636,1.0
rolling,2015-11-17,40,0,candidate_risk_off,0.8387096774193549,0.4727272727272727,1.0
rolling,2015-11-18,40,0,candidate_risk_off,0.8412698412698413,0.4818181818181818,1.0
rolling,2015-11-19,40,0,candidate_risk_off,0.84375,0.4909090909090909,1.0
rolling,2015-11-20,40,0,candidate_risk_off,0.8461538461538461,0.5,1.0
rolling,2015-11-23,40,0,candidate_risk_off,0.8484848484848485,0.509090909090909,1.0
rolling,2015-11-24,40,0,candidate_risk_off,0.8507462686567164,0.5181818181818182,1.0
rolling,2015-11-25,40,0,candidate_risk_off,0.8529411764705882,0.5272727272727272,1.0
rolling,2015-11-26,40,0,candidate_risk_off,0.855072463768116,0.5363636363636364,1.0
rolling,2015-11-27,40,0,candidate_risk_off,0.8571428571428571,0.5454545454545454,1.0
rolling,2015-11-30,40,0,candidate_risk_off,0.8591549295774648,0.5545454545454546,1.0
rolling,2015-12-01,40,0,candidate_risk_off,0.8611111111111112,0.5636363636363636,1.0
rolling,2015-12-02,40,0,candidate_risk_off,0.863013698630137,0.5727272727272728,1.0
rolling,2015-12-03,40,0,candidate_risk_off,0.8648648648648649,0.5818181818181818,1.0
rolling,2015-12-04,40,0,candidate_risk_off,0.8666666666666667,0.5909090909090909,1.0
rolling,2015-12-07,40,0,candidate_risk_off,0.868421052631579,0.6,1.0
rolling,2015-12-08,40,0,candidate_risk_off,0.868421052631579,0.6,1.0
rolling,2015-12-09,40,0,candidate_risk_off,0.8701298701298701,0.6090909090909091,1.0
rolling,2015-12-10,40,0,candidate_risk_off,0.8701298701298701,0.6090909090909091,1.0
rolling,2015-12-11,40,0,candidate_risk_off,0.8701298701298701,0.6090909090909091,1.0
rolling,2015-12-14,40,0,candidate_risk_off,0.868421052631579,0.6,1.0
rolling,2015-12-15,40,0,candidate_risk_off,0.868421052631579,0.6,1.0
rolling,2015-12-16,40,0,candidate_risk_off,0.868421052631579,0.6,1.0
rolling,2015-12-17,40,0,candidate_risk_off,0.868421052631579,0.6,1.0
rolling,2015-12-18,40,0,candidate_risk_off,0.8666666666666667,0.5909090909090909,1.0
rolling,2015-12-21,40,0,candidate_risk_off,0.8648648648648649,0.5818181818181818,1.0
rolling,2015-12-22,40,0,candidate_risk_off,0.863013698630137,0.5727272727272728,1.0
rolling,2015-12-23,40,0,candidate_risk_off,0.8611111111111112,0.5636363636363636,1.0
rolling,2015-12-24,40,0,candidate_risk_off,0.8591549295774648,0.5545454545454546,1.0
rolling,2015-12-25,40,0,candidate_risk_off,0.8591549295774648,0.5545454545454546,1.0
rolling,2015-12-28,40,0,candidate_risk_off,0.8591549295774648,0.5545454545454546,1.0
rolling,2015-12-29,40,0,candidate_risk_off,0.8591549295774648,0.5545454545454546,1.0
rolling,2015-12-30,40,0,candidate_risk_off,0.8591549295774648,0.5545454545454546,1.0
rolling,2015-12-31,40,0,candidate_risk_off,0.8591549295774648,0.5545454545454546,1.0
rolling,2016-01-04,40,0,candidate_risk_off,0.8591549295774648,0.5545454545454546,1.0
rolling,2016-01-05,40,0,candidate_risk_off,0.8591549295774648,0.5545454545454546,1.0
rolling,2016-01-06,40,0,candidate_risk_off,0.8591549295774648,0.5545454545454546,1.0
rolling,2016-01-07,40,0,candidate_risk_off,0.8571428571428571,0.5454545454545454,1.0
rolling,2016-01-08,40,0,candidate_risk_off,0.855072463768116,0.5363636363636364,1.0
rolling,2016-01-11,40,0,candidate_risk_off,0.8529411764705882,0.5272727272727272,1.0
rolling,2016-01-12,40,0,candidate_risk_off,0.8507462686567164,0.5181818181818182,1.0
rolling,2016-01-13,40,0,candidate_risk_off,0.8484848484848485,0.509090909090909,1.0
rolling,2016-01-14,40,0,candidate_risk_off,0.8461538461538461,0.5,1.0
rolling,2016-01-15,40,0,candidate_risk_off,0.84375,0.4909090909090909,1.0
rolling,2016-01-18,40,0,candidate_risk_off,0.8412698412698413,0.4818181818181818,1.0
rolling,2016-01-19,40,0,candidate_risk_off,0.8387096774193549,0.4727272727272727,1.0
rolling,2016-01-20,40,0,candidate_risk_off,0.8360655737704918,0.4636363636363636,1.0
rolling,2016-01-21,40,0,candidate_risk_off,0.8333333333333334,0.45454545454545453,1.0
rolling,2016-01-22,40,0,candidate_risk_off,0.8305084745762712,0.44545454545454544,1.0
rolling,2016-01-25,40,0,candidate_risk_off,0.8275862068965517,0.43636363636363634,1.0
rolling,2016-01-26,40,0,candidate_risk_off,0.8245614035087719,0.42727272727272725,1.0
rolling,2016-01-27,40,0,candidate_risk_off,0.8214285714285714,0.41818181818181815,1.0
rolling,2016-01-28,40,0,candidate_risk_off,0.8181818181818182,0.4090909090909091,1.0
rolling,2016-01-29,40,0,candidate_risk_off,0.8148148148148148,0.4,1.0
rolling,2016-02-01,40,0,candidate_risk_off,0.8113207547169812,0.39090909090909093,1.0
rolling,2016-02-02,40,0,candidate_risk_off,0.8076923076923077,0.38181818181818183,1.0
rolling,2016-02-03,40,0,candidate_risk_off,0.8076923076923077,0.38181818181818183,1.0
rolling,2016-02-04,40,0,candidate_risk_off,0.8076923076923077,0.38181818181818183,1.0
rolling,2016-02-05,40,0,candidate_risk_off,0.8076923076923077,0.38181818181818183,1.0
rolling,2016-02-15,40,0,candidate_risk_off,0.8076923076923077,0.38181818181818183,1.0
rolling,2016-02-16,40,0,candidate_risk_off,0.8076923076923077,0.38181818181818183,1.0
rolling,2016-02-17,40,0,candidate_risk_off,0.8076923076923077,0.38181818181818183,1.0
rolling,2016-02-18,40,0,candidate_risk_off,0.8076923076923077,0.38181818181818183,1.0
rolling,2016-02-19,40,0,candidate_risk_off,0.8076923076923077,0.38181818181818183,1.0
rolling,2016-02-22,40,0,candidate_risk_off,0.8076923076923077,0.38181818181818183,1.0
rolling,2016-02-23,40,0,candidate_risk_off,0.8076923076923077,0.38181818181818183,1.0
rolling,2016-02-24,40,0,candidate_risk_off,0.8076923076923077,0.38181818181818183,1.0
rolling,2016-02-25,40,0,candidate_risk_off,0.8076923076923077,0.38181818181818183,1.0
rolling,2016-02-26,40,0,candidate_risk_off,0.8076923076923077,0.38181818181818183,1.0
rolling,2016-02-29,40,0,candidate_risk_off,0.8076923076923077,0.38181818181818183,1.0
rolling,2016-03-01,40,0,candidate_risk_off,0.8076923076923077,0.38181818181818183,1.0
rolling,2016-03-02,40,0,candidate_risk_off,0.8076923076923077,0.38181818181818183,1.0
rolling,2016-03-03,40,0,candidate_risk_off,0.8076923076923077,0.38181818181818183,1.0
rolling,2016-03-04,40,0,candidate_risk_off,0.8076923076923077,0.38181818181818183,1.0
rolling,2016-03-07,40,0,candidate_risk_off,0.8076923076923077,0.38181818181818183,1.0
rolling,2016-03-08,40,0,candidate_risk_off,0.8076923076923077,0.38181818181818183,1.0
rolling,2016-03-09,40,0,candidate_risk_off,0.8076923076923077,0.38181818181818183,1.0
rolling,2016-03-10,40,0,candidate_risk_off,0.8076923076923077,0.38181818181818183,1.0
rolling,2016-03-11,40,0,candidate_risk_off,0.8076923076923077,0.38181818181818183,1.0
rolling,2016-03-14,40,0,candidate_risk_off,0.8076923076923077,0.38181818181818183,1.0
rolling,2016-03-15,40,0,candidate_risk_off,0.8076923076923077,0.38181818181818183,1.0
rolling,2016-03-16,40,0,candidate_risk_off,0.8076923076923077,0.38181818181818183,1.0
rolling,2016-03-17,40,0,candidate_risk_off,0.8076923076923077,0.38181818181818183,1.0
rolling,2016-03-18,40,0,candidate_risk_off,0.8076923076923077,0.38181818181818183,1.0
rolling,2016-03-21,40,0,candidate_risk_off,0.8076923076923077,0.38181818181818183,1.0
rolling,2016-03-22,40,0,candidate_risk_off,0.8076923076923077,0.38181818181818183,1.0
rolling,2016-03-23,40,0,candidate_risk_off,0.8076923076923077,0.38181818181818183,1.0
rolling,2016-03-24,40,0,candidate_risk_off,0.8076923076923077,0.38181818181818183,1.0
rolling,2016-03-25,40,0,candidate_risk_off,0.8076923076923077,0.38181818181818183,1.0
rolling,2016-03-28,40,0,candidate_risk_off,0.8076923076923077,0.38181818181818183,1.0
rolling,2016-03-29,40,0,candidate_risk_off,0.8076923076923077,0.38181818181818183,1.0
rolling,2016-03-30,40,0,candidate_risk_off,0.8076923076923077,0.38181818181818183,1.0
rolling,2016-03-31,40,0,candidate_risk_off,0.8076923076923077,0.38181818181818183,1.0
rolling,2016-04-01,40,0,candidate_risk_off,0.8076923076923077,0.38181818181818183,1.0
rolling,2016-04-04,40,0,candidate_risk_off,0.8076923076923077,0.38181818181818183,1.0
rolling,2016-04-05,40,0,candidate_risk_off,0.803921568627451,0.37272727272727274,1.0
rolling,2016-04-06,40,0,candidate_risk_off,0.803921568627451,0.37272727272727274,1.0
rolling,2016-04-07,40,0,candidate_risk_off,0.8,0.36363636363636365,1.0
rolling,2016-04-08,40,0,candidate_risk_off,0.7959183673469388,0.35454545454545455,1.0
rolling,2016-04-11,40,0,candidate_risk_off,0.7916666666666666,0.34545454545454546,1.0
rolling,2016-04-12,40,0,candidate_risk_off,0.7872340425531915,0.33636363636363636,1.0
rolling,2016-04-13,40,0,candidate_risk_off,0.782608695652174,0.32727272727272727,1.0
rolling,2016-04-14,40,0,candidate_risk_off,0.782608695652174,0.32727272727272727,1.0
rolling,2016-04-15,40,0,candidate_risk_off,0.782608695652174,0.32727272727272727,1.0
rolling,2016-04-19,40,0,candidate_risk_off,0.7777777777777778,0.3181818181818182,1.0
rolling,2016-04-20,40,0,candidate_risk_off,0.7727272727272727,0.3090909090909091,1.0
rolling,2016-04-21,40,0,candidate_risk_off,0.7674418604651163,0.3,1.0
rolling,2016-04-22,40,0,candidate_risk_off,0.7619047619047619,0.2909090909090909,1.0
rolling,2016-04-25,40,0,candidate_risk_off,0.7560975609756098,0.2818181818181818,1.0
rolling,2016-04-26,40,0,candidate_risk_off,0.75,0.2727272727272727,1.0
rolling,2016-04-27,40,0,candidate_risk_off,0.7435897435897436,0.2636363636363636,1.0
rolling,2016-04-28,40,0,candidate_risk_off,0.7631578947368421,0.26126126126126126,1.0
rolling,2016-04-29,40,0,candidate_risk_off,0.7837837837837838,0.25892857142857145,1.0
rolling,2016-05-04,40,0,candidate_risk_off,0.8055555555555556,0.25663716814159293,1.0
rolling,2016-05-05,40,0,candidate_risk_off,0.8285714285714286,0.2543859649122807,1.0
rolling,2016-05-06,40,0,candidate_risk_off,0.8529411764705882,0.25217391304347825,1.0
rolling,2016-05-09,40,0,candidate_risk_off,0.8787878787878788,0.25,1.0
rolling,2016-05-10,40,0,candidate_risk_off,0.90625,0.24786324786324787,1.0
rolling,2016-05-11,40,0,candidate_risk_off,0.9354838709677419,0.2457627118644068,1.0
rolling,2016-05-12,40,0,candidate_risk_off,0.9666666666666667,0.24369747899159663,1.0
rolling,2016-05-13,40,0,candidate_risk_off,1.0,0.24166666666666667,1.0
rolling,2016-05-16,40,0,candidate_risk_off,1.0,0.23333333333333334,1.0
rolling,2016-05-17,40,0,candidate_risk_off,1.0,0.225,1.0
rolling,2016-05-18,40,0,candidate_risk_off,1.0,0.21666666666666667,1.0
rolling,2016-05-19,40,0,candidate_risk_off,1.0,0.20833333333333334,1.0
rolling,2016-05-20,40,0,candidate_risk_off,1.0,0.2,1.0
rolling,2016-05-23,40,0,candidate_risk_off,1.0,0.19166666666666668,1.0
rolling,2016-05-24,40,0,candidate_risk_off,1.0,0.18333333333333332,1.0
rolling,2016-05-25,40,0,candidate_risk_off,1.0,0.175,1.0
rolling,2016-05-26,40,0,candidate_risk_off,1.0,0.16666666666666666,1.0
rolling,2016-05-27,40,0,candidate_risk_off,1.0,0.15833333333333333,1.0
rolling,2016-05-30,40,0,candidate_risk_off,1.0,0.15,1.0
rolling,2016-05-31,40,0,candidate_risk_off,1.0,0.14166666666666666,1.0
rolling,2016-06-01,40,0,candidate_risk_off,1.0,0.13333333333333333,1.0
rolling,2016-06-02,40,0,candidate_risk_off,1.0,0.125,1.0
rolling,2016-06-03,40,0,candidate_risk_off,1.0,0.11666666666666667,1.0
rolling,2016-06-06,40,0,candidate_risk_off,1.0,0.10833333333333334,1.0
rolling,2016-06-07,40,0,candidate_risk_off,1.0,0.1,1.0
rolling,2016-06-08,40,0,candidate_risk_off,1.0,0.1,1.0
rolling,2016-06-09,40,0,candidate_risk_off,1.0,0.09166666666666666,1.0
rolling,2016-06-10,40,0,candidate_risk_off,1.0,0.09166666666666666,1.0
rolling,2016-06-13,40,0,candidate_risk_off,1.0,0.08333333333333333,1.0
rolling,2016-06-14,40,0,candidate_risk_off,1.0,0.075,1.0
rolling,2016-06-15,40,0,candidate_risk_off,1.0,0.06666666666666667,1.0
rolling,2016-06-16,40,0,candidate_risk_off,1.0,0.06666666666666667,1.0
rolling,2016-06-17,40,0,candidate_risk_off,1.0,0.06666666666666667,1.0
rolling,2016-06-20,40,0,candidate_risk_off,1.0,0.06666666666666667,1.0
rolling,2016-06-21,40,0,candidate_risk_off,1.0,0.06666666666666667,1.0
rolling,2016-06-22,40,0,candidate_risk_off,1.0,0.06666666666666667,1.0
rolling,2016-06-23,40,0,candidate_risk_off,1.0,0.058333333333333334,1.0
rolling,2016-06-24,40,0,candidate_risk_off,1.0,0.05,1.0
rolling,2016-06-27,40,0,candidate_risk_off,1.0,0.041666666666666664,1.0
rolling,2016-06-28,40,0,candidate_risk_off,1.0,0.03333333333333333,1.0
rolling,2016-06-29,40,0,candidate_risk_off,1.0,0.025,1.0
rolling,2016-06-30,40,0,candidate_risk_off,1.0,0.016666666666666666,1.0
rolling,2016-07-01,40,0,candidate_risk_off,1.0,0.008333333333333333,1.0
rolling,2016-07-04,40,0,candidate_risk_off,,0.0,1.0
rolling,2016-07-05,40,0,candidate_risk_off,,0.0,1.0
rolling,2016-07-06,40,0,candidate_risk_off,,0.0,1.0
rolling,2016-07-07,40,0,candidate_risk_off,,0.0,1.0
rolling,2016-07-08,40,0,candidate_risk_off,,0.0,1.0
rolling,2016-07-11,40,0,candidate_risk_off,,0.0,1.0
rolling,2016-07-12,40,0,candidate_risk_off,,0.0,1.0
rolling,2016-07-13,40,0,candidate_risk_off,,0.0,1.0
rolling,2016-07-14,40,0,candidate_risk_off,,0.0,1.0
rolling,2016-07-15,40,0,candidate_risk_off,,0.0,1.0
rolling,2016-07-18,40,0,candidate_risk_off,,0.0,1.0
rolling,2016-07-19,40,0,candidate_risk_off,,0.0,1.0
rolling,2016-07-20,40,0,candidate_risk_off,,0.0,1.0
rolling,2016-07-21,40,0,candidate_risk_off,,0.0,1.0
rolling,2016-07-22,40,0,candidate_risk_off,,0.0,1.0
rolling,2016-07-25,40,0,candidate_risk_off,,0.0,1.0
rolling,2016-07-26,40,0,candidate_risk_off,,0.0,1.0
rolling,2016-07-27,40,0,candidate_risk_off,,0.0,1.0
rolling,2016-07-28,40,0,candidate_risk_off,,0.0,1.0
rolling,2016-07-29,40,0,candidate_risk_off,,0.0,1.0
rolling,2016-08-01,40,0,candidate_risk_off,,0.0,1.0
rolling,2016-08-02,40,0,candidate_risk_off,,0.0,1.0
rolling,2016-08-03,40,0,candidate_risk_off,,0.0,1.0
rolling,2016-08-04,40,0,candidate_risk_off,,0.0,1.0
rolling,2016-08-05,40,0,candidate_risk_off,,0.0,1.0
rolling,2016-08-08,40,0,candidate_risk_off,,0.0,1.0
rolling,2016-08-09,40,0,candidate_risk_off,,0.0,1.0
rolling,2016-08-10,40,0,candidate_risk_off,,0.0,1.0
rolling,2016-08-11,40,0,candidate_risk_off,,0.0,1.0
rolling,2016-08-12,40,0,candidate_risk_off,,0.0,1.0
rolling,2016-08-15,40,0,candidate_risk_off,,0.0,1.0
rolling,2016-08-16,40,0,candidate_risk_off,,0.0,1.0
rolling,2016-08-17,40,0,candidate_risk_off,,0.0,1.0
rolling,2016-08-18,40,0,candidate_risk_off,,0.0,1.0
rolling,2016-08-19,40,0,candidate_risk_off,,0.0,1.0
rolling,2016-08-22,40,0,candidate_risk_off,,0.0,1.0
rolling,2016-08-23,40,0,candidate_risk_off,,0.0,1.0
rolling,2016-08-24,40,0,candidate_risk_off,,0.0,1.0
rolling,2016-08-25,40,0,candidate_risk_off,,0.0,1.0
rolling,2016-08-26,40,0,candidate_risk_off,,0.0,1.0
rolling,2016-08-29,40,0,candidate_risk_off,,0.0,1.0
rolling,2016-08-30,40,0,candidate_risk_off,,0.0,1.0
rolling,2016-08-31,40,0,candidate_risk_off,,0.0,1.0
rolling,2016-09-01,40,0,candidate_risk_off,,0.0,1.0
rolling,2016-09-05,40,0,candidate_risk_off,,0.0,1.0
rolling,2016-09-06,40,0,candidate_risk_off,,0.0,1.0
rolling,2016-09-07,40,0,candidate_risk_off,,0.0,1.0
rolling,2016-09-08,40,0,candidate_risk_off,,0.0,1.0
rolling,2016-09-09,40,0,candidate_risk_off,,0.0,1.0
rolling,2016-09-12,40,0,candidate_risk_off,,0.0,1.0
rolling,2016-09-13,40,0,candidate_risk_off,,0.0,1.0
rolling,2016-09-14,40,0,candidate_risk_off,,0.0,1.0
rolling,2016-09-15,40,0,candidate_risk_off,,0.0,1.0
rolling,2016-09-16,40,0,candidate_risk_off,,0.0,1.0
rolling,2016-09-19,40,0,candidate_risk_off,,0.0,1.0
rolling,2016-09-20,40,0,candidate_risk_off,,0.0,1.0
rolling,2016-09-21,40,0,candidate_risk_off,,0.0,1.0
rolling,2016-09-22,40,0,candidate_risk_off,,0.0,1.0
rolling,2016-09-23,40,0,candidate_risk_off,,0.0,1.0
rolling,2016-09-26,40,0,candidate_risk_off,,0.0,1.0
rolling,2016-09-27,40,0,candidate_risk_off,,0.0,1.0
rolling,2016-09-28,40,0,candidate_risk_off,,0.0,1.0
rolling,2016-09-29,40,0,candidate_risk_off,,0.0,1.0
rolling,2016-09-30,40,0,candidate_risk_off,,0.0,1.0
rolling,2016-10-03,40,0,candidate_risk_off,1.0,0.008333333333333333,1.0
rolling,2016-10-04,40,0,candidate_risk_off,1.0,0.016666666666666666,1.0
rolling,2016-10-05,40,0,candidate_risk_off,1.0,0.025,1.0
rolling,2016-10-06,40,0,candidate_risk_off,1.0,0.03333333333333333,1.0
rolling,2016-10-07,40,0,candidate_risk_off,1.0,0.041666666666666664,1.0
rolling,2016-10-10,40,0,candidate_risk_off,1.0,0.041666666666666664,1.0
rolling,2016-10-11,40,0,candidate_risk_off,1.0,0.05,1.0
rolling,2016-10-12,40,0,candidate_risk_off,1.0,0.058333333333333334,1.0
rolling,2016-10-13,40,0,candidate_risk_off,1.0,0.06666666666666667,1.0
rolling,2016-10-14,40,0,candidate_risk_off,1.0,0.075,1.0
rolling,2016-10-17,40,0,candidate_risk_off,1.0,0.08333333333333333,1.0
rolling,2016-10-18,40,0,candidate_risk_off,1.0,0.09166666666666666,1.0
rolling,2016-10-19,40,0,candidate_risk_off,1.0,0.1,1.0
rolling,2016-10-20,40,0,candidate_risk_off,1.0,0.10833333333333334,1.0
rolling,2016-10-21,40,0,candidate_risk_off,1.0,0.10833333333333334,1.0
rolling,2016-10-24,40,0,candidate_risk_off,1.0,0.10833333333333334,1.0
rolling,2016-10-25,40,0,candidate_risk_off,1.0,0.10833333333333334,1.0
rolling,2016-10-26,40,0,candidate_risk_off,1.0,0.10833333333333334,1.0
rolling,2016-10-27,40,0,candidate_risk_off,1.0,0.10833333333333334,1.0
rolling,2016-10-28,40,0,candidate_risk_off,1.0,0.11666666666666667,1.0
rolling,2016-10-31,40,0,candidate_risk_off,1.0,0.11666666666666667,1.0
rolling,2016-11-01,40,0,candidate_risk_off,1.0,0.11666666666666667,1.0
rolling,2016-11-02,40,0,candidate_risk_off,1.0,0.11666666666666667,1.0
rolling,2016-11-03,40,0,candidate_risk_off,1.0,0.11666666666666667,1.0
rolling,2016-11-04,40,0,candidate_risk_off,1.0,0.11666666666666667,1.0
rolling,2016-11-07,40,0,candidate_risk_off,1.0,0.11666666666666667,1.0
rolling,2016-11-08,40,0,candidate_risk_off,1.0,0.11666666666666667,1.0
rolling,2016-11-09,40,0,candidate_risk_off,1.0,0.11666666666666667,1.0
rolling,2016-11-10,40,0,candidate_risk_off,1.0,0.11666666666666667,1.0
rolling,2016-11-11,40,0,candidate_risk_off,1.0,0.11666666666666667,1.0
rolling,2016-11-14,40,0,candidate_risk_off,1.0,0.11666666666666667,1.0
rolling,2016-11-15,40,0,candidate_risk_off,1.0,0.11666666666666667,1.0
rolling,2016-11-16,40,0,candidate_risk_off,1.0,0.11666666666666667,1.0
rolling,2016-11-17,40,0,candidate_risk_off,1.0,0.11666666666666667,1.0
rolling,2016-11-18,40,0,candidate_risk_off,1.0,0.11666666666666667,1.0
rolling,2016-11-21,40,0,candidate_risk_off,1.0,0.11666666666666667,1.0
rolling,2016-11-22,40,0,candidate_risk_off,1.0,0.11666666666666667,1.0
rolling,2016-11-23,40,0,candidate_risk_off,1.0,0.11666666666666667,1.0
rolling,2016-11-24,40,0,candidate_risk_off,1.0,0.11666666666666667,1.0
rolling,2016-11-25,40,0,candidate_risk_off,1.0,0.11666666666666667,1.0
rolling,2016-11-28,40,0,candidate_risk_off,1.0,0.11666666666666667,1.0
rolling,2016-11-29,40,0,candidate_risk_off,1.0,0.11666666666666667,1.0
rolling,2016-11-30,40,0,candidate_risk_off,1.0,0.11666666666666667,1.0
rolling,2016-12-01,40,0,candidate_risk_off,1.0,0.11666666666666667,1.0
rolling,2016-12-02,40,0,candidate_risk_off,1.0,0.11666666666666667,1.0
rolling,2016-12-05,40,0,candidate_risk_off,1.0,0.11666666666666667,1.0
rolling,2016-12-06,40,0,candidate_risk_off,1.0,0.11666666666666667,1.0
rolling,2016-12-07,40,0,candidate_risk_off,1.0,0.11666666666666667,1.0
rolling,2016-12-08,40,0,candidate_risk_off,1.0,0.11666666666666667,1.0
rolling,2016-12-09,40,0,candidate_risk_off,1.0,0.11666666666666667,1.0
rolling,2016-12-12,40,0,candidate_risk_off,1.0,0.11666666666666667,1.0
rolling,2016-12-13,40,0,candidate_risk_off,1.0,0.11666666666666667,1.0
rolling,2016-12-14,40,0,candidate_risk_off,1.0,0.11666666666666667,1.0
rolling,2016-12-15,40,0,candidate_risk_off,1.0,0.11666666666666667,1.0
rolling,2016-12-16,40,0,candidate_risk_off,1.0,0.11666666666666667,1.0
rolling,2016-12-19,40,0,candidate_risk_off,1.0,0.11666666666666667,1.0
rolling,2016-12-20,40,0,candidate_risk_off,1.0,0.11666666666666667,1.0
rolling,2016-12-21,40,0,candidate_risk_off,1.0,0.11666666666666667,1.0
rolling,2016-12-22,40,0,candidate_risk_off,1.0,0.11666666666666667,1.0
rolling,2016-12-23,40,0,candidate_risk_off,1.0,0.11666666666666667,1.0
rolling,2016-12-26,40,0,candidate_risk_off,1.0,0.11666666666666667,1.0
rolling,2016-12-27,40,0,candidate_risk_off,1.0,0.11666666666666667,1.0
rolling,2016-12-28,40,0,candidate_risk_off,1.0,0.11666666666666667,1.0
rolling,2016-12-29,40,0,candidate_risk_off,1.0,0.11666666666666667,1.0
rolling,2016-12-30,40,0,candidate_risk_off,1.0,0.11666666666666667,1.0
rolling,2017-01-03,40,0,candidate_risk_off,1.0,0.11666666666666667,1.0
rolling,2017-01-04,40,0,candidate_risk_off,1.0,0.11666666666666667,1.0
rolling,2017-01-05,40,0,candidate_risk_off,1.0,0.11666666666666667,1.0
rolling,2017-01-06,40,0,candidate_risk_off,1.0,0.11666666666666667,1.0
rolling,2017-01-09,40,0,candidate_risk_off,1.0,0.11666666666666667,1.0
rolling,2017-01-10,40,0,candidate_risk_off,1.0,0.11666666666666667,1.0
rolling,2017-01-11,40,0,candidate_risk_off,1.0,0.11666666666666667,1.0
rolling,2017-01-12,40,0,candidate_risk_off,1.0,0.11666666666666667,1.0
rolling,2017-01-13,40,0,candidate_risk_off,1.0,0.11666666666666667,1.0
rolling,2017-01-16,40,0,candidate_risk_off,1.0,0.11666666666666667,1.0
rolling,2017-01-17,40,0,candidate_risk_off,1.0,0.11666666666666667,1.0
rolling,2017-01-18,40,0,candidate_risk_off,1.0,0.11666666666666667,1.0
rolling,2017-01-19,40,0,candidate_risk_off,1.0,0.11666666666666667,1.0
rolling,2017-01-20,40,0,candidate_risk_off,1.0,0.11666666666666667,1.0
rolling,2017-01-23,40,0,candidate_risk_off,1.0,0.11666666666666667,1.0
rolling,2017-01-24,40,0,candidate_risk_off,1.0,0.11666666666666667,1.0
rolling,2017-01-25,40,0,candidate_risk_off,1.0,0.11666666666666667,1.0
rolling,2017-02-02,40,0,candidate_risk_off,1.0,0.11666666666666667,1.0
rolling,2017-02-03,40,0,candidate_risk_off,1.0,0.11666666666666667,1.0
rolling,2017-02-06,40,0,candidate_risk_off,1.0,0.11666666666666667,1.0
rolling,2017-02-07,40,0,candidate_risk_off,1.0,0.11666666666666667,1.0
rolling,2017-02-08,40,0,candidate_risk_off,1.0,0.11666666666666667,1.0
rolling,2017-02-09,40,0,candidate_risk_off,1.0,0.11666666666666667,1.0
rolling,2017-02-10,40,0,candidate_risk_off,1.0,0.11666666666666667,1.0
rolling,2017-02-13,40,0,candidate_risk_off,1.0,0.11666666666666667,1.0
rolling,2017-02-14,40,0,candidate_risk_off,1.0,0.11666666666666667,1.0
rolling,2017-02-15,40,0,candidate_risk_off,1.0,0.11666666666666667,1.0
rolling,2017-02-16,40,0,candidate_risk_off,1.0,0.11666666666666667,1.0
rolling,2017-02-17,40,0,candidate_risk_off,1.0,0.11666666666666667,1.0
rolling,2017-04-17,40,1,multiclass_probability_sum,,0.0,0.225
rolling,2017-04-18,40,1,multiclass_probability_sum,,0.0,0.21951219512195122
rolling,2017-04-19,40,1,multiclass_probability_sum,,0.0,0.21428571428571427
rolling,2017-04-20,40,1,multiclass_probability_sum,,0.0,0.23255813953488372
rolling,2017-04-21,40,1,multiclass_probability_sum,,0.0,0.25
rolling,2017-04-24,40,1,multiclass_probability_sum,,0.0,0.26666666666666666
rolling,2017-04-25,40,1,multiclass_probability_sum,,0.0,0.2826086956521739
rolling,2017-04-26,40,1,multiclass_probability_sum,,0.0,0.2978723404255319
rolling,2017-04-27,40,1,multiclass_probability_sum,,0.0,0.3125
rolling,2017-04-28,40,1,multiclass_probability_sum,,0.0,0.32653061224489793
rolling,2017-05-03,40,1,multiclass_probability_sum,,0.0,0.32
rolling,2017-05-04,40,1,multiclass_probability_sum,,0.0,0.3137254901960784
rolling,2017-05-05,40,1,multiclass_probability_sum,,0.0,0.3269230769230769
rolling,2017-05-08,40,1,multiclass_probability_sum,,0.0,0.33962264150943394
rolling,2017-05-09,40,1,multiclass_probability_sum,,0.0,0.3333333333333333
rolling,2017-05-10,40,1,multiclass_probability_sum,,0.0,0.34545454545454546
rolling,2017-05-11,40,1,multiclass_probability_sum,,0.0,0.35714285714285715
rolling,2017-05-12,40,1,multiclass_probability_sum,,0.0,0.3684210526315789
rolling,2017-05-15,40,1,multiclass_probability_sum,,0.0,0.3793103448275862
rolling,2017-05-16,40,1,multiclass_probability_sum,,0.0,0.3898305084745763
rolling,2017-05-17,40,1,multiclass_probability_sum,,0.0,0.4
rolling,2017-05-18,40,1,multiclass_probability_sum,,0.0,0.4098360655737705
rolling,2017-05-19,40,1,multiclass_probability_sum,,0.0,0.4032258064516129
rolling,2017-05-22,40,1,multiclass_probability_sum,,0.0,0.4126984126984127
rolling,2017-05-23,40,1,multiclass_probability_sum,,0.0,0.421875
rolling,2017-05-24,40,1,multiclass_probability_sum,,0.0,0.4153846153846154
rolling,2017-05-25,40,1,multiclass_probability_sum,,0.0,0.42424242424242425
rolling,2017-05-26,40,1,multiclass_probability_sum,,0.0,0.417910447761194
rolling,2017-05-29,40,1,multiclass_probability_sum,,0.0,0.4264705882352941
rolling,2017-05-30,40,1,multiclass_probability_sum,,0.0,0.43478260869565216
rolling,2017-05-31,40,1,multiclass_probability_sum,,0.0,0.44285714285714284
rolling,2017-06-01,40,1,multiclass_probability_sum,,0.0,0.43661971830985913
rolling,2017-06-02,40,1,multiclass_probability_sum,,0.0,0.4305555555555556
rolling,2017-06-05,40,1,multiclass_probability_sum,,0.0,0.4246575342465753
rolling,2017-06-06,40,1,multiclass_probability_sum,,0.0,0.4189189189189189
rolling,2017-06-07,40,1,multiclass_probability_sum,,0.0,0.41333333333333333
rolling,2017-06-08,40,1,multiclass_probability_sum,,0.0,0.40789473684210525
rolling,2017-06-09,40,1,multiclass_probability_sum,,0.0,0.4155844155844156
rolling,2017-06-12,40,1,multiclass_probability_sum,,0.0,0.41025641025641024
rolling,2017-06-13,40,1,multiclass_probability_sum,,0.0,0.4050632911392405
rolling,2017-06-14,40,1,multiclass_probability_sum,,0.0,0.4
rolling,2017-06-15,40,1,multiclass_probability_sum,,0.0,0.3950617283950617
rolling,2017-06-16,40,1,multiclass_probability_sum,,0.0,0.3902439024390244
rolling,2017-06-19,40,1,multiclass_probability_sum,,0.0,0.39759036144578314
rolling,2017-06-20,40,1,multiclass_probability_sum,,0.0,0.40476190476190477
rolling,2017-06-21,40,1,multiclass_probability_sum,,0.0,0.4117647058823529
rolling,2017-06-22,40,1,multiclass_probability_sum,,0.0,0.4186046511627907
rolling,2017-06-23,40,1,multiclass_probability_sum,,0.0,0.42528735632183906
rolling,2017-06-26,40,1,multiclass_probability_sum,,0.0,0.4318181818181818
rolling,2017-06-27,40,1,multiclass_probability_sum,,0.0,0.43820224719101125
rolling,2017-06-28,40,1,multiclass_probability_sum,,0.0,0.4444444444444444
rolling,2017-06-29,40,1,multiclass_probability_sum,,0.0,0.45054945054945056
rolling,2017-06-30,40,1,multiclass_probability_sum,,0.0,0.45652173913043476
rolling,2017-07-03,40,1,multiclass_probability_sum,,0.0,0.46236559139784944
rolling,2017-07-04,40,1,multiclass_probability_sum,,0.0,0.46808510638297873
rolling,2017-07-05,40,1,multiclass_probability_sum,,0.0,0.47368421052631576
rolling,2017-07-06,40,1,multiclass_probability_sum,,0.0,0.4791666666666667
rolling,2017-07-07,40,1,multiclass_probability_sum,,0.0,0.4845360824742268
rolling,2017-07-10,40,1,multiclass_probability_sum,,0.0,0.4897959183673469
rolling,2017-07-11,40,1,multiclass_probability_sum,,0.0,0.494949494949495
rolling,2017-07-12,40,1,multiclass_probability_sum,,0.0,0.5
rolling,2017-07-13,40,1,multiclass_probability_sum,,0.0,0.504950495049505
rolling,2017-07-14,40,1,multiclass_probability_sum,,0.0,0.5098039215686274
rolling,2017-07-17,40,1,multiclass_probability_sum,,0.0,0.5145631067961165
rolling,2017-07-18,40,1,multiclass_probability_sum,,0.0,0.5192307692307693
rolling,2017-07-19,40,1,multiclass_probability_sum,,0.0,0.5238095238095238
rolling,2017-07-20,40,1,multiclass_probability_sum,,0.0,0.5283018867924528
rolling,2017-07-21,40,1,multiclass_probability_sum,,0.0,0.5327102803738317
rolling,2017-07-24,40,1,multiclass_probability_sum,,0.0,0.5370370370370371
rolling,2017-07-25,40,1,multiclass_probability_sum,,0.0,0.5412844036697247
rolling,2017-07-26,40,1,multiclass_probability_sum,,0.0,0.5454545454545454
rolling,2017-07-27,40,1,multiclass_probability_sum,,0.0,0.5495495495495496
rolling,2017-07-28,40,1,multiclass_probability_sum,,0.0,0.5535714285714286
rolling,2017-07-31,40,1,multiclass_probability_sum,,0.0,0.5575221238938053
rolling,2017-08-01,40,1,multiclass_probability_sum,,0.0,0.5614035087719298
rolling,2017-08-02,40,1,multiclass_probability_sum,,0.0,0.5652173913043478
rolling,2017-08-03,40,1,multiclass_probability_sum,,0.0,0.5689655172413793
rolling,2017-08-04,40,1,multiclass_probability_sum,,0.0,0.5726495726495726
rolling,2017-08-07,40,1,multiclass_probability_sum,,0.0,0.576271186440678
rolling,2017-08-08,40,1,multiclass_probability_sum,,0.0,0.5798319327731093
rolling,2017-08-09,40,1,multiclass_probability_sum,,0.0,0.5833333333333334
rolling,2017-08-10,40,1,multiclass_probability_sum,,0.0,0.5916666666666667
rolling,2017-08-11,40,1,multiclass_probability_sum,,0.0,0.6
rolling,2017-08-14,40,1,multiclass_probability_sum,,0.0,0.6083333333333333
rolling,2017-08-15,40,1,multiclass_probability_sum,,0.0,0.6166666666666667
rolling,2017-08-16,40,1,multiclass_probability_sum,,0.0,0.625
rolling,2017-08-17,40,1,multiclass_probability_sum,,0.0,0.6333333333333333
rolling,2017-08-18,40,1,multiclass_probability_sum,,0.0,0.6333333333333333
rolling,2017-08-21,40,1,multiclass_probability_sum,,0.0,0.6333333333333333
rolling,2017-08-22,40,1,multiclass_probability_sum,,0.0,0.6333333333333333
rolling,2017-08-23,40,1,multiclass_probability_sum,,0.0,0.6416666666666667
rolling,2017-08-24,40,1,multiclass_probability_sum,,0.0,0.65
rolling,2017-08-25,40,1,multiclass_probability_sum,,0.0,0.6583333333333333
rolling,2017-08-28,40,1,multiclass_probability_sum,,0.0,0.6666666666666666
rolling,2017-08-29,40,1,multiclass_probability_sum,,0.0,0.675
rolling,2017-08-30,40,1,multiclass_probability_sum,,0.0,0.675
rolling,2017-08-31,40,1,multiclass_probability_sum,,0.0,0.6833333333333333
rolling,2017-09-01,40,1,multiclass_probability_sum,,0.0,0.6916666666666667
rolling,2017-09-05,40,1,multiclass_probability_sum,,0.0,0.7
rolling,2017-09-06,40,1,multiclass_probability_sum,,0.0,0.7083333333333334
rolling,2017-09-07,40,1,multiclass_probability_sum,,0.0,0.7083333333333334
rolling,2017-09-08,40,1,multiclass_probability_sum,,0.0,0.7166666666666667
rolling,2017-09-11,40,1,multiclass_probability_sum,,0.0,0.725
rolling,2017-09-12,40,1,multiclass_probability_sum,,0.0,0.725
rolling,2017-09-13,40,1,multiclass_probability_sum,,0.0,0.7333333333333333
rolling,2017-09-14,40,1,multiclass_probability_sum,,0.0,0.7416666666666667
rolling,2017-09-15,40,1,multiclass_probability_sum,,0.0,0.75
rolling,2017-09-18,40,1,multiclass_probability_sum,,0.0,0.7583333333333333
rolling,2017-09-19,40,1,multiclass_probability_sum,,0.0,0.7666666666666667
rolling,2017-09-20,40,1,multiclass_probability_sum,,0.0,0.775
rolling,2017-09-21,40,1,multiclass_probability_sum,,0.0,0.7833333333333333
rolling,2017-09-22,40,1,multiclass_probability_sum,,0.0,0.7916666666666666
rolling,2017-09-25,40,1,multiclass_probability_sum,,0.0,0.8
rolling,2017-09-26,40,1,multiclass_probability_sum,,0.0,0.8083333333333333
rolling,2017-09-27,40,1,multiclass_probability_sum,,0.0,0.8166666666666667
rolling,2017-09-28,40,1,multiclass_probability_sum,,0.0,0.825
rolling,2017-09-29,40,1,multiclass_probability_sum,,0.0,0.8333333333333334
rolling,2017-10-02,40,1,multiclass_probability_sum,,0.0,0.8333333333333334
rolling,2017-10-03,40,1,multiclass_probability_sum,,0.0,0.8416666666666667
rolling,2017-10-04,40,1,multiclass_probability_sum,,0.0,0.8333333333333334
rolling,2017-10-05,40,1,multiclass_probability_sum,,0.0,0.8333333333333334
rolling,2017-10-06,40,1,multiclass_probability_sum,,0.0,0.8333333333333334
rolling,2017-10-09,40,1,multiclass_probability_sum,,0.0,0.8333333333333334
rolling,2017-10-10,40,1,multiclass_probability_sum,,0.0,0.825
rolling,2017-10-11,40,1,multiclass_probability_sum,,0.0,0.8166666666666667
rolling,2017-10-12,40,1,multiclass_probability_sum,,0.0,0.8083333333333333
rolling,2017-10-13,40,1,multiclass_probability_sum,,0.0,0.8
rolling,2017-10-16,40,1,multiclass_probability_sum,,0.0,0.7916666666666666
rolling,2017-10-17,40,1,multiclass_probability_sum,,0.0,0.7833333333333333
rolling,2017-10-18,40,1,multiclass_probability_sum,,0.0,0.775
rolling,2017-10-19,40,1,multiclass_probability_sum,,0.0,0.775
rolling,2017-10-20,40,1,multiclass_probability_sum,,0.0,0.7833333333333333
rolling,2017-10-23,40,1,multiclass_probability_sum,,0.0,0.7833333333333333
rolling,2017-10-24,40,1,multiclass_probability_sum,,0.0,0.775
rolling,2017-10-25,40,1,multiclass_probability_sum,,0.0,0.775
rolling,2017-10-26,40,1,multiclass_probability_sum,,0.0,0.7666666666666667
rolling,2017-10-27,40,1,multiclass_probability_sum,,0.0,0.7583333333333333
rolling,2017-10-30,40,1,multiclass_probability_sum,,0.0,0.7583333333333333
rolling,2017-10-31,40,1,multiclass_probability_sum,,0.0,0.7583333333333333
rolling,2017-11-01,40,1,multiclass_probability_sum,,0.0,0.7583333333333333
rolling,2017-11-02,40,1,multiclass_probability_sum,,0.0,0.7583333333333333
rolling,2017-11-03,40,1,multiclass_probability_sum,,0.0,0.7583333333333333
rolling,2017-11-06,40,1,multiclass_probability_sum,,0.0,0.7666666666666667
rolling,2017-11-07,40,1,multiclass_probability_sum,,0.0,0.7666666666666667
rolling,2017-11-08,40,1,multiclass_probability_sum,,0.0,0.7666666666666667
rolling,2017-11-09,40,1,multiclass_probability_sum,,0.0,0.775
rolling,2017-11-10,40,1,multiclass_probability_sum,,0.0,0.775
rolling,2017-11-13,40,1,multiclass_probability_sum,,0.0,0.7833333333333333
rolling,2017-11-14,40,1,multiclass_probability_sum,,0.0,0.7833333333333333
rolling,2017-11-15,40,1,multiclass_probability_sum,,0.0,0.7833333333333333
rolling,2017-11-16,40,1,multiclass_probability_sum,,0.0,0.7833333333333333
rolling,2017-11-17,40,1,multiclass_probability_sum,,0.0,0.7916666666666666
rolling,2017-11-20,40,1,multiclass_probability_sum,,0.0,0.8
rolling,2017-11-21,40,1,multiclass_probability_sum,,0.0,0.8083333333333333
rolling,2017-11-22,40,1,multiclass_probability_sum,,0.0,0.8166666666666667
rolling,2017-11-23,40,1,multiclass_probability_sum,,0.0,0.825
rolling,2017-11-24,40,1,multiclass_probability_sum,,0.0,0.8333333333333334
rolling,2017-11-27,40,1,multiclass_probability_sum,,0.0,0.8333333333333334
rolling,2017-11-28,40,1,multiclass_probability_sum,,0.0,0.8416666666666667
rolling,2017-11-29,40,1,multiclass_probability_sum,,0.0,0.85
rolling,2017-11-30,40,1,multiclass_probability_sum,,0.0,0.8583333333333333
rolling,2017-12-01,40,1,multiclass_probability_sum,,0.0,0.8666666666666667
rolling,2017-12-04,40,1,multiclass_probability_sum,,0.0,0.875
rolling,2017-12-05,40,1,multiclass_probability_sum,,0.0,0.875
rolling,2017-12-06,40,1,multiclass_probability_sum,,0.0,0.875
rolling,2017-12-07,40,1,multiclass_probability_sum,,0.0,0.875
rolling,2017-12-08,40,1,multiclass_probability_sum,,0.0,0.875
rolling,2017-12-11,40,1,multiclass_probability_sum,,0.0,0.875
rolling,2017-12-12,40,1,multiclass_probability_sum,,0.0,0.875
rolling,2017-12-13,40,1,multiclass_probability_sum,,0.0,0.875
rolling,2017-12-14,40,1,multiclass_probability_sum,,0.0,0.875
rolling,2017-12-15,40,1,multiclass_probability_sum,,0.0,0.875
rolling,2017-12-18,40,1,multiclass_probability_sum,,0.0,0.875
rolling,2017-12-19,40,1,multiclass_probability_sum,,0.0,0.875
rolling,2017-12-20,40,1,multiclass_probability_sum,,0.0,0.875
rolling,2017-12-21,40,1,multiclass_probability_sum,,0.0,0.875
rolling,2017-12-22,40,1,multiclass_probability_sum,,0.0,0.875
rolling,2017-12-25,40,1,multiclass_probability_sum,,0.0,0.875
rolling,2017-12-26,40,1,multiclass_probability_sum,,0.0,0.875
rolling,2017-12-27,40,1,multiclass_probability_sum,,0.0,0.875
rolling,2017-12-28,40,1,multiclass_probability_sum,,0.0,0.875
rolling,2017-12-29,40,1,multiclass_probability_sum,,0.0,0.875
rolling,2018-01-02,40,1,multiclass_probability_sum,,0.0,0.875
rolling,2018-01-03,40,1,multiclass_probability_sum,,0.0,0.875
rolling,2018-01-04,40,1,multiclass_probability_sum,,0.0,0.875
rolling,2018-01-05,40,1,multiclass_probability_sum,,0.0,0.875
rolling,2018-01-08,40,1,multiclass_probability_sum,,0.0,0.875
rolling,2018-01-09,40,1,multiclass_probability_sum,,0.0,0.875
rolling,2018-01-10,40,1,multiclass_probability_sum,,0.0,0.875
rolling,2018-01-11,40,1,multiclass_probability_sum,,0.0,0.875
rolling,2018-01-12,40,1,multiclass_probability_sum,,0.0,0.875
rolling,2018-01-15,40,1,multiclass_probability_sum,,0.0,0.875
rolling,2018-01-16,40,1,multiclass_probability_sum,,0.0,0.875
rolling,2018-01-17,40,1,multiclass_probability_sum,,0.0,0.875
rolling,2018-01-18,40,1,multiclass_probability_sum,,0.0,0.875
rolling,2018-01-19,40,1,multiclass_probability_sum,,0.0,0.875
rolling,2018-01-22,40,1,multiclass_probability_sum,,0.0,0.875
rolling,2018-01-25,40,1,multiclass_probability_sum,,0.0,0.875
rolling,2018-01-26,40,1,multiclass_probability_sum,1.0,0.009523809523809525,0.8739495798319328
rolling,2018-01-29,40,1,multiclass_probability_sum,1.0,0.009523809523809525,0.8739495798319328
rolling,2018-01-30,40,1,multiclass_probability_sum,1.0,0.01904761904761905,0.8728813559322034
rolling,2018-01-31,40,1,multiclass_probability_sum,1.0,0.02857142857142857,0.8717948717948718
rolling,2018-02-01,40,1,multiclass_probability_sum,1.0,0.02857142857142857,0.8717948717948718
rolling,2018-02-02,40,1,multiclass_probability_sum,1.0,0.02857142857142857,0.8717948717948718
rolling,2018-02-05,40,1,multiclass_probability_sum,1.0,0.02857142857142857,0.8717948717948718
rolling,2018-02-06,40,1,multiclass_probability_sum,1.0,0.028846153846153848,0.8632478632478633
rolling,2018-02-07,40,1,multiclass_probability_sum,1.0,0.028846153846153848,0.8632478632478633
rolling,2018-02-08,40,1,multiclass_probability_sum,1.0,0.028846153846153848,0.8632478632478633
rolling,2018-02-09,40,1,multiclass_probability_sum,1.0,0.02912621359223301,0.8547008547008547
rolling,2018-02-12,40,1,multiclass_probability_sum,1.0,0.029411764705882353,0.8461538461538461
rolling,2018-02-13,40,1,multiclass_probability_sum,1.0,0.029411764705882353,0.8461538461538461
rolling,2018-02-21,40,1,multiclass_probability_sum,1.0,0.0297029702970297,0.8376068376068376
rolling,2018-02-22,40,1,multiclass_probability_sum,1.0,0.0297029702970297,0.8376068376068376
rolling,2018-02-23,40,1,multiclass_probability_sum,1.0,0.03,0.8290598290598291
rolling,2018-02-26,40,1,multiclass_probability_sum,1.0,0.03,0.8290598290598291
rolling,2018-02-27,40,1,multiclass_probability_sum,1.0,0.030303030303030304,0.8205128205128205
rolling,2018-02-28,40,1,multiclass_probability_sum,0.75,0.030612244897959183,0.8189655172413793
rolling,2018-03-01,40,1,multiclass_probability_sum,0.8,0.04081632653061224,0.8173913043478261
rolling,2018-03-02,40,1,multiclass_probability_sum,0.8333333333333334,0.05102040816326531,0.8157894736842105
rolling,2018-03-05,40,1,multiclass_probability_sum,0.8571428571428571,0.061224489795918366,0.8141592920353983
rolling,2018-03-06,40,1,multiclass_probability_sum,0.75,0.061855670103092786,0.8125
rolling,2018-03-07,40,1,multiclass_probability_sum,0.75,0.061855670103092786,0.8125
rolling,2018-03-08,40,1,multiclass_probability_sum,0.7777777777777778,0.07216494845360824,0.8108108108108109
rolling,2018-03-09,40,1,multiclass_probability_sum,0.8,0.08247422680412371,0.8090909090909091
rolling,2018-03-12,40,1,multiclass_probability_sum,0.8181818181818182,0.09278350515463918,0.8073394495412844
rolling,2018-03-13,40,1,multiclass_probability_sum,0.8333333333333334,0.10309278350515463,0.8055555555555556
rolling,2018-03-14,40,1,multiclass_probability_sum,0.8461538461538461,0.1134020618556701,0.8037383177570093
rolling,2018-03-15,40,1,multiclass_probability_sum,0.8571428571428571,0.12371134020618557,0.8018867924528302
rolling,2018-03-16,40,1,multiclass_probability_sum,0.8666666666666667,0.13402061855670103,0.8
rolling,2018-03-19,40,1,multiclass_probability_sum,0.875,0.14432989690721648,0.7980769230769231
rolling,2018-03-20,40,1,multiclass_probability_sum,0.8823529411764706,0.15463917525773196,0.7961165048543689
rolling,2018-03-21,40,1,multiclass_probability_sum,0.8888888888888888,0.16494845360824742,0.7941176470588235
rolling,2018-03-22,40,1,multiclass_probability_sum,0.8947368421052632,0.17525773195876287,0.7920792079207921
rolling,2018-03-23,40,1,multiclass_probability_sum,0.9,0.18556701030927836,0.79
rolling,2018-03-26,40,1,multiclass_probability_sum,0.9047619047619048,0.1958762886597938,0.7878787878787878
rolling,2018-03-27,40,1,multiclass_probability_sum,0.9090909090909091,0.20618556701030927,0.7857142857142857
rolling,2018-03-28,40,1,multiclass_probability_sum,0.9130434782608695,0.21649484536082475,0.7835051546391752
rolling,2018-03-29,40,1,multiclass_probability_sum,0.9166666666666666,0.2268041237113402,0.78125
rolling,2018-03-30,40,1,multiclass_probability_sum,0.92,0.23711340206185566,0.7789473684210526
rolling,2018-04-02,40,1,multiclass_probability_sum,0.9230769230769231,0.24489795918367346,0.7872340425531915
rolling,2018-04-03,40,1,multiclass_probability_sum,0.9259259259259259,0.25510204081632654,0.7849462365591398
rolling,2018-04-04,40,1,multiclass_probability_sum,0.9285714285714286,0.26262626262626265,0.7934782608695652
rolling,2018-04-05,40,1,multiclass_probability_sum,0.9310344827586207,0.27,0.8021978021978022
rolling,2018-04-06,40,1,multiclass_probability_sum,0.9333333333333333,0.27722772277227725,0.8111111111111111
rolling,2018-04-09,40,1,multiclass_probability_sum,0.9354838709677419,0.28431372549019607,0.8202247191011236
rolling,2018-04-10,40,1,multiclass_probability_sum,0.9375,0.2912621359223301,0.8295454545454546
rolling,2018-04-11,40,1,multiclass_probability_sum,0.9393939393939394,0.2980769230769231,0.8390804597701149
rolling,2018-04-12,40,1,multiclass_probability_sum,0.9411764705882353,0.3047619047619048,0.8488372093023255
rolling,2018-04-13,40,1,multiclass_probability_sum,0.9428571428571428,0.3113207547169811,0.8588235294117647
rolling,2018-04-16,40,1,multiclass_probability_sum,0.9444444444444444,0.3177570093457944,0.8690476190476191
rolling,2018-04-17,40,1,multiclass_probability_sum,0.9459459459459459,0.32407407407407407,0.8795180722891566
rolling,2018-04-18,40,1,multiclass_probability_sum,0.9473684210526315,0.3333333333333333,0.8780487804878049
rolling,2018-04-19,40,1,multiclass_probability_sum,0.9487179487179487,0.3425925925925926,0.8765432098765432
rolling,2018-04-20,40,1,multiclass_probability_sum,0.95,0.3486238532110092,0.8875
rolling,2018-04-23,40,1,multiclass_probability_sum,0.9512195121951219,0.35454545454545455,0.8987341772151899
rolling,2018-04-24,40,1,multiclass_probability_sum,0.9285714285714286,0.35454545454545455,0.9102564102564102
rolling,2018-04-26,40,1,multiclass_probability_sum,0.9285714285714286,0.35454545454545455,0.9102564102564102
rolling,2018-04-27,40,1,multiclass_probability_sum,0.9069767441860465,0.3577981651376147,0.9090909090909091
rolling,2018-05-02,40,1,multiclass_probability_sum,0.8863636363636364,0.3611111111111111,0.9078947368421053
rolling,2018-05-03,40,1,multiclass_probability_sum,0.8666666666666667,0.3644859813084112,0.9066666666666666
rolling,2018-05-04,40,1,multiclass_probability_sum,0.8478260869565217,0.36792452830188677,0.9054054054054054
rolling,2018-05-07,40,1,multiclass_probability_sum,0.8297872340425532,0.37142857142857144,0.9041095890410958
rolling,2018-05-08,40,1,multiclass_probability_sum,0.8333333333333334,0.38095238095238093,0.9027777777777778
rolling,2018-05-09,40,1,multiclass_probability_sum,0.8367346938775511,0.3904761904761905,0.9014084507042254
rolling,2018-05-10,40,1,multiclass_probability_sum,0.82,0.3942307692307692,0.9
rolling,2018-05-11,40,1,multiclass_probability_sum,0.803921568627451,0.39805825242718446,0.8985507246376812
rolling,2018-05-14,40,1,multiclass_probability_sum,0.7884615384615384,0.4019607843137255,0.8970588235294118
rolling,2018-05-15,40,1,multiclass_probability_sum,0.7924528301886793,0.4117647058823529,0.8955223880597015
rolling,2018-05-16,40,1,multiclass_probability_sum,0.7962962962962963,0.4215686274509804,0.8939393939393939
rolling,2018-05-17,40,1,multiclass_probability_sum,0.8,0.43137254901960786,0.8923076923076924
rolling,2018-05-18,40,1,multiclass_probability_sum,0.8035714285714286,0.4411764705882353,0.890625
rolling,2018-05-21,40,1,multiclass_probability_sum,0.8070175438596491,0.45098039215686275,0.8888888888888888
rolling,2018-05-22,40,1,multiclass_probability_sum,0.8103448275862069,0.46078431372549017,0.8870967741935484
rolling,2018-05-23,40,1,multiclass_probability_sum,0.8103448275862069,0.46534653465346537,0.8709677419354839
rolling,2018-05-24,40,1,multiclass_probability_sum,0.8103448275862069,0.47,0.8548387096774194
rolling,2018-05-25,40,1,multiclass_probability_sum,0.8103448275862069,0.47,0.8548387096774194
rolling,2018-05-28,40,1,multiclass_probability_sum,0.8103448275862069,0.47,0.8548387096774194
rolling,2018-05-29,40,1,multiclass_probability_sum,0.8103448275862069,0.47474747474747475,0.8387096774193549
rolling,2018-05-30,40,1,multiclass_probability_sum,0.8103448275862069,0.47959183673469385,0.8225806451612904
rolling,2018-05-31,40,1,multiclass_probability_sum,0.8103448275862069,0.4845360824742268,0.8064516129032258
rolling,2018-06-01,40,1,multiclass_probability_sum,0.8103448275862069,0.4895833333333333,0.7903225806451613
rolling,2018-06-04,40,1,multiclass_probability_sum,0.8135593220338984,0.5,0.7868852459016393
rolling,2018-06-05,40,1,multiclass_probability_sum,0.8166666666666667,0.5104166666666666,0.7833333333333333
rolling,2018-06-06,40,1,multiclass_probability_sum,0.819672131147541,0.5208333333333334,0.7796610169491526
rolling,2018-06-07,40,1,multiclass_probability_sum,0.8225806451612904,0.53125,0.7758620689655172
rolling,2018-06-08,40,1,multiclass_probability_sum,0.8253968253968254,0.5416666666666666,0.7719298245614035
rolling,2018-06-11,40,1,multiclass_probability_sum,0.828125,0.5520833333333334,0.7678571428571429
rolling,2018-06-12,40,1,multiclass_probability_sum,0.8307692307692308,0.5625,0.7636363636363637
rolling,2018-06-13,40,1,multiclass_probability_sum,0.8333333333333334,0.5729166666666666,0.7592592592592593
rolling,2018-06-14,40,1,multiclass_probability_sum,0.8333333333333334,0.5729166666666666,0.7592592592592593
rolling,2018-06-15,40,1,multiclass_probability_sum,0.8333333333333334,0.5729166666666666,0.7592592592592593
rolling,2018-06-18,40,1,multiclass_probability_sum,0.8333333333333334,0.5729166666666666,0.7592592592592593
rolling,2018-06-19,40,1,multiclass_probability_sum,0.8333333333333334,0.5729166666666666,0.7592592592592593
rolling,2018-06-20,40,1,multiclass_probability_sum,0.8333333333333334,0.5789473684210527,0.7407407407407407
rolling,2018-06-21,40,1,multiclass_probability_sum,0.8333333333333334,0.5789473684210527,0.7407407407407407
rolling,2018-06-22,40,1,multiclass_probability_sum,0.8333333333333334,0.5851063829787234,0.7222222222222222
rolling,2018-06-25,40,1,multiclass_probability_sum,0.8333333333333334,0.5851063829787234,0.7222222222222222
rolling,2018-06-26,40,1,multiclass_probability_sum,0.8333333333333334,0.5913978494623656,0.7037037037037037
rolling,2018-06-27,40,1,multiclass_probability_sum,0.8333333333333334,0.5913978494623656,0.7037037037037037
rolling,2018-06-28,40,1,multiclass_probability_sum,0.8333333333333334,0.5913978494623656,0.7037037037037037
rolling,2018-06-29,40,1,multiclass_probability_sum,0.8333333333333334,0.5913978494623656,0.7037037037037037
rolling,2018-07-02,40,1,multiclass_probability_sum,0.8333333333333334,0.5913978494623656,0.7037037037037037
rolling,2018-07-03,40,1,multiclass_probability_sum,0.8333333333333334,0.5913978494623656,0.7037037037037037
rolling,2018-07-04,40,1,multiclass_probability_sum,0.8333333333333334,0.5978260869565217,0.6851851851851852
rolling,2018-07-05,40,1,multiclass_probability_sum,0.8333333333333334,0.5978260869565217,0.6851851851851852
rolling,2018-07-06,40,1,multiclass_probability_sum,0.8333333333333334,0.6043956043956044,0.6666666666666666
rolling,2018-07-09,40,1,multiclass_probability_sum,0.8333333333333334,0.6043956043956044,0.6666666666666666
rolling,2018-07-10,40,1,multiclass_probability_sum,0.8333333333333334,0.6043956043956044,0.6666666666666666
rolling,2018-07-11,40,1,multiclass_probability_sum,0.8333333333333334,0.6043956043956044,0.6666666666666666
rolling,2018-07-12,40,1,multiclass_probability_sum,0.8333333333333334,0.6043956043956044,0.6666666666666666
rolling,2018-07-13,40,1,multiclass_probability_sum,0.8333333333333334,0.6043956043956044,0.6666666666666666
rolling,2018-07-16,40,1,multiclass_probability_sum,0.8333333333333334,0.6043956043956044,0.6666666666666666
rolling,2018-07-17,40,1,multiclass_probability_sum,0.8333333333333334,0.6111111111111112,0.6481481481481481
rolling,2018-07-18,40,1,multiclass_probability_sum,0.8333333333333334,0.6111111111111112,0.6481481481481481
rolling,2018-07-19,40,1,multiclass_probability_sum,0.8333333333333334,0.6111111111111112,0.6481481481481481
rolling,2018-07-20,40,1,multiclass_probability_sum,0.8333333333333334,0.6111111111111112,0.6481481481481481
rolling,2018-07-23,40,1,multiclass_probability_sum,0.8333333333333334,0.6111111111111112,0.6481481481481481
rolling,2018-07-24,40,1,multiclass_probability_sum,0.8333333333333334,0.6111111111111112,0.6481481481481481
rolling,2018-07-25,40,1,multiclass_probability_sum,0.8307692307692308,0.6,0.6545454545454545
rolling,2018-07-26,40,1,multiclass_probability_sum,0.8307692307692308,0.6,0.6545454545454545
rolling,2018-07-27,40,1,multiclass_probability_sum,0.828125,0.5888888888888889,0.6607142857142857
rolling,2018-07-30,40,1,multiclass_probability_sum,0.8253968253968254,0.5777777777777777,0.6666666666666666
rolling,2018-07-31,40,1,multiclass_probability_sum,0.8253968253968254,0.5777777777777777,0.6666666666666666
rolling,2018-08-01,40,1,multiclass_probability_sum,0.8253968253968254,0.5777777777777777,0.6666666666666666
rolling,2018-08-02,40,1,multiclass_probability_sum,0.8253968253968254,0.5777777777777777,0.6666666666666666
rolling,2018-08-03,40,1,multiclass_probability_sum,0.8253968253968254,0.5714285714285714,0.6842105263157895
rolling,2018-08-06,40,1,multiclass_probability_sum,0.8253968253968254,0.5714285714285714,0.6842105263157895
rolling,2018-08-07,40,1,multiclass_probability_sum,0.8253968253968254,0.5714285714285714,0.6842105263157895
rolling,2018-08-08,40,1,multiclass_probability_sum,0.8253968253968254,0.5652173913043478,0.7017543859649122
rolling,2018-08-09,40,1,multiclass_probability_sum,0.8253968253968254,0.5591397849462365,0.7192982456140351
rolling,2018-08-10,40,1,multiclass_probability_sum,0.8253968253968254,0.5591397849462365,0.7192982456140351
rolling,2018-08-13,40,1,multiclass_probability_sum,0.8253968253968254,0.5531914893617021,0.7368421052631579
rolling,2018-08-14,40,1,multiclass_probability_sum,0.8253968253968254,0.5531914893617021,0.7368421052631579
rolling,2018-08-15,40,1,multiclass_probability_sum,0.8253968253968254,0.5473684210526316,0.7543859649122807
rolling,2018-08-16,40,1,multiclass_probability_sum,0.8253968253968254,0.5473684210526316,0.7543859649122807
rolling,2018-08-17,40,1,multiclass_probability_sum,0.8253968253968254,0.5416666666666666,0.7719298245614035
rolling,2018-08-20,40,1,multiclass_probability_sum,0.8387096774193549,0.5360824742268041,0.7758620689655172
rolling,2018-08-21,40,1,multiclass_probability_sum,0.8360655737704918,0.5257731958762887,0.7796610169491526
rolling,2018-08-22,40,1,multiclass_probability_sum,0.8333333333333334,0.5154639175257731,0.7833333333333333
rolling,2018-08-23,40,1,multiclass_probability_sum,0.8305084745762712,0.5051546391752577,0.7868852459016393
rolling,2018-08-24,40,1,multiclass_probability_sum,0.847457627118644,0.5102040816326531,0.7868852459016393
rolling,2018-08-27,40,1,multiclass_probability_sum,0.85,0.5204081632653061,0.7833333333333333
rolling,2018-08-28,40,1,multiclass_probability_sum,0.85,0.5204081632653061,0.7833333333333333
rolling,2018-08-29,40,1,multiclass_probability_sum,0.85,0.5204081632653061,0.7833333333333333
rolling,2018-08-30,40,1,multiclass_probability_sum,0.85,0.5204081632653061,0.7833333333333333
rolling,2018-08-31,40,1,multiclass_probability_sum,0.85,0.5204081632653061,0.7833333333333333
rolling,2018-09-04,40,1,multiclass_probability_sum,0.85,0.5204081632653061,0.7833333333333333
rolling,2018-09-05,40,1,multiclass_probability_sum,0.85,0.5204081632653061,0.7833333333333333
rolling,2018-09-06,40,1,multiclass_probability_sum,0.85,0.5204081632653061,0.7833333333333333
rolling,2018-09-07,40,1,multiclass_probability_sum,0.85,0.5204081632653061,0.7833333333333333
rolling,2018-09-10,40,1,multiclass_probability_sum,0.85,0.5204081632653061,0.7833333333333333
rolling,2018-09-11,40,1,multiclass_probability_sum,0.85,0.5204081632653061,0.7833333333333333
rolling,2018-09-12,40,1,multiclass_probability_sum,0.85,0.5204081632653061,0.7833333333333333
rolling,2018-09-13,40,1,multiclass_probability_sum,0.85,0.5204081632653061,0.7833333333333333
rolling,2018-09-14,40,1,multiclass_probability_sum,0.85,0.5204081632653061,0.7833333333333333
rolling,2018-09-17,40,1,multiclass_probability_sum,0.85,0.5204081632653061,0.7833333333333333
rolling,2018-09-18,40,1,multiclass_probability_sum,0.85,0.5204081632653061,0.7833333333333333
rolling,2018-09-19,40,1,multiclass_probability_sum,0.85,0.5204081632653061,0.7833333333333333
rolling,2018-09-20,40,1,multiclass_probability_sum,0.85,0.5204081632653061,0.7833333333333333
rolling,2018-09-21,40,1,multiclass_probability_sum,0.85,0.5204081632653061,0.7833333333333333
rolling,2018-09-24,40,1,multiclass_probability_sum,0.85,0.5204081632653061,0.7833333333333333
rolling,2018-09-25,40,1,multiclass_probability_sum,0.85,0.5204081632653061,0.7833333333333333
rolling,2018-09-26,40,1,multiclass_probability_sum,0.85,0.5204081632653061,0.7833333333333333
rolling,2018-09-27,40,1,multiclass_probability_sum,0.85,0.5204081632653061,0.7833333333333333
rolling,2018-09-28,40,1,multiclass_probability_sum,0.85,0.5204081632653061,0.7833333333333333
rolling,2018-10-01,40,1,multiclass_probability_sum,0.85,0.5204081632653061,0.7833333333333333
rolling,2018-10-02,40,1,multiclass_probability_sum,0.85,0.5204081632653061,0.7833333333333333
rolling,2018-10-03,40,1,multiclass_probability_sum,0.85,0.5204081632653061,0.7833333333333333
rolling,2018-10-04,40,1,multiclass_probability_sum,0.85,0.5204081632653061,0.7833333333333333
rolling,2018-10-05,40,1,multiclass_probability_sum,0.85,0.5204081632653061,0.7833333333333333
rolling,2018-10-08,40,1,multiclass_probability_sum,0.85,0.5204081632653061,0.7833333333333333
rolling,2018-10-09,40,1,multiclass_probability_sum,0.85,0.5204081632653061,0.7833333333333333
rolling,2018-10-10,40,1,multiclass_probability_sum,0.85,0.5204081632653061,0.7833333333333333
rolling,2018-10-11,40,1,multiclass_probability_sum,0.847457627118644,0.5102040816326531,0.7868852459016393
rolling,2018-10-12,40,1,multiclass_probability_sum,0.8448275862068966,0.5,0.7903225806451613
rolling,2018-10-15,40,1,multiclass_probability_sum,0.8596491228070176,0.494949494949495,0.7936507936507936
rolling,2018-10-16,40,1,multiclass_probability_sum,0.8596491228070176,0.49,0.8095238095238095
rolling,2018-10-17,40,1,multiclass_probability_sum,0.875,0.48514851485148514,0.8125
rolling,2018-10-18,40,1,multiclass_probability_sum,0.8909090909090909,0.4803921568627451,0.8153846153846154
rolling,2018-10-19,40,1,multiclass_probability_sum,0.9074074074074074,0.47572815533980584,0.8181818181818182
rolling,2018-10-22,40,1,multiclass_probability_sum,0.9245283018867925,0.47115384615384615,0.8208955223880597
rolling,2018-10-23,40,1,multiclass_probability_sum,0.9423076923076923,0.4666666666666667,0.8235294117647058
rolling,2018-10-24,40,1,multiclass_probability_sum,0.9411764705882353,0.45714285714285713,0.8260869565217391
rolling,2018-10-25,40,1,multiclass_probability_sum,0.94,0.44761904761904764,0.8285714285714286
rolling,2018-10-26,40,1,multiclass_probability_sum,0.9591836734693877,0.44339622641509435,0.8309859154929577
rolling,2018-10-29,40,1,multiclass_probability_sum,0.9791666666666666,0.4392523364485981,0.8333333333333334
rolling,2018-10-30,40,1,multiclass_probability_sum,1.0,0.4351851851851852,0.8356164383561644
rolling,2018-10-31,40,1,multiclass_probability_sum,1.0,0.42592592592592593,0.8378378378378378
rolling,2018-11-01,40,1,multiclass_probability_sum,1.0,0.4166666666666667,0.84
rolling,2018-11-02,40,1,multiclass_probability_sum,1.0,0.4074074074074074,0.8421052631578947
rolling,2018-11-05,40,1,multiclass_probability_sum,1.0,0.39814814814814814,0.8441558441558441
rolling,2018-11-06,40,1,multiclass_probability_sum,1.0,0.39814814814814814,0.8441558441558441
rolling,2018-11-07,40,1,multiclass_probability_sum,1.0,0.39814814814814814,0.8441558441558441
rolling,2018-11-08,40,1,multiclass_probability_sum,1.0,0.3944954128440367,0.8571428571428571
rolling,2018-11-09,40,1,multiclass_probability_sum,1.0,0.39090909090909093,0.8701298701298701
rolling,2018-11-12,40,1,multiclass_probability_sum,1.0,0.39090909090909093,0.8701298701298701
rolling,2018-11-13,40,1,multiclass_probability_sum,1.0,0.39090909090909093,0.8701298701298701
rolling,2018-11-14,40,1,multiclass_probability_sum,1.0,0.38738738738738737,0.8831168831168831
rolling,2018-11-15,40,1,multiclass_probability_sum,1.0,0.38392857142857145,0.8961038961038961
rolling,2018-11-16,40,1,multiclass_probability_sum,1.0,0.3805309734513274,0.9090909090909091
rolling,2018-11-19,40,1,multiclass_probability_sum,1.0,0.37719298245614036,0.922077922077922
rolling,2018-11-20,40,1,multiclass_probability_sum,1.0,0.3684210526315789,0.9230769230769231
rolling,2018-11-21,40,1,multiclass_probability_sum,1.0,0.35964912280701755,0.9240506329113924
rolling,2018-11-22,40,1,multiclass_probability_sum,1.0,0.3508771929824561,0.925
rolling,2018-11-23,40,1,multiclass_probability_sum,1.0,0.34210526315789475,0.9259259259259259
rolling,2018-11-26,40,1,multiclass_probability_sum,1.0,0.3333333333333333,0.926829268292683
rolling,2018-11-27,40,1,multiclass_probability_sum,1.0,0.32456140350877194,0.927710843373494
rolling,2018-11-28,40,1,multiclass_probability_sum,1.0,0.3157894736842105,0.9285714285714286
rolling,2018-11-29,40,1,multiclass_probability_sum,1.0,0.30701754385964913,0.9294117647058824
rolling,2018-11-30,40,1,multiclass_probability_sum,1.0,0.30701754385964913,0.9294117647058824
rolling,2018-12-03,40,1,multiclass_probability_sum,1.0,0.3157894736842105,0.9285714285714286
rolling,2018-12-04,40,1,multiclass_probability_sum,1.0,0.32456140350877194,0.927710843373494
rolling,2018-12-05,40,1,multiclass_probability_sum,1.0,0.3333333333333333,0.926829268292683
rolling,2018-12-06,40,1,multiclass_probability_sum,1.0,0.33043478260869563,0.9390243902439024
rolling,2018-12-07,40,1,multiclass_probability_sum,1.0,0.33043478260869563,0.9390243902439024
rolling,2018-12-10,40,1,multiclass_probability_sum,1.0,0.3275862068965517,0.9512195121951219
rolling,2018-12-11,40,1,multiclass_probability_sum,1.0,0.3275862068965517,0.9512195121951219
rolling,2018-12-12,40,1,multiclass_probability_sum,1.0,0.3247863247863248,0.9634146341463414
rolling,2018-12-13,40,1,multiclass_probability_sum,1.0,0.3247863247863248,0.9634146341463414
rolling,2018-12-14,40,1,multiclass_probability_sum,1.0,0.3247863247863248,0.9634146341463414
rolling,2018-12-17,40,1,multiclass_probability_sum,1.0,0.3247863247863248,0.9634146341463414
rolling,2018-12-18,40,1,multiclass_probability_sum,1.0,0.3247863247863248,0.9634146341463414
rolling,2018-12-19,40,1,multiclass_probability_sum,1.0,0.3247863247863248,0.9634146341463414
rolling,2018-12-20,40,1,multiclass_probability_sum,1.0,0.3220338983050847,0.975609756097561
rolling,2018-12-21,40,1,multiclass_probability_sum,1.0,0.3220338983050847,0.975609756097561
rolling,2018-12-24,40,1,multiclass_probability_sum,1.0,0.31932773109243695,0.9878048780487805
rolling,2018-12-25,40,1,multiclass_probability_sum,1.0,0.31932773109243695,0.9878048780487805
rolling,2018-12-26,40,1,multiclass_probability_sum,1.0,0.31932773109243695,0.9878048780487805
rolling,2018-12-27,40,1,multiclass_probability_sum,1.0,0.31932773109243695,0.9878048780487805
rolling,2018-12-28,40,1,multiclass_probability_sum,1.0,0.31932773109243695,0.9878048780487805
rolling,2019-01-02,40,1,multiclass_probability_sum,1.0,0.31932773109243695,0.9878048780487805
rolling,2019-01-03,40,1,multiclass_probability_sum,1.0,0.31932773109243695,0.9878048780487805
rolling,2019-01-04,40,1,multiclass_probability_sum,1.0,0.31666666666666665,1.0
rolling,2019-01-07,40,1,multiclass_probability_sum,1.0,0.31666666666666665,1.0
rolling,2019-01-08,40,1,multiclass_probability_sum,1.0,0.31666666666666665,1.0
rolling,2019-01-09,40,1,multiclass_probability_sum,1.0,0.31666666666666665,1.0
rolling,2019-01-10,40,1,multiclass_probability_sum,1.0,0.31666666666666665,1.0
rolling,2019-01-11,40,1,multiclass_probability_sum,1.0,0.31666666666666665,1.0
rolling,2019-01-14,40,1,multiclass_probability_sum,1.0,0.31666666666666665,1.0
rolling,2019-01-15,40,1,multiclass_probability_sum,1.0,0.31666666666666665,1.0
rolling,2019-01-16,40,1,multiclass_probability_sum,1.0,0.31666666666666665,1.0
rolling,2019-01-17,40,1,multiclass_probability_sum,1.0,0.31666666666666665,1.0
rolling,2019-01-18,40,1,multiclass_probability_sum,1.0,0.31666666666666665,1.0
rolling,2019-01-21,40,1,multiclass_probability_sum,1.0,0.31666666666666665,1.0
rolling,2019-01-22,40,1,multiclass_probability_sum,1.0,0.31666666666666665,1.0
rolling,2019-01-23,40,1,multiclass_probability_sum,1.0,0.31666666666666665,1.0
rolling,2019-01-24,40,1,multiclass_probability_sum,1.0,0.31666666666666665,1.0
rolling,2019-01-25,40,1,multiclass_probability_sum,1.0,0.31666666666666665,1.0
rolling,2019-01-28,40,1,multiclass_probability_sum,1.0,0.31666666666666665,1.0
rolling,2019-01-29,40,1,multiclass_probability_sum,1.0,0.31666666666666665,1.0
rolling,2019-01-30,40,1,multiclass_probability_sum,1.0,0.31666666666666665,1.0
rolling,2019-01-31,40,1,multiclass_probability_sum,1.0,0.31666666666666665,1.0
rolling,2019-02-01,40,1,multiclass_probability_sum,1.0,0.31666666666666665,1.0
rolling,2019-02-11,40,1,multiclass_probability_sum,1.0,0.31666666666666665,1.0
rolling,2019-02-12,40,1,multiclass_probability_sum,1.0,0.31666666666666665,1.0
rolling,2019-02-13,40,1,multiclass_probability_sum,1.0,0.31666666666666665,1.0
rolling,2017-04-17,40,1,candidate_risk_off,,0.0,1.0
rolling,2017-04-18,40,1,candidate_risk_off,,0.0,1.0
rolling,2017-04-19,40,1,candidate_risk_off,,0.0,1.0
rolling,2017-04-20,40,1,candidate_risk_off,,0.0,1.0
rolling,2017-04-21,40,1,candidate_risk_off,,0.0,1.0
rolling,2017-04-24,40,1,candidate_risk_off,,0.0,1.0
rolling,2017-04-25,40,1,candidate_risk_off,,0.0,1.0
rolling,2017-04-26,40,1,candidate_risk_off,,0.0,1.0
rolling,2017-04-27,40,1,candidate_risk_off,,0.0,1.0
rolling,2017-04-28,40,1,candidate_risk_off,,0.0,1.0
rolling,2017-05-03,40,1,candidate_risk_off,,0.0,1.0
rolling,2017-05-04,40,1,candidate_risk_off,,0.0,1.0
rolling,2017-05-05,40,1,candidate_risk_off,,0.0,1.0
rolling,2017-05-08,40,1,candidate_risk_off,,0.0,1.0
rolling,2017-05-09,40,1,candidate_risk_off,,0.0,1.0
rolling,2017-05-10,40,1,candidate_risk_off,,0.0,1.0
rolling,2017-05-11,40,1,candidate_risk_off,,0.0,1.0
rolling,2017-05-12,40,1,candidate_risk_off,,0.0,1.0
rolling,2017-05-15,40,1,candidate_risk_off,,0.0,1.0
rolling,2017-05-16,40,1,candidate_risk_off,,0.0,1.0
rolling,2017-05-17,40,1,candidate_risk_off,,0.0,1.0
rolling,2017-05-18,40,1,candidate_risk_off,,0.0,1.0
rolling,2017-05-19,40,1,candidate_risk_off,,0.0,1.0
rolling,2017-05-22,40,1,candidate_risk_off,,0.0,1.0
rolling,2017-05-23,40,1,candidate_risk_off,,0.0,1.0
rolling,2017-05-24,40,1,candidate_risk_off,,0.0,1.0
rolling,2017-05-25,40,1,candidate_risk_off,,0.0,1.0
rolling,2017-05-26,40,1,candidate_risk_off,,0.0,1.0
rolling,2017-05-29,40,1,candidate_risk_off,,0.0,1.0
rolling,2017-05-30,40,1,candidate_risk_off,,0.0,1.0
rolling,2017-05-31,40,1,candidate_risk_off,,0.0,1.0
rolling,2017-06-01,40,1,candidate_risk_off,,0.0,1.0
rolling,2017-06-02,40,1,candidate_risk_off,,0.0,1.0
rolling,2017-06-05,40,1,candidate_risk_off,,0.0,1.0
rolling,2017-06-06,40,1,candidate_risk_off,,0.0,1.0
rolling,2017-06-07,40,1,candidate_risk_off,,0.0,1.0
rolling,2017-06-08,40,1,candidate_risk_off,,0.0,1.0
rolling,2017-06-09,40,1,candidate_risk_off,,0.0,1.0
rolling,2017-06-12,40,1,candidate_risk_off,,0.0,1.0
rolling,2017-06-13,40,1,candidate_risk_off,,0.0,1.0
rolling,2017-06-14,40,1,candidate_risk_off,,0.0,1.0
rolling,2017-06-15,40,1,candidate_risk_off,,0.0,1.0
rolling,2017-06-16,40,1,candidate_risk_off,,0.0,1.0
rolling,2017-06-19,40,1,candidate_risk_off,,0.0,1.0
rolling,2017-06-20,40,1,candidate_risk_off,,0.0,1.0
rolling,2017-06-21,40,1,candidate_risk_off,,0.0,1.0
rolling,2017-06-22,40,1,candidate_risk_off,,0.0,1.0
rolling,2017-06-23,40,1,candidate_risk_off,,0.0,1.0
rolling,2017-06-26,40,1,candidate_risk_off,,0.0,1.0
rolling,2017-06-27,40,1,candidate_risk_off,,0.0,1.0
rolling,2017-06-28,40,1,candidate_risk_off,,0.0,1.0
rolling,2017-06-29,40,1,candidate_risk_off,,0.0,1.0
rolling,2017-06-30,40,1,candidate_risk_off,,0.0,1.0
rolling,2017-07-03,40,1,candidate_risk_off,,0.0,1.0
rolling,2017-07-04,40,1,candidate_risk_off,,0.0,1.0
rolling,2017-07-05,40,1,candidate_risk_off,,0.0,1.0
rolling,2017-07-06,40,1,candidate_risk_off,,0.0,1.0
rolling,2017-07-07,40,1,candidate_risk_off,,0.0,1.0
rolling,2017-07-10,40,1,candidate_risk_off,,0.0,1.0
rolling,2017-07-11,40,1,candidate_risk_off,,0.0,1.0
rolling,2017-07-12,40,1,candidate_risk_off,,0.0,1.0
rolling,2017-07-13,40,1,candidate_risk_off,,0.0,1.0
rolling,2017-07-14,40,1,candidate_risk_off,,0.0,1.0
rolling,2017-07-17,40,1,candidate_risk_off,,0.0,1.0
rolling,2017-07-18,40,1,candidate_risk_off,,0.0,1.0
rolling,2017-07-19,40,1,candidate_risk_off,,0.0,1.0
rolling,2017-07-20,40,1,candidate_risk_off,,0.0,1.0
rolling,2017-07-21,40,1,candidate_risk_off,,0.0,1.0
rolling,2017-07-24,40,1,candidate_risk_off,,0.0,1.0
rolling,2017-07-25,40,1,candidate_risk_off,,0.0,1.0
rolling,2017-07-26,40,1,candidate_risk_off,,0.0,1.0
rolling,2017-07-27,40,1,candidate_risk_off,,0.0,1.0
rolling,2017-07-28,40,1,candidate_risk_off,,0.0,1.0
rolling,2017-07-31,40,1,candidate_risk_off,,0.0,1.0
rolling,2017-08-01,40,1,candidate_risk_off,,0.0,1.0
rolling,2017-08-02,40,1,candidate_risk_off,,0.0,1.0
rolling,2017-08-03,40,1,candidate_risk_off,,0.0,1.0
rolling,2017-08-04,40,1,candidate_risk_off,,0.0,1.0
rolling,2017-08-07,40,1,candidate_risk_off,,0.0,1.0
rolling,2017-08-08,40,1,candidate_risk_off,,0.0,1.0
rolling,2017-08-09,40,1,candidate_risk_off,,0.0,1.0
rolling,2017-08-10,40,1,candidate_risk_off,,0.0,1.0
rolling,2017-08-11,40,1,candidate_risk_off,,0.0,1.0
rolling,2017-08-14,40,1,candidate_risk_off,,0.0,1.0
rolling,2017-08-15,40,1,candidate_risk_off,,0.0,1.0
rolling,2017-08-16,40,1,candidate_risk_off,,0.0,1.0
rolling,2017-08-17,40,1,candidate_risk_off,,0.0,1.0
rolling,2017-08-18,40,1,candidate_risk_off,,0.0,1.0
rolling,2017-08-21,40,1,candidate_risk_off,,0.0,1.0
rolling,2017-08-22,40,1,candidate_risk_off,,0.0,1.0
rolling,2017-08-23,40,1,candidate_risk_off,,0.0,1.0
rolling,2017-08-24,40,1,candidate_risk_off,,0.0,1.0
rolling,2017-08-25,40,1,candidate_risk_off,,0.0,1.0
rolling,2017-08-28,40,1,candidate_risk_off,,0.0,1.0
rolling,2017-08-29,40,1,candidate_risk_off,,0.0,1.0
rolling,2017-08-30,40,1,candidate_risk_off,,0.0,1.0
rolling,2017-08-31,40,1,candidate_risk_off,,0.0,1.0
rolling,2017-09-01,40,1,candidate_risk_off,,0.0,1.0
rolling,2017-09-05,40,1,candidate_risk_off,,0.0,1.0
rolling,2017-09-06,40,1,candidate_risk_off,,0.0,1.0
rolling,2017-09-07,40,1,candidate_risk_off,,0.0,1.0
rolling,2017-09-08,40,1,candidate_risk_off,,0.0,1.0
rolling,2017-09-11,40,1,candidate_risk_off,,0.0,1.0
rolling,2017-09-12,40,1,candidate_risk_off,,0.0,1.0
rolling,2017-09-13,40,1,candidate_risk_off,,0.0,1.0
rolling,2017-09-14,40,1,candidate_risk_off,,0.0,1.0
rolling,2017-09-15,40,1,candidate_risk_off,,0.0,1.0
rolling,2017-09-18,40,1,candidate_risk_off,,0.0,1.0
rolling,2017-09-19,40,1,candidate_risk_off,,0.0,1.0
rolling,2017-09-20,40,1,candidate_risk_off,,0.0,1.0
rolling,2017-09-21,40,1,candidate_risk_off,,0.0,1.0
rolling,2017-09-22,40,1,candidate_risk_off,,0.0,1.0
rolling,2017-09-25,40,1,candidate_risk_off,,0.0,1.0
rolling,2017-09-26,40,1,candidate_risk_off,,0.0,1.0
rolling,2017-09-27,40,1,candidate_risk_off,,0.0,1.0
rolling,2017-09-28,40,1,candidate_risk_off,,0.0,1.0
rolling,2017-09-29,40,1,candidate_risk_off,,0.0,1.0
rolling,2017-10-02,40,1,candidate_risk_off,,0.0,1.0
rolling,2017-10-03,40,1,candidate_risk_off,,0.0,1.0
rolling,2017-10-04,40,1,candidate_risk_off,,0.0,1.0
rolling,2017-10-05,40,1,candidate_risk_off,,0.0,1.0
rolling,2017-10-06,40,1,candidate_risk_off,,0.0,1.0
rolling,2017-10-09,40,1,candidate_risk_off,,0.0,1.0
rolling,2017-10-10,40,1,candidate_risk_off,,0.0,1.0
rolling,2017-10-11,40,1,candidate_risk_off,,0.0,1.0
rolling,2017-10-12,40,1,candidate_risk_off,,0.0,1.0
rolling,2017-10-13,40,1,candidate_risk_off,,0.0,1.0
rolling,2017-10-16,40,1,candidate_risk_off,,0.0,1.0
rolling,2017-10-17,40,1,candidate_risk_off,,0.0,1.0
rolling,2017-10-18,40,1,candidate_risk_off,,0.0,1.0
rolling,2017-10-19,40,1,candidate_risk_off,,0.0,1.0
rolling,2017-10-20,40,1,candidate_risk_off,,0.0,1.0
rolling,2017-10-23,40,1,candidate_risk_off,,0.0,1.0
rolling,2017-10-24,40,1,candidate_risk_off,,0.0,1.0
rolling,2017-10-25,40,1,candidate_risk_off,,0.0,1.0
rolling,2017-10-26,40,1,candidate_risk_off,,0.0,1.0
rolling,2017-10-27,40,1,candidate_risk_off,,0.0,1.0
rolling,2017-10-30,40,1,candidate_risk_off,,0.0,1.0
rolling,2017-10-31,40,1,candidate_risk_off,,0.0,1.0
rolling,2017-11-01,40,1,candidate_risk_off,,0.0,1.0
rolling,2017-11-02,40,1,candidate_risk_off,,0.0,1.0
rolling,2017-11-03,40,1,candidate_risk_off,,0.0,1.0
rolling,2017-11-06,40,1,candidate_risk_off,,0.0,1.0
rolling,2017-11-07,40,1,candidate_risk_off,,0.0,1.0
rolling,2017-11-08,40,1,candidate_risk_off,,0.0,1.0
rolling,2017-11-09,40,1,candidate_risk_off,,0.0,1.0
rolling,2017-11-10,40,1,candidate_risk_off,,0.0,1.0
rolling,2017-11-13,40,1,candidate_risk_off,,0.0,1.0
rolling,2017-11-14,40,1,candidate_risk_off,,0.0,1.0
rolling,2017-11-15,40,1,candidate_risk_off,,0.0,1.0
rolling,2017-11-16,40,1,candidate_risk_off,,0.0,1.0
rolling,2017-11-17,40,1,candidate_risk_off,,0.0,1.0
rolling,2017-11-20,40,1,candidate_risk_off,,0.0,1.0
rolling,2017-11-21,40,1,candidate_risk_off,,0.0,1.0
rolling,2017-11-22,40,1,candidate_risk_off,,0.0,1.0
rolling,2017-11-23,40,1,candidate_risk_off,,0.0,1.0
rolling,2017-11-24,40,1,candidate_risk_off,,0.0,1.0
rolling,2017-11-27,40,1,candidate_risk_off,,0.0,1.0
rolling,2017-11-28,40,1,candidate_risk_off,,0.0,1.0
rolling,2017-11-29,40,1,candidate_risk_off,,0.0,1.0
rolling,2017-11-30,40,1,candidate_risk_off,,0.0,1.0
rolling,2017-12-01,40,1,candidate_risk_off,,0.0,1.0
rolling,2017-12-04,40,1,candidate_risk_off,,0.0,1.0
rolling,2017-12-05,40,1,candidate_risk_off,,0.0,1.0
rolling,2017-12-06,40,1,candidate_risk_off,,0.0,1.0
rolling,2017-12-07,40,1,candidate_risk_off,,0.0,1.0
rolling,2017-12-08,40,1,candidate_risk_off,,0.0,1.0
rolling,2017-12-11,40,1,candidate_risk_off,,0.0,1.0
rolling,2017-12-12,40,1,candidate_risk_off,,0.0,1.0
rolling,2017-12-13,40,1,candidate_risk_off,,0.0,1.0
rolling,2017-12-14,40,1,candidate_risk_off,,0.0,1.0
rolling,2017-12-15,40,1,candidate_risk_off,,0.0,1.0
rolling,2017-12-18,40,1,candidate_risk_off,,0.0,1.0
rolling,2017-12-19,40,1,candidate_risk_off,,0.0,1.0
rolling,2017-12-20,40,1,candidate_risk_off,,0.0,1.0
rolling,2017-12-21,40,1,candidate_risk_off,,0.0,1.0
rolling,2017-12-22,40,1,candidate_risk_off,,0.0,1.0
rolling,2017-12-25,40,1,candidate_risk_off,,0.0,1.0
rolling,2017-12-26,40,1,candidate_risk_off,,0.0,1.0
rolling,2017-12-27,40,1,candidate_risk_off,,0.0,1.0
rolling,2017-12-28,40,1,candidate_risk_off,,0.0,1.0
rolling,2017-12-29,40,1,candidate_risk_off,,0.0,1.0
rolling,2018-01-02,40,1,candidate_risk_off,,0.0,1.0
rolling,2018-01-03,40,1,candidate_risk_off,,0.0,1.0
rolling,2018-01-04,40,1,candidate_risk_off,,0.0,1.0
rolling,2018-01-05,40,1,candidate_risk_off,,0.0,1.0
rolling,2018-01-08,40,1,candidate_risk_off,,0.0,1.0
rolling,2018-01-09,40,1,candidate_risk_off,,0.0,1.0
rolling,2018-01-10,40,1,candidate_risk_off,,0.0,1.0
rolling,2018-01-11,40,1,candidate_risk_off,,0.0,1.0
rolling,2018-01-12,40,1,candidate_risk_off,,0.0,1.0
rolling,2018-01-15,40,1,candidate_risk_off,,0.0,1.0
rolling,2018-01-16,40,1,candidate_risk_off,,0.0,1.0
rolling,2018-01-17,40,1,candidate_risk_off,,0.0,1.0
rolling,2018-01-18,40,1,candidate_risk_off,,0.0,1.0
rolling,2018-01-19,40,1,candidate_risk_off,,0.0,1.0
rolling,2018-01-22,40,1,candidate_risk_off,,0.0,1.0
rolling,2018-01-25,40,1,candidate_risk_off,,0.0,1.0
rolling,2018-01-26,40,1,candidate_risk_off,1.0,0.008333333333333333,1.0
rolling,2018-01-29,40,1,candidate_risk_off,1.0,0.008333333333333333,1.0
rolling,2018-01-30,40,1,candidate_risk_off,1.0,0.016666666666666666,1.0
rolling,2018-01-31,40,1,candidate_risk_off,1.0,0.025,1.0
rolling,2018-02-01,40,1,candidate_risk_off,1.0,0.025,1.0
rolling,2018-02-02,40,1,candidate_risk_off,1.0,0.025,1.0
rolling,2018-02-05,40,1,candidate_risk_off,1.0,0.025,1.0
rolling,2018-02-06,40,1,candidate_risk_off,1.0,0.025,1.0
rolling,2018-02-07,40,1,candidate_risk_off,1.0,0.025,1.0
rolling,2018-02-08,40,1,candidate_risk_off,1.0,0.025,1.0
rolling,2018-02-09,40,1,candidate_risk_off,1.0,0.025,1.0
rolling,2018-02-12,40,1,candidate_risk_off,1.0,0.025,1.0
rolling,2018-02-13,40,1,candidate_risk_off,1.0,0.025,1.0
rolling,2018-02-21,40,1,candidate_risk_off,1.0,0.025,1.0
rolling,2018-02-22,40,1,candidate_risk_off,1.0,0.025,1.0
rolling,2018-02-23,40,1,candidate_risk_off,1.0,0.025,1.0
rolling,2018-02-26,40,1,candidate_risk_off,1.0,0.025,1.0
rolling,2018-02-27,40,1,candidate_risk_off,1.0,0.025,1.0
rolling,2018-02-28,40,1,candidate_risk_off,1.0,0.03333333333333333,1.0
rolling,2018-03-01,40,1,candidate_risk_off,1.0,0.041666666666666664,1.0
rolling,2018-03-02,40,1,candidate_risk_off,1.0,0.05,1.0
rolling,2018-03-05,40,1,candidate_risk_off,1.0,0.058333333333333334,1.0
rolling,2018-03-06,40,1,candidate_risk_off,1.0,0.06666666666666667,1.0
rolling,2018-03-07,40,1,candidate_risk_off,1.0,0.06666666666666667,1.0
rolling,2018-03-08,40,1,candidate_risk_off,1.0,0.075,1.0
rolling,2018-03-09,40,1,candidate_risk_off,1.0,0.08333333333333333,1.0
rolling,2018-03-12,40,1,candidate_risk_off,1.0,0.09166666666666666,1.0
rolling,2018-03-13,40,1,candidate_risk_off,1.0,0.1,1.0
rolling,2018-03-14,40,1,candidate_risk_off,1.0,0.10833333333333334,1.0
rolling,2018-03-15,40,1,candidate_risk_off,1.0,0.11666666666666667,1.0
rolling,2018-03-16,40,1,candidate_risk_off,1.0,0.125,1.0
rolling,2018-03-19,40,1,candidate_risk_off,1.0,0.13333333333333333,1.0
rolling,2018-03-20,40,1,candidate_risk_off,1.0,0.14166666666666666,1.0
rolling,2018-03-21,40,1,candidate_risk_off,1.0,0.15,1.0
rolling,2018-03-22,40,1,candidate_risk_off,1.0,0.15833333333333333,1.0
rolling,2018-03-23,40,1,candidate_risk_off,1.0,0.16666666666666666,1.0
rolling,2018-03-26,40,1,candidate_risk_off,1.0,0.175,1.0
rolling,2018-03-27,40,1,candidate_risk_off,1.0,0.18333333333333332,1.0
rolling,2018-03-28,40,1,candidate_risk_off,1.0,0.19166666666666668,1.0
rolling,2018-03-29,40,1,candidate_risk_off,1.0,0.2,1.0
rolling,2018-03-30,40,1,candidate_risk_off,1.0,0.20833333333333334,1.0
rolling,2018-04-02,40,1,candidate_risk_off,1.0,0.21666666666666667,1.0
rolling,2018-04-03,40,1,candidate_risk_off,1.0,0.225,1.0
rolling,2018-04-04,40,1,candidate_risk_off,1.0,0.23333333333333334,1.0
rolling,2018-04-05,40,1,candidate_risk_off,1.0,0.24166666666666667,1.0
rolling,2018-04-06,40,1,candidate_risk_off,1.0,0.25,1.0
rolling,2018-04-09,40,1,candidate_risk_off,1.0,0.25833333333333336,1.0
rolling,2018-04-10,40,1,candidate_risk_off,1.0,0.26666666666666666,1.0
rolling,2018-04-11,40,1,candidate_risk_off,1.0,0.275,1.0
rolling,2018-04-12,40,1,candidate_risk_off,1.0,0.2833333333333333,1.0
rolling,2018-04-13,40,1,candidate_risk_off,1.0,0.2916666666666667,1.0
rolling,2018-04-16,40,1,candidate_risk_off,1.0,0.3,1.0
rolling,2018-04-17,40,1,candidate_risk_off,1.0,0.30833333333333335,1.0
rolling,2018-04-18,40,1,candidate_risk_off,1.0,0.31666666666666665,1.0
rolling,2018-04-19,40,1,candidate_risk_off,1.0,0.325,1.0
rolling,2018-04-20,40,1,candidate_risk_off,1.0,0.3333333333333333,1.0
rolling,2018-04-23,40,1,candidate_risk_off,1.0,0.3416666666666667,1.0
rolling,2018-04-24,40,1,candidate_risk_off,1.0,0.35,1.0
rolling,2018-04-26,40,1,candidate_risk_off,1.0,0.35,1.0
rolling,2018-04-27,40,1,candidate_risk_off,1.0,0.35833333333333334,1.0
rolling,2018-05-02,40,1,candidate_risk_off,1.0,0.36666666666666664,1.0
rolling,2018-05-03,40,1,candidate_risk_off,1.0,0.375,1.0
rolling,2018-05-04,40,1,candidate_risk_off,1.0,0.38333333333333336,1.0
rolling,2018-05-07,40,1,candidate_risk_off,1.0,0.39166666666666666,1.0
rolling,2018-05-08,40,1,candidate_risk_off,1.0,0.4,1.0
rolling,2018-05-09,40,1,candidate_risk_off,1.0,0.4083333333333333,1.0
rolling,2018-05-10,40,1,candidate_risk_off,1.0,0.4166666666666667,1.0
rolling,2018-05-11,40,1,candidate_risk_off,1.0,0.425,1.0
rolling,2018-05-14,40,1,candidate_risk_off,1.0,0.43333333333333335,1.0
rolling,2018-05-15,40,1,candidate_risk_off,1.0,0.44166666666666665,1.0
rolling,2018-05-16,40,1,candidate_risk_off,1.0,0.45,1.0
rolling,2018-05-17,40,1,candidate_risk_off,1.0,0.4583333333333333,1.0
rolling,2018-05-18,40,1,candidate_risk_off,1.0,0.4666666666666667,1.0
rolling,2018-05-21,40,1,candidate_risk_off,1.0,0.475,1.0
rolling,2018-05-22,40,1,candidate_risk_off,1.0,0.48333333333333334,1.0
rolling,2018-05-23,40,1,candidate_risk_off,1.0,0.48333333333333334,1.0
rolling,2018-05-24,40,1,candidate_risk_off,1.0,0.48333333333333334,1.0
rolling,2018-05-25,40,1,candidate_risk_off,1.0,0.48333333333333334,1.0
rolling,2018-05-28,40,1,candidate_risk_off,1.0,0.48333333333333334,1.0
rolling,2018-05-29,40,1,candidate_risk_off,1.0,0.48333333333333334,1.0
rolling,2018-05-30,40,1,candidate_risk_off,1.0,0.48333333333333334,1.0
rolling,2018-05-31,40,1,candidate_risk_off,1.0,0.48333333333333334,1.0
rolling,2018-06-01,40,1,candidate_risk_off,1.0,0.48333333333333334,1.0
rolling,2018-06-04,40,1,candidate_risk_off,1.0,0.49166666666666664,1.0
rolling,2018-06-05,40,1,candidate_risk_off,1.0,0.5,1.0
rolling,2018-06-06,40,1,candidate_risk_off,1.0,0.5083333333333333,1.0
rolling,2018-06-07,40,1,candidate_risk_off,1.0,0.5166666666666667,1.0
rolling,2018-06-08,40,1,candidate_risk_off,1.0,0.525,1.0
rolling,2018-06-11,40,1,candidate_risk_off,1.0,0.5333333333333333,1.0
rolling,2018-06-12,40,1,candidate_risk_off,1.0,0.5416666666666666,1.0
rolling,2018-06-13,40,1,candidate_risk_off,1.0,0.55,1.0
rolling,2018-06-14,40,1,candidate_risk_off,1.0,0.55,1.0
rolling,2018-06-15,40,1,candidate_risk_off,1.0,0.55,1.0
rolling,2018-06-18,40,1,candidate_risk_off,1.0,0.55,1.0
rolling,2018-06-19,40,1,candidate_risk_off,1.0,0.55,1.0
rolling,2018-06-20,40,1,candidate_risk_off,1.0,0.55,1.0
rolling,2018-06-21,40,1,candidate_risk_off,1.0,0.55,1.0
rolling,2018-06-22,40,1,candidate_risk_off,1.0,0.55,1.0
rolling,2018-06-25,40,1,candidate_risk_off,1.0,0.55,1.0
rolling,2018-06-26,40,1,candidate_risk_off,1.0,0.55,1.0
rolling,2018-06-27,40,1,candidate_risk_off,1.0,0.55,1.0
rolling,2018-06-28,40,1,candidate_risk_off,1.0,0.55,1.0
rolling,2018-06-29,40,1,candidate_risk_off,1.0,0.55,1.0
rolling,2018-07-02,40,1,candidate_risk_off,1.0,0.55,1.0
rolling,2018-07-03,40,1,candidate_risk_off,1.0,0.55,1.0
rolling,2018-07-04,40,1,candidate_risk_off,1.0,0.55,1.0
rolling,2018-07-05,40,1,candidate_risk_off,1.0,0.55,1.0
rolling,2018-07-06,40,1,candidate_risk_off,1.0,0.55,1.0
rolling,2018-07-09,40,1,candidate_risk_off,1.0,0.55,1.0
rolling,2018-07-10,40,1,candidate_risk_off,1.0,0.55,1.0
rolling,2018-07-11,40,1,candidate_risk_off,1.0,0.55,1.0
rolling,2018-07-12,40,1,candidate_risk_off,1.0,0.55,1.0
rolling,2018-07-13,40,1,candidate_risk_off,1.0,0.55,1.0
rolling,2018-07-16,40,1,candidate_risk_off,1.0,0.55,1.0
rolling,2018-07-17,40,1,candidate_risk_off,1.0,0.55,1.0
rolling,2018-07-18,40,1,candidate_risk_off,1.0,0.55,1.0
rolling,2018-07-19,40,1,candidate_risk_off,1.0,0.55,1.0
rolling,2018-07-20,40,1,candidate_risk_off,1.0,0.55,1.0
rolling,2018-07-23,40,1,candidate_risk_off,1.0,0.55,1.0
rolling,2018-07-24,40,1,candidate_risk_off,1.0,0.55,1.0
rolling,2018-07-25,40,1,candidate_risk_off,1.0,0.5416666666666666,1.0
rolling,2018-07-26,40,1,candidate_risk_off,1.0,0.5416666666666666,1.0
rolling,2018-07-27,40,1,candidate_risk_off,1.0,0.5333333333333333,1.0
rolling,2018-07-30,40,1,candidate_risk_off,1.0,0.525,1.0
rolling,2018-07-31,40,1,candidate_risk_off,1.0,0.525,1.0
rolling,2018-08-01,40,1,candidate_risk_off,1.0,0.525,1.0
rolling,2018-08-02,40,1,candidate_risk_off,1.0,0.525,1.0
rolling,2018-08-03,40,1,candidate_risk_off,1.0,0.525,1.0
rolling,2018-08-06,40,1,candidate_risk_off,1.0,0.525,1.0
rolling,2018-08-07,40,1,candidate_risk_off,1.0,0.525,1.0
rolling,2018-08-08,40,1,candidate_risk_off,1.0,0.525,1.0
rolling,2018-08-09,40,1,candidate_risk_off,1.0,0.525,1.0
rolling,2018-08-10,40,1,candidate_risk_off,1.0,0.525,1.0
rolling,2018-08-13,40,1,candidate_risk_off,1.0,0.525,1.0
rolling,2018-08-14,40,1,candidate_risk_off,1.0,0.525,1.0
rolling,2018-08-15,40,1,candidate_risk_off,1.0,0.525,1.0
rolling,2018-08-16,40,1,candidate_risk_off,1.0,0.525,1.0
rolling,2018-08-17,40,1,candidate_risk_off,1.0,0.525,1.0
rolling,2018-08-20,40,1,candidate_risk_off,1.0,0.5166666666666667,1.0
rolling,2018-08-21,40,1,candidate_risk_off,1.0,0.5083333333333333,1.0
rolling,2018-08-22,40,1,candidate_risk_off,1.0,0.5,1.0
rolling,2018-08-23,40,1,candidate_risk_off,1.0,0.49166666666666664,1.0
rolling,2018-08-24,40,1,candidate_risk_off,1.0,0.49166666666666664,1.0
rolling,2018-08-27,40,1,candidate_risk_off,1.0,0.5,1.0
rolling,2018-08-28,40,1,candidate_risk_off,1.0,0.5,1.0
rolling,2018-08-29,40,1,candidate_risk_off,1.0,0.5,1.0
rolling,2018-08-30,40,1,candidate_risk_off,1.0,0.5,1.0
rolling,2018-08-31,40,1,candidate_risk_off,1.0,0.5,1.0
rolling,2018-09-04,40,1,candidate_risk_off,1.0,0.5,1.0
rolling,2018-09-05,40,1,candidate_risk_off,1.0,0.5,1.0
rolling,2018-09-06,40,1,candidate_risk_off,1.0,0.5,1.0
rolling,2018-09-07,40,1,candidate_risk_off,1.0,0.5,1.0
rolling,2018-09-10,40,1,candidate_risk_off,1.0,0.5,1.0
rolling,2018-09-11,40,1,candidate_risk_off,1.0,0.5,1.0
rolling,2018-09-12,40,1,candidate_risk_off,1.0,0.5,1.0
rolling,2018-09-13,40,1,candidate_risk_off,1.0,0.5,1.0
rolling,2018-09-14,40,1,candidate_risk_off,1.0,0.5,1.0
rolling,2018-09-17,40,1,candidate_risk_off,1.0,0.5,1.0
rolling,2018-09-18,40,1,candidate_risk_off,1.0,0.5,1.0
rolling,2018-09-19,40,1,candidate_risk_off,1.0,0.5,1.0
rolling,2018-09-20,40,1,candidate_risk_off,1.0,0.5,1.0
rolling,2018-09-21,40,1,candidate_risk_off,1.0,0.5,1.0
rolling,2018-09-24,40,1,candidate_risk_off,1.0,0.5,1.0
rolling,2018-09-25,40,1,candidate_risk_off,1.0,0.5,1.0
rolling,2018-09-26,40,1,candidate_risk_off,1.0,0.5,1.0
rolling,2018-09-27,40,1,candidate_risk_off,1.0,0.5,1.0
rolling,2018-09-28,40,1,candidate_risk_off,1.0,0.5,1.0
rolling,2018-10-01,40,1,candidate_risk_off,1.0,0.5,1.0
rolling,2018-10-02,40,1,candidate_risk_off,1.0,0.5,1.0
rolling,2018-10-03,40,1,candidate_risk_off,1.0,0.5,1.0
rolling,2018-10-04,40,1,candidate_risk_off,1.0,0.5,1.0
rolling,2018-10-05,40,1,candidate_risk_off,1.0,0.5,1.0
rolling,2018-10-08,40,1,candidate_risk_off,1.0,0.5,1.0
rolling,2018-10-09,40,1,candidate_risk_off,1.0,0.5,1.0
rolling,2018-10-10,40,1,candidate_risk_off,1.0,0.5,1.0
rolling,2018-10-11,40,1,candidate_risk_off,1.0,0.49166666666666664,1.0
rolling,2018-10-12,40,1,candidate_risk_off,1.0,0.48333333333333334,1.0
rolling,2018-10-15,40,1,candidate_risk_off,1.0,0.475,1.0
rolling,2018-10-16,40,1,candidate_risk_off,1.0,0.475,1.0
rolling,2018-10-17,40,1,candidate_risk_off,1.0,0.4666666666666667,1.0
rolling,2018-10-18,40,1,candidate_risk_off,1.0,0.4583333333333333,1.0
rolling,2018-10-19,40,1,candidate_risk_off,1.0,0.45,1.0
rolling,2018-10-22,40,1,candidate_risk_off,1.0,0.44166666666666665,1.0
rolling,2018-10-23,40,1,candidate_risk_off,1.0,0.43333333333333335,1.0
rolling,2018-10-24,40,1,candidate_risk_off,1.0,0.425,1.0
rolling,2018-10-25,40,1,candidate_risk_off,1.0,0.4166666666666667,1.0
rolling,2018-10-26,40,1,candidate_risk_off,1.0,0.4083333333333333,1.0
rolling,2018-10-29,40,1,candidate_risk_off,1.0,0.4,1.0
rolling,2018-10-30,40,1,candidate_risk_off,1.0,0.39166666666666666,1.0
rolling,2018-10-31,40,1,candidate_risk_off,1.0,0.38333333333333336,1.0
rolling,2018-11-01,40,1,candidate_risk_off,1.0,0.375,1.0
rolling,2018-11-02,40,1,candidate_risk_off,1.0,0.36666666666666664,1.0
rolling,2018-11-05,40,1,candidate_risk_off,1.0,0.35833333333333334,1.0
rolling,2018-11-06,40,1,candidate_risk_off,1.0,0.35833333333333334,1.0
rolling,2018-11-07,40,1,candidate_risk_off,1.0,0.35833333333333334,1.0
rolling,2018-11-08,40,1,candidate_risk_off,1.0,0.35833333333333334,1.0
rolling,2018-11-09,40,1,candidate_risk_off,1.0,0.35833333333333334,1.0
rolling,2018-11-12,40,1,candidate_risk_off,1.0,0.35833333333333334,1.0
rolling,2018-11-13,40,1,candidate_risk_off,1.0,0.35833333333333334,1.0
rolling,2018-11-14,40,1,candidate_risk_off,1.0,0.35833333333333334,1.0
rolling,2018-11-15,40,1,candidate_risk_off,1.0,0.35833333333333334,1.0
rolling,2018-11-16,40,1,candidate_risk_off,1.0,0.35833333333333334,1.0
rolling,2018-11-19,40,1,candidate_risk_off,1.0,0.35833333333333334,1.0
rolling,2018-11-20,40,1,candidate_risk_off,1.0,0.35,1.0
rolling,2018-11-21,40,1,candidate_risk_off,1.0,0.3416666666666667,1.0
rolling,2018-11-22,40,1,candidate_risk_off,1.0,0.3333333333333333,1.0
rolling,2018-11-23,40,1,candidate_risk_off,1.0,0.325,1.0
rolling,2018-11-26,40,1,candidate_risk_off,1.0,0.31666666666666665,1.0
rolling,2018-11-27,40,1,candidate_risk_off,1.0,0.30833333333333335,1.0
rolling,2018-11-28,40,1,candidate_risk_off,1.0,0.3,1.0
rolling,2018-11-29,40,1,candidate_risk_off,1.0,0.2916666666666667,1.0
rolling,2018-11-30,40,1,candidate_risk_off,1.0,0.2916666666666667,1.0
rolling,2018-12-03,40,1,candidate_risk_off,1.0,0.3,1.0
rolling,2018-12-04,40,1,candidate_risk_off,1.0,0.30833333333333335,1.0
rolling,2018-12-05,40,1,candidate_risk_off,1.0,0.31666666666666665,1.0
rolling,2018-12-06,40,1,candidate_risk_off,1.0,0.31666666666666665,1.0
rolling,2018-12-07,40,1,candidate_risk_off,1.0,0.31666666666666665,1.0
rolling,2018-12-10,40,1,candidate_risk_off,1.0,0.31666666666666665,1.0
rolling,2018-12-11,40,1,candidate_risk_off,1.0,0.31666666666666665,1.0
rolling,2018-12-12,40,1,candidate_risk_off,1.0,0.31666666666666665,1.0
rolling,2018-12-13,40,1,candidate_risk_off,1.0,0.31666666666666665,1.0
rolling,2018-12-14,40,1,candidate_risk_off,1.0,0.31666666666666665,1.0
rolling,2018-12-17,40,1,candidate_risk_off,1.0,0.31666666666666665,1.0
rolling,2018-12-18,40,1,candidate_risk_off,1.0,0.31666666666666665,1.0
rolling,2018-12-19,40,1,candidate_risk_off,1.0,0.31666666666666665,1.0
rolling,2018-12-20,40,1,candidate_risk_off,1.0,0.31666666666666665,1.0
rolling,2018-12-21,40,1,candidate_risk_off,1.0,0.31666666666666665,1.0
rolling,2018-12-24,40,1,candidate_risk_off,1.0,0.31666666666666665,1.0
rolling,2018-12-25,40,1,candidate_risk_off,1.0,0.31666666666666665,1.0
rolling,2018-12-26,40,1,candidate_risk_off,1.0,0.31666666666666665,1.0
rolling,2018-12-27,40,1,candidate_risk_off,1.0,0.31666666666666665,1.0
rolling,2018-12-28,40,1,candidate_risk_off,1.0,0.31666666666666665,1.0
rolling,2019-01-02,40,1,candidate_risk_off,1.0,0.31666666666666665,1.0
rolling,2019-01-03,40,1,candidate_risk_off,1.0,0.31666666666666665,1.0
rolling,2019-01-04,40,1,candidate_risk_off,1.0,0.31666666666666665,1.0
rolling,2019-01-07,40,1,candidate_risk_off,1.0,0.31666666666666665,1.0
rolling,2019-01-08,40,1,candidate_risk_off,1.0,0.31666666666666665,1.0
rolling,2019-01-09,40,1,candidate_risk_off,1.0,0.31666666666666665,1.0
rolling,2019-01-10,40,1,candidate_risk_off,1.0,0.31666666666666665,1.0
rolling,2019-01-11,40,1,candidate_risk_off,1.0,0.31666666666666665,1.0
rolling,2019-01-14,40,1,candidate_risk_off,1.0,0.31666666666666665,1.0
rolling,2019-01-15,40,1,candidate_risk_off,1.0,0.31666666666666665,1.0
rolling,2019-01-16,40,1,candidate_risk_off,1.0,0.31666666666666665,1.0
rolling,2019-01-17,40,1,candidate_risk_off,1.0,0.31666666666666665,1.0
rolling,2019-01-18,40,1,candidate_risk_off,1.0,0.31666666666666665,1.0
rolling,2019-01-21,40,1,candidate_risk_off,1.0,0.31666666666666665,1.0
rolling,2019-01-22,40,1,candidate_risk_off,1.0,0.31666666666666665,1.0
rolling,2019-01-23,40,1,candidate_risk_off,1.0,0.31666666666666665,1.0
rolling,2019-01-24,40,1,candidate_risk_off,1.0,0.31666666666666665,1.0
rolling,2019-01-25,40,1,candidate_risk_off,1.0,0.31666666666666665,1.0
rolling,2019-01-28,40,1,candidate_risk_off,1.0,0.31666666666666665,1.0
rolling,2019-01-29,40,1,candidate_risk_off,1.0,0.31666666666666665,1.0
rolling,2019-01-30,40,1,candidate_risk_off,1.0,0.31666666666666665,1.0
rolling,2019-01-31,40,1,candidate_risk_off,1.0,0.31666666666666665,1.0
rolling,2019-02-01,40,1,candidate_risk_off,1.0,0.31666666666666665,1.0
rolling,2019-02-11,40,1,candidate_risk_off,1.0,0.31666666666666665,1.0
rolling,2019-02-12,40,1,candidate_risk_off,1.0,0.31666666666666665,1.0
rolling,2019-02-13,40,1,candidate_risk_off,1.0,0.31666666666666665,1.0
rolling,2019-04-10,40,2,multiclass_probability_sum,1.0,0.4,1.0
rolling,2019-04-11,40,2,multiclass_probability_sum,1.0,0.4146341463414634,1.0
rolling,2019-04-12,40,2,multiclass_probability_sum,1.0,0.42857142857142855,1.0
rolling,2019-04-16,40,2,multiclass_probability_sum,1.0,0.4186046511627907,1.0
rolling,2019-04-17,40,2,multiclass_probability_sum,1.0,0.4318181818181818,1.0
rolling,2019-04-18,40,2,multiclass_probability_sum,1.0,0.4222222222222222,1.0
rolling,2019-04-19,40,2,multiclass_probability_sum,1.0,0.41304347826086957,1.0
rolling,2019-04-22,40,2,multiclass_probability_sum,1.0,0.40425531914893614,1.0
rolling,2019-04-23,40,2,multiclass_probability_sum,1.0,0.3958333333333333,1.0
rolling,2019-04-24,40,2,multiclass_probability_sum,1.0,0.3877551020408163,1.0
rolling,2019-04-25,40,2,multiclass_probability_sum,1.0,0.38,1.0
rolling,2019-04-26,40,2,multiclass_probability_sum,1.0,0.37254901960784315,1.0
rolling,2019-05-02,40,2,multiclass_probability_sum,1.0,0.38461538461538464,1.0
rolling,2019-05-03,40,2,multiclass_probability_sum,1.0,0.39622641509433965,1.0
rolling,2019-05-06,40,2,multiclass_probability_sum,1.0,0.3888888888888889,1.0
rolling,2019-05-07,40,2,multiclass_probability_sum,1.0,0.38181818181818183,1.0
rolling,2019-05-08,40,2,multiclass_probability_sum,1.0,0.375,1.0
rolling,2019-05-09,40,2,multiclass_probability_sum,1.0,0.3684210526315789,1.0
rolling,2019-05-10,40,2,multiclass_probability_sum,1.0,0.3620689655172414,1.0
rolling,2019-05-13,40,2,multiclass_probability_sum,1.0,0.3559322033898305,1.0
rolling,2019-05-14,40,2,multiclass_probability_sum,1.0,0.35,1.0
rolling,2019-05-15,40,2,multiclass_probability_sum,1.0,0.3442622950819672,1.0
rolling,2019-05-16,40,2,multiclass_probability_sum,1.0,0.3387096774193548,1.0
rolling,2019-05-17,40,2,multiclass_probability_sum,1.0,0.3333333333333333,1.0
rolling,2019-05-20,40,2,multiclass_probability_sum,1.0,0.328125,1.0
rolling,2019-05-21,40,2,multiclass_probability_sum,1.0,0.3230769230769231,1.0
rolling,2019-05-22,40,2,multiclass_probability_sum,1.0,0.3181818181818182,1.0
rolling,2019-05-23,40,2,multiclass_probability_sum,1.0,0.31343283582089554,1.0
rolling,2019-05-24,40,2,multiclass_probability_sum,1.0,0.3088235294117647,1.0
rolling,2019-05-27,40,2,multiclass_probability_sum,1.0,0.30434782608695654,1.0
rolling,2019-05-28,40,2,multiclass_probability_sum,1.0,0.3,1.0
rolling,2019-05-29,40,2,multiclass_probability_sum,1.0,0.29577464788732394,1.0
rolling,2019-05-30,40,2,multiclass_probability_sum,1.0,0.2916666666666667,1.0
rolling,2019-05-31,40,2,multiclass_probability_sum,1.0,0.2876712328767123,1.0
rolling,2019-06-03,40,2,multiclass_probability_sum,1.0,0.28378378378378377,1.0
rolling,2019-06-04,40,2,multiclass_probability_sum,1.0,0.28,1.0
rolling,2019-06-05,40,2,multiclass_probability_sum,1.0,0.27631578947368424,1.0
rolling,2019-06-06,40,2,multiclass_probability_sum,1.0,0.2727272727272727,1.0
rolling,2019-06-07,40,2,multiclass_probability_sum,1.0,0.2692307692307692,1.0
rolling,2019-06-10,40,2,multiclass_probability_sum,1.0,0.26582278481012656,1.0
rolling,2019-06-11,40,2,multiclass_probability_sum,1.0,0.2625,1.0
rolling,2019-06-12,40,2,multiclass_probability_sum,1.0,0.25925925925925924,1.0
rolling,2019-06-13,40,2,multiclass_probability_sum,1.0,0.25609756097560976,1.0
rolling,2019-06-14,40,2,multiclass_probability_sum,1.0,0.25301204819277107,1.0
rolling,2019-06-17,40,2,multiclass_probability_sum,1.0,0.25,1.0
rolling,2019-06-18,40,2,multiclass_probability_sum,1.0,0.24705882352941178,1.0
rolling,2019-06-19,40,2,multiclass_probability_sum,1.0,0.2441860465116279,1.0
rolling,2019-06-20,40,2,multiclass_probability_sum,1.0,0.2413793103448276,1.0
rolling,2019-06-21,40,2,multiclass_probability_sum,1.0,0.23863636363636365,1.0
rolling,2019-06-24,40,2,multiclass_probability_sum,1.0,0.23595505617977527,1.0
rolling,2019-06-25,40,2,multiclass_probability_sum,1.0,0.23333333333333334,1.0
rolling,2019-06-26,40,2,multiclass_probability_sum,1.0,0.23076923076923078,1.0
rolling,2019-06-27,40,2,multiclass_probability_sum,1.0,0.22826086956521738,1.0
rolling,2019-06-28,40,2,multiclass_probability_sum,1.0,0.22580645161290322,1.0
rolling,2019-07-01,40,2,multiclass_probability_sum,1.0,0.22340425531914893,1.0
rolling,2019-07-02,40,2,multiclass_probability_sum,1.0,0.22105263157894736,1.0
rolling,2019-07-03,40,2,multiclass_probability_sum,1.0,0.21875,1.0
rolling,2019-07-04,40,2,multiclass_probability_sum,1.0,0.21649484536082475,1.0
rolling,2019-07-05,40,2,multiclass_probability_sum,1.0,0.21428571428571427,1.0
rolling,2019-07-08,40,2,multiclass_probability_sum,1.0,0.21212121212121213,1.0
rolling,2019-07-09,40,2,multiclass_probability_sum,1.0,0.21,1.0
rolling,2019-07-10,40,2,multiclass_probability_sum,1.0,0.2079207920792079,1.0
rolling,2019-07-11,40,2,multiclass_probability_sum,1.0,0.20588235294117646,1.0
rolling,2019-07-12,40,2,multiclass_probability_sum,1.0,0.20388349514563106,1.0
rolling,2019-07-15,40,2,multiclass_probability_sum,1.0,0.20192307692307693,1.0
rolling,2019-07-16,40,2,multiclass_probability_sum,1.0,0.2,1.0
rolling,2019-07-17,40,2,multiclass_probability_sum,1.0,0.19811320754716982,1.0
rolling,2019-07-18,40,2,multiclass_probability_sum,1.0,0.19626168224299065,1.0
rolling,2019-07-19,40,2,multiclass_probability_sum,1.0,0.19444444444444445,1.0
rolling,2019-07-22,40,2,multiclass_probability_sum,1.0,0.1926605504587156,1.0
rolling,2019-07-23,40,2,multiclass_probability_sum,1.0,0.19090909090909092,1.0
rolling,2019-07-24,40,2,multiclass_probability_sum,1.0,0.1891891891891892,1.0
rolling,2019-07-25,40,2,multiclass_probability_sum,1.0,0.1875,1.0
rolling,2019-07-26,40,2,multiclass_probability_sum,1.0,0.18584070796460178,1.0
rolling,2019-07-29,40,2,multiclass_probability_sum,1.0,0.18421052631578946,1.0
rolling,2019-07-30,40,2,multiclass_probability_sum,1.0,0.1826086956521739,1.0
rolling,2019-07-31,40,2,multiclass_probability_sum,1.0,0.1810344827586207,1.0
rolling,2019-08-01,40,2,multiclass_probability_sum,1.0,0.1794871794871795,1.0
rolling,2019-08-02,40,2,multiclass_probability_sum,1.0,0.17796610169491525,1.0
rolling,2019-08-05,40,2,multiclass_probability_sum,1.0,0.17647058823529413,1.0
rolling,2019-08-06,40,2,multiclass_probability_sum,1.0,0.175,1.0
rolling,2019-08-07,40,2,multiclass_probability_sum,1.0,0.175,1.0
rolling,2019-08-08,40,2,multiclass_probability_sum,1.0,0.175,1.0
rolling,2019-08-09,40,2,multiclass_probability_sum,1.0,0.175,1.0
rolling,2019-08-12,40,2,multiclass_probability_sum,1.0,0.175,1.0
rolling,2019-08-13,40,2,multiclass_probability_sum,1.0,0.175,1.0
rolling,2019-08-14,40,2,multiclass_probability_sum,1.0,0.175,1.0
rolling,2019-08-15,40,2,multiclass_probability_sum,1.0,0.175,1.0
rolling,2019-08-16,40,2,multiclass_probability_sum,1.0,0.16666666666666666,1.0
rolling,2019-08-19,40,2,multiclass_probability_sum,1.0,0.16666666666666666,1.0
rolling,2019-08-20,40,2,multiclass_probability_sum,1.0,0.16666666666666666,1.0
rolling,2019-08-21,40,2,multiclass_probability_sum,1.0,0.16666666666666666,1.0
rolling,2019-08-22,40,2,multiclass_probability_sum,1.0,0.16666666666666666,1.0
rolling,2019-08-23,40,2,multiclass_probability_sum,1.0,0.16666666666666666,1.0
rolling,2019-08-26,40,2,multiclass_probability_sum,1.0,0.15833333333333333,1.0
rolling,2019-08-27,40,2,multiclass_probability_sum,1.0,0.15,1.0
rolling,2019-08-28,40,2,multiclass_probability_sum,1.0,0.14166666666666666,1.0
rolling,2019-08-29,40,2,multiclass_probability_sum,1.0,0.13333333333333333,1.0
rolling,2019-08-30,40,2,multiclass_probability_sum,1.0,0.125,1.0
rolling,2019-09-03,40,2,multiclass_probability_sum,1.0,0.11666666666666667,1.0
rolling,2019-09-04,40,2,multiclass_probability_sum,1.0,0.10833333333333334,1.0
rolling,2019-09-05,40,2,multiclass_probability_sum,1.0,0.1,1.0
rolling,2019-09-06,40,2,multiclass_probability_sum,1.0,0.09166666666666666,1.0
rolling,2019-09-09,40,2,multiclass_probability_sum,1.0,0.08333333333333333,1.0
rolling,2019-09-10,40,2,multiclass_probability_sum,1.0,0.08333333333333333,1.0
rolling,2019-09-11,40,2,multiclass_probability_sum,1.0,0.08333333333333333,1.0
rolling,2019-09-12,40,2,multiclass_probability_sum,1.0,0.08333333333333333,1.0
rolling,2019-09-13,40,2,multiclass_probability_sum,1.0,0.08333333333333333,1.0
rolling,2019-09-16,40,2,multiclass_probability_sum,1.0,0.08333333333333333,1.0
rolling,2019-09-17,40,2,multiclass_probability_sum,1.0,0.08403361344537816,0.990909090909091
rolling,2019-09-18,40,2,multiclass_probability_sum,1.0,0.08403361344537816,0.990909090909091
rolling,2019-09-19,40,2,multiclass_probability_sum,1.0,0.08403361344537816,0.990909090909091
rolling,2019-09-20,40,2,multiclass_probability_sum,1.0,0.08403361344537816,0.990909090909091
rolling,2019-09-23,40,2,multiclass_probability_sum,1.0,0.08403361344537816,0.990909090909091
rolling,2019-09-24,40,2,multiclass_probability_sum,1.0,0.07563025210084033,0.990990990990991
rolling,2019-09-25,40,2,multiclass_probability_sum,1.0,0.06722689075630252,0.9910714285714286
rolling,2019-09-26,40,2,multiclass_probability_sum,1.0,0.058823529411764705,0.9911504424778761
rolling,2019-09-27,40,2,multiclass_probability_sum,1.0,0.058823529411764705,0.9911504424778761
rolling,2019-09-30,40,2,multiclass_probability_sum,1.0,0.058823529411764705,0.9911504424778761
rolling,2019-10-01,40,2,multiclass_probability_sum,1.0,0.06722689075630252,0.9910714285714286
rolling,2019-10-02,40,2,multiclass_probability_sum,1.0,0.06722689075630252,0.9910714285714286
rolling,2019-10-03,40,2,multiclass_probability_sum,1.0,0.06722689075630252,0.9910714285714286
rolling,2019-10-04,40,2,multiclass_probability_sum,1.0,0.058823529411764705,0.9911504424778761
rolling,2019-10-07,40,2,multiclass_probability_sum,1.0,0.06722689075630252,0.9910714285714286
rolling,2019-10-08,40,2,multiclass_probability_sum,1.0,0.06722689075630252,0.9910714285714286
rolling,2019-10-09,40,2,multiclass_probability_sum,1.0,0.07563025210084033,0.990990990990991
rolling,2019-10-10,40,2,multiclass_probability_sum,1.0,0.08403361344537816,0.990909090909091
rolling,2019-10-11,40,2,multiclass_probability_sum,1.0,0.09243697478991597,0.9908256880733946
rolling,2019-10-14,40,2,multiclass_probability_sum,1.0,0.10084033613445378,0.9907407407407407
rolling,2019-10-15,40,2,multiclass_probability_sum,1.0,0.1092436974789916,0.9906542056074766
rolling,2019-10-16,40,2,multiclass_probability_sum,1.0,0.11764705882352941,0.9905660377358491
rolling,2019-10-17,40,2,multiclass_probability_sum,1.0,0.12605042016806722,0.9904761904761905
rolling,2019-10-18,40,2,multiclass_probability_sum,1.0,0.12605042016806722,0.9904761904761905
rolling,2019-10-21,40,2,multiclass_probability_sum,1.0,0.12605042016806722,0.9904761904761905
rolling,2019-10-22,40,2,multiclass_probability_sum,1.0,0.13445378151260504,0.9903846153846154
rolling,2019-10-23,40,2,multiclass_probability_sum,1.0,0.14285714285714285,0.9902912621359223
rolling,2019-10-24,40,2,multiclass_probability_sum,1.0,0.15126050420168066,0.9901960784313726
rolling,2019-10-25,40,2,multiclass_probability_sum,1.0,0.15966386554621848,0.9900990099009901
rolling,2019-10-28,40,2,multiclass_probability_sum,1.0,0.16806722689075632,0.99
rolling,2019-10-29,40,2,multiclass_probability_sum,1.0,0.17647058823529413,0.98989898989899
rolling,2019-10-30,40,2,multiclass_probability_sum,1.0,0.18487394957983194,0.9897959183673469
rolling,2019-10-31,40,2,multiclass_probability_sum,1.0,0.19327731092436976,0.9896907216494846
rolling,2019-11-01,40,2,multiclass_probability_sum,1.0,0.20168067226890757,0.9895833333333334
rolling,2019-11-04,40,2,multiclass_probability_sum,1.0,0.21008403361344538,0.9894736842105263
rolling,2019-11-05,40,2,multiclass_probability_sum,1.0,0.2184873949579832,0.9893617021276596
rolling,2019-11-06,40,2,multiclass_probability_sum,1.0,0.226890756302521,0.989247311827957
rolling,2019-11-07,40,2,multiclass_probability_sum,1.0,0.23529411764705882,0.9891304347826086
rolling,2019-11-08,40,2,multiclass_probability_sum,1.0,0.24369747899159663,0.989010989010989
rolling,2019-11-11,40,2,multiclass_probability_sum,1.0,0.25210084033613445,0.9888888888888889
rolling,2019-11-12,40,2,multiclass_probability_sum,1.0,0.2605042016806723,0.9887640449438202
rolling,2019-11-13,40,2,multiclass_probability_sum,1.0,0.2689075630252101,0.9886363636363636
rolling,2019-11-14,40,2,multiclass_probability_sum,1.0,0.2773109243697479,0.9885057471264368
rolling,2019-11-15,40,2,multiclass_probability_sum,1.0,0.2857142857142857,0.9883720930232558
rolling,2019-11-18,40,2,multiclass_probability_sum,1.0,0.29411764705882354,0.9882352941176471
rolling,2019-11-19,40,2,multiclass_probability_sum,1.0,0.3025210084033613,0.9880952380952381
rolling,2019-11-20,40,2,multiclass_probability_sum,1.0,0.31092436974789917,0.9879518072289156
rolling,2019-11-21,40,2,multiclass_probability_sum,1.0,0.31092436974789917,0.9879518072289156
rolling,2019-11-22,40,2,multiclass_probability_sum,1.0,0.31092436974789917,0.9879518072289156
rolling,2019-11-25,40,2,multiclass_probability_sum,1.0,0.31092436974789917,0.9879518072289156
rolling,2019-11-26,40,2,multiclass_probability_sum,1.0,0.31092436974789917,0.9879518072289156
rolling,2019-11-27,40,2,multiclass_probability_sum,1.0,0.31932773109243695,0.9878048780487805
rolling,2019-11-28,40,2,multiclass_probability_sum,1.0,0.3277310924369748,0.9876543209876543
rolling,2019-11-29,40,2,multiclass_probability_sum,1.0,0.33613445378151263,0.9875
rolling,2019-12-02,40,2,multiclass_probability_sum,1.0,0.3445378151260504,0.9873417721518988
rolling,2019-12-03,40,2,multiclass_probability_sum,1.0,0.35294117647058826,0.9871794871794872
rolling,2019-12-04,40,2,multiclass_probability_sum,1.0,0.36134453781512604,0.987012987012987
rolling,2019-12-05,40,2,multiclass_probability_sum,1.0,0.3697478991596639,0.9868421052631579
rolling,2019-12-06,40,2,multiclass_probability_sum,1.0,0.37815126050420167,0.9866666666666667
rolling,2019-12-09,40,2,multiclass_probability_sum,1.0,0.3865546218487395,0.9864864864864865
rolling,2019-12-10,40,2,multiclass_probability_sum,1.0,0.3949579831932773,0.9863013698630136
rolling,2019-12-11,40,2,multiclass_probability_sum,1.0,0.40336134453781514,0.9861111111111112
rolling,2019-12-12,40,2,multiclass_probability_sum,1.0,0.4117647058823529,0.9859154929577465
rolling,2019-12-13,40,2,multiclass_probability_sum,1.0,0.42016806722689076,0.9857142857142858
rolling,2019-12-16,40,2,multiclass_probability_sum,1.0,0.42857142857142855,0.9855072463768116
rolling,2019-12-17,40,2,multiclass_probability_sum,1.0,0.4369747899159664,0.9852941176470589
rolling,2019-12-18,40,2,multiclass_probability_sum,1.0,0.4369747899159664,0.9852941176470589
rolling,2019-12-19,40,2,multiclass_probability_sum,1.0,0.44537815126050423,0.9850746268656716
rolling,2019-12-20,40,2,multiclass_probability_sum,1.0,0.453781512605042,0.9848484848484849
rolling,2019-12-23,40,2,multiclass_probability_sum,1.0,0.46218487394957986,0.9846153846153847
rolling,2019-12-24,40,2,multiclass_probability_sum,1.0,0.47058823529411764,0.984375
rolling,2019-12-25,40,2,multiclass_probability_sum,1.0,0.4789915966386555,0.9841269841269841
rolling,2019-12-26,40,2,multiclass_probability_sum,1.0,0.48739495798319327,0.9838709677419355
rolling,2019-12-27,40,2,multiclass_probability_sum,1.0,0.4957983193277311,0.9836065573770492
rolling,2019-12-30,40,2,multiclass_probability_sum,1.0,0.5042016806722689,0.9833333333333333
rolling,2019-12-31,40,2,multiclass_probability_sum,1.0,0.5126050420168067,0.9830508474576272
rolling,2020-01-02,40,2,multiclass_probability_sum,0.9838709677419355,0.5169491525423728,0.9827586206896551
rolling,2020-01-03,40,2,multiclass_probability_sum,0.9841269841269841,0.5254237288135594,0.9824561403508771
rolling,2020-01-06,40,2,multiclass_probability_sum,0.984375,0.5338983050847458,0.9821428571428571
rolling,2020-01-07,40,2,multiclass_probability_sum,0.9846153846153847,0.5423728813559322,0.9818181818181818
rolling,2020-01-08,40,2,multiclass_probability_sum,0.9848484848484849,0.5508474576271186,0.9814814814814815
rolling,2020-01-09,40,2,multiclass_probability_sum,0.9850746268656716,0.559322033898305,0.9811320754716981
rolling,2020-01-10,40,2,multiclass_probability_sum,0.9852941176470589,0.5677966101694916,0.9807692307692307
rolling,2020-01-13,40,2,multiclass_probability_sum,0.9855072463768116,0.576271186440678,0.9803921568627451
rolling,2020-01-14,40,2,multiclass_probability_sum,0.9857142857142858,0.5847457627118644,0.98
rolling,2020-01-15,40,2,multiclass_probability_sum,0.971830985915493,0.5897435897435898,0.9795918367346939
rolling,2020-01-16,40,2,multiclass_probability_sum,0.9583333333333334,0.5948275862068966,0.9791666666666666
rolling,2020-01-17,40,2,multiclass_probability_sum,0.9452054794520548,0.6,0.9787234042553191
rolling,2020-01-20,40,2,multiclass_probability_sum,0.9324324324324325,0.6052631578947368,0.9782608695652174
rolling,2020-01-21,40,2,multiclass_probability_sum,0.92,0.6106194690265486,0.9777777777777777
rolling,2020-01-22,40,2,multiclass_probability_sum,0.9078947368421053,0.6160714285714286,0.9772727272727273
rolling,2020-01-30,40,2,multiclass_probability_sum,0.9090909090909091,0.625,0.9767441860465116
rolling,2020-01-31,40,2,multiclass_probability_sum,0.9102564102564102,0.6339285714285714,0.9761904761904762
rolling,2020-02-03,40,2,multiclass_probability_sum,0.9113924050632911,0.6428571428571429,0.975609756097561
rolling,2020-02-04,40,2,multiclass_probability_sum,0.9125,0.6517857142857143,0.975
rolling,2020-02-05,40,2,multiclass_probability_sum,0.9135802469135802,0.6607142857142857,0.9743589743589743
rolling,2020-02-06,40,2,multiclass_probability_sum,0.9146341463414634,0.6696428571428571,0.9736842105263158
rolling,2020-02-07,40,2,multiclass_probability_sum,0.9156626506024096,0.6785714285714286,0.972972972972973
rolling,2020-02-10,40,2,multiclass_probability_sum,0.9166666666666666,0.6875,0.9722222222222222
rolling,2020-02-11,40,2,multiclass_probability_sum,0.9176470588235294,0.6964285714285714,0.9714285714285714
rolling,2020-02-12,40,2,multiclass_probability_sum,0.9186046511627907,0.7053571428571429,0.9705882352941176
rolling,2020-02-13,40,2,multiclass_probability_sum,0.9195402298850575,0.7142857142857143,0.9696969696969697
rolling,2020-02-14,40,2,multiclass_probability_sum,0.9204545454545454,0.7232142857142857,0.96875
rolling,2020-02-17,40,2,multiclass_probability_sum,0.9213483146067416,0.7321428571428571,0.967741935483871
rolling,2020-02-18,40,2,multiclass_probability_sum,0.9222222222222223,0.7410714285714286,0.9666666666666667
rolling,2020-02-19,40,2,multiclass_probability_sum,0.9230769230769231,0.75,0.9655172413793104
rolling,2020-02-20,40,2,multiclass_probability_sum,0.9239130434782609,0.7589285714285714,0.9642857142857143
rolling,2020-02-21,40,2,multiclass_probability_sum,0.9247311827956989,0.7678571428571429,0.9629629629629629
rolling,2020-02-24,40,2,multiclass_probability_sum,0.925531914893617,0.7767857142857143,0.9615384615384616
rolling,2020-02-25,40,2,multiclass_probability_sum,0.9263157894736842,0.7857142857142857,0.96
rolling,2020-02-26,40,2,multiclass_probability_sum,0.9270833333333334,0.7946428571428571,0.9583333333333334
rolling,2020-02-27,40,2,multiclass_probability_sum,0.9278350515463918,0.8035714285714286,0.9565217391304348
rolling,2020-02-28,40,2,multiclass_probability_sum,0.9285714285714286,0.8125,0.9545454545454546
rolling,2020-03-02,40,2,multiclass_probability_sum,0.9292929292929293,0.8214285714285714,0.9523809523809523
rolling,2020-03-03,40,2,multiclass_probability_sum,0.93,0.8303571428571429,0.95
rolling,2020-03-04,40,2,multiclass_probability_sum,0.9306930693069307,0.8392857142857143,0.9473684210526315
rolling,2020-03-05,40,2,multiclass_probability_sum,0.9313725490196079,0.8482142857142857,0.9444444444444444
rolling,2020-03-06,40,2,multiclass_probability_sum,0.9320388349514563,0.8571428571428571,0.9411764705882353
rolling,2020-03-09,40,2,multiclass_probability_sum,0.9326923076923077,0.8660714285714286,0.9375
rolling,2020-03-10,40,2,multiclass_probability_sum,0.9238095238095239,0.8738738738738738,0.9333333333333333
rolling,2020-03-11,40,2,multiclass_probability_sum,0.9150943396226415,0.8738738738738738,1.0
rolling,2020-03-12,40,2,multiclass_probability_sum,0.9150943396226415,0.8738738738738738,1.0
rolling,2020-03-13,40,2,multiclass_probability_sum,0.9150943396226415,0.8738738738738738,1.0
rolling,2020-03-16,40,2,multiclass_probability_sum,0.9150943396226415,0.8738738738738738,1.0
rolling,2020-03-17,40,2,multiclass_probability_sum,0.9150943396226415,0.8738738738738738,1.0
rolling,2020-03-18,40,2,multiclass_probability_sum,0.9150943396226415,0.8738738738738738,1.0
rolling,2020-03-19,40,2,multiclass_probability_sum,0.9150943396226415,0.8738738738738738,1.0
rolling,2020-03-20,40,2,multiclass_probability_sum,0.9150943396226415,0.8738738738738738,1.0
rolling,2020-03-23,40,2,multiclass_probability_sum,0.9142857142857143,0.8648648648648649,1.0
rolling,2020-03-24,40,2,multiclass_probability_sum,0.9134615384615384,0.8558558558558559,1.0
rolling,2020-03-25,40,2,multiclass_probability_sum,0.912621359223301,0.8468468468468469,1.0
rolling,2020-03-26,40,2,multiclass_probability_sum,0.912621359223301,0.8468468468468469,1.0
rolling,2020-03-27,40,2,multiclass_probability_sum,0.9117647058823529,0.8378378378378378,1.0
rolling,2020-03-30,40,2,multiclass_probability_sum,0.9117647058823529,0.8378378378378378,1.0
rolling,2020-03-31,40,2,multiclass_probability_sum,0.9108910891089109,0.8288288288288288,1.0
rolling,2020-04-01,40,2,multiclass_probability_sum,0.91,0.8198198198198198,1.0
rolling,2020-04-03,40,2,multiclass_probability_sum,0.9090909090909091,0.8108108108108109,1.0
rolling,2020-04-06,40,2,multiclass_probability_sum,0.9081632653061225,0.8018018018018018,1.0
rolling,2020-04-07,40,2,multiclass_probability_sum,0.9072164948453608,0.7927927927927928,1.0
rolling,2020-04-08,40,2,multiclass_probability_sum,0.90625,0.7837837837837838,1.0
rolling,2020-04-09,40,2,multiclass_probability_sum,0.9052631578947369,0.7747747747747747,1.0
rolling,2020-04-10,40,2,multiclass_probability_sum,0.9042553191489362,0.7657657657657657,1.0
rolling,2020-04-13,40,2,multiclass_probability_sum,0.9032258064516129,0.7567567567567568,1.0
rolling,2020-04-14,40,2,multiclass_probability_sum,0.9021739130434783,0.7477477477477478,1.0
rolling,2020-04-15,40,2,multiclass_probability_sum,0.9010989010989011,0.7387387387387387,1.0
rolling,2020-04-16,40,2,multiclass_probability_sum,0.9,0.7297297297297297,1.0
rolling,2020-04-17,40,2,multiclass_probability_sum,0.898876404494382,0.7207207207207207,1.0
rolling,2020-04-20,40,2,multiclass_probability_sum,0.8977272727272727,0.7117117117117117,1.0
rolling,2020-04-21,40,2,multiclass_probability_sum,0.896551724137931,0.7027027027027027,1.0
rolling,2020-04-22,40,2,multiclass_probability_sum,0.8953488372093024,0.6936936936936937,1.0
rolling,2020-04-23,40,2,multiclass_probability_sum,0.8941176470588236,0.6846846846846847,1.0
rolling,2020-04-24,40,2,multiclass_probability_sum,0.8928571428571429,0.6756756756756757,1.0
rolling,2020-04-27,40,2,multiclass_probability_sum,0.891566265060241,0.6666666666666666,1.0
rolling,2020-04-28,40,2,multiclass_probability_sum,0.8902439024390244,0.6576576576576577,1.0
rolling,2020-04-29,40,2,multiclass_probability_sum,0.8888888888888888,0.6486486486486487,1.0
rolling,2020-05-04,40,2,multiclass_probability_sum,0.8875,0.6396396396396397,1.0
rolling,2020-05-05,40,2,multiclass_probability_sum,0.8860759493670886,0.6306306306306306,1.0
rolling,2020-05-06,40,2,multiclass_probability_sum,0.8846153846153846,0.6216216216216216,1.0
rolling,2020-05-07,40,2,multiclass_probability_sum,0.8831168831168831,0.6126126126126126,1.0
rolling,2020-05-08,40,2,multiclass_probability_sum,0.881578947368421,0.6036036036036037,1.0
rolling,2020-05-11,40,2,multiclass_probability_sum,0.88,0.5945945945945946,1.0
rolling,2020-05-12,40,2,multiclass_probability_sum,0.8783783783783784,0.5855855855855856,1.0
rolling,2020-05-13,40,2,multiclass_probability_sum,0.8767123287671232,0.5765765765765766,1.0
rolling,2020-05-14,40,2,multiclass_probability_sum,0.875,0.5675675675675675,1.0
rolling,2020-05-15,40,2,multiclass_probability_sum,0.8732394366197183,0.5585585585585585,1.0
rolling,2020-05-18,40,2,multiclass_probability_sum,0.8714285714285714,0.5495495495495496,1.0
rolling,2020-05-19,40,2,multiclass_probability_sum,0.8695652173913043,0.5405405405405406,1.0
rolling,2020-05-20,40,2,multiclass_probability_sum,0.8695652173913043,0.5405405405405406,1.0
rolling,2020-05-21,40,2,multiclass_probability_sum,0.8695652173913043,0.5405405405405406,1.0
rolling,2020-05-22,40,2,multiclass_probability_sum,0.8695652173913043,0.5405405405405406,1.0
rolling,2020-05-25,40,2,multiclass_probability_sum,0.8695652173913043,0.5405405405405406,1.0
rolling,2020-05-26,40,2,multiclass_probability_sum,0.8676470588235294,0.5315315315315315,1.0
rolling,2020-05-27,40,2,multiclass_probability_sum,0.8656716417910447,0.5225225225225225,1.0
rolling,2020-05-28,40,2,multiclass_probability_sum,0.8636363636363636,0.5135135135135135,1.0
rolling,2020-05-29,40,2,multiclass_probability_sum,0.8615384615384616,0.5045045045045045,1.0
rolling,2020-06-01,40,2,multiclass_probability_sum,0.8615384615384616,0.5045045045045045,1.0
rolling,2020-06-02,40,2,multiclass_probability_sum,0.8615384615384616,0.5045045045045045,1.0
rolling,2020-06-03,40,2,multiclass_probability_sum,0.8615384615384616,0.5045045045045045,1.0
rolling,2020-06-04,40,2,multiclass_probability_sum,0.8615384615384616,0.5045045045045045,1.0
rolling,2020-06-05,40,2,multiclass_probability_sum,0.8615384615384616,0.5045045045045045,1.0
rolling,2020-06-08,40,2,multiclass_probability_sum,0.8615384615384616,0.5045045045045045,1.0
rolling,2020-06-09,40,2,multiclass_probability_sum,0.8615384615384616,0.5045045045045045,1.0
rolling,2020-06-10,40,2,multiclass_probability_sum,0.8615384615384616,0.5045045045045045,1.0
rolling,2020-06-11,40,2,multiclass_probability_sum,0.859375,0.4954954954954955,1.0
rolling,2020-06-12,40,2,multiclass_probability_sum,0.8571428571428571,0.4864864864864865,1.0
rolling,2020-06-15,40,2,multiclass_probability_sum,0.8548387096774194,0.4774774774774775,1.0
rolling,2020-06-16,40,2,multiclass_probability_sum,0.8548387096774194,0.4774774774774775,1.0
rolling,2020-06-17,40,2,multiclass_probability_sum,0.8524590163934426,0.46846846846846846,1.0
rolling,2020-06-18,40,2,multiclass_probability_sum,0.85,0.4594594594594595,1.0
rolling,2020-06-19,40,2,multiclass_probability_sum,0.847457627118644,0.45045045045045046,1.0
rolling,2020-06-22,40,2,multiclass_probability_sum,0.8448275862068966,0.44144144144144143,1.0
rolling,2020-06-23,40,2,multiclass_probability_sum,0.8421052631578947,0.43243243243243246,1.0
rolling,2020-06-24,40,2,multiclass_probability_sum,0.8392857142857143,0.42342342342342343,1.0
rolling,2020-06-25,40,2,multiclass_probability_sum,0.8363636363636363,0.4144144144144144,1.0
rolling,2020-06-26,40,2,multiclass_probability_sum,0.8333333333333334,0.40540540540540543,1.0
rolling,2020-06-29,40,2,multiclass_probability_sum,0.8301886792452831,0.3963963963963964,1.0
rolling,2020-06-30,40,2,multiclass_probability_sum,0.8461538461538461,0.39285714285714285,1.0
rolling,2020-07-01,40,2,multiclass_probability_sum,0.8431372549019608,0.38392857142857145,1.0
rolling,2020-07-02,40,2,multiclass_probability_sum,0.84,0.375,1.0
rolling,2020-07-03,40,2,multiclass_probability_sum,0.8367346938775511,0.36607142857142855,1.0
rolling,2020-07-06,40,2,multiclass_probability_sum,0.8333333333333334,0.35714285714285715,1.0
rolling,2020-07-07,40,2,multiclass_probability_sum,0.8297872340425532,0.3482142857142857,1.0
rolling,2020-07-08,40,2,multiclass_probability_sum,0.8260869565217391,0.3392857142857143,1.0
rolling,2020-07-09,40,2,multiclass_probability_sum,0.8222222222222222,0.33035714285714285,1.0
rolling,2020-07-10,40,2,multiclass_probability_sum,0.8181818181818182,0.32142857142857145,1.0
rolling,2020-07-13,40,2,multiclass_probability_sum,0.8372093023255814,0.3185840707964602,1.0
rolling,2020-07-14,40,2,multiclass_probability_sum,0.8571428571428571,0.3157894736842105,1.0
rolling,2020-07-15,40,2,multiclass_probability_sum,0.8780487804878049,0.3130434782608696,1.0
rolling,2020-07-16,40,2,multiclass_probability_sum,0.9,0.3103448275862069,1.0
rolling,2020-07-17,40,2,multiclass_probability_sum,0.9230769230769231,0.3076923076923077,1.0
rolling,2020-07-20,40,2,multiclass_probability_sum,0.9473684210526315,0.3050847457627119,1.0
rolling,2020-07-21,40,2,multiclass_probability_sum,0.9459459459459459,0.2966101694915254,1.0
rolling,2020-07-22,40,2,multiclass_probability_sum,0.9444444444444444,0.288135593220339,1.0
rolling,2020-07-23,40,2,multiclass_probability_sum,0.9428571428571428,0.2796610169491525,1.0
rolling,2020-07-24,40,2,multiclass_probability_sum,0.9411764705882353,0.2711864406779661,1.0
rolling,2020-07-27,40,2,multiclass_probability_sum,0.9393939393939394,0.2627118644067797,1.0
rolling,2020-07-28,40,2,multiclass_probability_sum,0.9375,0.2542372881355932,1.0
rolling,2020-07-29,40,2,multiclass_probability_sum,0.9354838709677419,0.2457627118644068,1.0
rolling,2020-07-30,40,2,multiclass_probability_sum,0.9333333333333333,0.23728813559322035,1.0
rolling,2020-07-31,40,2,multiclass_probability_sum,0.9310344827586207,0.2288135593220339,1.0
rolling,2020-08-03,40,2,multiclass_probability_sum,0.9285714285714286,0.22033898305084745,1.0
rolling,2020-08-04,40,2,multiclass_probability_sum,0.9259259259259259,0.211864406779661,1.0
rolling,2020-08-05,40,2,multiclass_probability_sum,0.9230769230769231,0.2033898305084746,1.0
rolling,2020-08-06,40,2,multiclass_probability_sum,0.92,0.19491525423728814,1.0
rolling,2020-08-07,40,2,multiclass_probability_sum,0.9166666666666666,0.1864406779661017,1.0
rolling,2020-08-10,40,2,multiclass_probability_sum,0.9130434782608695,0.17796610169491525,1.0
rolling,2020-08-11,40,2,multiclass_probability_sum,0.9090909090909091,0.1694915254237288,1.0
rolling,2020-08-12,40,2,multiclass_probability_sum,0.9047619047619048,0.16101694915254236,1.0
rolling,2020-08-13,40,2,multiclass_probability_sum,0.9,0.15254237288135594,1.0
rolling,2020-08-14,40,2,multiclass_probability_sum,0.8947368421052632,0.1440677966101695,1.0
rolling,2020-08-17,40,2,multiclass_probability_sum,0.8888888888888888,0.13559322033898305,1.0
rolling,2020-08-18,40,2,multiclass_probability_sum,0.8823529411764706,0.1271186440677966,1.0
rolling,2020-08-19,40,2,multiclass_probability_sum,0.875,0.11864406779661017,1.0
rolling,2020-08-20,40,2,multiclass_probability_sum,0.8666666666666667,0.11016949152542373,1.0
rolling,2020-08-21,40,2,multiclass_probability_sum,0.8571428571428571,0.1016949152542373,1.0
rolling,2020-08-24,40,2,multiclass_probability_sum,0.8461538461538461,0.09322033898305085,1.0
rolling,2020-08-25,40,2,multiclass_probability_sum,0.8333333333333334,0.0847457627118644,1.0
rolling,2020-08-26,40,2,multiclass_probability_sum,0.8181818181818182,0.07627118644067797,1.0
rolling,2020-08-27,40,2,multiclass_probability_sum,0.8,0.06779661016949153,1.0
rolling,2020-08-28,40,2,multiclass_probability_sum,0.8888888888888888,0.06722689075630252,1.0
rolling,2020-08-31,40,2,multiclass_probability_sum,1.0,0.06666666666666667,1.0
rolling,2020-09-01,40,2,multiclass_probability_sum,1.0,0.06666666666666667,1.0
rolling,2020-09-03,40,2,multiclass_probability_sum,1.0,0.06666666666666667,1.0
rolling,2020-09-04,40,2,multiclass_probability_sum,1.0,0.06666666666666667,1.0
rolling,2020-09-07,40,2,multiclass_probability_sum,1.0,0.06666666666666667,1.0
rolling,2020-09-08,40,2,multiclass_probability_sum,1.0,0.06666666666666667,1.0
rolling,2020-09-09,40,2,multiclass_probability_sum,1.0,0.06666666666666667,1.0
rolling,2020-09-10,40,2,multiclass_probability_sum,1.0,0.06666666666666667,1.0
rolling,2020-09-11,40,2,multiclass_probability_sum,1.0,0.06666666666666667,1.0
rolling,2020-09-14,40,2,multiclass_probability_sum,1.0,0.06666666666666667,1.0
rolling,2020-09-15,40,2,multiclass_probability_sum,1.0,0.06666666666666667,1.0
rolling,2020-09-16,40,2,multiclass_probability_sum,1.0,0.06666666666666667,1.0
rolling,2020-09-17,40,2,multiclass_probability_sum,1.0,0.06666666666666667,1.0
rolling,2020-09-18,40,2,multiclass_probability_sum,1.0,0.06666666666666667,1.0
rolling,2020-09-21,40,2,multiclass_probability_sum,1.0,0.06666666666666667,1.0
rolling,2020-09-22,40,2,multiclass_probability_sum,1.0,0.06666666666666667,1.0
rolling,2020-09-23,40,2,multiclass_probability_sum,1.0,0.06666666666666667,1.0
rolling,2020-09-24,40,2,multiclass_probability_sum,1.0,0.06666666666666667,1.0
rolling,2020-09-25,40,2,multiclass_probability_sum,1.0,0.06666666666666667,1.0
rolling,2020-09-28,40,2,multiclass_probability_sum,1.0,0.06666666666666667,1.0
rolling,2020-09-29,40,2,multiclass_probability_sum,1.0,0.06666666666666667,1.0
rolling,2020-09-30,40,2,multiclass_probability_sum,1.0,0.06666666666666667,1.0
rolling,2020-10-01,40,2,multiclass_probability_sum,1.0,0.06666666666666667,1.0
rolling,2020-10-02,40,2,multiclass_probability_sum,1.0,0.06666666666666667,1.0
rolling,2020-10-05,40,2,multiclass_probability_sum,1.0,0.06666666666666667,1.0
rolling,2020-10-06,40,2,multiclass_probability_sum,1.0,0.06666666666666667,1.0
rolling,2020-10-07,40,2,multiclass_probability_sum,1.0,0.06666666666666667,1.0
rolling,2020-10-08,40,2,multiclass_probability_sum,1.0,0.06666666666666667,1.0
rolling,2020-10-09,40,2,multiclass_probability_sum,1.0,0.06666666666666667,1.0
rolling,2020-10-12,40,2,multiclass_probability_sum,1.0,0.06666666666666667,1.0
rolling,2020-10-13,40,2,multiclass_probability_sum,1.0,0.06666666666666667,1.0
rolling,2020-10-14,40,2,multiclass_probability_sum,1.0,0.06666666666666667,1.0
rolling,2020-10-15,40,2,multiclass_probability_sum,1.0,0.06666666666666667,1.0
rolling,2020-10-16,40,2,multiclass_probability_sum,1.0,0.06666666666666667,1.0
rolling,2020-10-19,40,2,multiclass_probability_sum,1.0,0.06666666666666667,1.0
rolling,2020-10-20,40,2,multiclass_probability_sum,1.0,0.06666666666666667,1.0
rolling,2020-10-21,40,2,multiclass_probability_sum,1.0,0.06666666666666667,1.0
rolling,2020-10-22,40,2,multiclass_probability_sum,1.0,0.06666666666666667,1.0
rolling,2020-10-23,40,2,multiclass_probability_sum,1.0,0.06666666666666667,1.0
rolling,2020-10-26,40,2,multiclass_probability_sum,1.0,0.06666666666666667,1.0
rolling,2020-10-27,40,2,multiclass_probability_sum,1.0,0.06666666666666667,1.0
rolling,2020-10-28,40,2,multiclass_probability_sum,1.0,0.06666666666666667,1.0
rolling,2020-10-29,40,2,multiclass_probability_sum,1.0,0.06666666666666667,1.0
rolling,2020-10-30,40,2,multiclass_probability_sum,1.0,0.06666666666666667,1.0
rolling,2020-11-02,40,2,multiclass_probability_sum,1.0,0.06666666666666667,1.0
rolling,2020-11-03,40,2,multiclass_probability_sum,1.0,0.06666666666666667,1.0
rolling,2020-11-04,40,2,multiclass_probability_sum,1.0,0.06666666666666667,1.0
rolling,2020-11-05,40,2,multiclass_probability_sum,1.0,0.06666666666666667,1.0
rolling,2020-11-06,40,2,multiclass_probability_sum,1.0,0.06666666666666667,1.0
rolling,2020-11-09,40,2,multiclass_probability_sum,1.0,0.06666666666666667,1.0
rolling,2020-11-10,40,2,multiclass_probability_sum,1.0,0.06666666666666667,1.0
rolling,2020-11-11,40,2,multiclass_probability_sum,1.0,0.06666666666666667,1.0
rolling,2020-11-12,40,2,multiclass_probability_sum,1.0,0.06666666666666667,1.0
rolling,2020-11-13,40,2,multiclass_probability_sum,1.0,0.06666666666666667,1.0
rolling,2020-11-16,40,2,multiclass_probability_sum,1.0,0.06666666666666667,1.0
rolling,2020-11-17,40,2,multiclass_probability_sum,1.0,0.058333333333333334,1.0
rolling,2020-11-18,40,2,multiclass_probability_sum,1.0,0.05,1.0
rolling,2020-11-19,40,2,multiclass_probability_sum,1.0,0.041666666666666664,1.0
rolling,2020-11-20,40,2,multiclass_probability_sum,1.0,0.03333333333333333,1.0
rolling,2020-11-23,40,2,multiclass_probability_sum,1.0,0.025,1.0
rolling,2020-11-24,40,2,multiclass_probability_sum,1.0,0.016666666666666666,1.0
rolling,2020-11-25,40,2,multiclass_probability_sum,1.0,0.008333333333333333,1.0
rolling,2020-11-26,40,2,multiclass_probability_sum,,0.0,1.0
rolling,2020-11-27,40,2,multiclass_probability_sum,,0.0,1.0
rolling,2020-11-30,40,2,multiclass_probability_sum,,0.0,1.0
rolling,2020-12-01,40,2,multiclass_probability_sum,,0.0,1.0
rolling,2020-12-02,40,2,multiclass_probability_sum,,0.0,1.0
rolling,2020-12-03,40,2,multiclass_probability_sum,,0.0,1.0
rolling,2020-12-04,40,2,multiclass_probability_sum,,0.0,1.0
rolling,2020-12-07,40,2,multiclass_probability_sum,,0.0,1.0
rolling,2020-12-08,40,2,multiclass_probability_sum,,0.0,1.0
rolling,2020-12-09,40,2,multiclass_probability_sum,,0.0,1.0
rolling,2020-12-10,40,2,multiclass_probability_sum,,0.0,1.0
rolling,2020-12-11,40,2,multiclass_probability_sum,,0.0,1.0
rolling,2020-12-14,40,2,multiclass_probability_sum,,0.0,1.0
rolling,2020-12-15,40,2,multiclass_probability_sum,,0.0,1.0
rolling,2020-12-16,40,2,multiclass_probability_sum,,0.0,1.0
rolling,2020-12-17,40,2,multiclass_probability_sum,,0.0,1.0
rolling,2020-12-18,40,2,multiclass_probability_sum,,0.0,1.0
rolling,2020-12-21,40,2,multiclass_probability_sum,,0.0,1.0
rolling,2020-12-22,40,2,multiclass_probability_sum,,0.0,1.0
rolling,2020-12-23,40,2,multiclass_probability_sum,,0.0,1.0
rolling,2020-12-24,40,2,multiclass_probability_sum,,0.0,1.0
rolling,2020-12-25,40,2,multiclass_probability_sum,,0.0,1.0
rolling,2020-12-28,40,2,multiclass_probability_sum,,0.0,1.0
rolling,2020-12-29,40,2,multiclass_probability_sum,,0.0,1.0
rolling,2020-12-30,40,2,multiclass_probability_sum,,0.0,1.0
rolling,2020-12-31,40,2,multiclass_probability_sum,,0.0,1.0
rolling,2021-01-04,40,2,multiclass_probability_sum,1.0,0.008333333333333333,1.0
rolling,2021-01-05,40,2,multiclass_probability_sum,1.0,0.016666666666666666,1.0
rolling,2021-01-06,40,2,multiclass_probability_sum,1.0,0.025,1.0
rolling,2021-01-07,40,2,multiclass_probability_sum,1.0,0.03333333333333333,1.0
rolling,2021-01-08,40,2,multiclass_probability_sum,1.0,0.041666666666666664,1.0
rolling,2021-01-11,40,2,multiclass_probability_sum,1.0,0.05,1.0
rolling,2021-01-12,40,2,multiclass_probability_sum,1.0,0.058333333333333334,1.0
rolling,2021-01-13,40,2,multiclass_probability_sum,1.0,0.06666666666666667,1.0
rolling,2021-01-14,40,2,multiclass_probability_sum,1.0,0.075,1.0
rolling,2021-01-15,40,2,multiclass_probability_sum,1.0,0.08333333333333333,1.0
rolling,2021-01-18,40,2,multiclass_probability_sum,1.0,0.09166666666666666,1.0
rolling,2021-01-19,40,2,multiclass_probability_sum,1.0,0.09166666666666666,1.0
rolling,2021-01-20,40,2,multiclass_probability_sum,1.0,0.09166666666666666,1.0
rolling,2021-01-21,40,2,multiclass_probability_sum,1.0,0.09243697478991597,0.9908256880733946
rolling,2021-01-22,40,2,multiclass_probability_sum,1.0,0.09243697478991597,0.9908256880733946
rolling,2021-01-25,40,2,multiclass_probability_sum,1.0,0.09243697478991597,0.9908256880733946
rolling,2021-01-26,40,2,multiclass_probability_sum,1.0,0.09243697478991597,0.9908256880733946
rolling,2021-01-27,40,2,multiclass_probability_sum,1.0,0.09243697478991597,0.9908256880733946
rolling,2021-01-28,40,2,multiclass_probability_sum,1.0,0.09243697478991597,0.9908256880733946
rolling,2019-04-10,40,2,candidate_risk_off,1.0,0.4,1.0
rolling,2019-04-11,40,2,candidate_risk_off,1.0,0.4146341463414634,1.0
rolling,2019-04-12,40,2,candidate_risk_off,1.0,0.42857142857142855,1.0
rolling,2019-04-16,40,2,candidate_risk_off,1.0,0.4186046511627907,1.0
rolling,2019-04-17,40,2,candidate_risk_off,1.0,0.4318181818181818,1.0
rolling,2019-04-18,40,2,candidate_risk_off,1.0,0.4222222222222222,1.0
rolling,2019-04-19,40,2,candidate_risk_off,1.0,0.41304347826086957,1.0
rolling,2019-04-22,40,2,candidate_risk_off,1.0,0.40425531914893614,1.0
rolling,2019-04-23,40,2,candidate_risk_off,1.0,0.3958333333333333,1.0
rolling,2019-04-24,40,2,candidate_risk_off,1.0,0.3877551020408163,1.0
rolling,2019-04-25,40,2,candidate_risk_off,1.0,0.38,1.0
rolling,2019-04-26,40,2,candidate_risk_off,1.0,0.37254901960784315,1.0
rolling,2019-05-02,40,2,candidate_risk_off,1.0,0.38461538461538464,1.0
rolling,2019-05-03,40,2,candidate_risk_off,1.0,0.39622641509433965,1.0
rolling,2019-05-06,40,2,candidate_risk_off,1.0,0.3888888888888889,1.0
rolling,2019-05-07,40,2,candidate_risk_off,1.0,0.38181818181818183,1.0
rolling,2019-05-08,40,2,candidate_risk_off,1.0,0.375,1.0
rolling,2019-05-09,40,2,candidate_risk_off,1.0,0.3684210526315789,1.0
rolling,2019-05-10,40,2,candidate_risk_off,1.0,0.3620689655172414,1.0
rolling,2019-05-13,40,2,candidate_risk_off,1.0,0.3559322033898305,1.0
rolling,2019-05-14,40,2,candidate_risk_off,1.0,0.35,1.0
rolling,2019-05-15,40,2,candidate_risk_off,1.0,0.3442622950819672,1.0
rolling,2019-05-16,40,2,candidate_risk_off,1.0,0.3387096774193548,1.0
rolling,2019-05-17,40,2,candidate_risk_off,1.0,0.3333333333333333,1.0
rolling,2019-05-20,40,2,candidate_risk_off,1.0,0.328125,1.0
rolling,2019-05-21,40,2,candidate_risk_off,1.0,0.3230769230769231,1.0
rolling,2019-05-22,40,2,candidate_risk_off,1.0,0.3181818181818182,1.0
rolling,2019-05-23,40,2,candidate_risk_off,1.0,0.31343283582089554,1.0
rolling,2019-05-24,40,2,candidate_risk_off,1.0,0.3088235294117647,1.0
rolling,2019-05-27,40,2,candidate_risk_off,1.0,0.30434782608695654,1.0
rolling,2019-05-28,40,2,candidate_risk_off,1.0,0.3,1.0
rolling,2019-05-29,40,2,candidate_risk_off,1.0,0.29577464788732394,1.0
rolling,2019-05-30,40,2,candidate_risk_off,1.0,0.2916666666666667,1.0
rolling,2019-05-31,40,2,candidate_risk_off,1.0,0.2876712328767123,1.0
rolling,2019-06-03,40,2,candidate_risk_off,1.0,0.28378378378378377,1.0
rolling,2019-06-04,40,2,candidate_risk_off,1.0,0.28,1.0
rolling,2019-06-05,40,2,candidate_risk_off,1.0,0.27631578947368424,1.0
rolling,2019-06-06,40,2,candidate_risk_off,1.0,0.2727272727272727,1.0
rolling,2019-06-07,40,2,candidate_risk_off,1.0,0.2692307692307692,1.0
rolling,2019-06-10,40,2,candidate_risk_off,1.0,0.26582278481012656,1.0
rolling,2019-06-11,40,2,candidate_risk_off,1.0,0.2625,1.0
rolling,2019-06-12,40,2,candidate_risk_off,1.0,0.25925925925925924,1.0
rolling,2019-06-13,40,2,candidate_risk_off,1.0,0.25609756097560976,1.0
rolling,2019-06-14,40,2,candidate_risk_off,1.0,0.25301204819277107,1.0
rolling,2019-06-17,40,2,candidate_risk_off,1.0,0.25,1.0
rolling,2019-06-18,40,2,candidate_risk_off,1.0,0.24705882352941178,1.0
rolling,2019-06-19,40,2,candidate_risk_off,1.0,0.2441860465116279,1.0
rolling,2019-06-20,40,2,candidate_risk_off,1.0,0.2413793103448276,1.0
rolling,2019-06-21,40,2,candidate_risk_off,1.0,0.23863636363636365,1.0
rolling,2019-06-24,40,2,candidate_risk_off,1.0,0.23595505617977527,1.0
rolling,2019-06-25,40,2,candidate_risk_off,1.0,0.23333333333333334,1.0
rolling,2019-06-26,40,2,candidate_risk_off,1.0,0.23076923076923078,1.0
rolling,2019-06-27,40,2,candidate_risk_off,1.0,0.22826086956521738,1.0
rolling,2019-06-28,40,2,candidate_risk_off,1.0,0.22580645161290322,1.0
rolling,2019-07-01,40,2,candidate_risk_off,1.0,0.22340425531914893,1.0
rolling,2019-07-02,40,2,candidate_risk_off,1.0,0.22105263157894736,1.0
rolling,2019-07-03,40,2,candidate_risk_off,1.0,0.21875,1.0
rolling,2019-07-04,40,2,candidate_risk_off,1.0,0.21649484536082475,1.0
rolling,2019-07-05,40,2,candidate_risk_off,1.0,0.21428571428571427,1.0
rolling,2019-07-08,40,2,candidate_risk_off,1.0,0.21212121212121213,1.0
rolling,2019-07-09,40,2,candidate_risk_off,1.0,0.21,1.0
rolling,2019-07-10,40,2,candidate_risk_off,1.0,0.2079207920792079,1.0
rolling,2019-07-11,40,2,candidate_risk_off,1.0,0.20588235294117646,1.0
rolling,2019-07-12,40,2,candidate_risk_off,1.0,0.20388349514563106,1.0
rolling,2019-07-15,40,2,candidate_risk_off,1.0,0.20192307692307693,1.0
rolling,2019-07-16,40,2,candidate_risk_off,1.0,0.2,1.0
rolling,2019-07-17,40,2,candidate_risk_off,1.0,0.19811320754716982,1.0
rolling,2019-07-18,40,2,candidate_risk_off,1.0,0.19626168224299065,1.0
rolling,2019-07-19,40,2,candidate_risk_off,1.0,0.19444444444444445,1.0
rolling,2019-07-22,40,2,candidate_risk_off,1.0,0.1926605504587156,1.0
rolling,2019-07-23,40,2,candidate_risk_off,1.0,0.19090909090909092,1.0
rolling,2019-07-24,40,2,candidate_risk_off,1.0,0.1891891891891892,1.0
rolling,2019-07-25,40,2,candidate_risk_off,1.0,0.1875,1.0
rolling,2019-07-26,40,2,candidate_risk_off,1.0,0.18584070796460178,1.0
rolling,2019-07-29,40,2,candidate_risk_off,1.0,0.18421052631578946,1.0
rolling,2019-07-30,40,2,candidate_risk_off,1.0,0.1826086956521739,1.0
rolling,2019-07-31,40,2,candidate_risk_off,1.0,0.1810344827586207,1.0
rolling,2019-08-01,40,2,candidate_risk_off,1.0,0.1794871794871795,1.0
rolling,2019-08-02,40,2,candidate_risk_off,1.0,0.17796610169491525,1.0
rolling,2019-08-05,40,2,candidate_risk_off,1.0,0.17647058823529413,1.0
rolling,2019-08-06,40,2,candidate_risk_off,1.0,0.175,1.0
rolling,2019-08-07,40,2,candidate_risk_off,1.0,0.175,1.0
rolling,2019-08-08,40,2,candidate_risk_off,1.0,0.175,1.0
rolling,2019-08-09,40,2,candidate_risk_off,1.0,0.175,1.0
rolling,2019-08-12,40,2,candidate_risk_off,1.0,0.175,1.0
rolling,2019-08-13,40,2,candidate_risk_off,1.0,0.175,1.0
rolling,2019-08-14,40,2,candidate_risk_off,1.0,0.175,1.0
rolling,2019-08-15,40,2,candidate_risk_off,1.0,0.175,1.0
rolling,2019-08-16,40,2,candidate_risk_off,1.0,0.16666666666666666,1.0
rolling,2019-08-19,40,2,candidate_risk_off,1.0,0.16666666666666666,1.0
rolling,2019-08-20,40,2,candidate_risk_off,1.0,0.16666666666666666,1.0
rolling,2019-08-21,40,2,candidate_risk_off,1.0,0.16666666666666666,1.0
rolling,2019-08-22,40,2,candidate_risk_off,1.0,0.16666666666666666,1.0
rolling,2019-08-23,40,2,candidate_risk_off,1.0,0.16666666666666666,1.0
rolling,2019-08-26,40,2,candidate_risk_off,1.0,0.15833333333333333,1.0
rolling,2019-08-27,40,2,candidate_risk_off,1.0,0.15,1.0
rolling,2019-08-28,40,2,candidate_risk_off,1.0,0.14166666666666666,1.0
rolling,2019-08-29,40,2,candidate_risk_off,1.0,0.13333333333333333,1.0
rolling,2019-08-30,40,2,candidate_risk_off,1.0,0.125,1.0
rolling,2019-09-03,40,2,candidate_risk_off,1.0,0.11666666666666667,1.0
rolling,2019-09-04,40,2,candidate_risk_off,1.0,0.10833333333333334,1.0
rolling,2019-09-05,40,2,candidate_risk_off,1.0,0.1,1.0
rolling,2019-09-06,40,2,candidate_risk_off,1.0,0.09166666666666666,1.0
rolling,2019-09-09,40,2,candidate_risk_off,1.0,0.08333333333333333,1.0
rolling,2019-09-10,40,2,candidate_risk_off,1.0,0.08333333333333333,1.0
rolling,2019-09-11,40,2,candidate_risk_off,1.0,0.08333333333333333,1.0
rolling,2019-09-12,40,2,candidate_risk_off,1.0,0.08333333333333333,1.0
rolling,2019-09-13,40,2,candidate_risk_off,1.0,0.08333333333333333,1.0
rolling,2019-09-16,40,2,candidate_risk_off,1.0,0.08333333333333333,1.0
rolling,2019-09-17,40,2,candidate_risk_off,1.0,0.08333333333333333,1.0
rolling,2019-09-18,40,2,candidate_risk_off,1.0,0.08333333333333333,1.0
rolling,2019-09-19,40,2,candidate_risk_off,1.0,0.08333333333333333,1.0
rolling,2019-09-20,40,2,candidate_risk_off,1.0,0.08333333333333333,1.0
rolling,2019-09-23,40,2,candidate_risk_off,1.0,0.08333333333333333,1.0
rolling,2019-09-24,40,2,candidate_risk_off,1.0,0.075,1.0
rolling,2019-09-25,40,2,candidate_risk_off,1.0,0.06666666666666667,1.0
rolling,2019-09-26,40,2,candidate_risk_off,1.0,0.058333333333333334,1.0
rolling,2019-09-27,40,2,candidate_risk_off,1.0,0.058333333333333334,1.0
rolling,2019-09-30,40,2,candidate_risk_off,1.0,0.058333333333333334,1.0
rolling,2019-10-01,40,2,candidate_risk_off,0.875,0.058823529411764705,1.0
rolling,2019-10-02,40,2,candidate_risk_off,0.875,0.058823529411764705,1.0
rolling,2019-10-03,40,2,candidate_risk_off,0.875,0.058823529411764705,1.0
rolling,2019-10-04,40,2,candidate_risk_off,0.8571428571428571,0.05042016806722689,1.0
rolling,2019-10-07,40,2,candidate_risk_off,0.875,0.058823529411764705,1.0
rolling,2019-10-08,40,2,candidate_risk_off,0.875,0.058823529411764705,1.0
rolling,2019-10-09,40,2,candidate_risk_off,0.8888888888888888,0.06722689075630252,1.0
rolling,2019-10-10,40,2,candidate_risk_off,0.9,0.07563025210084033,1.0
rolling,2019-10-11,40,2,candidate_risk_off,0.9090909090909091,0.08403361344537816,1.0
rolling,2019-10-14,40,2,candidate_risk_off,0.9166666666666666,0.09243697478991597,1.0
rolling,2019-10-15,40,2,candidate_risk_off,0.9230769230769231,0.10084033613445378,1.0
rolling,2019-10-16,40,2,candidate_risk_off,0.9285714285714286,0.1092436974789916,1.0
rolling,2019-10-17,40,2,candidate_risk_off,0.9333333333333333,0.11764705882352941,1.0
rolling,2019-10-18,40,2,candidate_risk_off,0.9333333333333333,0.11764705882352941,1.0
rolling,2019-10-21,40,2,candidate_risk_off,0.9333333333333333,0.11764705882352941,1.0
rolling,2019-10-22,40,2,candidate_risk_off,0.9375,0.12605042016806722,1.0
rolling,2019-10-23,40,2,candidate_risk_off,0.9411764705882353,0.13445378151260504,1.0
rolling,2019-10-24,40,2,candidate_risk_off,0.8888888888888888,0.13559322033898305,1.0
rolling,2019-10-25,40,2,candidate_risk_off,0.8421052631578947,0.13675213675213677,1.0
rolling,2019-10-28,40,2,candidate_risk_off,0.8,0.13793103448275862,1.0
rolling,2019-10-29,40,2,candidate_risk_off,0.7619047619047619,0.1391304347826087,1.0
rolling,2019-10-30,40,2,candidate_risk_off,0.7272727272727273,0.14035087719298245,1.0
rolling,2019-10-31,40,2,candidate_risk_off,0.6956521739130435,0.1415929203539823,1.0
rolling,2019-11-01,40,2,candidate_risk_off,0.6666666666666666,0.14285714285714285,1.0
rolling,2019-11-04,40,2,candidate_risk_off,0.64,0.14414414414414414,1.0
rolling,2019-11-05,40,2,candidate_risk_off,0.6153846153846154,0.14545454545454545,1.0
rolling,2019-11-06,40,2,candidate_risk_off,0.5925925925925926,0.14678899082568808,1.0
rolling,2019-11-07,40,2,candidate_risk_off,0.6071428571428571,0.1559633027522936,1.0
rolling,2019-11-08,40,2,candidate_risk_off,0.6206896551724138,0.1651376146788991,1.0
rolling,2019-11-11,40,2,candidate_risk_off,0.6333333333333333,0.1743119266055046,1.0
rolling,2019-11-12,40,2,candidate_risk_off,0.6451612903225806,0.1834862385321101,1.0
rolling,2019-11-13,40,2,candidate_risk_off,0.65625,0.1926605504587156,1.0
rolling,2019-11-14,40,2,candidate_risk_off,0.6666666666666666,0.2018348623853211,1.0
rolling,2019-11-15,40,2,candidate_risk_off,0.6764705882352942,0.21100917431192662,1.0
rolling,2019-11-18,40,2,candidate_risk_off,0.6857142857142857,0.22018348623853212,1.0
rolling,2019-11-19,40,2,candidate_risk_off,0.6944444444444444,0.22935779816513763,1.0
rolling,2019-11-20,40,2,candidate_risk_off,0.7027027027027027,0.23853211009174313,1.0
rolling,2019-11-21,40,2,candidate_risk_off,0.7027027027027027,0.23853211009174313,1.0
rolling,2019-11-22,40,2,candidate_risk_off,0.7027027027027027,0.23853211009174313,1.0
rolling,2019-11-25,40,2,candidate_risk_off,0.7027027027027027,0.23853211009174313,1.0
rolling,2019-11-26,40,2,candidate_risk_off,0.7027027027027027,0.23853211009174313,1.0
rolling,2019-11-27,40,2,candidate_risk_off,0.7105263157894737,0.24770642201834864,1.0
rolling,2019-11-28,40,2,candidate_risk_off,0.717948717948718,0.25688073394495414,1.0
rolling,2019-11-29,40,2,candidate_risk_off,0.7,0.25925925925925924,1.0
rolling,2019-12-02,40,2,candidate_risk_off,0.7073170731707317,0.26851851851851855,1.0
rolling,2019-12-03,40,2,candidate_risk_off,0.7142857142857143,0.2777777777777778,1.0
rolling,2019-12-04,40,2,candidate_risk_off,0.7209302325581395,0.28703703703703703,1.0
rolling,2019-12-05,40,2,candidate_risk_off,0.7272727272727273,0.2962962962962963,1.0
rolling,2019-12-06,40,2,candidate_risk_off,0.7333333333333333,0.3055555555555556,1.0
rolling,2019-12-09,40,2,candidate_risk_off,0.7391304347826086,0.3148148148148148,1.0
rolling,2019-12-10,40,2,candidate_risk_off,0.7446808510638298,0.32407407407407407,1.0
rolling,2019-12-11,40,2,candidate_risk_off,0.75,0.3333333333333333,1.0
rolling,2019-12-12,40,2,candidate_risk_off,0.7551020408163265,0.3425925925925926,1.0
rolling,2019-12-13,40,2,candidate_risk_off,0.76,0.35185185185185186,1.0
rolling,2019-12-16,40,2,candidate_risk_off,0.7647058823529411,0.3611111111111111,1.0
rolling,2019-12-17,40,2,candidate_risk_off,0.7692307692307693,0.37037037037037035,1.0
rolling,2019-12-18,40,2,candidate_risk_off,0.7692307692307693,0.37037037037037035,1.0
rolling,2019-12-19,40,2,candidate_risk_off,0.7735849056603774,0.37962962962962965,1.0
rolling,2019-12-20,40,2,candidate_risk_off,0.7777777777777778,0.3888888888888889,1.0
rolling,2019-12-23,40,2,candidate_risk_off,0.7818181818181819,0.39814814814814814,1.0
rolling,2019-12-24,40,2,candidate_risk_off,0.7857142857142857,0.4074074074074074,1.0
rolling,2019-12-25,40,2,candidate_risk_off,0.7894736842105263,0.4166666666666667,1.0
rolling,2019-12-26,40,2,candidate_risk_off,0.7931034482758621,0.42592592592592593,1.0
rolling,2019-12-27,40,2,candidate_risk_off,0.7966101694915254,0.4351851851851852,1.0
rolling,2019-12-30,40,2,candidate_risk_off,0.8,0.4444444444444444,1.0
rolling,2019-12-31,40,2,candidate_risk_off,0.8032786885245902,0.4537037037037037,1.0
rolling,2020-01-02,40,2,candidate_risk_off,0.7903225806451613,0.45794392523364486,1.0
rolling,2020-01-03,40,2,candidate_risk_off,0.7936507936507936,0.4672897196261682,1.0
rolling,2020-01-06,40,2,candidate_risk_off,0.796875,0.4766355140186916,1.0
rolling,2020-01-07,40,2,candidate_risk_off,0.8,0.48598130841121495,1.0
rolling,2020-01-08,40,2,candidate_risk_off,0.803030303030303,0.4953271028037383,1.0
rolling,2020-01-09,40,2,candidate_risk_off,0.8059701492537313,0.5046728971962616,1.0
rolling,2020-01-10,40,2,candidate_risk_off,0.8088235294117647,0.514018691588785,1.0
rolling,2020-01-13,40,2,candidate_risk_off,0.8115942028985508,0.5233644859813084,1.0
rolling,2020-01-14,40,2,candidate_risk_off,0.8142857142857143,0.5327102803738317,1.0
rolling,2020-01-15,40,2,candidate_risk_off,0.8169014084507042,0.5420560747663551,1.0
rolling,2020-01-16,40,2,candidate_risk_off,0.8194444444444444,0.5514018691588785,1.0
rolling,2020-01-17,40,2,candidate_risk_off,0.8082191780821918,0.5566037735849056,1.0
rolling,2020-01-20,40,2,candidate_risk_off,0.7972972972972973,0.5619047619047619,1.0
rolling,2020-01-21,40,2,candidate_risk_off,0.8,0.5714285714285714,1.0
rolling,2020-01-22,40,2,candidate_risk_off,0.7894736842105263,0.5769230769230769,1.0
rolling,2020-01-30,40,2,candidate_risk_off,0.7922077922077922,0.5865384615384616,1.0
rolling,2020-01-31,40,2,candidate_risk_off,0.7948717948717948,0.5961538461538461,1.0
rolling,2020-02-03,40,2,candidate_risk_off,0.7974683544303798,0.6057692307692307,1.0
rolling,2020-02-04,40,2,candidate_risk_off,0.8,0.6153846153846154,1.0
rolling,2020-02-05,40,2,candidate_risk_off,0.8024691358024691,0.625,1.0
rolling,2020-02-06,40,2,candidate_risk_off,0.8048780487804879,0.6346153846153846,1.0
rolling,2020-02-07,40,2,candidate_risk_off,0.8072289156626506,0.6442307692307693,1.0
rolling,2020-02-10,40,2,candidate_risk_off,0.8095238095238095,0.6538461538461539,1.0
rolling,2020-02-11,40,2,candidate_risk_off,0.8117647058823529,0.6634615384615384,1.0
rolling,2020-02-12,40,2,candidate_risk_off,0.813953488372093,0.6730769230769231,1.0
rolling,2020-02-13,40,2,candidate_risk_off,0.8160919540229885,0.6826923076923077,1.0
rolling,2020-02-14,40,2,candidate_risk_off,0.8181818181818182,0.6923076923076923,1.0
rolling,2020-02-17,40,2,candidate_risk_off,0.8202247191011236,0.7019230769230769,1.0
rolling,2020-02-18,40,2,candidate_risk_off,0.8222222222222222,0.7115384615384616,1.0
rolling,2020-02-19,40,2,candidate_risk_off,0.8241758241758241,0.7211538461538461,1.0
rolling,2020-02-20,40,2,candidate_risk_off,0.8260869565217391,0.7307692307692307,1.0
rolling,2020-02-21,40,2,candidate_risk_off,0.8279569892473119,0.7403846153846154,1.0
rolling,2020-02-24,40,2,candidate_risk_off,0.8297872340425532,0.75,1.0
rolling,2020-02-25,40,2,candidate_risk_off,0.8315789473684211,0.7596153846153846,1.0
rolling,2020-02-26,40,2,candidate_risk_off,0.8333333333333334,0.7692307692307693,1.0
rolling,2020-02-27,40,2,candidate_risk_off,0.8350515463917526,0.7788461538461539,1.0
rolling,2020-02-28,40,2,candidate_risk_off,0.826530612244898,0.7864077669902912,1.0
rolling,2020-03-02,40,2,candidate_risk_off,0.8282828282828283,0.7961165048543689,1.0
rolling,2020-03-03,40,2,candidate_risk_off,0.83,0.8058252427184466,1.0
rolling,2020-03-04,40,2,candidate_risk_off,0.8316831683168316,0.8155339805825242,1.0
rolling,2020-03-05,40,2,candidate_risk_off,0.8333333333333334,0.8252427184466019,1.0
rolling,2020-03-06,40,2,candidate_risk_off,0.8349514563106796,0.8349514563106796,1.0
rolling,2020-03-09,40,2,candidate_risk_off,0.8365384615384616,0.8446601941747572,1.0
rolling,2020-03-10,40,2,candidate_risk_off,0.8380952380952381,0.8543689320388349,1.0
rolling,2020-03-11,40,2,candidate_risk_off,0.8301886792452831,0.8627450980392157,1.0
rolling,2020-03-12,40,2,candidate_risk_off,0.8301886792452831,0.8627450980392157,1.0
rolling,2020-03-13,40,2,candidate_risk_off,0.8301886792452831,0.8627450980392157,1.0
rolling,2020-03-16,40,2,candidate_risk_off,0.8301886792452831,0.8627450980392157,1.0
rolling,2020-03-17,40,2,candidate_risk_off,0.8301886792452831,0.8627450980392157,1.0
rolling,2020-03-18,40,2,candidate_risk_off,0.8301886792452831,0.8627450980392157,1.0
rolling,2020-03-19,40,2,candidate_risk_off,0.8301886792452831,0.8627450980392157,1.0
rolling,2020-03-20,40,2,candidate_risk_off,0.8301886792452831,0.8627450980392157,1.0
rolling,2020-03-23,40,2,candidate_risk_off,0.8285714285714286,0.8529411764705882,1.0
rolling,2020-03-24,40,2,candidate_risk_off,0.8269230769230769,0.8431372549019608,1.0
rolling,2020-03-25,40,2,candidate_risk_off,0.8349514563106796,0.8349514563106796,1.0
rolling,2020-03-26,40,2,candidate_risk_off,0.8349514563106796,0.8349514563106796,1.0
rolling,2020-03-27,40,2,candidate_risk_off,0.8333333333333334,0.8252427184466019,1.0
rolling,2020-03-30,40,2,candidate_risk_off,0.8333333333333334,0.8252427184466019,1.0
rolling,2020-03-31,40,2,candidate_risk_off,0.8316831683168316,0.8155339805825242,1.0
rolling,2020-04-01,40,2,candidate_risk_off,0.83,0.8137254901960784,0.95
rolling,2020-04-03,40,2,candidate_risk_off,0.8282828282828283,0.803921568627451,0.9523809523809523
rolling,2020-04-06,40,2,candidate_risk_off,0.826530612244898,0.7941176470588235,0.9545454545454546
rolling,2020-04-07,40,2,candidate_risk_off,0.8247422680412371,0.7843137254901961,0.9565217391304348
rolling,2020-04-08,40,2,candidate_risk_off,0.8229166666666666,0.7745098039215687,0.9583333333333334
rolling,2020-04-09,40,2,candidate_risk_off,0.8210526315789474,0.7647058823529411,0.96
rolling,2020-04-10,40,2,candidate_risk_off,0.8191489361702128,0.7549019607843137,0.9615384615384616
rolling,2020-04-13,40,2,candidate_risk_off,0.8172043010752689,0.7450980392156863,0.9629629629629629
rolling,2020-04-14,40,2,candidate_risk_off,0.8152173913043478,0.7352941176470589,0.9642857142857143
rolling,2020-04-15,40,2,candidate_risk_off,0.8131868131868132,0.7326732673267327,0.9310344827586207
rolling,2020-04-16,40,2,candidate_risk_off,0.8111111111111111,0.7227722772277227,0.9333333333333333
rolling,2020-04-17,40,2,candidate_risk_off,0.8089887640449438,0.72,0.9032258064516129
rolling,2020-04-20,40,2,candidate_risk_off,0.8181818181818182,0.72,0.875
rolling,2020-04-21,40,2,candidate_risk_off,0.8275862068965517,0.72,0.8484848484848485
rolling,2020-04-22,40,2,candidate_risk_off,0.8372093023255814,0.72,0.8235294117647058
rolling,2020-04-23,40,2,candidate_risk_off,0.8470588235294118,0.72,0.8
rolling,2020-04-24,40,2,candidate_risk_off,0.8571428571428571,0.72,0.7777777777777778
rolling,2020-04-27,40,2,candidate_risk_off,0.8674698795180723,0.72,0.7567567567567568
rolling,2020-04-28,40,2,candidate_risk_off,0.8780487804878049,0.72,0.7368421052631579
rolling,2020-04-29,40,2,candidate_risk_off,0.8888888888888888,0.72,0.717948717948718
rolling,2020-05-04,40,2,candidate_risk_off,0.9,0.72,0.7
rolling,2020-05-05,40,2,candidate_risk_off,0.9113924050632911,0.72,0.6829268292682927
rolling,2020-05-06,40,2,candidate_risk_off,0.9102564102564102,0.7171717171717171,0.6666666666666666
rolling,2020-05-07,40,2,candidate_risk_off,0.9090909090909091,0.7142857142857143,0.6511627906976745
rolling,2020-05-08,40,2,candidate_risk_off,0.9078947368421053,0.711340206185567,0.6363636363636364
rolling,2020-05-11,40,2,candidate_risk_off,0.9066666666666666,0.7083333333333334,0.6222222222222222
rolling,2020-05-12,40,2,candidate_risk_off,0.9054054054054054,0.7052631578947368,0.6086956521739131
rolling,2020-05-13,40,2,candidate_risk_off,0.9041095890410958,0.7021276595744681,0.5957446808510638
rolling,2020-05-14,40,2,candidate_risk_off,0.9027777777777778,0.6989247311827957,0.5833333333333334
rolling,2020-05-15,40,2,candidate_risk_off,0.9014084507042254,0.6956521739130435,0.5714285714285714
rolling,2020-05-18,40,2,candidate_risk_off,0.9,0.6923076923076923,0.56
rolling,2020-05-19,40,2,candidate_risk_off,0.8985507246376812,0.6888888888888889,0.5490196078431373
rolling,2020-05-20,40,2,candidate_risk_off,0.8985507246376812,0.6888888888888889,0.5490196078431373
rolling,2020-05-21,40,2,candidate_risk_off,0.8985507246376812,0.6966292134831461,0.5294117647058824
rolling,2020-05-22,40,2,candidate_risk_off,0.8985507246376812,0.7045454545454546,0.5098039215686274
rolling,2020-05-25,40,2,candidate_risk_off,0.8985507246376812,0.7045454545454546,0.5098039215686274
rolling,2020-05-26,40,2,candidate_risk_off,0.8970588235294118,0.6931818181818182,0.5192307692307693
rolling,2020-05-27,40,2,candidate_risk_off,0.8955223880597015,0.6818181818181818,0.5283018867924528
rolling,2020-05-28,40,2,candidate_risk_off,0.9090909090909091,0.6741573033707865,0.5370370370370371
rolling,2020-05-29,40,2,candidate_risk_off,0.9076923076923077,0.6629213483146067,0.5454545454545454
rolling,2020-06-01,40,2,candidate_risk_off,0.9076923076923077,0.6629213483146067,0.5454545454545454
rolling,2020-06-02,40,2,candidate_risk_off,0.9076923076923077,0.6629213483146067,0.5454545454545454
rolling,2020-06-03,40,2,candidate_risk_off,0.9076923076923077,0.6629213483146067,0.5454545454545454
rolling,2020-06-04,40,2,candidate_risk_off,0.9076923076923077,0.6629213483146067,0.5454545454545454
rolling,2020-06-05,40,2,candidate_risk_off,0.9076923076923077,0.6629213483146067,0.5454545454545454
rolling,2020-06-08,40,2,candidate_risk_off,0.9076923076923077,0.6629213483146067,0.5454545454545454
rolling,2020-06-09,40,2,candidate_risk_off,0.9076923076923077,0.6629213483146067,0.5454545454545454
rolling,2020-06-10,40,2,candidate_risk_off,0.9076923076923077,0.6629213483146067,0.5454545454545454
rolling,2020-06-11,40,2,candidate_risk_off,0.90625,0.651685393258427,0.5535714285714286
rolling,2020-06-12,40,2,candidate_risk_off,0.9047619047619048,0.6404494382022472,0.5614035087719298
rolling,2020-06-15,40,2,candidate_risk_off,0.9032258064516129,0.6292134831460674,0.5689655172413793
rolling,2020-06-16,40,2,candidate_risk_off,0.9032258064516129,0.6292134831460674,0.5689655172413793
rolling,2020-06-17,40,2,candidate_risk_off,0.9016393442622951,0.6179775280898876,0.576271186440678
rolling,2020-06-18,40,2,candidate_risk_off,0.9,0.6067415730337079,0.5833333333333334
rolling,2020-06-19,40,2,candidate_risk_off,0.8983050847457628,0.5955056179775281,0.5901639344262295
rolling,2020-06-22,40,2,candidate_risk_off,0.896551724137931,0.5842696629213483,0.5967741935483871
rolling,2020-06-23,40,2,candidate_risk_off,0.8947368421052632,0.5795454545454546,0.5873015873015873
rolling,2020-06-24,40,2,candidate_risk_off,0.8928571428571429,0.5681818181818182,0.59375
rolling,2020-06-25,40,2,candidate_risk_off,0.8909090909090909,0.5568181818181818,0.6
rolling,2020-06-26,40,2,candidate_risk_off,0.8888888888888888,0.5454545454545454,0.6060606060606061
rolling,2020-06-29,40,2,candidate_risk_off,0.8867924528301887,0.5340909090909091,0.6119402985074627
rolling,2020-06-30,40,2,candidate_risk_off,0.9038461538461539,0.5280898876404494,0.6176470588235294
rolling,2020-07-01,40,2,candidate_risk_off,0.9019607843137255,0.5168539325842697,0.6231884057971014
rolling,2020-07-02,40,2,candidate_risk_off,0.9,0.5056179775280899,0.6285714285714286
rolling,2020-07-03,40,2,candidate_risk_off,0.8979591836734694,0.4943820224719101,0.6338028169014085
rolling,2020-07-06,40,2,candidate_risk_off,0.8958333333333334,0.48314606741573035,0.6388888888888888
rolling,2020-07-07,40,2,candidate_risk_off,0.8936170212765957,0.47191011235955055,0.6438356164383562
rolling,2020-07-08,40,2,candidate_risk_off,0.8913043478260869,0.4606741573033708,0.6486486486486487
rolling,2020-07-09,40,2,candidate_risk_off,0.8888888888888888,0.449438202247191,0.6533333333333333
rolling,2020-07-10,40,2,candidate_risk_off,0.8863636363636364,0.43820224719101125,0.6578947368421053
rolling,2020-07-13,40,2,candidate_risk_off,0.8837209302325582,0.42696629213483145,0.6623376623376623
rolling,2020-07-14,40,2,candidate_risk_off,0.8809523809523809,0.4157303370786517,0.6666666666666666
rolling,2020-07-15,40,2,candidate_risk_off,0.9024390243902439,0.4111111111111111,0.6708860759493671
rolling,2020-07-16,40,2,candidate_risk_off,0.925,0.4065934065934066,0.675
rolling,2020-07-17,40,2,candidate_risk_off,0.9230769230769231,0.3956043956043956,0.6790123456790124
rolling,2020-07-20,40,2,candidate_risk_off,0.9473684210526315,0.391304347826087,0.6829268292682927
rolling,2020-07-21,40,2,candidate_risk_off,0.9459459459459459,0.3804347826086957,0.6867469879518072
rolling,2020-07-22,40,2,candidate_risk_off,0.9444444444444444,0.3695652173913043,0.6904761904761905
rolling,2020-07-23,40,2,candidate_risk_off,0.9428571428571428,0.358695652173913,0.6941176470588235
rolling,2020-07-24,40,2,candidate_risk_off,0.9411764705882353,0.34782608695652173,0.6976744186046512
rolling,2020-07-27,40,2,candidate_risk_off,0.9393939393939394,0.33695652173913043,0.7011494252873564
rolling,2020-07-28,40,2,candidate_risk_off,0.9375,0.32608695652173914,0.7045454545454546
rolling,2020-07-29,40,2,candidate_risk_off,0.9354838709677419,0.31521739130434784,0.7078651685393258
rolling,2020-07-30,40,2,candidate_risk_off,0.9333333333333333,0.30434782608695654,0.7111111111111111
rolling,2020-07-31,40,2,candidate_risk_off,0.9310344827586207,0.29347826086956524,0.7142857142857143
rolling,2020-08-03,40,2,candidate_risk_off,0.9285714285714286,0.2826086956521739,0.717391304347826
rolling,2020-08-04,40,2,candidate_risk_off,0.9259259259259259,0.2717391304347826,0.7204301075268817
rolling,2020-08-05,40,2,candidate_risk_off,0.9230769230769231,0.2608695652173913,0.723404255319149
rolling,2020-08-06,40,2,candidate_risk_off,0.92,0.25,0.7263157894736842
rolling,2020-08-07,40,2,candidate_risk_off,0.9166666666666666,0.2391304347826087,0.7291666666666666
rolling,2020-08-10,40,2,candidate_risk_off,0.9130434782608695,0.22826086956521738,0.7319587628865979
rolling,2020-08-11,40,2,candidate_risk_off,0.9090909090909091,0.21739130434782608,0.7346938775510204
rolling,2020-08-12,40,2,candidate_risk_off,0.9047619047619048,0.20652173913043478,0.7373737373737373
rolling,2020-08-13,40,2,candidate_risk_off,0.9,0.1956521739130435,0.74
rolling,2020-08-14,40,2,candidate_risk_off,0.8947368421052632,0.18478260869565216,0.7425742574257426
rolling,2020-08-17,40,2,candidate_risk_off,0.8888888888888888,0.17391304347826086,0.7450980392156863
rolling,2020-08-18,40,2,candidate_risk_off,0.8823529411764706,0.16304347826086957,0.7475728155339806
rolling,2020-08-19,40,2,candidate_risk_off,0.9375,0.16129032258064516,0.75
rolling,2020-08-20,40,2,candidate_risk_off,0.9333333333333333,0.15053763440860216,0.7523809523809524
rolling,2020-08-21,40,2,candidate_risk_off,0.9285714285714286,0.13978494623655913,0.7547169811320755
rolling,2020-08-24,40,2,candidate_risk_off,0.9230769230769231,0.12903225806451613,0.7570093457943925
rolling,2020-08-25,40,2,candidate_risk_off,0.9166666666666666,0.11827956989247312,0.7592592592592593
rolling,2020-08-26,40,2,candidate_risk_off,0.9090909090909091,0.10752688172043011,0.7614678899082569
rolling,2020-08-27,40,2,candidate_risk_off,0.9,0.0967741935483871,0.7636363636363637
rolling,2020-08-28,40,2,candidate_risk_off,0.8888888888888888,0.08602150537634409,0.7657657657657657
rolling,2020-08-31,40,2,candidate_risk_off,1.0,0.0851063829787234,0.7678571428571429
rolling,2020-09-01,40,2,candidate_risk_off,1.0,0.0851063829787234,0.7678571428571429
rolling,2020-09-03,40,2,candidate_risk_off,1.0,0.0851063829787234,0.7678571428571429
rolling,2020-09-04,40,2,candidate_risk_off,1.0,0.0851063829787234,0.7678571428571429
rolling,2020-09-07,40,2,candidate_risk_off,1.0,0.0851063829787234,0.7678571428571429
rolling,2020-09-08,40,2,candidate_risk_off,1.0,0.0851063829787234,0.7678571428571429
rolling,2020-09-09,40,2,candidate_risk_off,1.0,0.0851063829787234,0.7678571428571429
rolling,2020-09-10,40,2,candidate_risk_off,1.0,0.0851063829787234,0.7678571428571429
rolling,2020-09-11,40,2,candidate_risk_off,1.0,0.0851063829787234,0.7678571428571429
rolling,2020-09-14,40,2,candidate_risk_off,1.0,0.0851063829787234,0.7678571428571429
rolling,2020-09-15,40,2,candidate_risk_off,1.0,0.0851063829787234,0.7678571428571429
rolling,2020-09-16,40,2,candidate_risk_off,1.0,0.0851063829787234,0.7678571428571429
rolling,2020-09-17,40,2,candidate_risk_off,1.0,0.0851063829787234,0.7678571428571429
rolling,2020-09-18,40,2,candidate_risk_off,1.0,0.0851063829787234,0.7678571428571429
rolling,2020-09-21,40,2,candidate_risk_off,1.0,0.0851063829787234,0.7678571428571429
rolling,2020-09-22,40,2,candidate_risk_off,1.0,0.08421052631578947,0.7767857142857143
rolling,2020-09-23,40,2,candidate_risk_off,1.0,0.08421052631578947,0.7767857142857143
rolling,2020-09-24,40,2,candidate_risk_off,1.0,0.08421052631578947,0.7767857142857143
rolling,2020-09-25,40,2,candidate_risk_off,1.0,0.08421052631578947,0.7767857142857143
rolling,2020-09-28,40,2,candidate_risk_off,1.0,0.08421052631578947,0.7767857142857143
rolling,2020-09-29,40,2,candidate_risk_off,1.0,0.08421052631578947,0.7767857142857143
rolling,2020-09-30,40,2,candidate_risk_off,1.0,0.08421052631578947,0.7767857142857143
rolling,2020-10-01,40,2,candidate_risk_off,1.0,0.08421052631578947,0.7767857142857143
rolling,2020-10-02,40,2,candidate_risk_off,1.0,0.08421052631578947,0.7767857142857143
rolling,2020-10-05,40,2,candidate_risk_off,1.0,0.08333333333333333,0.7857142857142857
rolling,2020-10-06,40,2,candidate_risk_off,1.0,0.08333333333333333,0.7857142857142857
rolling,2020-10-07,40,2,candidate_risk_off,1.0,0.08247422680412371,0.7946428571428571
rolling,2020-10-08,40,2,candidate_risk_off,1.0,0.08163265306122448,0.8035714285714286
rolling,2020-10-09,40,2,candidate_risk_off,1.0,0.08080808080808081,0.8125
rolling,2020-10-12,40,2,candidate_risk_off,1.0,0.08,0.8214285714285714
rolling,2020-10-13,40,2,candidate_risk_off,1.0,0.07920792079207921,0.8303571428571429
rolling,2020-10-14,40,2,candidate_risk_off,1.0,0.0784313725490196,0.8392857142857143
rolling,2020-10-15,40,2,candidate_risk_off,1.0,0.07766990291262135,0.8482142857142857
rolling,2020-10-16,40,2,candidate_risk_off,1.0,0.07692307692307693,0.8571428571428571
rolling,2020-10-19,40,2,candidate_risk_off,1.0,0.0761904761904762,0.8660714285714286
rolling,2020-10-20,40,2,candidate_risk_off,1.0,0.07547169811320754,0.875
rolling,2020-10-21,40,2,candidate_risk_off,1.0,0.07476635514018691,0.8839285714285714
rolling,2020-10-22,40,2,candidate_risk_off,1.0,0.07407407407407407,0.8928571428571429
rolling,2020-10-23,40,2,candidate_risk_off,1.0,0.07339449541284404,0.9017857142857143
rolling,2020-10-26,40,2,candidate_risk_off,1.0,0.07272727272727272,0.9107142857142857
rolling,2020-10-27,40,2,candidate_risk_off,1.0,0.07207207207207207,0.9196428571428571
rolling,2020-10-28,40,2,candidate_risk_off,1.0,0.07142857142857142,0.9285714285714286
rolling,2020-10-29,40,2,candidate_risk_off,1.0,0.07079646017699115,0.9375
rolling,2020-10-30,40,2,candidate_risk_off,1.0,0.07017543859649122,0.9464285714285714
rolling,2020-11-02,40,2,candidate_risk_off,1.0,0.06956521739130435,0.9553571428571429
rolling,2020-11-03,40,2,candidate_risk_off,1.0,0.06896551724137931,0.9642857142857143
rolling,2020-11-04,40,2,candidate_risk_off,1.0,0.06837606837606838,0.9732142857142857
rolling,2020-11-05,40,2,candidate_risk_off,1.0,0.06837606837606838,0.9732142857142857
rolling,2020-11-06,40,2,candidate_risk_off,1.0,0.06779661016949153,0.9821428571428571
rolling,2020-11-09,40,2,candidate_risk_off,1.0,0.06722689075630252,0.9910714285714286
rolling,2020-11-10,40,2,candidate_risk_off,1.0,0.06722689075630252,0.9910714285714286
rolling,2020-11-11,40,2,candidate_risk_off,1.0,0.06722689075630252,0.9910714285714286
rolling,2020-11-12,40,2,candidate_risk_off,1.0,0.06722689075630252,0.9910714285714286
rolling,2020-11-13,40,2,candidate_risk_off,1.0,0.06722689075630252,0.9910714285714286
rolling,2020-11-16,40,2,candidate_risk_off,1.0,0.06722689075630252,0.9910714285714286
rolling,2020-11-17,40,2,candidate_risk_off,1.0,0.058823529411764705,0.9911504424778761
rolling,2020-11-18,40,2,candidate_risk_off,1.0,0.05042016806722689,0.9912280701754386
rolling,2020-11-19,40,2,candidate_risk_off,1.0,0.04201680672268908,0.991304347826087
rolling,2020-11-20,40,2,candidate_risk_off,1.0,0.03361344537815126,0.9913793103448276
rolling,2020-11-23,40,2,candidate_risk_off,1.0,0.025210084033613446,0.9914529914529915
rolling,2020-11-24,40,2,candidate_risk_off,1.0,0.01680672268907563,0.9915254237288136
rolling,2020-11-25,40,2,candidate_risk_off,1.0,0.008403361344537815,0.9915966386554622
rolling,2020-11-26,40,2,candidate_risk_off,,0.0,0.9916666666666667
rolling,2020-11-27,40,2,candidate_risk_off,,0.0,0.9916666666666667
rolling,2020-11-30,40,2,candidate_risk_off,,0.0,0.9916666666666667
rolling,2020-12-01,40,2,candidate_risk_off,,0.0,0.9916666666666667
rolling,2020-12-02,40,2,candidate_risk_off,,0.0,0.9916666666666667
rolling,2020-12-03,40,2,candidate_risk_off,,0.0,0.9916666666666667
rolling,2020-12-04,40,2,candidate_risk_off,,0.0,0.9916666666666667
rolling,2020-12-07,40,2,candidate_risk_off,,0.0,0.9916666666666667
rolling,2020-12-08,40,2,candidate_risk_off,,0.0,0.9916666666666667
rolling,2020-12-09,40,2,candidate_risk_off,,0.0,1.0
rolling,2020-12-10,40,2,candidate_risk_off,,0.0,1.0
rolling,2020-12-11,40,2,candidate_risk_off,,0.0,1.0
rolling,2020-12-14,40,2,candidate_risk_off,,0.0,1.0
rolling,2020-12-15,40,2,candidate_risk_off,,0.0,1.0
rolling,2020-12-16,40,2,candidate_risk_off,,0.0,1.0
rolling,2020-12-17,40,2,candidate_risk_off,,0.0,1.0
rolling,2020-12-18,40,2,candidate_risk_off,,0.0,1.0
rolling,2020-12-21,40,2,candidate_risk_off,,0.0,1.0
rolling,2020-12-22,40,2,candidate_risk_off,,0.0,1.0
rolling,2020-12-23,40,2,candidate_risk_off,,0.0,1.0
rolling,2020-12-24,40,2,candidate_risk_off,,0.0,1.0
rolling,2020-12-25,40,2,candidate_risk_off,,0.0,1.0
rolling,2020-12-28,40,2,candidate_risk_off,,0.0,1.0
rolling,2020-12-29,40,2,candidate_risk_off,,0.0,1.0
rolling,2020-12-30,40,2,candidate_risk_off,,0.0,1.0
rolling,2020-12-31,40,2,candidate_risk_off,,0.0,1.0
rolling,2021-01-04,40,2,candidate_risk_off,1.0,0.008333333333333333,1.0
rolling,2021-01-05,40,2,candidate_risk_off,1.0,0.016666666666666666,1.0
rolling,2021-01-06,40,2,candidate_risk_off,1.0,0.025,1.0
rolling,2021-01-07,40,2,candidate_risk_off,1.0,0.03333333333333333,1.0
rolling,2021-01-08,40,2,candidate_risk_off,1.0,0.041666666666666664,1.0
rolling,2021-01-11,40,2,candidate_risk_off,1.0,0.05,1.0
rolling,2021-01-12,40,2,candidate_risk_off,1.0,0.058333333333333334,1.0
rolling,2021-01-13,40,2,candidate_risk_off,1.0,0.06666666666666667,1.0
rolling,2021-01-14,40,2,candidate_risk_off,1.0,0.075,1.0
rolling,2021-01-15,40,2,candidate_risk_off,1.0,0.08333333333333333,1.0
rolling,2021-01-18,40,2,candidate_risk_off,1.0,0.09166666666666666,1.0
rolling,2021-01-19,40,2,candidate_risk_off,1.0,0.09166666666666666,1.0
rolling,2021-01-20,40,2,candidate_risk_off,1.0,0.09166666666666666,1.0
rolling,2021-01-21,40,2,candidate_risk_off,1.0,0.09166666666666666,1.0
rolling,2021-01-22,40,2,candidate_risk_off,1.0,0.09166666666666666,1.0
rolling,2021-01-25,40,2,candidate_risk_off,1.0,0.09166666666666666,1.0
rolling,2021-01-26,40,2,candidate_risk_off,1.0,0.09166666666666666,1.0
rolling,2021-01-27,40,2,candidate_risk_off,1.0,0.09166666666666666,1.0
rolling,2021-01-28,40,2,candidate_risk_off,1.0,0.09166666666666666,1.0
rolling,2015-04-03,60,0,multiclass_probability_sum,0.5,0.21875,0.9615384615384616
rolling,2015-04-06,60,0,multiclass_probability_sum,0.5,0.21212121212121213,0.9629629629629629
rolling,2015-04-07,60,0,multiclass_probability_sum,0.5,0.20588235294117646,0.9642857142857143
rolling,2015-04-08,60,0,multiclass_probability_sum,0.5,0.2,0.9655172413793104
rolling,2015-04-09,60,0,multiclass_probability_sum,0.5,0.19444444444444445,0.9666666666666667
rolling,2015-04-10,60,0,multiclass_probability_sum,0.5,0.1891891891891892,0.967741935483871
rolling,2015-04-13,60,0,multiclass_probability_sum,0.5,0.18421052631578946,0.96875
rolling,2015-04-14,60,0,multiclass_probability_sum,0.5,0.1794871794871795,0.9696969696969697
rolling,2015-04-15,60,0,multiclass_probability_sum,0.5,0.175,0.9705882352941176
rolling,2015-04-16,60,0,multiclass_probability_sum,0.5,0.17073170731707318,0.9714285714285714
rolling,2015-04-17,60,0,multiclass_probability_sum,0.5,0.16666666666666666,0.9722222222222222
rolling,2015-04-20,60,0,multiclass_probability_sum,0.5,0.16279069767441862,0.972972972972973
rolling,2015-04-21,60,0,multiclass_probability_sum,0.5,0.1590909090909091,0.9736842105263158
rolling,2015-04-22,60,0,multiclass_probability_sum,0.5,0.15555555555555556,0.9743589743589743
rolling,2015-04-23,60,0,multiclass_probability_sum,0.5,0.15217391304347827,0.975
rolling,2015-04-24,60,0,multiclass_probability_sum,0.5,0.14893617021276595,0.975609756097561
rolling,2015-04-27,60,0,multiclass_probability_sum,0.5,0.14583333333333334,0.9761904761904762
rolling,2015-05-04,60,0,multiclass_probability_sum,0.5,0.14285714285714285,0.9767441860465116
rolling,2015-05-05,60,0,multiclass_probability_sum,0.5,0.14,0.9772727272727273
rolling,2015-05-06,60,0,multiclass_probability_sum,0.5,0.13725490196078433,0.9777777777777777
rolling,2015-05-07,60,0,multiclass_probability_sum,0.5,0.1346153846153846,0.9782608695652174
rolling,2015-05-08,60,0,multiclass_probability_sum,0.5,0.1320754716981132,0.9787234042553191
rolling,2015-05-11,60,0,multiclass_probability_sum,0.5,0.12962962962962962,0.9791666666666666
rolling,2015-05-12,60,0,multiclass_probability_sum,0.5,0.12727272727272726,0.9795918367346939
rolling,2015-05-13,60,0,multiclass_probability_sum,0.5,0.125,0.98
rolling,2015-05-14,60,0,multiclass_probability_sum,0.5,0.12280701754385964,0.9803921568627451
rolling,2015-05-15,60,0,multiclass_probability_sum,0.5,0.1206896551724138,0.9807692307692307
rolling,2015-05-18,60,0,multiclass_probability_sum,0.5,0.11864406779661017,0.9811320754716981
rolling,2015-05-19,60,0,multiclass_probability_sum,0.5,0.11666666666666667,0.9814814814814815
rolling,2015-05-20,60,0,multiclass_probability_sum,0.5,0.11475409836065574,0.9818181818181818
rolling,2015-05-21,60,0,multiclass_probability_sum,0.5,0.11290322580645161,0.9821428571428571
rolling,2015-05-22,60,0,multiclass_probability_sum,0.5,0.1111111111111111,0.9824561403508771
rolling,2015-05-25,60,0,multiclass_probability_sum,0.5,0.109375,0.9827586206896551
rolling,2015-05-26,60,0,multiclass_probability_sum,0.5,0.1076923076923077,0.9830508474576272
rolling,2015-05-27,60,0,multiclass_probability_sum,0.5,0.10606060606060606,0.9833333333333333
rolling,2015-05-28,60,0,multiclass_probability_sum,0.5,0.1044776119402985,0.9836065573770492
rolling,2015-05-29,60,0,multiclass_probability_sum,0.5,0.10294117647058823,0.9838709677419355
rolling,2015-06-01,60,0,multiclass_probability_sum,0.5333333333333333,0.11594202898550725,0.9838709677419355
rolling,2015-06-02,60,0,multiclass_probability_sum,0.5625,0.12857142857142856,0.9838709677419355
rolling,2015-06-03,60,0,multiclass_probability_sum,0.5625,0.1267605633802817,0.9841269841269841
rolling,2015-06-04,60,0,multiclass_probability_sum,0.5625,0.125,0.984375
rolling,2015-06-05,60,0,multiclass_probability_sum,0.5625,0.1232876712328767,0.9846153846153847
rolling,2015-06-08,60,0,multiclass_probability_sum,0.5625,0.12162162162162163,0.9848484848484849
rolling,2015-06-09,60,0,multiclass_probability_sum,0.5625,0.12,0.9850746268656716
rolling,2015-06-10,60,0,multiclass_probability_sum,0.5625,0.11842105263157894,0.9852941176470589
rolling,2015-06-11,60,0,multiclass_probability_sum,0.5882352941176471,0.12987012987012986,0.9852941176470589
rolling,2015-06-12,60,0,multiclass_probability_sum,0.6111111111111112,0.14102564102564102,0.9852941176470589
rolling,2015-06-15,60,0,multiclass_probability_sum,0.6111111111111112,0.13924050632911392,0.9855072463768116
rolling,2015-06-16,60,0,multiclass_probability_sum,0.6111111111111112,0.1375,0.9857142857142858
rolling,2015-06-17,60,0,multiclass_probability_sum,0.6111111111111112,0.13580246913580246,0.9859154929577465
rolling,2015-06-18,60,0,multiclass_probability_sum,0.6111111111111112,0.13414634146341464,0.9861111111111112
rolling,2015-06-19,60,0,multiclass_probability_sum,0.631578947368421,0.14457831325301204,0.9861111111111112
rolling,2015-06-22,60,0,multiclass_probability_sum,0.65,0.15476190476190477,0.9861111111111112
rolling,2015-06-23,60,0,multiclass_probability_sum,0.6666666666666666,0.16470588235294117,0.9861111111111112
rolling,2015-06-24,60,0,multiclass_probability_sum,0.6818181818181818,0.1744186046511628,0.9861111111111112
rolling,2015-06-25,60,0,multiclass_probability_sum,0.6956521739130435,0.1839080459770115,0.9861111111111112
rolling,2015-06-26,60,0,multiclass_probability_sum,0.6956521739130435,0.18181818181818182,0.9863013698630136
rolling,2015-06-29,60,0,multiclass_probability_sum,0.7083333333333334,0.19101123595505617,0.9863013698630136
rolling,2015-06-30,60,0,multiclass_probability_sum,0.72,0.2,0.9863013698630136
rolling,2015-07-01,60,0,multiclass_probability_sum,0.7307692307692307,0.2087912087912088,0.9863013698630136
rolling,2015-07-02,60,0,multiclass_probability_sum,0.7407407407407407,0.21739130434782608,0.9863013698630136
rolling,2015-07-03,60,0,multiclass_probability_sum,0.75,0.22580645161290322,0.9863013698630136
rolling,2015-07-06,60,0,multiclass_probability_sum,0.7586206896551724,0.23404255319148937,0.9863013698630136
rolling,2015-07-07,60,0,multiclass_probability_sum,0.7666666666666667,0.24210526315789474,0.9863013698630136
rolling,2015-07-08,60,0,multiclass_probability_sum,0.7741935483870968,0.25,0.9863013698630136
rolling,2015-07-09,60,0,multiclass_probability_sum,0.78125,0.25773195876288657,0.9863013698630136
rolling,2015-07-10,60,0,multiclass_probability_sum,0.7878787878787878,0.2653061224489796,0.9863013698630136
rolling,2015-07-13,60,0,multiclass_probability_sum,0.7941176470588235,0.2727272727272727,0.9863013698630136
rolling,2015-07-14,60,0,multiclass_probability_sum,0.8,0.28,0.9863013698630136
rolling,2015-07-15,60,0,multiclass_probability_sum,0.8055555555555556,0.2871287128712871,0.9863013698630136
rolling,2015-07-16,60,0,multiclass_probability_sum,0.8108108108108109,0.29411764705882354,0.9863013698630136
rolling,2015-07-17,60,0,multiclass_probability_sum,0.8157894736842105,0.30097087378640774,0.9863013698630136
rolling,2015-07-20,60,0,multiclass_probability_sum,0.8205128205128205,0.3076923076923077,0.9863013698630136
rolling,2015-07-21,60,0,multiclass_probability_sum,0.825,0.3142857142857143,0.9863013698630136
rolling,2015-07-22,60,0,multiclass_probability_sum,0.8292682926829268,0.32075471698113206,0.9863013698630136
rolling,2015-07-23,60,0,multiclass_probability_sum,0.8333333333333334,0.32710280373831774,0.9863013698630136
rolling,2015-07-24,60,0,multiclass_probability_sum,0.8372093023255814,0.3333333333333333,0.9863013698630136
rolling,2015-07-27,60,0,multiclass_probability_sum,0.8409090909090909,0.3394495412844037,0.9863013698630136
rolling,2015-07-28,60,0,multiclass_probability_sum,0.8444444444444444,0.34545454545454546,0.9863013698630136
rolling,2015-07-29,60,0,multiclass_probability_sum,0.8478260869565217,0.35135135135135137,0.9863013698630136
rolling,2015-07-30,60,0,multiclass_probability_sum,0.851063829787234,0.35714285714285715,0.9863013698630136
rolling,2015-07-31,60,0,multiclass_probability_sum,0.8541666666666666,0.36607142857142855,0.9861111111111112
rolling,2015-08-03,60,0,multiclass_probability_sum,0.8571428571428571,0.375,0.9859154929577465
rolling,2015-08-04,60,0,multiclass_probability_sum,0.86,0.38392857142857145,0.9857142857142858
rolling,2015-08-05,60,0,multiclass_probability_sum,0.8627450980392157,0.39285714285714285,0.9855072463768116
rolling,2015-08-06,60,0,multiclass_probability_sum,0.8653846153846154,0.4017857142857143,0.9852941176470589
rolling,2015-08-07,60,0,multiclass_probability_sum,0.8846153846153846,0.40707964601769914,0.9852941176470589
rolling,2015-08-10,60,0,multiclass_probability_sum,0.8846153846153846,0.40707964601769914,0.9852941176470589
rolling,2015-08-11,60,0,multiclass_probability_sum,0.8846153846153846,0.40707964601769914,0.9852941176470589
rolling,2015-08-12,60,0,multiclass_probability_sum,0.9038461538461539,0.41228070175438597,0.9852941176470589
rolling,2015-08-13,60,0,multiclass_probability_sum,0.9215686274509803,0.40869565217391307,0.9855072463768116
rolling,2015-08-14,60,0,multiclass_probability_sum,0.94,0.4051724137931034,0.9857142857142858
rolling,2015-08-17,60,0,multiclass_probability_sum,0.9591836734693877,0.4017094017094017,0.9859154929577465
rolling,2015-08-18,60,0,multiclass_probability_sum,0.9791666666666666,0.3983050847457627,0.9861111111111112
rolling,2015-08-19,60,0,multiclass_probability_sum,1.0,0.3949579831932773,0.9863013698630136
rolling,2015-08-20,60,0,multiclass_probability_sum,1.0,0.39166666666666666,1.0
rolling,2015-08-21,60,0,multiclass_probability_sum,1.0,0.39166666666666666,1.0
rolling,2015-08-24,60,0,multiclass_probability_sum,1.0,0.38333333333333336,1.0
rolling,2015-08-25,60,0,multiclass_probability_sum,1.0,0.375,1.0
rolling,2015-08-26,60,0,multiclass_probability_sum,1.0,0.36666666666666664,1.0
rolling,2015-08-27,60,0,multiclass_probability_sum,1.0,0.35833333333333334,1.0
rolling,2015-08-28,60,0,multiclass_probability_sum,1.0,0.35833333333333334,1.0
rolling,2015-08-31,60,0,multiclass_probability_sum,1.0,0.35833333333333334,1.0
rolling,2015-09-01,60,0,multiclass_probability_sum,1.0,0.35833333333333334,1.0
rolling,2015-09-03,60,0,multiclass_probability_sum,1.0,0.35294117647058826,0.9871794871794872
rolling,2015-09-04,60,0,multiclass_probability_sum,1.0,0.35294117647058826,0.9871794871794872
rolling,2015-09-07,60,0,multiclass_probability_sum,1.0,0.35294117647058826,0.9871794871794872
rolling,2015-09-08,60,0,multiclass_probability_sum,1.0,0.35294117647058826,0.9871794871794872
rolling,2015-09-09,60,0,multiclass_probability_sum,1.0,0.35294117647058826,0.9871794871794872
rolling,2015-09-10,60,0,multiclass_probability_sum,1.0,0.35294117647058826,0.9871794871794872
rolling,2015-09-11,60,0,multiclass_probability_sum,1.0,0.35294117647058826,0.9871794871794872
rolling,2015-09-14,60,0,multiclass_probability_sum,1.0,0.35294117647058826,0.9871794871794872
rolling,2015-09-15,60,0,multiclass_probability_sum,1.0,0.35294117647058826,0.9871794871794872
rolling,2015-09-16,60,0,multiclass_probability_sum,1.0,0.35294117647058826,0.9871794871794872
rolling,2015-09-17,60,0,multiclass_probability_sum,1.0,0.35294117647058826,0.9871794871794872
rolling,2015-09-18,60,0,multiclass_probability_sum,1.0,0.35294117647058826,0.9871794871794872
rolling,2015-09-21,60,0,multiclass_probability_sum,1.0,0.35294117647058826,0.9871794871794872
rolling,2015-09-22,60,0,multiclass_probability_sum,1.0,0.35294117647058826,0.9871794871794872
rolling,2015-09-23,60,0,multiclass_probability_sum,1.0,0.35294117647058826,0.9871794871794872
rolling,2015-09-24,60,0,multiclass_probability_sum,1.0,0.35294117647058826,0.9871794871794872
rolling,2015-09-25,60,0,multiclass_probability_sum,1.0,0.35294117647058826,0.9871794871794872
rolling,2015-09-28,60,0,multiclass_probability_sum,1.0,0.35294117647058826,0.9871794871794872
rolling,2015-09-29,60,0,multiclass_probability_sum,1.0,0.35294117647058826,0.9871794871794872
rolling,2015-09-30,60,0,multiclass_probability_sum,1.0,0.35294117647058826,0.9871794871794872
rolling,2015-10-01,60,0,multiclass_probability_sum,1.0,0.35294117647058826,0.9871794871794872
rolling,2015-10-02,60,0,multiclass_probability_sum,1.0,0.35294117647058826,0.9871794871794872
rolling,2015-10-05,60,0,multiclass_probability_sum,1.0,0.35294117647058826,0.9871794871794872
rolling,2015-10-06,60,0,multiclass_probability_sum,1.0,0.35294117647058826,0.9871794871794872
rolling,2015-10-07,60,0,multiclass_probability_sum,1.0,0.35294117647058826,0.9871794871794872
rolling,2015-10-08,60,0,multiclass_probability_sum,1.0,0.35294117647058826,0.9871794871794872
rolling,2015-10-09,60,0,multiclass_probability_sum,1.0,0.35294117647058826,0.9871794871794872
rolling,2015-10-12,60,0,multiclass_probability_sum,1.0,0.35294117647058826,0.9871794871794872
rolling,2015-10-13,60,0,multiclass_probability_sum,1.0,0.35294117647058826,0.9871794871794872
rolling,2015-10-14,60,0,multiclass_probability_sum,1.0,0.36134453781512604,0.987012987012987
rolling,2015-10-15,60,0,multiclass_probability_sum,1.0,0.3697478991596639,0.9868421052631579
rolling,2015-10-16,60,0,multiclass_probability_sum,1.0,0.37815126050420167,0.9866666666666667
rolling,2015-10-19,60,0,multiclass_probability_sum,1.0,0.3865546218487395,0.9864864864864865
rolling,2015-10-20,60,0,multiclass_probability_sum,1.0,0.3949579831932773,0.9863013698630136
rolling,2015-10-21,60,0,multiclass_probability_sum,1.0,0.40336134453781514,0.9861111111111112
rolling,2015-10-22,60,0,multiclass_probability_sum,1.0,0.4117647058823529,0.9859154929577465
rolling,2015-10-23,60,0,multiclass_probability_sum,1.0,0.42016806722689076,0.9857142857142858
rolling,2015-10-26,60,0,multiclass_probability_sum,1.0,0.42857142857142855,0.9855072463768116
rolling,2015-10-27,60,0,multiclass_probability_sum,1.0,0.4369747899159664,0.9852941176470589
rolling,2015-10-28,60,0,multiclass_probability_sum,1.0,0.44537815126050423,0.9850746268656716
rolling,2015-10-29,60,0,multiclass_probability_sum,1.0,0.453781512605042,0.9848484848484849
rolling,2015-10-30,60,0,multiclass_probability_sum,1.0,0.46218487394957986,0.9846153846153847
rolling,2015-11-02,60,0,multiclass_probability_sum,1.0,0.47058823529411764,0.984375
rolling,2015-11-03,60,0,multiclass_probability_sum,0.9824561403508771,0.4745762711864407,0.9841269841269841
rolling,2015-11-04,60,0,multiclass_probability_sum,0.9655172413793104,0.47863247863247865,0.9838709677419355
rolling,2015-11-05,60,0,multiclass_probability_sum,0.9661016949152542,0.48717948717948717,0.9836065573770492
rolling,2015-11-06,60,0,multiclass_probability_sum,0.9666666666666667,0.49572649572649574,0.9833333333333333
rolling,2015-11-09,60,0,multiclass_probability_sum,0.9672131147540983,0.5042735042735043,0.9830508474576272
rolling,2015-11-10,60,0,multiclass_probability_sum,0.967741935483871,0.5128205128205128,0.9827586206896551
rolling,2015-11-11,60,0,multiclass_probability_sum,0.9682539682539683,0.5213675213675214,0.9824561403508771
rolling,2015-11-12,60,0,multiclass_probability_sum,0.953125,0.5258620689655172,0.9821428571428571
rolling,2015-11-13,60,0,multiclass_probability_sum,0.9384615384615385,0.5304347826086957,0.9818181818181818
rolling,2015-11-16,60,0,multiclass_probability_sum,0.9393939393939394,0.5391304347826087,0.9814814814814815
rolling,2015-11-17,60,0,multiclass_probability_sum,0.9393939393939394,0.5391304347826087,0.9814814814814815
rolling,2015-11-18,60,0,multiclass_probability_sum,0.9242424242424242,0.5350877192982456,0.9814814814814815
rolling,2015-11-19,60,0,multiclass_probability_sum,0.9253731343283582,0.543859649122807,0.9811320754716981
rolling,2015-11-20,60,0,multiclass_probability_sum,0.9264705882352942,0.5526315789473685,0.9807692307692307
rolling,2015-11-23,60,0,multiclass_probability_sum,0.927536231884058,0.5614035087719298,0.9803921568627451
rolling,2015-11-24,60,0,multiclass_probability_sum,0.9285714285714286,0.5701754385964912,0.98
rolling,2015-11-25,60,0,multiclass_probability_sum,0.9154929577464789,0.5752212389380531,0.9795918367346939
rolling,2015-11-26,60,0,multiclass_probability_sum,0.9166666666666666,0.584070796460177,0.9791666666666666
rolling,2015-11-27,60,0,multiclass_probability_sum,0.9166666666666666,0.584070796460177,0.9791666666666666
rolling,2015-11-30,60,0,multiclass_probability_sum,0.9154929577464789,0.5752212389380531,0.9795918367346939
rolling,2015-12-01,60,0,multiclass_probability_sum,0.9154929577464789,0.5752212389380531,0.9795918367346939
rolling,2015-12-02,60,0,multiclass_probability_sum,0.9154929577464789,0.5752212389380531,0.9795918367346939
rolling,2015-12-03,60,0,multiclass_probability_sum,0.9154929577464789,0.5752212389380531,0.9795918367346939
rolling,2015-12-04,60,0,multiclass_probability_sum,0.9154929577464789,0.5752212389380531,0.9795918367346939
rolling,2015-12-07,60,0,multiclass_probability_sum,0.9142857142857143,0.5663716814159292,0.98
rolling,2015-12-08,60,0,multiclass_probability_sum,0.9130434782608695,0.5625,0.9607843137254902
rolling,2015-12-09,60,0,multiclass_probability_sum,0.9117647058823529,0.5535714285714286,0.9615384615384616
rolling,2015-12-10,60,0,multiclass_probability_sum,0.9104477611940298,0.5446428571428571,0.9622641509433962
rolling,2015-12-11,60,0,multiclass_probability_sum,0.9090909090909091,0.5357142857142857,0.9629629629629629
rolling,2015-12-14,60,0,multiclass_probability_sum,0.9090909090909091,0.5357142857142857,0.9629629629629629
rolling,2015-12-15,60,0,multiclass_probability_sum,0.9076923076923077,0.5267857142857143,0.9636363636363636
rolling,2015-12-16,60,0,multiclass_probability_sum,0.90625,0.5178571428571429,0.9642857142857143
rolling,2015-12-17,60,0,multiclass_probability_sum,0.9047619047619048,0.5089285714285714,0.9649122807017544
rolling,2015-12-18,60,0,multiclass_probability_sum,0.9032258064516129,0.5,0.9655172413793104
rolling,2015-12-21,60,0,multiclass_probability_sum,0.9016393442622951,0.49107142857142855,0.9661016949152542
rolling,2015-12-22,60,0,multiclass_probability_sum,0.9,0.48214285714285715,0.9666666666666667
rolling,2015-12-23,60,0,multiclass_probability_sum,0.8983050847457628,0.4732142857142857,0.9672131147540983
rolling,2015-12-24,60,0,multiclass_probability_sum,0.896551724137931,0.4642857142857143,0.967741935483871
rolling,2015-12-25,60,0,multiclass_probability_sum,0.8947368421052632,0.45535714285714285,0.9682539682539683
rolling,2015-12-28,60,0,multiclass_probability_sum,0.8928571428571429,0.44642857142857145,0.96875
rolling,2015-12-29,60,0,multiclass_probability_sum,0.8909090909090909,0.4375,0.9692307692307692
rolling,2015-12-30,60,0,multiclass_probability_sum,0.8909090909090909,0.4375,0.9692307692307692
rolling,2015-12-31,60,0,multiclass_probability_sum,0.8909090909090909,0.4375,0.9692307692307692
rolling,2016-01-04,60,0,multiclass_probability_sum,0.8909090909090909,0.4375,0.9692307692307692
rolling,2016-01-05,60,0,multiclass_probability_sum,0.8888888888888888,0.42857142857142855,0.9696969696969697
rolling,2016-01-06,60,0,multiclass_probability_sum,0.8888888888888888,0.42857142857142855,0.9696969696969697
rolling,2016-01-07,60,0,multiclass_probability_sum,0.8867924528301887,0.41964285714285715,0.9701492537313433
rolling,2016-01-08,60,0,multiclass_probability_sum,0.8846153846153846,0.4107142857142857,0.9705882352941176
rolling,2016-01-11,60,0,multiclass_probability_sum,0.8823529411764706,0.4017857142857143,0.9710144927536232
rolling,2016-01-12,60,0,multiclass_probability_sum,0.88,0.39285714285714285,0.9714285714285714
rolling,2016-01-13,60,0,multiclass_probability_sum,0.8775510204081632,0.38392857142857145,0.971830985915493
rolling,2016-01-14,60,0,multiclass_probability_sum,0.875,0.375,0.9722222222222222
rolling,2016-01-15,60,0,multiclass_probability_sum,0.8723404255319149,0.36607142857142855,0.9726027397260274
rolling,2016-01-18,60,0,multiclass_probability_sum,0.8695652173913043,0.36036036036036034,0.9594594594594594
rolling,2016-01-19,60,0,multiclass_probability_sum,0.8666666666666667,0.35454545454545455,0.9466666666666667
rolling,2016-01-20,60,0,multiclass_probability_sum,0.8636363636363636,0.3486238532110092,0.9342105263157895
rolling,2016-01-21,60,0,multiclass_probability_sum,0.8604651162790697,0.3425925925925926,0.922077922077922
rolling,2016-01-22,60,0,multiclass_probability_sum,0.8571428571428571,0.3364485981308411,0.9102564102564102
rolling,2016-01-25,60,0,multiclass_probability_sum,0.8536585365853658,0.330188679245283,0.8987341772151899
rolling,2016-01-26,60,0,multiclass_probability_sum,0.85,0.3238095238095238,0.8875
rolling,2016-01-27,60,0,multiclass_probability_sum,0.8461538461538461,0.3142857142857143,0.8888888888888888
rolling,2016-01-28,60,0,multiclass_probability_sum,0.8421052631578947,0.3076923076923077,0.8780487804878049
rolling,2016-01-29,60,0,multiclass_probability_sum,0.8378378378378378,0.30097087378640774,0.8674698795180723
rolling,2016-02-01,60,0,multiclass_probability_sum,0.8378378378378378,0.30392156862745096,0.8554216867469879
rolling,2016-02-02,60,0,multiclass_probability_sum,0.8378378378378378,0.30392156862745096,0.8554216867469879
rolling,2016-02-03,60,0,multiclass_probability_sum,0.8378378378378378,0.3069306930693069,0.8433734939759037
rolling,2016-02-04,60,0,multiclass_probability_sum,0.8378378378378378,0.3069306930693069,0.8433734939759037
rolling,2016-02-05,60,0,multiclass_probability_sum,0.8378378378378378,0.3069306930693069,0.8433734939759037
rolling,2016-02-15,60,0,multiclass_probability_sum,0.8378378378378378,0.3069306930693069,0.8433734939759037
rolling,2016-02-16,60,0,multiclass_probability_sum,0.8378378378378378,0.3069306930693069,0.8433734939759037
rolling,2016-02-17,60,0,multiclass_probability_sum,0.8378378378378378,0.3069306930693069,0.8433734939759037
rolling,2016-02-18,60,0,multiclass_probability_sum,0.8378378378378378,0.3069306930693069,0.8433734939759037
rolling,2016-02-19,60,0,multiclass_probability_sum,0.8378378378378378,0.3069306930693069,0.8433734939759037
rolling,2016-02-22,60,0,multiclass_probability_sum,0.8378378378378378,0.3069306930693069,0.8433734939759037
rolling,2016-02-23,60,0,multiclass_probability_sum,0.8378378378378378,0.3069306930693069,0.8433734939759037
rolling,2016-02-24,60,0,multiclass_probability_sum,0.8378378378378378,0.3069306930693069,0.8433734939759037
rolling,2016-02-25,60,0,multiclass_probability_sum,0.8378378378378378,0.3069306930693069,0.8433734939759037
rolling,2016-02-26,60,0,multiclass_probability_sum,0.8378378378378378,0.30392156862745096,0.8554216867469879
rolling,2016-02-29,60,0,multiclass_probability_sum,0.8378378378378378,0.30392156862745096,0.8554216867469879
rolling,2016-03-01,60,0,multiclass_probability_sum,0.8378378378378378,0.30392156862745096,0.8554216867469879
rolling,2016-03-02,60,0,multiclass_probability_sum,0.8378378378378378,0.30392156862745096,0.8554216867469879
rolling,2016-03-03,60,0,multiclass_probability_sum,0.8378378378378378,0.30392156862745096,0.8554216867469879
rolling,2016-03-04,60,0,multiclass_probability_sum,0.8378378378378378,0.30392156862745096,0.8554216867469879
rolling,2016-03-07,60,0,multiclass_probability_sum,0.8378378378378378,0.30392156862745096,0.8554216867469879
rolling,2016-03-08,60,0,multiclass_probability_sum,0.8378378378378378,0.30392156862745096,0.8554216867469879
rolling,2016-03-09,60,0,multiclass_probability_sum,0.8378378378378378,0.30392156862745096,0.8554216867469879
rolling,2016-03-10,60,0,multiclass_probability_sum,0.8378378378378378,0.30392156862745096,0.8554216867469879
rolling,2016-03-11,60,0,multiclass_probability_sum,0.8378378378378378,0.30392156862745096,0.8554216867469879
rolling,2016-03-14,60,0,multiclass_probability_sum,0.8378378378378378,0.30392156862745096,0.8554216867469879
rolling,2016-03-15,60,0,multiclass_probability_sum,0.8378378378378378,0.30392156862745096,0.8554216867469879
rolling,2016-03-16,60,0,multiclass_probability_sum,0.8378378378378378,0.30392156862745096,0.8554216867469879
rolling,2016-03-17,60,0,multiclass_probability_sum,0.8378378378378378,0.30392156862745096,0.8554216867469879
rolling,2016-03-18,60,0,multiclass_probability_sum,0.8378378378378378,0.30392156862745096,0.8554216867469879
rolling,2016-03-21,60,0,multiclass_probability_sum,0.8378378378378378,0.30392156862745096,0.8554216867469879
rolling,2016-03-22,60,0,multiclass_probability_sum,0.8378378378378378,0.30392156862745096,0.8554216867469879
rolling,2016-03-23,60,0,multiclass_probability_sum,0.8378378378378378,0.30392156862745096,0.8554216867469879
rolling,2016-03-24,60,0,multiclass_probability_sum,0.8378378378378378,0.30392156862745096,0.8554216867469879
rolling,2016-03-25,60,0,multiclass_probability_sum,0.8378378378378378,0.30392156862745096,0.8554216867469879
rolling,2016-03-28,60,0,multiclass_probability_sum,0.8378378378378378,0.3069306930693069,0.8433734939759037
rolling,2016-03-29,60,0,multiclass_probability_sum,0.8378378378378378,0.3069306930693069,0.8433734939759037
rolling,2016-03-30,60,0,multiclass_probability_sum,0.8378378378378378,0.31,0.8313253012048193
rolling,2016-03-31,60,0,multiclass_probability_sum,0.8378378378378378,0.31,0.8313253012048193
rolling,2016-04-01,60,0,multiclass_probability_sum,0.8378378378378378,0.31,0.8313253012048193
rolling,2016-04-04,60,0,multiclass_probability_sum,0.8378378378378378,0.31,0.8313253012048193
rolling,2016-04-05,60,0,multiclass_probability_sum,0.8378378378378378,0.31,0.8313253012048193
rolling,2016-04-06,60,0,multiclass_probability_sum,0.8378378378378378,0.31,0.8313253012048193
rolling,2016-04-07,60,0,multiclass_probability_sum,0.8333333333333334,0.3,0.8333333333333334
rolling,2016-04-08,60,0,multiclass_probability_sum,0.8285714285714286,0.29,0.8352941176470589
rolling,2016-04-11,60,0,multiclass_probability_sum,0.8235294117647058,0.28,0.8372093023255814
rolling,2016-04-12,60,0,multiclass_probability_sum,0.8181818181818182,0.27,0.8390804597701149
rolling,2016-04-13,60,0,multiclass_probability_sum,0.8125,0.26,0.8409090909090909
rolling,2016-04-14,60,0,multiclass_probability_sum,0.8064516129032258,0.25,0.8426966292134831
rolling,2016-04-15,60,0,multiclass_probability_sum,0.8,0.24,0.8444444444444444
rolling,2016-04-19,60,0,multiclass_probability_sum,0.7931034482758621,0.23,0.8461538461538461
rolling,2016-04-20,60,0,multiclass_probability_sum,0.7857142857142857,0.22,0.8478260869565217
rolling,2016-04-21,60,0,multiclass_probability_sum,0.7777777777777778,0.21,0.8494623655913979
rolling,2016-04-22,60,0,multiclass_probability_sum,0.7692307692307693,0.2,0.851063829787234
rolling,2016-04-25,60,0,multiclass_probability_sum,0.76,0.19,0.8526315789473684
rolling,2016-04-26,60,0,multiclass_probability_sum,0.75,0.18,0.8541666666666666
rolling,2016-04-27,60,0,multiclass_probability_sum,0.7391304347826086,0.17,0.8556701030927835
rolling,2016-04-28,60,0,multiclass_probability_sum,0.7727272727272727,0.16831683168316833,0.8571428571428571
rolling,2016-04-29,60,0,multiclass_probability_sum,0.8095238095238095,0.16666666666666666,0.8585858585858586
rolling,2016-05-04,60,0,multiclass_probability_sum,0.8,0.1568627450980392,0.86
rolling,2016-05-05,60,0,multiclass_probability_sum,0.7894736842105263,0.14705882352941177,0.8613861386138614
rolling,2016-05-06,60,0,multiclass_probability_sum,0.7777777777777778,0.13725490196078433,0.8627450980392157
rolling,2016-05-09,60,0,multiclass_probability_sum,0.7647058823529411,0.12745098039215685,0.8640776699029126
rolling,2016-05-10,60,0,multiclass_probability_sum,0.75,0.11764705882352941,0.8653846153846154
rolling,2016-05-11,60,0,multiclass_probability_sum,0.8,0.11650485436893204,0.8666666666666667
rolling,2016-05-12,60,0,multiclass_probability_sum,0.8571428571428571,0.11538461538461539,0.8679245283018868
rolling,2016-05-13,60,0,multiclass_probability_sum,0.8461538461538461,0.10576923076923077,0.8691588785046729
rolling,2016-05-16,60,0,multiclass_probability_sum,0.8333333333333334,0.09615384615384616,0.8703703703703703
rolling,2016-05-17,60,0,multiclass_probability_sum,0.9090909090909091,0.09523809523809523,0.8715596330275229
rolling,2016-05-18,60,0,multiclass_probability_sum,0.9,0.08571428571428572,0.8727272727272727
rolling,2016-05-19,60,0,multiclass_probability_sum,0.8888888888888888,0.0761904761904762,0.8738738738738738
rolling,2016-05-20,60,0,multiclass_probability_sum,0.875,0.06666666666666667,0.875
rolling,2016-05-23,60,0,multiclass_probability_sum,0.8571428571428571,0.05714285714285714,0.8761061946902655
rolling,2016-05-24,60,0,multiclass_probability_sum,1.0,0.05660377358490566,0.8771929824561403
rolling,2016-05-25,60,0,multiclass_probability_sum,1.0,0.04716981132075472,0.8782608695652174
rolling,2016-05-26,60,0,multiclass_probability_sum,1.0,0.03773584905660377,0.8793103448275862
rolling,2016-05-27,60,0,multiclass_probability_sum,1.0,0.03773584905660377,0.8793103448275862
rolling,2016-05-30,60,0,multiclass_probability_sum,1.0,0.03773584905660377,0.8793103448275862
rolling,2016-05-31,60,0,multiclass_probability_sum,1.0,0.03773584905660377,0.8793103448275862
rolling,2016-06-01,60,0,multiclass_probability_sum,1.0,0.03773584905660377,0.8793103448275862
rolling,2016-06-02,60,0,multiclass_probability_sum,1.0,0.03773584905660377,0.8793103448275862
rolling,2016-06-03,60,0,multiclass_probability_sum,1.0,0.03773584905660377,0.8793103448275862
rolling,2016-06-06,60,0,multiclass_probability_sum,1.0,0.037383177570093455,0.8879310344827587
rolling,2016-06-07,60,0,multiclass_probability_sum,1.0,0.037383177570093455,0.8879310344827587
rolling,2016-06-08,60,0,multiclass_probability_sum,1.0,0.037383177570093455,0.8879310344827587
rolling,2016-06-09,60,0,multiclass_probability_sum,1.0,0.037383177570093455,0.8879310344827587
rolling,2016-06-10,60,0,multiclass_probability_sum,1.0,0.037383177570093455,0.8879310344827587
rolling,2016-06-13,60,0,multiclass_probability_sum,1.0,0.037383177570093455,0.8879310344827587
rolling,2016-06-14,60,0,multiclass_probability_sum,1.0,0.037383177570093455,0.8879310344827587
rolling,2016-06-15,60,0,multiclass_probability_sum,1.0,0.037383177570093455,0.8879310344827587
rolling,2016-06-16,60,0,multiclass_probability_sum,1.0,0.037383177570093455,0.8879310344827587
rolling,2016-06-17,60,0,multiclass_probability_sum,1.0,0.037383177570093455,0.8879310344827587
rolling,2016-06-20,60,0,multiclass_probability_sum,1.0,0.037383177570093455,0.8879310344827587
rolling,2016-06-21,60,0,multiclass_probability_sum,1.0,0.037383177570093455,0.8879310344827587
rolling,2016-06-22,60,0,multiclass_probability_sum,1.0,0.037383177570093455,0.8879310344827587
rolling,2016-06-23,60,0,multiclass_probability_sum,1.0,0.037383177570093455,0.8879310344827587
rolling,2016-06-24,60,0,multiclass_probability_sum,1.0,0.037383177570093455,0.8879310344827587
rolling,2016-06-27,60,0,multiclass_probability_sum,1.0,0.037383177570093455,0.8879310344827587
rolling,2016-06-28,60,0,multiclass_probability_sum,1.0,0.028037383177570093,0.8888888888888888
rolling,2016-06-29,60,0,multiclass_probability_sum,1.0,0.018691588785046728,0.8898305084745762
rolling,2016-06-30,60,0,multiclass_probability_sum,1.0,0.009345794392523364,0.8907563025210085
rolling,2016-07-01,60,0,multiclass_probability_sum,1.0,0.009345794392523364,0.8907563025210085
rolling,2016-07-04,60,0,multiclass_probability_sum,,0.0,0.8916666666666667
rolling,2016-07-05,60,0,multiclass_probability_sum,,0.0,0.8916666666666667
rolling,2016-07-06,60,0,multiclass_probability_sum,,0.0,0.8916666666666667
rolling,2016-07-07,60,0,multiclass_probability_sum,,0.0,0.8916666666666667
rolling,2016-07-08,60,0,multiclass_probability_sum,,0.0,0.8916666666666667
rolling,2016-07-11,60,0,multiclass_probability_sum,,0.0,0.8916666666666667
rolling,2016-07-12,60,0,multiclass_probability_sum,,0.0,0.8916666666666667
rolling,2016-07-13,60,0,multiclass_probability_sum,,0.0,0.8916666666666667
rolling,2016-07-14,60,0,multiclass_probability_sum,,0.0,0.9
rolling,2016-07-15,60,0,multiclass_probability_sum,,0.0,0.9083333333333333
rolling,2016-07-18,60,0,multiclass_probability_sum,,0.0,0.9166666666666666
rolling,2016-07-19,60,0,multiclass_probability_sum,,0.0,0.925
rolling,2016-07-20,60,0,multiclass_probability_sum,,0.0,0.9333333333333333
rolling,2016-07-21,60,0,multiclass_probability_sum,,0.0,0.9416666666666667
rolling,2016-07-22,60,0,multiclass_probability_sum,,0.0,0.95
rolling,2016-07-25,60,0,multiclass_probability_sum,,0.0,0.95
rolling,2016-07-26,60,0,multiclass_probability_sum,,0.0,0.9583333333333334
rolling,2016-07-27,60,0,multiclass_probability_sum,,0.0,0.9666666666666667
rolling,2016-07-28,60,0,multiclass_probability_sum,,0.0,0.975
rolling,2016-07-29,60,0,multiclass_probability_sum,,0.0,0.975
rolling,2016-08-01,60,0,multiclass_probability_sum,,0.0,0.9833333333333333
rolling,2016-08-02,60,0,multiclass_probability_sum,,0.0,0.9833333333333333
rolling,2016-08-03,60,0,multiclass_probability_sum,,0.0,0.9833333333333333
rolling,2016-08-04,60,0,multiclass_probability_sum,,0.0,0.9833333333333333
rolling,2016-08-05,60,0,multiclass_probability_sum,,0.0,0.9833333333333333
rolling,2016-08-08,60,0,multiclass_probability_sum,,0.0,0.9833333333333333
rolling,2016-08-09,60,0,multiclass_probability_sum,,0.0,0.9833333333333333
rolling,2016-08-10,60,0,multiclass_probability_sum,,0.0,0.9833333333333333
rolling,2016-08-11,60,0,multiclass_probability_sum,,0.0,0.9833333333333333
rolling,2016-08-12,60,0,multiclass_probability_sum,,0.0,0.9833333333333333
rolling,2016-08-15,60,0,multiclass_probability_sum,,0.0,0.9833333333333333
rolling,2016-08-16,60,0,multiclass_probability_sum,,0.0,0.9833333333333333
rolling,2016-08-17,60,0,multiclass_probability_sum,,0.0,0.9833333333333333
rolling,2016-08-18,60,0,multiclass_probability_sum,,0.0,0.9833333333333333
rolling,2016-08-19,60,0,multiclass_probability_sum,,0.0,0.9833333333333333
rolling,2016-08-22,60,0,multiclass_probability_sum,,0.0,0.9833333333333333
rolling,2016-08-23,60,0,multiclass_probability_sum,,0.0,0.9833333333333333
rolling,2016-08-24,60,0,multiclass_probability_sum,,0.0,0.9833333333333333
rolling,2016-08-25,60,0,multiclass_probability_sum,,0.0,0.9833333333333333
rolling,2016-08-26,60,0,multiclass_probability_sum,,0.0,0.9833333333333333
rolling,2016-08-29,60,0,multiclass_probability_sum,,0.0,0.9833333333333333
rolling,2016-08-30,60,0,multiclass_probability_sum,,0.0,0.9833333333333333
rolling,2016-08-31,60,0,multiclass_probability_sum,,0.0,0.9833333333333333
rolling,2016-09-01,60,0,multiclass_probability_sum,,0.0,0.9833333333333333
rolling,2016-09-05,60,0,multiclass_probability_sum,,0.0,0.9833333333333333
rolling,2016-09-06,60,0,multiclass_probability_sum,,0.0,0.9833333333333333
rolling,2016-09-07,60,0,multiclass_probability_sum,,0.0,0.9833333333333333
rolling,2016-09-08,60,0,multiclass_probability_sum,,0.0,0.9833333333333333
rolling,2016-09-09,60,0,multiclass_probability_sum,,0.0,0.9833333333333333
rolling,2016-09-12,60,0,multiclass_probability_sum,,0.0,0.9833333333333333
rolling,2016-09-13,60,0,multiclass_probability_sum,,0.0,0.9833333333333333
rolling,2016-09-14,60,0,multiclass_probability_sum,,0.0,0.9833333333333333
rolling,2016-09-15,60,0,multiclass_probability_sum,,0.0,0.9833333333333333
rolling,2016-09-16,60,0,multiclass_probability_sum,,0.0,0.9916666666666667
rolling,2016-09-19,60,0,multiclass_probability_sum,,0.0,0.9916666666666667
rolling,2016-09-20,60,0,multiclass_probability_sum,,0.0,1.0
rolling,2016-09-21,60,0,multiclass_probability_sum,,0.0,1.0
rolling,2016-09-22,60,0,multiclass_probability_sum,,0.0,1.0
rolling,2016-09-23,60,0,multiclass_probability_sum,,0.0,1.0
rolling,2016-09-26,60,0,multiclass_probability_sum,,0.0,1.0
rolling,2016-09-27,60,0,multiclass_probability_sum,1.0,0.008333333333333333,1.0
rolling,2016-09-28,60,0,multiclass_probability_sum,1.0,0.016666666666666666,1.0
rolling,2016-09-29,60,0,multiclass_probability_sum,1.0,0.025,1.0
rolling,2016-09-30,60,0,multiclass_probability_sum,1.0,0.03333333333333333,1.0
rolling,2016-10-03,60,0,multiclass_probability_sum,1.0,0.041666666666666664,1.0
rolling,2016-10-04,60,0,multiclass_probability_sum,1.0,0.05,1.0
rolling,2016-10-05,60,0,multiclass_probability_sum,1.0,0.058333333333333334,1.0
rolling,2016-10-06,60,0,multiclass_probability_sum,1.0,0.06666666666666667,1.0
rolling,2016-10-07,60,0,multiclass_probability_sum,1.0,0.075,1.0
rolling,2016-10-10,60,0,multiclass_probability_sum,1.0,0.075,1.0
rolling,2016-10-11,60,0,multiclass_probability_sum,1.0,0.07563025210084033,0.990990990990991
rolling,2016-10-12,60,0,multiclass_probability_sum,1.0,0.07563025210084033,0.990990990990991
rolling,2016-10-13,60,0,multiclass_probability_sum,1.0,0.07563025210084033,0.990990990990991
rolling,2016-10-14,60,0,multiclass_probability_sum,1.0,0.07563025210084033,0.990990990990991
rolling,2016-10-17,60,0,multiclass_probability_sum,1.0,0.07563025210084033,0.990990990990991
rolling,2016-10-18,60,0,multiclass_probability_sum,1.0,0.07627118644067797,0.9819819819819819
rolling,2016-10-19,60,0,multiclass_probability_sum,1.0,0.07692307692307693,0.972972972972973
rolling,2016-10-20,60,0,multiclass_probability_sum,1.0,0.07758620689655173,0.963963963963964
rolling,2016-10-21,60,0,multiclass_probability_sum,1.0,0.0782608695652174,0.954954954954955
rolling,2016-10-24,60,0,multiclass_probability_sum,1.0,0.07894736842105263,0.9459459459459459
rolling,2016-10-25,60,0,multiclass_probability_sum,1.0,0.07964601769911504,0.9369369369369369
rolling,2016-10-26,60,0,multiclass_probability_sum,1.0,0.07964601769911504,0.9369369369369369
rolling,2016-10-27,60,0,multiclass_probability_sum,1.0,0.08035714285714286,0.9279279279279279
rolling,2016-10-28,60,0,multiclass_probability_sum,1.0,0.08108108108108109,0.918918918918919
rolling,2016-10-31,60,0,multiclass_probability_sum,1.0,0.08108108108108109,0.918918918918919
rolling,2016-11-01,60,0,multiclass_probability_sum,1.0,0.08181818181818182,0.9099099099099099
rolling,2016-11-02,60,0,multiclass_probability_sum,1.0,0.08181818181818182,0.9099099099099099
rolling,2016-11-03,60,0,multiclass_probability_sum,1.0,0.08181818181818182,0.9099099099099099
rolling,2016-11-04,60,0,multiclass_probability_sum,1.0,0.08181818181818182,0.9099099099099099
rolling,2016-11-07,60,0,multiclass_probability_sum,1.0,0.08256880733944955,0.9009009009009009
rolling,2016-11-08,60,0,multiclass_probability_sum,1.0,0.08333333333333333,0.8918918918918919
rolling,2016-11-09,60,0,multiclass_probability_sum,1.0,0.08333333333333333,0.8918918918918919
rolling,2016-11-10,60,0,multiclass_probability_sum,1.0,0.08411214953271028,0.8828828828828829
rolling,2016-11-11,60,0,multiclass_probability_sum,1.0,0.08490566037735849,0.8738738738738738
rolling,2016-11-14,60,0,multiclass_probability_sum,1.0,0.08490566037735849,0.8738738738738738
rolling,2016-11-15,60,0,multiclass_probability_sum,1.0,0.08490566037735849,0.8738738738738738
rolling,2016-11-16,60,0,multiclass_probability_sum,1.0,0.08490566037735849,0.8738738738738738
rolling,2016-11-17,60,0,multiclass_probability_sum,1.0,0.08490566037735849,0.8738738738738738
rolling,2016-11-18,60,0,multiclass_probability_sum,1.0,0.08490566037735849,0.8738738738738738
rolling,2016-11-21,60,0,multiclass_probability_sum,1.0,0.08490566037735849,0.8738738738738738
rolling,2016-11-22,60,0,multiclass_probability_sum,1.0,0.08571428571428572,0.8648648648648649
rolling,2016-11-23,60,0,multiclass_probability_sum,1.0,0.08653846153846154,0.8558558558558559
rolling,2016-11-24,60,0,multiclass_probability_sum,1.0,0.08653846153846154,0.8558558558558559
rolling,2016-11-25,60,0,multiclass_probability_sum,1.0,0.08653846153846154,0.8558558558558559
rolling,2016-11-28,60,0,multiclass_probability_sum,1.0,0.08653846153846154,0.8558558558558559
rolling,2016-11-29,60,0,multiclass_probability_sum,1.0,0.08653846153846154,0.8558558558558559
rolling,2016-11-30,60,0,multiclass_probability_sum,1.0,0.08653846153846154,0.8558558558558559
rolling,2016-12-01,60,0,multiclass_probability_sum,1.0,0.08737864077669903,0.8468468468468469
rolling,2016-12-02,60,0,multiclass_probability_sum,1.0,0.08737864077669903,0.8468468468468469
rolling,2016-12-05,60,0,multiclass_probability_sum,1.0,0.08737864077669903,0.8468468468468469
rolling,2016-12-06,60,0,multiclass_probability_sum,1.0,0.08737864077669903,0.8468468468468469
rolling,2016-12-07,60,0,multiclass_probability_sum,1.0,0.08737864077669903,0.8468468468468469
rolling,2016-12-08,60,0,multiclass_probability_sum,1.0,0.08737864077669903,0.8468468468468469
rolling,2016-12-09,60,0,multiclass_probability_sum,1.0,0.08737864077669903,0.8468468468468469
rolling,2016-12-12,60,0,multiclass_probability_sum,1.0,0.08737864077669903,0.8468468468468469
rolling,2016-12-13,60,0,multiclass_probability_sum,1.0,0.08737864077669903,0.8468468468468469
rolling,2016-12-14,60,0,multiclass_probability_sum,1.0,0.08737864077669903,0.8468468468468469
rolling,2016-12-15,60,0,multiclass_probability_sum,1.0,0.08823529411764706,0.8378378378378378
rolling,2016-12-16,60,0,multiclass_probability_sum,1.0,0.0891089108910891,0.8288288288288288
rolling,2016-12-19,60,0,multiclass_probability_sum,1.0,0.0891089108910891,0.8288288288288288
rolling,2016-12-20,60,0,multiclass_probability_sum,1.0,0.0891089108910891,0.8288288288288288
rolling,2016-12-21,60,0,multiclass_probability_sum,1.0,0.0891089108910891,0.8288288288288288
rolling,2016-12-22,60,0,multiclass_probability_sum,1.0,0.0891089108910891,0.8288288288288288
rolling,2016-12-23,60,0,multiclass_probability_sum,1.0,0.0891089108910891,0.8288288288288288
rolling,2016-12-26,60,0,multiclass_probability_sum,1.0,0.0891089108910891,0.8288288288288288
rolling,2016-12-27,60,0,multiclass_probability_sum,1.0,0.0891089108910891,0.8288288288288288
rolling,2016-12-28,60,0,multiclass_probability_sum,1.0,0.0891089108910891,0.8288288288288288
rolling,2016-12-29,60,0,multiclass_probability_sum,1.0,0.0891089108910891,0.8288288288288288
rolling,2016-12-30,60,0,multiclass_probability_sum,1.0,0.0891089108910891,0.8288288288288288
rolling,2017-01-03,60,0,multiclass_probability_sum,1.0,0.0891089108910891,0.8288288288288288
rolling,2017-01-04,60,0,multiclass_probability_sum,1.0,0.0891089108910891,0.8288288288288288
rolling,2017-01-05,60,0,multiclass_probability_sum,1.0,0.0891089108910891,0.8288288288288288
rolling,2017-01-06,60,0,multiclass_probability_sum,1.0,0.0891089108910891,0.8288288288288288
rolling,2017-01-09,60,0,multiclass_probability_sum,1.0,0.0891089108910891,0.8288288288288288
rolling,2017-01-10,60,0,multiclass_probability_sum,1.0,0.0891089108910891,0.8288288288288288
rolling,2017-01-11,60,0,multiclass_probability_sum,1.0,0.0891089108910891,0.8288288288288288
rolling,2017-01-12,60,0,multiclass_probability_sum,1.0,0.09,0.8198198198198198
rolling,2017-01-13,60,0,multiclass_probability_sum,1.0,0.09,0.8198198198198198
rolling,2017-01-16,60,0,multiclass_probability_sum,1.0,0.09,0.8198198198198198
rolling,2017-01-17,60,0,multiclass_probability_sum,1.0,0.09090909090909091,0.8108108108108109
rolling,2017-01-18,60,0,multiclass_probability_sum,1.0,0.09183673469387756,0.8018018018018018
rolling,2017-01-19,60,0,multiclass_probability_sum,1.0,0.09278350515463918,0.7927927927927928
rolling,2015-04-03,60,0,candidate_risk_off,1.0,0.35,1.0
rolling,2015-04-06,60,0,candidate_risk_off,1.0,0.34146341463414637,1.0
rolling,2015-04-07,60,0,candidate_risk_off,1.0,0.3333333333333333,1.0
rolling,2015-04-08,60,0,candidate_risk_off,1.0,0.32558139534883723,1.0
rolling,2015-04-09,60,0,candidate_risk_off,1.0,0.3181818181818182,1.0
rolling,2015-04-10,60,0,candidate_risk_off,1.0,0.3111111111111111,1.0
rolling,2015-04-13,60,0,candidate_risk_off,1.0,0.30434782608695654,1.0
rolling,2015-04-14,60,0,candidate_risk_off,1.0,0.2978723404255319,1.0
rolling,2015-04-15,60,0,candidate_risk_off,1.0,0.2916666666666667,1.0
rolling,2015-04-16,60,0,candidate_risk_off,1.0,0.2857142857142857,1.0
rolling,2015-04-17,60,0,candidate_risk_off,1.0,0.28,1.0
rolling,2015-04-20,60,0,candidate_risk_off,1.0,0.27450980392156865,1.0
rolling,2015-04-21,60,0,candidate_risk_off,1.0,0.2692307692307692,1.0
rolling,2015-04-22,60,0,candidate_risk_off,1.0,0.2641509433962264,1.0
rolling,2015-04-23,60,0,candidate_risk_off,1.0,0.25925925925925924,1.0
rolling,2015-04-24,60,0,candidate_risk_off,1.0,0.2545454545454545,1.0
rolling,2015-04-27,60,0,candidate_risk_off,1.0,0.25,1.0
rolling,2015-05-04,60,0,candidate_risk_off,1.0,0.24561403508771928,1.0
rolling,2015-05-05,60,0,candidate_risk_off,1.0,0.2413793103448276,1.0
rolling,2015-05-06,60,0,candidate_risk_off,1.0,0.23728813559322035,1.0
rolling,2015-05-07,60,0,candidate_risk_off,1.0,0.23333333333333334,1.0
rolling,2015-05-08,60,0,candidate_risk_off,1.0,0.22950819672131148,1.0
rolling,2015-05-11,60,0,candidate_risk_off,1.0,0.22580645161290322,1.0
rolling,2015-05-12,60,0,candidate_risk_off,1.0,0.2222222222222222,1.0
rolling,2015-05-13,60,0,candidate_risk_off,1.0,0.21875,1.0
rolling,2015-05-14,60,0,candidate_risk_off,1.0,0.2153846153846154,1.0
rolling,2015-05-15,60,0,candidate_risk_off,1.0,0.21212121212121213,1.0
rolling,2015-05-18,60,0,candidate_risk_off,1.0,0.208955223880597,1.0
rolling,2015-05-19,60,0,candidate_risk_off,1.0,0.20588235294117646,1.0
rolling,2015-05-20,60,0,candidate_risk_off,1.0,0.2028985507246377,1.0
rolling,2015-05-21,60,0,candidate_risk_off,1.0,0.2,1.0
rolling,2015-05-22,60,0,candidate_risk_off,1.0,0.19718309859154928,1.0
rolling,2015-05-25,60,0,candidate_risk_off,1.0,0.19444444444444445,1.0
rolling,2015-05-26,60,0,candidate_risk_off,1.0,0.1917808219178082,1.0
rolling,2015-05-27,60,0,candidate_risk_off,1.0,0.1891891891891892,1.0
rolling,2015-05-28,60,0,candidate_risk_off,1.0,0.18666666666666668,1.0
rolling,2015-05-29,60,0,candidate_risk_off,1.0,0.18421052631578946,1.0
rolling,2015-06-01,60,0,candidate_risk_off,1.0,0.19480519480519481,1.0
rolling,2015-06-02,60,0,candidate_risk_off,1.0,0.20512820512820512,1.0
rolling,2015-06-03,60,0,candidate_risk_off,1.0,0.20253164556962025,1.0
rolling,2015-06-04,60,0,candidate_risk_off,1.0,0.2,1.0
rolling,2015-06-05,60,0,candidate_risk_off,1.0,0.19753086419753085,1.0
rolling,2015-06-08,60,0,candidate_risk_off,1.0,0.1951219512195122,1.0
rolling,2015-06-09,60,0,candidate_risk_off,1.0,0.1927710843373494,1.0
rolling,2015-06-10,60,0,candidate_risk_off,1.0,0.19047619047619047,1.0
rolling,2015-06-11,60,0,candidate_risk_off,1.0,0.2,1.0
rolling,2015-06-12,60,0,candidate_risk_off,1.0,0.20930232558139536,1.0
rolling,2015-06-15,60,0,candidate_risk_off,1.0,0.20689655172413793,1.0
rolling,2015-06-16,60,0,candidate_risk_off,1.0,0.20454545454545456,1.0
rolling,2015-06-17,60,0,candidate_risk_off,1.0,0.20224719101123595,1.0
rolling,2015-06-18,60,0,candidate_risk_off,1.0,0.2,1.0
rolling,2015-06-19,60,0,candidate_risk_off,1.0,0.2087912087912088,1.0
rolling,2015-06-22,60,0,candidate_risk_off,1.0,0.21739130434782608,1.0
rolling,2015-06-23,60,0,candidate_risk_off,1.0,0.22580645161290322,1.0
rolling,2015-06-24,60,0,candidate_risk_off,1.0,0.23404255319148937,1.0
rolling,2015-06-25,60,0,candidate_risk_off,1.0,0.24210526315789474,1.0
rolling,2015-06-26,60,0,candidate_risk_off,1.0,0.23958333333333334,1.0
rolling,2015-06-29,60,0,candidate_risk_off,1.0,0.24742268041237114,1.0
rolling,2015-06-30,60,0,candidate_risk_off,1.0,0.25510204081632654,1.0
rolling,2015-07-01,60,0,candidate_risk_off,1.0,0.26262626262626265,1.0
rolling,2015-07-02,60,0,candidate_risk_off,1.0,0.27,1.0
rolling,2015-07-03,60,0,candidate_risk_off,1.0,0.27722772277227725,1.0
rolling,2015-07-06,60,0,candidate_risk_off,1.0,0.28431372549019607,1.0
rolling,2015-07-07,60,0,candidate_risk_off,1.0,0.2912621359223301,1.0
rolling,2015-07-08,60,0,candidate_risk_off,1.0,0.2980769230769231,1.0
rolling,2015-07-09,60,0,candidate_risk_off,1.0,0.3047619047619048,1.0
rolling,2015-07-10,60,0,candidate_risk_off,1.0,0.3113207547169811,1.0
rolling,2015-07-13,60,0,candidate_risk_off,1.0,0.3177570093457944,1.0
rolling,2015-07-14,60,0,candidate_risk_off,1.0,0.32407407407407407,1.0
rolling,2015-07-15,60,0,candidate_risk_off,1.0,0.3302752293577982,1.0
rolling,2015-07-16,60,0,candidate_risk_off,1.0,0.33636363636363636,1.0
rolling,2015-07-17,60,0,candidate_risk_off,1.0,0.34234234234234234,1.0
rolling,2015-07-20,60,0,candidate_risk_off,1.0,0.3482142857142857,1.0
rolling,2015-07-21,60,0,candidate_risk_off,1.0,0.35398230088495575,1.0
rolling,2015-07-22,60,0,candidate_risk_off,1.0,0.35964912280701755,1.0
rolling,2015-07-23,60,0,candidate_risk_off,1.0,0.3652173913043478,1.0
rolling,2015-07-24,60,0,candidate_risk_off,1.0,0.3706896551724138,1.0
rolling,2015-07-27,60,0,candidate_risk_off,1.0,0.37606837606837606,1.0
rolling,2015-07-28,60,0,candidate_risk_off,1.0,0.3813559322033898,1.0
rolling,2015-07-29,60,0,candidate_risk_off,1.0,0.3865546218487395,1.0
rolling,2015-07-30,60,0,candidate_risk_off,1.0,0.39166666666666666,1.0
rolling,2015-07-31,60,0,candidate_risk_off,1.0,0.4,1.0
rolling,2015-08-03,60,0,candidate_risk_off,1.0,0.4083333333333333,1.0
rolling,2015-08-04,60,0,candidate_risk_off,1.0,0.4166666666666667,1.0
rolling,2015-08-05,60,0,candidate_risk_off,1.0,0.425,1.0
rolling,2015-08-06,60,0,candidate_risk_off,1.0,0.43333333333333335,1.0
rolling,2015-08-07,60,0,candidate_risk_off,1.0,0.43333333333333335,1.0
rolling,2015-08-10,60,0,candidate_risk_off,1.0,0.43333333333333335,1.0
rolling,2015-08-11,60,0,candidate_risk_off,1.0,0.43333333333333335,1.0
rolling,2015-08-12,60,0,candidate_risk_off,1.0,0.43333333333333335,1.0
rolling,2015-08-13,60,0,candidate_risk_off,1.0,0.425,1.0
rolling,2015-08-14,60,0,candidate_risk_off,1.0,0.4166666666666667,1.0
rolling,2015-08-17,60,0,candidate_risk_off,1.0,0.4083333333333333,1.0
rolling,2015-08-18,60,0,candidate_risk_off,1.0,0.4,1.0
rolling,2015-08-19,60,0,candidate_risk_off,1.0,0.39166666666666666,1.0
rolling,2015-08-20,60,0,candidate_risk_off,1.0,0.39166666666666666,1.0
rolling,2015-08-21,60,0,candidate_risk_off,1.0,0.39166666666666666,1.0
rolling,2015-08-24,60,0,candidate_risk_off,1.0,0.38333333333333336,1.0
rolling,2015-08-25,60,0,candidate_risk_off,1.0,0.375,1.0
rolling,2015-08-26,60,0,candidate_risk_off,1.0,0.36666666666666664,1.0
rolling,2015-08-27,60,0,candidate_risk_off,1.0,0.35833333333333334,1.0
rolling,2015-08-28,60,0,candidate_risk_off,1.0,0.35833333333333334,1.0
rolling,2015-08-31,60,0,candidate_risk_off,1.0,0.35833333333333334,1.0
rolling,2015-09-01,60,0,candidate_risk_off,1.0,0.35833333333333334,1.0
rolling,2015-09-03,60,0,candidate_risk_off,1.0,0.35,1.0
rolling,2015-09-04,60,0,candidate_risk_off,1.0,0.35,1.0
rolling,2015-09-07,60,0,candidate_risk_off,1.0,0.35,1.0
rolling,2015-09-08,60,0,candidate_risk_off,1.0,0.35,1.0
rolling,2015-09-09,60,0,candidate_risk_off,1.0,0.35,1.0
rolling,2015-09-10,60,0,candidate_risk_off,1.0,0.35,1.0
rolling,2015-09-11,60,0,candidate_risk_off,1.0,0.35,1.0
rolling,2015-09-14,60,0,candidate_risk_off,1.0,0.35,1.0
rolling,2015-09-15,60,0,candidate_risk_off,1.0,0.35,1.0
rolling,2015-09-16,60,0,candidate_risk_off,1.0,0.35,1.0
rolling,2015-09-17,60,0,candidate_risk_off,1.0,0.35,1.0
rolling,2015-09-18,60,0,candidate_risk_off,1.0,0.35,1.0
rolling,2015-09-21,60,0,candidate_risk_off,1.0,0.35,1.0
rolling,2015-09-22,60,0,candidate_risk_off,1.0,0.35,1.0
rolling,2015-09-23,60,0,candidate_risk_off,1.0,0.35,1.0
rolling,2015-09-24,60,0,candidate_risk_off,1.0,0.35,1.0
rolling,2015-09-25,60,0,candidate_risk_off,1.0,0.35,1.0
rolling,2015-09-28,60,0,candidate_risk_off,1.0,0.35,1.0
rolling,2015-09-29,60,0,candidate_risk_off,1.0,0.35,1.0
rolling,2015-09-30,60,0,candidate_risk_off,1.0,0.35,1.0
rolling,2015-10-01,60,0,candidate_risk_off,1.0,0.35,1.0
rolling,2015-10-02,60,0,candidate_risk_off,1.0,0.35,1.0
rolling,2015-10-05,60,0,candidate_risk_off,1.0,0.35,1.0
rolling,2015-10-06,60,0,candidate_risk_off,1.0,0.35,1.0
rolling,2015-10-07,60,0,candidate_risk_off,1.0,0.35,1.0
rolling,2015-10-08,60,0,candidate_risk_off,1.0,0.35,1.0
rolling,2015-10-09,60,0,candidate_risk_off,1.0,0.35,1.0
rolling,2015-10-12,60,0,candidate_risk_off,1.0,0.35,1.0
rolling,2015-10-13,60,0,candidate_risk_off,1.0,0.35,1.0
rolling,2015-10-14,60,0,candidate_risk_off,1.0,0.35833333333333334,1.0
rolling,2015-10-15,60,0,candidate_risk_off,1.0,0.36666666666666664,1.0
rolling,2015-10-16,60,0,candidate_risk_off,1.0,0.375,1.0
rolling,2015-10-19,60,0,candidate_risk_off,1.0,0.38333333333333336,1.0
rolling,2015-10-20,60,0,candidate_risk_off,1.0,0.39166666666666666,1.0
rolling,2015-10-21,60,0,candidate_risk_off,1.0,0.4,1.0
rolling,2015-10-22,60,0,candidate_risk_off,1.0,0.4083333333333333,1.0
rolling,2015-10-23,60,0,candidate_risk_off,1.0,0.4166666666666667,1.0
rolling,2015-10-26,60,0,candidate_risk_off,1.0,0.425,1.0
rolling,2015-10-27,60,0,candidate_risk_off,1.0,0.43333333333333335,1.0
rolling,2015-10-28,60,0,candidate_risk_off,1.0,0.44166666666666665,1.0
rolling,2015-10-29,60,0,candidate_risk_off,1.0,0.45,1.0
rolling,2015-10-30,60,0,candidate_risk_off,1.0,0.4583333333333333,1.0
rolling,2015-11-02,60,0,candidate_risk_off,1.0,0.4666666666666667,1.0
rolling,2015-11-03,60,0,candidate_risk_off,1.0,0.475,1.0
rolling,2015-11-04,60,0,candidate_risk_off,1.0,0.48333333333333334,1.0
rolling,2015-11-05,60,0,candidate_risk_off,1.0,0.49166666666666664,1.0
rolling,2015-11-06,60,0,candidate_risk_off,1.0,0.5,1.0
rolling,2015-11-09,60,0,candidate_risk_off,1.0,0.5083333333333333,1.0
rolling,2015-11-10,60,0,candidate_risk_off,1.0,0.5166666666666667,1.0
rolling,2015-11-11,60,0,candidate_risk_off,1.0,0.525,1.0
rolling,2015-11-12,60,0,candidate_risk_off,1.0,0.5333333333333333,1.0
rolling,2015-11-13,60,0,candidate_risk_off,1.0,0.5416666666666666,1.0
rolling,2015-11-16,60,0,candidate_risk_off,1.0,0.55,1.0
rolling,2015-11-17,60,0,candidate_risk_off,1.0,0.55,1.0
rolling,2015-11-18,60,0,candidate_risk_off,1.0,0.55,1.0
rolling,2015-11-19,60,0,candidate_risk_off,1.0,0.5583333333333333,1.0
rolling,2015-11-20,60,0,candidate_risk_off,1.0,0.5666666666666667,1.0
rolling,2015-11-23,60,0,candidate_risk_off,1.0,0.575,1.0
rolling,2015-11-24,60,0,candidate_risk_off,1.0,0.5833333333333334,1.0
rolling,2015-11-25,60,0,candidate_risk_off,1.0,0.5916666666666667,1.0
rolling,2015-11-26,60,0,candidate_risk_off,1.0,0.6,1.0
rolling,2015-11-27,60,0,candidate_risk_off,1.0,0.6,1.0
rolling,2015-11-30,60,0,candidate_risk_off,1.0,0.5916666666666667,1.0
rolling,2015-12-01,60,0,candidate_risk_off,1.0,0.5916666666666667,1.0
rolling,2015-12-02,60,0,candidate_risk_off,1.0,0.5916666666666667,1.0
rolling,2015-12-03,60,0,candidate_risk_off,1.0,0.5916666666666667,1.0
rolling,2015-12-04,60,0,candidate_risk_off,1.0,0.5916666666666667,1.0
rolling,2015-12-07,60,0,candidate_risk_off,1.0,0.5833333333333334,1.0
rolling,2015-12-08,60,0,candidate_risk_off,1.0,0.575,1.0
rolling,2015-12-09,60,0,candidate_risk_off,1.0,0.5666666666666667,1.0
rolling,2015-12-10,60,0,candidate_risk_off,1.0,0.5583333333333333,1.0
rolling,2015-12-11,60,0,candidate_risk_off,1.0,0.55,1.0
rolling,2015-12-14,60,0,candidate_risk_off,1.0,0.55,1.0
rolling,2015-12-15,60,0,candidate_risk_off,1.0,0.5416666666666666,1.0
rolling,2015-12-16,60,0,candidate_risk_off,1.0,0.5333333333333333,1.0
rolling,2015-12-17,60,0,candidate_risk_off,1.0,0.525,1.0
rolling,2015-12-18,60,0,candidate_risk_off,1.0,0.5166666666666667,1.0
rolling,2015-12-21,60,0,candidate_risk_off,1.0,0.5083333333333333,1.0
rolling,2015-12-22,60,0,candidate_risk_off,1.0,0.5,1.0
rolling,2015-12-23,60,0,candidate_risk_off,1.0,0.49166666666666664,1.0
rolling,2015-12-24,60,0,candidate_risk_off,1.0,0.48333333333333334,1.0
rolling,2015-12-25,60,0,candidate_risk_off,1.0,0.475,1.0
rolling,2015-12-28,60,0,candidate_risk_off,1.0,0.4666666666666667,1.0
rolling,2015-12-29,60,0,candidate_risk_off,1.0,0.4583333333333333,1.0
rolling,2015-12-30,60,0,candidate_risk_off,1.0,0.4583333333333333,1.0
rolling,2015-12-31,60,0,candidate_risk_off,1.0,0.4583333333333333,1.0
rolling,2016-01-04,60,0,candidate_risk_off,1.0,0.4583333333333333,1.0
rolling,2016-01-05,60,0,candidate_risk_off,1.0,0.45,1.0
rolling,2016-01-06,60,0,candidate_risk_off,1.0,0.45,1.0
rolling,2016-01-07,60,0,candidate_risk_off,1.0,0.44166666666666665,1.0
rolling,2016-01-08,60,0,candidate_risk_off,1.0,0.43333333333333335,1.0
rolling,2016-01-11,60,0,candidate_risk_off,1.0,0.425,1.0
rolling,2016-01-12,60,0,candidate_risk_off,1.0,0.4166666666666667,1.0
rolling,2016-01-13,60,0,candidate_risk_off,1.0,0.4083333333333333,1.0
rolling,2016-01-14,60,0,candidate_risk_off,1.0,0.4,1.0
rolling,2016-01-15,60,0,candidate_risk_off,1.0,0.39166666666666666,1.0
rolling,2016-01-18,60,0,candidate_risk_off,1.0,0.38333333333333336,1.0
rolling,2016-01-19,60,0,candidate_risk_off,1.0,0.375,1.0
rolling,2016-01-20,60,0,candidate_risk_off,1.0,0.36666666666666664,1.0
rolling,2016-01-21,60,0,candidate_risk_off,1.0,0.35833333333333334,1.0
rolling,2016-01-22,60,0,candidate_risk_off,1.0,0.35,1.0
rolling,2016-01-25,60,0,candidate_risk_off,1.0,0.3416666666666667,1.0
rolling,2016-01-26,60,0,candidate_risk_off,1.0,0.3333333333333333,1.0
rolling,2016-01-27,60,0,candidate_risk_off,1.0,0.325,1.0
rolling,2016-01-28,60,0,candidate_risk_off,1.0,0.31666666666666665,1.0
rolling,2016-01-29,60,0,candidate_risk_off,1.0,0.30833333333333335,1.0
rolling,2016-02-01,60,0,candidate_risk_off,1.0,0.30833333333333335,1.0
rolling,2016-02-02,60,0,candidate_risk_off,1.0,0.30833333333333335,1.0
rolling,2016-02-03,60,0,candidate_risk_off,1.0,0.30833333333333335,1.0
rolling,2016-02-04,60,0,candidate_risk_off,1.0,0.30833333333333335,1.0
rolling,2016-02-05,60,0,candidate_risk_off,1.0,0.30833333333333335,1.0
rolling,2016-02-15,60,0,candidate_risk_off,1.0,0.30833333333333335,1.0
rolling,2016-02-16,60,0,candidate_risk_off,1.0,0.30833333333333335,1.0
rolling,2016-02-17,60,0,candidate_risk_off,1.0,0.30833333333333335,1.0
rolling,2016-02-18,60,0,candidate_risk_off,1.0,0.30833333333333335,1.0
rolling,2016-02-19,60,0,candidate_risk_off,1.0,0.30833333333333335,1.0
rolling,2016-02-22,60,0,candidate_risk_off,1.0,0.30833333333333335,1.0
rolling,2016-02-23,60,0,candidate_risk_off,1.0,0.30833333333333335,1.0
rolling,2016-02-24,60,0,candidate_risk_off,1.0,0.30833333333333335,1.0
rolling,2016-02-25,60,0,candidate_risk_off,1.0,0.30833333333333335,1.0
rolling,2016-02-26,60,0,candidate_risk_off,1.0,0.30833333333333335,1.0
rolling,2016-02-29,60,0,candidate_risk_off,1.0,0.30833333333333335,1.0
rolling,2016-03-01,60,0,candidate_risk_off,1.0,0.30833333333333335,1.0
rolling,2016-03-02,60,0,candidate_risk_off,1.0,0.30833333333333335,1.0
rolling,2016-03-03,60,0,candidate_risk_off,1.0,0.30833333333333335,1.0
rolling,2016-03-04,60,0,candidate_risk_off,1.0,0.30833333333333335,1.0
rolling,2016-03-07,60,0,candidate_risk_off,1.0,0.30833333333333335,1.0
rolling,2016-03-08,60,0,candidate_risk_off,1.0,0.30833333333333335,1.0
rolling,2016-03-09,60,0,candidate_risk_off,1.0,0.30833333333333335,1.0
rolling,2016-03-10,60,0,candidate_risk_off,1.0,0.30833333333333335,1.0
rolling,2016-03-11,60,0,candidate_risk_off,1.0,0.30833333333333335,1.0
rolling,2016-03-14,60,0,candidate_risk_off,1.0,0.30833333333333335,1.0
rolling,2016-03-15,60,0,candidate_risk_off,1.0,0.30833333333333335,1.0
rolling,2016-03-16,60,0,candidate_risk_off,1.0,0.30833333333333335,1.0
rolling,2016-03-17,60,0,candidate_risk_off,1.0,0.30833333333333335,1.0
rolling,2016-03-18,60,0,candidate_risk_off,1.0,0.30833333333333335,1.0
rolling,2016-03-21,60,0,candidate_risk_off,1.0,0.30833333333333335,1.0
rolling,2016-03-22,60,0,candidate_risk_off,1.0,0.30833333333333335,1.0
rolling,2016-03-23,60,0,candidate_risk_off,1.0,0.30833333333333335,1.0
rolling,2016-03-24,60,0,candidate_risk_off,1.0,0.30833333333333335,1.0
rolling,2016-03-25,60,0,candidate_risk_off,1.0,0.30833333333333335,1.0
rolling,2016-03-28,60,0,candidate_risk_off,1.0,0.30833333333333335,1.0
rolling,2016-03-29,60,0,candidate_risk_off,1.0,0.30833333333333335,1.0
rolling,2016-03-30,60,0,candidate_risk_off,1.0,0.30833333333333335,1.0
rolling,2016-03-31,60,0,candidate_risk_off,1.0,0.30833333333333335,1.0
rolling,2016-04-01,60,0,candidate_risk_off,1.0,0.30833333333333335,1.0
rolling,2016-04-04,60,0,candidate_risk_off,1.0,0.30833333333333335,1.0
rolling,2016-04-05,60,0,candidate_risk_off,1.0,0.30833333333333335,1.0
rolling,2016-04-06,60,0,candidate_risk_off,1.0,0.30833333333333335,1.0
rolling,2016-04-07,60,0,candidate_risk_off,1.0,0.3,1.0
rolling,2016-04-08,60,0,candidate_risk_off,1.0,0.2916666666666667,1.0
rolling,2016-04-11,60,0,candidate_risk_off,1.0,0.2833333333333333,1.0
rolling,2016-04-12,60,0,candidate_risk_off,1.0,0.275,1.0
rolling,2016-04-13,60,0,candidate_risk_off,1.0,0.26666666666666666,1.0
rolling,2016-04-14,60,0,candidate_risk_off,1.0,0.25833333333333336,1.0
rolling,2016-04-15,60,0,candidate_risk_off,1.0,0.25,1.0
rolling,2016-04-19,60,0,candidate_risk_off,1.0,0.24166666666666667,1.0
rolling,2016-04-20,60,0,candidate_risk_off,1.0,0.23333333333333334,1.0
rolling,2016-04-21,60,0,candidate_risk_off,1.0,0.225,1.0
rolling,2016-04-22,60,0,candidate_risk_off,1.0,0.21666666666666667,1.0
rolling,2016-04-25,60,0,candidate_risk_off,1.0,0.20833333333333334,1.0
rolling,2016-04-26,60,0,candidate_risk_off,1.0,0.2,1.0
rolling,2016-04-27,60,0,candidate_risk_off,1.0,0.19166666666666668,1.0
rolling,2016-04-28,60,0,candidate_risk_off,1.0,0.18333333333333332,1.0
rolling,2016-04-29,60,0,candidate_risk_off,1.0,0.175,1.0
rolling,2016-05-04,60,0,candidate_risk_off,1.0,0.16666666666666666,1.0
rolling,2016-05-05,60,0,candidate_risk_off,1.0,0.15833333333333333,1.0
rolling,2016-05-06,60,0,candidate_risk_off,1.0,0.15,1.0
rolling,2016-05-09,60,0,candidate_risk_off,1.0,0.14166666666666666,1.0
rolling,2016-05-10,60,0,candidate_risk_off,1.0,0.13333333333333333,1.0
rolling,2016-05-11,60,0,candidate_risk_off,1.0,0.125,1.0
rolling,2016-05-12,60,0,candidate_risk_off,1.0,0.11666666666666667,1.0
rolling,2016-05-13,60,0,candidate_risk_off,1.0,0.10833333333333334,1.0
rolling,2016-05-16,60,0,candidate_risk_off,1.0,0.1,1.0
rolling,2016-05-17,60,0,candidate_risk_off,1.0,0.09166666666666666,1.0
rolling,2016-05-18,60,0,candidate_risk_off,1.0,0.08333333333333333,1.0
rolling,2016-05-19,60,0,candidate_risk_off,1.0,0.075,1.0
rolling,2016-05-20,60,0,candidate_risk_off,1.0,0.06666666666666667,1.0
rolling,2016-05-23,60,0,candidate_risk_off,1.0,0.058333333333333334,1.0
rolling,2016-05-24,60,0,candidate_risk_off,1.0,0.05,1.0
rolling,2016-05-25,60,0,candidate_risk_off,1.0,0.041666666666666664,1.0
rolling,2016-05-26,60,0,candidate_risk_off,1.0,0.03333333333333333,1.0
rolling,2016-05-27,60,0,candidate_risk_off,1.0,0.03333333333333333,1.0
rolling,2016-05-30,60,0,candidate_risk_off,1.0,0.03333333333333333,1.0
rolling,2016-05-31,60,0,candidate_risk_off,1.0,0.03333333333333333,1.0
rolling,2016-06-01,60,0,candidate_risk_off,1.0,0.03333333333333333,1.0
rolling,2016-06-02,60,0,candidate_risk_off,1.0,0.03333333333333333,1.0
rolling,2016-06-03,60,0,candidate_risk_off,1.0,0.03333333333333333,1.0
rolling,2016-06-06,60,0,candidate_risk_off,1.0,0.03333333333333333,1.0
rolling,2016-06-07,60,0,candidate_risk_off,1.0,0.03333333333333333,1.0
rolling,2016-06-08,60,0,candidate_risk_off,1.0,0.03333333333333333,1.0
rolling,2016-06-09,60,0,candidate_risk_off,1.0,0.03333333333333333,1.0
rolling,2016-06-10,60,0,candidate_risk_off,1.0,0.03333333333333333,1.0
rolling,2016-06-13,60,0,candidate_risk_off,1.0,0.03333333333333333,1.0
rolling,2016-06-14,60,0,candidate_risk_off,1.0,0.03333333333333333,1.0
rolling,2016-06-15,60,0,candidate_risk_off,1.0,0.03333333333333333,1.0
rolling,2016-06-16,60,0,candidate_risk_off,1.0,0.03333333333333333,1.0
rolling,2016-06-17,60,0,candidate_risk_off,1.0,0.03333333333333333,1.0
rolling,2016-06-20,60,0,candidate_risk_off,1.0,0.03333333333333333,1.0
rolling,2016-06-21,60,0,candidate_risk_off,1.0,0.03333333333333333,1.0
rolling,2016-06-22,60,0,candidate_risk_off,1.0,0.03333333333333333,1.0
rolling,2016-06-23,60,0,candidate_risk_off,1.0,0.03333333333333333,1.0
rolling,2016-06-24,60,0,candidate_risk_off,1.0,0.03333333333333333,1.0
rolling,2016-06-27,60,0,candidate_risk_off,1.0,0.03333333333333333,1.0
rolling,2016-06-28,60,0,candidate_risk_off,1.0,0.025,1.0
rolling,2016-06-29,60,0,candidate_risk_off,1.0,0.016666666666666666,1.0
rolling,2016-06-30,60,0,candidate_risk_off,1.0,0.008333333333333333,1.0
rolling,2016-07-01,60,0,candidate_risk_off,1.0,0.008333333333333333,1.0
rolling,2016-07-04,60,0,candidate_risk_off,,0.0,1.0
rolling,2016-07-05,60,0,candidate_risk_off,,0.0,1.0
rolling,2016-07-06,60,0,candidate_risk_off,,0.0,1.0
rolling,2016-07-07,60,0,candidate_risk_off,,0.0,1.0
rolling,2016-07-08,60,0,candidate_risk_off,,0.0,1.0
rolling,2016-07-11,60,0,candidate_risk_off,,0.0,1.0
rolling,2016-07-12,60,0,candidate_risk_off,,0.0,1.0
rolling,2016-07-13,60,0,candidate_risk_off,,0.0,1.0
rolling,2016-07-14,60,0,candidate_risk_off,,0.0,1.0
rolling,2016-07-15,60,0,candidate_risk_off,,0.0,1.0
rolling,2016-07-18,60,0,candidate_risk_off,,0.0,1.0
rolling,2016-07-19,60,0,candidate_risk_off,,0.0,1.0
rolling,2016-07-20,60,0,candidate_risk_off,,0.0,1.0
rolling,2016-07-21,60,0,candidate_risk_off,,0.0,1.0
rolling,2016-07-22,60,0,candidate_risk_off,,0.0,1.0
rolling,2016-07-25,60,0,candidate_risk_off,,0.0,1.0
rolling,2016-07-26,60,0,candidate_risk_off,,0.0,1.0
rolling,2016-07-27,60,0,candidate_risk_off,,0.0,1.0
rolling,2016-07-28,60,0,candidate_risk_off,,0.0,1.0
rolling,2016-07-29,60,0,candidate_risk_off,,0.0,1.0
rolling,2016-08-01,60,0,candidate_risk_off,,0.0,1.0
rolling,2016-08-02,60,0,candidate_risk_off,,0.0,1.0
rolling,2016-08-03,60,0,candidate_risk_off,,0.0,1.0
rolling,2016-08-04,60,0,candidate_risk_off,,0.0,1.0
rolling,2016-08-05,60,0,candidate_risk_off,,0.0,1.0
rolling,2016-08-08,60,0,candidate_risk_off,,0.0,1.0
rolling,2016-08-09,60,0,candidate_risk_off,,0.0,1.0
rolling,2016-08-10,60,0,candidate_risk_off,,0.0,1.0
rolling,2016-08-11,60,0,candidate_risk_off,,0.0,1.0
rolling,2016-08-12,60,0,candidate_risk_off,,0.0,1.0
rolling,2016-08-15,60,0,candidate_risk_off,,0.0,1.0
rolling,2016-08-16,60,0,candidate_risk_off,,0.0,1.0
rolling,2016-08-17,60,0,candidate_risk_off,,0.0,1.0
rolling,2016-08-18,60,0,candidate_risk_off,,0.0,1.0
rolling,2016-08-19,60,0,candidate_risk_off,,0.0,1.0
rolling,2016-08-22,60,0,candidate_risk_off,,0.0,1.0
rolling,2016-08-23,60,0,candidate_risk_off,,0.0,1.0
rolling,2016-08-24,60,0,candidate_risk_off,,0.0,1.0
rolling,2016-08-25,60,0,candidate_risk_off,,0.0,1.0
rolling,2016-08-26,60,0,candidate_risk_off,,0.0,1.0
rolling,2016-08-29,60,0,candidate_risk_off,,0.0,1.0
rolling,2016-08-30,60,0,candidate_risk_off,,0.0,1.0
rolling,2016-08-31,60,0,candidate_risk_off,,0.0,1.0
rolling,2016-09-01,60,0,candidate_risk_off,,0.0,1.0
rolling,2016-09-05,60,0,candidate_risk_off,,0.0,1.0
rolling,2016-09-06,60,0,candidate_risk_off,,0.0,1.0
rolling,2016-09-07,60,0,candidate_risk_off,,0.0,1.0
rolling,2016-09-08,60,0,candidate_risk_off,,0.0,1.0
rolling,2016-09-09,60,0,candidate_risk_off,,0.0,1.0
rolling,2016-09-12,60,0,candidate_risk_off,,0.0,1.0
rolling,2016-09-13,60,0,candidate_risk_off,,0.0,1.0
rolling,2016-09-14,60,0,candidate_risk_off,,0.0,1.0
rolling,2016-09-15,60,0,candidate_risk_off,,0.0,1.0
rolling,2016-09-16,60,0,candidate_risk_off,,0.0,1.0
rolling,2016-09-19,60,0,candidate_risk_off,,0.0,1.0
rolling,2016-09-20,60,0,candidate_risk_off,,0.0,1.0
rolling,2016-09-21,60,0,candidate_risk_off,,0.0,1.0
rolling,2016-09-22,60,0,candidate_risk_off,,0.0,1.0
rolling,2016-09-23,60,0,candidate_risk_off,,0.0,1.0
rolling,2016-09-26,60,0,candidate_risk_off,,0.0,1.0
rolling,2016-09-27,60,0,candidate_risk_off,1.0,0.008333333333333333,1.0
rolling,2016-09-28,60,0,candidate_risk_off,1.0,0.016666666666666666,1.0
rolling,2016-09-29,60,0,candidate_risk_off,1.0,0.025,1.0
rolling,2016-09-30,60,0,candidate_risk_off,1.0,0.03333333333333333,1.0
rolling,2016-10-03,60,0,candidate_risk_off,1.0,0.041666666666666664,1.0
rolling,2016-10-04,60,0,candidate_risk_off,1.0,0.05,1.0
rolling,2016-10-05,60,0,candidate_risk_off,1.0,0.058333333333333334,1.0
rolling,2016-10-06,60,0,candidate_risk_off,1.0,0.06666666666666667,1.0
rolling,2016-10-07,60,0,candidate_risk_off,1.0,0.075,1.0
rolling,2016-10-10,60,0,candidate_risk_off,1.0,0.075,1.0
rolling,2016-10-11,60,0,candidate_risk_off,1.0,0.075,1.0
rolling,2016-10-12,60,0,candidate_risk_off,1.0,0.075,1.0
rolling,2016-10-13,60,0,candidate_risk_off,1.0,0.075,1.0
rolling,2016-10-14,60,0,candidate_risk_off,1.0,0.075,1.0
rolling,2016-10-17,60,0,candidate_risk_off,1.0,0.075,1.0
rolling,2016-10-18,60,0,candidate_risk_off,1.0,0.075,1.0
rolling,2016-10-19,60,0,candidate_risk_off,1.0,0.075,1.0
rolling,2016-10-20,60,0,candidate_risk_off,1.0,0.075,1.0
rolling,2016-10-21,60,0,candidate_risk_off,1.0,0.075,1.0
rolling,2016-10-24,60,0,candidate_risk_off,1.0,0.075,1.0
rolling,2016-10-25,60,0,candidate_risk_off,1.0,0.075,1.0
rolling,2016-10-26,60,0,candidate_risk_off,1.0,0.075,1.0
rolling,2016-10-27,60,0,candidate_risk_off,1.0,0.075,1.0
rolling,2016-10-28,60,0,candidate_risk_off,1.0,0.075,1.0
rolling,2016-10-31,60,0,candidate_risk_off,1.0,0.075,1.0
rolling,2016-11-01,60,0,candidate_risk_off,1.0,0.075,1.0
rolling,2016-11-02,60,0,candidate_risk_off,1.0,0.075,1.0
rolling,2016-11-03,60,0,candidate_risk_off,1.0,0.075,1.0
rolling,2016-11-04,60,0,candidate_risk_off,1.0,0.075,1.0
rolling,2016-11-07,60,0,candidate_risk_off,1.0,0.075,1.0
rolling,2016-11-08,60,0,candidate_risk_off,1.0,0.075,1.0
rolling,2016-11-09,60,0,candidate_risk_off,1.0,0.075,1.0
rolling,2016-11-10,60,0,candidate_risk_off,1.0,0.075,1.0
rolling,2016-11-11,60,0,candidate_risk_off,1.0,0.075,1.0
rolling,2016-11-14,60,0,candidate_risk_off,1.0,0.075,1.0
rolling,2016-11-15,60,0,candidate_risk_off,1.0,0.075,1.0
rolling,2016-11-16,60,0,candidate_risk_off,1.0,0.075,1.0
rolling,2016-11-17,60,0,candidate_risk_off,1.0,0.075,1.0
rolling,2016-11-18,60,0,candidate_risk_off,1.0,0.075,1.0
rolling,2016-11-21,60,0,candidate_risk_off,1.0,0.075,1.0
rolling,2016-11-22,60,0,candidate_risk_off,1.0,0.075,1.0
rolling,2016-11-23,60,0,candidate_risk_off,1.0,0.075,1.0
rolling,2016-11-24,60,0,candidate_risk_off,1.0,0.075,1.0
rolling,2016-11-25,60,0,candidate_risk_off,1.0,0.075,1.0
rolling,2016-11-28,60,0,candidate_risk_off,1.0,0.075,1.0
rolling,2016-11-29,60,0,candidate_risk_off,1.0,0.075,1.0
rolling,2016-11-30,60,0,candidate_risk_off,1.0,0.075,1.0
rolling,2016-12-01,60,0,candidate_risk_off,1.0,0.075,1.0
rolling,2016-12-02,60,0,candidate_risk_off,1.0,0.075,1.0
rolling,2016-12-05,60,0,candidate_risk_off,1.0,0.075,1.0
rolling,2016-12-06,60,0,candidate_risk_off,1.0,0.075,1.0
rolling,2016-12-07,60,0,candidate_risk_off,1.0,0.075,1.0
rolling,2016-12-08,60,0,candidate_risk_off,1.0,0.075,1.0
rolling,2016-12-09,60,0,candidate_risk_off,1.0,0.075,1.0
rolling,2016-12-12,60,0,candidate_risk_off,1.0,0.075,1.0
rolling,2016-12-13,60,0,candidate_risk_off,1.0,0.075,1.0
rolling,2016-12-14,60,0,candidate_risk_off,1.0,0.075,1.0
rolling,2016-12-15,60,0,candidate_risk_off,1.0,0.075,1.0
rolling,2016-12-16,60,0,candidate_risk_off,1.0,0.075,1.0
rolling,2016-12-19,60,0,candidate_risk_off,1.0,0.075,1.0
rolling,2016-12-20,60,0,candidate_risk_off,1.0,0.075,1.0
rolling,2016-12-21,60,0,candidate_risk_off,1.0,0.075,1.0
rolling,2016-12-22,60,0,candidate_risk_off,1.0,0.075,1.0
rolling,2016-12-23,60,0,candidate_risk_off,1.0,0.075,1.0
rolling,2016-12-26,60,0,candidate_risk_off,1.0,0.075,1.0
rolling,2016-12-27,60,0,candidate_risk_off,1.0,0.075,1.0
rolling,2016-12-28,60,0,candidate_risk_off,1.0,0.075,1.0
rolling,2016-12-29,60,0,candidate_risk_off,1.0,0.075,1.0
rolling,2016-12-30,60,0,candidate_risk_off,1.0,0.075,1.0
rolling,2017-01-03,60,0,candidate_risk_off,1.0,0.075,1.0
rolling,2017-01-04,60,0,candidate_risk_off,1.0,0.075,1.0
rolling,2017-01-05,60,0,candidate_risk_off,1.0,0.075,1.0
rolling,2017-01-06,60,0,candidate_risk_off,1.0,0.075,1.0
rolling,2017-01-09,60,0,candidate_risk_off,1.0,0.075,1.0
rolling,2017-01-10,60,0,candidate_risk_off,1.0,0.075,1.0
rolling,2017-01-11,60,0,candidate_risk_off,1.0,0.075,1.0
rolling,2017-01-12,60,0,candidate_risk_off,1.0,0.075,1.0
rolling,2017-01-13,60,0,candidate_risk_off,1.0,0.075,1.0
rolling,2017-01-16,60,0,candidate_risk_off,1.0,0.075,1.0
rolling,2017-01-17,60,0,candidate_risk_off,1.0,0.075,1.0
rolling,2017-01-18,60,0,candidate_risk_off,1.0,0.075,1.0
rolling,2017-01-19,60,0,candidate_risk_off,1.0,0.075,1.0
rolling,2017-03-23,60,1,multiclass_probability_sum,,0.0,0.25
rolling,2017-03-24,60,1,multiclass_probability_sum,,0.0,0.24390243902439024
rolling,2017-03-27,60,1,multiclass_probability_sum,,0.0,0.23809523809523808
rolling,2017-03-28,60,1,multiclass_probability_sum,,0.0,0.23255813953488372
rolling,2017-03-29,60,1,multiclass_probability_sum,,0.0,0.22727272727272727
rolling,2017-03-30,60,1,multiclass_probability_sum,,0.0,0.2222222222222222
rolling,2017-03-31,60,1,multiclass_probability_sum,,0.0,0.2391304347826087
rolling,2017-04-03,60,1,multiclass_probability_sum,,0.0,0.2553191489361702
rolling,2017-04-04,60,1,multiclass_probability_sum,,0.0,0.2708333333333333
rolling,2017-04-05,60,1,multiclass_probability_sum,,0.0,0.2857142857142857
rolling,2017-04-07,60,1,multiclass_probability_sum,,0.0,0.3
rolling,2017-04-10,60,1,multiclass_probability_sum,,0.0,0.29411764705882354
rolling,2017-04-11,60,1,multiclass_probability_sum,,0.0,0.3076923076923077
rolling,2017-04-12,60,1,multiclass_probability_sum,,0.0,0.32075471698113206
rolling,2017-04-13,60,1,multiclass_probability_sum,,0.0,0.3333333333333333
rolling,2017-04-14,60,1,multiclass_probability_sum,,0.0,0.34545454545454546
rolling,2017-04-17,60,1,multiclass_probability_sum,,0.0,0.35714285714285715
rolling,2017-04-18,60,1,multiclass_probability_sum,,0.0,0.3684210526315789
rolling,2017-04-19,60,1,multiclass_probability_sum,,0.0,0.3793103448275862
rolling,2017-04-20,60,1,multiclass_probability_sum,,0.0,0.3898305084745763
rolling,2017-04-21,60,1,multiclass_probability_sum,,0.0,0.4
rolling,2017-04-24,60,1,multiclass_probability_sum,,0.0,0.4098360655737705
rolling,2017-04-25,60,1,multiclass_probability_sum,,0.0,0.41935483870967744
rolling,2017-04-26,60,1,multiclass_probability_sum,,0.0,0.42857142857142855
rolling,2017-04-27,60,1,multiclass_probability_sum,,0.0,0.4375
rolling,2017-04-28,60,1,multiclass_probability_sum,,0.0,0.4461538461538462
rolling,2017-05-03,60,1,multiclass_probability_sum,,0.0,0.45454545454545453
rolling,2017-05-04,60,1,multiclass_probability_sum,,0.0,0.4626865671641791
rolling,2017-05-05,60,1,multiclass_probability_sum,,0.0,0.47058823529411764
rolling,2017-05-08,60,1,multiclass_probability_sum,,0.0,0.4782608695652174
rolling,2017-05-09,60,1,multiclass_probability_sum,,0.0,0.4857142857142857
rolling,2017-05-10,60,1,multiclass_probability_sum,,0.0,0.49295774647887325
rolling,2017-05-11,60,1,multiclass_probability_sum,,0.0,0.5
rolling,2017-05-12,60,1,multiclass_probability_sum,,0.0,0.5068493150684932
rolling,2017-05-15,60,1,multiclass_probability_sum,,0.0,0.5135135135135135
rolling,2017-05-16,60,1,multiclass_probability_sum,,0.0,0.52
rolling,2017-05-17,60,1,multiclass_probability_sum,,0.0,0.5263157894736842
rolling,2017-05-18,60,1,multiclass_probability_sum,,0.0,0.5324675324675324
rolling,2017-05-19,60,1,multiclass_probability_sum,,0.0,0.5384615384615384
rolling,2017-05-22,60,1,multiclass_probability_sum,,0.0,0.5443037974683544
rolling,2017-05-23,60,1,multiclass_probability_sum,,0.0,0.55
rolling,2017-05-24,60,1,multiclass_probability_sum,,0.0,0.5555555555555556
rolling,2017-05-25,60,1,multiclass_probability_sum,,0.0,0.5609756097560976
rolling,2017-05-26,60,1,multiclass_probability_sum,,0.0,0.5662650602409639
rolling,2017-05-29,60,1,multiclass_probability_sum,,0.0,0.5714285714285714
rolling,2017-05-30,60,1,multiclass_probability_sum,,0.0,0.5764705882352941
rolling,2017-05-31,60,1,multiclass_probability_sum,,0.0,0.5813953488372093
rolling,2017-06-01,60,1,multiclass_probability_sum,,0.0,0.5747126436781609
rolling,2017-06-02,60,1,multiclass_probability_sum,,0.0,0.5795454545454546
rolling,2017-06-05,60,1,multiclass_probability_sum,,0.0,0.5842696629213483
rolling,2017-06-06,60,1,multiclass_probability_sum,,0.0,0.5888888888888889
rolling,2017-06-07,60,1,multiclass_probability_sum,,0.0,0.5934065934065934
rolling,2017-06-08,60,1,multiclass_probability_sum,,0.0,0.5978260869565217
rolling,2017-06-09,60,1,multiclass_probability_sum,,0.0,0.6021505376344086
rolling,2017-06-12,60,1,multiclass_probability_sum,,0.0,0.6063829787234043
rolling,2017-06-13,60,1,multiclass_probability_sum,,0.0,0.6105263157894737
rolling,2017-06-14,60,1,multiclass_probability_sum,,0.0,0.6145833333333334
rolling,2017-06-15,60,1,multiclass_probability_sum,,0.0,0.6185567010309279
rolling,2017-06-16,60,1,multiclass_probability_sum,,0.0,0.6122448979591837
rolling,2017-06-19,60,1,multiclass_probability_sum,,0.0,0.6161616161616161
rolling,2017-06-20,60,1,multiclass_probability_sum,,0.0,0.62
rolling,2017-06-21,60,1,multiclass_probability_sum,,0.0,0.6237623762376238
rolling,2017-06-22,60,1,multiclass_probability_sum,,0.0,0.6274509803921569
rolling,2017-06-23,60,1,multiclass_probability_sum,,0.0,0.6310679611650486
rolling,2017-06-26,60,1,multiclass_probability_sum,,0.0,0.6346153846153846
rolling,2017-06-27,60,1,multiclass_probability_sum,,0.0,0.638095238095238
rolling,2017-06-28,60,1,multiclass_probability_sum,,0.0,0.6415094339622641
rolling,2017-06-29,60,1,multiclass_probability_sum,,0.0,0.6448598130841121
rolling,2017-06-30,60,1,multiclass_probability_sum,,0.0,0.6481481481481481
rolling,2017-07-03,60,1,multiclass_probability_sum,,0.0,0.6513761467889908
rolling,2017-07-04,60,1,multiclass_probability_sum,,0.0,0.6545454545454545
rolling,2017-07-05,60,1,multiclass_probability_sum,,0.0,0.6576576576576577
rolling,2017-07-06,60,1,multiclass_probability_sum,,0.0,0.6607142857142857
rolling,2017-07-07,60,1,multiclass_probability_sum,,0.0,0.6637168141592921
rolling,2017-07-10,60,1,multiclass_probability_sum,,0.0,0.6666666666666666
rolling,2017-07-11,60,1,multiclass_probability_sum,,0.0,0.6695652173913044
rolling,2017-07-12,60,1,multiclass_probability_sum,,0.0,0.6724137931034483
rolling,2017-07-13,60,1,multiclass_probability_sum,,0.0,0.6752136752136753
rolling,2017-07-14,60,1,multiclass_probability_sum,,0.0,0.6779661016949152
rolling,2017-07-17,60,1,multiclass_probability_sum,,0.0,0.680672268907563
rolling,2017-07-18,60,1,multiclass_probability_sum,,0.0,0.6833333333333333
rolling,2017-07-19,60,1,multiclass_probability_sum,,0.0,0.6833333333333333
rolling,2017-07-20,60,1,multiclass_probability_sum,,0.0,0.6916666666666667
rolling,2017-07-21,60,1,multiclass_probability_sum,,0.0,0.7
rolling,2017-07-24,60,1,multiclass_probability_sum,,0.0,0.7083333333333334
rolling,2017-07-25,60,1,multiclass_probability_sum,,0.0,0.7083333333333334
rolling,2017-07-26,60,1,multiclass_probability_sum,,0.0,0.7083333333333334
rolling,2017-07-27,60,1,multiclass_probability_sum,,0.0,0.7166666666666667
rolling,2017-07-28,60,1,multiclass_probability_sum,,0.0,0.725
rolling,2017-07-31,60,1,multiclass_probability_sum,,0.0,0.7333333333333333
rolling,2017-08-01,60,1,multiclass_probability_sum,,0.0,0.7416666666666667
rolling,2017-08-02,60,1,multiclass_probability_sum,,0.0,0.75
rolling,2017-08-03,60,1,multiclass_probability_sum,,0.0,0.7583333333333333
rolling,2017-08-04,60,1,multiclass_probability_sum,,0.0,0.7666666666666667
rolling,2017-08-07,60,1,multiclass_probability_sum,,0.0,0.775
rolling,2017-08-08,60,1,multiclass_probability_sum,,0.0,0.7833333333333333
rolling,2017-08-09,60,1,multiclass_probability_sum,,0.0,0.7916666666666666
rolling,2017-08-10,60,1,multiclass_probability_sum,,0.0,0.8
rolling,2017-08-11,60,1,multiclass_probability_sum,,0.0,0.8083333333333333
rolling,2017-08-14,60,1,multiclass_probability_sum,,0.0,0.8166666666666667
rolling,2017-08-15,60,1,multiclass_probability_sum,,0.0,0.825
rolling,2017-08-16,60,1,multiclass_probability_sum,,0.0,0.8333333333333334
rolling,2017-08-17,60,1,multiclass_probability_sum,,0.0,0.8416666666666667
rolling,2017-08-18,60,1,multiclass_probability_sum,,0.0,0.8416666666666667
rolling,2017-08-21,60,1,multiclass_probability_sum,,0.0,0.8416666666666667
rolling,2017-08-22,60,1,multiclass_probability_sum,,0.0,0.8416666666666667
rolling,2017-08-23,60,1,multiclass_probability_sum,,0.0,0.85
rolling,2017-08-24,60,1,multiclass_probability_sum,,0.0,0.85
rolling,2017-08-25,60,1,multiclass_probability_sum,,0.0,0.8583333333333333
rolling,2017-08-28,60,1,multiclass_probability_sum,,0.0,0.8666666666666667
rolling,2017-08-29,60,1,multiclass_probability_sum,,0.0,0.875
rolling,2017-08-30,60,1,multiclass_probability_sum,,0.0,0.875
rolling,2017-08-31,60,1,multiclass_probability_sum,,0.0,0.8833333333333333
rolling,2017-09-01,60,1,multiclass_probability_sum,,0.0,0.8916666666666667
rolling,2017-09-05,60,1,multiclass_probability_sum,,0.0,0.9
rolling,2017-09-06,60,1,multiclass_probability_sum,,0.0,0.9083333333333333
rolling,2017-09-07,60,1,multiclass_probability_sum,,0.0,0.9083333333333333
rolling,2017-09-08,60,1,multiclass_probability_sum,,0.0,0.9166666666666666
rolling,2017-09-11,60,1,multiclass_probability_sum,,0.0,0.925
rolling,2017-09-12,60,1,multiclass_probability_sum,,0.0,0.925
rolling,2017-09-13,60,1,multiclass_probability_sum,,0.0,0.9333333333333333
rolling,2017-09-14,60,1,multiclass_probability_sum,,0.0,0.9416666666666667
rolling,2017-09-15,60,1,multiclass_probability_sum,,0.0,0.95
rolling,2017-09-18,60,1,multiclass_probability_sum,,0.0,0.9583333333333334
rolling,2017-09-19,60,1,multiclass_probability_sum,,0.0,0.9666666666666667
rolling,2017-09-20,60,1,multiclass_probability_sum,,0.0,0.975
rolling,2017-09-21,60,1,multiclass_probability_sum,,0.0,0.975
rolling,2017-09-22,60,1,multiclass_probability_sum,,0.0,0.975
rolling,2017-09-25,60,1,multiclass_probability_sum,,0.0,0.975
rolling,2017-09-26,60,1,multiclass_probability_sum,,0.0,0.975
rolling,2017-09-27,60,1,multiclass_probability_sum,,0.0,0.975
rolling,2017-09-28,60,1,multiclass_probability_sum,,0.0,0.9833333333333333
rolling,2017-09-29,60,1,multiclass_probability_sum,,0.0,0.9833333333333333
rolling,2017-10-02,60,1,multiclass_probability_sum,,0.0,0.9833333333333333
rolling,2017-10-03,60,1,multiclass_probability_sum,,0.0,0.9833333333333333
rolling,2017-10-04,60,1,multiclass_probability_sum,,0.0,0.975
rolling,2017-10-05,60,1,multiclass_probability_sum,,0.0,0.9666666666666667
rolling,2017-10-06,60,1,multiclass_probability_sum,,0.0,0.9583333333333334
rolling,2017-10-09,60,1,multiclass_probability_sum,,0.0,0.95
rolling,2017-10-10,60,1,multiclass_probability_sum,,0.0,0.9416666666666667
rolling,2017-10-11,60,1,multiclass_probability_sum,,0.0,0.9333333333333333
rolling,2017-10-12,60,1,multiclass_probability_sum,,0.0,0.925
rolling,2017-10-13,60,1,multiclass_probability_sum,,0.0,0.9166666666666666
rolling,2017-10-16,60,1,multiclass_probability_sum,,0.0,0.9083333333333333
rolling,2017-10-17,60,1,multiclass_probability_sum,,0.0,0.9
rolling,2017-10-18,60,1,multiclass_probability_sum,,0.0,0.8916666666666667
rolling,2017-10-19,60,1,multiclass_probability_sum,,0.0,0.8833333333333333
rolling,2017-10-20,60,1,multiclass_probability_sum,,0.0,0.875
rolling,2017-10-23,60,1,multiclass_probability_sum,,0.0,0.8666666666666667
rolling,2017-10-24,60,1,multiclass_probability_sum,,0.0,0.8583333333333333
rolling,2017-10-25,60,1,multiclass_probability_sum,,0.0,0.85
rolling,2017-10-26,60,1,multiclass_probability_sum,,0.0,0.8416666666666667
rolling,2017-10-27,60,1,multiclass_probability_sum,,0.0,0.8333333333333334
rolling,2017-10-30,60,1,multiclass_probability_sum,,0.0,0.8333333333333334
rolling,2017-10-31,60,1,multiclass_probability_sum,,0.0,0.8333333333333334
rolling,2017-11-01,60,1,multiclass_probability_sum,,0.0,0.8333333333333334
rolling,2017-11-02,60,1,multiclass_probability_sum,,0.0,0.8333333333333334
rolling,2017-11-03,60,1,multiclass_probability_sum,,0.0,0.8333333333333334
rolling,2017-11-06,60,1,multiclass_probability_sum,,0.0,0.8333333333333334
rolling,2017-11-07,60,1,multiclass_probability_sum,,0.0,0.8333333333333334
rolling,2017-11-08,60,1,multiclass_probability_sum,,0.0,0.8333333333333334
rolling,2017-11-09,60,1,multiclass_probability_sum,,0.0,0.8333333333333334
rolling,2017-11-10,60,1,multiclass_probability_sum,,0.0,0.8333333333333334
rolling,2017-11-13,60,1,multiclass_probability_sum,,0.0,0.8333333333333334
rolling,2017-11-14,60,1,multiclass_probability_sum,,0.0,0.8333333333333334
rolling,2017-11-15,60,1,multiclass_probability_sum,,0.0,0.8333333333333334
rolling,2017-11-16,60,1,multiclass_probability_sum,,0.0,0.8333333333333334
rolling,2017-11-17,60,1,multiclass_probability_sum,,0.0,0.8416666666666667
rolling,2017-11-20,60,1,multiclass_probability_sum,,0.0,0.8416666666666667
rolling,2017-11-21,60,1,multiclass_probability_sum,,0.0,0.8416666666666667
rolling,2017-11-22,60,1,multiclass_probability_sum,,0.0,0.8416666666666667
rolling,2017-11-23,60,1,multiclass_probability_sum,,0.0,0.8416666666666667
rolling,2017-11-24,60,1,multiclass_probability_sum,,0.0,0.8416666666666667
rolling,2017-11-27,60,1,multiclass_probability_sum,,0.0,0.8416666666666667
rolling,2017-11-28,60,1,multiclass_probability_sum,,0.0,0.8416666666666667
rolling,2017-11-29,60,1,multiclass_probability_sum,,0.0,0.8416666666666667
rolling,2017-11-30,60,1,multiclass_probability_sum,,0.0,0.8416666666666667
rolling,2017-12-01,60,1,multiclass_probability_sum,,0.0,0.8416666666666667
rolling,2017-12-04,60,1,multiclass_probability_sum,,0.0,0.85
rolling,2017-12-05,60,1,multiclass_probability_sum,,0.0,0.85
rolling,2017-12-06,60,1,multiclass_probability_sum,,0.0,0.85
rolling,2017-12-07,60,1,multiclass_probability_sum,,0.0,0.85
rolling,2017-12-08,60,1,multiclass_probability_sum,,0.0,0.85
rolling,2017-12-11,60,1,multiclass_probability_sum,,0.0,0.85
rolling,2017-12-12,60,1,multiclass_probability_sum,,0.0,0.85
rolling,2017-12-13,60,1,multiclass_probability_sum,,0.0,0.85
rolling,2017-12-14,60,1,multiclass_probability_sum,,0.0,0.85
rolling,2017-12-15,60,1,multiclass_probability_sum,,0.0,0.85
rolling,2017-12-18,60,1,multiclass_probability_sum,,0.0,0.85
rolling,2017-12-19,60,1,multiclass_probability_sum,,0.0,0.85
rolling,2017-12-20,60,1,multiclass_probability_sum,,0.0,0.85
rolling,2017-12-21,60,1,multiclass_probability_sum,,0.0,0.85
rolling,2017-12-22,60,1,multiclass_probability_sum,,0.0,0.85
rolling,2017-12-25,60,1,multiclass_probability_sum,,0.0,0.85
rolling,2017-12-26,60,1,multiclass_probability_sum,,0.0,0.85
rolling,2017-12-27,60,1,multiclass_probability_sum,,0.0,0.85
rolling,2017-12-28,60,1,multiclass_probability_sum,,0.0,0.85
rolling,2017-12-29,60,1,multiclass_probability_sum,,0.0,0.85
rolling,2018-01-02,60,1,multiclass_probability_sum,,0.0,0.85
rolling,2018-01-03,60,1,multiclass_probability_sum,,0.0,0.85
rolling,2018-01-04,60,1,multiclass_probability_sum,,0.0,0.85
rolling,2018-01-05,60,1,multiclass_probability_sum,,0.0,0.85
rolling,2018-01-08,60,1,multiclass_probability_sum,,0.0,0.85
rolling,2018-01-09,60,1,multiclass_probability_sum,,0.0,0.85
rolling,2018-01-10,60,1,multiclass_probability_sum,,0.0,0.85
rolling,2018-01-11,60,1,multiclass_probability_sum,,0.0,0.85
rolling,2018-01-12,60,1,multiclass_probability_sum,,0.0,0.85
rolling,2018-01-15,60,1,multiclass_probability_sum,,0.0,0.85
rolling,2018-01-16,60,1,multiclass_probability_sum,,0.0,0.85
rolling,2018-01-17,60,1,multiclass_probability_sum,,0.0,0.85
rolling,2018-01-18,60,1,multiclass_probability_sum,,0.0,0.85
rolling,2018-01-19,60,1,multiclass_probability_sum,,0.0,0.85
rolling,2018-01-22,60,1,multiclass_probability_sum,,0.0,0.85
rolling,2018-01-25,60,1,multiclass_probability_sum,1.0,0.00980392156862745,0.8487394957983193
rolling,2018-01-26,60,1,multiclass_probability_sum,1.0,0.0196078431372549,0.847457627118644
rolling,2018-01-29,60,1,multiclass_probability_sum,1.0,0.029411764705882353,0.8461538461538461
rolling,2018-01-30,60,1,multiclass_probability_sum,1.0,0.0392156862745098,0.8448275862068966
rolling,2018-01-31,60,1,multiclass_probability_sum,1.0,0.049019607843137254,0.8434782608695652
rolling,2018-02-01,60,1,multiclass_probability_sum,1.0,0.049019607843137254,0.8434782608695652
rolling,2018-02-02,60,1,multiclass_probability_sum,1.0,0.058823529411764705,0.8421052631578947
rolling,2018-02-05,60,1,multiclass_probability_sum,1.0,0.058823529411764705,0.8421052631578947
rolling,2018-02-06,60,1,multiclass_probability_sum,1.0,0.058823529411764705,0.8421052631578947
rolling,2018-02-07,60,1,multiclass_probability_sum,1.0,0.058823529411764705,0.8421052631578947
rolling,2018-02-08,60,1,multiclass_probability_sum,1.0,0.058823529411764705,0.8421052631578947
rolling,2018-02-09,60,1,multiclass_probability_sum,1.0,0.058823529411764705,0.8421052631578947
rolling,2018-02-12,60,1,multiclass_probability_sum,1.0,0.058823529411764705,0.8421052631578947
rolling,2018-02-13,60,1,multiclass_probability_sum,1.0,0.058823529411764705,0.8421052631578947
rolling,2018-02-21,60,1,multiclass_probability_sum,1.0,0.058823529411764705,0.8421052631578947
rolling,2018-02-22,60,1,multiclass_probability_sum,1.0,0.06862745098039216,0.8407079646017699
rolling,2018-02-23,60,1,multiclass_probability_sum,1.0,0.0784313725490196,0.8392857142857143
rolling,2018-02-26,60,1,multiclass_probability_sum,1.0,0.08823529411764706,0.8378378378378378
rolling,2018-02-27,60,1,multiclass_probability_sum,0.9,0.0891089108910891,0.8363636363636363
rolling,2018-02-28,60,1,multiclass_probability_sum,0.9090909090909091,0.09900990099009901,0.8348623853211009
rolling,2018-03-01,60,1,multiclass_probability_sum,0.8333333333333334,0.1,0.8333333333333334
rolling,2018-03-02,60,1,multiclass_probability_sum,0.8461538461538461,0.11,0.8317757009345794
rolling,2018-03-05,60,1,multiclass_probability_sum,0.8571428571428571,0.12,0.8301886792452831
rolling,2018-03-06,60,1,multiclass_probability_sum,0.8,0.12121212121212122,0.8285714285714286
rolling,2018-03-07,60,1,multiclass_probability_sum,0.8125,0.13131313131313133,0.8269230769230769
rolling,2018-03-08,60,1,multiclass_probability_sum,0.8235294117647058,0.1414141414141414,0.8252427184466019
rolling,2018-03-09,60,1,multiclass_probability_sum,0.8333333333333334,0.15151515151515152,0.8235294117647058
rolling,2018-03-12,60,1,multiclass_probability_sum,0.8421052631578947,0.16161616161616163,0.8217821782178217
rolling,2018-03-13,60,1,multiclass_probability_sum,0.85,0.1717171717171717,0.82
rolling,2018-03-14,60,1,multiclass_probability_sum,0.8571428571428571,0.18181818181818182,0.8181818181818182
rolling,2018-03-15,60,1,multiclass_probability_sum,0.8636363636363636,0.1919191919191919,0.8163265306122449
rolling,2018-03-16,60,1,multiclass_probability_sum,0.8695652173913043,0.20202020202020202,0.8144329896907216
rolling,2018-03-19,60,1,multiclass_probability_sum,0.875,0.21212121212121213,0.8125
rolling,2018-03-20,60,1,multiclass_probability_sum,0.88,0.2222222222222222,0.8105263157894737
rolling,2018-03-21,60,1,multiclass_probability_sum,0.8846153846153846,0.23232323232323232,0.8085106382978723
rolling,2018-03-22,60,1,multiclass_probability_sum,0.8888888888888888,0.24242424242424243,0.8064516129032258
rolling,2018-03-23,60,1,multiclass_probability_sum,0.8928571428571429,0.25252525252525254,0.8043478260869565
rolling,2018-03-26,60,1,multiclass_probability_sum,0.896551724137931,0.26262626262626265,0.8021978021978022
rolling,2018-03-27,60,1,multiclass_probability_sum,0.9,0.2727272727272727,0.8
rolling,2018-03-28,60,1,multiclass_probability_sum,0.9032258064516129,0.2828282828282828,0.797752808988764
rolling,2018-03-29,60,1,multiclass_probability_sum,0.90625,0.29292929292929293,0.7954545454545454
rolling,2018-03-30,60,1,multiclass_probability_sum,0.9090909090909091,0.30303030303030304,0.7931034482758621
rolling,2018-04-02,60,1,multiclass_probability_sum,0.9117647058823529,0.31,0.8023255813953488
rolling,2018-04-03,60,1,multiclass_probability_sum,0.9142857142857143,0.31683168316831684,0.8117647058823529
rolling,2018-04-04,60,1,multiclass_probability_sum,0.9166666666666666,0.3235294117647059,0.8214285714285714
rolling,2018-04-05,60,1,multiclass_probability_sum,0.918918918918919,0.3300970873786408,0.8313253012048193
rolling,2018-04-06,60,1,multiclass_probability_sum,0.9210526315789473,0.33653846153846156,0.8414634146341463
rolling,2018-04-09,60,1,multiclass_probability_sum,0.9230769230769231,0.34285714285714286,0.8518518518518519
rolling,2018-04-10,60,1,multiclass_probability_sum,0.925,0.3490566037735849,0.8625
rolling,2018-04-11,60,1,multiclass_probability_sum,0.926829268292683,0.35514018691588783,0.8734177215189873
rolling,2018-04-12,60,1,multiclass_probability_sum,0.9285714285714286,0.3611111111111111,0.8846153846153846
rolling,2018-04-13,60,1,multiclass_probability_sum,0.9302325581395349,0.3669724770642202,0.8961038961038961
rolling,2018-04-16,60,1,multiclass_probability_sum,0.9318181818181818,0.37272727272727274,0.9078947368421053
rolling,2018-04-17,60,1,multiclass_probability_sum,0.9333333333333333,0.3783783783783784,0.92
rolling,2018-04-18,60,1,multiclass_probability_sum,0.9347826086956522,0.38392857142857145,0.9324324324324325
rolling,2018-04-19,60,1,multiclass_probability_sum,0.9361702127659575,0.3893805309734513,0.9452054794520548
rolling,2018-04-20,60,1,multiclass_probability_sum,0.9375,0.39473684210526316,0.9583333333333334
rolling,2018-04-23,60,1,multiclass_probability_sum,0.9387755102040817,0.4,0.971830985915493
rolling,2018-04-24,60,1,multiclass_probability_sum,0.94,0.4051724137931034,0.9857142857142858
rolling,2018-04-26,60,1,multiclass_probability_sum,0.9411764705882353,0.41025641025641024,1.0
rolling,2018-04-27,60,1,multiclass_probability_sum,0.9423076923076923,0.4188034188034188,1.0
rolling,2018-05-02,60,1,multiclass_probability_sum,0.9433962264150944,0.42735042735042733,1.0
rolling,2018-05-03,60,1,multiclass_probability_sum,0.9444444444444444,0.4358974358974359,1.0
rolling,2018-05-04,60,1,multiclass_probability_sum,0.9454545454545454,0.4444444444444444,1.0
rolling,2018-05-07,60,1,multiclass_probability_sum,0.9285714285714286,0.4482758620689655,1.0
rolling,2018-05-08,60,1,multiclass_probability_sum,0.9298245614035088,0.45689655172413796,1.0
rolling,2018-05-09,60,1,multiclass_probability_sum,0.9310344827586207,0.46551724137931033,1.0
rolling,2018-05-10,60,1,multiclass_probability_sum,0.9322033898305084,0.47413793103448276,1.0
rolling,2018-05-11,60,1,multiclass_probability_sum,0.9333333333333333,0.4827586206896552,1.0
rolling,2018-05-14,60,1,multiclass_probability_sum,0.9344262295081968,0.49137931034482757,1.0
rolling,2018-05-15,60,1,multiclass_probability_sum,0.9354838709677419,0.5,1.0
rolling,2018-05-16,60,1,multiclass_probability_sum,0.9365079365079365,0.5086206896551724,1.0
rolling,2018-05-17,60,1,multiclass_probability_sum,0.9365079365079365,0.5086206896551724,1.0
rolling,2018-05-18,60,1,multiclass_probability_sum,0.9375,0.5172413793103449,1.0
rolling,2018-05-21,60,1,multiclass_probability_sum,0.9375,0.5172413793103449,1.0
rolling,2018-05-22,60,1,multiclass_probability_sum,0.9375,0.5172413793103449,1.0
rolling,2018-05-23,60,1,multiclass_probability_sum,0.9375,0.5172413793103449,1.0
rolling,2018-05-24,60,1,multiclass_probability_sum,0.9375,0.5172413793103449,1.0
rolling,2018-05-25,60,1,multiclass_probability_sum,0.9375,0.5172413793103449,1.0
rolling,2018-05-28,60,1,multiclass_probability_sum,0.9375,0.5172413793103449,1.0
rolling,2018-05-29,60,1,multiclass_probability_sum,0.9375,0.5172413793103449,1.0
rolling,2018-05-30,60,1,multiclass_probability_sum,0.9375,0.5172413793103449,1.0
rolling,2018-05-31,60,1,multiclass_probability_sum,0.9375,0.5172413793103449,1.0
rolling,2018-06-01,60,1,multiclass_probability_sum,0.9375,0.5172413793103449,1.0
rolling,2018-06-04,60,1,multiclass_probability_sum,0.9375,0.5172413793103449,1.0
rolling,2018-06-05,60,1,multiclass_probability_sum,0.9375,0.5172413793103449,1.0
rolling,2018-06-06,60,1,multiclass_probability_sum,0.9375,0.5172413793103449,1.0
rolling,2018-06-07,60,1,multiclass_probability_sum,0.9375,0.5172413793103449,1.0
rolling,2018-06-08,60,1,multiclass_probability_sum,0.9375,0.5172413793103449,1.0
rolling,2018-06-11,60,1,multiclass_probability_sum,0.9375,0.5172413793103449,1.0
rolling,2018-06-12,60,1,multiclass_probability_sum,0.9375,0.5172413793103449,1.0
rolling,2018-06-13,60,1,multiclass_probability_sum,0.9384615384615385,0.5258620689655172,1.0
rolling,2018-06-14,60,1,multiclass_probability_sum,0.9384615384615385,0.5258620689655172,1.0
rolling,2018-06-15,60,1,multiclass_probability_sum,0.9384615384615385,0.5258620689655172,1.0
rolling,2018-06-18,60,1,multiclass_probability_sum,0.9384615384615385,0.5258620689655172,1.0
rolling,2018-06-19,60,1,multiclass_probability_sum,0.9384615384615385,0.5258620689655172,1.0
rolling,2018-06-20,60,1,multiclass_probability_sum,0.9384615384615385,0.5258620689655172,1.0
rolling,2018-06-21,60,1,multiclass_probability_sum,0.9384615384615385,0.5258620689655172,1.0
rolling,2018-06-22,60,1,multiclass_probability_sum,0.9384615384615385,0.5304347826086957,0.9818181818181818
rolling,2018-06-25,60,1,multiclass_probability_sum,0.9384615384615385,0.5304347826086957,0.9818181818181818
rolling,2018-06-26,60,1,multiclass_probability_sum,0.9384615384615385,0.5350877192982456,0.9636363636363636
rolling,2018-06-27,60,1,multiclass_probability_sum,0.9384615384615385,0.5350877192982456,0.9636363636363636
rolling,2018-06-28,60,1,multiclass_probability_sum,0.9384615384615385,0.5350877192982456,0.9636363636363636
rolling,2018-06-29,60,1,multiclass_probability_sum,0.9384615384615385,0.5350877192982456,0.9636363636363636
rolling,2018-07-02,60,1,multiclass_probability_sum,0.9384615384615385,0.5350877192982456,0.9636363636363636
rolling,2018-07-03,60,1,multiclass_probability_sum,0.9384615384615385,0.5350877192982456,0.9636363636363636
rolling,2018-07-04,60,1,multiclass_probability_sum,0.9384615384615385,0.5398230088495575,0.9454545454545454
rolling,2018-07-05,60,1,multiclass_probability_sum,0.9384615384615385,0.5398230088495575,0.9454545454545454
rolling,2018-07-06,60,1,multiclass_probability_sum,0.9384615384615385,0.5446428571428571,0.9272727272727272
rolling,2018-07-09,60,1,multiclass_probability_sum,0.9384615384615385,0.5446428571428571,0.9272727272727272
rolling,2018-07-10,60,1,multiclass_probability_sum,0.9384615384615385,0.5446428571428571,0.9272727272727272
rolling,2018-07-11,60,1,multiclass_probability_sum,0.9384615384615385,0.5446428571428571,0.9272727272727272
rolling,2018-07-12,60,1,multiclass_probability_sum,0.9384615384615385,0.5446428571428571,0.9272727272727272
rolling,2018-07-13,60,1,multiclass_probability_sum,0.9384615384615385,0.5446428571428571,0.9272727272727272
rolling,2018-07-16,60,1,multiclass_probability_sum,0.9384615384615385,0.5446428571428571,0.9272727272727272
rolling,2018-07-17,60,1,multiclass_probability_sum,0.9384615384615385,0.5446428571428571,0.9272727272727272
rolling,2018-07-18,60,1,multiclass_probability_sum,0.9384615384615385,0.5446428571428571,0.9272727272727272
rolling,2018-07-19,60,1,multiclass_probability_sum,0.9384615384615385,0.5446428571428571,0.9272727272727272
rolling,2018-07-20,60,1,multiclass_probability_sum,0.9384615384615385,0.5446428571428571,0.9272727272727272
rolling,2018-07-23,60,1,multiclass_probability_sum,0.9384615384615385,0.5446428571428571,0.9272727272727272
rolling,2018-07-24,60,1,multiclass_probability_sum,0.9375,0.5357142857142857,0.9285714285714286
rolling,2018-07-25,60,1,multiclass_probability_sum,0.9365079365079365,0.5267857142857143,0.9298245614035088
rolling,2018-07-26,60,1,multiclass_probability_sum,0.9354838709677419,0.5178571428571429,0.9310344827586207
rolling,2018-07-27,60,1,multiclass_probability_sum,0.9344262295081968,0.5089285714285714,0.9322033898305084
rolling,2018-07-30,60,1,multiclass_probability_sum,0.9333333333333333,0.5,0.9333333333333333
rolling,2018-07-31,60,1,multiclass_probability_sum,0.9333333333333333,0.5,0.9333333333333333
rolling,2018-08-01,60,1,multiclass_probability_sum,0.9322033898305084,0.49107142857142855,0.9344262295081968
rolling,2018-08-02,60,1,multiclass_probability_sum,0.9333333333333333,0.5,0.9333333333333333
rolling,2018-08-03,60,1,multiclass_probability_sum,0.9344262295081968,0.5089285714285714,0.9322033898305084
rolling,2018-08-06,60,1,multiclass_probability_sum,0.9354838709677419,0.5178571428571429,0.9310344827586207
rolling,2018-08-07,60,1,multiclass_probability_sum,0.9354838709677419,0.5178571428571429,0.9310344827586207
rolling,2018-08-08,60,1,multiclass_probability_sum,0.9365079365079365,0.5267857142857143,0.9298245614035088
rolling,2018-08-09,60,1,multiclass_probability_sum,0.9365079365079365,0.5267857142857143,0.9298245614035088
rolling,2018-08-10,60,1,multiclass_probability_sum,0.9365079365079365,0.5267857142857143,0.9298245614035088
rolling,2018-08-13,60,1,multiclass_probability_sum,0.9375,0.5357142857142857,0.9285714285714286
rolling,2018-08-14,60,1,multiclass_probability_sum,0.9375,0.5357142857142857,0.9285714285714286
rolling,2018-08-15,60,1,multiclass_probability_sum,0.9365079365079365,0.5267857142857143,0.9298245614035088
rolling,2018-08-16,60,1,multiclass_probability_sum,0.9365079365079365,0.5267857142857143,0.9298245614035088
rolling,2018-08-17,60,1,multiclass_probability_sum,0.9523809523809523,0.5309734513274337,0.9298245614035088
rolling,2018-08-20,60,1,multiclass_probability_sum,0.9523809523809523,0.5309734513274337,0.9298245614035088
rolling,2018-08-21,60,1,multiclass_probability_sum,0.9682539682539683,0.5350877192982456,0.9298245614035088
rolling,2018-08-22,60,1,multiclass_probability_sum,0.9682539682539683,0.5350877192982456,0.9298245614035088
rolling,2018-08-23,60,1,multiclass_probability_sum,0.9682539682539683,0.5350877192982456,0.9298245614035088
rolling,2018-08-24,60,1,multiclass_probability_sum,0.9841269841269841,0.5391304347826087,0.9298245614035088
rolling,2018-08-27,60,1,multiclass_probability_sum,0.9841269841269841,0.5391304347826087,0.9298245614035088
rolling,2018-08-28,60,1,multiclass_probability_sum,0.9841269841269841,0.5391304347826087,0.9298245614035088
rolling,2018-08-29,60,1,multiclass_probability_sum,0.9841269841269841,0.5391304347826087,0.9298245614035088
rolling,2018-08-30,60,1,multiclass_probability_sum,0.9841269841269841,0.5391304347826087,0.9298245614035088
rolling,2018-08-31,60,1,multiclass_probability_sum,0.9841269841269841,0.5391304347826087,0.9298245614035088
rolling,2018-09-04,60,1,multiclass_probability_sum,0.9841269841269841,0.5391304347826087,0.9298245614035088
rolling,2018-09-05,60,1,multiclass_probability_sum,0.9841269841269841,0.5391304347826087,0.9298245614035088
rolling,2018-09-06,60,1,multiclass_probability_sum,0.9838709677419355,0.5304347826086957,0.9310344827586207
rolling,2018-09-07,60,1,multiclass_probability_sum,0.9838709677419355,0.5304347826086957,0.9310344827586207
rolling,2018-09-10,60,1,multiclass_probability_sum,0.9836065573770492,0.5217391304347826,0.9322033898305084
rolling,2018-09-11,60,1,multiclass_probability_sum,0.9833333333333333,0.5130434782608696,0.9333333333333333
rolling,2018-09-12,60,1,multiclass_probability_sum,0.9830508474576272,0.5043478260869565,0.9344262295081968
rolling,2018-09-13,60,1,multiclass_probability_sum,0.9827586206896551,0.4956521739130435,0.9354838709677419
rolling,2018-09-14,60,1,multiclass_probability_sum,0.9824561403508771,0.48695652173913045,0.9365079365079365
rolling,2018-09-17,60,1,multiclass_probability_sum,0.9821428571428571,0.4782608695652174,0.9375
rolling,2018-09-18,60,1,multiclass_probability_sum,0.9821428571428571,0.4782608695652174,0.9375
rolling,2018-09-19,60,1,multiclass_probability_sum,0.9821428571428571,0.4782608695652174,0.9375
rolling,2018-09-20,60,1,multiclass_probability_sum,0.9821428571428571,0.4782608695652174,0.9375
rolling,2018-09-21,60,1,multiclass_probability_sum,0.9821428571428571,0.4782608695652174,0.9375
rolling,2018-09-24,60,1,multiclass_probability_sum,0.9821428571428571,0.4782608695652174,0.9375
rolling,2018-09-25,60,1,multiclass_probability_sum,0.9821428571428571,0.4782608695652174,0.9375
rolling,2018-09-26,60,1,multiclass_probability_sum,0.9821428571428571,0.4782608695652174,0.9375
rolling,2018-09-27,60,1,multiclass_probability_sum,0.9821428571428571,0.4782608695652174,0.9375
rolling,2018-09-28,60,1,multiclass_probability_sum,0.9821428571428571,0.4782608695652174,0.9375
rolling,2018-10-01,60,1,multiclass_probability_sum,0.9821428571428571,0.4782608695652174,0.9375
rolling,2018-10-02,60,1,multiclass_probability_sum,0.9821428571428571,0.4782608695652174,0.9375
rolling,2018-10-03,60,1,multiclass_probability_sum,0.9821428571428571,0.4782608695652174,0.9375
rolling,2018-10-04,60,1,multiclass_probability_sum,0.9821428571428571,0.4782608695652174,0.9375
rolling,2018-10-05,60,1,multiclass_probability_sum,0.9821428571428571,0.4782608695652174,0.9375
rolling,2018-10-08,60,1,multiclass_probability_sum,0.9821428571428571,0.4782608695652174,0.9375
rolling,2018-10-09,60,1,multiclass_probability_sum,0.9821428571428571,0.4782608695652174,0.9375
rolling,2018-10-10,60,1,multiclass_probability_sum,0.9821428571428571,0.4782608695652174,0.9375
rolling,2018-10-11,60,1,multiclass_probability_sum,0.9821428571428571,0.4782608695652174,0.9375
rolling,2018-10-12,60,1,multiclass_probability_sum,0.9821428571428571,0.4782608695652174,0.9375
rolling,2018-10-15,60,1,multiclass_probability_sum,0.9821428571428571,0.4782608695652174,0.9375
rolling,2018-10-16,60,1,multiclass_probability_sum,0.9821428571428571,0.4782608695652174,0.9375
rolling,2018-10-17,60,1,multiclass_probability_sum,0.9821428571428571,0.4782608695652174,0.9375
rolling,2018-10-18,60,1,multiclass_probability_sum,0.9821428571428571,0.4782608695652174,0.9375
rolling,2018-10-19,60,1,multiclass_probability_sum,0.9818181818181818,0.46956521739130436,0.9384615384615385
rolling,2018-10-22,60,1,multiclass_probability_sum,0.9814814814814815,0.4608695652173913,0.9393939393939394
rolling,2018-10-23,60,1,multiclass_probability_sum,1.0,0.45689655172413796,0.9402985074626866
rolling,2018-10-24,60,1,multiclass_probability_sum,1.0,0.4482758620689655,0.9411764705882353
rolling,2018-10-25,60,1,multiclass_probability_sum,1.0,0.4396551724137931,0.9420289855072463
rolling,2018-10-26,60,1,multiclass_probability_sum,1.0,0.43103448275862066,0.9428571428571428
rolling,2018-10-29,60,1,multiclass_probability_sum,1.0,0.4224137931034483,0.9436619718309859
rolling,2018-10-30,60,1,multiclass_probability_sum,1.0,0.41379310344827586,0.9444444444444444
rolling,2018-10-31,60,1,multiclass_probability_sum,1.0,0.4051724137931034,0.9452054794520548
rolling,2018-11-01,60,1,multiclass_probability_sum,1.0,0.39655172413793105,0.9459459459459459
rolling,2018-11-02,60,1,multiclass_probability_sum,1.0,0.39655172413793105,0.9459459459459459
rolling,2018-11-05,60,1,multiclass_probability_sum,1.0,0.3879310344827586,0.9466666666666667
rolling,2018-11-06,60,1,multiclass_probability_sum,1.0,0.3879310344827586,0.9466666666666667
rolling,2018-11-07,60,1,multiclass_probability_sum,1.0,0.3879310344827586,0.9466666666666667
rolling,2018-11-08,60,1,multiclass_probability_sum,1.0,0.3879310344827586,0.9466666666666667
rolling,2018-11-09,60,1,multiclass_probability_sum,1.0,0.3879310344827586,0.9466666666666667
rolling,2018-11-12,60,1,multiclass_probability_sum,1.0,0.3879310344827586,0.9466666666666667
rolling,2018-11-13,60,1,multiclass_probability_sum,1.0,0.3879310344827586,0.9466666666666667
rolling,2018-11-14,60,1,multiclass_probability_sum,1.0,0.3879310344827586,0.9466666666666667
rolling,2018-11-15,60,1,multiclass_probability_sum,1.0,0.3879310344827586,0.9466666666666667
rolling,2018-11-16,60,1,multiclass_probability_sum,1.0,0.3879310344827586,0.9466666666666667
rolling,2018-11-19,60,1,multiclass_probability_sum,1.0,0.3879310344827586,0.9466666666666667
rolling,2018-11-20,60,1,multiclass_probability_sum,1.0,0.3879310344827586,0.9466666666666667
rolling,2018-11-21,60,1,multiclass_probability_sum,1.0,0.3879310344827586,0.9466666666666667
rolling,2018-11-22,60,1,multiclass_probability_sum,1.0,0.3879310344827586,0.9466666666666667
rolling,2018-11-23,60,1,multiclass_probability_sum,1.0,0.3879310344827586,0.9466666666666667
rolling,2018-11-26,60,1,multiclass_probability_sum,1.0,0.3879310344827586,0.9466666666666667
rolling,2018-11-27,60,1,multiclass_probability_sum,1.0,0.3879310344827586,0.9466666666666667
rolling,2018-11-28,60,1,multiclass_probability_sum,1.0,0.3879310344827586,0.9466666666666667
rolling,2018-11-29,60,1,multiclass_probability_sum,1.0,0.3793103448275862,0.9473684210526315
rolling,2018-11-30,60,1,multiclass_probability_sum,1.0,0.3793103448275862,0.9473684210526315
rolling,2018-12-03,60,1,multiclass_probability_sum,1.0,0.3793103448275862,0.9473684210526315
rolling,2018-12-04,60,1,multiclass_probability_sum,1.0,0.3793103448275862,0.9473684210526315
rolling,2018-12-05,60,1,multiclass_probability_sum,1.0,0.3793103448275862,0.9473684210526315
rolling,2018-12-06,60,1,multiclass_probability_sum,1.0,0.3793103448275862,0.9473684210526315
rolling,2018-12-07,60,1,multiclass_probability_sum,1.0,0.3793103448275862,0.9473684210526315
rolling,2018-12-10,60,1,multiclass_probability_sum,1.0,0.37606837606837606,0.9605263157894737
rolling,2018-12-11,60,1,multiclass_probability_sum,1.0,0.37606837606837606,0.9605263157894737
rolling,2018-12-12,60,1,multiclass_probability_sum,1.0,0.3728813559322034,0.9736842105263158
rolling,2018-12-13,60,1,multiclass_probability_sum,1.0,0.3728813559322034,0.9736842105263158
rolling,2018-12-14,60,1,multiclass_probability_sum,1.0,0.3728813559322034,0.9736842105263158
rolling,2018-12-17,60,1,multiclass_probability_sum,1.0,0.3728813559322034,0.9736842105263158
rolling,2018-12-18,60,1,multiclass_probability_sum,1.0,0.3728813559322034,0.9736842105263158
rolling,2018-12-19,60,1,multiclass_probability_sum,1.0,0.3728813559322034,0.9736842105263158
rolling,2018-12-20,60,1,multiclass_probability_sum,1.0,0.3697478991596639,0.9868421052631579
rolling,2018-12-21,60,1,multiclass_probability_sum,1.0,0.3697478991596639,0.9868421052631579
rolling,2018-12-24,60,1,multiclass_probability_sum,1.0,0.36666666666666664,1.0
rolling,2018-12-25,60,1,multiclass_probability_sum,1.0,0.36666666666666664,1.0
rolling,2018-12-26,60,1,multiclass_probability_sum,1.0,0.36666666666666664,1.0
rolling,2018-12-27,60,1,multiclass_probability_sum,1.0,0.36666666666666664,1.0
rolling,2018-12-28,60,1,multiclass_probability_sum,1.0,0.36666666666666664,1.0
rolling,2019-01-02,60,1,multiclass_probability_sum,1.0,0.36666666666666664,1.0
rolling,2019-01-03,60,1,multiclass_probability_sum,1.0,0.36666666666666664,1.0
rolling,2019-01-04,60,1,multiclass_probability_sum,1.0,0.36666666666666664,1.0
rolling,2019-01-07,60,1,multiclass_probability_sum,1.0,0.36666666666666664,1.0
rolling,2019-01-08,60,1,multiclass_probability_sum,1.0,0.36666666666666664,1.0
rolling,2019-01-09,60,1,multiclass_probability_sum,1.0,0.36666666666666664,1.0
rolling,2019-01-10,60,1,multiclass_probability_sum,1.0,0.36666666666666664,1.0
rolling,2019-01-11,60,1,multiclass_probability_sum,1.0,0.36666666666666664,1.0
rolling,2017-11-21,60,1,candidate_risk_off,,0.0,0.008333333333333333
rolling,2017-11-22,60,1,candidate_risk_off,,0.0,0.016666666666666666
rolling,2017-11-23,60,1,candidate_risk_off,,0.0,0.025
rolling,2017-11-24,60,1,candidate_risk_off,,0.0,0.03333333333333333
rolling,2017-11-27,60,1,candidate_risk_off,,0.0,0.041666666666666664
rolling,2017-11-28,60,1,candidate_risk_off,,0.0,0.05
rolling,2017-11-29,60,1,candidate_risk_off,,0.0,0.058333333333333334
rolling,2017-11-30,60,1,candidate_risk_off,,0.0,0.06666666666666667
rolling,2017-12-01,60,1,candidate_risk_off,,0.0,0.075
rolling,2017-12-04,60,1,candidate_risk_off,,0.0,0.08333333333333333
rolling,2017-12-05,60,1,candidate_risk_off,,0.0,0.09166666666666666
rolling,2017-12-06,60,1,candidate_risk_off,,0.0,0.1
rolling,2017-12-07,60,1,candidate_risk_off,,0.0,0.10833333333333334
rolling,2017-12-08,60,1,candidate_risk_off,,0.0,0.11666666666666667
rolling,2017-12-11,60,1,candidate_risk_off,,0.0,0.125
rolling,2017-12-12,60,1,candidate_risk_off,,0.0,0.13333333333333333
rolling,2017-12-13,60,1,candidate_risk_off,,0.0,0.13333333333333333
rolling,2017-12-14,60,1,candidate_risk_off,,0.0,0.14166666666666666
rolling,2017-12-15,60,1,candidate_risk_off,,0.0,0.15
rolling,2017-12-18,60,1,candidate_risk_off,,0.0,0.15833333333333333
rolling,2017-12-19,60,1,candidate_risk_off,,0.0,0.15833333333333333
rolling,2017-12-20,60,1,candidate_risk_off,,0.0,0.15833333333333333
rolling,2017-12-21,60,1,candidate_risk_off,,0.0,0.15833333333333333
rolling,2017-12-22,60,1,candidate_risk_off,,0.0,0.15833333333333333
rolling,2017-12-25,60,1,candidate_risk_off,,0.0,0.15833333333333333
rolling,2017-12-26,60,1,candidate_risk_off,,0.0,0.15833333333333333
rolling,2017-12-27,60,1,candidate_risk_off,,0.0,0.15833333333333333
rolling,2017-12-28,60,1,candidate_risk_off,,0.0,0.15833333333333333
rolling,2017-12-29,60,1,candidate_risk_off,,0.0,0.15833333333333333
rolling,2018-01-02,60,1,candidate_risk_off,,0.0,0.16666666666666666
rolling,2018-01-03,60,1,candidate_risk_off,,0.0,0.175
rolling,2018-01-04,60,1,candidate_risk_off,,0.0,0.18333333333333332
rolling,2018-01-05,60,1,candidate_risk_off,,0.0,0.19166666666666668
rolling,2018-01-08,60,1,candidate_risk_off,,0.0,0.2
rolling,2018-01-09,60,1,candidate_risk_off,,0.0,0.20833333333333334
rolling,2018-01-10,60,1,candidate_risk_off,,0.0,0.21666666666666667
rolling,2018-01-11,60,1,candidate_risk_off,,0.0,0.225
rolling,2018-01-12,60,1,candidate_risk_off,,0.0,0.23333333333333334
rolling,2018-01-15,60,1,candidate_risk_off,,0.0,0.24166666666666667
rolling,2018-01-16,60,1,candidate_risk_off,,0.0,0.25
rolling,2018-01-17,60,1,candidate_risk_off,,0.0,0.25833333333333336
rolling,2018-01-18,60,1,candidate_risk_off,,0.0,0.26666666666666666
rolling,2018-01-19,60,1,candidate_risk_off,,0.0,0.275
rolling,2018-01-22,60,1,candidate_risk_off,,0.0,0.2833333333333333
rolling,2018-01-25,60,1,candidate_risk_off,1.0,0.02857142857142857,0.2857142857142857
rolling,2018-01-26,60,1,candidate_risk_off,1.0,0.05555555555555555,0.288135593220339
rolling,2018-01-29,60,1,candidate_risk_off,1.0,0.08108108108108109,0.2905982905982906
rolling,2018-01-30,60,1,candidate_risk_off,1.0,0.10526315789473684,0.29310344827586204
rolling,2018-01-31,60,1,candidate_risk_off,1.0,0.1282051282051282,0.2956521739130435
rolling,2018-02-01,60,1,candidate_risk_off,1.0,0.125,0.30434782608695654
rolling,2018-02-02,60,1,candidate_risk_off,1.0,0.14634146341463414,0.30701754385964913
rolling,2018-02-05,60,1,candidate_risk_off,1.0,0.14634146341463414,0.30701754385964913
rolling,2018-02-06,60,1,candidate_risk_off,1.0,0.14634146341463414,0.30701754385964913
rolling,2018-02-07,60,1,candidate_risk_off,1.0,0.14634146341463414,0.30701754385964913
rolling,2018-02-08,60,1,candidate_risk_off,1.0,0.14634146341463414,0.30701754385964913
rolling,2018-02-09,60,1,candidate_risk_off,1.0,0.14634146341463414,0.30701754385964913
rolling,2018-02-12,60,1,candidate_risk_off,1.0,0.14634146341463414,0.30701754385964913
rolling,2018-02-13,60,1,candidate_risk_off,1.0,0.14634146341463414,0.30701754385964913
rolling,2018-02-21,60,1,candidate_risk_off,1.0,0.14634146341463414,0.30701754385964913
rolling,2018-02-22,60,1,candidate_risk_off,0.8571428571428571,0.14634146341463414,0.30973451327433627
rolling,2018-02-23,60,1,candidate_risk_off,0.75,0.14634146341463414,0.3125
rolling,2018-02-26,60,1,candidate_risk_off,0.6666666666666666,0.14634146341463414,0.3153153153153153
rolling,2018-02-27,60,1,candidate_risk_off,0.6,0.14634146341463414,0.3181818181818182
rolling,2018-02-28,60,1,candidate_risk_off,0.5454545454545454,0.14634146341463414,0.3211009174311927
rolling,2018-03-01,60,1,candidate_risk_off,0.5,0.14634146341463414,0.32407407407407407
rolling,2018-03-02,60,1,candidate_risk_off,0.46153846153846156,0.14634146341463414,0.32710280373831774
rolling,2018-03-05,60,1,candidate_risk_off,0.42857142857142855,0.14634146341463414,0.330188679245283
rolling,2018-03-06,60,1,candidate_risk_off,0.4,0.14634146341463414,0.3333333333333333
rolling,2018-03-07,60,1,candidate_risk_off,0.375,0.14634146341463414,0.33653846153846156
rolling,2018-03-08,60,1,candidate_risk_off,0.35294117647058826,0.14634146341463414,0.33980582524271846
rolling,2018-03-09,60,1,candidate_risk_off,0.3333333333333333,0.14634146341463414,0.3431372549019608
rolling,2018-03-12,60,1,candidate_risk_off,0.3157894736842105,0.14634146341463414,0.3465346534653465
rolling,2018-03-13,60,1,candidate_risk_off,0.3,0.14634146341463414,0.35
rolling,2018-03-14,60,1,candidate_risk_off,0.2857142857142857,0.14634146341463414,0.35353535353535354
rolling,2018-03-15,60,1,candidate_risk_off,0.2727272727272727,0.14634146341463414,0.35714285714285715
rolling,2018-03-16,60,1,candidate_risk_off,0.30434782608695654,0.16666666666666666,0.36082474226804123
rolling,2018-03-19,60,1,candidate_risk_off,0.3333333333333333,0.18604651162790697,0.3645833333333333
rolling,2018-03-20,60,1,candidate_risk_off,0.36,0.20454545454545456,0.3684210526315789
rolling,2018-03-21,60,1,candidate_risk_off,0.38461538461538464,0.2222222222222222,0.3723404255319149
rolling,2018-03-22,60,1,candidate_risk_off,0.4074074074074074,0.2391304347826087,0.3763440860215054
rolling,2018-03-23,60,1,candidate_risk_off,0.42857142857142855,0.2553191489361702,0.3804347826086957
rolling,2018-03-26,60,1,candidate_risk_off,0.4482758620689655,0.2708333333333333,0.38461538461538464
rolling,2018-03-27,60,1,candidate_risk_off,0.4666666666666667,0.2857142857142857,0.3888888888888889
rolling,2018-03-28,60,1,candidate_risk_off,0.4838709677419355,0.3,0.39325842696629215
rolling,2018-03-29,60,1,candidate_risk_off,0.5,0.3137254901960784,0.3977272727272727
rolling,2018-03-30,60,1,candidate_risk_off,0.5151515151515151,0.3269230769230769,0.40229885057471265
rolling,2018-04-02,60,1,candidate_risk_off,0.5294117647058824,0.33962264150943394,0.4069767441860465
rolling,2018-04-03,60,1,candidate_risk_off,0.5428571428571428,0.35185185185185186,0.4117647058823529
rolling,2018-04-04,60,1,candidate_risk_off,0.5555555555555556,0.36363636363636365,0.4166666666666667
rolling,2018-04-05,60,1,candidate_risk_off,0.5675675675675675,0.375,0.42168674698795183
rolling,2018-04-06,60,1,candidate_risk_off,0.5789473684210527,0.38596491228070173,0.4268292682926829
rolling,2018-04-09,60,1,candidate_risk_off,0.5897435897435898,0.39655172413793105,0.43209876543209874
rolling,2018-04-10,60,1,candidate_risk_off,0.6,0.4067796610169492,0.4375
rolling,2018-04-11,60,1,candidate_risk_off,0.6097560975609756,0.4166666666666667,0.4430379746835443
rolling,2018-04-12,60,1,candidate_risk_off,0.6190476190476191,0.4262295081967213,0.44871794871794873
rolling,2018-04-13,60,1,candidate_risk_off,0.6046511627906976,0.4262295081967213,0.45454545454545453
rolling,2018-04-16,60,1,candidate_risk_off,0.5909090909090909,0.4262295081967213,0.4605263157894737
rolling,2018-04-17,60,1,candidate_risk_off,0.5777777777777777,0.4262295081967213,0.4666666666666667
rolling,2018-04-18,60,1,candidate_risk_off,0.5652173913043478,0.4262295081967213,0.47297297297297297
rolling,2018-04-19,60,1,candidate_risk_off,0.5531914893617021,0.4262295081967213,0.4794520547945205
rolling,2018-04-20,60,1,candidate_risk_off,0.5416666666666666,0.4262295081967213,0.4861111111111111
rolling,2018-04-23,60,1,candidate_risk_off,0.5306122448979592,0.4262295081967213,0.49295774647887325
rolling,2018-04-24,60,1,candidate_risk_off,0.52,0.4262295081967213,0.5
rolling,2018-04-26,60,1,candidate_risk_off,0.5098039215686274,0.4262295081967213,0.5072463768115942
rolling,2018-04-27,60,1,candidate_risk_off,0.5,0.4262295081967213,0.5147058823529411
rolling,2018-05-02,60,1,candidate_risk_off,0.49056603773584906,0.4262295081967213,0.5223880597014925
rolling,2018-05-03,60,1,candidate_risk_off,0.48148148148148145,0.4262295081967213,0.5303030303030303
rolling,2018-05-04,60,1,candidate_risk_off,0.4727272727272727,0.4262295081967213,0.5384615384615384
rolling,2018-05-07,60,1,candidate_risk_off,0.4642857142857143,0.4262295081967213,0.546875
rolling,2018-05-08,60,1,candidate_risk_off,0.45614035087719296,0.4262295081967213,0.5555555555555556
rolling,2018-05-09,60,1,candidate_risk_off,0.4482758620689655,0.4262295081967213,0.5645161290322581
rolling,2018-05-10,60,1,candidate_risk_off,0.4406779661016949,0.4262295081967213,0.5737704918032787
rolling,2018-05-11,60,1,candidate_risk_off,0.43333333333333335,0.4262295081967213,0.5833333333333334
rolling,2018-05-14,60,1,candidate_risk_off,0.4262295081967213,0.4262295081967213,0.5932203389830508
rolling,2018-05-15,60,1,candidate_risk_off,0.41935483870967744,0.4262295081967213,0.603448275862069
rolling,2018-05-16,60,1,candidate_risk_off,0.4126984126984127,0.4262295081967213,0.6140350877192983
rolling,2018-05-17,60,1,candidate_risk_off,0.4126984126984127,0.4262295081967213,0.6140350877192983
rolling,2018-05-18,60,1,candidate_risk_off,0.40625,0.4262295081967213,0.625
rolling,2018-05-21,60,1,candidate_risk_off,0.40625,0.4262295081967213,0.625
rolling,2018-05-22,60,1,candidate_risk_off,0.40625,0.4262295081967213,0.625
rolling,2018-05-23,60,1,candidate_risk_off,0.40625,0.43333333333333335,0.6071428571428571
rolling,2018-05-24,60,1,candidate_risk_off,0.40625,0.4406779661016949,0.5892857142857143
rolling,2018-05-25,60,1,candidate_risk_off,0.40625,0.4482758620689655,0.5714285714285714
rolling,2018-05-28,60,1,candidate_risk_off,0.40625,0.45614035087719296,0.5535714285714286
rolling,2018-05-29,60,1,candidate_risk_off,0.40625,0.4642857142857143,0.5357142857142857
rolling,2018-05-30,60,1,candidate_risk_off,0.40625,0.4727272727272727,0.5178571428571429
rolling,2018-05-31,60,1,candidate_risk_off,0.40625,0.48148148148148145,0.5
rolling,2018-06-01,60,1,candidate_risk_off,0.40625,0.49056603773584906,0.48214285714285715
rolling,2018-06-04,60,1,candidate_risk_off,0.40625,0.5,0.4642857142857143
rolling,2018-06-05,60,1,candidate_risk_off,0.40625,0.5098039215686274,0.44642857142857145
rolling,2018-06-06,60,1,candidate_risk_off,0.40625,0.52,0.42857142857142855
rolling,2018-06-07,60,1,candidate_risk_off,0.40625,0.5306122448979592,0.4107142857142857
rolling,2018-06-08,60,1,candidate_risk_off,0.40625,0.5416666666666666,0.39285714285714285
rolling,2018-06-11,60,1,candidate_risk_off,0.40625,0.5531914893617021,0.375
rolling,2018-06-12,60,1,candidate_risk_off,0.40625,0.5652173913043478,0.35714285714285715
rolling,2018-06-13,60,1,candidate_risk_off,0.4,0.5777777777777777,0.34545454545454546
rolling,2018-06-14,60,1,candidate_risk_off,0.4,0.5777777777777777,0.34545454545454546
rolling,2018-06-15,60,1,candidate_risk_off,0.4,0.5909090909090909,0.32727272727272727
rolling,2018-06-18,60,1,candidate_risk_off,0.4,0.6046511627906976,0.3090909090909091
rolling,2018-06-19,60,1,candidate_risk_off,0.4,0.6190476190476191,0.2909090909090909
rolling,2018-06-20,60,1,candidate_risk_off,0.4,0.6190476190476191,0.2909090909090909
rolling,2018-06-21,60,1,candidate_risk_off,0.4,0.6190476190476191,0.2909090909090909
rolling,2018-06-22,60,1,candidate_risk_off,0.4,0.6190476190476191,0.2909090909090909
rolling,2018-06-25,60,1,candidate_risk_off,0.4,0.6190476190476191,0.2909090909090909
rolling,2018-06-26,60,1,candidate_risk_off,0.4,0.6190476190476191,0.2909090909090909
rolling,2018-06-27,60,1,candidate_risk_off,0.4,0.6190476190476191,0.2909090909090909
rolling,2018-06-28,60,1,candidate_risk_off,0.4,0.6190476190476191,0.2909090909090909
rolling,2018-06-29,60,1,candidate_risk_off,0.4,0.6190476190476191,0.2909090909090909
rolling,2018-07-02,60,1,candidate_risk_off,0.4,0.6190476190476191,0.2909090909090909
rolling,2018-07-03,60,1,candidate_risk_off,0.4,0.6341463414634146,0.2727272727272727
rolling,2018-07-04,60,1,candidate_risk_off,0.4,0.65,0.2545454545454545
rolling,2018-07-05,60,1,candidate_risk_off,0.4,0.6666666666666666,0.23636363636363636
rolling,2018-07-06,60,1,candidate_risk_off,0.4,0.6842105263157895,0.21818181818181817
rolling,2018-07-09,60,1,candidate_risk_off,0.4,0.7027027027027027,0.2
rolling,2018-07-10,60,1,candidate_risk_off,0.4,0.7222222222222222,0.18181818181818182
rolling,2018-07-11,60,1,candidate_risk_off,0.4,0.7428571428571429,0.16363636363636364
rolling,2018-07-12,60,1,candidate_risk_off,0.4,0.7647058823529411,0.14545454545454545
rolling,2018-07-13,60,1,candidate_risk_off,0.4,0.7878787878787878,0.12727272727272726
rolling,2018-07-16,60,1,candidate_risk_off,0.4,0.8125,0.10909090909090909
rolling,2018-07-17,60,1,candidate_risk_off,0.4,0.8387096774193549,0.09090909090909091
rolling,2018-07-18,60,1,candidate_risk_off,0.4,0.8666666666666667,0.07272727272727272
rolling,2018-07-19,60,1,candidate_risk_off,0.4,0.896551724137931,0.05454545454545454
rolling,2018-07-20,60,1,candidate_risk_off,0.4,0.9285714285714286,0.03636363636363636
rolling,2018-07-23,60,1,candidate_risk_off,0.4,0.9629629629629629,0.01818181818181818
rolling,2018-07-24,60,1,candidate_risk_off,0.390625,0.9615384615384616,0.017857142857142856
rolling,2018-07-25,60,1,candidate_risk_off,0.38095238095238093,0.96,0.017543859649122806
rolling,2018-07-26,60,1,candidate_risk_off,0.3709677419354839,0.9583333333333334,0.017241379310344827
rolling,2018-07-27,60,1,candidate_risk_off,0.36065573770491804,0.9565217391304348,0.01694915254237288
rolling,2018-07-30,60,1,candidate_risk_off,0.35,0.9545454545454546,0.016666666666666666
rolling,2018-07-31,60,1,candidate_risk_off,0.35,1.0,0.0
rolling,2018-08-01,60,1,candidate_risk_off,0.3389830508474576,1.0,0.0
rolling,2018-08-02,60,1,candidate_risk_off,0.3333333333333333,1.0,0.0
rolling,2018-08-03,60,1,candidate_risk_off,0.32786885245901637,1.0,0.0
rolling,2018-08-06,60,1,candidate_risk_off,0.3225806451612903,1.0,0.0
rolling,2018-08-07,60,1,candidate_risk_off,0.3225806451612903,1.0,0.0
rolling,2018-08-08,60,1,candidate_risk_off,0.31746031746031744,1.0,0.0
rolling,2018-08-09,60,1,candidate_risk_off,0.31746031746031744,1.0,0.0
rolling,2018-08-10,60,1,candidate_risk_off,0.31746031746031744,1.0,0.0
rolling,2018-08-13,60,1,candidate_risk_off,0.3125,1.0,0.0
rolling,2018-08-14,60,1,candidate_risk_off,0.3125,1.0,0.0
rolling,2018-08-15,60,1,candidate_risk_off,0.31746031746031744,1.0,0.0
rolling,2018-08-16,60,1,candidate_risk_off,0.31746031746031744,1.0,0.0
rolling,2018-08-17,60,1,candidate_risk_off,0.31746031746031744,1.0,0.0
rolling,2018-08-20,60,1,candidate_risk_off,0.31746031746031744,1.0,0.0
rolling,2018-08-21,60,1,candidate_risk_off,0.31746031746031744,1.0,0.0
rolling,2018-08-22,60,1,candidate_risk_off,0.31746031746031744,1.0,0.0
rolling,2018-08-23,60,1,candidate_risk_off,0.31746031746031744,1.0,0.0
rolling,2018-08-24,60,1,candidate_risk_off,0.31746031746031744,1.0,0.0
rolling,2018-08-27,60,1,candidate_risk_off,0.31746031746031744,1.0,0.0
rolling,2018-08-28,60,1,candidate_risk_off,0.31746031746031744,1.0,0.0
rolling,2018-08-29,60,1,candidate_risk_off,0.31746031746031744,1.0,0.0
rolling,2018-08-30,60,1,candidate_risk_off,0.31746031746031744,1.0,0.0
rolling,2018-08-31,60,1,candidate_risk_off,0.31746031746031744,1.0,0.0
rolling,2018-09-04,60,1,candidate_risk_off,0.31746031746031744,1.0,0.0
rolling,2018-09-05,60,1,candidate_risk_off,0.31746031746031744,1.0,0.0
rolling,2018-09-06,60,1,candidate_risk_off,0.3064516129032258,1.0,0.0
rolling,2018-09-07,60,1,candidate_risk_off,0.2903225806451613,1.0,0.0
rolling,2018-09-10,60,1,candidate_risk_off,0.2786885245901639,1.0,0.0
rolling,2018-09-11,60,1,candidate_risk_off,0.26666666666666666,1.0,0.0
rolling,2018-09-12,60,1,candidate_risk_off,0.2542372881355932,1.0,0.0
rolling,2018-09-13,60,1,candidate_risk_off,0.2413793103448276,1.0,0.0
rolling,2018-09-14,60,1,candidate_risk_off,0.22807017543859648,1.0,0.0
rolling,2018-09-17,60,1,candidate_risk_off,0.21428571428571427,1.0,0.0
rolling,2018-09-18,60,1,candidate_risk_off,0.19642857142857142,1.0,0.0
rolling,2018-09-19,60,1,candidate_risk_off,0.17857142857142858,1.0,0.0
rolling,2018-09-20,60,1,candidate_risk_off,0.16071428571428573,1.0,0.0
rolling,2018-09-21,60,1,candidate_risk_off,0.14285714285714285,1.0,0.0
rolling,2018-09-24,60,1,candidate_risk_off,0.125,1.0,0.0
rolling,2018-09-25,60,1,candidate_risk_off,0.10714285714285714,1.0,0.0
rolling,2018-09-26,60,1,candidate_risk_off,0.08928571428571429,1.0,0.0
rolling,2018-09-27,60,1,candidate_risk_off,0.07142857142857142,1.0,0.0
rolling,2018-09-28,60,1,candidate_risk_off,0.05357142857142857,1.0,0.0
rolling,2018-10-01,60,1,candidate_risk_off,0.03571428571428571,1.0,0.0
rolling,2018-10-02,60,1,candidate_risk_off,0.017857142857142856,1.0,0.0
rolling,2018-10-03,60,1,candidate_risk_off,0.0,,0.0
rolling,2018-10-04,60,1,candidate_risk_off,0.0,,0.0
rolling,2018-10-05,60,1,candidate_risk_off,0.0,,0.0
rolling,2018-10-08,60,1,candidate_risk_off,0.0,,0.0
rolling,2018-10-09,60,1,candidate_risk_off,0.0,,0.0
rolling,2018-10-10,60,1,candidate_risk_off,0.0,,0.0
rolling,2018-10-11,60,1,candidate_risk_off,0.0,,0.0
rolling,2018-10-12,60,1,candidate_risk_off,0.0,,0.0
rolling,2018-10-15,60,1,candidate_risk_off,0.0,,0.0
rolling,2018-10-16,60,1,candidate_risk_off,0.0,,0.0
rolling,2018-10-17,60,1,candidate_risk_off,0.0,,0.0
rolling,2018-10-18,60,1,candidate_risk_off,0.0,,0.0
rolling,2018-10-19,60,1,candidate_risk_off,0.0,,0.0
rolling,2018-10-22,60,1,candidate_risk_off,0.0,,0.0
rolling,2018-10-23,60,1,candidate_risk_off,0.0,,0.0
rolling,2018-10-24,60,1,candidate_risk_off,0.0,,0.0
rolling,2018-10-25,60,1,candidate_risk_off,0.0,,0.0
rolling,2018-10-26,60,1,candidate_risk_off,0.0,,0.0
rolling,2018-10-29,60,1,candidate_risk_off,0.0,,0.0
rolling,2018-10-30,60,1,candidate_risk_off,0.0,,0.0
rolling,2018-10-31,60,1,candidate_risk_off,0.0,,0.0
rolling,2018-11-01,60,1,candidate_risk_off,0.0,,0.0
rolling,2018-11-02,60,1,candidate_risk_off,0.0,,0.0
rolling,2018-11-05,60,1,candidate_risk_off,0.0,,0.0
rolling,2018-11-06,60,1,candidate_risk_off,0.0,,0.0
rolling,2018-11-07,60,1,candidate_risk_off,0.0,,0.0
rolling,2018-11-08,60,1,candidate_risk_off,0.0,,0.0
rolling,2018-11-09,60,1,candidate_risk_off,0.0,,0.0
rolling,2018-11-12,60,1,candidate_risk_off,0.0,0.0,0.013333333333333334
rolling,2018-11-13,60,1,candidate_risk_off,0.0,0.0,0.013333333333333334
rolling,2018-11-14,60,1,candidate_risk_off,0.0,0.0,0.013333333333333334
rolling,2018-11-15,60,1,candidate_risk_off,0.0,0.0,0.013333333333333334
rolling,2018-11-16,60,1,candidate_risk_off,0.0,0.0,0.013333333333333334
rolling,2018-11-19,60,1,candidate_risk_off,0.0,0.0,0.013333333333333334
rolling,2018-11-20,60,1,candidate_risk_off,0.0,0.0,0.013333333333333334
rolling,2018-11-21,60,1,candidate_risk_off,0.0,0.0,0.013333333333333334
rolling,2018-11-22,60,1,candidate_risk_off,0.0,0.0,0.013333333333333334
rolling,2018-11-23,60,1,candidate_risk_off,0.0,0.0,0.013333333333333334
rolling,2018-11-26,60,1,candidate_risk_off,0.0,0.0,0.013333333333333334
rolling,2018-11-27,60,1,candidate_risk_off,0.0,0.0,0.013333333333333334
rolling,2018-11-28,60,1,candidate_risk_off,0.0,0.0,0.013333333333333334
rolling,2018-11-29,60,1,candidate_risk_off,0.0,0.0,0.013157894736842105
rolling,2018-11-30,60,1,candidate_risk_off,0.0,0.0,0.013157894736842105
rolling,2018-12-03,60,1,candidate_risk_off,0.0,0.0,0.013157894736842105
rolling,2018-12-04,60,1,candidate_risk_off,0.0,0.0,0.013157894736842105
rolling,2018-12-05,60,1,candidate_risk_off,0.0,0.0,0.013157894736842105
rolling,2018-12-06,60,1,candidate_risk_off,0.0,0.0,0.013157894736842105
rolling,2018-12-07,60,1,candidate_risk_off,0.0,0.0,0.013157894736842105
rolling,2018-12-10,60,1,candidate_risk_off,0.0,0.0,0.013157894736842105
rolling,2018-12-11,60,1,candidate_risk_off,0.0,0.0,0.013157894736842105
rolling,2018-12-12,60,1,candidate_risk_off,0.0,0.0,0.02631578947368421
rolling,2018-12-13,60,1,candidate_risk_off,0.0,0.0,0.039473684210526314
rolling,2018-12-14,60,1,candidate_risk_off,0.0,0.0,0.05263157894736842
rolling,2018-12-17,60,1,candidate_risk_off,0.0,0.0,0.05263157894736842
rolling,2018-12-18,60,1,candidate_risk_off,0.0,0.0,0.05263157894736842
rolling,2018-12-19,60,1,candidate_risk_off,0.0,0.0,0.05263157894736842
rolling,2018-12-20,60,1,candidate_risk_off,0.0,0.0,0.05263157894736842
rolling,2018-12-21,60,1,candidate_risk_off,0.0,0.0,0.05263157894736842
rolling,2018-12-24,60,1,candidate_risk_off,0.0,0.0,0.05263157894736842
rolling,2018-12-25,60,1,candidate_risk_off,0.0,0.0,0.05263157894736842
rolling,2018-12-26,60,1,candidate_risk_off,0.0,0.0,0.05263157894736842
rolling,2018-12-27,60,1,candidate_risk_off,0.0,0.0,0.05263157894736842
rolling,2018-12-28,60,1,candidate_risk_off,0.0,0.0,0.05263157894736842
rolling,2019-01-02,60,1,candidate_risk_off,0.0,0.0,0.05263157894736842
rolling,2019-01-03,60,1,candidate_risk_off,0.0,0.0,0.05263157894736842
rolling,2019-01-04,60,1,candidate_risk_off,0.0,0.0,0.05263157894736842
rolling,2019-01-07,60,1,candidate_risk_off,0.0,0.0,0.05263157894736842
rolling,2019-01-08,60,1,candidate_risk_off,0.0,0.0,0.05263157894736842
rolling,2019-01-09,60,1,candidate_risk_off,0.0,0.0,0.05263157894736842
rolling,2019-01-10,60,1,candidate_risk_off,0.0,0.0,0.05263157894736842
rolling,2019-01-11,60,1,candidate_risk_off,0.0,0.0,0.05263157894736842
rolling,2019-03-15,60,2,multiclass_probability_sum,1.0,0.2,1.0
rolling,2019-03-18,60,2,multiclass_probability_sum,1.0,0.21951219512195122,1.0
rolling,2019-03-19,60,2,multiclass_probability_sum,1.0,0.23809523809523808,1.0
rolling,2019-03-20,60,2,multiclass_probability_sum,1.0,0.2558139534883721,1.0
rolling,2019-03-21,60,2,multiclass_probability_sum,1.0,0.25,1.0
rolling,2019-03-22,60,2,multiclass_probability_sum,1.0,0.24444444444444444,1.0
rolling,2019-03-25,60,2,multiclass_probability_sum,1.0,0.2391304347826087,1.0
rolling,2019-03-26,60,2,multiclass_probability_sum,1.0,0.23404255319148937,1.0
rolling,2019-03-27,60,2,multiclass_probability_sum,1.0,0.22916666666666666,1.0
rolling,2019-03-28,60,2,multiclass_probability_sum,1.0,0.22448979591836735,1.0
rolling,2019-03-29,60,2,multiclass_probability_sum,1.0,0.24,1.0
rolling,2019-04-01,60,2,multiclass_probability_sum,1.0,0.2549019607843137,1.0
rolling,2019-04-02,60,2,multiclass_probability_sum,1.0,0.25,1.0
rolling,2019-04-03,60,2,multiclass_probability_sum,1.0,0.24528301886792453,1.0
rolling,2019-04-04,60,2,multiclass_probability_sum,1.0,0.24074074074074073,1.0
rolling,2019-04-05,60,2,multiclass_probability_sum,1.0,0.23636363636363636,1.0
rolling,2019-04-08,60,2,multiclass_probability_sum,1.0,0.23214285714285715,1.0
rolling,2019-04-09,60,2,multiclass_probability_sum,1.0,0.22807017543859648,1.0
rolling,2019-04-10,60,2,multiclass_probability_sum,1.0,0.22413793103448276,1.0
rolling,2019-04-11,60,2,multiclass_probability_sum,1.0,0.22033898305084745,1.0
rolling,2019-04-12,60,2,multiclass_probability_sum,1.0,0.21666666666666667,1.0
rolling,2019-04-16,60,2,multiclass_probability_sum,1.0,0.21311475409836064,1.0
rolling,2019-04-17,60,2,multiclass_probability_sum,1.0,0.20967741935483872,1.0
rolling,2019-04-18,60,2,multiclass_probability_sum,1.0,0.20634920634920634,1.0
rolling,2019-04-19,60,2,multiclass_probability_sum,1.0,0.203125,1.0
rolling,2019-04-22,60,2,multiclass_probability_sum,1.0,0.2,1.0
rolling,2019-04-23,60,2,multiclass_probability_sum,1.0,0.19696969696969696,1.0
rolling,2019-04-24,60,2,multiclass_probability_sum,1.0,0.19402985074626866,1.0
rolling,2019-04-25,60,2,multiclass_probability_sum,1.0,0.19117647058823528,1.0
rolling,2019-04-26,60,2,multiclass_probability_sum,1.0,0.18840579710144928,1.0
rolling,2019-05-02,60,2,multiclass_probability_sum,1.0,0.18571428571428572,1.0
rolling,2019-05-03,60,2,multiclass_probability_sum,1.0,0.18309859154929578,1.0
rolling,2019-05-06,60,2,multiclass_probability_sum,1.0,0.18055555555555555,1.0
rolling,2019-05-07,60,2,multiclass_probability_sum,1.0,0.1780821917808219,1.0
rolling,2019-05-08,60,2,multiclass_probability_sum,1.0,0.17567567567567569,1.0
rolling,2019-05-09,60,2,multiclass_probability_sum,1.0,0.17333333333333334,1.0
rolling,2019-05-10,60,2,multiclass_probability_sum,1.0,0.17105263157894737,1.0
rolling,2019-05-13,60,2,multiclass_probability_sum,1.0,0.16883116883116883,1.0
rolling,2019-05-14,60,2,multiclass_probability_sum,1.0,0.16666666666666666,1.0
rolling,2019-05-15,60,2,multiclass_probability_sum,1.0,0.16455696202531644,1.0
rolling,2019-05-16,60,2,multiclass_probability_sum,1.0,0.1625,1.0
rolling,2019-05-17,60,2,multiclass_probability_sum,1.0,0.16049382716049382,1.0
rolling,2019-05-20,60,2,multiclass_probability_sum,1.0,0.15853658536585366,1.0
rolling,2019-05-21,60,2,multiclass_probability_sum,1.0,0.1566265060240964,1.0
rolling,2019-05-22,60,2,multiclass_probability_sum,1.0,0.15476190476190477,1.0
rolling,2019-05-23,60,2,multiclass_probability_sum,1.0,0.15294117647058825,1.0
rolling,2019-05-24,60,2,multiclass_probability_sum,1.0,0.1511627906976744,1.0
rolling,2019-05-27,60,2,multiclass_probability_sum,1.0,0.14942528735632185,1.0
rolling,2019-05-28,60,2,multiclass_probability_sum,1.0,0.14772727272727273,1.0
rolling,2019-05-29,60,2,multiclass_probability_sum,1.0,0.14606741573033707,1.0
rolling,2019-05-30,60,2,multiclass_probability_sum,1.0,0.14444444444444443,1.0
rolling,2019-05-31,60,2,multiclass_probability_sum,1.0,0.14285714285714285,1.0
rolling,2019-06-03,60,2,multiclass_probability_sum,1.0,0.14130434782608695,1.0
rolling,2019-06-04,60,2,multiclass_probability_sum,1.0,0.13978494623655913,1.0
rolling,2019-06-05,60,2,multiclass_probability_sum,1.0,0.13829787234042554,1.0
rolling,2019-06-06,60,2,multiclass_probability_sum,1.0,0.1368421052631579,1.0
rolling,2019-06-07,60,2,multiclass_probability_sum,1.0,0.13541666666666666,1.0
rolling,2019-06-10,60,2,multiclass_probability_sum,1.0,0.13402061855670103,1.0
rolling,2019-06-11,60,2,multiclass_probability_sum,1.0,0.1326530612244898,1.0
rolling,2019-06-12,60,2,multiclass_probability_sum,1.0,0.13131313131313133,1.0
rolling,2019-06-13,60,2,multiclass_probability_sum,1.0,0.13,1.0
rolling,2019-06-14,60,2,multiclass_probability_sum,1.0,0.12871287128712872,1.0
rolling,2019-06-17,60,2,multiclass_probability_sum,1.0,0.12745098039215685,1.0
rolling,2019-06-18,60,2,multiclass_probability_sum,1.0,0.1262135922330097,1.0
rolling,2019-06-19,60,2,multiclass_probability_sum,1.0,0.125,1.0
rolling,2019-06-20,60,2,multiclass_probability_sum,1.0,0.12380952380952381,1.0
rolling,2019-06-21,60,2,multiclass_probability_sum,1.0,0.12264150943396226,1.0
rolling,2019-06-24,60,2,multiclass_probability_sum,1.0,0.12149532710280374,1.0
rolling,2019-06-25,60,2,multiclass_probability_sum,1.0,0.12037037037037036,1.0
rolling,2019-06-26,60,2,multiclass_probability_sum,1.0,0.11926605504587157,1.0
rolling,2019-06-27,60,2,multiclass_probability_sum,1.0,0.11818181818181818,1.0
rolling,2019-06-28,60,2,multiclass_probability_sum,1.0,0.11711711711711711,1.0
rolling,2019-07-01,60,2,multiclass_probability_sum,1.0,0.11607142857142858,1.0
rolling,2019-07-02,60,2,multiclass_probability_sum,1.0,0.11504424778761062,1.0
rolling,2019-07-03,60,2,multiclass_probability_sum,1.0,0.11403508771929824,1.0
rolling,2019-07-04,60,2,multiclass_probability_sum,1.0,0.11304347826086956,1.0
rolling,2019-07-05,60,2,multiclass_probability_sum,1.0,0.11206896551724138,1.0
rolling,2019-07-08,60,2,multiclass_probability_sum,1.0,0.1111111111111111,1.0
rolling,2019-07-09,60,2,multiclass_probability_sum,1.0,0.11016949152542373,1.0
rolling,2019-07-10,60,2,multiclass_probability_sum,1.0,0.1092436974789916,1.0
rolling,2019-07-11,60,2,multiclass_probability_sum,1.0,0.10833333333333334,1.0
rolling,2019-07-12,60,2,multiclass_probability_sum,1.0,0.10833333333333334,1.0
rolling,2019-07-15,60,2,multiclass_probability_sum,1.0,0.10833333333333334,1.0
rolling,2019-07-16,60,2,multiclass_probability_sum,1.0,0.10833333333333334,1.0
rolling,2019-07-17,60,2,multiclass_probability_sum,1.0,0.10833333333333334,1.0
rolling,2019-07-18,60,2,multiclass_probability_sum,1.0,0.10833333333333334,1.0
rolling,2019-07-19,60,2,multiclass_probability_sum,1.0,0.10833333333333334,1.0
rolling,2019-07-22,60,2,multiclass_probability_sum,1.0,0.10833333333333334,1.0
rolling,2019-07-23,60,2,multiclass_probability_sum,1.0,0.10833333333333334,1.0
rolling,2019-07-24,60,2,multiclass_probability_sum,1.0,0.10833333333333334,1.0
rolling,2019-07-25,60,2,multiclass_probability_sum,1.0,0.10833333333333334,1.0
rolling,2019-07-26,60,2,multiclass_probability_sum,1.0,0.10833333333333334,1.0
rolling,2019-07-29,60,2,multiclass_probability_sum,1.0,0.10833333333333334,1.0
rolling,2019-07-30,60,2,multiclass_probability_sum,1.0,0.10833333333333334,1.0
rolling,2019-07-31,60,2,multiclass_probability_sum,1.0,0.10833333333333334,1.0
rolling,2019-08-01,60,2,multiclass_probability_sum,1.0,0.10833333333333334,1.0
rolling,2019-08-02,60,2,multiclass_probability_sum,1.0,0.10833333333333334,1.0
rolling,2019-08-05,60,2,multiclass_probability_sum,1.0,0.10833333333333334,1.0
rolling,2019-08-06,60,2,multiclass_probability_sum,1.0,0.10833333333333334,1.0
rolling,2019-08-07,60,2,multiclass_probability_sum,1.0,0.10833333333333334,1.0
rolling,2019-08-08,60,2,multiclass_probability_sum,1.0,0.10833333333333334,1.0
rolling,2019-08-09,60,2,multiclass_probability_sum,1.0,0.10833333333333334,1.0
rolling,2019-08-12,60,2,multiclass_probability_sum,1.0,0.10833333333333334,1.0
rolling,2019-08-13,60,2,multiclass_probability_sum,1.0,0.10833333333333334,1.0
rolling,2019-08-14,60,2,multiclass_probability_sum,1.0,0.10833333333333334,1.0
rolling,2019-08-15,60,2,multiclass_probability_sum,1.0,0.10833333333333334,1.0
rolling,2019-08-16,60,2,multiclass_probability_sum,1.0,0.10833333333333334,1.0
rolling,2019-08-19,60,2,multiclass_probability_sum,1.0,0.10833333333333334,1.0
rolling,2019-08-20,60,2,multiclass_probability_sum,1.0,0.10833333333333334,1.0
rolling,2019-08-21,60,2,multiclass_probability_sum,1.0,0.10833333333333334,1.0
rolling,2019-08-22,60,2,multiclass_probability_sum,1.0,0.10833333333333334,1.0
rolling,2019-08-23,60,2,multiclass_probability_sum,1.0,0.10833333333333334,1.0
rolling,2019-08-26,60,2,multiclass_probability_sum,1.0,0.1,1.0
rolling,2019-08-27,60,2,multiclass_probability_sum,1.0,0.09166666666666666,1.0
rolling,2019-08-28,60,2,multiclass_probability_sum,1.0,0.08333333333333333,1.0
rolling,2019-08-29,60,2,multiclass_probability_sum,1.0,0.075,1.0
rolling,2019-08-30,60,2,multiclass_probability_sum,1.0,0.075,1.0
rolling,2019-09-03,60,2,multiclass_probability_sum,1.0,0.06666666666666667,1.0
rolling,2019-09-04,60,2,multiclass_probability_sum,1.0,0.058333333333333334,1.0
rolling,2019-09-05,60,2,multiclass_probability_sum,1.0,0.05,1.0
rolling,2019-09-06,60,2,multiclass_probability_sum,1.0,0.041666666666666664,1.0
rolling,2019-09-09,60,2,multiclass_probability_sum,1.0,0.03333333333333333,1.0
rolling,2019-09-10,60,2,multiclass_probability_sum,1.0,0.025,1.0
rolling,2019-09-11,60,2,multiclass_probability_sum,1.0,0.016666666666666666,1.0
rolling,2019-09-12,60,2,multiclass_probability_sum,1.0,0.016666666666666666,1.0
rolling,2019-09-13,60,2,multiclass_probability_sum,1.0,0.025,1.0
rolling,2019-09-16,60,2,multiclass_probability_sum,1.0,0.03333333333333333,1.0
rolling,2019-09-17,60,2,multiclass_probability_sum,1.0,0.041666666666666664,1.0
rolling,2019-09-18,60,2,multiclass_probability_sum,1.0,0.05,1.0
rolling,2019-09-19,60,2,multiclass_probability_sum,1.0,0.058333333333333334,1.0
rolling,2019-09-20,60,2,multiclass_probability_sum,1.0,0.058333333333333334,1.0
rolling,2019-09-23,60,2,multiclass_probability_sum,1.0,0.058333333333333334,1.0
rolling,2019-09-24,60,2,multiclass_probability_sum,1.0,0.06666666666666667,1.0
rolling,2019-09-25,60,2,multiclass_probability_sum,1.0,0.075,1.0
rolling,2019-09-26,60,2,multiclass_probability_sum,1.0,0.08333333333333333,1.0
rolling,2019-09-27,60,2,multiclass_probability_sum,1.0,0.09166666666666666,1.0
rolling,2019-09-30,60,2,multiclass_probability_sum,1.0,0.1,1.0
rolling,2019-10-01,60,2,multiclass_probability_sum,1.0,0.10833333333333334,1.0
rolling,2019-10-02,60,2,multiclass_probability_sum,1.0,0.11666666666666667,1.0
rolling,2019-10-03,60,2,multiclass_probability_sum,1.0,0.125,1.0
rolling,2019-10-04,60,2,multiclass_probability_sum,1.0,0.13333333333333333,1.0
rolling,2019-10-07,60,2,multiclass_probability_sum,1.0,0.13333333333333333,1.0
rolling,2019-10-08,60,2,multiclass_probability_sum,1.0,0.14166666666666666,1.0
rolling,2019-10-09,60,2,multiclass_probability_sum,1.0,0.15,1.0
rolling,2019-10-10,60,2,multiclass_probability_sum,1.0,0.15833333333333333,1.0
rolling,2019-10-11,60,2,multiclass_probability_sum,1.0,0.16666666666666666,1.0
rolling,2019-10-14,60,2,multiclass_probability_sum,1.0,0.175,1.0
rolling,2019-10-15,60,2,multiclass_probability_sum,1.0,0.18333333333333332,1.0
rolling,2019-10-16,60,2,multiclass_probability_sum,1.0,0.19166666666666668,1.0
rolling,2019-10-17,60,2,multiclass_probability_sum,1.0,0.2,1.0
rolling,2019-10-18,60,2,multiclass_probability_sum,1.0,0.20833333333333334,1.0
rolling,2019-10-21,60,2,multiclass_probability_sum,1.0,0.20833333333333334,1.0
rolling,2019-10-22,60,2,multiclass_probability_sum,1.0,0.21666666666666667,1.0
rolling,2019-10-23,60,2,multiclass_probability_sum,1.0,0.21666666666666667,1.0
rolling,2019-10-24,60,2,multiclass_probability_sum,1.0,0.21666666666666667,1.0
rolling,2019-10-25,60,2,multiclass_probability_sum,1.0,0.225,1.0
rolling,2019-10-28,60,2,multiclass_probability_sum,1.0,0.225,1.0
rolling,2019-10-29,60,2,multiclass_probability_sum,1.0,0.225,1.0
rolling,2019-10-30,60,2,multiclass_probability_sum,1.0,0.23333333333333334,1.0
rolling,2019-10-31,60,2,multiclass_probability_sum,1.0,0.24166666666666667,1.0
rolling,2019-11-01,60,2,multiclass_probability_sum,1.0,0.25,1.0
rolling,2019-11-04,60,2,multiclass_probability_sum,1.0,0.25833333333333336,1.0
rolling,2019-11-05,60,2,multiclass_probability_sum,1.0,0.26666666666666666,1.0
rolling,2019-11-06,60,2,multiclass_probability_sum,1.0,0.275,1.0
rolling,2019-11-07,60,2,multiclass_probability_sum,1.0,0.2833333333333333,1.0
rolling,2019-11-08,60,2,multiclass_probability_sum,1.0,0.2916666666666667,1.0
rolling,2019-11-11,60,2,multiclass_probability_sum,1.0,0.3,1.0
rolling,2019-11-12,60,2,multiclass_probability_sum,1.0,0.30833333333333335,1.0
rolling,2019-11-13,60,2,multiclass_probability_sum,1.0,0.31666666666666665,1.0
rolling,2019-11-14,60,2,multiclass_probability_sum,1.0,0.325,1.0
rolling,2019-11-15,60,2,multiclass_probability_sum,1.0,0.3333333333333333,1.0
rolling,2019-11-18,60,2,multiclass_probability_sum,1.0,0.3416666666666667,1.0
rolling,2019-11-19,60,2,multiclass_probability_sum,1.0,0.35,1.0
rolling,2019-11-20,60,2,multiclass_probability_sum,1.0,0.35833333333333334,1.0
rolling,2019-11-21,60,2,multiclass_probability_sum,1.0,0.36666666666666664,1.0
rolling,2019-11-22,60,2,multiclass_probability_sum,1.0,0.375,1.0
rolling,2019-11-25,60,2,multiclass_probability_sum,1.0,0.38333333333333336,1.0
rolling,2019-11-26,60,2,multiclass_probability_sum,1.0,0.39166666666666666,1.0
rolling,2019-11-27,60,2,multiclass_probability_sum,1.0,0.4,1.0
rolling,2019-11-28,60,2,multiclass_probability_sum,1.0,0.4083333333333333,1.0
rolling,2019-11-29,60,2,multiclass_probability_sum,1.0,0.4166666666666667,1.0
rolling,2019-12-02,60,2,multiclass_probability_sum,1.0,0.425,1.0
rolling,2019-12-03,60,2,multiclass_probability_sum,1.0,0.43333333333333335,1.0
rolling,2019-12-04,60,2,multiclass_probability_sum,1.0,0.44166666666666665,1.0
rolling,2019-12-05,60,2,multiclass_probability_sum,1.0,0.45,1.0
rolling,2019-12-06,60,2,multiclass_probability_sum,1.0,0.4583333333333333,1.0
rolling,2019-12-09,60,2,multiclass_probability_sum,1.0,0.4666666666666667,1.0
rolling,2019-12-10,60,2,multiclass_probability_sum,1.0,0.475,1.0
rolling,2019-12-11,60,2,multiclass_probability_sum,1.0,0.48333333333333334,1.0
rolling,2019-12-12,60,2,multiclass_probability_sum,1.0,0.49166666666666664,1.0
rolling,2019-12-13,60,2,multiclass_probability_sum,1.0,0.5,1.0
rolling,2019-12-16,60,2,multiclass_probability_sum,1.0,0.5083333333333333,1.0
rolling,2019-12-17,60,2,multiclass_probability_sum,1.0,0.5166666666666667,1.0
rolling,2019-12-18,60,2,multiclass_probability_sum,1.0,0.525,1.0
rolling,2019-12-19,60,2,multiclass_probability_sum,1.0,0.5333333333333333,1.0
rolling,2019-12-20,60,2,multiclass_probability_sum,1.0,0.5416666666666666,1.0
rolling,2019-12-23,60,2,multiclass_probability_sum,1.0,0.55,1.0
rolling,2019-12-24,60,2,multiclass_probability_sum,1.0,0.5583333333333333,1.0
rolling,2019-12-25,60,2,multiclass_probability_sum,1.0,0.5666666666666667,1.0
rolling,2019-12-26,60,2,multiclass_probability_sum,1.0,0.575,1.0
rolling,2019-12-27,60,2,multiclass_probability_sum,1.0,0.5833333333333334,1.0
rolling,2019-12-30,60,2,multiclass_probability_sum,1.0,0.5916666666666667,1.0
rolling,2019-12-31,60,2,multiclass_probability_sum,1.0,0.6,1.0
rolling,2020-01-02,60,2,multiclass_probability_sum,1.0,0.6083333333333333,1.0
rolling,2020-01-03,60,2,multiclass_probability_sum,1.0,0.6166666666666667,1.0
rolling,2020-01-06,60,2,multiclass_probability_sum,1.0,0.625,1.0
rolling,2020-01-07,60,2,multiclass_probability_sum,1.0,0.6333333333333333,1.0
rolling,2020-01-08,60,2,multiclass_probability_sum,1.0,0.6416666666666667,1.0
rolling,2020-01-09,60,2,multiclass_probability_sum,1.0,0.65,1.0
rolling,2020-01-10,60,2,multiclass_probability_sum,1.0,0.6583333333333333,1.0
rolling,2020-01-13,60,2,multiclass_probability_sum,1.0,0.6666666666666666,1.0
rolling,2020-01-14,60,2,multiclass_probability_sum,1.0,0.675,1.0
rolling,2020-01-15,60,2,multiclass_probability_sum,1.0,0.6833333333333333,1.0
rolling,2020-01-16,60,2,multiclass_probability_sum,0.9879518072289156,0.6890756302521008,1.0
rolling,2020-01-17,60,2,multiclass_probability_sum,0.9761904761904762,0.6949152542372882,1.0
rolling,2020-01-20,60,2,multiclass_probability_sum,0.9647058823529412,0.7008547008547008,1.0
rolling,2020-01-21,60,2,multiclass_probability_sum,0.9534883720930233,0.7068965517241379,1.0
rolling,2020-01-22,60,2,multiclass_probability_sum,0.9425287356321839,0.7130434782608696,1.0
rolling,2020-01-30,60,2,multiclass_probability_sum,0.9431818181818182,0.7217391304347827,1.0
rolling,2020-01-31,60,2,multiclass_probability_sum,0.9438202247191011,0.7304347826086957,1.0
rolling,2020-02-03,60,2,multiclass_probability_sum,0.9444444444444444,0.7391304347826086,1.0
rolling,2020-02-04,60,2,multiclass_probability_sum,0.945054945054945,0.7478260869565218,1.0
rolling,2020-02-05,60,2,multiclass_probability_sum,0.9456521739130435,0.7565217391304347,1.0
rolling,2020-02-06,60,2,multiclass_probability_sum,0.946236559139785,0.7652173913043478,1.0
rolling,2020-02-07,60,2,multiclass_probability_sum,0.9468085106382979,0.7739130434782608,1.0
rolling,2020-02-10,60,2,multiclass_probability_sum,0.9473684210526315,0.782608695652174,1.0
rolling,2020-02-11,60,2,multiclass_probability_sum,0.9479166666666666,0.7913043478260869,1.0
rolling,2020-02-12,60,2,multiclass_probability_sum,0.9484536082474226,0.8,1.0
rolling,2020-02-13,60,2,multiclass_probability_sum,0.9489795918367347,0.808695652173913,1.0
rolling,2020-02-14,60,2,multiclass_probability_sum,0.9494949494949495,0.8173913043478261,1.0
rolling,2020-02-17,60,2,multiclass_probability_sum,0.95,0.8260869565217391,1.0
rolling,2020-02-18,60,2,multiclass_probability_sum,0.9504950495049505,0.8347826086956521,1.0
rolling,2020-02-19,60,2,multiclass_probability_sum,0.9509803921568627,0.8434782608695652,1.0
rolling,2020-02-20,60,2,multiclass_probability_sum,0.9514563106796117,0.8521739130434782,1.0
rolling,2020-02-21,60,2,multiclass_probability_sum,0.9519230769230769,0.8608695652173913,1.0
rolling,2020-02-24,60,2,multiclass_probability_sum,0.9523809523809523,0.8695652173913043,1.0
rolling,2020-02-25,60,2,multiclass_probability_sum,0.9528301886792453,0.8782608695652174,1.0
rolling,2020-02-26,60,2,multiclass_probability_sum,0.9532710280373832,0.8869565217391304,1.0
rolling,2020-02-27,60,2,multiclass_probability_sum,0.9537037037037037,0.8956521739130435,1.0
rolling,2020-02-28,60,2,multiclass_probability_sum,0.9541284403669725,0.9043478260869565,1.0
rolling,2020-03-02,60,2,multiclass_probability_sum,0.9545454545454546,0.9130434782608695,1.0
rolling,2020-03-03,60,2,multiclass_probability_sum,0.954954954954955,0.9217391304347826,1.0
rolling,2020-03-04,60,2,multiclass_probability_sum,0.9553571428571429,0.9304347826086956,1.0
rolling,2020-03-05,60,2,multiclass_probability_sum,0.9557522123893806,0.9391304347826087,1.0
rolling,2020-03-06,60,2,multiclass_probability_sum,0.956140350877193,0.9478260869565217,1.0
rolling,2020-03-09,60,2,multiclass_probability_sum,0.956140350877193,0.9478260869565217,1.0
rolling,2020-03-10,60,2,multiclass_probability_sum,0.956140350877193,0.9478260869565217,1.0
rolling,2020-03-11,60,2,multiclass_probability_sum,0.9473684210526315,0.9473684210526315,1.0
rolling,2020-03-12,60,2,multiclass_probability_sum,0.9469026548672567,0.9385964912280702,1.0
rolling,2020-03-13,60,2,multiclass_probability_sum,0.9464285714285714,0.9298245614035088,1.0
rolling,2020-03-16,60,2,multiclass_probability_sum,0.9459459459459459,0.9210526315789473,1.0
rolling,2020-03-17,60,2,multiclass_probability_sum,0.9454545454545454,0.9122807017543859,1.0
rolling,2020-03-18,60,2,multiclass_probability_sum,0.944954128440367,0.9035087719298246,1.0
rolling,2020-03-19,60,2,multiclass_probability_sum,0.9444444444444444,0.8947368421052632,1.0
rolling,2020-03-20,60,2,multiclass_probability_sum,0.9439252336448598,0.8859649122807017,1.0
rolling,2020-03-23,60,2,multiclass_probability_sum,0.9433962264150944,0.8771929824561403,1.0
rolling,2020-03-24,60,2,multiclass_probability_sum,0.9428571428571428,0.868421052631579,1.0
rolling,2020-03-25,60,2,multiclass_probability_sum,0.9423076923076923,0.8596491228070176,1.0
rolling,2020-03-26,60,2,multiclass_probability_sum,0.941747572815534,0.8508771929824561,1.0
rolling,2020-03-27,60,2,multiclass_probability_sum,0.9411764705882353,0.8421052631578947,1.0
rolling,2020-03-30,60,2,multiclass_probability_sum,0.9405940594059405,0.8333333333333334,1.0
rolling,2020-03-31,60,2,multiclass_probability_sum,0.9405940594059405,0.8333333333333334,1.0
rolling,2020-04-01,60,2,multiclass_probability_sum,0.94,0.8245614035087719,1.0
rolling,2020-04-03,60,2,multiclass_probability_sum,0.9393939393939394,0.8157894736842105,1.0
rolling,2020-04-06,60,2,multiclass_probability_sum,0.9387755102040817,0.8070175438596491,1.0
rolling,2020-04-07,60,2,multiclass_probability_sum,0.9381443298969072,0.7982456140350878,1.0
rolling,2020-04-08,60,2,multiclass_probability_sum,0.9375,0.7894736842105263,1.0
rolling,2020-04-09,60,2,multiclass_probability_sum,0.9368421052631579,0.7807017543859649,1.0
rolling,2020-04-10,60,2,multiclass_probability_sum,0.9361702127659575,0.7719298245614035,1.0
rolling,2020-04-13,60,2,multiclass_probability_sum,0.9354838709677419,0.7631578947368421,1.0
rolling,2020-04-14,60,2,multiclass_probability_sum,0.9347826086956522,0.7543859649122807,1.0
rolling,2020-04-15,60,2,multiclass_probability_sum,0.9347826086956522,0.7543859649122807,1.0
rolling,2020-04-16,60,2,multiclass_probability_sum,0.9340659340659341,0.7456140350877193,1.0
rolling,2020-04-17,60,2,multiclass_probability_sum,0.9340659340659341,0.7456140350877193,1.0
rolling,2020-04-20,60,2,multiclass_probability_sum,0.9340659340659341,0.7456140350877193,1.0
rolling,2020-04-21,60,2,multiclass_probability_sum,0.9333333333333333,0.7368421052631579,1.0
rolling,2020-04-22,60,2,multiclass_probability_sum,0.9333333333333333,0.7368421052631579,1.0
rolling,2020-04-23,60,2,multiclass_probability_sum,0.9333333333333333,0.7368421052631579,1.0
rolling,2020-04-24,60,2,multiclass_probability_sum,0.9325842696629213,0.7280701754385965,1.0
rolling,2020-04-27,60,2,multiclass_probability_sum,0.9318181818181818,0.7192982456140351,1.0
rolling,2020-04-28,60,2,multiclass_probability_sum,0.9310344827586207,0.7105263157894737,1.0
rolling,2020-04-29,60,2,multiclass_probability_sum,0.9302325581395349,0.7017543859649122,1.0
rolling,2020-05-04,60,2,multiclass_probability_sum,0.9294117647058824,0.6929824561403509,1.0
rolling,2020-05-05,60,2,multiclass_probability_sum,0.9285714285714286,0.6842105263157895,1.0
rolling,2020-05-06,60,2,multiclass_probability_sum,0.927710843373494,0.6754385964912281,1.0
rolling,2020-05-07,60,2,multiclass_probability_sum,0.926829268292683,0.6666666666666666,1.0
rolling,2020-05-08,60,2,multiclass_probability_sum,0.9259259259259259,0.6578947368421053,1.0
rolling,2020-05-11,60,2,multiclass_probability_sum,0.925,0.6491228070175439,1.0
rolling,2020-05-12,60,2,multiclass_probability_sum,0.9240506329113924,0.6403508771929824,1.0
rolling,2020-05-13,60,2,multiclass_probability_sum,0.9230769230769231,0.631578947368421,1.0
rolling,2020-05-14,60,2,multiclass_probability_sum,0.922077922077922,0.6228070175438597,1.0
rolling,2020-05-15,60,2,multiclass_probability_sum,0.9210526315789473,0.6140350877192983,1.0
rolling,2020-05-18,60,2,multiclass_probability_sum,0.92,0.6052631578947368,1.0
rolling,2020-05-19,60,2,multiclass_probability_sum,0.918918918918919,0.5964912280701754,1.0
rolling,2020-05-20,60,2,multiclass_probability_sum,0.9178082191780822,0.5877192982456141,1.0
rolling,2020-05-21,60,2,multiclass_probability_sum,0.9166666666666666,0.5789473684210527,1.0
rolling,2020-05-22,60,2,multiclass_probability_sum,0.9154929577464789,0.5701754385964912,1.0
rolling,2020-05-25,60,2,multiclass_probability_sum,0.9142857142857143,0.5614035087719298,1.0
rolling,2020-05-26,60,2,multiclass_probability_sum,0.9130434782608695,0.5526315789473685,1.0
rolling,2020-05-27,60,2,multiclass_probability_sum,0.9117647058823529,0.543859649122807,1.0
rolling,2020-05-28,60,2,multiclass_probability_sum,0.9104477611940298,0.5350877192982456,1.0
rolling,2020-05-29,60,2,multiclass_probability_sum,0.9090909090909091,0.5263157894736842,1.0
rolling,2020-06-01,60,2,multiclass_probability_sum,0.9076923076923077,0.5175438596491229,1.0
rolling,2020-06-02,60,2,multiclass_probability_sum,0.90625,0.5087719298245614,1.0
rolling,2020-06-03,60,2,multiclass_probability_sum,0.9047619047619048,0.5,1.0
rolling,2020-06-04,60,2,multiclass_probability_sum,0.9032258064516129,0.49122807017543857,1.0
rolling,2020-06-05,60,2,multiclass_probability_sum,0.9016393442622951,0.4824561403508772,1.0
rolling,2020-06-08,60,2,multiclass_probability_sum,0.9,0.47368421052631576,1.0
rolling,2020-06-09,60,2,multiclass_probability_sum,0.8983050847457628,0.4649122807017544,1.0
rolling,2020-06-10,60,2,multiclass_probability_sum,0.896551724137931,0.45614035087719296,1.0
rolling,2020-06-11,60,2,multiclass_probability_sum,0.8947368421052632,0.4473684210526316,1.0
rolling,2020-06-12,60,2,multiclass_probability_sum,0.8928571428571429,0.43859649122807015,1.0
rolling,2020-06-15,60,2,multiclass_probability_sum,0.8909090909090909,0.4298245614035088,1.0
rolling,2020-06-16,60,2,multiclass_probability_sum,0.8888888888888888,0.42105263157894735,1.0
rolling,2020-06-17,60,2,multiclass_probability_sum,0.8867924528301887,0.41228070175438597,1.0
rolling,2020-06-18,60,2,multiclass_probability_sum,0.8846153846153846,0.40350877192982454,1.0
rolling,2020-06-19,60,2,multiclass_probability_sum,0.8823529411764706,0.39473684210526316,1.0
rolling,2020-06-22,60,2,multiclass_probability_sum,0.88,0.38596491228070173,1.0
rolling,2020-06-23,60,2,multiclass_probability_sum,0.8775510204081632,0.37719298245614036,1.0
rolling,2020-06-24,60,2,multiclass_probability_sum,0.875,0.3684210526315789,1.0
rolling,2020-06-25,60,2,multiclass_probability_sum,0.8723404255319149,0.35964912280701755,1.0
rolling,2020-06-26,60,2,multiclass_probability_sum,0.8695652173913043,0.3508771929824561,1.0
rolling,2020-06-29,60,2,multiclass_probability_sum,0.8666666666666667,0.34210526315789475,1.0
rolling,2020-06-30,60,2,multiclass_probability_sum,0.8636363636363636,0.3333333333333333,1.0
rolling,2020-07-01,60,2,multiclass_probability_sum,0.8604651162790697,0.32456140350877194,1.0
rolling,2020-07-02,60,2,multiclass_probability_sum,0.8571428571428571,0.3157894736842105,1.0
rolling,2020-07-03,60,2,multiclass_probability_sum,0.8536585365853658,0.30701754385964913,1.0
rolling,2020-07-06,60,2,multiclass_probability_sum,0.85,0.2982456140350877,1.0
rolling,2020-07-07,60,2,multiclass_probability_sum,0.8461538461538461,0.2894736842105263,1.0
rolling,2020-07-08,60,2,multiclass_probability_sum,0.8421052631578947,0.2807017543859649,1.0
rolling,2020-07-09,60,2,multiclass_probability_sum,0.8378378378378378,0.2719298245614035,1.0
rolling,2020-07-10,60,2,multiclass_probability_sum,0.8333333333333334,0.2631578947368421,1.0
rolling,2020-07-13,60,2,multiclass_probability_sum,0.8285714285714286,0.2543859649122807,1.0
rolling,2020-07-14,60,2,multiclass_probability_sum,0.8529411764705882,0.25217391304347825,1.0
rolling,2020-07-15,60,2,multiclass_probability_sum,0.8787878787878788,0.25,1.0
rolling,2020-07-16,60,2,multiclass_probability_sum,0.90625,0.24786324786324787,1.0
rolling,2020-07-17,60,2,multiclass_probability_sum,0.9354838709677419,0.2457627118644068,1.0
rolling,2020-07-20,60,2,multiclass_probability_sum,0.9666666666666667,0.24369747899159663,1.0
rolling,2020-07-21,60,2,multiclass_probability_sum,0.9655172413793104,0.23529411764705882,1.0
rolling,2020-07-22,60,2,multiclass_probability_sum,0.9642857142857143,0.226890756302521,1.0
rolling,2020-07-23,60,2,multiclass_probability_sum,0.9629629629629629,0.2184873949579832,1.0
rolling,2020-07-24,60,2,multiclass_probability_sum,0.9615384615384616,0.21008403361344538,1.0
rolling,2020-07-27,60,2,multiclass_probability_sum,0.96,0.20168067226890757,1.0
rolling,2020-07-28,60,2,multiclass_probability_sum,0.9583333333333334,0.19327731092436976,1.0
rolling,2020-07-29,60,2,multiclass_probability_sum,0.9565217391304348,0.18487394957983194,1.0
rolling,2020-07-30,60,2,multiclass_probability_sum,0.9545454545454546,0.17647058823529413,1.0
rolling,2020-07-31,60,2,multiclass_probability_sum,0.9523809523809523,0.16806722689075632,1.0
rolling,2020-08-03,60,2,multiclass_probability_sum,0.95,0.15966386554621848,1.0
rolling,2020-08-04,60,2,multiclass_probability_sum,0.9473684210526315,0.15126050420168066,1.0
rolling,2020-08-05,60,2,multiclass_probability_sum,0.9444444444444444,0.14285714285714285,1.0
rolling,2020-08-06,60,2,multiclass_probability_sum,0.9411764705882353,0.13445378151260504,1.0
rolling,2020-08-07,60,2,multiclass_probability_sum,0.9375,0.12605042016806722,1.0
rolling,2020-08-10,60,2,multiclass_probability_sum,0.9333333333333333,0.11764705882352941,1.0
rolling,2020-08-11,60,2,multiclass_probability_sum,0.9285714285714286,0.1092436974789916,1.0
rolling,2020-08-12,60,2,multiclass_probability_sum,0.9230769230769231,0.10084033613445378,1.0
rolling,2020-08-13,60,2,multiclass_probability_sum,0.9166666666666666,0.09243697478991597,1.0
rolling,2020-08-14,60,2,multiclass_probability_sum,0.9090909090909091,0.08403361344537816,1.0
rolling,2020-08-17,60,2,multiclass_probability_sum,0.9,0.07563025210084033,1.0
rolling,2020-08-18,60,2,multiclass_probability_sum,0.8888888888888888,0.06722689075630252,1.0
rolling,2020-08-19,60,2,multiclass_probability_sum,0.875,0.058823529411764705,1.0
rolling,2020-08-20,60,2,multiclass_probability_sum,0.8571428571428571,0.05042016806722689,1.0
rolling,2020-08-21,60,2,multiclass_probability_sum,0.8333333333333334,0.04201680672268908,1.0
rolling,2020-08-24,60,2,multiclass_probability_sum,0.8,0.03361344537815126,1.0
rolling,2020-08-25,60,2,multiclass_probability_sum,0.75,0.025210084033613446,1.0
rolling,2020-08-26,60,2,multiclass_probability_sum,0.6666666666666666,0.01680672268907563,1.0
rolling,2020-08-27,60,2,multiclass_probability_sum,0.5,0.008403361344537815,1.0
rolling,2020-08-28,60,2,multiclass_probability_sum,0.0,0.0,1.0
rolling,2020-08-31,60,2,multiclass_probability_sum,,0.0,1.0
rolling,2020-09-01,60,2,multiclass_probability_sum,,0.0,1.0
rolling,2020-09-03,60,2,multiclass_probability_sum,,0.0,1.0
rolling,2020-09-04,60,2,multiclass_probability_sum,,0.0,1.0
rolling,2020-09-07,60,2,multiclass_probability_sum,,0.0,1.0
rolling,2020-09-08,60,2,multiclass_probability_sum,,0.0,1.0
rolling,2020-09-09,60,2,multiclass_probability_sum,,0.0,1.0
rolling,2020-09-10,60,2,multiclass_probability_sum,,0.0,1.0
rolling,2020-09-11,60,2,multiclass_probability_sum,,0.0,1.0
rolling,2020-09-14,60,2,multiclass_probability_sum,,0.0,1.0
rolling,2020-09-15,60,2,multiclass_probability_sum,,0.0,1.0
rolling,2020-09-16,60,2,multiclass_probability_sum,,0.0,1.0
rolling,2020-09-17,60,2,multiclass_probability_sum,,0.0,1.0
rolling,2020-09-18,60,2,multiclass_probability_sum,,0.0,1.0
rolling,2020-09-21,60,2,multiclass_probability_sum,,0.0,1.0
rolling,2020-09-22,60,2,multiclass_probability_sum,,0.0,1.0
rolling,2020-09-23,60,2,multiclass_probability_sum,,0.0,1.0
rolling,2020-09-24,60,2,multiclass_probability_sum,,0.0,1.0
rolling,2020-09-25,60,2,multiclass_probability_sum,,0.0,1.0
rolling,2020-09-28,60,2,multiclass_probability_sum,,0.0,1.0
rolling,2020-09-29,60,2,multiclass_probability_sum,,0.0,1.0
rolling,2020-09-30,60,2,multiclass_probability_sum,,0.0,1.0
rolling,2020-10-01,60,2,multiclass_probability_sum,,0.0,1.0
rolling,2020-10-02,60,2,multiclass_probability_sum,,0.0,1.0
rolling,2020-10-05,60,2,multiclass_probability_sum,,0.0,1.0
rolling,2020-10-06,60,2,multiclass_probability_sum,,0.0,1.0
rolling,2020-10-07,60,2,multiclass_probability_sum,,0.0,1.0
rolling,2020-10-08,60,2,multiclass_probability_sum,,0.0,1.0
rolling,2020-10-09,60,2,multiclass_probability_sum,,0.0,1.0
rolling,2020-10-12,60,2,multiclass_probability_sum,,0.0,1.0
rolling,2020-10-13,60,2,multiclass_probability_sum,,0.0,1.0
rolling,2020-10-14,60,2,multiclass_probability_sum,,0.0,1.0
rolling,2020-10-15,60,2,multiclass_probability_sum,,0.0,1.0
rolling,2020-10-16,60,2,multiclass_probability_sum,,0.0,1.0
rolling,2020-10-19,60,2,multiclass_probability_sum,,0.0,1.0
rolling,2020-10-20,60,2,multiclass_probability_sum,,0.0,1.0
rolling,2020-10-21,60,2,multiclass_probability_sum,,0.0,1.0
rolling,2020-10-22,60,2,multiclass_probability_sum,,0.0,1.0
rolling,2020-10-23,60,2,multiclass_probability_sum,,0.0,1.0
rolling,2020-10-26,60,2,multiclass_probability_sum,,0.0,1.0
rolling,2020-10-27,60,2,multiclass_probability_sum,,0.0,1.0
rolling,2020-10-28,60,2,multiclass_probability_sum,,0.0,1.0
rolling,2020-10-29,60,2,multiclass_probability_sum,,0.0,1.0
rolling,2020-10-30,60,2,multiclass_probability_sum,,0.0,1.0
rolling,2020-11-02,60,2,multiclass_probability_sum,,0.0,1.0
rolling,2020-11-03,60,2,multiclass_probability_sum,,0.0,1.0
rolling,2020-11-04,60,2,multiclass_probability_sum,,0.0,1.0
rolling,2020-11-05,60,2,multiclass_probability_sum,,0.0,1.0
rolling,2020-11-06,60,2,multiclass_probability_sum,,0.0,1.0
rolling,2020-11-09,60,2,multiclass_probability_sum,,0.0,1.0
rolling,2020-11-10,60,2,multiclass_probability_sum,,0.0,1.0
rolling,2020-11-11,60,2,multiclass_probability_sum,,0.0,1.0
rolling,2020-11-12,60,2,multiclass_probability_sum,,0.0,1.0
rolling,2020-11-13,60,2,multiclass_probability_sum,,0.0,1.0
rolling,2020-11-16,60,2,multiclass_probability_sum,,0.0,1.0
rolling,2020-11-17,60,2,multiclass_probability_sum,,0.0,1.0
rolling,2020-11-18,60,2,multiclass_probability_sum,,0.0,1.0
rolling,2020-11-19,60,2,multiclass_probability_sum,,0.0,1.0
rolling,2020-11-20,60,2,multiclass_probability_sum,,0.0,1.0
rolling,2020-11-23,60,2,multiclass_probability_sum,,0.0,1.0
rolling,2020-11-24,60,2,multiclass_probability_sum,,0.0,1.0
rolling,2020-11-25,60,2,multiclass_probability_sum,,0.0,1.0
rolling,2020-11-26,60,2,multiclass_probability_sum,,0.0,1.0
rolling,2020-11-27,60,2,multiclass_probability_sum,,0.0,1.0
rolling,2020-11-30,60,2,multiclass_probability_sum,,0.0,1.0
rolling,2020-12-01,60,2,multiclass_probability_sum,,0.0,1.0
rolling,2020-12-02,60,2,multiclass_probability_sum,,0.0,1.0
rolling,2020-12-03,60,2,multiclass_probability_sum,,0.0,1.0
rolling,2020-12-04,60,2,multiclass_probability_sum,,0.0,1.0
rolling,2020-12-07,60,2,multiclass_probability_sum,,0.0,1.0
rolling,2020-12-08,60,2,multiclass_probability_sum,,0.0,1.0
rolling,2020-12-09,60,2,multiclass_probability_sum,,0.0,1.0
rolling,2020-12-10,60,2,multiclass_probability_sum,,0.0,1.0
rolling,2020-12-11,60,2,multiclass_probability_sum,,0.0,1.0
rolling,2020-12-14,60,2,multiclass_probability_sum,,0.0,1.0
rolling,2020-12-15,60,2,multiclass_probability_sum,,0.0,1.0
rolling,2020-12-16,60,2,multiclass_probability_sum,,0.0,1.0
rolling,2020-12-17,60,2,multiclass_probability_sum,,0.0,1.0
rolling,2020-12-18,60,2,multiclass_probability_sum,,0.0,1.0
rolling,2020-12-21,60,2,multiclass_probability_sum,,0.0,1.0
rolling,2020-12-22,60,2,multiclass_probability_sum,,0.0,1.0
rolling,2020-12-23,60,2,multiclass_probability_sum,,0.0,1.0
rolling,2020-12-24,60,2,multiclass_probability_sum,,0.0,1.0
rolling,2020-12-25,60,2,multiclass_probability_sum,,0.0,1.0
rolling,2020-12-28,60,2,multiclass_probability_sum,,0.0,1.0
rolling,2020-12-29,60,2,multiclass_probability_sum,,0.0,1.0
rolling,2020-12-30,60,2,multiclass_probability_sum,,0.0,1.0
rolling,2019-03-15,60,2,candidate_risk_off,1.0,0.2,1.0
rolling,2019-03-18,60,2,candidate_risk_off,1.0,0.21951219512195122,1.0
rolling,2019-03-19,60,2,candidate_risk_off,1.0,0.23809523809523808,1.0
rolling,2019-03-20,60,2,candidate_risk_off,1.0,0.2558139534883721,1.0
rolling,2019-03-21,60,2,candidate_risk_off,1.0,0.25,1.0
rolling,2019-03-22,60,2,candidate_risk_off,1.0,0.24444444444444444,1.0
rolling,2019-03-25,60,2,candidate_risk_off,1.0,0.2391304347826087,1.0
rolling,2019-03-26,60,2,candidate_risk_off,1.0,0.23404255319148937,1.0
rolling,2019-03-27,60,2,candidate_risk_off,1.0,0.22916666666666666,1.0
rolling,2019-03-28,60,2,candidate_risk_off,1.0,0.22448979591836735,1.0
rolling,2019-03-29,60,2,candidate_risk_off,1.0,0.24,1.0
rolling,2019-04-01,60,2,candidate_risk_off,1.0,0.2549019607843137,1.0
rolling,2019-04-02,60,2,candidate_risk_off,1.0,0.25,1.0
rolling,2019-04-03,60,2,candidate_risk_off,1.0,0.24528301886792453,1.0
rolling,2019-04-04,60,2,candidate_risk_off,1.0,0.24074074074074073,1.0
rolling,2019-04-05,60,2,candidate_risk_off,1.0,0.23636363636363636,1.0
rolling,2019-04-08,60,2,candidate_risk_off,1.0,0.23214285714285715,1.0
rolling,2019-04-09,60,2,candidate_risk_off,1.0,0.22807017543859648,1.0
rolling,2019-04-10,60,2,candidate_risk_off,1.0,0.22413793103448276,1.0
rolling,2019-04-11,60,2,candidate_risk_off,1.0,0.22033898305084745,1.0
rolling,2019-04-12,60,2,candidate_risk_off,1.0,0.21666666666666667,1.0
rolling,2019-04-16,60,2,candidate_risk_off,1.0,0.21311475409836064,1.0
rolling,2019-04-17,60,2,candidate_risk_off,1.0,0.20967741935483872,1.0
rolling,2019-04-18,60,2,candidate_risk_off,1.0,0.20634920634920634,1.0
rolling,2019-04-19,60,2,candidate_risk_off,1.0,0.203125,1.0
rolling,2019-04-22,60,2,candidate_risk_off,1.0,0.2,1.0
rolling,2019-04-23,60,2,candidate_risk_off,1.0,0.19696969696969696,1.0
rolling,2019-04-24,60,2,candidate_risk_off,1.0,0.19402985074626866,1.0
rolling,2019-04-25,60,2,candidate_risk_off,1.0,0.19117647058823528,1.0
rolling,2019-04-26,60,2,candidate_risk_off,1.0,0.18840579710144928,1.0
rolling,2019-05-02,60,2,candidate_risk_off,1.0,0.18571428571428572,1.0
rolling,2019-05-03,60,2,candidate_risk_off,1.0,0.18309859154929578,1.0
rolling,2019-05-06,60,2,candidate_risk_off,1.0,0.18055555555555555,1.0
rolling,2019-05-07,60,2,candidate_risk_off,1.0,0.1780821917808219,1.0
rolling,2019-05-08,60,2,candidate_risk_off,1.0,0.17567567567567569,1.0
rolling,2019-05-09,60,2,candidate_risk_off,1.0,0.17333333333333334,1.0
rolling,2019-05-10,60,2,candidate_risk_off,1.0,0.17105263157894737,1.0
rolling,2019-05-13,60,2,candidate_risk_off,1.0,0.16883116883116883,1.0
rolling,2019-05-14,60,2,candidate_risk_off,1.0,0.16666666666666666,1.0
rolling,2019-05-15,60,2,candidate_risk_off,1.0,0.16455696202531644,1.0
rolling,2019-05-16,60,2,candidate_risk_off,1.0,0.1625,1.0
rolling,2019-05-17,60,2,candidate_risk_off,1.0,0.16049382716049382,1.0
rolling,2019-05-20,60,2,candidate_risk_off,1.0,0.15853658536585366,1.0
rolling,2019-05-21,60,2,candidate_risk_off,1.0,0.1566265060240964,1.0
rolling,2019-05-22,60,2,candidate_risk_off,1.0,0.15476190476190477,1.0
rolling,2019-05-23,60,2,candidate_risk_off,1.0,0.15294117647058825,1.0
rolling,2019-05-24,60,2,candidate_risk_off,1.0,0.1511627906976744,1.0
rolling,2019-05-27,60,2,candidate_risk_off,1.0,0.14942528735632185,1.0
rolling,2019-05-28,60,2,candidate_risk_off,1.0,0.14772727272727273,1.0
rolling,2019-05-29,60,2,candidate_risk_off,1.0,0.14606741573033707,1.0
rolling,2019-05-30,60,2,candidate_risk_off,1.0,0.14444444444444443,1.0
rolling,2019-05-31,60,2,candidate_risk_off,1.0,0.14285714285714285,1.0
rolling,2019-06-03,60,2,candidate_risk_off,1.0,0.14130434782608695,1.0
rolling,2019-06-04,60,2,candidate_risk_off,1.0,0.13978494623655913,1.0
rolling,2019-06-05,60,2,candidate_risk_off,1.0,0.13829787234042554,1.0
rolling,2019-06-06,60,2,candidate_risk_off,1.0,0.1368421052631579,1.0
rolling,2019-06-07,60,2,candidate_risk_off,1.0,0.13541666666666666,1.0
rolling,2019-06-10,60,2,candidate_risk_off,1.0,0.13402061855670103,1.0
rolling,2019-06-11,60,2,candidate_risk_off,1.0,0.1326530612244898,1.0
rolling,2019-06-12,60,2,candidate_risk_off,1.0,0.13131313131313133,1.0
rolling,2019-06-13,60,2,candidate_risk_off,1.0,0.13,1.0
rolling,2019-06-14,60,2,candidate_risk_off,1.0,0.12871287128712872,1.0
rolling,2019-06-17,60,2,candidate_risk_off,1.0,0.12745098039215685,1.0
rolling,2019-06-18,60,2,candidate_risk_off,1.0,0.1262135922330097,1.0
rolling,2019-06-19,60,2,candidate_risk_off,1.0,0.125,1.0
rolling,2019-06-20,60,2,candidate_risk_off,1.0,0.12380952380952381,1.0
rolling,2019-06-21,60,2,candidate_risk_off,1.0,0.12264150943396226,1.0
rolling,2019-06-24,60,2,candidate_risk_off,1.0,0.12149532710280374,1.0
rolling,2019-06-25,60,2,candidate_risk_off,1.0,0.12037037037037036,1.0
rolling,2019-06-26,60,2,candidate_risk_off,1.0,0.11926605504587157,1.0
rolling,2019-06-27,60,2,candidate_risk_off,1.0,0.11818181818181818,1.0
rolling,2019-06-28,60,2,candidate_risk_off,1.0,0.11711711711711711,1.0
rolling,2019-07-01,60,2,candidate_risk_off,1.0,0.11607142857142858,1.0
rolling,2019-07-02,60,2,candidate_risk_off,1.0,0.11504424778761062,1.0
rolling,2019-07-03,60,2,candidate_risk_off,1.0,0.11403508771929824,1.0
rolling,2019-07-04,60,2,candidate_risk_off,1.0,0.11304347826086956,1.0
rolling,2019-07-05,60,2,candidate_risk_off,1.0,0.11206896551724138,1.0
rolling,2019-07-08,60,2,candidate_risk_off,1.0,0.1111111111111111,1.0
rolling,2019-07-09,60,2,candidate_risk_off,1.0,0.11016949152542373,1.0
rolling,2019-07-10,60,2,candidate_risk_off,1.0,0.1092436974789916,1.0
rolling,2019-07-11,60,2,candidate_risk_off,1.0,0.10833333333333334,1.0
rolling,2019-07-12,60,2,candidate_risk_off,1.0,0.10833333333333334,1.0
rolling,2019-07-15,60,2,candidate_risk_off,1.0,0.10833333333333334,1.0
rolling,2019-07-16,60,2,candidate_risk_off,1.0,0.10833333333333334,1.0
rolling,2019-07-17,60,2,candidate_risk_off,1.0,0.10833333333333334,1.0
rolling,2019-07-18,60,2,candidate_risk_off,1.0,0.10833333333333334,1.0
rolling,2019-07-19,60,2,candidate_risk_off,1.0,0.10833333333333334,1.0
rolling,2019-07-22,60,2,candidate_risk_off,1.0,0.10833333333333334,1.0
rolling,2019-07-23,60,2,candidate_risk_off,1.0,0.10833333333333334,1.0
rolling,2019-07-24,60,2,candidate_risk_off,1.0,0.10833333333333334,1.0
rolling,2019-07-25,60,2,candidate_risk_off,1.0,0.10833333333333334,1.0
rolling,2019-07-26,60,2,candidate_risk_off,1.0,0.10833333333333334,1.0
rolling,2019-07-29,60,2,candidate_risk_off,1.0,0.10833333333333334,1.0
rolling,2019-07-30,60,2,candidate_risk_off,1.0,0.10833333333333334,1.0
rolling,2019-07-31,60,2,candidate_risk_off,1.0,0.10833333333333334,1.0
rolling,2019-08-01,60,2,candidate_risk_off,1.0,0.10833333333333334,1.0
rolling,2019-08-02,60,2,candidate_risk_off,1.0,0.10833333333333334,1.0
rolling,2019-08-05,60,2,candidate_risk_off,1.0,0.10833333333333334,1.0
rolling,2019-08-06,60,2,candidate_risk_off,1.0,0.10833333333333334,1.0
rolling,2019-08-07,60,2,candidate_risk_off,1.0,0.10833333333333334,1.0
rolling,2019-08-08,60,2,candidate_risk_off,1.0,0.10833333333333334,1.0
rolling,2019-08-09,60,2,candidate_risk_off,1.0,0.10833333333333334,1.0
rolling,2019-08-12,60,2,candidate_risk_off,1.0,0.10833333333333334,1.0
rolling,2019-08-13,60,2,candidate_risk_off,1.0,0.10833333333333334,1.0
rolling,2019-08-14,60,2,candidate_risk_off,1.0,0.10833333333333334,1.0
rolling,2019-08-15,60,2,candidate_risk_off,1.0,0.10833333333333334,1.0
rolling,2019-08-16,60,2,candidate_risk_off,1.0,0.10833333333333334,1.0
rolling,2019-08-19,60,2,candidate_risk_off,1.0,0.10833333333333334,1.0
rolling,2019-08-20,60,2,candidate_risk_off,1.0,0.10833333333333334,1.0
rolling,2019-08-21,60,2,candidate_risk_off,1.0,0.10833333333333334,1.0
rolling,2019-08-22,60,2,candidate_risk_off,1.0,0.10833333333333334,1.0
rolling,2019-08-23,60,2,candidate_risk_off,1.0,0.10833333333333334,1.0
rolling,2019-08-26,60,2,candidate_risk_off,1.0,0.1,1.0
rolling,2019-08-27,60,2,candidate_risk_off,1.0,0.09166666666666666,1.0
rolling,2019-08-28,60,2,candidate_risk_off,1.0,0.08333333333333333,1.0
rolling,2019-08-29,60,2,candidate_risk_off,1.0,0.075,1.0
rolling,2019-08-30,60,2,candidate_risk_off,1.0,0.075,1.0
rolling,2019-09-03,60,2,candidate_risk_off,1.0,0.06666666666666667,1.0
rolling,2019-09-04,60,2,candidate_risk_off,1.0,0.058333333333333334,1.0
rolling,2019-09-05,60,2,candidate_risk_off,1.0,0.05,1.0
rolling,2019-09-06,60,2,candidate_risk_off,1.0,0.041666666666666664,1.0
rolling,2019-09-09,60,2,candidate_risk_off,1.0,0.03333333333333333,1.0
rolling,2019-09-10,60,2,candidate_risk_off,1.0,0.025,1.0
rolling,2019-09-11,60,2,candidate_risk_off,1.0,0.016666666666666666,1.0
rolling,2019-09-12,60,2,candidate_risk_off,1.0,0.016666666666666666,1.0
rolling,2019-09-13,60,2,candidate_risk_off,1.0,0.025,1.0
rolling,2019-09-16,60,2,candidate_risk_off,1.0,0.03333333333333333,1.0
rolling,2019-09-17,60,2,candidate_risk_off,1.0,0.041666666666666664,1.0
rolling,2019-09-18,60,2,candidate_risk_off,1.0,0.05,1.0
rolling,2019-09-19,60,2,candidate_risk_off,1.0,0.058333333333333334,1.0
rolling,2019-09-20,60,2,candidate_risk_off,1.0,0.058333333333333334,1.0
rolling,2019-09-23,60,2,candidate_risk_off,1.0,0.058333333333333334,1.0
rolling,2019-09-24,60,2,candidate_risk_off,1.0,0.06666666666666667,1.0
rolling,2019-09-25,60,2,candidate_risk_off,1.0,0.075,1.0
rolling,2019-09-26,60,2,candidate_risk_off,1.0,0.08333333333333333,1.0
rolling,2019-09-27,60,2,candidate_risk_off,1.0,0.09166666666666666,1.0
rolling,2019-09-30,60,2,candidate_risk_off,1.0,0.1,1.0
rolling,2019-10-01,60,2,candidate_risk_off,1.0,0.10833333333333334,1.0
rolling,2019-10-02,60,2,candidate_risk_off,1.0,0.11666666666666667,1.0
rolling,2019-10-03,60,2,candidate_risk_off,1.0,0.125,1.0
rolling,2019-10-04,60,2,candidate_risk_off,1.0,0.13333333333333333,1.0
rolling,2019-10-07,60,2,candidate_risk_off,1.0,0.13333333333333333,1.0
rolling,2019-10-08,60,2,candidate_risk_off,1.0,0.14166666666666666,1.0
rolling,2019-10-09,60,2,candidate_risk_off,1.0,0.15,1.0
rolling,2019-10-10,60,2,candidate_risk_off,1.0,0.15833333333333333,1.0
rolling,2019-10-11,60,2,candidate_risk_off,1.0,0.16666666666666666,1.0
rolling,2019-10-14,60,2,candidate_risk_off,1.0,0.175,1.0
rolling,2019-10-15,60,2,candidate_risk_off,1.0,0.18333333333333332,1.0
rolling,2019-10-16,60,2,candidate_risk_off,1.0,0.19166666666666668,1.0
rolling,2019-10-17,60,2,candidate_risk_off,1.0,0.2,1.0
rolling,2019-10-18,60,2,candidate_risk_off,1.0,0.20833333333333334,1.0
rolling,2019-10-21,60,2,candidate_risk_off,1.0,0.20833333333333334,1.0
rolling,2019-10-22,60,2,candidate_risk_off,1.0,0.21666666666666667,1.0
rolling,2019-10-23,60,2,candidate_risk_off,1.0,0.21666666666666667,1.0
rolling,2019-10-24,60,2,candidate_risk_off,1.0,0.21666666666666667,1.0
rolling,2019-10-25,60,2,candidate_risk_off,1.0,0.225,1.0
rolling,2019-10-28,60,2,candidate_risk_off,1.0,0.225,1.0
rolling,2019-10-29,60,2,candidate_risk_off,1.0,0.225,1.0
rolling,2019-10-30,60,2,candidate_risk_off,1.0,0.23333333333333334,1.0
rolling,2019-10-31,60,2,candidate_risk_off,1.0,0.24166666666666667,1.0
rolling,2019-11-01,60,2,candidate_risk_off,1.0,0.25,1.0
rolling,2019-11-04,60,2,candidate_risk_off,1.0,0.25833333333333336,1.0
rolling,2019-11-05,60,2,candidate_risk_off,1.0,0.26666666666666666,1.0
rolling,2019-11-06,60,2,candidate_risk_off,1.0,0.275,1.0
rolling,2019-11-07,60,2,candidate_risk_off,1.0,0.2833333333333333,1.0
rolling,2019-11-08,60,2,candidate_risk_off,1.0,0.2916666666666667,1.0
rolling,2019-11-11,60,2,candidate_risk_off,1.0,0.3,1.0
rolling,2019-11-12,60,2,candidate_risk_off,1.0,0.30833333333333335,1.0
rolling,2019-11-13,60,2,candidate_risk_off,1.0,0.31666666666666665,1.0
rolling,2019-11-14,60,2,candidate_risk_off,1.0,0.325,1.0
rolling,2019-11-15,60,2,candidate_risk_off,1.0,0.3333333333333333,1.0
rolling,2019-11-18,60,2,candidate_risk_off,1.0,0.3416666666666667,1.0
rolling,2019-11-19,60,2,candidate_risk_off,1.0,0.35,1.0
rolling,2019-11-20,60,2,candidate_risk_off,1.0,0.35833333333333334,1.0
rolling,2019-11-21,60,2,candidate_risk_off,1.0,0.36666666666666664,1.0
rolling,2019-11-22,60,2,candidate_risk_off,1.0,0.375,1.0
rolling,2019-11-25,60,2,candidate_risk_off,1.0,0.38333333333333336,1.0
rolling,2019-11-26,60,2,candidate_risk_off,1.0,0.39166666666666666,1.0
rolling,2019-11-27,60,2,candidate_risk_off,1.0,0.4,1.0
rolling,2019-11-28,60,2,candidate_risk_off,1.0,0.4083333333333333,1.0
rolling,2019-11-29,60,2,candidate_risk_off,1.0,0.4166666666666667,1.0
rolling,2019-12-02,60,2,candidate_risk_off,1.0,0.425,1.0
rolling,2019-12-03,60,2,candidate_risk_off,1.0,0.43333333333333335,1.0
rolling,2019-12-04,60,2,candidate_risk_off,1.0,0.44166666666666665,1.0
rolling,2019-12-05,60,2,candidate_risk_off,1.0,0.45,1.0
rolling,2019-12-06,60,2,candidate_risk_off,1.0,0.4583333333333333,1.0
rolling,2019-12-09,60,2,candidate_risk_off,1.0,0.4666666666666667,1.0
rolling,2019-12-10,60,2,candidate_risk_off,1.0,0.475,1.0
rolling,2019-12-11,60,2,candidate_risk_off,1.0,0.48333333333333334,1.0
rolling,2019-12-12,60,2,candidate_risk_off,1.0,0.49166666666666664,1.0
rolling,2019-12-13,60,2,candidate_risk_off,1.0,0.5,1.0
rolling,2019-12-16,60,2,candidate_risk_off,1.0,0.5083333333333333,1.0
rolling,2019-12-17,60,2,candidate_risk_off,1.0,0.5166666666666667,1.0
rolling,2019-12-18,60,2,candidate_risk_off,1.0,0.525,1.0
rolling,2019-12-19,60,2,candidate_risk_off,1.0,0.5333333333333333,1.0
rolling,2019-12-20,60,2,candidate_risk_off,1.0,0.5416666666666666,1.0
rolling,2019-12-23,60,2,candidate_risk_off,1.0,0.55,1.0
rolling,2019-12-24,60,2,candidate_risk_off,1.0,0.5583333333333333,1.0
rolling,2019-12-25,60,2,candidate_risk_off,1.0,0.5666666666666667,1.0
rolling,2019-12-26,60,2,candidate_risk_off,1.0,0.575,1.0
rolling,2019-12-27,60,2,candidate_risk_off,1.0,0.5833333333333334,1.0
rolling,2019-12-30,60,2,candidate_risk_off,1.0,0.5916666666666667,1.0
rolling,2019-12-31,60,2,candidate_risk_off,1.0,0.6,1.0
rolling,2020-01-02,60,2,candidate_risk_off,0.9863013698630136,0.6050420168067226,1.0
rolling,2020-01-03,60,2,candidate_risk_off,0.9864864864864865,0.6134453781512605,1.0
rolling,2020-01-06,60,2,candidate_risk_off,0.9866666666666667,0.6218487394957983,1.0
rolling,2020-01-07,60,2,candidate_risk_off,0.9868421052631579,0.6302521008403361,1.0
rolling,2020-01-08,60,2,candidate_risk_off,0.987012987012987,0.6386554621848739,1.0
rolling,2020-01-09,60,2,candidate_risk_off,0.9871794871794872,0.6470588235294118,1.0
rolling,2020-01-10,60,2,candidate_risk_off,0.9873417721518988,0.6554621848739496,1.0
rolling,2020-01-13,60,2,candidate_risk_off,0.975,0.6610169491525424,1.0
rolling,2020-01-14,60,2,candidate_risk_off,0.9629629629629629,0.6666666666666666,1.0
rolling,2020-01-15,60,2,candidate_risk_off,0.9512195121951219,0.6724137931034483,1.0
rolling,2020-01-16,60,2,candidate_risk_off,0.9397590361445783,0.6782608695652174,1.0
rolling,2020-01-17,60,2,candidate_risk_off,0.9285714285714286,0.6842105263157895,1.0
rolling,2020-01-20,60,2,candidate_risk_off,0.9176470588235294,0.6902654867256637,1.0
rolling,2020-01-21,60,2,candidate_risk_off,0.9069767441860465,0.6964285714285714,1.0
rolling,2020-01-22,60,2,candidate_risk_off,0.896551724137931,0.7027027027027027,1.0
rolling,2020-01-30,60,2,candidate_risk_off,0.8977272727272727,0.7117117117117117,1.0
rolling,2020-01-31,60,2,candidate_risk_off,0.898876404494382,0.7207207207207207,1.0
rolling,2020-02-03,60,2,candidate_risk_off,0.9,0.7297297297297297,1.0
rolling,2020-02-04,60,2,candidate_risk_off,0.9010989010989011,0.7387387387387387,1.0
rolling,2020-02-05,60,2,candidate_risk_off,0.9021739130434783,0.7477477477477478,1.0
rolling,2020-02-06,60,2,candidate_risk_off,0.9032258064516129,0.7567567567567568,1.0
rolling,2020-02-07,60,2,candidate_risk_off,0.9042553191489362,0.7657657657657657,1.0
rolling,2020-02-10,60,2,candidate_risk_off,0.8947368421052632,0.7727272727272727,1.0
rolling,2020-02-11,60,2,candidate_risk_off,0.8958333333333334,0.7818181818181819,1.0
rolling,2020-02-12,60,2,candidate_risk_off,0.8969072164948454,0.7909090909090909,1.0
rolling,2020-02-13,60,2,candidate_risk_off,0.8979591836734694,0.8,1.0
rolling,2020-02-14,60,2,candidate_risk_off,0.898989898989899,0.8090909090909091,1.0
rolling,2020-02-17,60,2,candidate_risk_off,0.9,0.8181818181818182,1.0
rolling,2020-02-18,60,2,candidate_risk_off,0.900990099009901,0.8272727272727273,1.0
rolling,2020-02-19,60,2,candidate_risk_off,0.9019607843137255,0.8363636363636363,1.0
rolling,2020-02-20,60,2,candidate_risk_off,0.9029126213592233,0.8454545454545455,1.0
rolling,2020-02-21,60,2,candidate_risk_off,0.9038461538461539,0.8545454545454545,1.0
rolling,2020-02-24,60,2,candidate_risk_off,0.9047619047619048,0.8636363636363636,1.0
rolling,2020-02-25,60,2,candidate_risk_off,0.8962264150943396,0.8715596330275229,1.0
rolling,2020-02-26,60,2,candidate_risk_off,0.8878504672897196,0.8796296296296297,1.0
rolling,2020-02-27,60,2,candidate_risk_off,0.8888888888888888,0.8888888888888888,1.0
rolling,2020-02-28,60,2,candidate_risk_off,0.8899082568807339,0.8981481481481481,1.0
rolling,2020-03-02,60,2,candidate_risk_off,0.8909090909090909,0.9074074074074074,1.0
rolling,2020-03-03,60,2,candidate_risk_off,0.8918918918918919,0.9166666666666666,1.0
rolling,2020-03-04,60,2,candidate_risk_off,0.8928571428571429,0.9259259259259259,1.0
rolling,2020-03-05,60,2,candidate_risk_off,0.8938053097345132,0.9351851851851852,1.0
rolling,2020-03-06,60,2,candidate_risk_off,0.8947368421052632,0.9444444444444444,1.0
rolling,2020-03-09,60,2,candidate_risk_off,0.8947368421052632,0.9444444444444444,1.0
rolling,2020-03-10,60,2,candidate_risk_off,0.8947368421052632,0.9444444444444444,1.0
rolling,2020-03-11,60,2,candidate_risk_off,0.8947368421052632,0.9444444444444444,1.0
rolling,2020-03-12,60,2,candidate_risk_off,0.8938053097345132,0.9351851851851852,1.0
rolling,2020-03-13,60,2,candidate_risk_off,0.8928571428571429,0.9259259259259259,1.0
rolling,2020-03-16,60,2,candidate_risk_off,0.8918918918918919,0.9166666666666666,1.0
rolling,2020-03-17,60,2,candidate_risk_off,0.8909090909090909,0.9074074074074074,1.0
rolling,2020-03-18,60,2,candidate_risk_off,0.8899082568807339,0.8981481481481481,1.0
rolling,2020-03-19,60,2,candidate_risk_off,0.8888888888888888,0.8888888888888888,1.0
rolling,2020-03-20,60,2,candidate_risk_off,0.8878504672897196,0.8796296296296297,1.0
rolling,2020-03-23,60,2,candidate_risk_off,0.8867924528301887,0.8703703703703703,1.0
rolling,2020-03-24,60,2,candidate_risk_off,0.8857142857142857,0.8611111111111112,1.0
rolling,2020-03-25,60,2,candidate_risk_off,0.8846153846153846,0.8518518518518519,1.0
rolling,2020-03-26,60,2,candidate_risk_off,0.883495145631068,0.8425925925925926,1.0
rolling,2020-03-27,60,2,candidate_risk_off,0.8823529411764706,0.8333333333333334,1.0
rolling,2020-03-30,60,2,candidate_risk_off,0.8811881188118812,0.8240740740740741,1.0
rolling,2020-03-31,60,2,candidate_risk_off,0.8811881188118812,0.8240740740740741,1.0
rolling,2020-04-01,60,2,candidate_risk_off,0.88,0.8148148148148148,1.0
rolling,2020-04-03,60,2,candidate_risk_off,0.8787878787878788,0.8055555555555556,1.0
rolling,2020-04-06,60,2,candidate_risk_off,0.8775510204081632,0.7962962962962963,1.0
rolling,2020-04-07,60,2,candidate_risk_off,0.8762886597938144,0.7870370370370371,1.0
rolling,2020-04-08,60,2,candidate_risk_off,0.875,0.7777777777777778,1.0
rolling,2020-04-09,60,2,candidate_risk_off,0.8736842105263158,0.7685185185185185,1.0
rolling,2020-04-10,60,2,candidate_risk_off,0.8723404255319149,0.7592592592592593,1.0
rolling,2020-04-13,60,2,candidate_risk_off,0.8709677419354839,0.75,1.0
rolling,2020-04-14,60,2,candidate_risk_off,0.8695652173913043,0.7407407407407407,1.0
rolling,2020-04-15,60,2,candidate_risk_off,0.8695652173913043,0.7407407407407407,1.0
rolling,2020-04-16,60,2,candidate_risk_off,0.8681318681318682,0.7314814814814815,1.0
rolling,2020-04-17,60,2,candidate_risk_off,0.8681318681318682,0.7314814814814815,1.0
rolling,2020-04-20,60,2,candidate_risk_off,0.8681318681318682,0.7314814814814815,1.0
rolling,2020-04-21,60,2,candidate_risk_off,0.8666666666666667,0.7222222222222222,1.0
rolling,2020-04-22,60,2,candidate_risk_off,0.8666666666666667,0.7222222222222222,1.0
rolling,2020-04-23,60,2,candidate_risk_off,0.8666666666666667,0.7222222222222222,1.0
rolling,2020-04-24,60,2,candidate_risk_off,0.8651685393258427,0.7129629629629629,1.0
rolling,2020-04-27,60,2,candidate_risk_off,0.8636363636363636,0.7037037037037037,1.0
rolling,2020-04-28,60,2,candidate_risk_off,0.8620689655172413,0.6944444444444444,1.0
rolling,2020-04-29,60,2,candidate_risk_off,0.8604651162790697,0.6851851851851852,1.0
rolling,2020-05-04,60,2,candidate_risk_off,0.8588235294117647,0.6759259259259259,1.0
rolling,2020-05-05,60,2,candidate_risk_off,0.8571428571428571,0.6666666666666666,1.0
rolling,2020-05-06,60,2,candidate_risk_off,0.8554216867469879,0.6574074074074074,1.0
rolling,2020-05-07,60,2,candidate_risk_off,0.8536585365853658,0.6481481481481481,1.0
rolling,2020-05-08,60,2,candidate_risk_off,0.8518518518518519,0.6388888888888888,1.0
rolling,2020-05-11,60,2,candidate_risk_off,0.85,0.6296296296296297,1.0
rolling,2020-05-12,60,2,candidate_risk_off,0.8481012658227848,0.6203703703703703,1.0
rolling,2020-05-13,60,2,candidate_risk_off,0.8461538461538461,0.6111111111111112,1.0
rolling,2020-05-14,60,2,candidate_risk_off,0.8441558441558441,0.6018518518518519,1.0
rolling,2020-05-15,60,2,candidate_risk_off,0.8421052631578947,0.5925925925925926,1.0
rolling,2020-05-18,60,2,candidate_risk_off,0.84,0.5833333333333334,1.0
rolling,2020-05-19,60,2,candidate_risk_off,0.8378378378378378,0.5740740740740741,1.0
rolling,2020-05-20,60,2,candidate_risk_off,0.8356164383561644,0.5648148148148148,1.0
rolling,2020-05-21,60,2,candidate_risk_off,0.8333333333333334,0.5555555555555556,1.0
rolling,2020-05-22,60,2,candidate_risk_off,0.8309859154929577,0.5462962962962963,1.0
rolling,2020-05-25,60,2,candidate_risk_off,0.8285714285714286,0.5370370370370371,1.0
rolling,2020-05-26,60,2,candidate_risk_off,0.8260869565217391,0.5277777777777778,1.0
rolling,2020-05-27,60,2,candidate_risk_off,0.8235294117647058,0.5185185185185185,1.0
rolling,2020-05-28,60,2,candidate_risk_off,0.8208955223880597,0.5092592592592593,1.0
rolling,2020-05-29,60,2,candidate_risk_off,0.8181818181818182,0.5,1.0
rolling,2020-06-01,60,2,candidate_risk_off,0.8153846153846154,0.49074074074074076,1.0
rolling,2020-06-02,60,2,candidate_risk_off,0.8125,0.48148148148148145,1.0
rolling,2020-06-03,60,2,candidate_risk_off,0.8095238095238095,0.4722222222222222,1.0
rolling,2020-06-04,60,2,candidate_risk_off,0.8064516129032258,0.46296296296296297,1.0
rolling,2020-06-05,60,2,candidate_risk_off,0.8032786885245902,0.4537037037037037,1.0
rolling,2020-06-08,60,2,candidate_risk_off,0.8,0.4444444444444444,1.0
rolling,2020-06-09,60,2,candidate_risk_off,0.7966101694915254,0.4351851851851852,1.0
rolling,2020-06-10,60,2,candidate_risk_off,0.7931034482758621,0.42592592592592593,1.0
rolling,2020-06-11,60,2,candidate_risk_off,0.7894736842105263,0.4166666666666667,1.0
rolling,2020-06-12,60,2,candidate_risk_off,0.7857142857142857,0.4074074074074074,1.0
rolling,2020-06-15,60,2,candidate_risk_off,0.7818181818181819,0.39814814814814814,1.0
rolling,2020-06-16,60,2,candidate_risk_off,0.7777777777777778,0.3888888888888889,1.0
rolling,2020-06-17,60,2,candidate_risk_off,0.7735849056603774,0.37962962962962965,1.0
rolling,2020-06-18,60,2,candidate_risk_off,0.7692307692307693,0.37037037037037035,1.0
rolling,2020-06-19,60,2,candidate_risk_off,0.7647058823529411,0.3611111111111111,1.0
rolling,2020-06-22,60,2,candidate_risk_off,0.76,0.35185185185185186,1.0
rolling,2020-06-23,60,2,candidate_risk_off,0.7551020408163265,0.3425925925925926,1.0
rolling,2020-06-24,60,2,candidate_risk_off,0.75,0.3333333333333333,1.0
rolling,2020-06-25,60,2,candidate_risk_off,0.7446808510638298,0.32407407407407407,1.0
rolling,2020-06-26,60,2,candidate_risk_off,0.7391304347826086,0.3148148148148148,1.0
rolling,2020-06-29,60,2,candidate_risk_off,0.7333333333333333,0.3055555555555556,1.0
rolling,2020-06-30,60,2,candidate_risk_off,0.75,0.30275229357798167,1.0
rolling,2020-07-01,60,2,candidate_risk_off,0.7441860465116279,0.29357798165137616,1.0
rolling,2020-07-02,60,2,candidate_risk_off,0.7380952380952381,0.28440366972477066,1.0
rolling,2020-07-03,60,2,candidate_risk_off,0.7317073170731707,0.27522935779816515,1.0
rolling,2020-07-06,60,2,candidate_risk_off,0.725,0.26605504587155965,1.0
rolling,2020-07-07,60,2,candidate_risk_off,0.717948717948718,0.25688073394495414,1.0
rolling,2020-07-08,60,2,candidate_risk_off,0.7105263157894737,0.24770642201834864,1.0
rolling,2020-07-09,60,2,candidate_risk_off,0.7297297297297297,0.24545454545454545,1.0
rolling,2020-07-10,60,2,candidate_risk_off,0.75,0.24324324324324326,1.0
rolling,2020-07-13,60,2,candidate_risk_off,0.7714285714285715,0.24107142857142858,1.0
rolling,2020-07-14,60,2,candidate_risk_off,0.7941176470588235,0.23893805309734514,1.0
rolling,2020-07-15,60,2,candidate_risk_off,0.8181818181818182,0.23684210526315788,1.0
rolling,2020-07-16,60,2,candidate_risk_off,0.84375,0.23478260869565218,1.0
rolling,2020-07-17,60,2,candidate_risk_off,0.8709677419354839,0.23275862068965517,1.0
rolling,2020-07-20,60,2,candidate_risk_off,0.9,0.23076923076923078,1.0
rolling,2020-07-21,60,2,candidate_risk_off,0.896551724137931,0.2222222222222222,1.0
rolling,2020-07-22,60,2,candidate_risk_off,0.8928571428571429,0.21367521367521367,1.0
rolling,2020-07-23,60,2,candidate_risk_off,0.8888888888888888,0.20512820512820512,1.0
rolling,2020-07-24,60,2,candidate_risk_off,0.8846153846153846,0.19658119658119658,1.0
rolling,2020-07-27,60,2,candidate_risk_off,0.88,0.18803418803418803,1.0
rolling,2020-07-28,60,2,candidate_risk_off,0.875,0.1794871794871795,1.0
rolling,2020-07-29,60,2,candidate_risk_off,0.8695652173913043,0.17094017094017094,1.0
rolling,2020-07-30,60,2,candidate_risk_off,0.9090909090909091,0.1694915254237288,1.0
rolling,2020-07-31,60,2,candidate_risk_off,0.9047619047619048,0.16101694915254236,1.0
rolling,2020-08-03,60,2,candidate_risk_off,0.9,0.15254237288135594,1.0
rolling,2020-08-04,60,2,candidate_risk_off,0.8947368421052632,0.1440677966101695,1.0
rolling,2020-08-05,60,2,candidate_risk_off,0.8888888888888888,0.13559322033898305,1.0
rolling,2020-08-06,60,2,candidate_risk_off,0.8823529411764706,0.1271186440677966,1.0
rolling,2020-08-07,60,2,candidate_risk_off,0.875,0.11864406779661017,1.0
rolling,2020-08-10,60,2,candidate_risk_off,0.8666666666666667,0.11016949152542373,1.0
rolling,2020-08-11,60,2,candidate_risk_off,0.8571428571428571,0.1016949152542373,1.0
rolling,2020-08-12,60,2,candidate_risk_off,0.8461538461538461,0.09322033898305085,1.0
rolling,2020-08-13,60,2,candidate_risk_off,0.8333333333333334,0.0847457627118644,1.0
rolling,2020-08-14,60,2,candidate_risk_off,0.9090909090909091,0.08403361344537816,1.0
rolling,2020-08-17,60,2,candidate_risk_off,1.0,0.08333333333333333,1.0
rolling,2020-08-18,60,2,candidate_risk_off,1.0,0.075,1.0
rolling,2020-08-19,60,2,candidate_risk_off,1.0,0.06666666666666667,1.0
rolling,2020-08-20,60,2,candidate_risk_off,1.0,0.058333333333333334,1.0
rolling,2020-08-21,60,2,candidate_risk_off,1.0,0.05,1.0
rolling,2020-08-24,60,2,candidate_risk_off,1.0,0.041666666666666664,1.0
rolling,2020-08-25,60,2,candidate_risk_off,1.0,0.03333333333333333,1.0
rolling,2020-08-26,60,2,candidate_risk_off,1.0,0.025,1.0
rolling,2020-08-27,60,2,candidate_risk_off,1.0,0.016666666666666666,1.0
rolling,2020-08-28,60,2,candidate_risk_off,1.0,0.008333333333333333,1.0
rolling,2020-08-31,60,2,candidate_risk_off,,0.0,1.0
rolling,2020-09-01,60,2,candidate_risk_off,,0.0,1.0
rolling,2020-09-03,60,2,candidate_risk_off,,0.0,1.0
rolling,2020-09-04,60,2,candidate_risk_off,,0.0,1.0
rolling,2020-09-07,60,2,candidate_risk_off,,0.0,1.0
rolling,2020-09-08,60,2,candidate_risk_off,,0.0,1.0
rolling,2020-09-09,60,2,candidate_risk_off,,0.0,1.0
rolling,2020-09-10,60,2,candidate_risk_off,,0.0,1.0
rolling,2020-09-11,60,2,candidate_risk_off,,0.0,1.0
rolling,2020-09-14,60,2,candidate_risk_off,,0.0,1.0
rolling,2020-09-15,60,2,candidate_risk_off,,0.0,1.0
rolling,2020-09-16,60,2,candidate_risk_off,,0.0,1.0
rolling,2020-09-17,60,2,candidate_risk_off,,0.0,1.0
rolling,2020-09-18,60,2,candidate_risk_off,,0.0,1.0
rolling,2020-09-21,60,2,candidate_risk_off,,0.0,1.0
rolling,2020-09-22,60,2,candidate_risk_off,,0.0,1.0
rolling,2020-09-23,60,2,candidate_risk_off,,0.0,1.0
rolling,2020-09-24,60,2,candidate_risk_off,,0.0,1.0
rolling,2020-09-25,60,2,candidate_risk_off,,0.0,1.0
rolling,2020-09-28,60,2,candidate_risk_off,,0.0,1.0
rolling,2020-09-29,60,2,candidate_risk_off,,0.0,1.0
rolling,2020-09-30,60,2,candidate_risk_off,,0.0,1.0
rolling,2020-10-01,60,2,candidate_risk_off,,0.0,1.0
rolling,2020-10-02,60,2,candidate_risk_off,,0.0,1.0
rolling,2020-10-05,60,2,candidate_risk_off,,0.0,1.0
rolling,2020-10-06,60,2,candidate_risk_off,,0.0,1.0
rolling,2020-10-07,60,2,candidate_risk_off,,0.0,1.0
rolling,2020-10-08,60,2,candidate_risk_off,,0.0,1.0
rolling,2020-10-09,60,2,candidate_risk_off,,0.0,1.0
rolling,2020-10-12,60,2,candidate_risk_off,,0.0,1.0
rolling,2020-10-13,60,2,candidate_risk_off,,0.0,1.0
rolling,2020-10-14,60,2,candidate_risk_off,,0.0,1.0
rolling,2020-10-15,60,2,candidate_risk_off,,0.0,1.0
rolling,2020-10-16,60,2,candidate_risk_off,,0.0,1.0
rolling,2020-10-19,60,2,candidate_risk_off,,0.0,1.0
rolling,2020-10-20,60,2,candidate_risk_off,,0.0,1.0
rolling,2020-10-21,60,2,candidate_risk_off,,0.0,1.0
rolling,2020-10-22,60,2,candidate_risk_off,,0.0,1.0
rolling,2020-10-23,60,2,candidate_risk_off,,0.0,1.0
rolling,2020-10-26,60,2,candidate_risk_off,,0.0,1.0
rolling,2020-10-27,60,2,candidate_risk_off,,0.0,1.0
rolling,2020-10-28,60,2,candidate_risk_off,,0.0,1.0
rolling,2020-10-29,60,2,candidate_risk_off,,0.0,1.0
rolling,2020-10-30,60,2,candidate_risk_off,,0.0,1.0
rolling,2020-11-02,60,2,candidate_risk_off,,0.0,1.0
rolling,2020-11-03,60,2,candidate_risk_off,,0.0,1.0
rolling,2020-11-04,60,2,candidate_risk_off,,0.0,1.0
rolling,2020-11-05,60,2,candidate_risk_off,,0.0,1.0
rolling,2020-11-06,60,2,candidate_risk_off,,0.0,1.0
rolling,2020-11-09,60,2,candidate_risk_off,,0.0,1.0
rolling,2020-11-10,60,2,candidate_risk_off,,0.0,1.0
rolling,2020-11-11,60,2,candidate_risk_off,,0.0,1.0
rolling,2020-11-12,60,2,candidate_risk_off,,0.0,1.0
rolling,2020-11-13,60,2,candidate_risk_off,,0.0,1.0
rolling,2020-11-16,60,2,candidate_risk_off,,0.0,1.0
rolling,2020-11-17,60,2,candidate_risk_off,,0.0,1.0
rolling,2020-11-18,60,2,candidate_risk_off,,0.0,1.0
rolling,2020-11-19,60,2,candidate_risk_off,,0.0,1.0
rolling,2020-11-20,60,2,candidate_risk_off,,0.0,1.0
rolling,2020-11-23,60,2,candidate_risk_off,,0.0,1.0
rolling,2020-11-24,60,2,candidate_risk_off,,0.0,1.0
rolling,2020-11-25,60,2,candidate_risk_off,,0.0,1.0
rolling,2020-11-26,60,2,candidate_risk_off,,0.0,1.0
rolling,2020-11-27,60,2,candidate_risk_off,,0.0,1.0
rolling,2020-11-30,60,2,candidate_risk_off,,0.0,1.0
rolling,2020-12-01,60,2,candidate_risk_off,,0.0,1.0
rolling,2020-12-02,60,2,candidate_risk_off,,0.0,1.0
rolling,2020-12-03,60,2,candidate_risk_off,,0.0,1.0
rolling,2020-12-04,60,2,candidate_risk_off,,0.0,1.0
rolling,2020-12-07,60,2,candidate_risk_off,,0.0,1.0
rolling,2020-12-08,60,2,candidate_risk_off,,0.0,1.0
rolling,2020-12-09,60,2,candidate_risk_off,,0.0,1.0
rolling,2020-12-10,60,2,candidate_risk_off,,0.0,1.0
rolling,2020-12-11,60,2,candidate_risk_off,,0.0,1.0
rolling,2020-12-14,60,2,candidate_risk_off,,0.0,1.0
rolling,2020-12-15,60,2,candidate_risk_off,,0.0,1.0
rolling,2020-12-16,60,2,candidate_risk_off,,0.0,1.0
rolling,2020-12-17,60,2,candidate_risk_off,,0.0,1.0
rolling,2020-12-18,60,2,candidate_risk_off,,0.0,1.0
rolling,2020-12-21,60,2,candidate_risk_off,,0.0,1.0
rolling,2020-12-22,60,2,candidate_risk_off,,0.0,1.0
rolling,2020-12-23,60,2,candidate_risk_off,,0.0,1.0
rolling,2020-12-24,60,2,candidate_risk_off,,0.0,1.0
rolling,2020-12-25,60,2,candidate_risk_off,,0.0,1.0
rolling,2020-12-28,60,2,candidate_risk_off,,0.0,1.0
rolling,2020-12-29,60,2,candidate_risk_off,,0.0,1.0
rolling,2020-12-30,60,2,candidate_risk_off,,0.0,1.0
