date,strategy,drawdown
2015-03-19,baseline_no_overlay,0.0
2015-03-20,baseline_no_overlay,0.0
2015-03-23,baseline_no_overlay,-0.002576777664721752
2015-03-24,baseline_no_overlay,-0.0044624027502914165
2015-03-25,baseline_no_overlay,-0.008162458682801077
2015-03-26,baseline_no_overlay,-0.010917650305085402
2015-03-27,baseline_no_overlay,-0.013654081236006643
2015-03-30,baseline_no_overlay,-0.017233666660368296
2015-03-31,baseline_no_overlay,-0.013783253916060723
2015-04-01,baseline_no_overlay,-0.02227995970228902
2015-04-02,baseline_no_overlay,-0.016595157267016436
2015-04-03,baseline_no_overlay,-0.01587680372557132
2015-04-06,baseline_no_overlay,-0.01949407364535949
2015-04-07,baseline_no_overlay,-0.01591184069486995
2015-04-08,baseline_no_overlay,-0.016243712057685933
2015-04-09,baseline_no_overlay,-0.014288564289090644
2015-04-10,baseline_no_overlay,-0.01189733728707476
2015-04-13,baseline_no_overlay,-0.008326666085027412
2015-04-14,baseline_no_overlay,-0.009039429524213993
2015-04-15,baseline_no_overlay,-0.005013321385154312
2015-04-16,baseline_no_overlay,-0.0022306928095888745
2015-04-17,baseline_no_overlay,-0.002214600391146626
2015-04-20,baseline_no_overlay,-0.004559222111366612
2015-04-21,baseline_no_overlay,-0.006490950147571395
2015-04-22,baseline_no_overlay,-0.006352279348323053
2015-04-23,baseline_no_overlay,-0.0071728661686232265
2015-04-24,baseline_no_overlay,-0.004203815603665451
2015-04-27,baseline_no_overlay,-0.006537792238557327
2015-05-04,baseline_no_overlay,-0.017448317058117557
2015-05-05,baseline_no_overlay,-0.013026550002280257
2015-05-06,baseline_no_overlay,-0.015388142028438745
2015-05-07,baseline_no_overlay,-0.01300677819561924
2015-05-08,baseline_no_overlay,-0.01197402373726808
2015-05-11,baseline_no_overlay,-0.013977094374296284
2015-05-12,baseline_no_overlay,-0.018725364769270003
2015-05-13,baseline_no_overlay,-0.019748628830023485
2015-05-14,baseline_no_overlay,-0.01920193433344164
2015-05-15,baseline_no_overlay,-0.023298974633356062
2015-05-18,baseline_no_overlay,-0.028908730398511273
2015-05-19,baseline_no_overlay,-0.024279408891447862
2015-05-20,baseline_no_overlay,-0.015831803735614103
2015-05-21,baseline_no_overlay,-0.014122222454221789
2015-05-22,baseline_no_overlay,-0.007631876520252101
2015-05-25,baseline_no_overlay,-0.00674682802759774
2015-05-26,baseline_no_overlay,-0.0034117789441858726
2015-05-27,baseline_no_overlay,-0.004034131741862845
2015-05-28,baseline_no_overlay,0.0
2015-05-29,baseline_no_overlay,-0.0029335054751845613
2015-06-01,baseline_no_overlay,0.0
2015-06-02,baseline_no_overlay,-0.004081400314525752
2015-06-03,baseline_no_overlay,-0.005876269187372607
2015-06-04,baseline_no_overlay,-0.005235233044347143
2015-06-05,baseline_no_overlay,0.0
2015-06-08,baseline_no_overlay,0.0
2015-06-09,baseline_no_overlay,-0.0037494091448403433
2015-06-10,baseline_no_overlay,-0.004021221763088723
2015-06-11,baseline_no_overlay,0.0
2015-06-12,baseline_no_overlay,0.0
2015-06-15,baseline_no_overlay,0.0
2015-06-16,baseline_no_overlay,-0.004544483722788262
2015-06-17,baseline_no_overlay,-0.0055366144437548614
2015-06-18,baseline_no_overlay,-0.004658620213642273
2015-06-19,baseline_no_overlay,-0.0019382172737625325
2015-06-22,baseline_no_overlay,0.0
2015-06-23,baseline_no_overlay,-0.0007009171461362929
2015-06-24,baseline_no_overlay,-0.0026673177011697913
2015-06-25,baseline_no_overlay,-0.003932057771316
2015-06-26,baseline_no_overlay,-0.007665769202514716
2015-06-29,baseline_no_overlay,-0.0022017701193262074
2015-06-30,baseline_no_overlay,-0.001425791791546005
2015-07-01,baseline_no_overlay,-0.00241263941202019
2015-07-02,baseline_no_overlay,0.0
2015-07-03,baseline_no_overlay,0.0
2015-07-06,baseline_no_overlay,0.0
2015-07-07,baseline_no_overlay,0.0
2015-07-08,baseline_no_overlay,-0.004814096062392026
2015-07-09,baseline_no_overlay,-0.0055176156748975025
2015-07-10,baseline_no_overlay,-0.002237614923518483
2015-07-13,baseline_no_overlay,0.0
2015-07-14,baseline_no_overlay,0.0
2015-07-15,baseline_no_overlay,-0.00545286063733319
2015-07-16,baseline_no_overlay,-0.00793057121599039
2015-07-17,baseline_no_overlay,-0.006917741049710546
2015-07-20,baseline_no_overlay,-0.011619497202864482
2015-07-21,baseline_no_overlay,-0.013951322206507077
2015-07-22,baseline_no_overlay,-0.006516937732474193
2015-07-23,baseline_no_overlay,-0.00519706646302831
2015-07-24,baseline_no_overlay,-0.005667971341007716
2015-07-27,baseline_no_overlay,-0.003205071342424981
2015-07-28,baseline_no_overlay,-0.005737148851737817
2015-07-29,baseline_no_overlay,-0.009708975136818565
2015-07-30,baseline_no_overlay,-0.008675215365975819
2015-07-31,baseline_no_overlay,-0.012036665338941543
2015-08-03,baseline_no_overlay,-0.018718637649032033
2015-08-04,baseline_no_overlay,-0.023598866186353762
2015-08-05,baseline_no_overlay,-0.020180580821512306
2015-08-06,baseline_no_overlay,-0.023705010569882834
2015-08-07,baseline_no_overlay,-0.022330819255741097
2015-08-10,baseline_no_overlay,-0.016326290586636594
2015-08-11,baseline_no_overlay,-0.01733366613348597
2015-08-12,baseline_no_overlay,-0.02268556715076775
2015-08-13,baseline_no_overlay,-0.028247878737204357
2015-08-14,baseline_no_overlay,-0.03115983105338327
2015-08-17,baseline_no_overlay,-0.04013381123786852
2015-08-18,baseline_no_overlay,-0.036086848890282686
2015-08-19,baseline_no_overlay,-0.03763820158426323
2015-08-20,baseline_no_overlay,-0.04425630776529965
2015-08-21,baseline_no_overlay,-0.0504339808448121
2015-08-24,baseline_no_overlay,-0.06774439656594244
2015-08-25,baseline_no_overlay,-0.06578195071131654
2015-08-26,baseline_no_overlay,-0.055103358388057466
2015-08-27,baseline_no_overlay,-0.04799822471073889
2015-08-28,baseline_no_overlay,-0.037681910041640676
2015-08-31,baseline_no_overlay,-0.04210450844592095
2015-09-01,baseline_no_overlay,-0.04384777417507879
2015-09-03,baseline_no_overlay,-0.04993094269973131
2015-09-04,baseline_no_overlay,-0.048273577045337523
2015-09-07,baseline_no_overlay,-0.04957004514538954
2015-09-08,baseline_no_overlay,-0.04146790424177149
2015-09-09,baseline_no_overlay,-0.03758484602481593
2015-09-10,baseline_no_overlay,-0.037773814983523724
2015-09-11,baseline_no_overlay,-0.04163734151586407
2015-09-14,baseline_no_overlay,-0.04469064687583735
2015-09-15,baseline_no_overlay,-0.04396033529790666
2015-09-16,baseline_no_overlay,-0.043383244162080614
2015-09-17,baseline_no_overlay,-0.044511464524559896
2015-09-18,baseline_no_overlay,-0.04223321300301264
2015-09-21,baseline_no_overlay,-0.038427079875185344
2015-09-22,baseline_no_overlay,-0.03769412852218179
2015-09-23,baseline_no_overlay,-0.03804333171977048
2015-09-24,baseline_no_overlay,-0.03961876067248482
2015-09-25,baseline_no_overlay,-0.03957466171180313
2015-09-28,baseline_no_overlay,-0.04322946359064628
2015-09-29,baseline_no_overlay,-0.045499966042433004
2015-09-30,baseline_no_overlay,-0.044718537974118955
2015-10-01,baseline_no_overlay,-0.04420600647527495
2015-10-02,baseline_no_overlay,-0.04503042965112036
2015-10-05,baseline_no_overlay,-0.04071987354402673
2015-10-06,baseline_no_overlay,-0.03370084178320121
2015-10-07,baseline_no_overlay,-0.03485122464796209
2015-10-08,baseline_no_overlay,-0.030319342489976142
2015-10-09,baseline_no_overlay,-0.029531816216560647
2015-10-12,baseline_no_overlay,-0.026976582429066642
2015-10-13,baseline_no_overlay,-0.02782970030666887
2015-10-14,baseline_no_overlay,-0.028389209671444093
2015-10-15,baseline_no_overlay,-0.02691568266227673
2015-10-16,baseline_no_overlay,-0.02653600115282817
2015-10-19,baseline_no_overlay,-0.025563638266655753
2015-10-20,baseline_no_overlay,-0.028285865437827518
2015-10-21,baseline_no_overlay,-0.028441747783472304
2015-10-22,baseline_no_overlay,-0.02559860498999611
2015-10-23,baseline_no_overlay,-0.02137808743132985
2015-10-26,baseline_no_overlay,-0.02336427040159328
2015-10-27,baseline_no_overlay,-0.023491494157026116
2015-10-28,baseline_no_overlay,-0.02487965985959606
2015-10-29,baseline_no_overlay,-0.01960125719094996
2015-10-30,baseline_no_overlay,-0.01813730841305705
2015-11-02,baseline_no_overlay,-0.021321742963137047
2015-11-03,baseline_no_overlay,-0.015656011457300223
2015-11-04,baseline_no_overlay,-0.01653430692116964
2015-11-05,baseline_no_overlay,-0.013453124540784733
2015-11-06,baseline_no_overlay,-0.015618274099324259
2015-11-09,baseline_no_overlay,-0.01679735365870816
2015-11-10,baseline_no_overlay,-0.020286239009329243
2015-11-11,baseline_no_overlay,-0.021362407218383006
2015-11-12,baseline_no_overlay,-0.020081036125213503
2015-11-13,baseline_no_overlay,-0.016201294611976502
2015-11-16,baseline_no_overlay,-0.017609525932202663
2015-11-17,baseline_no_overlay,-0.020258203892805526
2015-11-18,baseline_no_overlay,-0.021331461417085307
2015-11-19,baseline_no_overlay,-0.022287047420139094
2015-11-20,baseline_no_overlay,-0.02061932246331777
2015-11-23,baseline_no_overlay,-0.02360120690110301
2015-11-24,baseline_no_overlay,-0.02743189365743226
2015-11-25,baseline_no_overlay,-0.026281185435157117
2015-11-26,baseline_no_overlay,-0.029744602812620147
2015-11-27,baseline_no_overlay,-0.034054585309077234
2015-11-30,baseline_no_overlay,-0.03934761208875437
2015-12-01,baseline_no_overlay,-0.04113141523787034
2015-12-02,baseline_no_overlay,-0.03848944905458329
2015-12-03,baseline_no_overlay,-0.038538311543673376
2015-12-04,baseline_no_overlay,-0.04032599682935323
2015-12-07,baseline_no_overlay,-0.04536937609024183
2015-12-08,baseline_no_overlay,-0.039035828699356845
2015-12-09,baseline_no_overlay,-0.045696242994643255
2015-12-10,baseline_no_overlay,-0.04831220748680576
2015-12-11,baseline_no_overlay,-0.04688408427683255
2015-12-14,baseline_no_overlay,-0.0476621692691549
2015-12-15,baseline_no_overlay,-0.04411490928523498
2015-12-16,baseline_no_overlay,-0.041296878160186234
2015-12-17,baseline_no_overlay,-0.03838570485769566
2015-12-18,baseline_no_overlay,-0.04464613132244377
2015-12-21,baseline_no_overlay,-0.04545271371223558
2015-12-22,baseline_no_overlay,-0.04581816813299833
2015-12-23,baseline_no_overlay,-0.047074459533675284
2015-12-24,baseline_no_overlay,-0.04601419578263055
2015-12-25,baseline_no_overlay,-0.04515103587313751
2015-12-28,baseline_no_overlay,-0.0438708781344711
2015-12-29,baseline_no_overlay,-0.04009016670450771
2015-12-30,baseline_no_overlay,-0.037926501069942
2015-12-31,baseline_no_overlay,-0.03822656555973736
2016-01-04,baseline_no_overlay,-0.04147994110473818
2016-01-05,baseline_no_overlay,-0.04443562221218722
2016-01-06,baseline_no_overlay,-0.04166607330743699
2016-01-07,baseline_no_overlay,-0.04816868824225107
2016-01-08,baseline_no_overlay,-0.05141633510824961
2016-01-11,baseline_no_overlay,-0.05266941597152741
2016-01-12,baseline_no_overlay,-0.0490188283982117
2016-01-13,baseline_no_overlay,-0.0516986262890774
2016-01-14,baseline_no_overlay,-0.056054237161341725
2016-01-15,baseline_no_overlay,-0.061790242907200366
2016-01-18,baseline_no_overlay,-0.07194492086345428
2016-01-19,baseline_no_overlay,-0.0650169500587452
2016-01-20,baseline_no_overlay,-0.0699588699928626
2016-01-21,baseline_no_overlay,-0.07519893555732504
2016-01-22,baseline_no_overlay,-0.07495241352381499
2016-01-25,baseline_no_overlay,-0.0604658824415053
2016-01-26,baseline_no_overlay,-0.06425169477035964
2016-01-27,baseline_no_overlay,-0.06043134412492146
2016-01-28,baseline_no_overlay,-0.06309798262406396
2016-01-29,baseline_no_overlay,-0.05863058911206864
2016-02-01,baseline_no_overlay,-0.06262685679593172
2016-02-02,baseline_no_overlay,-0.06598763736880342
2016-02-03,baseline_no_overlay,-0.06410563346973563
2016-02-04,baseline_no_overlay,-0.061757271036260164
2016-02-05,baseline_no_overlay,-0.05973961814625994
2016-02-15,baseline_no_overlay,-0.060482439760430884
2016-02-16,baseline_no_overlay,-0.05718124239490585
2016-02-17,baseline_no_overlay,-0.057960089834002915
2016-02-18,baseline_no_overlay,-0.05407342131196913
2016-02-19,baseline_no_overlay,-0.05290378227515968
2016-02-22,baseline_no_overlay,-0.047625759957150016
2016-02-23,baseline_no_overlay,-0.047176238525933556
2016-02-24,baseline_no_overlay,-0.04203211622100045
2016-02-25,baseline_no_overlay,-0.046336002734520876
2016-02-26,baseline_no_overlay,-0.044099716422133395
2016-02-29,baseline_no_overlay,-0.04935145670307228
2016-03-01,baseline_no_overlay,-0.047853140901587765
2016-03-02,baseline_no_overlay,-0.04158775736920317
2016-03-03,baseline_no_overlay,-0.041444694024738715
2016-03-04,baseline_no_overlay,-0.03923178525812743
2016-03-07,baseline_no_overlay,-0.03741454016887691
2016-03-08,baseline_no_overlay,-0.03846493721593247
2016-03-09,baseline_no_overlay,-0.04046901051512486
2016-03-10,baseline_no_overlay,-0.03783588649783087
2016-03-11,baseline_no_overlay,-0.036913089682484856
2016-03-14,baseline_no_overlay,-0.03642787283105364
2016-03-15,baseline_no_overlay,-0.039111588605982184
2016-03-16,baseline_no_overlay,-0.03722512457800442
2016-03-17,baseline_no_overlay,-0.035789214283916126
2016-03-18,baseline_no_overlay,-0.03805270490931745
2016-03-21,baseline_no_overlay,-0.040315657376364
2016-03-22,baseline_no_overlay,-0.04115289051066073
2016-03-23,baseline_no_overlay,-0.03877304295851369
2016-03-24,baseline_no_overlay,-0.04156554501412302
2016-03-25,baseline_no_overlay,-0.040818492418792096
2016-03-28,baseline_no_overlay,-0.038446724948784206
2016-03-29,baseline_no_overlay,-0.044063163895673996
2016-03-30,baseline_no_overlay,-0.04307804581341479
2016-03-31,baseline_no_overlay,-0.04857330496725065
2016-04-01,baseline_no_overlay,-0.05031986035756497
2016-04-04,baseline_no_overlay,-0.05197097501247672
2016-04-05,baseline_no_overlay,-0.0495601271958368
2016-04-06,baseline_no_overlay,-0.04508483948177777
2016-04-07,baseline_no_overlay,-0.04269726855700107
2016-04-08,baseline_no_overlay,-0.04222791363086997
2016-04-11,baseline_no_overlay,-0.03777696697077604
2016-04-12,baseline_no_overlay,-0.03741252984013921
2016-04-13,baseline_no_overlay,-0.03863088267138681
2016-04-14,baseline_no_overlay,-0.037737076647100354
2016-04-15,baseline_no_overlay,-0.03750972726109281
2016-04-19,baseline_no_overlay,-0.044817305729393464
2016-04-20,baseline_no_overlay,-0.04498033369700882
2016-04-21,baseline_no_overlay,-0.04051291512368338
2016-04-22,baseline_no_overlay,-0.03001397489183777
2016-04-25,baseline_no_overlay,-0.03063797747655772
2016-04-26,baseline_no_overlay,-0.026298516506810143
2016-04-27,baseline_no_overlay,-0.029615271128797693
2016-04-28,baseline_no_overlay,-0.031191276145795754
2016-04-29,baseline_no_overlay,-0.026782033700991303
2016-05-04,baseline_no_overlay,-0.026319106500349965
2016-05-05,baseline_no_overlay,-0.024678022335176353
2016-05-06,baseline_no_overlay,-0.02145645302845023
2016-05-09,baseline_no_overlay,-0.023185758947811164
2016-05-10,baseline_no_overlay,-0.02245559728619173
2016-05-11,baseline_no_overlay,-0.016594282582724662
2016-05-12,baseline_no_overlay,-0.0179966558808905
2016-05-13,baseline_no_overlay,-0.01886554013927777
2016-05-16,baseline_no_overlay,-0.015741937307643283
2016-05-17,baseline_no_overlay,-0.00954753841182765
2016-05-18,baseline_no_overlay,-0.01120791524648257
2016-05-19,baseline_no_overlay,-0.013278127419342756
2016-05-20,baseline_no_overlay,-0.015947809148301073
2016-05-23,baseline_no_overlay,-0.018202086614134028
2016-05-24,baseline_no_overlay,-0.01785188560089168
2016-05-25,baseline_no_overlay,-0.01768248475685763
2016-05-26,baseline_no_overlay,-0.02235364942782747
2016-05-27,baseline_no_overlay,-0.02010384916189789
2016-05-30,baseline_no_overlay,-0.016149273088974292
2016-05-31,baseline_no_overlay,-0.013582114960369318
2016-06-01,baseline_no_overlay,-0.012643772109171114
2016-06-02,baseline_no_overlay,-0.010172296268136982
2016-06-03,baseline_no_overlay,-0.01121299337871573
2016-06-06,baseline_no_overlay,-0.012396598874007125
2016-06-07,baseline_no_overlay,-0.009541459130276486
2016-06-08,baseline_no_overlay,-0.0073907216674494736
2016-06-09,baseline_no_overlay,-0.005173071227030035
2016-06-10,baseline_no_overlay,-0.006213180262183315
2016-06-13,baseline_no_overlay,-0.010236361567995012
2016-06-14,baseline_no_overlay,-0.009220103767684007
2016-06-15,baseline_no_overlay,-0.008265587865047497
2016-06-16,baseline_no_overlay,-0.009426217776778434
2016-06-17,baseline_no_overlay,-0.012627249812618646
2016-06-20,baseline_no_overlay,-0.008930756201939727
2016-06-21,baseline_no_overlay,-0.008040033075791486
2016-06-22,baseline_no_overlay,-0.008986709497286305
2016-06-23,baseline_no_overlay,-0.005736335953424598
2016-06-24,baseline_no_overlay,-0.013232181327385018
2016-06-27,baseline_no_overlay,-0.01297468196153162
2016-06-28,baseline_no_overlay,-0.012411447245095908
2016-06-29,baseline_no_overlay,-0.007487929233472745
2016-06-30,baseline_no_overlay,-0.006098919127490721
2016-07-01,baseline_no_overlay,-0.0008616820677188608
2016-07-04,baseline_no_overlay,0.0
2016-07-05,baseline_no_overlay,0.0
2016-07-06,baseline_no_overlay,-0.000958391247859125
2016-07-07,baseline_no_overlay,0.0
2016-07-08,baseline_no_overlay,-0.0015844661052094589
2016-07-11,baseline_no_overlay,-0.005548469225012398
2016-07-12,baseline_no_overlay,-0.0019613362431494252
2016-07-13,baseline_no_overlay,0.0
2016-07-14,baseline_no_overlay,-0.005339923064460295
2016-07-15,baseline_no_overlay,-0.006504369680887412
2016-07-18,baseline_no_overlay,-0.0018417349422298335
2016-07-19,baseline_no_overlay,-0.005453031759819593
2016-07-20,baseline_no_overlay,-0.009508289933433556
2016-07-21,baseline_no_overlay,-0.009876540266427591
2016-07-22,baseline_no_overlay,-0.015123333986359677
2016-07-25,baseline_no_overlay,-0.015435038546890989
2016-07-26,baseline_no_overlay,-0.015834838472475354
2016-07-27,baseline_no_overlay,-0.011918805417582945
2016-07-28,baseline_no_overlay,-0.011369918246102007
2016-07-29,baseline_no_overlay,-0.014084456539591228
2016-08-01,baseline_no_overlay,-0.016066861120584197
2016-08-02,baseline_no_overlay,-0.023446787202838437
2016-08-03,baseline_no_overlay,-0.025870685020925488
2016-08-04,baseline_no_overlay,-0.025701190489872072
2016-08-05,baseline_no_overlay,-0.02819145816811708
2016-08-08,baseline_no_overlay,-0.027098170533830235
2016-08-09,baseline_no_overlay,-0.022615790932521862
2016-08-10,baseline_no_overlay,-0.01595962151381225
2016-08-11,baseline_no_overlay,-0.008512336092843187
2016-08-12,baseline_no_overlay,-0.011565046606086926
2016-08-15,baseline_no_overlay,-0.009315857378756176
2016-08-16,baseline_no_overlay,-0.010272337786858654
2016-08-17,baseline_no_overlay,-0.008866476828698122
2016-08-18,baseline_no_overlay,-0.0088047166141203
2016-08-19,baseline_no_overlay,-0.007814563126212093
2016-08-22,baseline_no_overlay,-0.010717024653261298
2016-08-23,baseline_no_overlay,-0.009984162689351872
2016-08-24,baseline_no_overlay,-0.00905002913578723
2016-08-25,baseline_no_overlay,-0.010379690426736365
2016-08-26,baseline_no_overlay,-0.005482802176425494
2016-08-29,baseline_no_overlay,-0.004540866581393299
2016-08-30,baseline_no_overlay,-0.0026685140656826922
2016-08-31,baseline_no_overlay,-0.0014334428580632386
2016-09-01,baseline_no_overlay,-0.004761675002967647
2016-09-05,baseline_no_overlay,-0.007582182252770409
2016-09-06,baseline_no_overlay,-0.007979769736760622
2016-09-07,baseline_no_overlay,-0.009251423481157706
2016-09-08,baseline_no_overlay,-0.006796777082006544
2016-09-09,baseline_no_overlay,-0.006376444406682502
2016-09-12,baseline_no_overlay,-0.010061096593686814
2016-09-13,baseline_no_overlay,-0.010089283587823905
2016-09-14,baseline_no_overlay,-0.011696640598109598
2016-09-15,baseline_no_overlay,-0.011940673590883022
2016-09-16,baseline_no_overlay,-0.014303747253609278
2016-09-19,baseline_no_overlay,-0.011229026751566895
2016-09-20,baseline_no_overlay,-0.008354004430608408
2016-09-21,baseline_no_overlay,-0.005518912313128066
2016-09-22,baseline_no_overlay,-0.003787200685351655
2016-09-23,baseline_no_overlay,-0.0021919646297298145
2016-09-26,baseline_no_overlay,-0.00039170507126251586
2016-09-27,baseline_no_overlay,0.0
2016-09-28,baseline_no_overlay,0.0
2016-09-29,baseline_no_overlay,0.0
2016-09-30,baseline_no_overlay,-0.0016612857895104138
2016-10-03,baseline_no_overlay,-0.003271716299279026
2016-10-04,baseline_no_overlay,-0.002670598507862554
2016-10-05,baseline_no_overlay,-0.0010589684361114182
2016-10-06,baseline_no_overlay,-0.0008992772047459185
2016-10-07,baseline_no_overlay,-0.0028301348397614667
2016-10-10,baseline_no_overlay,-0.008183967315939955
2016-10-11,baseline_no_overlay,-0.003895491691362385
2016-10-12,baseline_no_overlay,-0.003896739761122592
2016-10-13,baseline_no_overlay,-0.0023644982918830104
2016-10-14,baseline_no_overlay,-0.0013420744030081533
2016-10-17,baseline_no_overlay,-0.0047200929567398076
2016-10-18,baseline_no_overlay,-0.00417318944380074
2016-10-19,baseline_no_overlay,-0.00043005113996164024
2016-10-20,baseline_no_overlay,-0.0019471891262919927
2016-10-21,baseline_no_overlay,-0.0028362974883842096
2016-10-24,baseline_no_overlay,-0.0064760096032711045
2016-10-25,baseline_no_overlay,-0.007452948850296681
2016-10-26,baseline_no_overlay,-0.008832024392294247
2016-10-27,baseline_no_overlay,-0.007178355257794311
2016-10-28,baseline_no_overlay,-0.004299325515041419
2016-10-31,baseline_no_overlay,-0.008004534032642563
2016-11-01,baseline_no_overlay,-0.007665213214369637
2016-11-02,baseline_no_overlay,-0.010914943196089988
2016-11-03,baseline_no_overlay,-0.012861618414768627
2016-11-04,baseline_no_overlay,-0.013324376818967365
2016-11-07,baseline_no_overlay,-0.009457399692129997
2016-11-08,baseline_no_overlay,-0.008090790058444486
2016-11-09,baseline_no_overlay,-0.011781171584553274
2016-11-10,baseline_no_overlay,-0.0075208019297844375
2016-11-11,baseline_no_overlay,-0.00693914867123846
2016-11-14,baseline_no_overlay,-0.010770229444801882
2016-11-15,baseline_no_overlay,-0.010125273425748649
2016-11-16,baseline_no_overlay,-0.009946054064923326
2016-11-17,baseline_no_overlay,-0.0099653665789875
2016-11-18,baseline_no_overlay,-0.010754686681134662
2016-11-21,baseline_no_overlay,-0.010208597840106748
2016-11-22,baseline_no_overlay,-0.00581178377558389
2016-11-23,baseline_no_overlay,-0.00504241769487801
2016-11-24,baseline_no_overlay,-0.00821619603791146
2016-11-25,baseline_no_overlay,-0.009579812521516629
2016-11-28,baseline_no_overlay,-0.015602848903570887
2016-11-29,baseline_no_overlay,-0.019511914090484472
2016-11-30,baseline_no_overlay,-0.016124973341859472
2016-12-01,baseline_no_overlay,-0.01529916456100644
2016-12-02,baseline_no_overlay,-0.016218550429364043
2016-12-05,baseline_no_overlay,-0.01909178501638531
2016-12-06,baseline_no_overlay,-0.023769648838641744
2016-12-07,baseline_no_overlay,-0.022675629268207986
2016-12-08,baseline_no_overlay,-0.01981976072932179
2016-12-09,baseline_no_overlay,-0.0174814866266344
2016-12-12,baseline_no_overlay,-0.01953106841412522
2016-12-13,baseline_no_overlay,-0.0224289329546965
2016-12-14,baseline_no_overlay,-0.017108986246023306
2016-12-15,baseline_no_overlay,-0.0166937844433942
2016-12-16,baseline_no_overlay,-0.010808074488587005
2016-12-19,baseline_no_overlay,-0.01141282767785945
2016-12-20,baseline_no_overlay,-0.018711968411599833
2016-12-21,baseline_no_overlay,-0.0160679977666508
2016-12-22,baseline_no_overlay,-0.017903528893414067
2016-12-23,baseline_no_overlay,-0.01781969285199858
2016-12-26,baseline_no_overlay,-0.019023111621878197
2016-12-27,baseline_no_overlay,-0.01827421110045635
2016-12-28,baseline_no_overlay,-0.018477303352162577
2016-12-29,baseline_no_overlay,-0.01786780674517785
2016-12-30,baseline_no_overlay,-0.017809900330483797
2017-01-03,baseline_no_overlay,-0.01388489618065436
2017-01-04,baseline_no_overlay,-0.012142865332363972
2017-01-05,baseline_no_overlay,-0.011427875636929707
2017-01-06,baseline_no_overlay,-0.008785089618321917
2017-01-09,baseline_no_overlay,-0.006895794895754537
2017-01-10,baseline_no_overlay,-0.00791648045222404
2017-01-11,baseline_no_overlay,-0.003906407202448725
2017-01-12,baseline_no_overlay,-0.0040402661473968315
2017-01-13,baseline_no_overlay,-0.005228129783575786
2017-01-16,baseline_no_overlay,-0.009537013045674114
2017-01-17,baseline_no_overlay,-0.005978983259140036
2017-01-18,baseline_no_overlay,-0.006836860527008937
2017-01-19,baseline_no_overlay,-0.0073873776955660775
2017-01-20,baseline_no_overlay,-0.005209365434187929
2017-01-23,baseline_no_overlay,-0.0047154229238191014
2017-01-24,baseline_no_overlay,-0.002248070560554427
2017-01-25,baseline_no_overlay,0.0
2017-02-02,baseline_no_overlay,0.0
2017-02-03,baseline_no_overlay,-0.001807013689121395
2017-02-06,baseline_no_overlay,-0.0020229745356071804
2017-02-07,baseline_no_overlay,-0.0009017876846574291
2017-02-08,baseline_no_overlay,-0.0008366235868824123
2017-02-09,baseline_no_overlay,-0.001704830092469134
2017-02-10,baseline_no_overlay,-3.9086467159221705e-05
2017-02-13,baseline_no_overlay,0.0
2017-02-14,baseline_no_overlay,0.0
2017-02-15,baseline_no_overlay,0.0
2017-02-16,baseline_no_overlay,-0.0013793092218751246
2017-02-17,baseline_no_overlay,-0.0022625196366674594
2017-02-20,baseline_no_overlay,-0.0007120880144643182
2017-02-21,baseline_no_overlay,0.0
2017-02-22,baseline_no_overlay,0.0
2017-02-23,baseline_no_overlay,-0.00024384795506782186
2017-02-24,baseline_no_overlay,-0.0017526094181481433
2017-02-27,baseline_no_overlay,-0.00011484831942343288
2017-02-28,baseline_no_overlay,-0.004181515922065726
2017-03-01,baseline_no_overlay,-0.004905746387957155
2017-03-02,baseline_no_overlay,-0.006091920313837096
2017-03-03,baseline_no_overlay,-0.003605292358703549
2017-03-06,baseline_no_overlay,-0.001596715651851599
2017-03-07,baseline_no_overlay,-0.0014765769521447591
2017-03-08,baseline_no_overlay,-0.0014626365454774026
2017-03-09,baseline_no_overlay,-0.0019327629583155703
2017-03-10,baseline_no_overlay,-0.003987945118855696
2017-03-13,baseline_no_overlay,-0.005076146272619431
2017-03-14,baseline_no_overlay,-0.0026443998251441947
2017-03-15,baseline_no_overlay,-0.0037176270984385917
2017-03-16,baseline_no_overlay,-0.002597368484159479
2017-03-17,baseline_no_overlay,-0.0056441206741219
2017-03-20,baseline_no_overlay,-0.0027865911045354963
2017-03-21,baseline_no_overlay,-0.0020701538756685567
2017-03-22,baseline_no_overlay,-0.004349105885999904
2017-03-23,baseline_no_overlay,-0.00012770559707220297
2017-03-24,baseline_no_overlay,0.0
2017-03-27,baseline_no_overlay,0.0
2017-03-28,baseline_no_overlay,-0.003104955778549634
2017-03-29,baseline_no_overlay,-0.002359579266638989
2017-03-30,baseline_no_overlay,-7.736742366737381e-05
2017-03-31,baseline_no_overlay,-0.0011348871441995145
2017-04-03,baseline_no_overlay,-0.0011083817670358709
2017-04-04,baseline_no_overlay,0.0
2017-04-05,baseline_no_overlay,-0.0006540408942807829
2017-04-07,baseline_no_overlay,0.0
2017-04-10,baseline_no_overlay,0.0
2017-04-11,baseline_no_overlay,0.0
2017-04-12,baseline_no_overlay,-0.0038830731214992698
2017-04-13,baseline_no_overlay,-0.004693644290601373
2017-04-14,baseline_no_overlay,-0.008401872870216542
2017-04-17,baseline_no_overlay,-0.013205047780392443
2017-04-18,baseline_no_overlay,-0.010717694524353338
2017-04-19,baseline_no_overlay,-0.009547559206076639
2017-04-20,baseline_no_overlay,-0.012289086951844164
2017-04-21,baseline_no_overlay,-0.012477280956820436
2017-04-24,baseline_no_overlay,-0.014360153322965696
2017-04-25,baseline_no_overlay,-0.015481066124802711
2017-04-26,baseline_no_overlay,-0.01393695423682495
2017-04-27,baseline_no_overlay,-0.00972193990000958
2017-04-28,baseline_no_overlay,-0.008919673561019303
2017-05-03,baseline_no_overlay,-0.007643325942816026
2017-05-04,baseline_no_overlay,-0.005839795187858821
2017-05-05,baseline_no_overlay,-0.0073128434474064585
2017-05-08,baseline_no_overlay,-0.008127753917727909
2017-05-09,baseline_no_overlay,-0.005888111886896752
2017-05-10,baseline_no_overlay,-0.004320575288009221
2017-05-11,baseline_no_overlay,-0.003890538196918758
2017-05-12,baseline_no_overlay,-0.0036353819538194054
2017-05-15,baseline_no_overlay,-0.003658317151221002
2017-05-16,baseline_no_overlay,-0.0038825455775113316
2017-05-17,baseline_no_overlay,-0.0024583460410171343
2017-05-18,baseline_no_overlay,-0.002608456687979932
2017-05-19,baseline_no_overlay,0.0
2017-05-22,baseline_no_overlay,0.0
2017-05-23,baseline_no_overlay,-0.0020722147197437257
2017-05-24,baseline_no_overlay,-0.0009040109963209808
2017-05-25,baseline_no_overlay,-0.0014583089917604708
2017-05-26,baseline_no_overlay,-0.0005319244021938507
2017-05-29,baseline_no_overlay,0.0
2017-05-30,baseline_no_overlay,-0.004942688805574913
2017-05-31,baseline_no_overlay,-0.005197551025287961
2017-06-01,baseline_no_overlay,-0.0029461049148725715
2017-06-02,baseline_no_overlay,-0.004861497524342284
2017-06-05,baseline_no_overlay,-0.002202659314903377
2017-06-06,baseline_no_overlay,0.0
2017-06-07,baseline_no_overlay,0.0
2017-06-08,baseline_no_overlay,-0.002106585256170024
2017-06-09,baseline_no_overlay,-0.0023750959092405655
2017-06-12,baseline_no_overlay,-0.00163852536889586
2017-06-13,baseline_no_overlay,0.0
2017-06-14,baseline_no_overlay,0.0
2017-06-15,baseline_no_overlay,-0.00013240418272697507
2017-06-16,baseline_no_overlay,0.0
2017-06-19,baseline_no_overlay,0.0
2017-06-20,baseline_no_overlay,0.0
2017-06-21,baseline_no_overlay,-0.0003393610893919208
2017-06-22,baseline_no_overlay,-0.0009771465668453327
2017-06-23,baseline_no_overlay,0.0
2017-06-26,baseline_no_overlay,0.0
2017-06-27,baseline_no_overlay,-0.0027354522529613456
2017-06-28,baseline_no_overlay,-0.001982105955914637
2017-06-29,baseline_no_overlay,-0.0005534150090971135
2017-06-30,baseline_no_overlay,0.0
2017-07-03,baseline_no_overlay,0.0
2017-07-04,baseline_no_overlay,-0.0018247429964897144
2017-07-05,baseline_no_overlay,-0.000301457726720078
2017-07-06,baseline_no_overlay,0.0
2017-07-07,baseline_no_overlay,-0.0038183497883899076
2017-07-10,baseline_no_overlay,-0.008592584487729704
2017-07-11,baseline_no_overlay,-0.007187739456537945
2017-07-12,baseline_no_overlay,-0.004620303439786033
2017-07-13,baseline_no_overlay,-0.002404929554388535
2017-07-14,baseline_no_overlay,-0.0028173525004938638
2017-07-17,baseline_no_overlay,-0.007474382098969334
2017-07-18,baseline_no_overlay,-0.008214620562418062
2017-07-19,baseline_no_overlay,-0.006331884405764265
2017-07-20,baseline_no_overlay,-0.007780978659402749
2017-07-21,baseline_no_overlay,-0.011163180471132628
2017-07-24,baseline_no_overlay,-0.012185552064973182
2017-07-25,baseline_no_overlay,-0.008420243585356313
2017-07-26,baseline_no_overlay,-0.0048638307016187765
2017-07-27,baseline_no_overlay,-0.006258526806810605
2017-07-28,baseline_no_overlay,-0.003296744624862402
2017-07-31,baseline_no_overlay,0.0
2017-08-01,baseline_no_overlay,0.0
2017-08-02,baseline_no_overlay,-0.0003698008049057844
2017-08-03,baseline_no_overlay,0.0
2017-08-04,baseline_no_overlay,0.0
2017-08-07,baseline_no_overlay,0.0
2017-08-08,baseline_no_overlay,-0.0008011585115593745
2017-08-09,baseline_no_overlay,-0.010661282279036621
2017-08-10,baseline_no_overlay,-0.01082824926473236
2017-08-11,baseline_no_overlay,-0.011465397113468057
2017-08-14,baseline_no_overlay,-0.009559837496828871
2017-08-15,baseline_no_overlay,-0.012047599187249847
2017-08-16,baseline_no_overlay,-0.010906421543665279
2017-08-17,baseline_no_overlay,-0.01404384075650622
2017-08-18,baseline_no_overlay,-0.013443938083198659
2017-08-21,baseline_no_overlay,-0.013543542682672105
2017-08-22,baseline_no_overlay,-0.017252528192151506
2017-08-23,baseline_no_overlay,-0.014980806990537943
2017-08-24,baseline_no_overlay,-0.013074275691020043
2017-08-25,baseline_no_overlay,-0.012117761774535718
2017-08-28,baseline_no_overlay,-0.009180244706072593
2017-08-29,baseline_no_overlay,-0.011022748485885914
2017-08-30,baseline_no_overlay,-0.008617498739435514
2017-08-31,baseline_no_overlay,-0.006323414280462347
2017-09-01,baseline_no_overlay,-0.0029726890414873974
2017-09-05,baseline_no_overlay,-0.000928281625781735
2017-09-06,baseline_no_overlay,-0.00021823812468291237
2017-09-07,baseline_no_overlay,0.0
2017-09-08,baseline_no_overlay,0.0
2017-09-11,baseline_no_overlay,-0.002086239064517992
2017-09-12,baseline_no_overlay,-0.0008309848516212526
2017-09-13,baseline_no_overlay,0.0
2017-09-14,baseline_no_overlay,0.0
2017-09-15,baseline_no_overlay,-0.00027039457586885973
2017-09-18,baseline_no_overlay,0.0
2017-09-19,baseline_no_overlay,-0.0010045168702939034
2017-09-20,baseline_no_overlay,-0.0010688577392922172
2017-09-21,baseline_no_overlay,-0.0020494910505550745
2017-09-22,baseline_no_overlay,-0.0005292724341220412
2017-09-25,baseline_no_overlay,-0.0012690917766312593
2017-09-26,baseline_no_overlay,-0.0013976654012433087
2017-09-27,baseline_no_overlay,-0.002172047213887418
2017-09-28,baseline_no_overlay,-0.0016675577946736464
2017-09-29,baseline_no_overlay,-0.0018643907832667228
2017-10-02,baseline_no_overlay,-0.0029590965127725966
2017-10-03,baseline_no_overlay,-0.005056009344968304
2017-10-04,baseline_no_overlay,-0.0011627610629125762
2017-10-05,baseline_no_overlay,-0.0014153550217821387
2017-10-06,baseline_no_overlay,-8.033857675215916e-05
2017-10-09,baseline_no_overlay,0.0
2017-10-10,baseline_no_overlay,0.0
2017-10-11,baseline_no_overlay,0.0
2017-10-12,baseline_no_overlay,0.0
2017-10-13,baseline_no_overlay,0.0
2017-10-16,baseline_no_overlay,-0.0009346589660466087
2017-10-17,baseline_no_overlay,0.0
2017-10-18,baseline_no_overlay,-0.00037497927999430303
2017-10-19,baseline_no_overlay,0.0
2017-10-20,baseline_no_overlay,-0.0011947193926913346
2017-10-23,baseline_no_overlay,-0.004827811735668042
2017-10-24,baseline_no_overlay,-0.002273962280263775
2017-10-25,baseline_no_overlay,0.0
2017-10-26,baseline_no_overlay,-0.00032557996102977604
2017-10-27,baseline_no_overlay,0.0
2017-10-30,baseline_no_overlay,0.0
2017-10-31,baseline_no_overlay,-0.004147065224822888
2017-11-01,baseline_no_overlay,-0.0017039522956955322
2017-11-02,baseline_no_overlay,-0.006686016457256305
2017-11-03,baseline_no_overlay,-0.0018812684740920904
2017-11-06,baseline_no_overlay,0.0
2017-11-07,baseline_no_overlay,0.0
2017-11-08,baseline_no_overlay,0.0
2017-11-09,baseline_no_overlay,0.0
2017-11-10,baseline_no_overlay,0.0
2017-11-13,baseline_no_overlay,0.0
2017-11-14,baseline_no_overlay,0.0
2017-11-15,baseline_no_overlay,0.0
2017-11-16,baseline_no_overlay,0.0
2017-11-17,baseline_no_overlay,-0.0009745080990022359
2017-11-20,baseline_no_overlay,0.0
2017-11-21,baseline_no_overlay,0.0
2017-11-22,baseline_no_overlay,0.0
2017-11-23,baseline_no_overlay,0.0
2017-11-24,baseline_no_overlay,0.0
2017-11-27,baseline_no_overlay,0.0
2017-11-28,baseline_no_overlay,0.0
2017-11-29,baseline_no_overlay,0.0
2017-11-30,baseline_no_overlay,-0.001161859433693846
2017-12-01,baseline_no_overlay,0.0
2017-12-04,baseline_no_overlay,0.0
2017-12-05,baseline_no_overlay,-0.008493508457888432
2017-12-06,baseline_no_overlay,-0.011030017329661135
2017-12-07,baseline_no_overlay,-0.015010641883865583
2017-12-08,baseline_no_overlay,-0.014416782253110272
2017-12-11,baseline_no_overlay,-0.023958847243151227
2017-12-12,baseline_no_overlay,-0.020046751285862974
2017-12-13,baseline_no_overlay,-0.021288390138898827
2017-12-14,baseline_no_overlay,-0.016666942697689646
2017-12-15,baseline_no_overlay,-0.01697797601559592
2017-12-18,baseline_no_overlay,-0.007978579293513421
2017-12-19,baseline_no_overlay,-0.011067881865743812
2017-12-20,baseline_no_overlay,-0.010202588053661255
2017-12-21,baseline_no_overlay,-0.01345176182567176
2017-12-22,baseline_no_overlay,-0.010859749174390365
2017-12-25,baseline_no_overlay,-0.00826864996169041
2017-12-26,baseline_no_overlay,-0.004835617076208942
2017-12-27,baseline_no_overlay,-0.003646561128637593
2017-12-28,baseline_no_overlay,0.0
2017-12-29,baseline_no_overlay,0.0
2018-01-02,baseline_no_overlay,0.0
2018-01-03,baseline_no_overlay,0.0
2018-01-04,baseline_no_overlay,0.0
2018-01-05,baseline_no_overlay,-0.0032325522181830824
2018-01-08,baseline_no_overlay,0.0
2018-01-09,baseline_no_overlay,0.0
2018-01-10,baseline_no_overlay,0.0
2018-01-11,baseline_no_overlay,0.0
2018-01-12,baseline_no_overlay,0.0
2018-01-15,baseline_no_overlay,0.0
2018-01-16,baseline_no_overlay,-0.0003061673101405482
2018-01-17,baseline_no_overlay,-0.013504368389978039
2018-01-18,baseline_no_overlay,-0.006977119899463147
2018-01-19,baseline_no_overlay,-0.0017299308742600994
2018-01-22,baseline_no_overlay,0.0
2018-01-25,baseline_no_overlay,0.0
2018-01-26,baseline_no_overlay,0.0
2018-01-29,baseline_no_overlay,-0.002819493362386849
2018-01-30,baseline_no_overlay,-0.002524306171517221
2018-01-31,baseline_no_overlay,-0.002642673288181352
2018-02-01,baseline_no_overlay,-0.00739155288419846
2018-02-02,baseline_no_overlay,-0.005001377176650279
2018-02-05,baseline_no_overlay,-0.028830045052180897
2018-02-06,baseline_no_overlay,-0.04476573011945906
2018-02-07,baseline_no_overlay,-0.03256065492167992
2018-02-08,baseline_no_overlay,-0.03987874571703642
2018-02-09,baseline_no_overlay,-0.047668631602390765
2018-02-12,baseline_no_overlay,-0.032393168793047655
2018-02-13,baseline_no_overlay,-0.025353579267508586
2018-02-21,baseline_no_overlay,-0.014213718413646048
2018-02-22,baseline_no_overlay,-0.018968586706893165
2018-02-23,baseline_no_overlay,-0.007735131452841104
2018-02-26,baseline_no_overlay,-0.002480137215490119
2018-02-27,baseline_no_overlay,-0.00019704200627301827
2018-02-28,baseline_no_overlay,0.0
2018-03-01,baseline_no_overlay,-0.002610097981370796
2018-03-02,baseline_no_overlay,-0.00011982654204978349
2018-03-05,baseline_no_overlay,-0.012294188286533503
2018-03-06,baseline_no_overlay,-0.0010983214989799261
2018-03-07,baseline_no_overlay,-0.004652634699878089
2018-03-08,baseline_no_overlay,0.0
2018-03-09,baseline_no_overlay,-0.00031508692415405104
2018-03-12,baseline_no_overlay,0.0
2018-03-13,baseline_no_overlay,0.0
2018-03-14,baseline_no_overlay,0.0
2018-03-15,baseline_no_overlay,0.0
2018-03-16,baseline_no_overlay,0.0
2018-03-19,baseline_no_overlay,0.0
2018-03-20,baseline_no_overlay,0.0
2018-03-21,baseline_no_overlay,0.0
2018-03-22,baseline_no_overlay,0.0
2018-03-23,baseline_no_overlay,-0.007373069528031184
2018-03-26,baseline_no_overlay,-0.0010172515287328876
2018-03-27,baseline_no_overlay,-0.0008852749143664074
2018-03-28,baseline_no_overlay,-0.0007238162999497755
2018-03-29,baseline_no_overlay,-0.0024490973311660502
2018-03-30,baseline_no_overlay,-0.0001665078608569237
2018-04-02,baseline_no_overlay,0.0
2018-04-03,baseline_no_overlay,-0.002604354482347526
2018-04-04,baseline_no_overlay,-0.0017093508258216872
2018-04-05,baseline_no_overlay,-0.0012432397283931307
2018-04-06,baseline_no_overlay,0.0
2018-04-09,baseline_no_overlay,0.0
2018-04-10,baseline_no_overlay,-0.001993758055554795
2018-04-11,baseline_no_overlay,-0.011679499295942808
2018-04-12,baseline_no_overlay,-0.009842210410275776
2018-04-13,baseline_no_overlay,-0.014974218697811792
2018-04-16,baseline_no_overlay,-0.01766056504029201
2018-04-17,baseline_no_overlay,-0.01619497554917604
2018-04-18,baseline_no_overlay,-0.020690675542818227
2018-04-19,baseline_no_overlay,-0.034187777685850684
2018-04-20,baseline_no_overlay,-0.025449107852580255
2018-04-23,baseline_no_overlay,-0.0407613089913581
2018-04-24,baseline_no_overlay,-0.039351509352634984
2018-04-26,baseline_no_overlay,-0.052613345677204326
2018-04-27,baseline_no_overlay,-0.05048086509239991
2018-05-02,baseline_no_overlay,-0.058746969919882264
2018-05-03,baseline_no_overlay,-0.05986023498556692
2018-05-04,baseline_no_overlay,-0.05972638381395057
2018-05-07,baseline_no_overlay,-0.04559457924386068
2018-05-08,baseline_no_overlay,-0.04639341775428707
2018-05-09,baseline_no_overlay,-0.04781391749896291
2018-05-10,baseline_no_overlay,-0.05936810658935898
2018-05-11,baseline_no_overlay,-0.052647152004517195
2018-05-14,baseline_no_overlay,-0.043583177198020184
2018-05-15,baseline_no_overlay,-0.040923889643556755
2018-05-16,baseline_no_overlay,-0.04813194381426178
2018-05-17,baseline_no_overlay,-0.05708267221327301
2018-05-18,baseline_no_overlay,-0.053276172205313
2018-05-21,baseline_no_overlay,-0.06345906042967953
2018-05-22,baseline_no_overlay,-0.07479735057257753
2018-05-23,baseline_no_overlay,-0.0735829743507066
2018-05-24,baseline_no_overlay,-0.07477906955040337
2018-05-25,baseline_no_overlay,-0.08362591921807416
2018-05-28,baseline_no_overlay,-0.09648527606632462
2018-05-29,baseline_no_overlay,-0.0876198863534079
2018-05-30,baseline_no_overlay,-0.08917496541317849
2018-05-31,baseline_no_overlay,-0.07926413897481321
2018-06-01,baseline_no_overlay,-0.0705413891087403
2018-06-04,baseline_no_overlay,-0.06171526760983126
2018-06-05,baseline_no_overlay,-0.057971479916748225
2018-06-06,baseline_no_overlay,-0.053290471497979386
2018-06-07,baseline_no_overlay,-0.05240101448418655
2018-06-08,baseline_no_overlay,-0.05146795846264707
2018-06-11,baseline_no_overlay,-0.05147308459484112
2018-06-12,baseline_no_overlay,-0.05890797287016747
2018-06-13,baseline_no_overlay,-0.055101234347090466
2018-06-14,baseline_no_overlay,-0.06095917109691473
2018-06-15,baseline_no_overlay,-0.060678805185219065
2018-06-18,baseline_no_overlay,-0.0717918785984224
2018-06-19,baseline_no_overlay,-0.08101052774690909
2018-06-20,baseline_no_overlay,-0.07389144066387332
2018-06-21,baseline_no_overlay,-0.0783718515055093
2018-06-22,baseline_no_overlay,-0.0730302013122528
2018-06-25,baseline_no_overlay,-0.0701425627668536
2018-06-26,baseline_no_overlay,-0.07309155340442597
2018-06-27,baseline_no_overlay,-0.07899552765242412
2018-06-28,baseline_no_overlay,-0.08358326279028061
2018-06-29,baseline_no_overlay,-0.08225297813281018
2018-07-02,baseline_no_overlay,-0.08761817905579272
2018-07-03,baseline_no_overlay,-0.10436831069765828
2018-07-04,baseline_no_overlay,-0.10070843442737609
2018-07-05,baseline_no_overlay,-0.10716841142902322
2018-07-06,baseline_no_overlay,-0.10013272900725412
2018-07-09,baseline_no_overlay,-0.10110256815684171
2018-07-10,baseline_no_overlay,-0.10272768868312332
2018-07-11,baseline_no_overlay,-0.11014811150599557
2018-07-12,baseline_no_overlay,-0.10793627775788439
2018-07-13,baseline_no_overlay,-0.10330782889042855
2018-07-16,baseline_no_overlay,-0.10272444617908505
2018-07-17,baseline_no_overlay,-0.09827123647250846
2018-07-18,baseline_no_overlay,-0.08896763068487334
2018-07-19,baseline_no_overlay,-0.08830968741252776
2018-07-20,baseline_no_overlay,-0.0927792643191927
2018-07-23,baseline_no_overlay,-0.09141783479959475
2018-07-24,baseline_no_overlay,-0.09250616847777526
2018-07-25,baseline_no_overlay,-0.09514335349153424
2018-07-26,baseline_no_overlay,-0.09412413225036864
2018-07-27,baseline_no_overlay,-0.09194844976681293
2018-07-30,baseline_no_overlay,-0.08634719549618008
2018-07-31,baseline_no_overlay,-0.08358256987840207
2018-08-01,baseline_no_overlay,-0.08502345651024157
2018-08-02,baseline_no_overlay,-0.08472184775396918
2018-08-03,baseline_no_overlay,-0.08233983300377079
2018-08-06,baseline_no_overlay,-0.08211312703651019
2018-08-07,baseline_no_overlay,-0.08347026524088552
2018-08-08,baseline_no_overlay,-0.07981220023843472
2018-08-09,baseline_no_overlay,-0.08094950443474147
2018-08-10,baseline_no_overlay,-0.07916168022296721
2018-08-13,baseline_no_overlay,-0.07546722308147125
2018-08-14,baseline_no_overlay,-0.07539302370958678
2018-08-15,baseline_no_overlay,-0.08236271099791215
2018-08-16,baseline_no_overlay,-0.08126522887574394
2018-08-17,baseline_no_overlay,-0.07950699288620089
2018-08-20,baseline_no_overlay,-0.0792441267532753
2018-08-21,baseline_no_overlay,-0.07568603782554151
2018-08-22,baseline_no_overlay,-0.0745669983382119
2018-08-23,baseline_no_overlay,-0.07260203370753016
2018-08-24,baseline_no_overlay,-0.07272794676958061
2018-08-27,baseline_no_overlay,-0.07090238181331876
2018-08-28,baseline_no_overlay,-0.06966191250111331
2018-08-29,baseline_no_overlay,-0.07261831174533484
2018-08-30,baseline_no_overlay,-0.06900865732328831
2018-08-31,baseline_no_overlay,-0.07240566922847658
2018-09-04,baseline_no_overlay,-0.07708829693204611
2018-09-05,baseline_no_overlay,-0.0797651217913764
2018-09-06,baseline_no_overlay,-0.08344575918450048
2018-09-07,baseline_no_overlay,-0.07975004539335706
2018-09-10,baseline_no_overlay,-0.0792428197123537
2018-09-11,baseline_no_overlay,-0.07372219810854008
2018-09-12,baseline_no_overlay,-0.07298430792031219
2018-09-13,baseline_no_overlay,-0.07263344008177863
2018-09-14,baseline_no_overlay,-0.07127492497163335
2018-09-17,baseline_no_overlay,-0.07274774401424544
2018-09-18,baseline_no_overlay,-0.07057298054375538
2018-09-19,baseline_no_overlay,-0.06978624603554295
2018-09-20,baseline_no_overlay,-0.06621175998012907
2018-09-21,baseline_no_overlay,-0.06696029770547318
2018-09-24,baseline_no_overlay,-0.063879615796687
2018-09-25,baseline_no_overlay,-0.06410153089537662
2018-09-26,baseline_no_overlay,-0.06453211958096083
2018-09-27,baseline_no_overlay,-0.06248723211846663
2018-09-28,baseline_no_overlay,-0.061860564632000514
2018-10-01,baseline_no_overlay,-0.06346629692302508
2018-10-02,baseline_no_overlay,-0.06137973499800564
2018-10-03,baseline_no_overlay,-0.06083018536893425
2018-10-04,baseline_no_overlay,-0.05965967001895056
2018-10-05,baseline_no_overlay,-0.06541098641622878
2018-10-08,baseline_no_overlay,-0.06934112846420593
2018-10-09,baseline_no_overlay,-0.0693245903110703
2018-10-10,baseline_no_overlay,-0.07006996978083779
2018-10-11,baseline_no_overlay,-0.08643742150272726
2018-10-12,baseline_no_overlay,-0.07675115305110902
2018-10-15,baseline_no_overlay,-0.08412163695665575
2018-10-16,baseline_no_overlay,-0.07934617267792388
2018-10-17,baseline_no_overlay,-0.07594982143933027
2018-10-18,baseline_no_overlay,-0.07940445237577443
2018-10-19,baseline_no_overlay,-0.08153247861953106
2018-10-22,baseline_no_overlay,-0.08356476020770343
2018-10-23,baseline_no_overlay,-0.08923154670583655
2018-10-24,baseline_no_overlay,-0.09639134381170944
2018-10-25,baseline_no_overlay,-0.10158734516115264
2018-10-26,baseline_no_overlay,-0.10544632116965591
2018-10-29,baseline_no_overlay,-0.11055271183758819
2018-10-30,baseline_no_overlay,-0.11061561009468812
2018-10-31,baseline_no_overlay,-0.09959099641826541
2018-11-01,baseline_no_overlay,-0.10244017021731844
2018-11-02,baseline_no_overlay,-0.09476244384869792
2018-11-05,baseline_no_overlay,-0.09447509276940691
2018-11-06,baseline_no_overlay,-0.09616320796866862
2018-11-07,baseline_no_overlay,-0.09614002791917042
2018-11-08,baseline_no_overlay,-0.09439943201481249
2018-11-09,baseline_no_overlay,-0.09942747793937123
2018-11-12,baseline_no_overlay,-0.09804076548330087
2018-11-13,baseline_no_overlay,-0.10294853295760731
2018-11-14,baseline_no_overlay,-0.10458740278111434
2018-11-15,baseline_no_overlay,-0.10590814525928638
2018-11-16,baseline_no_overlay,-0.10554888742429247
2018-11-19,baseline_no_overlay,-0.09945869865046397
2018-11-20,baseline_no_overlay,-0.09840012425528388
2018-11-21,baseline_no_overlay,-0.09709184497289447
2018-11-22,baseline_no_overlay,-0.09639893313002679
2018-11-23,baseline_no_overlay,-0.0988376112325774
2018-11-26,baseline_no_overlay,-0.09774096022926682
2018-11-27,baseline_no_overlay,-0.09698707241952975
2018-11-28,baseline_no_overlay,-0.09436802855243742
2018-11-29,baseline_no_overlay,-0.09565995990672316
2018-11-30,baseline_no_overlay,-0.09576880575731761
2018-12-03,baseline_no_overlay,-0.0872115513591748
2018-12-04,baseline_no_overlay,-0.0843130197370856
2018-12-05,baseline_no_overlay,-0.08501319505320148
2018-12-06,baseline_no_overlay,-0.08592661192266882
2018-12-07,baseline_no_overlay,-0.08449541842126895
2018-12-10,baseline_no_overlay,-0.08551604308537097
2018-12-11,baseline_no_overlay,-0.08601010214892113
2018-12-12,baseline_no_overlay,-0.08342839063466279
2018-12-13,baseline_no_overlay,-0.08383722847160857
2018-12-14,baseline_no_overlay,-0.0868783758546825
2018-12-17,baseline_no_overlay,-0.09336634990443582
2018-12-18,baseline_no_overlay,-0.09564515850375443
2018-12-19,baseline_no_overlay,-0.09838285753474851
2018-12-20,baseline_no_overlay,-0.09875745401212555
2018-12-21,baseline_no_overlay,-0.10081015208275368
2018-12-24,baseline_no_overlay,-0.10206574032690441
2018-12-25,baseline_no_overlay,-0.10558021358306413
2018-12-26,baseline_no_overlay,-0.10777049735527267
2018-12-27,baseline_no_overlay,-0.10479325995372835
2018-12-28,baseline_no_overlay,-0.10760287589028594
2019-01-02,baseline_no_overlay,-0.10787640723198522
2019-01-03,baseline_no_overlay,-0.1127936230855997
2019-01-04,baseline_no_overlay,-0.11183791224409834
2019-01-07,baseline_no_overlay,-0.10862037414838344
2019-01-08,baseline_no_overlay,-0.10943430635463591
2019-01-09,baseline_no_overlay,-0.10590863080116442
2019-01-10,baseline_no_overlay,-0.10541546566060622
2019-01-11,baseline_no_overlay,-0.10363227453565604
2019-01-14,baseline_no_overlay,-0.10400208722228765
2019-01-15,baseline_no_overlay,-0.10094751636352439
2019-01-16,baseline_no_overlay,-0.10138292999791154
2019-01-17,baseline_no_overlay,-0.1039527102527239
2019-01-18,baseline_no_overlay,-0.10383295553631
2019-01-21,baseline_no_overlay,-0.1007328801554106
2019-01-22,baseline_no_overlay,-0.10254045955608126
2019-01-23,baseline_no_overlay,-0.10197338793645705
2019-01-24,baseline_no_overlay,-0.10175187710663292
2019-01-25,baseline_no_overlay,-0.10174546421921404
2019-01-28,baseline_no_overlay,-0.1004429158932354
2019-01-29,baseline_no_overlay,-0.09888538937436364
2019-01-30,baseline_no_overlay,-0.09895351996257928
2019-01-31,baseline_no_overlay,-0.1012108291663808
2019-02-01,baseline_no_overlay,-0.10201851557277442
2019-02-11,baseline_no_overlay,-0.09506563178463945
2019-02-12,baseline_no_overlay,-0.090173044030739
2019-02-13,baseline_no_overlay,-0.08675096496653822
2019-02-14,baseline_no_overlay,-0.08365451340928087
2019-02-15,baseline_no_overlay,-0.08427586994808622
2019-02-18,baseline_no_overlay,-0.08010328249863008
2019-02-19,baseline_no_overlay,-0.07883329283740181
2019-02-20,baseline_no_overlay,-0.0762704862483341
2019-02-21,baseline_no_overlay,-0.06943398302751169
2019-02-22,baseline_no_overlay,-0.0688885288095118
2019-02-25,baseline_no_overlay,-0.06651124031986222
2019-02-26,baseline_no_overlay,-0.06966760144906048
2019-02-27,baseline_no_overlay,-0.0684102425506764
2019-02-28,baseline_no_overlay,-0.07795089540033284
2019-03-01,baseline_no_overlay,-0.07245903764141737
2019-03-04,baseline_no_overlay,-0.06660636543048704
2019-03-05,baseline_no_overlay,-0.0672449084264356
2019-03-06,baseline_no_overlay,-0.06647130760402775
2019-03-07,baseline_no_overlay,-0.06668782462391398
2019-03-08,baseline_no_overlay,-0.07006941846699755
2019-03-11,baseline_no_overlay,-0.07032127513004538
2019-03-12,baseline_no_overlay,-0.0644458476975317
2019-03-13,baseline_no_overlay,-0.06268007616583993
2019-03-14,baseline_no_overlay,-0.06150014210918675
2019-03-15,baseline_no_overlay,-0.06322598670724011
2019-03-18,baseline_no_overlay,-0.0602124494380365
2019-03-19,baseline_no_overlay,-0.06216414732093134
2019-03-20,baseline_no_overlay,-0.06367383842407326
2019-03-21,baseline_no_overlay,-0.07047433499346778
2019-03-22,baseline_no_overlay,-0.06839363080240302
2019-03-25,baseline_no_overlay,-0.0754042170426853
2019-03-26,baseline_no_overlay,-0.07553411459091697
2019-03-27,baseline_no_overlay,-0.07344577147201847
2019-03-28,baseline_no_overlay,-0.07090869129793875
2019-03-29,baseline_no_overlay,-0.07178549828997893
2019-04-01,baseline_no_overlay,-0.06931003459298446
2019-04-02,baseline_no_overlay,-0.07062341994629806
2019-04-03,baseline_no_overlay,-0.07118847528659
2019-04-04,baseline_no_overlay,-0.0702992175755327
2019-04-05,baseline_no_overlay,-0.06949074435908287
2019-04-08,baseline_no_overlay,-0.06649893126713868
2019-04-09,baseline_no_overlay,-0.0700361103641155
2019-04-10,baseline_no_overlay,-0.07221401622193357
2019-04-11,baseline_no_overlay,-0.07095261776603246
2019-04-12,baseline_no_overlay,-0.07218293755883998
2019-04-16,baseline_no_overlay,-0.07425998980810566
2019-04-17,baseline_no_overlay,-0.07590522403048072
2019-04-18,baseline_no_overlay,-0.07831524769172526
2019-04-19,baseline_no_overlay,-0.07748938535851968
2019-04-22,baseline_no_overlay,-0.07764373273327452
2019-04-23,baseline_no_overlay,-0.07700662483183818
2019-04-24,baseline_no_overlay,-0.07419177989792691
2019-04-25,baseline_no_overlay,-0.07523601036119554
2019-04-26,baseline_no_overlay,-0.07334587764850242
2019-05-02,baseline_no_overlay,-0.07385116863168573
2019-05-03,baseline_no_overlay,-0.07553971407217808
2019-05-06,baseline_no_overlay,-0.08104096747848466
2019-05-07,baseline_no_overlay,-0.08120173183301138
2019-05-08,baseline_no_overlay,-0.08308119806860514
2019-05-09,baseline_no_overlay,-0.08422989167145101
2019-05-10,baseline_no_overlay,-0.08276137892106439
2019-05-13,baseline_no_overlay,-0.0811265319583061
2019-05-14,baseline_no_overlay,-0.07909290006182845
2019-05-15,baseline_no_overlay,-0.07571025783979224
2019-05-16,baseline_no_overlay,-0.07569812516639951
2019-05-17,baseline_no_overlay,-0.07543904608278051
2019-05-20,baseline_no_overlay,-0.07117784811196315
2019-05-21,baseline_no_overlay,-0.07162874810346853
2019-05-22,baseline_no_overlay,-0.07269335707007452
2019-05-23,baseline_no_overlay,-0.07311841406743069
2019-05-24,baseline_no_overlay,-0.0783205053598739
2019-05-27,baseline_no_overlay,-0.07669691435667769
2019-05-28,baseline_no_overlay,-0.07787763600523367
2019-05-29,baseline_no_overlay,-0.07805164481494342
2019-05-30,baseline_no_overlay,-0.0788196607870788
2019-05-31,baseline_no_overlay,-0.08189682967768708
2019-06-03,baseline_no_overlay,-0.08582320349694716
2019-06-04,baseline_no_overlay,-0.08460477994084425
2019-06-05,baseline_no_overlay,-0.08459081694391235
2019-06-06,baseline_no_overlay,-0.08560802153919356
2019-06-07,baseline_no_overlay,-0.08241654724074143
2019-06-10,baseline_no_overlay,-0.08084630321256336
2019-06-11,baseline_no_overlay,-0.08117149547258129
2019-06-12,baseline_no_overlay,-0.08402002864720282
2019-06-13,baseline_no_overlay,-0.0853309599693336
2019-06-14,baseline_no_overlay,-0.08418326787033592
2019-06-17,baseline_no_overlay,-0.08649092383318091
2019-06-18,baseline_no_overlay,-0.08745766575080605
2019-06-19,baseline_no_overlay,-0.08570482213260433
2019-06-20,baseline_no_overlay,-0.08247936557110269
2019-06-21,baseline_no_overlay,-0.08250942257433902
2019-06-24,baseline_no_overlay,-0.08125871916173166
2019-06-25,baseline_no_overlay,-0.0824746388932408
2019-06-26,baseline_no_overlay,-0.08289537527247826
2019-06-27,baseline_no_overlay,-0.08899339170028353
2019-06-28,baseline_no_overlay,-0.08681983655931347
2019-07-01,baseline_no_overlay,-0.08143394680875715
2019-07-02,baseline_no_overlay,-0.08324189898003431
2019-07-03,baseline_no_overlay,-0.08393374256821162
2019-07-04,baseline_no_overlay,-0.07914389955539436
2019-07-05,baseline_no_overlay,-0.0782371127036201
2019-07-08,baseline_no_overlay,-0.08229788481481293
2019-07-09,baseline_no_overlay,-0.0813805001460759
2019-07-10,baseline_no_overlay,-0.07957631218953287
2019-07-11,baseline_no_overlay,-0.07755941300942537
2019-07-12,baseline_no_overlay,-0.07892928180563585
2019-07-15,baseline_no_overlay,-0.08005615541367106
2019-07-16,baseline_no_overlay,-0.07643431307313342
2019-07-17,baseline_no_overlay,-0.07627829354624027
2019-07-18,baseline_no_overlay,-0.07887036986739526
2019-07-19,baseline_no_overlay,-0.07663624498993138
2019-07-22,baseline_no_overlay,-0.07675192230573125
2019-07-23,baseline_no_overlay,-0.07389691994044689
2019-07-24,baseline_no_overlay,-0.07433152961372902
2019-07-25,baseline_no_overlay,-0.07195167542790926
2019-07-26,baseline_no_overlay,-0.0725371359591035
2019-07-29,baseline_no_overlay,-0.07091096018606013
2019-07-30,baseline_no_overlay,-0.07608726730289717
2019-07-31,baseline_no_overlay,-0.07430529182916346
2019-08-01,baseline_no_overlay,-0.07225935195720501
2019-08-02,baseline_no_overlay,-0.07526787512586519
2019-08-05,baseline_no_overlay,-0.0815907394840718
2019-08-06,baseline_no_overlay,-0.08445897314247408
2019-08-07,baseline_no_overlay,-0.08408267102690725
2019-08-08,baseline_no_overlay,-0.08079914335400007
2019-08-09,baseline_no_overlay,-0.08114620380007098
2019-08-12,baseline_no_overlay,-0.08085883427902596
2019-08-13,baseline_no_overlay,-0.08408625651411339
2019-08-14,baseline_no_overlay,-0.08346335338040989
2019-08-15,baseline_no_overlay,-0.08001113716913966
2019-08-16,baseline_no_overlay,-0.0798335379971562
2019-08-19,baseline_no_overlay,-0.07943229585031186
2019-08-20,baseline_no_overlay,-0.07786099195078189
2019-08-21,baseline_no_overlay,-0.07340346385188856
2019-08-22,baseline_no_overlay,-0.07207922582924231
2019-08-23,baseline_no_overlay,-0.0742573062361428
2019-08-26,baseline_no_overlay,-0.0778513061666346
2019-08-27,baseline_no_overlay,-0.07986591066098625
2019-08-28,baseline_no_overlay,-0.07975358239646835
2019-08-29,baseline_no_overlay,-0.07934557588806779
2019-08-30,baseline_no_overlay,-0.0773217281664974
2019-09-03,baseline_no_overlay,-0.07902829182388293
2019-09-04,baseline_no_overlay,-0.07963739572053474
2019-09-05,baseline_no_overlay,-0.07996357486949279
2019-09-06,baseline_no_overlay,-0.08093532474883836
2019-09-09,baseline_no_overlay,-0.08092518789096337
2019-09-10,baseline_no_overlay,-0.08243139092689822
2019-09-11,baseline_no_overlay,-0.08279594313743788
2019-09-12,baseline_no_overlay,-0.08041886861680603
2019-09-13,baseline_no_overlay,-0.07587836272725079
2019-09-16,baseline_no_overlay,-0.07475519488508409
2019-09-17,baseline_no_overlay,-0.07190106825650477
2019-09-18,baseline_no_overlay,-0.07281275380832042
2019-09-19,baseline_no_overlay,-0.07196831909126822
2019-09-20,baseline_no_overlay,-0.07517123272204751
2019-09-23,baseline_no_overlay,-0.07697972311253887
2019-09-24,baseline_no_overlay,-0.07614971893069156
2019-09-25,baseline_no_overlay,-0.07656221484143477
2019-09-26,baseline_no_overlay,-0.07504890527801533
2019-09-27,baseline_no_overlay,-0.0718299321236271
2019-09-30,baseline_no_overlay,-0.072411944335522
2019-10-01,baseline_no_overlay,-0.07119467832538784
2019-10-02,baseline_no_overlay,-0.07552375840294623
2019-10-03,baseline_no_overlay,-0.0751468262983841
2019-10-04,baseline_no_overlay,-0.07725266852820523
2019-10-07,baseline_no_overlay,-0.07893456921031927
2019-10-08,baseline_no_overlay,-0.07711858037140606
2019-10-09,baseline_no_overlay,-0.07737137835910546
2019-10-10,baseline_no_overlay,-0.07757846688121484
2019-10-11,baseline_no_overlay,-0.07570877837799184
2019-10-14,baseline_no_overlay,-0.07495246277774215
2019-10-15,baseline_no_overlay,-0.07519268028769754
2019-10-16,baseline_no_overlay,-0.07454080675300467
2019-10-17,baseline_no_overlay,-0.07671299047886937
2019-10-18,baseline_no_overlay,-0.07702973270631974
2019-10-21,baseline_no_overlay,-0.07936165492138036
2019-10-22,baseline_no_overlay,-0.07801147833191668
2019-10-23,baseline_no_overlay,-0.07779852141064392
2019-10-24,baseline_no_overlay,-0.0751515031861909
2019-10-25,baseline_no_overlay,-0.07367306990107236
2019-10-28,baseline_no_overlay,-0.07372218415514675
2019-10-29,baseline_no_overlay,-0.07404890745323256
2019-10-30,baseline_no_overlay,-0.07195637638345109
2019-10-31,baseline_no_overlay,-0.0729528881570336
2019-11-01,baseline_no_overlay,-0.06626559457114523
2019-11-04,baseline_no_overlay,-0.06301993157031438
2019-11-05,baseline_no_overlay,-0.06217592002753469
2019-11-06,baseline_no_overlay,-0.061916324245114396
2019-11-07,baseline_no_overlay,-0.06232187252800081
2019-11-08,baseline_no_overlay,-0.06298622936079701
2019-11-11,baseline_no_overlay,-0.06540439705663947
2019-11-12,baseline_no_overlay,-0.06485670061856752
2019-11-13,baseline_no_overlay,-0.06714731178213118
2019-11-14,baseline_no_overlay,-0.06735487267249851
2019-11-15,baseline_no_overlay,-0.06822800769913584
2019-11-18,baseline_no_overlay,-0.07096834486514036
2019-11-19,baseline_no_overlay,-0.06903937968208773
2019-11-20,baseline_no_overlay,-0.07242639102270598
2019-11-21,baseline_no_overlay,-0.0772702419915493
2019-11-22,baseline_no_overlay,-0.08085230402948018
2019-11-25,baseline_no_overlay,-0.08135422638514678
2019-11-26,baseline_no_overlay,-0.08122736951998477
2019-11-27,baseline_no_overlay,-0.0806826714823149
2019-11-28,baseline_no_overlay,-0.08374750855088808
2019-11-29,baseline_no_overlay,-0.08362333275629308
2019-12-02,baseline_no_overlay,-0.08816798993759567
2019-12-03,baseline_no_overlay,-0.09052772705960999
2019-12-04,baseline_no_overlay,-0.08603945658675494
2019-12-05,baseline_no_overlay,-0.08717103215705124
2019-12-06,baseline_no_overlay,-0.08708829432671261
2019-12-09,baseline_no_overlay,-0.08612235980316563
2019-12-10,baseline_no_overlay,-0.08847811000714889
2019-12-11,baseline_no_overlay,-0.087978954501442
2019-12-12,baseline_no_overlay,-0.08536648376223654
2019-12-13,baseline_no_overlay,-0.08625555959453268
2019-12-16,baseline_no_overlay,-0.08806291551911671
2019-12-17,baseline_no_overlay,-0.09059752870328819
2019-12-18,baseline_no_overlay,-0.09153497814707112
2019-12-19,baseline_no_overlay,-0.09117691552276885
2019-12-20,baseline_no_overlay,-0.08977010362948723
2019-12-23,baseline_no_overlay,-0.08871289203594734
2019-12-24,baseline_no_overlay,-0.08894628393045412
2019-12-25,baseline_no_overlay,-0.08814125064863743
2019-12-26,baseline_no_overlay,-0.08914694410198054
2019-12-27,baseline_no_overlay,-0.08713349072637344
2019-12-30,baseline_no_overlay,-0.08646908202958392
2019-12-31,baseline_no_overlay,-0.08839399170306794
2020-01-02,baseline_no_overlay,-0.08581576860036144
2020-01-03,baseline_no_overlay,-0.08670067008000293
2020-01-06,baseline_no_overlay,-0.09124433191265402
2020-01-07,baseline_no_overlay,-0.08988323657266128
2020-01-08,baseline_no_overlay,-0.09463373442960632
2020-01-09,baseline_no_overlay,-0.09033092515316798
2020-01-10,baseline_no_overlay,-0.08660104215640463
2020-01-13,baseline_no_overlay,-0.08784386588540072
2020-01-14,baseline_no_overlay,-0.08730729278484262
2020-01-15,baseline_no_overlay,-0.08704131663750592
2020-01-16,baseline_no_overlay,-0.08329981909390549
2020-01-17,baseline_no_overlay,-0.08067230830979577
2020-01-20,baseline_no_overlay,-0.0808880925835227
2020-01-21,baseline_no_overlay,-0.07626488114936048
2020-01-22,baseline_no_overlay,-0.07323257783946058
2020-01-30,baseline_no_overlay,-0.09201744020513214
2020-01-31,baseline_no_overlay,-0.10212919853618108
2020-02-03,baseline_no_overlay,-0.10541753166724943
2020-02-04,baseline_no_overlay,-0.1050534992355664
2020-02-05,baseline_no_overlay,-0.1064432166855519
2020-02-06,baseline_no_overlay,-0.10108635420192713
2020-02-07,baseline_no_overlay,-0.10010259634598528
2020-02-10,baseline_no_overlay,-0.10470650280209681
2020-02-11,baseline_no_overlay,-0.10287233870511547
2020-02-12,baseline_no_overlay,-0.10154846284857388
2020-02-13,baseline_no_overlay,-0.10130259614970538
2020-02-14,baseline_no_overlay,-0.10167880243243466
2020-02-17,baseline_no_overlay,-0.10289059839453696
2020-02-18,baseline_no_overlay,-0.1060307185935444
2020-02-19,baseline_no_overlay,-0.10577629419019718
2020-02-20,baseline_no_overlay,-0.10184238610783913
2020-02-21,baseline_no_overlay,-0.10431696258193568
2020-02-24,baseline_no_overlay,-0.11573408035548438
2020-02-25,baseline_no_overlay,-0.11280051822108705
2020-02-26,baseline_no_overlay,-0.11938162725924983
2020-02-27,baseline_no_overlay,-0.11833837934843205
2020-02-28,baseline_no_overlay,-0.12564394686207847
2020-03-02,baseline_no_overlay,-0.1246153855734684
2020-03-03,baseline_no_overlay,-0.12186092213390654
2020-03-04,baseline_no_overlay,-0.12244426872863479
2020-03-05,baseline_no_overlay,-0.12067307671915695
2020-03-06,baseline_no_overlay,-0.12150044738116927
2020-03-09,baseline_no_overlay,-0.14667534187758902
2020-03-10,baseline_no_overlay,-0.1456883173157919
2020-03-11,baseline_no_overlay,-0.15889718747293213
2020-03-12,baseline_no_overlay,-0.18399461653031057
2020-03-13,baseline_no_overlay,-0.18807210744737324
2020-03-16,baseline_no_overlay,-0.19520675016023614
2020-03-17,baseline_no_overlay,-0.19650130850637715
2020-03-18,baseline_no_overlay,-0.1954042964510908
2020-03-19,baseline_no_overlay,-0.20893716379554972
2020-03-20,baseline_no_overlay,-0.2187271520643479
2020-03-23,baseline_no_overlay,-0.24228896868100902
2020-03-24,baseline_no_overlay,-0.24643179652699
2020-03-25,baseline_no_overlay,-0.2297698216556644
2020-03-26,baseline_no_overlay,-0.22769405842224644
2020-03-27,baseline_no_overlay,-0.226756279419851
2020-03-30,baseline_no_overlay,-0.24584737040775484
2020-03-31,baseline_no_overlay,-0.24570504426422302
2020-04-01,baseline_no_overlay,-0.2353619797330665
2020-04-03,baseline_no_overlay,-0.2217549404421435
2020-04-06,baseline_no_overlay,-0.20342451954622487
2020-04-07,baseline_no_overlay,-0.1987444619763834
2020-04-08,baseline_no_overlay,-0.1981047116234984
2020-04-09,baseline_no_overlay,-0.19129382824404673
2020-04-10,baseline_no_overlay,-0.19260133516405753
2020-04-13,baseline_no_overlay,-0.18878962357597184
2020-04-14,baseline_no_overlay,-0.18795195003345688
2020-04-15,baseline_no_overlay,-0.18254264595722958
2020-04-16,baseline_no_overlay,-0.18073874837692694
2020-04-17,baseline_no_overlay,-0.17600705544040463
2020-04-20,baseline_no_overlay,-0.1730325810426223
2020-04-21,baseline_no_overlay,-0.1893844192393832
2020-04-22,baseline_no_overlay,-0.18821252510166775
2020-04-23,baseline_no_overlay,-0.18536169497725652
2020-04-24,baseline_no_overlay,-0.18373363836608803
2020-04-27,baseline_no_overlay,-0.1872730933253446
2020-04-28,baseline_no_overlay,-0.18911071544457103
2020-04-29,baseline_no_overlay,-0.18814830584972586
2020-05-04,baseline_no_overlay,-0.19146741393627675
2020-05-05,baseline_no_overlay,-0.19079235413348017
2020-05-06,baseline_no_overlay,-0.1824694593524212
2020-05-07,baseline_no_overlay,-0.1755751191212167
2020-05-08,baseline_no_overlay,-0.16715530477898166
2020-05-11,baseline_no_overlay,-0.16002948225884184
2020-05-12,baseline_no_overlay,-0.15623861725295696
2020-05-13,baseline_no_overlay,-0.15684425766938226
2020-05-14,baseline_no_overlay,-0.15778451381019043
2020-05-15,baseline_no_overlay,-0.16038706158026161
2020-05-18,baseline_no_overlay,-0.15603067118340197
2020-05-19,baseline_no_overlay,-0.15188581753679753
2020-05-20,baseline_no_overlay,-0.14855776686991262
2020-05-21,baseline_no_overlay,-0.14375384878249353
2020-05-22,baseline_no_overlay,-0.1492103429577788
2020-05-25,baseline_no_overlay,-0.1465108581885911
2020-05-26,baseline_no_overlay,-0.1415679304575389
2020-05-27,baseline_no_overlay,-0.14775627340488495
2020-05-28,baseline_no_overlay,-0.1462240836022447
2020-05-29,baseline_no_overlay,-0.14481749086085483
2020-06-01,baseline_no_overlay,-0.13785768313220848
2020-06-02,baseline_no_overlay,-0.14022245598933003
2020-06-03,baseline_no_overlay,-0.13729131179526266
2020-06-04,baseline_no_overlay,-0.13591641275713695
2020-06-05,baseline_no_overlay,-0.13487985149939252
2020-06-08,baseline_no_overlay,-0.12837442215089034
2020-06-09,baseline_no_overlay,-0.1289546950980902
2020-06-10,baseline_no_overlay,-0.12837350243183798
2020-06-11,baseline_no_overlay,-0.14383876016332364
2020-06-12,baseline_no_overlay,-0.14553785607867598
2020-06-15,baseline_no_overlay,-0.15863081197635887
2020-06-16,baseline_no_overlay,-0.14927603487678942
2020-06-17,baseline_no_overlay,-0.1500408738158434
2020-06-18,baseline_no_overlay,-0.14968230120739734
2020-06-19,baseline_no_overlay,-0.14338910473719335
2020-06-22,baseline_no_overlay,-0.14202589478483285
2020-06-23,baseline_no_overlay,-0.14369886162081702
2020-06-24,baseline_no_overlay,-0.14806008818369953
2020-06-25,baseline_no_overlay,-0.15042671787777173
2020-06-26,baseline_no_overlay,-0.15158231900086616
2020-06-29,baseline_no_overlay,-0.16136863060132156
2020-06-30,baseline_no_overlay,-0.16317932775705968
2020-07-01,baseline_no_overlay,-0.15579416427152593
2020-07-02,baseline_no_overlay,-0.15638648439323577
2020-07-03,baseline_no_overlay,-0.15415356347151798
2020-07-06,baseline_no_overlay,-0.1482904380042097
2020-07-07,baseline_no_overlay,-0.14728084478088999
2020-07-08,baseline_no_overlay,-0.1467860920241496
2020-07-09,baseline_no_overlay,-0.14096936677973404
2020-07-10,baseline_no_overlay,-0.1435279488856046
2020-07-13,baseline_no_overlay,-0.14466772919723048
2020-07-14,baseline_no_overlay,-0.14494730300186776
2020-07-15,baseline_no_overlay,-0.14421132686050464
2020-07-16,baseline_no_overlay,-0.14157246786747457
2020-07-17,baseline_no_overlay,-0.14363824028413374
2020-07-20,baseline_no_overlay,-0.147345296512
2020-07-21,baseline_no_overlay,-0.147261330970739
2020-07-22,baseline_no_overlay,-0.1496984869263993
2020-07-23,baseline_no_overlay,-0.14920644159592755
2020-07-24,baseline_no_overlay,-0.15828232730229352
2020-07-27,baseline_no_overlay,-0.1735441387352622
2020-07-28,baseline_no_overlay,-0.1630809646393695
2020-07-29,baseline_no_overlay,-0.17182084948018217
2020-07-30,baseline_no_overlay,-0.16780166214703052
2020-07-31,baseline_no_overlay,-0.1689255031259287
2020-08-03,baseline_no_overlay,-0.16202328764110197
2020-08-04,baseline_no_overlay,-0.15596442920632347
2020-08-05,baseline_no_overlay,-0.15130014287472604
2020-08-06,baseline_no_overlay,-0.1502426605697853
2020-08-07,baseline_no_overlay,-0.14955330754235385
2020-08-10,baseline_no_overlay,-0.1486748717005787
2020-08-11,baseline_no_overlay,-0.1487375393461935
2020-08-12,baseline_no_overlay,-0.14674342382213512
2020-08-13,baseline_no_overlay,-0.14271622236309722
2020-08-14,baseline_no_overlay,-0.1449022576906418
2020-08-17,baseline_no_overlay,-0.1452119405609097
2020-08-18,baseline_no_overlay,-0.14705869425867568
2020-08-19,baseline_no_overlay,-0.1448163676616805
2020-08-20,baseline_no_overlay,-0.14628185504807056
2020-08-21,baseline_no_overlay,-0.14322353810623012
2020-08-24,baseline_no_overlay,-0.1366538277252557
2020-08-25,baseline_no_overlay,-0.13397079210616347
2020-08-26,baseline_no_overlay,-0.13430745967442292
2020-08-27,baseline_no_overlay,-0.1337650027619567
2020-08-28,baseline_no_overlay,-0.13177738299067543
2020-08-31,baseline_no_overlay,-0.13055327753404955
2020-09-01,baseline_no_overlay,-0.12628264214241303
2020-09-03,baseline_no_overlay,-0.12062530802189064
2020-09-04,baseline_no_overlay,-0.12166744930643436
2020-09-07,baseline_no_overlay,-0.12676763574403616
2020-09-08,baseline_no_overlay,-0.12612290528947256
2020-09-09,baseline_no_overlay,-0.12642842353332662
2020-09-10,baseline_no_overlay,-0.12661306819944962
2020-09-11,baseline_no_overlay,-0.12656691522175334
2020-09-14,baseline_no_overlay,-0.12459039149282969
2020-09-15,baseline_no_overlay,-0.12398101505619519
2020-09-16,baseline_no_overlay,-0.12356429902527322
2020-09-17,baseline_no_overlay,-0.1249120299165809
2020-09-18,baseline_no_overlay,-0.12241271755951555
2020-09-21,baseline_no_overlay,-0.11984698047523223
2020-09-22,baseline_no_overlay,-0.12047523146048278
2020-09-23,baseline_no_overlay,-0.11829977161708838
2020-09-24,baseline_no_overlay,-0.11969132805761329
2020-09-25,baseline_no_overlay,-0.11980878290646646
2020-09-28,baseline_no_overlay,-0.11829840308919426
2020-09-29,baseline_no_overlay,-0.12147085206922759
2020-09-30,baseline_no_overlay,-0.12106809293447474
2020-10-01,baseline_no_overlay,-0.11765682434833646
2020-10-02,baseline_no_overlay,-0.11966627845632405
2020-10-05,baseline_no_overlay,-0.11795471743520647
2020-10-06,baseline_no_overlay,-0.1175825136059373
2020-10-07,baseline_no_overlay,-0.11588485469830401
2020-10-08,baseline_no_overlay,-0.11626234785688105
2020-10-09,baseline_no_overlay,-0.11418853273873142
2020-10-12,baseline_no_overlay,-0.11342130852022159
2020-10-13,baseline_no_overlay,-0.11167390322573123
2020-10-14,baseline_no_overlay,-0.1071865727906336
2020-10-15,baseline_no_overlay,-0.10615944496658214
2020-10-16,baseline_no_overlay,-0.10594136317263436
2020-10-19,baseline_no_overlay,-0.1057964461493408
2020-10-20,baseline_no_overlay,-0.1055085573280804
2020-10-21,baseline_no_overlay,-0.10796748077656992
2020-10-22,baseline_no_overlay,-0.10418772603385984
2020-10-23,baseline_no_overlay,-0.09938770271364139
2020-10-26,baseline_no_overlay,-0.10360769359069766
2020-10-27,baseline_no_overlay,-0.1050605502488351
2020-10-28,baseline_no_overlay,-0.11310535209853168
2020-10-29,baseline_no_overlay,-0.11376354399023059
2020-10-30,baseline_no_overlay,-0.1114470932573487
2020-11-02,baseline_no_overlay,-0.108261249200309
2020-11-03,baseline_no_overlay,-0.1075826550270591
2020-11-04,baseline_no_overlay,-0.10578418742915485
2020-11-05,baseline_no_overlay,-0.10674935952990494
2020-11-06,baseline_no_overlay,-0.1065794908816502
2020-11-09,baseline_no_overlay,-0.10071081892801836
2020-11-10,baseline_no_overlay,-0.10079325761887359
2020-11-11,baseline_no_overlay,-0.10073473225236251
2020-11-12,baseline_no_overlay,-0.09777303590706277
2020-11-13,baseline_no_overlay,-0.09458877695863577
2020-11-16,baseline_no_overlay,-0.10145894392711319
2020-11-17,baseline_no_overlay,-0.09482195583493458
2020-11-18,baseline_no_overlay,-0.09298260625746302
2020-11-19,baseline_no_overlay,-0.08930803943372667
2020-11-20,baseline_no_overlay,-0.08689328438819854
2020-11-23,baseline_no_overlay,-0.08535495897545264
2020-11-24,baseline_no_overlay,-0.08478094831403493
2020-11-25,baseline_no_overlay,-0.08316034661934313
2020-11-26,baseline_no_overlay,-0.08093845996255289
2020-11-27,baseline_no_overlay,-0.07930224746390058
2020-11-30,baseline_no_overlay,-0.08200145489829835
2020-12-01,baseline_no_overlay,-0.0803067097280149
2020-12-02,baseline_no_overlay,-0.07811763821821194
2020-12-03,baseline_no_overlay,-0.07633055303445357
2020-12-04,baseline_no_overlay,-0.07575198891109192
2020-12-07,baseline_no_overlay,-0.07299791204640937
2020-12-08,baseline_no_overlay,-0.07334066981764886
2020-12-09,baseline_no_overlay,-0.07015817365225963
2020-12-10,baseline_no_overlay,-0.0730173883918912
2020-12-11,baseline_no_overlay,-0.06921481524045348
2020-12-14,baseline_no_overlay,-0.06341081840895979
2020-12-15,baseline_no_overlay,-0.06653210007393595
2020-12-16,baseline_no_overlay,-0.0629645659597603
2020-12-17,baseline_no_overlay,-0.06808696574073458
2020-12-18,baseline_no_overlay,-0.06387278683875897
2020-12-21,baseline_no_overlay,-0.05987957195596172
2020-12-22,baseline_no_overlay,-0.05911254416236411
2020-12-23,baseline_no_overlay,-0.06081071661277038
2020-12-24,baseline_no_overlay,-0.06424917390886653
2020-12-25,baseline_no_overlay,-0.05955058484976017
2020-12-28,baseline_no_overlay,-0.057271842899264014
2020-12-29,baseline_no_overlay,-0.05464646731015266
2020-12-30,baseline_no_overlay,-0.055276054100181105
2020-12-31,baseline_no_overlay,-0.053476153201874044
2021-01-04,baseline_no_overlay,-0.04793046705667703
2021-01-05,baseline_no_overlay,-0.0435289388439446
2021-01-06,baseline_no_overlay,-0.03948678808501094
2021-01-07,baseline_no_overlay,-0.03395776320027932
2021-01-08,baseline_no_overlay,-0.02884732375448662
2021-01-11,baseline_no_overlay,-0.02109869800905173
2021-01-12,baseline_no_overlay,-0.017866104588200815
2021-01-13,baseline_no_overlay,-0.020714669064956226
2021-01-14,baseline_no_overlay,-0.020251082405815635
2021-01-15,baseline_no_overlay,-0.01746642060001824
2021-01-18,baseline_no_overlay,-0.018390461587327156
2021-01-19,baseline_no_overlay,-0.04188788855781711
2021-01-20,baseline_no_overlay,-0.04055340971402266
2021-01-21,baseline_no_overlay,-0.029617277760516036
2021-01-22,baseline_no_overlay,-0.02849435981395665
2021-01-25,baseline_no_overlay,-0.028876430375021855
2021-01-26,baseline_no_overlay,-0.04223424664641373
2021-01-27,baseline_no_overlay,-0.05918189926283257
2021-01-28,baseline_no_overlay,-0.08981883909236776
2021-01-29,baseline_no_overlay,-0.07816555427718141
2021-02-01,baseline_no_overlay,-0.0851062177632883
2021-02-02,baseline_no_overlay,-0.06905720478591804
2021-02-03,baseline_no_overlay,-0.05619067388988619
2021-02-04,baseline_no_overlay,-0.055875529436034466
2021-02-05,baseline_no_overlay,-0.05021667951601405
2021-02-08,baseline_no_overlay,-0.0690398515146049
2021-02-09,baseline_no_overlay,-0.05645254364786523
2021-02-17,baseline_no_overlay,-0.04002067198825987
2021-02-18,baseline_no_overlay,-0.03207720006970316
2021-02-19,baseline_no_overlay,-0.03250691560550367
2021-02-22,baseline_no_overlay,-0.03196017631824921
2021-02-23,baseline_no_overlay,-0.03088346798402475
2021-02-24,baseline_no_overlay,-0.0377823610859751
2021-02-25,baseline_no_overlay,-0.03650815570581012
2021-02-26,baseline_no_overlay,-0.035303802708671395
2021-03-01,baseline_no_overlay,-0.02790854897527606
2021-03-02,baseline_no_overlay,-0.027747349026819967
2021-03-03,baseline_no_overlay,-0.02766633212541303
2021-03-04,baseline_no_overlay,-0.035063661849824346
2015-03-19,baseline_risk_overlay,0.0
2015-03-20,baseline_risk_overlay,0.0
2015-03-23,baseline_risk_overlay,-0.000644817833171718
2015-03-24,baseline_risk_overlay,-0.0011174724094036304
2015-03-25,baseline_risk_overlay,-0.0020468907416667514
2015-03-26,baseline_risk_overlay,-0.002740658820868269
2015-03-27,baseline_risk_overlay,-0.003431139022314622
2015-03-30,baseline_risk_overlay,-0.004336543617980304
2015-03-31,baseline_risk_overlay,-0.0034637684960644455
2015-04-01,baseline_risk_overlay,-0.005617141356384914
2015-04-02,baseline_risk_overlay,-0.004174860821436366
2015-04-03,baseline_risk_overlay,-0.0039930540487305155
2015-04-06,baseline_risk_overlay,-0.0049095558255441984
2015-04-07,baseline_risk_overlay,-0.004001919181376823
2015-04-08,baseline_risk_overlay,-0.004085901761437194
2015-04-09,baseline_risk_overlay,-0.003591442478404816
2015-04-10,baseline_risk_overlay,-0.002987697174110737
2015-04-13,baseline_risk_overlay,-0.002088198278345943
2015-04-14,baseline_risk_overlay,-0.002267558460338992
2015-04-15,baseline_risk_overlay,-0.0012556935162851834
2015-04-16,baseline_risk_overlay,-0.0005581403094566673
2015-04-17,baseline_risk_overlay,-0.0005541104853218348
2015-04-20,baseline_risk_overlay,-0.0011417594618551297
2015-04-21,baseline_risk_overlay,-0.0016267024755426407
2015-04-22,baseline_risk_overlay,-0.0015918668650053425
2015-04-23,baseline_risk_overlay,-0.0017980602626650466
2015-04-24,baseline_risk_overlay,-0.0010526147315881307
2015-04-27,baseline_risk_overlay,-0.0016384705413988732
2015-05-04,baseline_risk_overlay,-0.004390914900529563
2015-05-05,baseline_risk_overlay,-0.0032726680116806905
2015-05-06,baseline_risk_overlay,-0.003869436435359308
2015-05-07,baseline_risk_overlay,-0.003267676248209672
2015-05-08,baseline_risk_overlay,-0.0030070422185272117
2015-05-11,baseline_risk_overlay,-0.0035127392927720713
2015-05-12,baseline_risk_overlay,-0.005981230645695668
2015-05-13,baseline_risk_overlay,-0.006330399137852605
2015-05-14,baseline_risk_overlay,-0.006137742998029161
2015-05-15,baseline_risk_overlay,-0.008215721686060662
2015-05-18,baseline_risk_overlay,-0.009732008584897756
2015-05-19,baseline_risk_overlay,-0.008553927650128523
2015-05-20,baseline_risk_overlay,-0.006414921492241987
2015-05-21,baseline_risk_overlay,-0.005983717483999174
2015-05-22,baseline_risk_overlay,-0.004351759788936427
2015-05-25,baseline_risk_overlay,-0.004129840524774053
2015-05-26,baseline_risk_overlay,-0.0032949320186461684
2015-05-27,baseline_risk_overlay,-0.0034505749137014874
2015-05-28,baseline_risk_overlay,-0.0009957123708439486
2015-05-29,baseline_risk_overlay,-0.002462080834401359
2015-06-01,baseline_risk_overlay,-0.00044273293390906243
2015-06-02,baseline_risk_overlay,-0.002484615170887161
2015-06-03,baseline_risk_overlay,-0.0030574800170285465
2015-06-04,baseline_risk_overlay,-0.002896805422046178
2015-06-05,baseline_risk_overlay,-0.0013712129021368202
2015-06-08,baseline_risk_overlay,-0.0010588335732623078
2015-06-09,baseline_risk_overlay,-0.001996512794820604
2015-06-10,baseline_risk_overlay,-0.002064592478366656
2015-06-11,baseline_risk_overlay,-0.0009341755471137247
2015-06-12,baseline_risk_overlay,-0.0006450475886499163
2015-06-15,baseline_risk_overlay,-5.734758877762314e-05
2015-06-16,baseline_risk_overlay,-0.0011953445592453038
2015-06-17,baseline_risk_overlay,-0.0014443047953668353
2015-06-18,baseline_risk_overlay,-0.001223975914061537
2015-06-19,baseline_risk_overlay,-0.0005422266870338532
2015-06-22,baseline_risk_overlay,0.0
2015-06-23,baseline_risk_overlay,-0.00017527536332917482
2015-06-24,baseline_risk_overlay,-0.0006674974572197234
2015-06-25,baseline_risk_overlay,-0.0009844672525991527
2015-06-26,baseline_risk_overlay,-0.0019219761930042711
2015-06-29,baseline_risk_overlay,-0.0005508975949037875
2015-06-30,baseline_risk_overlay,-0.0003566386892612794
2015-07-01,baseline_risk_overlay,-0.0006037063250009522
2015-07-02,baseline_risk_overlay,0.0
2015-07-03,baseline_risk_overlay,0.0
2015-07-06,baseline_risk_overlay,0.0
2015-07-07,baseline_risk_overlay,0.0
2015-07-08,baseline_risk_overlay,-0.001205702842388967
2015-07-09,baseline_risk_overlay,-0.0013822672728106555
2015-07-10,baseline_risk_overlay,-0.0005598737433197831
2015-07-13,baseline_risk_overlay,0.0
2015-07-14,baseline_risk_overlay,0.0
2015-07-15,baseline_risk_overlay,-0.0013660115927502936
2015-07-16,baseline_risk_overlay,-0.0019885665396495167
2015-07-17,baseline_risk_overlay,-0.0017339398727382882
2015-07-20,baseline_risk_overlay,-0.0029176182267939277
2015-07-21,baseline_risk_overlay,-0.0035062279366413485
2015-07-22,baseline_risk_overlay,-0.0016332312447924213
2015-07-23,baseline_risk_overlay,-0.0013018064603940172
2015-07-24,baseline_risk_overlay,-0.0014200146352383314
2015-07-27,baseline_risk_overlay,-0.0008022326853330819
2015-07-28,baseline_risk_overlay,-0.0014373833506104994
2015-07-29,baseline_risk_overlay,-0.0024361314397999267
2015-07-30,baseline_risk_overlay,-0.0021758953259812808
2015-07-31,baseline_risk_overlay,-0.003022845123038742
2015-08-03,baseline_risk_overlay,-0.004712871595263124
2015-08-04,baseline_risk_overlay,-0.005952657123520666
2015-08-05,baseline_risk_overlay,-0.005083781230293405
2015-08-06,baseline_risk_overlay,-0.00597967389981513
2015-08-07,baseline_risk_overlay,-0.005630073190815765
2015-08-10,baseline_risk_overlay,-0.004106802189504877
2015-08-11,baseline_risk_overlay,-0.004361872533171329
2015-08-12,baseline_risk_overlay,-0.005720287409988201
2015-08-13,baseline_risk_overlay,-0.007138033932202803
2015-08-14,baseline_risk_overlay,-0.007882673744512125
2015-08-17,baseline_risk_overlay,-0.01018809389247588
2015-08-18,baseline_risk_overlay,-0.009146434708275919
2015-08-19,baseline_risk_overlay,-0.009545353416099744
2015-08-20,baseline_risk_overlay,-0.011252587217471688
2015-08-21,baseline_risk_overlay,-0.012854224760187716
2015-08-24,baseline_risk_overlay,-0.0173841830329432
2015-08-25,baseline_risk_overlay,-0.016867476567664186
2015-08-26,baseline_risk_overlay,-0.011355956657050581
2015-08-27,baseline_risk_overlay,-0.007645872325873437
2015-08-28,baseline_risk_overlay,-0.0022835649154751003
2015-08-31,baseline_risk_overlay,-0.004578845736566861
2015-09-01,baseline_risk_overlay,-0.005485037396168901
2015-09-03,baseline_risk_overlay,-0.010337994666720696
2015-09-04,baseline_risk_overlay,-0.009584895376080316
2015-09-07,baseline_risk_overlay,-0.0102597107144633
2015-09-08,baseline_risk_overlay,-0.004038462925857411
2015-09-09,baseline_risk_overlay,-0.0010139776894376729
2015-09-10,baseline_risk_overlay,-0.0011610935011062695
2015-09-11,baseline_risk_overlay,-0.0032552604934598106
2015-09-14,baseline_risk_overlay,-0.004844321747382696
2015-09-15,baseline_risk_overlay,-0.004370712314692438
2015-09-16,baseline_risk_overlay,-0.0041594767672693544
2015-09-17,baseline_risk_overlay,-0.004746890176494767
2015-09-18,baseline_risk_overlay,-0.003561063854887969
2015-09-21,baseline_risk_overlay,-0.0015831195010842514
2015-09-22,baseline_risk_overlay,-0.0011090295656129845
2015-09-23,baseline_risk_overlay,-0.0013959672455408079
2015-09-24,baseline_risk_overlay,-0.00221402611360777
2015-09-25,baseline_risk_overlay,-0.002296825936974445
2015-09-28,baseline_risk_overlay,-0.004282877809964614
2015-09-29,baseline_risk_overlay,-0.004970896908532807
2015-09-30,baseline_risk_overlay,-0.00476730732051589
2015-10-01,baseline_risk_overlay,-0.004633842596216575
2015-10-02,baseline_risk_overlay,-0.005149637812918106
2015-10-05,baseline_risk_overlay,-0.004123510343316594
2015-10-06,baseline_risk_overlay,-0.0023067859838973304
2015-10-07,baseline_risk_overlay,-0.002603858043583984
2015-10-08,baseline_risk_overlay,-0.0014350888954224317
2015-10-09,baseline_risk_overlay,-0.001232404457862768
2015-10-12,baseline_risk_overlay,-0.0005756161272275628
2015-10-13,baseline_risk_overlay,-0.0007947545547829504
2015-10-14,baseline_risk_overlay,-0.0009385527636658342
2015-10-15,baseline_risk_overlay,-0.0005599784554290999
2015-10-16,baseline_risk_overlay,-0.0004625014489637591
2015-10-19,baseline_risk_overlay,-0.00021299316594547424
2015-10-20,baseline_risk_overlay,-0.0009119878256477199
2015-10-21,baseline_risk_overlay,-0.000952058651808807
2015-10-22,baseline_risk_overlay,-0.00022196238843141813
2015-10-23,baseline_risk_overlay,0.0
2015-10-26,baseline_risk_overlay,-0.0005077794599267493
2015-10-27,baseline_risk_overlay,-0.0005403313526638476
2015-10-28,baseline_risk_overlay,-0.0008957189016041145
2015-10-29,baseline_risk_overlay,0.0
2015-10-30,baseline_risk_overlay,0.0
2015-11-02,baseline_risk_overlay,-0.0008118026329607675
2015-11-03,baseline_risk_overlay,0.0
2015-11-04,baseline_risk_overlay,-0.0005446177352652626
2015-11-05,baseline_risk_overlay,0.0
2015-11-06,baseline_risk_overlay,-0.001097940132187336
2015-11-09,baseline_risk_overlay,-0.001696355292111762
2015-11-10,baseline_risk_overlay,-0.0034691649400684366
2015-11-11,baseline_risk_overlay,-0.004016635799953816
2015-11-12,baseline_risk_overlay,-0.0033648077783282604
2015-11-13,baseline_risk_overlay,-0.0005046843232577869
2015-11-16,baseline_risk_overlay,-0.0015779012794598923
2015-11-17,baseline_risk_overlay,-0.0035975087536002093
2015-11-18,baseline_risk_overlay,-0.004064213439835429
2015-11-19,baseline_risk_overlay,-0.004307414005086718
2015-11-20,baseline_risk_overlay,-0.003883086942565006
2015-11-23,baseline_risk_overlay,-0.004642164328898191
2015-11-24,baseline_risk_overlay,-0.005619871040279056
2015-11-25,baseline_risk_overlay,-0.005325872592158554
2015-11-26,baseline_risk_overlay,-0.007189879664056598
2015-11-27,baseline_risk_overlay,-0.008392556294366083
2015-11-30,baseline_risk_overlay,-0.009753767921960255
2015-12-01,baseline_risk_overlay,-0.01021377710289717
2015-12-02,baseline_risk_overlay,-0.008943286719162002
2015-12-03,baseline_risk_overlay,-0.009054046352994227
2015-12-04,baseline_risk_overlay,-0.00951499452340998
2015-12-07,baseline_risk_overlay,-0.010818892102568256
2015-12-08,baseline_risk_overlay,-0.009182264750776548
2015-12-09,baseline_risk_overlay,-0.010903577236966
2015-12-10,baseline_risk_overlay,-0.011582109924019757
2015-12-11,baseline_risk_overlay,-0.011211508112294988
2015-12-14,baseline_risk_overlay,-0.011413371577669196
2015-12-15,baseline_risk_overlay,-0.010494084839357543
2015-12-16,baseline_risk_overlay,-0.009765602657059391
2015-12-17,baseline_risk_overlay,-0.009014727059385996
2015-12-18,baseline_risk_overlay,-0.010631590104011823
2015-12-21,baseline_risk_overlay,-0.010840481264391966
2015-12-22,baseline_risk_overlay,-0.010935171343044336
2015-12-23,baseline_risk_overlay,-0.011260886934258418
2015-12-24,baseline_risk_overlay,-0.01098597376504562
2015-12-25,baseline_risk_overlay,-0.010621826616772911
2015-12-28,baseline_risk_overlay,-0.010375782197723726
2015-12-29,baseline_risk_overlay,-0.008506016439421171
2015-12-30,baseline_risk_overlay,-0.00738921678060056
2015-12-31,baseline_risk_overlay,-0.007544023287765822
2016-01-04,baseline_risk_overlay,-0.009224027666130175
2016-01-05,baseline_risk_overlay,-0.010093000536481989
2016-01-06,baseline_risk_overlay,-0.00872671588468743
2016-01-07,baseline_risk_overlay,-0.012095499915893093
2016-01-08,baseline_risk_overlay,-0.01304236630602662
2016-01-11,baseline_risk_overlay,-0.013368471132575444
2016-01-12,baseline_risk_overlay,-0.012419332665425942
2016-01-13,baseline_risk_overlay,-0.013115802246250197
2016-01-14,baseline_risk_overlay,-0.014250965409406735
2016-01-15,baseline_risk_overlay,-0.015751897130676373
2016-01-18,baseline_risk_overlay,-0.018426018521788157
2016-01-19,baseline_risk_overlay,-0.016599251509229362
2016-01-20,baseline_risk_overlay,-0.017901293910667748
2016-01-21,baseline_risk_overlay,-0.019287568809565503
2016-01-22,baseline_risk_overlay,-0.01922221879318531
2016-01-25,baseline_risk_overlay,-0.015404743992784353
2016-01-26,baseline_risk_overlay,-0.01749161413864475
2016-01-27,baseline_risk_overlay,-0.015488028759908956
2016-01-28,baseline_risk_overlay,-0.016886118688565155
2016-01-29,baseline_risk_overlay,-0.014545034221031594
2016-02-01,baseline_risk_overlay,-0.016638967908306768
2016-02-02,baseline_risk_overlay,-0.018403381708120836
2016-02-03,baseline_risk_overlay,-0.01802417959435887
2016-02-04,baseline_risk_overlay,-0.01740876066958108
2016-02-05,baseline_risk_overlay,-0.016461890025321724
2016-02-15,baseline_risk_overlay,-0.01685047266309947
2016-02-16,baseline_risk_overlay,-0.015124733431757353
2016-02-17,baseline_risk_overlay,-0.015531612301119657
2016-02-18,baseline_risk_overlay,-0.013502842748480348
2016-02-19,baseline_risk_overlay,-0.012893128871952708
2016-02-22,baseline_risk_overlay,-0.010146452473237089
2016-02-23,baseline_risk_overlay,-0.009912874184554554
2016-02-24,baseline_risk_overlay,-0.008697406953086628
2016-02-25,baseline_risk_overlay,-0.01103845466752984
2016-02-26,baseline_risk_overlay,-0.010578984663658031
2016-02-29,baseline_risk_overlay,-0.013402776993663545
2016-03-01,baseline_risk_overlay,-0.01312687666640433
2016-03-02,baseline_risk_overlay,-0.009987705333405539
2016-03-03,baseline_risk_overlay,-0.00991381792955992
2016-03-04,baseline_risk_overlay,-0.008771626485742257
2016-03-07,baseline_risk_overlay,-0.007834639863215087
2016-03-08,baseline_risk_overlay,-0.008212150949911234
2016-03-09,baseline_risk_overlay,-0.009327885388229373
2016-03-10,baseline_risk_overlay,-0.008746709563402066
2016-03-11,baseline_risk_overlay,-0.008364896100396924
2016-03-14,baseline_risk_overlay,-0.008115127637433828
2016-03-15,baseline_risk_overlay,-0.009497376603918029
2016-03-16,baseline_risk_overlay,-0.00852555129141197
2016-03-17,baseline_risk_overlay,-0.00778646992670895
2016-03-18,baseline_risk_overlay,-0.008951767832698465
2016-03-21,baseline_risk_overlay,-0.010118159991335363
2016-03-22,baseline_risk_overlay,-0.01055004299260165
2016-03-23,baseline_risk_overlay,-0.009322902223328877
2016-03-24,baseline_risk_overlay,-0.010762978358295205
2016-03-25,baseline_risk_overlay,-0.01067095228497339
2016-03-28,baseline_risk_overlay,-0.009532830494606959
2016-03-29,baseline_risk_overlay,-0.01105708313397158
2016-03-30,baseline_risk_overlay,-0.010802398605611385
2016-03-31,baseline_risk_overlay,-0.012225618825360551
2016-04-01,baseline_risk_overlay,-0.012679251137428182
2016-04-04,baseline_risk_overlay,-0.013108670371756115
2016-04-05,baseline_risk_overlay,-0.012481849043561644
2016-04-06,baseline_risk_overlay,-0.011321426968404547
2016-04-07,baseline_risk_overlay,-0.010704008200187798
2016-04-08,baseline_risk_overlay,-0.010582770271684971
2016-04-11,baseline_risk_overlay,-0.009435266194869563
2016-04-12,baseline_risk_overlay,-0.009341486661477494
2016-04-13,baseline_risk_overlay,-0.00965510618750609
2016-04-14,baseline_risk_overlay,-0.009425000037174946
2016-04-15,baseline_risk_overlay,-0.009366495583214007
2016-04-19,baseline_risk_overlay,-0.013222172109595198
2016-04-20,baseline_risk_overlay,-0.013357388509436352
2016-04-21,baseline_risk_overlay,-0.012205570722515158
2016-04-22,baseline_risk_overlay,-0.009514416893707245
2016-04-25,baseline_risk_overlay,-0.009673752880793862
2016-04-26,baseline_risk_overlay,-0.00856728118525707
2016-04-27,baseline_risk_overlay,-0.00941265009964909
2016-04-28,baseline_risk_overlay,-0.009815099329815169
2016-04-29,baseline_risk_overlay,-0.00869038463835392
2016-05-04,baseline_risk_overlay,-0.008572522461844145
2016-05-05,baseline_risk_overlay,-0.008155037479412042
2016-05-06,baseline_risk_overlay,-0.007337013509960855
2016-05-09,baseline_risk_overlay,-0.007775868984591039
2016-05-10,baseline_risk_overlay,-0.007590500825968238
2016-05-11,baseline_risk_overlay,-0.006106222747561563
2016-05-12,baseline_risk_overlay,-0.0064607448054087024
2016-05-13,baseline_risk_overlay,-0.0066805905950794164
2016-05-16,baseline_risk_overlay,-0.005890933816223187
2016-05-17,baseline_risk_overlay,-0.004330512703381806
2016-05-18,baseline_risk_overlay,-0.00474805592174854
2016-05-19,baseline_risk_overlay,-0.005269399682150788
2016-05-20,baseline_risk_overlay,-0.005942920974308485
2016-05-23,baseline_risk_overlay,-0.006512709880796885
2016-05-24,baseline_risk_overlay,-0.006424129093769437
2016-05-25,baseline_risk_overlay,-0.0063812888888867825
2016-05-26,baseline_risk_overlay,-0.007564627303946914
2016-05-27,baseline_risk_overlay,-0.006994161016929179
2016-05-30,baseline_risk_overlay,-0.00599380293850571
2016-05-31,baseline_risk_overlay,-0.005346022248823412
2016-06-01,baseline_risk_overlay,-0.005109562197607165
2016-06-02,baseline_risk_overlay,-0.003968979447206755
2016-06-03,baseline_risk_overlay,-0.00449272676406709
2016-06-06,baseline_risk_overlay,-0.005088730096098004
2016-06-07,baseline_risk_overlay,-0.003651634683380922
2016-06-08,baseline_risk_overlay,-0.002570457817501426
2016-06-09,baseline_risk_overlay,-0.0014568696081340704
2016-06-10,baseline_risk_overlay,-0.0019790033134391427
2016-06-13,baseline_risk_overlay,-0.004001213369491108
2016-06-14,baseline_risk_overlay,-0.0034900146304638335
2016-06-15,baseline_risk_overlay,-0.0030101120559338224
2016-06-16,baseline_risk_overlay,-0.0035936730475601975
2016-06-17,baseline_risk_overlay,-0.0044942088073761655
2016-06-20,baseline_risk_overlay,-0.003563778577761356
2016-06-21,baseline_risk_overlay,-0.003196880438132488
2016-06-22,baseline_risk_overlay,-0.003533094176912277
2016-06-23,baseline_risk_overlay,-0.0027170320581731966
2016-06-24,baseline_risk_overlay,-0.006571110369625877
2016-06-27,baseline_risk_overlay,-0.006441500030669456
2016-06-28,baseline_risk_overlay,-0.006158059059473864
2016-06-29,baseline_risk_overlay,-0.003683792216608861
2016-06-30,baseline_risk_overlay,-0.002986868987847502
2016-07-01,baseline_risk_overlay,-0.0003635025135740877
2016-07-04,baseline_risk_overlay,0.0
2016-07-05,baseline_risk_overlay,0.0
2016-07-06,baseline_risk_overlay,-0.00023968397080476045
2016-07-07,baseline_risk_overlay,0.0
2016-07-08,baseline_risk_overlay,-0.0008977994564859371
2016-07-11,baseline_risk_overlay,-0.001997570080619182
2016-07-12,baseline_risk_overlay,-0.0010987995183829868
2016-07-13,baseline_risk_overlay,0.0
2016-07-14,baseline_risk_overlay,-0.0013376623843638358
2016-07-15,baseline_risk_overlay,-0.0016300738015493366
2016-07-18,baseline_risk_overlay,-0.0004607520764684514
2016-07-19,baseline_risk_overlay,-0.0013660545491713805
2016-07-20,baseline_risk_overlay,-0.002385595513807459
2016-07-21,baseline_risk_overlay,-0.002478333055886739
2016-07-22,baseline_risk_overlay,-0.0038024666994274092
2016-07-25,baseline_risk_overlay,-0.0038812979342284226
2016-07-26,baseline_risk_overlay,-0.003982436217709662
2016-07-27,baseline_risk_overlay,-0.002993112644950502
2016-07-28,baseline_risk_overlay,-0.002854680112590824
2016-07-29,baseline_risk_overlay,-0.0035398657920723275
2016-08-01,baseline_risk_overlay,-0.004041145638552512
2016-08-02,baseline_risk_overlay,-0.007866246778941766
2016-08-03,baseline_risk_overlay,-0.008578952900758163
2016-08-04,baseline_risk_overlay,-0.008535829908871584
2016-08-05,baseline_risk_overlay,-0.009169973458196257
2016-08-08,baseline_risk_overlay,-0.008891419230111941
2016-08-09,baseline_risk_overlay,-0.007751820681104138
2016-08-10,baseline_risk_overlay,-0.004471373201654472
2016-08-11,baseline_risk_overlay,-0.002684269638958292
2016-08-12,baseline_risk_overlay,-0.0034528212395615876
2016-08-15,baseline_risk_overlay,-0.0028863921925487146
2016-08-16,baseline_risk_overlay,-0.0031271513510722215
2016-08-17,baseline_risk_overlay,-0.0027733371726940126
2016-08-18,baseline_risk_overlay,-0.002842555547385328
2016-08-19,baseline_risk_overlay,-0.0023446251768769466
2016-08-22,baseline_risk_overlay,-0.003174603827092004
2016-08-23,baseline_risk_overlay,-0.002990042740852128
2016-08-24,baseline_risk_overlay,-0.0027549426894987183
2016-08-25,baseline_risk_overlay,-0.0030896381644123228
2016-08-26,baseline_risk_overlay,-0.0018586796621770096
2016-08-29,baseline_risk_overlay,-0.001622421531981444
2016-08-30,baseline_risk_overlay,-0.001153291846104021
2016-08-31,baseline_risk_overlay,-0.0008441984437201899
2016-09-01,baseline_risk_overlay,-0.0016777900823936598
2016-09-05,baseline_risk_overlay,-0.0023858547698873966
2016-09-06,baseline_risk_overlay,-0.002485787100212855
2016-09-07,baseline_risk_overlay,-0.0028056149811669373
2016-09-08,baseline_risk_overlay,-0.0021885339269971382
2016-09-09,baseline_risk_overlay,-0.0020829799458198517
2016-09-12,baseline_risk_overlay,-0.003009412659272348
2016-09-13,baseline_risk_overlay,-0.0030165096800609525
2016-09-14,baseline_risk_overlay,-0.0034214666807236283
2016-09-15,baseline_risk_overlay,-0.0034829914549685537
2016-09-16,baseline_risk_overlay,-0.004079351904784478
2016-09-19,baseline_risk_overlay,-0.003303605283554778
2016-09-20,baseline_risk_overlay,-0.0025798772297590533
2016-09-21,baseline_risk_overlay,-0.0018677402169807733
2016-09-22,baseline_risk_overlay,-0.001433506293719633
2016-09-23,baseline_risk_overlay,-0.0010339948585413872
2016-09-26,baseline_risk_overlay,-0.0005837122005106776
2016-09-27,baseline_risk_overlay,0.0
2016-09-28,baseline_risk_overlay,0.0
2016-09-29,baseline_risk_overlay,0.0
2016-09-30,baseline_risk_overlay,-0.000932056417863314
2016-10-03,baseline_risk_overlay,-0.0017381850612928629
2016-10-04,baseline_risk_overlay,-0.0016902399781987265
2016-10-05,baseline_risk_overlay,-0.0012871805723638774
2016-10-06,baseline_risk_overlay,-0.0012472692775603589
2016-10-07,baseline_risk_overlay,-0.001730165661650962
2016-10-10,baseline_risk_overlay,-0.0030728065071448096
2016-10-11,baseline_risk_overlay,-0.001996905562150819
2016-10-12,baseline_risk_overlay,-0.0019972181744465356
2016-10-13,baseline_risk_overlay,-0.0016136485160515024
2016-10-14,baseline_risk_overlay,-0.001357948416369159
2016-10-17,baseline_risk_overlay,-0.0022035129524454744
2016-10-18,baseline_risk_overlay,-0.0020664695969200286
2016-10-19,baseline_risk_overlay,-0.0011300242668000893
2016-10-20,baseline_risk_overlay,-0.0015092590781627946
2016-10-21,baseline_risk_overlay,-0.0017317080268719476
2016-10-24,baseline_risk_overlay,-0.0026438935386390305
2016-10-25,baseline_risk_overlay,-0.0028891608456281803
2016-10-26,baseline_risk_overlay,-0.0032356956077367327
2016-10-27,baseline_risk_overlay,-0.002820203951825362
2016-10-28,baseline_risk_overlay,-0.002098071827594028
2016-10-31,baseline_risk_overlay,-0.0030277200750119526
2016-11-01,baseline_risk_overlay,-0.0029424752133966336
2016-11-02,baseline_risk_overlay,-0.0037597786377927545
2016-11-03,baseline_risk_overlay,-0.00425033026993038
2016-11-04,baseline_risk_overlay,-0.004367049608358431
2016-11-07,baseline_risk_overlay,-0.0033929593949550974
2016-11-08,baseline_risk_overlay,-0.003049392974190712
2016-11-09,baseline_risk_overlay,-0.00397797400881339
2016-11-10,baseline_risk_overlay,-0.0029062025504701383
2016-11-11,baseline_risk_overlay,-0.002760145222275745
2016-11-14,baseline_risk_overlay,-0.00372334047981715
2016-11-15,baseline_risk_overlay,-0.0035609925582968938
2016-11-16,baseline_risk_overlay,-0.003515893659975511
2016-11-17,baseline_risk_overlay,-0.0035207531815633075
2016-11-18,baseline_risk_overlay,-0.003719427131803732
2016-11-21,baseline_risk_overlay,-0.003581962463759081
2016-11-22,baseline_risk_overlay,-0.0024772383622603256
2016-11-23,baseline_risk_overlay,-0.00219020779407586
2016-11-24,baseline_risk_overlay,-0.00309997040898935
2016-11-25,baseline_risk_overlay,-0.0034428099373414733
2016-11-28,baseline_risk_overlay,-0.004961366709355874
2016-11-29,baseline_risk_overlay,-0.0059506718319430885
2016-11-30,baseline_risk_overlay,-0.005093335131408749
2016-12-01,baseline_risk_overlay,-0.0048846337816946805
2016-12-02,baseline_risk_overlay,-0.005116992553913957
2016-12-05,baseline_risk_overlay,-0.005844203956283378
2016-12-06,baseline_risk_overlay,-0.0070315896109519604
2016-12-07,baseline_risk_overlay,-0.006753512145501905
2016-12-08,baseline_risk_overlay,-0.006028707145587897
2016-12-09,baseline_risk_overlay,-0.005436443356129694
2016-12-12,baseline_risk_overlay,-0.005955526679826462
2016-12-13,baseline_risk_overlay,-0.006690839233684187
2016-12-14,baseline_risk_overlay,-0.005342190006600855
2016-12-15,baseline_risk_overlay,-0.005237163532425759
2016-12-16,baseline_risk_overlay,-0.003751921908955902
2016-12-19,baseline_risk_overlay,-0.003904223591264522
2016-12-20,baseline_risk_overlay,-0.005747981379762845
2016-12-21,baseline_risk_overlay,-0.005078931841601797
2016-12-22,baseline_risk_overlay,-0.005543264622822286
2016-12-23,baseline_risk_overlay,-0.0055220425102838755
2016-12-26,baseline_risk_overlay,-0.00582680419863657
2016-12-27,baseline_risk_overlay,-0.005637114772807483
2016-12-28,baseline_risk_overlay,-0.005688545393270239
2016-12-29,baseline_risk_overlay,-0.005534221813021656
2016-12-30,baseline_risk_overlay,-0.005519563736703814
2017-01-03,baseline_risk_overlay,-0.003623887663034231
2017-01-04,baseline_risk_overlay,-0.002744197233572665
2017-01-05,baseline_risk_overlay,-0.0023833663877773636
2017-01-06,baseline_risk_overlay,-0.0010507738924064869
2017-01-09,baseline_risk_overlay,-9.920878997471405e-05
2017-01-10,baseline_risk_overlay,-0.0006131763360286424
2017-01-11,baseline_risk_overlay,0.0
2017-01-12,baseline_risk_overlay,-6.719420912859597e-05
2017-01-13,baseline_risk_overlay,-0.0004781884440371309
2017-01-16,baseline_risk_overlay,-0.0015623154522166338
2017-01-17,baseline_risk_overlay,-0.0006668515359276039
2017-01-18,baseline_risk_overlay,-0.000882536811645962
2017-01-19,baseline_risk_overlay,-0.0010210200235959421
2017-01-20,baseline_risk_overlay,-0.0004734749905338509
2017-01-23,baseline_risk_overlay,-0.00034942458167352974
2017-01-24,baseline_risk_overlay,0.0
2017-01-25,baseline_risk_overlay,0.0
2017-02-02,baseline_risk_overlay,0.0
2017-02-03,baseline_risk_overlay,-0.0004520598670937348
2017-02-06,baseline_risk_overlay,-0.000506127752218255
2017-02-07,baseline_risk_overlay,-0.00022552320076585364
2017-02-08,baseline_risk_overlay,-0.00020922154804692283
2017-02-09,baseline_risk_overlay,-0.0004264802736907436
2017-02-10,baseline_risk_overlay,-9.771760019816611e-06
2017-02-13,baseline_risk_overlay,0.0
2017-02-14,baseline_risk_overlay,-1.3100437831203848e-06
2017-02-15,baseline_risk_overlay,0.0
2017-02-16,baseline_risk_overlay,-0.0006898925868282779
2017-02-17,baseline_risk_overlay,-0.001020098907545508
2017-02-20,baseline_risk_overlay,-0.0006322342852126406
2017-02-21,baseline_risk_overlay,0.0
2017-02-22,baseline_risk_overlay,0.0
2017-02-23,baseline_risk_overlay,-6.0967564106229055e-05
2017-02-24,baseline_risk_overlay,-0.0004384406155246712
2017-02-27,baseline_risk_overlay,-2.8713316513995224e-05
2017-02-28,baseline_risk_overlay,-0.001047022216295046
2017-03-01,baseline_risk_overlay,-0.0012286992955274911
2017-03-02,baseline_risk_overlay,-0.0015264716967220426
2017-03-03,baseline_risk_overlay,-0.000902544233782554
2017-03-06,baseline_risk_overlay,-0.00039941815153776705
2017-03-07,baseline_risk_overlay,-0.0003693488154759006
2017-03-08,baseline_risk_overlay,-0.0003658598675663205
2017-03-09,baseline_risk_overlay,-0.00048354134488293177
2017-03-10,baseline_risk_overlay,-0.001610943038720336
2017-03-13,baseline_risk_overlay,-0.0021564911736753345
2017-03-14,baseline_risk_overlay,-0.0009377941237209697
2017-03-15,baseline_risk_overlay,-0.0014754706601024514
2017-03-16,baseline_risk_overlay,-0.0009142384925390212
2017-03-17,baseline_risk_overlay,-0.0024413524100851403
2017-03-20,baseline_risk_overlay,-0.0010090139558549538
2017-03-21,baseline_risk_overlay,-0.0006502212319682288
2017-03-22,baseline_risk_overlay,-0.0017919707928416573
2017-03-23,baseline_risk_overlay,0.0
2017-03-24,baseline_risk_overlay,0.0
2017-03-27,baseline_risk_overlay,0.0
2017-03-28,baseline_risk_overlay,-0.0015536848575931073
2017-03-29,baseline_risk_overlay,-0.001180486407398429
2017-03-30,baseline_risk_overlay,-3.868446007737614e-05
2017-03-31,baseline_risk_overlay,-0.0005676046596245765
2017-04-03,baseline_risk_overlay,-0.000554344532448181
2017-04-04,baseline_risk_overlay,0.0
2017-04-05,baseline_risk_overlay,-0.00032707393582021016
2017-04-07,baseline_risk_overlay,0.0
2017-04-10,baseline_risk_overlay,0.0
2017-04-11,baseline_risk_overlay,0.0
2017-04-12,baseline_risk_overlay,-0.0019434250111366458
2017-04-13,baseline_risk_overlay,-0.0022693751221841696
2017-04-14,baseline_risk_overlay,-0.004238745701685365
2017-04-17,baseline_risk_overlay,-0.005560067912772082
2017-04-18,baseline_risk_overlay,-0.004934003511662288
2017-04-19,baseline_risk_overlay,-0.004639889850166168
2017-04-20,baseline_risk_overlay,-0.005329383935032239
2017-04-21,baseline_risk_overlay,-0.005376767339638877
2017-04-24,baseline_risk_overlay,-0.005851209361780518
2017-04-25,baseline_risk_overlay,-0.006133977367822396
2017-04-26,baseline_risk_overlay,-0.005744513407696328
2017-04-27,baseline_risk_overlay,-0.00468370392959272
2017-04-28,baseline_risk_overlay,-0.004482178136478443
2017-05-03,baseline_risk_overlay,-0.004161817214780927
2017-05-04,baseline_risk_overlay,-0.003709660726579189
2017-05-05,baseline_risk_overlay,-0.0040789170833159805
2017-05-08,baseline_risk_overlay,-0.0042833713450036726
2017-05-09,baseline_risk_overlay,-0.003721766003370486
2017-05-10,baseline_risk_overlay,-0.0033292598844651966
2017-05-11,baseline_risk_overlay,-0.0032216609991727596
2017-05-12,baseline_risk_overlay,-0.003157835235307438
2017-05-15,baseline_risk_overlay,-0.0031635718323244078
2017-05-16,baseline_risk_overlay,-0.0032196615085970937
2017-05-17,baseline_risk_overlay,-0.002863565551074032
2017-05-18,baseline_risk_overlay,-0.0029010800854176733
2017-05-19,baseline_risk_overlay,-0.0018106692199352237
2017-05-22,baseline_risk_overlay,-8.806765696178775e-05
2017-05-23,baseline_risk_overlay,-0.0006064787343675881
2017-05-24,baseline_risk_overlay,-0.00031412715205014763
2017-05-25,baseline_risk_overlay,-0.0004528123244935678
2017-05-26,baseline_risk_overlay,-0.00022106357803286514
2017-05-29,baseline_risk_overlay,0.0
2017-05-30,baseline_risk_overlay,-0.0012379691561569262
2017-05-31,baseline_risk_overlay,-0.0013019280753204798
2017-06-01,baseline_risk_overlay,-0.0007373413362893322
2017-06-02,baseline_risk_overlay,-0.0012175963879443863
2017-06-05,baseline_risk_overlay,-0.0005511202616692579
2017-06-06,baseline_risk_overlay,0.0
2017-06-07,baseline_risk_overlay,0.0
2017-06-08,baseline_risk_overlay,-0.0005270628605344996
2017-06-09,baseline_risk_overlay,-0.0005943035625217696
2017-06-12,baseline_risk_overlay,-0.00040988327982338646
2017-06-13,baseline_risk_overlay,0.0
2017-06-14,baseline_risk_overlay,0.0
2017-06-15,baseline_risk_overlay,-3.310268932743554e-05
2017-06-16,baseline_risk_overlay,0.0
2017-06-19,baseline_risk_overlay,0.0
2017-06-20,baseline_risk_overlay,0.0
2017-06-21,baseline_risk_overlay,-8.485107129363456e-05
2017-06-22,baseline_risk_overlay,-0.00024437620671380333
2017-06-23,baseline_risk_overlay,0.0
2017-06-26,baseline_risk_overlay,0.0
2017-06-27,baseline_risk_overlay,-0.001368662745335758
2017-06-28,baseline_risk_overlay,-0.0009915445582627802
2017-06-29,baseline_risk_overlay,-0.00027674579866687754
2017-06-30,baseline_risk_overlay,0.0
2017-07-03,baseline_risk_overlay,0.0
2017-07-04,baseline_risk_overlay,-0.0010167510936190949
2017-07-05,baseline_risk_overlay,-0.00025478252616084607
2017-07-06,baseline_risk_overlay,0.0
2017-07-07,baseline_risk_overlay,-0.0019110008563312242
2017-07-10,baseline_risk_overlay,-0.003216196372851754
2017-07-11,baseline_risk_overlay,-0.002863267986231266
2017-07-12,baseline_risk_overlay,-0.0016724363356696026
2017-07-13,baseline_risk_overlay,-0.0005620863934794329
2017-07-14,baseline_risk_overlay,-0.0007687001546755612
2017-07-17,baseline_risk_overlay,-0.0031047293641137674
2017-07-18,baseline_risk_overlay,-0.003476547407255559
2017-07-19,baseline_risk_overlay,-0.0025311305808031204
2017-07-20,baseline_risk_overlay,-0.003258714441701338
2017-07-21,baseline_risk_overlay,-0.004958973090589902
2017-07-24,baseline_risk_overlay,-0.005473499222198419
2017-07-25,baseline_risk_overlay,-0.0035798554367973967
2017-07-26,baseline_risk_overlay,-0.0017945680462830849
2017-07-27,baseline_risk_overlay,-0.0024943121654222855
2017-07-28,baseline_risk_overlay,-0.0010089175325306288
2017-07-31,baseline_risk_overlay,0.0
2017-08-01,baseline_risk_overlay,0.0
2017-08-02,baseline_risk_overlay,-0.0001849174996937375
2017-08-03,baseline_risk_overlay,0.0
2017-08-04,baseline_risk_overlay,0.0
2017-08-07,baseline_risk_overlay,0.0
2017-08-08,baseline_risk_overlay,-0.00040065951980494674
2017-08-09,baseline_risk_overlay,-0.005344925252495636
2017-08-10,baseline_risk_overlay,-0.005428860897689347
2017-08-11,baseline_risk_overlay,-0.005749225352812637
2017-08-14,baseline_risk_overlay,-0.004791397493384197
2017-08-15,baseline_risk_overlay,-0.006042052794611341
2017-08-16,baseline_risk_overlay,-0.005468161165096297
2017-08-17,baseline_risk_overlay,-0.007046748711957651
2017-08-18,baseline_risk_overlay,-0.0067447146293148075
2017-08-21,baseline_risk_overlay,-0.006794856377934422
2017-08-22,baseline_risk_overlay,-0.008663794765949029
2017-08-23,baseline_risk_overlay,-0.007518668684663776
2017-08-24,baseline_risk_overlay,-0.006558645762629878
2017-08-25,baseline_risk_overlay,-0.006077347966420343
2017-08-28,baseline_risk_overlay,-0.004600705599040911
2017-08-29,baseline_risk_overlay,-0.005526646151786552
2017-08-30,baseline_risk_overlay,-0.004318072243668536
2017-08-31,baseline_risk_overlay,-0.0031667212018161583
2017-09-01,baseline_risk_overlay,-0.0014874507756487132
2017-09-05,baseline_risk_overlay,-0.0004642485762610393
2017-09-06,baseline_risk_overlay,-0.00010912501647608597
2017-09-07,baseline_risk_overlay,0.0
2017-09-08,baseline_risk_overlay,0.0
2017-09-11,baseline_risk_overlay,-0.0010436641496877064
2017-09-12,baseline_risk_overlay,-0.00041557877867137716
2017-09-13,baseline_risk_overlay,0.0
2017-09-14,baseline_risk_overlay,0.0
2017-09-15,baseline_risk_overlay,-0.00013520642832354213
2017-09-18,baseline_risk_overlay,0.0
2017-09-19,baseline_risk_overlay,-0.0005023846303051638
2017-09-20,baseline_risk_overlay,-0.0005345717531256566
2017-09-21,baseline_risk_overlay,-0.0010252711157077155
2017-09-22,baseline_risk_overlay,-0.0002646712424941855
2017-09-25,baseline_risk_overlay,-0.0006347473404086923
2017-09-26,baseline_risk_overlay,-0.0006990770549859526
2017-09-27,baseline_risk_overlay,-0.0010866139719057921
2017-09-28,baseline_risk_overlay,-0.0008341267810803021
2017-09-29,baseline_risk_overlay,-0.0009326302912633366
2017-10-02,baseline_risk_overlay,-0.0014806444103211414
2017-10-03,baseline_risk_overlay,-0.002531208179908928
2017-10-04,baseline_risk_overlay,-0.000581549631442968
2017-10-05,baseline_risk_overlay,-0.0007079280919826125
2017-10-06,baseline_risk_overlay,-4.0170095194302924e-05
2017-10-09,baseline_risk_overlay,0.0
2017-10-10,baseline_risk_overlay,0.0
2017-10-11,baseline_risk_overlay,0.0
2017-10-12,baseline_risk_overlay,0.0
2017-10-13,baseline_risk_overlay,0.0
2017-10-16,baseline_risk_overlay,-0.00046743873250765233
2017-10-17,baseline_risk_overlay,0.0
2017-10-18,baseline_risk_overlay,-0.0001875072194759131
2017-10-19,baseline_risk_overlay,0.0
2017-10-20,baseline_risk_overlay,-0.0005975382223094572
2017-10-23,baseline_risk_overlay,-0.0024168263927404343
2017-10-24,baseline_risk_overlay,-0.0011376282391369896
2017-10-25,baseline_risk_overlay,0.0
2017-10-26,baseline_risk_overlay,-0.00035580108278132627
2017-10-27,baseline_risk_overlay,0.0
2017-10-30,baseline_risk_overlay,0.0
2017-10-31,baseline_risk_overlay,-0.0032200143698851713
2017-11-01,baseline_risk_overlay,-0.002108011002844745
2017-11-02,baseline_risk_overlay,-0.004601149276917016
2017-11-03,baseline_risk_overlay,-0.003507215098143668
2017-11-06,baseline_risk_overlay,-0.002861749131018443
2017-11-07,baseline_risk_overlay,-0.0027102822807781868
2017-11-08,baseline_risk_overlay,-0.001563263838094242
2017-11-09,baseline_risk_overlay,-0.001497159982649987
2017-11-10,baseline_risk_overlay,0.0
2017-11-13,baseline_risk_overlay,0.0
2017-11-14,baseline_risk_overlay,0.0
2017-11-15,baseline_risk_overlay,0.0
2017-11-16,baseline_risk_overlay,0.0
2017-11-17,baseline_risk_overlay,-0.0004873728156319368
2017-11-20,baseline_risk_overlay,0.0
2017-11-21,baseline_risk_overlay,0.0
2017-11-22,baseline_risk_overlay,0.0
2017-11-23,baseline_risk_overlay,0.0
2017-11-24,baseline_risk_overlay,0.0
2017-11-27,baseline_risk_overlay,0.0
2017-11-28,baseline_risk_overlay,0.0
2017-11-29,baseline_risk_overlay,0.0
2017-11-30,baseline_risk_overlay,-0.0005810985546119696
2017-12-01,baseline_risk_overlay,0.0
2017-12-04,baseline_risk_overlay,0.0
2017-12-05,baseline_risk_overlay,-0.00425581018912724
2017-12-06,baseline_risk_overlay,-0.005530300778179287
2017-12-07,baseline_risk_overlay,-0.007533699254159143
2017-12-08,baseline_risk_overlay,-0.0074890191521873595
2017-12-11,baseline_risk_overlay,-0.009900074791931002
2017-12-12,baseline_risk_overlay,-0.008909451182907091
2017-12-13,baseline_risk_overlay,-0.009223538018693023
2017-12-14,baseline_risk_overlay,-0.008055999066871933
2017-12-15,baseline_risk_overlay,-0.008134447623564078
2017-12-18,baseline_risk_overlay,-0.005872110194377722
2017-12-19,baseline_risk_overlay,-0.006646981289155973
2017-12-20,baseline_risk_overlay,-0.0064297620487698826
2017-12-21,baseline_risk_overlay,-0.00724615739389689
2017-12-22,baseline_risk_overlay,-0.006594719632836643
2017-12-25,baseline_risk_overlay,-0.005944789816131779
2017-12-26,baseline_risk_overlay,-0.005085634977635922
2017-12-27,baseline_risk_overlay,-0.004788578739887028
2017-12-28,baseline_risk_overlay,-0.003845904965600777
2017-12-29,baseline_risk_overlay,-0.0029890564199728242
2018-01-02,baseline_risk_overlay,-0.001778894067092307
2018-01-03,baseline_risk_overlay,0.0
2018-01-04,baseline_risk_overlay,0.0
2018-01-05,baseline_risk_overlay,-0.0016175843987351612
2018-01-08,baseline_risk_overlay,0.0
2018-01-09,baseline_risk_overlay,0.0
2018-01-10,baseline_risk_overlay,0.0
2018-01-11,baseline_risk_overlay,0.0
2018-01-12,baseline_risk_overlay,0.0
2018-01-15,baseline_risk_overlay,0.0
2018-01-16,baseline_risk_overlay,-0.0003519175555853904
2018-01-17,baseline_risk_overlay,-0.010266540692624226
2018-01-18,baseline_risk_overlay,-0.005359087788445294
2018-01-19,baseline_risk_overlay,-0.0014198815638363227
2018-01-22,baseline_risk_overlay,0.0
2018-01-25,baseline_risk_overlay,0.0
2018-01-26,baseline_risk_overlay,0.0
2018-01-29,baseline_risk_overlay,-0.0021153661683550595
2018-01-30,baseline_risk_overlay,-0.0018938276442633795
2018-01-31,baseline_risk_overlay,-0.001982660412082504
2018-02-01,baseline_risk_overlay,-0.005548802540287556
2018-02-02,baseline_risk_overlay,-0.0037533828244097345
2018-02-05,baseline_risk_overlay,-0.02170140763059414
2018-02-06,baseline_risk_overlay,-0.03376576499036743
2018-02-07,baseline_risk_overlay,-0.02452125828651175
2018-02-08,baseline_risk_overlay,-0.030060685646147056
2018-02-09,baseline_risk_overlay,-0.034112804636600824
2018-02-12,baseline_risk_overlay,-0.022620421457473228
2018-02-13,baseline_risk_overlay,-0.019176985291787685
2018-02-21,baseline_risk_overlay,-0.013587682290346903
2018-02-22,baseline_risk_overlay,-0.017267761596197362
2018-02-23,baseline_risk_overlay,-0.008840086226193589
2018-02-26,baseline_risk_overlay,-0.004905829839992215
2018-02-27,baseline_risk_overlay,-0.0031981605578791372
2018-02-28,baseline_risk_overlay,-0.0025347996632738568
2018-03-01,baseline_risk_overlay,-0.004488048849933923
2018-03-02,baseline_risk_overlay,-0.002624443110357366
2018-03-05,baseline_risk_overlay,-0.01174627542699691
2018-03-06,baseline_risk_overlay,-0.006282258838622545
2018-03-07,baseline_risk_overlay,-0.008051768120130975
2018-03-08,baseline_risk_overlay,-0.005629779427565262
2018-03-09,baseline_risk_overlay,-0.005786448296750901
2018-03-12,baseline_risk_overlay,-0.005226168981992574
2018-03-13,baseline_risk_overlay,-0.0032301384775785813
2018-03-14,baseline_risk_overlay,-0.0017754467010907549
2018-03-15,baseline_risk_overlay,-0.001572672920262641
2018-03-16,baseline_risk_overlay,0.0
2018-03-19,baseline_risk_overlay,0.0
2018-03-20,baseline_risk_overlay,0.0
2018-03-21,baseline_risk_overlay,0.0
2018-03-22,baseline_risk_overlay,0.0
2018-03-23,baseline_risk_overlay,-0.003693355200333648
2018-03-26,baseline_risk_overlay,-0.0005087551802830381
2018-03-27,baseline_risk_overlay,-0.0004427354645291093
2018-03-28,baseline_risk_overlay,-0.0003619736624410619
2018-03-29,baseline_risk_overlay,-0.0012252993448252925
2018-03-30,baseline_risk_overlay,-8.32573963255312e-05
2018-04-02,baseline_risk_overlay,0.0
2018-04-03,baseline_risk_overlay,-0.0013030261797862819
2018-04-04,baseline_risk_overlay,-0.0008550409604328735
2018-04-05,baseline_risk_overlay,-0.0006218131900181945
2018-04-06,baseline_risk_overlay,0.0
2018-04-09,baseline_risk_overlay,0.0
2018-04-10,baseline_risk_overlay,-0.0009973764076264269
2018-04-11,baseline_risk_overlay,-0.005856901294357342
2018-04-12,baseline_risk_overlay,-0.005487575622129648
2018-04-13,baseline_risk_overlay,-0.006778732486137917
2018-04-16,baseline_risk_overlay,-0.0074566003668213865
2018-04-17,baseline_risk_overlay,-0.007086604013544995
2018-04-18,baseline_risk_overlay,-0.008222883689734117
2018-04-19,baseline_risk_overlay,-0.011657922646621577
2018-04-20,baseline_risk_overlay,-0.009429838355711317
2018-04-23,baseline_risk_overlay,-0.013343950692908946
2018-04-24,baseline_risk_overlay,-0.012981626543914881
2018-04-26,baseline_risk_overlay,-0.016405873609093624
2018-04-27,baseline_risk_overlay,-0.015852845124591508
2018-05-02,baseline_risk_overlay,-0.018001763603962884
2018-05-03,baseline_risk_overlay,-0.01829225657166167
2018-05-04,baseline_risk_overlay,-0.018257316097514686
2018-05-07,baseline_risk_overlay,-0.014589160182679195
2018-05-08,baseline_risk_overlay,-0.01479542245571297
2018-05-09,baseline_risk_overlay,-0.015619469414585807
2018-05-10,baseline_risk_overlay,-0.021610122500397844
2018-05-11,baseline_risk_overlay,-0.018120973534077378
2018-05-14,baseline_risk_overlay,-0.015894591147302073
2018-05-15,baseline_risk_overlay,-0.015211234550581043
2018-05-16,baseline_risk_overlay,-0.017066797607908635
2018-05-17,baseline_risk_overlay,-0.019385701781190368
2018-05-18,baseline_risk_overlay,-0.0183975263798688
2018-05-21,baseline_risk_overlay,-0.021047750123465714
2018-05-22,baseline_risk_overlay,-0.02402423384849417
2018-05-23,baseline_risk_overlay,-0.023486136924332213
2018-05-24,baseline_risk_overlay,-0.024116728092808737
2018-05-25,baseline_risk_overlay,-0.02879357320019882
2018-05-28,baseline_risk_overlay,-0.03563205481025733
2018-05-29,baseline_risk_overlay,-0.030912359858541016
2018-05-30,baseline_risk_overlay,-0.031738578320123834
2018-05-31,baseline_risk_overlay,-0.026484930815502294
2018-06-01,baseline_risk_overlay,-0.021884419669232602
2018-06-04,baseline_risk_overlay,-0.0172513090806371
2018-06-05,baseline_risk_overlay,-0.015292660711057282
2018-06-06,baseline_risk_overlay,-0.012849151151808846
2018-06-07,baseline_risk_overlay,-0.012385533704079466
2018-06-08,baseline_risk_overlay,-0.011899424647861534
2018-06-11,baseline_risk_overlay,-0.011902094637272542
2018-06-12,baseline_risk_overlay,-0.015782242908889632
2018-06-13,baseline_risk_overlay,-0.01379366030697371
2018-06-14,baseline_risk_overlay,-0.01542867151786731
2018-06-15,baseline_risk_overlay,-0.015367847206588792
2018-06-18,baseline_risk_overlay,-0.021209750269693295
2018-06-19,baseline_risk_overlay,-0.026082385670952335
2018-06-20,baseline_risk_overlay,-0.022317365168948222
2018-06-21,baseline_risk_overlay,-0.024685192722100013
2018-06-22,baseline_risk_overlay,-0.023374297349724515
2018-06-25,baseline_risk_overlay,-0.021954526943405717
2018-06-26,baseline_risk_overlay,-0.023506666695061407
2018-06-27,baseline_risk_overlay,-0.026621538106343046
2018-06-28,baseline_risk_overlay,-0.02904887567549652
2018-06-29,baseline_risk_overlay,-0.02834440742994282
2018-07-02,baseline_risk_overlay,-0.03118874730222687
2018-07-03,baseline_risk_overlay,-0.04012299344502368
2018-07-04,baseline_risk_overlay,-0.038163789927254665
2018-07-05,baseline_risk_overlay,-0.04162464662237553
2018-07-06,baseline_risk_overlay,-0.037855966665578666
2018-07-09,baseline_risk_overlay,-0.03837458565387497
2018-07-10,baseline_risk_overlay,-0.039244242253246076
2018-07-11,baseline_risk_overlay,-0.043225204742897594
2018-07-12,baseline_risk_overlay,-0.0420368533966341
2018-07-13,baseline_risk_overlay,-0.03955488549963093
2018-07-16,baseline_risk_overlay,-0.039242506296630286
2018-07-17,baseline_risk_overlay,-0.03686132072812587
2018-07-18,baseline_risk_overlay,-0.0319054689985484
2018-07-19,baseline_risk_overlay,-0.031555955443475
2018-07-20,baseline_risk_overlay,-0.033932778636787675
2018-07-23,baseline_risk_overlay,-0.033208181346288224
2018-07-24,baseline_risk_overlay,-0.0337873845344816
2018-07-25,baseline_risk_overlay,-0.03519231712049309
2018-07-26,baseline_risk_overlay,-0.03464909531064542
2018-07-27,baseline_risk_overlay,-0.03349052737302438
2018-07-30,baseline_risk_overlay,-0.030514186160489398
2018-07-31,baseline_risk_overlay,-0.02904850860262842
2018-08-01,baseline_risk_overlay,-0.02981212425218116
2018-08-02,baseline_risk_overlay,-0.02965223324166344
2018-08-03,baseline_risk_overlay,-0.02839038688610962
2018-08-06,baseline_risk_overlay,-0.028430760659987175
2018-08-07,baseline_risk_overlay,-0.028790087468513303
2018-08-08,baseline_risk_overlay,-0.027822458218053847
2018-08-09,baseline_risk_overlay,-0.028122987745951122
2018-08-10,baseline_risk_overlay,-0.02765068530338899
2018-08-13,baseline_risk_overlay,-0.02667686864402241
2018-08-14,baseline_risk_overlay,-0.026657340458175915
2018-08-15,baseline_risk_overlay,-0.028496812598502452
2018-08-16,baseline_risk_overlay,-0.028206466527902152
2018-08-17,baseline_risk_overlay,-0.027741855422840134
2018-08-20,baseline_risk_overlay,-0.027672450665801485
2018-08-21,baseline_risk_overlay,-0.026734464318916018
2018-08-22,baseline_risk_overlay,-0.026240945611730404
2018-08-23,baseline_risk_overlay,-0.025824162609477064
2018-08-24,baseline_risk_overlay,-0.02598824969683966
2018-08-27,baseline_risk_overlay,-0.025029929318148958
2018-08-28,baseline_risk_overlay,-0.0243792888395985
2018-08-29,baseline_risk_overlay,-0.025930670777444598
2018-08-30,baseline_risk_overlay,-0.02403682331514978
2018-08-31,baseline_risk_overlay,-0.025819003335418977
2018-09-04,baseline_risk_overlay,-0.028281016313544072
2018-09-05,baseline_risk_overlay,-0.029691232667309886
2018-09-06,baseline_risk_overlay,-0.03163363511130668
2018-09-07,baseline_risk_overlay,-0.029683284315422664
2018-09-10,baseline_risk_overlay,-0.029415910351257124
2018-09-11,baseline_risk_overlay,-0.028053246875446303
2018-09-12,baseline_risk_overlay,-0.027859736941640123
2018-09-13,baseline_risk_overlay,-0.027767763215184482
2018-09-14,baseline_risk_overlay,-0.02741189874595451
2018-09-17,baseline_risk_overlay,-0.02779772307940287
2018-09-18,baseline_risk_overlay,-0.027228176618973587
2018-09-19,baseline_risk_overlay,-0.027022385756779732
2018-09-20,baseline_risk_overlay,-0.026089026494282685
2018-09-21,baseline_risk_overlay,-0.026284260359959344
2018-09-24,baseline_risk_overlay,-0.025481507416058036
2018-09-25,baseline_risk_overlay,-0.02553926697311737
2018-09-26,baseline_risk_overlay,-0.02565136892427189
2018-09-27,baseline_risk_overlay,-0.025119335126006948
2018-09-28,baseline_risk_overlay,-0.024956464560515257
2018-10-01,baseline_risk_overlay,-0.02537395708925838
2018-10-02,baseline_risk_overlay,-0.024831552493586484
2018-10-03,baseline_risk_overlay,-0.024688846796421915
2018-10-04,baseline_risk_overlay,-0.024385098878833444
2018-10-05,baseline_risk_overlay,-0.0258802983649854
2018-10-08,baseline_risk_overlay,-0.02690601149920302
2018-10-09,baseline_risk_overlay,-0.0269016884677874
2018-10-10,baseline_risk_overlay,-0.027096586023169333
2018-10-11,baseline_risk_overlay,-0.031406088867884985
2018-10-12,baseline_risk_overlay,-0.026371910791161524
2018-10-15,baseline_risk_overlay,-0.030266034097166106
2018-10-16,baseline_risk_overlay,-0.027741185123937084
2018-10-17,baseline_risk_overlay,-0.025949473357823716
2018-10-18,baseline_risk_overlay,-0.02777195882249628
2018-10-19,baseline_risk_overlay,-0.028896298276428034
2018-10-22,baseline_risk_overlay,-0.029971267751395025
2018-10-23,baseline_risk_overlay,-0.032975009566909685
2018-10-24,baseline_risk_overlay,-0.03678353176981786
2018-10-25,baseline_risk_overlay,-0.039556905868266656
2018-10-26,baseline_risk_overlay,-0.042748429279668376
2018-10-29,baseline_risk_overlay,-0.04684957779839871
2018-10-30,baseline_risk_overlay,-0.046900130566729814
2018-10-31,baseline_risk_overlay,-0.03805297714986744
2018-11-01,baseline_risk_overlay,-0.04033680573438059
2018-11-02,baseline_risk_overlay,-0.03418664656505499
2018-11-05,baseline_risk_overlay,-0.03395672087007806
2018-11-06,baseline_risk_overlay,-0.03530773781770702
2018-11-07,baseline_risk_overlay,-0.03528918230284561
2018-11-08,baseline_risk_overlay,-0.034471192580378895
2018-11-09,baseline_risk_overlay,-0.03715531220659196
2018-11-12,baseline_risk_overlay,-0.03641429740793001
2018-11-13,baseline_risk_overlay,-0.03903941887585072
2018-11-14,baseline_risk_overlay,-0.03991763452200947
2018-11-15,baseline_risk_overlay,-0.040359769183211824
2018-11-16,baseline_risk_overlay,-0.04026338469712887
2018-11-19,baseline_risk_overlay,-0.038633862419290566
2018-11-20,baseline_risk_overlay,-0.03835146857363447
2018-11-21,baseline_risk_overlay,-0.03800280480749085
2018-11-22,baseline_risk_overlay,-0.03781829337599607
2018-11-23,baseline_risk_overlay,-0.03846814596444659
2018-11-26,baseline_risk_overlay,-0.03817575026989661
2018-11-27,baseline_risk_overlay,-0.03797489872525872
2018-11-28,baseline_risk_overlay,-0.03727810632023332
2018-11-29,baseline_risk_overlay,-0.03762163342541658
2018-11-30,baseline_risk_overlay,-0.03765059256011727
2018-12-03,baseline_risk_overlay,-0.035381813260387585
2018-12-04,baseline_risk_overlay,-0.03461694462508369
2018-12-05,baseline_risk_overlay,-0.034801541355885646
2018-12-06,baseline_risk_overlay,-0.03504251717802698
2018-12-07,baseline_risk_overlay,-0.0346650226685179
2018-12-10,baseline_risk_overlay,-0.03493417938945531
2018-12-11,baseline_risk_overlay,-0.03506455241044315
2018-12-12,baseline_risk_overlay,-0.03438386914504532
2018-12-13,baseline_risk_overlay,-0.034491565711797456
2018-12-14,baseline_risk_overlay,-0.03529380185698794
2018-12-17,baseline_risk_overlay,-0.03701201085482564
2018-12-18,baseline_risk_overlay,-0.03761769561940531
2018-12-19,baseline_risk_overlay,-0.03834686442559587
2018-12-20,baseline_risk_overlay,-0.03844676492617949
2018-12-21,baseline_risk_overlay,-0.03899474908144307
2018-12-24,baseline_risk_overlay,-0.03933040101395091
2018-12-25,baseline_risk_overlay,-0.04027178796703179
2018-12-26,baseline_risk_overlay,-0.04085988157958298
2018-12-27,baseline_risk_overlay,-0.04006075380119911
2018-12-28,baseline_risk_overlay,-0.04081483679401088
2019-01-02,baseline_risk_overlay,-0.04088834593025914
2019-01-03,baseline_risk_overlay,-0.04221269675315553
2019-01-04,baseline_risk_overlay,-0.041954865486926285
2019-01-07,baseline_risk_overlay,-0.041088366027487
2019-01-08,baseline_risk_overlay,-0.04130734019833193
2019-01-09,baseline_risk_overlay,-0.040359899467816485
2019-01-10,baseline_risk_overlay,-0.04022759666244591
2019-01-11,baseline_risk_overlay,-0.03974967094750381
2019-01-14,baseline_risk_overlay,-0.03984872842629528
2019-01-15,baseline_risk_overlay,-0.03903145305401834
2019-01-16,baseline_risk_overlay,-0.03914782413000528
2019-01-17,baseline_risk_overlay,-0.039835500610771346
2019-01-18,baseline_risk_overlay,-0.039803421258952865
2019-01-21,baseline_risk_overlay,-0.03897410373741983
2019-01-22,baseline_risk_overlay,-0.03945739772006862
2019-01-23,baseline_risk_overlay,-0.039305700789149745
2019-01-24,baseline_risk_overlay,-0.039246464095263334
2019-01-25,baseline_risk_overlay,-0.039244749316347693
2019-01-28,baseline_risk_overlay,-0.03889664358402345
2019-01-29,baseline_risk_overlay,-0.03848089092563012
2019-01-30,baseline_risk_overlay,-0.038499065838992874
2019-01-31,baseline_risk_overlay,-0.03910182244890892
2019-02-01,baseline_risk_overlay,-0.03931777021988003
2019-02-11,baseline_risk_overlay,-0.03746355471736851
2019-02-12,baseline_risk_overlay,-0.036165179864339314
2019-02-13,baseline_risk_overlay,-0.03446098773342243
2019-02-14,baseline_risk_overlay,-0.03282550020358266
2019-02-15,baseline_risk_overlay,-0.033153467175592755
2019-02-18,baseline_risk_overlay,-0.030953204891331354
2019-02-19,baseline_risk_overlay,-0.030284513005497726
2019-02-20,baseline_risk_overlay,-0.02893651210227899
2019-02-21,baseline_risk_overlay,-0.02534972580424133
2019-02-22,baseline_risk_overlay,-0.025064120477732765
2019-02-25,baseline_risk_overlay,-0.02382032398980727
2019-02-26,baseline_risk_overlay,-0.025472076366714225
2019-02-27,baseline_risk_overlay,-0.024813753801419813
2019-02-28,baseline_risk_overlay,-0.029820172709407844
2019-03-01,baseline_risk_overlay,-0.026935196515018967
2019-03-04,baseline_risk_overlay,-0.025490608746855492
2019-03-05,baseline_risk_overlay,-0.025657319184889782
2019-03-06,baseline_risk_overlay,-0.02545535888698036
2019-03-07,baseline_risk_overlay,-0.025511871305371026
2019-03-08,baseline_risk_overlay,-0.02639576900009566
2019-03-11,baseline_risk_overlay,-0.026461696937516543
2019-03-12,baseline_risk_overlay,-0.024927175576406335
2019-03-13,baseline_risk_overlay,-0.024098986474380024
2019-03-14,baseline_risk_overlay,-0.023911821598441962
2019-03-15,baseline_risk_overlay,-0.024360873196967114
2019-03-18,baseline_risk_overlay,-0.023577177062050647
2019-03-19,baseline_risk_overlay,-0.024084517327639277
2019-03-20,baseline_risk_overlay,-0.024477502183331556
2019-03-21,baseline_risk_overlay,-0.02625364150619225
2019-03-22,baseline_risk_overlay,-0.0257091757403074
2019-03-25,baseline_risk_overlay,-0.02754732063767029
2019-03-26,baseline_risk_overlay,-0.02758147769222341
2019-03-27,baseline_risk_overlay,-0.027032775584237445
2019-03-28,baseline_risk_overlay,-0.02636741647261376
2019-03-29,baseline_risk_overlay,-0.026597208241439074
2019-04-01,baseline_risk_overlay,-0.025948862097065595
2019-04-02,baseline_risk_overlay,-0.026292688212376958
2019-04-03,baseline_risk_overlay,-0.026440724007753436
2019-04-04,baseline_risk_overlay,-0.02620778265880086
2019-04-05,baseline_risk_overlay,-0.025996147814610127
2019-04-08,baseline_risk_overlay,-0.025214175326822907
2019-04-09,baseline_risk_overlay,-0.026138893674982788
2019-04-10,baseline_risk_overlay,-0.02670957256634876
2019-04-11,baseline_risk_overlay,-0.026378924759931754
2019-04-12,baseline_risk_overlay,-0.026701421929819502
2019-04-16,baseline_risk_overlay,-0.027246597108134818
2019-04-17,baseline_risk_overlay,-0.027679082167409996
2019-04-18,baseline_risk_overlay,-0.028313652267997647
2019-04-19,baseline_risk_overlay,-0.02809605898314016
2019-04-22,baseline_risk_overlay,-0.028136714405512464
2019-04-23,baseline_risk_overlay,-0.02796893177098725
2019-04-24,baseline_risk_overlay,-0.027228679121373278
2019-04-25,baseline_risk_overlay,-0.027503095398093258
2019-04-26,baseline_risk_overlay,-0.027006552217064383
2019-05-02,baseline_risk_overlay,-0.02713921913358719
2019-05-03,baseline_risk_overlay,-0.027582950178052013
2019-05-06,baseline_risk_overlay,-0.029032848012896073
2019-05-07,baseline_risk_overlay,-0.029075316486307234
2019-05-08,baseline_risk_overlay,-0.029572221436763635
2019-05-09,baseline_risk_overlay,-0.029876296412980174
2019-05-10,baseline_risk_overlay,-0.029487611764267285
2019-05-13,baseline_risk_overlay,-0.029055450543955863
2019-05-14,baseline_risk_overlay,-0.028518677193454134
2019-05-15,baseline_risk_overlay,-0.027627800980155603
2019-05-16,baseline_risk_overlay,-0.02762461003912897
2019-05-17,baseline_risk_overlay,-0.027556478713133936
2019-05-20,baseline_risk_overlay,-0.026437939228557417
2019-05-21,baseline_risk_overlay,-0.02655611552868764
2019-05-22,baseline_risk_overlay,-0.02683530961218117
2019-05-23,baseline_risk_overlay,-0.02694684811632886
2019-05-24,baseline_risk_overlay,-0.028315037995405135
2019-05-27,baseline_risk_overlay,-0.02788740076051488
2019-05-28,baseline_risk_overlay,-0.028198334744476528
2019-05-29,baseline_risk_overlay,-0.02824418387072758
2019-05-30,baseline_risk_overlay,-0.028446623964018536
2019-05-31,baseline_risk_overlay,-0.029259001857567912
2019-06-03,baseline_risk_overlay,-0.030298541874529628
2019-06-04,baseline_risk_overlay,-0.02997559640033265
2019-06-05,baseline_risk_overlay,-0.029971897350457688
2019-06-06,baseline_risk_overlay,-0.03024148402664728
2019-06-07,baseline_risk_overlay,-0.02939640969329893
2019-06-10,baseline_risk_overlay,-0.028981431793973833
2019-06-11,baseline_risk_overlay,-0.029067328642997103
2019-06-12,baseline_risk_overlay,-0.02982072143880965
2019-06-13,baseline_risk_overlay,-0.030168032952225476
2019-06-14,baseline_risk_overlay,-0.02986394888419608
2019-06-17,baseline_risk_overlay,-0.030475659367167562
2019-06-18,baseline_risk_overlay,-0.03073226656358019
2019-06-19,baseline_risk_overlay,-0.03026715051566453
2019-06-20,baseline_risk_overlay,-0.029413022150229784
2019-06-21,baseline_risk_overlay,-0.02942097109797659
2019-06-24,baseline_risk_overlay,-0.029090371937811277
2019-06-25,baseline_risk_overlay,-0.029411772139345538
2019-06-26,baseline_risk_overlay,-0.029523058441075722
2019-06-27,baseline_risk_overlay,-0.031140321586126007
2019-06-28,baseline_risk_overlay,-0.03056294146642924
2019-07-01,baseline_risk_overlay,-0.029136669623183398
2019-07-02,baseline_risk_overlay,-0.029614743980377778
2019-07-03,baseline_risk_overlay,-0.029797874321116136
2019-07-04,baseline_risk_overlay,-0.028532127541602392
2019-07-05,baseline_risk_overlay,-0.02829305946564653
2019-07-08,baseline_risk_overlay,-0.0293650314597117
2019-07-09,baseline_risk_overlay,-0.02912254753784349
2019-07-10,baseline_risk_overlay,-0.028646192316033825
2019-07-11,baseline_risk_overlay,-0.0281145037810413
2019-07-12,baseline_risk_overlay,-0.028475529114064924
2019-07-15,baseline_risk_overlay,-0.02877281571186796
2019-07-16,baseline_risk_overlay,-0.02781828727060165
2019-07-17,baseline_risk_overlay,-0.0277772317925844
2019-07-18,baseline_risk_overlay,-0.02845999474309424
2019-07-19,baseline_risk_overlay,-0.027871432005639796
2019-07-22,baseline_risk_overlay,-0.027901880056613426
2019-07-23,baseline_risk_overlay,-0.02715123407033837
2019-07-24,baseline_risk_overlay,-0.027265390885378937
2019-07-25,baseline_risk_overlay,-0.026640777952570027
2019-07-26,baseline_risk_overlay,-0.026794325524900908
2019-07-29,baseline_risk_overlay,-0.02636801088820173
2019-07-30,baseline_risk_overlay,-0.02772697161657378
2019-07-31,baseline_risk_overlay,-0.02725849799374158
2019-08-01,baseline_risk_overlay,-0.026721462605243995
2019-08-02,baseline_risk_overlay,-0.028395317032712475
2019-08-05,baseline_risk_overlay,-0.030180800388510676
2019-08-06,baseline_risk_overlay,-0.030938886098891394
2019-08-07,baseline_risk_overlay,-0.030839326509352616
2019-08-08,baseline_risk_overlay,-0.02997189104246678
2019-08-09,baseline_risk_overlay,-0.030063466801725003
2019-08-12,baseline_risk_overlay,-0.029987639310314784
2019-08-13,baseline_risk_overlay,-0.030840274989686667
2019-08-14,baseline_risk_overlay,-0.030675538208173148
2019-08-15,baseline_risk_overlay,-0.029764063087046266
2019-08-16,baseline_risk_overlay,-0.029717241697862273
2019-08-19,baseline_risk_overlay,-0.029611485101681878
2019-08-20,baseline_risk_overlay,-0.029197664303971194
2019-08-21,baseline_risk_overlay,-0.028026594540090932
2019-08-22,baseline_risk_overlay,-0.027452248003490665
2019-08-23,baseline_risk_overlay,-0.02814350586891956
2019-08-26,baseline_risk_overlay,-0.02908813898345397
2019-08-27,baseline_risk_overlay,-0.029618858141455373
2019-08-28,baseline_risk_overlay,-0.029589243914245666
2019-08-29,baseline_risk_overlay,-0.029481699868215028
2019-08-30,baseline_risk_overlay,-0.028948773480095058
2019-09-03,baseline_risk_overlay,-0.0293980935239172
2019-09-04,baseline_risk_overlay,-0.02955861530758408
2019-09-05,baseline_risk_overlay,-0.0296446085401445
2019-09-06,baseline_risk_overlay,-0.029900934381701605
2019-09-09,baseline_risk_overlay,-0.029898259456871856
2019-09-10,baseline_risk_overlay,-0.030295960765545304
2019-09-11,baseline_risk_overlay,-0.03039229155442036
2019-09-12,baseline_risk_overlay,-0.029764679534115213
2019-09-13,baseline_risk_overlay,-0.02856923697868341
2019-09-16,baseline_risk_overlay,-0.028274204696256078
2019-09-17,baseline_risk_overlay,-0.027525693062232626
2019-09-18,baseline_risk_overlay,-0.02811208901922324
2019-09-19,baseline_risk_overlay,-0.028024706498580576
2019-09-20,baseline_risk_overlay,-0.028864438123071823
2019-09-23,baseline_risk_overlay,-0.029339547344632178
2019-09-24,baseline_risk_overlay,-0.029121410017766247
2019-09-25,baseline_risk_overlay,-0.029229801639573116
2019-09-26,baseline_risk_overlay,-0.028832326600572333
2019-09-27,baseline_risk_overlay,-0.027988473578076767
2019-09-30,baseline_risk_overlay,-0.02814088520865987
2019-10-01,baseline_risk_overlay,-0.027822201355870657
2019-10-02,baseline_risk_overlay,-0.030198591513925566
2019-10-03,baseline_risk_overlay,-0.030231213481200725
2019-10-04,baseline_risk_overlay,-0.03078371364230792
2019-10-07,baseline_risk_overlay,-0.031225665865007746
2019-10-08,baseline_risk_overlay,-0.030748505373575652
2019-10-09,baseline_risk_overlay,-0.03081488714142977
2019-10-10,baseline_risk_overlay,-0.030869276308374327
2019-10-11,baseline_risk_overlay,-0.030378557897131064
2019-10-14,baseline_risk_overlay,-0.030180266793580546
2019-10-15,baseline_risk_overlay,-0.03042610605860474
2019-10-16,baseline_risk_overlay,-0.0300844520675847
2019-10-17,baseline_risk_overlay,-0.03122338531115243
2019-10-18,baseline_risk_overlay,-0.03142801778645332
2019-10-21,baseline_risk_overlay,-0.03275517226622704
2019-10-22,baseline_risk_overlay,-0.03250712983647541
2019-10-23,baseline_risk_overlay,-0.03245126784505592
2019-10-24,baseline_risk_overlay,-0.031172214998510195
2019-10-25,baseline_risk_overlay,-0.030398155635947166
2019-10-28,baseline_risk_overlay,-0.030423860331033392
2019-10-29,baseline_risk_overlay,-0.03059487330797439
2019-10-30,baseline_risk_overlay,-0.03017169572245526
2019-10-31,baseline_risk_overlay,-0.030803825973848675
2019-11-01,baseline_risk_overlay,-0.027314438562243692
2019-11-04,baseline_risk_overlay,-0.025625376429328273
2019-11-05,baseline_risk_overlay,-0.025535444604946056
2019-11-06,baseline_risk_overlay,-0.02546801707782198
2019-11-07,baseline_risk_overlay,-0.02557336052187187
2019-11-08,baseline_risk_overlay,-0.0260331774034126
2019-11-11,baseline_risk_overlay,-0.027290755830277957
2019-11-12,baseline_risk_overlay,-0.02725929477972211
2019-11-13,baseline_risk_overlay,-0.027855519001073636
2019-11-14,baseline_risk_overlay,-0.027909599354493886
2019-11-15,baseline_risk_overlay,-0.028137195117849734
2019-11-18,baseline_risk_overlay,-0.02885254555843375
2019-11-19,baseline_risk_overlay,-0.02834883484361861
2019-11-20,baseline_risk_overlay,-0.02923380596067482
2019-11-21,baseline_risk_overlay,-0.030503646749366897
2019-11-22,baseline_risk_overlay,-0.03144592239672994
2019-11-25,baseline_risk_overlay,-0.03157817495212856
2019-11-26,baseline_risk_overlay,-0.03154474405874608
2019-11-27,baseline_risk_overlay,-0.03140123781380899
2019-11-28,baseline_risk_overlay,-0.03220953213708655
2019-11-29,baseline_risk_overlay,-0.032176743674205865
2019-12-02,baseline_risk_overlay,-0.034677052650710194
2019-12-03,baseline_risk_overlay,-0.03540167982149445
2019-12-04,baseline_risk_overlay,-0.03421379615135567
2019-12-05,baseline_risk_overlay,-0.03451287028830419
2019-12-06,baseline_risk_overlay,-0.03449099335458439
2019-12-09,baseline_risk_overlay,-0.03423569794648429
2019-12-10,baseline_risk_overlay,-0.03485867576794599
2019-12-11,baseline_risk_overlay,-0.03472657342544405
2019-12-12,baseline_risk_overlay,-0.034036061869999856
2019-12-13,baseline_risk_overlay,-0.03427089046831466
2019-12-16,baseline_risk_overlay,-0.034748790055663226
2019-12-17,baseline_risk_overlay,-0.03542018849080075
2019-12-18,baseline_risk_overlay,-0.03566886677034231
2019-12-19,baseline_risk_overlay,-0.035573860384628175
2019-12-20,baseline_risk_overlay,-0.035200856188295826
2019-12-23,baseline_risk_overlay,-0.034920829987960866
2019-12-24,baseline_risk_overlay,-0.03498262810015618
2019-12-25,baseline_risk_overlay,-0.03476951942275375
2019-12-26,baseline_risk_overlay,-0.03503576891489535
2019-12-27,baseline_risk_overlay,-0.03450294367268336
2019-12-30,baseline_risk_overlay,-0.0342564334931329
2019-12-31,baseline_risk_overlay,-0.035274433755977164
2020-01-02,baseline_risk_overlay,-0.033911168507675726
2020-01-03,baseline_risk_overlay,-0.03437885345822156
2020-01-06,baseline_risk_overlay,-0.036783829743836205
2020-01-07,baseline_risk_overlay,-0.0360627676623273
2020-01-08,baseline_risk_overlay,-0.03858177018311593
2020-01-09,baseline_risk_overlay,-0.037562195036019874
2020-01-10,baseline_risk_overlay,-0.03657714617980534
2020-01-13,baseline_risk_overlay,-0.03690503581949345
2020-01-14,baseline_risk_overlay,-0.03673863985786974
2020-01-15,baseline_risk_overlay,-0.03659829367102396
2020-01-16,baseline_risk_overlay,-0.03462620026516494
2020-01-17,baseline_risk_overlay,-0.03324367895279745
2020-01-20,baseline_risk_overlay,-0.03335714396380218
2020-01-21,baseline_risk_overlay,-0.030929045435836633
2020-01-22,baseline_risk_overlay,-0.029339786015558533
2020-01-30,baseline_risk_overlay,-0.039227413901190444
2020-01-31,baseline_risk_overlay,-0.04459221956039039
2020-02-03,baseline_risk_overlay,-0.046343351709287495
2020-02-04,baseline_risk_overlay,-0.046149335701547334
2020-02-05,baseline_risk_overlay,-0.046890216815356656
2020-02-06,baseline_risk_overlay,-0.04403754484920108
2020-02-07,baseline_risk_overlay,-0.04351459227159793
2020-02-10,baseline_risk_overlay,-0.04596443598875444
2020-02-11,baseline_risk_overlay,-0.04498768228773142
2020-02-12,baseline_risk_overlay,-0.04428329443107848
2020-02-13,baseline_risk_overlay,-0.04415253454694168
2020-02-14,baseline_risk_overlay,-0.04435262050525779
2020-02-17,baseline_risk_overlay,-0.044997401259623926
2020-02-18,baseline_risk_overlay,-0.046670247244816276
2020-02-19,baseline_risk_overlay,-0.04653459767411561
2020-02-20,baseline_risk_overlay,-0.04443963583375021
2020-02-21,baseline_risk_overlay,-0.045756909178169214
2020-02-24,baseline_risk_overlay,-0.04893159083107823
2020-02-25,baseline_risk_overlay,-0.04744879707495275
2020-02-26,baseline_risk_overlay,-0.05098831220470135
2020-02-27,baseline_risk_overlay,-0.05042634266076362
2020-02-28,baseline_risk_overlay,-0.05436867424248082
2020-03-02,baseline_risk_overlay,-0.0538126342317119
2020-03-03,baseline_risk_overlay,-0.05232517860308972
2020-03-04,baseline_risk_overlay,-0.05264000044298223
2020-03-05,baseline_risk_overlay,-0.051684442528057484
2020-03-06,baseline_risk_overlay,-0.05213068902573603
2020-03-09,baseline_risk_overlay,-0.06581080945209616
2020-03-10,baseline_risk_overlay,-0.06527068607280728
2020-03-11,baseline_risk_overlay,-0.07252495602019393
2020-03-12,baseline_risk_overlay,-0.0864670802542592
2020-03-13,baseline_risk_overlay,-0.08875235139292692
2020-03-16,baseline_risk_overlay,-0.09276488257203919
2020-03-17,baseline_risk_overlay,-0.09349484736397795
2020-03-18,baseline_risk_overlay,-0.09287623535224454
2020-03-19,baseline_risk_overlay,-0.10053725262231039
2020-03-20,baseline_risk_overlay,-0.10612033881783689
2020-03-23,baseline_risk_overlay,-0.11970244602496494
2020-03-24,baseline_risk_overlay,-0.12211228280956332
2020-03-25,baseline_risk_overlay,-0.11245995852254642
2020-03-26,baseline_risk_overlay,-0.11126480709446551
2020-03-27,baseline_risk_overlay,-0.11072539369027445
2020-03-30,baseline_risk_overlay,-0.12177192803312575
2020-03-31,baseline_risk_overlay,-0.12168906090986775
2020-04-01,baseline_risk_overlay,-0.11568776365883171
2020-04-03,baseline_risk_overlay,-0.1078541157942754
2020-04-06,baseline_risk_overlay,-0.09740867072779946
2020-04-07,baseline_risk_overlay,-0.09619449122417634
2020-04-08,baseline_risk_overlay,-0.09601413775929024
2020-04-09,baseline_risk_overlay,-0.09410072438598815
2020-04-10,baseline_risk_overlay,-0.09446710850360052
2020-04-13,baseline_risk_overlay,-0.0934002451039202
2020-04-14,baseline_risk_overlay,-0.09303699362559537
2020-04-15,baseline_risk_overlay,-0.09002122650120603
2020-04-16,baseline_risk_overlay,-0.08901774667997442
2020-04-17,baseline_risk_overlay,-0.0863908176497884
2020-04-20,baseline_risk_overlay,-0.08474331622259745
2020-04-21,baseline_risk_overlay,-0.09383729727497636
2020-04-22,baseline_risk_overlay,-0.09318252128816529
2020-04-23,baseline_risk_overlay,-0.09159163883117205
2020-04-24,baseline_risk_overlay,-0.09068436375586297
2020-04-27,baseline_risk_overlay,-0.09265797092075923
2020-04-28,baseline_risk_overlay,-0.09368432757891276
2020-04-29,baseline_risk_overlay,-0.09314665353320861
2020-05-04,baseline_risk_overlay,-0.09500230463585024
2020-05-05,baseline_risk_overlay,-0.0946245832485928
2020-05-06,baseline_risk_overlay,-0.08998049240909156
2020-05-07,baseline_risk_overlay,-0.0861513924893127
2020-05-08,baseline_risk_overlay,-0.08149669941577897
2020-05-11,baseline_risk_overlay,-0.07757570960948301
2020-05-12,baseline_risk_overlay,-0.07549655954586099
2020-05-13,baseline_risk_overlay,-0.07582841708954835
2020-05-14,baseline_risk_overlay,-0.07634386183776887
2020-05-15,baseline_risk_overlay,-0.07777207064591918
2020-05-18,baseline_risk_overlay,-0.07538264403772565
2020-05-19,baseline_risk_overlay,-0.07311496105575832
2020-05-20,baseline_risk_overlay,-0.07129816550989587
2020-05-21,baseline_risk_overlay,-0.06868193851527593
2020-05-22,baseline_risk_overlay,-0.07165412904756718
2020-05-25,baseline_risk_overlay,-0.07104506514281306
2020-05-26,baseline_risk_overlay,-0.06970298059978686
2020-05-27,baseline_risk_overlay,-0.07317793897356384
2020-05-28,baseline_risk_overlay,-0.07288533449888557
2020-05-29,baseline_risk_overlay,-0.07250371566992297
2020-06-01,baseline_risk_overlay,-0.07062236632033936
2020-06-02,baseline_risk_overlay,-0.07201356651172475
2020-06-03,baseline_risk_overlay,-0.0713628331855769
2020-06-04,baseline_risk_overlay,-0.07099306178407494
2020-06-05,baseline_risk_overlay,-0.07071457607926213
2020-06-08,baseline_risk_overlay,-0.0689724978944507
2020-06-09,baseline_risk_overlay,-0.0691274913379587
2020-06-10,baseline_risk_overlay,-0.06897225229490234
2020-06-11,baseline_risk_overlay,-0.07312982169169158
2020-06-12,baseline_risk_overlay,-0.07359001967393775
2020-06-15,baseline_risk_overlay,-0.07715944993142765
2020-06-16,baseline_risk_overlay,-0.0746049219135354
2020-06-17,baseline_risk_overlay,-0.07481298497675681
2020-06-18,baseline_risk_overlay,-0.0747154231525543
2020-06-19,baseline_risk_overlay,-0.07140428448700242
2020-06-22,baseline_risk_overlay,-0.07066569494656638
2020-06-23,baseline_risk_overlay,-0.07157219323318509
2020-06-24,baseline_risk_overlay,-0.07393949872791417
2020-06-25,baseline_risk_overlay,-0.07522665902263415
2020-06-26,baseline_risk_overlay,-0.07585581767549154
2020-06-29,baseline_risk_overlay,-0.08120117685029338
2020-06-30,baseline_risk_overlay,-0.0817964253298481
2020-07-01,baseline_risk_overlay,-0.07783290758078132
2020-07-02,baseline_risk_overlay,-0.07815647438503504
2020-07-03,baseline_risk_overlay,-0.07693728847614734
2020-07-06,baseline_risk_overlay,-0.07374363178984311
2020-07-07,baseline_risk_overlay,-0.07319481489541191
2020-07-08,baseline_risk_overlay,-0.07292598492663194
2020-07-09,baseline_risk_overlay,-0.06977122199629471
2020-07-10,baseline_risk_overlay,-0.07115757626985242
2020-07-13,baseline_risk_overlay,-0.07177582689346318
2020-07-14,baseline_risk_overlay,-0.07195575170978685
2020-07-15,baseline_risk_overlay,-0.07175611545476679
2020-07-16,baseline_risk_overlay,-0.07104137201016159
2020-07-17,baseline_risk_overlay,-0.0716007527493675
2020-07-20,baseline_risk_overlay,-0.07260711167819367
2020-07-21,baseline_risk_overlay,-0.07258428116717153
2020-07-22,baseline_risk_overlay,-0.07324763892558495
2020-07-23,baseline_risk_overlay,-0.0731135966933878
2020-07-24,baseline_risk_overlay,-0.07559544966154708
2020-07-27,baseline_risk_overlay,-0.07981451337552725
2020-07-28,baseline_risk_overlay,-0.07691578466436799
2020-07-29,baseline_risk_overlay,-0.0793352054673695
2020-07-30,baseline_risk_overlay,-0.07822022657235328
2020-07-31,baseline_risk_overlay,-0.07853158831905493
2020-08-03,baseline_risk_overlay,-0.0766242801860052
2020-08-04,baseline_risk_overlay,-0.07495970608039482
2020-08-05,baseline_risk_overlay,-0.07250349011459478
2020-08-06,baseline_risk_overlay,-0.07192583842434874
2020-08-07,baseline_risk_overlay,-0.07154947154597213
2020-08-10,baseline_risk_overlay,-0.07107009186765889
2020-08-11,baseline_risk_overlay,-0.07110428263667046
2020-08-12,baseline_risk_overlay,-0.07001693182631497
2020-08-13,baseline_risk_overlay,-0.0678248477057175
2020-08-14,baseline_risk_overlay,-0.06901410882361891
2020-08-17,baseline_risk_overlay,-0.06918270738089405
2020-08-18,baseline_risk_overlay,-0.07018875778370559
2020-08-19,baseline_risk_overlay,-0.06896735370233242
2020-08-20,baseline_risk_overlay,-0.06976542886603843
2020-08-21,baseline_risk_overlay,-0.06810070566917914
2020-08-24,baseline_risk_overlay,-0.06453465480942011
2020-08-25,baseline_risk_overlay,-0.06308220158628774
2020-08-26,baseline_risk_overlay,-0.06326433199000614
2020-08-27,baseline_risk_overlay,-0.06297089111027865
2020-08-28,baseline_risk_overlay,-0.06189647687087174
2020-08-31,baseline_risk_overlay,-0.06123539459522065
2020-09-01,baseline_risk_overlay,-0.05893265988022256
2020-09-03,baseline_risk_overlay,-0.05589086268067733
2020-09-04,baseline_risk_overlay,-0.05628314064012796
2020-09-07,baseline_risk_overlay,-0.057656096750196784
2020-09-08,baseline_risk_overlay,-0.057482205557429444
2020-09-09,baseline_risk_overlay,-0.05756459533032243
2020-09-10,baseline_risk_overlay,-0.05761439933894641
2020-09-11,baseline_risk_overlay,-0.05760194980536637
2020-09-14,baseline_risk_overlay,-0.057069254869089314
2020-09-15,baseline_risk_overlay,-0.05682622395082837
2020-09-16,baseline_risk_overlay,-0.0568030900992863
2020-09-17,baseline_risk_overlay,-0.05761412184213688
2020-09-18,baseline_risk_overlay,-0.05703481679284472
2020-09-21,baseline_risk_overlay,-0.055745468309559065
2020-09-22,baseline_risk_overlay,-0.05600332706166977
2020-09-23,baseline_risk_overlay,-0.055420135762451306
2020-09-24,baseline_risk_overlay,-0.05579305583677907
2020-09-25,baseline_risk_overlay,-0.05582455252559981
2020-09-28,baseline_risk_overlay,-0.05541976923108993
2020-09-29,baseline_risk_overlay,-0.056270591216851296
2020-09-30,baseline_risk_overlay,-0.05616244730570907
2020-10-01,baseline_risk_overlay,-0.05524798285218957
2020-10-02,baseline_risk_overlay,-0.055786338944211256
2020-10-05,baseline_risk_overlay,-0.05532773377588396
2020-10-06,baseline_risk_overlay,-0.05522809178016308
2020-10-07,baseline_risk_overlay,-0.05477401402511117
2020-10-08,baseline_risk_overlay,-0.054874926641168
2020-10-09,baseline_risk_overlay,-0.054320946558952476
2020-10-12,baseline_risk_overlay,-0.05411624376309232
2020-10-13,baseline_risk_overlay,-0.053650514642273106
2020-10-14,baseline_risk_overlay,-0.052457663779930774
2020-10-15,baseline_risk_overlay,-0.05218525874078994
2020-10-16,baseline_risk_overlay,-0.05212745138666952
2020-10-19,baseline_risk_overlay,-0.05208904380523072
2020-10-20,baseline_risk_overlay,-0.05201275803502159
2020-10-21,baseline_risk_overlay,-0.053420995699865914
2020-10-22,baseline_risk_overlay,-0.05253238294824092
2020-10-23,baseline_risk_overlay,-0.051265723361980986
2020-10-26,baseline_risk_overlay,-0.05237905044098756
2020-10-27,baseline_risk_overlay,-0.05276325581961283
2020-10-28,baseline_risk_overlay,-0.05489919787911868
2020-10-29,baseline_risk_overlay,-0.05532825806485819
2020-10-30,baseline_risk_overlay,-0.05409446912454252
2020-11-02,baseline_risk_overlay,-0.05240024746203065
2020-11-03,baseline_risk_overlay,-0.052313824306359
2020-11-04,baseline_risk_overlay,-0.05183672232299086
2020-11-05,baseline_risk_overlay,-0.0520926760234639
2020-11-06,baseline_risk_overlay,-0.05204761357209031
2020-11-09,baseline_risk_overlay,-0.05049471379413539
2020-11-10,baseline_risk_overlay,-0.05051647505441992
2020-11-11,baseline_risk_overlay,-0.050501026016826045
2020-11-12,baseline_risk_overlay,-0.049720204916108846
2020-11-13,baseline_risk_overlay,-0.0488828490013089
2020-11-16,baseline_risk_overlay,-0.052595526342347654
2020-11-17,baseline_risk_overlay,-0.05096234638011177
2020-11-18,baseline_risk_overlay,-0.050092181398821545
2020-11-19,baseline_risk_overlay,-0.04923478064183229
2020-11-20,baseline_risk_overlay,-0.04860515342572114
2020-11-23,baseline_risk_overlay,-0.048204698822539416
2020-11-24,baseline_risk_overlay,-0.048055402621213106
2020-11-25,baseline_risk_overlay,-0.04763427401827036
2020-11-26,baseline_risk_overlay,-0.047057802337021726
2020-11-27,baseline_risk_overlay,-0.046633952575742876
2020-11-30,baseline_risk_overlay,-0.04733346733271071
2020-12-01,baseline_risk_overlay,-0.04689408469955092
2020-12-02,baseline_risk_overlay,-0.04632744000669964
2020-12-03,baseline_risk_overlay,-0.0458655978440502
2020-12-04,baseline_risk_overlay,-0.04571622126870012
2020-12-07,baseline_risk_overlay,-0.045006119879913986
2020-12-08,baseline_risk_overlay,-0.04509440904731332
2020-12-09,baseline_risk_overlay,-0.04427558673949583
2020-12-10,baseline_risk_overlay,-0.0450111360329325
2020-12-11,baseline_risk_overlay,-0.04403327459813999
2020-12-14,baseline_risk_overlay,-0.04254649204695393
2020-12-15,baseline_risk_overlay,-0.04334519445609142
2020-12-16,baseline_risk_overlay,-0.042432464023525074
2020-12-17,baseline_risk_overlay,-0.04374381548482653
2020-12-18,baseline_risk_overlay,-0.042664578807754205
2020-12-21,baseline_risk_overlay,-0.04164528729554917
2020-12-22,baseline_risk_overlay,-0.04144987086742413
2020-12-23,baseline_risk_overlay,-0.041882676697399535
2020-12-24,baseline_risk_overlay,-0.04276082187460106
2020-12-25,baseline_risk_overlay,-0.041561456286170806
2020-12-28,baseline_risk_overlay,-0.04098140052109578
2020-12-29,baseline_risk_overlay,-0.04031441108284661
2020-12-30,baseline_risk_overlay,-0.04047423391709082
2020-12-31,baseline_risk_overlay,-0.04001753469697722
2021-01-04,baseline_risk_overlay,-0.038614478578291145
2021-01-05,baseline_risk_overlay,-0.037505250486516095
2021-01-06,baseline_risk_overlay,-0.036489956221543496
2021-01-07,baseline_risk_overlay,-0.03510637038338482
2021-01-08,baseline_risk_overlay,-0.03267877526435692
2021-01-11,baseline_risk_overlay,-0.028827414608925128
2021-01-12,baseline_risk_overlay,-0.02722520068552914
2021-01-13,baseline_risk_overlay,-0.028636934827942162
2021-01-14,baseline_risk_overlay,-0.028407043874260185
2021-01-15,baseline_risk_overlay,-0.027027283189245854
2021-01-18,baseline_risk_overlay,-0.027484915464593085
2021-01-19,baseline_risk_overlay,-0.0391952831731317
2021-01-20,baseline_risk_overlay,-0.03852640141945218
2021-01-21,baseline_risk_overlay,-0.03306230946626387
2021-01-22,baseline_risk_overlay,-0.032330007601438004
2021-01-25,baseline_risk_overlay,-0.032615443202480554
2021-01-26,baseline_risk_overlay,-0.04261249090756092
2021-01-27,baseline_risk_overlay,-0.055346523333201
2021-01-28,baseline_risk_overlay,-0.07097346889545753
2021-01-29,baseline_risk_overlay,-0.06504510066969837
2021-02-01,baseline_risk_overlay,-0.06857147580939016
2021-02-02,baseline_risk_overlay,-0.06043746011105633
2021-02-03,baseline_risk_overlay,-0.05396690865493703
2021-02-04,baseline_risk_overlay,-0.0538089783451291
2021-02-05,baseline_risk_overlay,-0.05097759649884681
2021-02-08,baseline_risk_overlay,-0.06042870317788407
2021-02-09,baseline_risk_overlay,-0.05409816114235022
2021-02-17,baseline_risk_overlay,-0.04589727501831098
2021-02-18,baseline_risk_overlay,-0.04195798466377865
2021-02-19,baseline_risk_overlay,-0.042170672721505764
2021-02-22,baseline_risk_overlay,-0.04190007184149158
2021-02-23,baseline_risk_overlay,-0.041367393607297465
2021-02-24,baseline_risk_overlay,-0.04478561819585991
2021-02-25,baseline_risk_overlay,-0.04415336174145845
2021-02-26,baseline_risk_overlay,-0.04355615001836266
2021-03-01,baseline_risk_overlay,-0.03989715291834184
2021-03-02,baseline_risk_overlay,-0.039817550266969426
2021-03-03,baseline_risk_overlay,-0.039777545548911
2021-03-04,baseline_risk_overlay,-0.043437114120628006
2015-03-19,buy_and_hold,0.0
2015-03-20,buy_and_hold,0.0
2015-03-23,buy_and_hold,-0.00790699290977348
2015-03-24,buy_and_hold,-0.013919783122480323
2015-03-25,buy_and_hold,-0.025215487279299453
2015-03-26,buy_and_hold,-0.03350479632976511
2015-03-27,buy_and_hold,-0.04174197136104563
2015-03-30,buy_and_hold,-0.05256846934519677
2015-03-31,buy_and_hold,-0.04224593354650363
2015-04-01,buy_and_hold,-0.06348185736132361
2015-04-02,buy_and_hold,-0.04968372028360912
2015-04-03,buy_and_hold,-0.047945919644098445
2015-04-06,buy_and_hold,-0.05642638676491041
2015-04-07,buy_and_hold,-0.047494091477825795
2015-04-08,buy_and_hold,-0.04817183372723499
2015-04-09,buy_and_hold,-0.04330599193660534
2015-04-10,buy_and_hold,-0.03720631169192279
2015-04-13,buy_and_hold,-0.027631030168219328
2015-04-14,buy_and_hold,-0.02914291672459357
2015-04-15,buy_and_hold,-0.019011538996246524
2015-04-16,buy_and_hold,-0.01244265257889643
2015-04-17,buy_and_hold,-0.012373140553315953
2015-04-20,buy_and_hold,-0.018073126650910987
2015-04-21,buy_and_hold,-0.02293896844154064
2015-04-22,buy_and_hold,-0.022469762268872984
2015-04-23,buy_and_hold,-0.02465939107465631
2015-04-24,buy_and_hold,-0.0168045321840683
2015-04-27,buy_and_hold,-0.02266092033921918
2015-05-04,buy_and_hold,-0.0527596274155433
2015-05-05,buy_and_hold,-0.03960447657444788
2015-05-06,buy_and_hold,-0.04542610871680852
2015-05-07,buy_and_hold,-0.039031002363409395
2015-05-08,buy_and_hold,-0.03637216738495819
2015-05-11,buy_and_hold,-0.04130752120116832
2015-05-12,buy_and_hold,-0.05392395384401549
2015-05-13,buy_and_hold,-0.056687056860837415
2015-05-14,buy_and_hold,-0.05517517030446295
2015-05-15,buy_and_hold,-0.06603642430140455
2015-05-18,buy_and_hold,-0.08079035173084981
2015-05-19,buy_and_hold,-0.06711386069790115
2015-05-20,buy_and_hold,-0.0440358682052
2015-05-21,buy_and_hold,-0.03976087863200395
2015-05-22,buy_and_hold,-0.023668844710135195
2015-05-25,buy_and_hold,-0.021618239955512708
2015-05-26,buy_and_hold,-0.01431947726956806
2015-05-27,buy_and_hold,-0.015570693730015628
2015-05-28,buy_and_hold,-0.004292367579591616
2015-05-29,buy_and_hold,-0.010218267760323085
2015-06-01,buy_and_hold,-0.0007993882941752517
2015-06-02,buy_and_hold,-0.008914917280690049
2015-06-03,buy_and_hold,-0.013103016821910618
2015-06-04,buy_and_hold,-0.011208814124843869
2015-06-05,buy_and_hold,0.0
2015-06-08,buy_and_hold,0.0
2015-06-09,buy_and_hold,-0.009244088784643778
2015-06-10,buy_and_hold,-0.009882206853732978
2015-06-11,buy_and_hold,0.0
2015-06-12,buy_and_hold,0.0
2015-06-15,buy_and_hold,0.0
2015-06-16,buy_and_hold,-0.010452189332969652
2015-06-17,buy_and_hold,-0.012975719547128617
2015-06-18,buy_and_hold,-0.010452189332969652
2015-06-19,buy_and_hold,-0.003035056608920894
2015-06-22,buy_and_hold,0.0
2015-06-23,buy_and_hold,-0.001700107729598499
2015-06-24,buy_and_hold,-0.006834096417990931
2015-06-25,buy_and_hold,-0.010251144626986286
2015-06-26,buy_and_hold,-0.020754780500942593
2015-06-29,buy_and_hold,-0.003922030702935508
2015-06-30,buy_and_hold,-0.0017337732291946573
2015-07-01,buy_and_hold,-0.004342849447885655
2015-07-02,buy_and_hold,0.0
2015-07-03,buy_and_hold,0.0
2015-07-06,buy_and_hold,0.0
2015-07-07,buy_and_hold,0.0
2015-07-08,buy_and_hold,-0.011265013406952629
2015-07-09,buy_and_hold,-0.012962698526028493
2015-07-10,buy_and_hold,-0.004743998603772948
2015-07-13,buy_and_hold,0.0
2015-07-14,buy_and_hold,0.0
2015-07-15,buy_and_hold,-0.012212497455729832
2015-07-16,buy_and_hold,-0.018459659615776114
2015-07-17,buy_and_hold,-0.015750990308287305
2015-07-20,buy_and_hold,-0.02841754215660186
2015-07-21,buy_and_hold,-0.03457076202852727
2015-07-22,buy_and_hold,-0.01384083044982698
2015-07-23,buy_and_hold,-0.010458908077471074
2015-07-24,buy_and_hold,-0.011633186678983498
2015-07-27,buy_and_hold,-0.005057226510513435
2015-07-28,buy_and_hold,-0.011304388670559717
2015-07-29,buy_and_hold,-0.02190421018021227
2015-07-30,buy_and_hold,-0.01897634220044131
2015-07-31,buy_and_hold,-0.027603375659552953
2015-08-03,buy_and_hold,-0.0457498943149256
2015-08-04,buy_and_hold,-0.05938718314049052
2015-08-05,buy_and_hold,-0.049491928791745465
2015-08-06,buy_and_hold,-0.058948785795926106
2015-08-07,buy_and_hold,-0.05469006873444082
2015-08-10,buy_and_hold,-0.03782742801672179
2015-08-11,buy_and_hold,-0.040144671123706344
2015-08-12,buy_and_hold,-0.05393853042947272
2015-08-13,buy_and_hold,-0.06956426435359864
2015-08-14,buy_and_hold,-0.07775290046814576
2015-08-17,buy_and_hold,-0.10261629272416983
2015-08-18,buy_and_hold,-0.09154675977391202
2015-08-19,buy_and_hold,-0.09530445129875198
2015-08-20,buy_and_hold,-0.11273074574519715
2015-08-21,buy_and_hold,-0.1289984186381501
2015-08-24,buy_and_hold,-0.1749831686733785
2015-08-25,buy_and_hold,-0.17020776902722778
2015-08-26,buy_and_hold,-0.14529740562714322
2015-08-27,buy_and_hold,-0.1297656139911385
2015-08-28,buy_and_hold,-0.10618609967276804
2015-08-31,buy_and_hold,-0.11576821306110974
2015-09-01,buy_and_hold,-0.11958853277803039
2015-09-03,buy_and_hold,-0.13212982824218367
2015-09-04,buy_and_hold,-0.12819990918912194
2015-09-07,buy_and_hold,-0.1311434342169132
2015-09-08,buy_and_hold,-0.11268377460113699
2015-09-09,buy_and_hold,-0.10388451361380346
2015-09-10,buy_and_hold,-0.10430725391034801
2015-09-11,buy_and_hold,-0.11265246050509659
2015-09-14,buy_and_hold,-0.11980773145031265
2015-09-15,buy_and_hold,-0.1180854561680943
2015-09-16,buy_and_hold,-0.11673895003835999
2015-09-17,buy_and_hold,-0.1193223629616873
2015-09-18,buy_and_hold,-0.11341965585808478
2015-09-21,buy_and_hold,-0.10422896867024722
2015-09-22,buy_and_hold,-0.10253800748406916
2015-09-23,buy_and_hold,-0.10328954578903715
2015-09-24,buy_and_hold,-0.1071568366500183
2015-09-25,buy_and_hold,-0.10695329502575623
2015-09-28,buy_and_hold,-0.11556467143684768
2015-09-29,buy_and_hold,-0.12134212215628881
2015-09-30,buy_and_hold,-0.11907185019336497
2015-10-01,buy_and_hold,-0.11766271587154997
2015-10-02,buy_and_hold,-0.11958853277803039
2015-10-05,buy_and_hold,-0.10754826285052244
2015-10-06,buy_and_hold,-0.08987145563575472
2015-10-07,buy_and_hold,-0.09256446789522332
2015-10-08,buy_and_hold,-0.08127573627268336
2015-10-09,buy_and_hold,-0.07933426231818286
2015-10-12,buy_and_hold,-0.07294618672595476
2015-10-13,buy_and_hold,-0.07491897477649578
2015-10-14,buy_and_hold,-0.0762654809062302
2015-10-15,buy_and_hold,-0.07247647528534995
2015-10-16,buy_and_hold,-0.07150573830809948
2015-10-19,buy_and_hold,-0.06901626767289293
2015-10-20,buy_and_hold,-0.07552959964928208
2015-10-21,buy_and_hold,-0.07585839765770563
2015-10-22,buy_and_hold,-0.06828038641594514
2015-10-23,buy_and_hold,-0.057852792434514355
2015-10-26,buy_and_hold,-0.06275344846482644
2015-10-27,buy_and_hold,-0.06301961828116931
2015-10-28,buy_and_hold,-0.06646416884560591
2015-10-29,buy_and_hold,-0.05243545381953674
2015-10-30,buy_and_hold,-0.04903787439916085
2015-11-02,buy_and_hold,-0.0562557735364575
2015-11-03,buy_and_hold,-0.04224271555840853
2015-11-04,buy_and_hold,-0.043980647888647195
2015-11-05,buy_and_hold,-0.03680971989541115
2015-11-06,buy_and_hold,-0.041225007437097894
2015-11-09,buy_and_hold,-0.04388670560052632
2015-11-10,buy_and_hold,-0.05232585448339577
2015-11-11,buy_and_hold,-0.05505018083890467
2015-11-12,buy_and_hold,-0.051840485994770535
2015-11-13,buy_and_hold,-0.04293162567129594
2015-11-16,buy_and_hold,-0.04615697756345005
2015-11-17,buy_and_hold,-0.05267030953983942
2015-11-18,buy_and_hold,-0.05534766475128772
2015-11-19,buy_and_hold,-0.05760227966619169
2015-11-20,buy_and_hold,-0.05359407537302896
2015-11-23,buy_and_hold,-0.060592775838043345
2015-11-24,buy_and_hold,-0.07023751741846573
2015-11-25,buy_and_hold,-0.06730964943869477
2015-11-26,buy_and_hold,-0.07560788488938319
2015-11-27,buy_and_hold,-0.08741329909658835
2015-11-30,buy_and_hold,-0.10253800748406894
2015-12-01,buy_and_hold,-0.10690632388169552
2015-12-02,buy_and_hold,-0.10062784762560884
2015-12-03,buy_and_hold,-0.10069047581768953
2015-12-04,buy_and_hold,-0.10501182107125528
2015-12-07,buy_and_hold,-0.11753745948738836
2015-12-08,buy_and_hold,-0.10105058792215338
2015-12-09,buy_and_hold,-0.11506364590020213
2015-12-10,buy_and_hold,-0.1215769778765915
2015-12-11,buy_and_hold,-0.11783494339977185
2015-12-14,buy_and_hold,-0.11972944621021175
2015-12-15,buy_and_hold,-0.11067967245455579
2015-12-16,buy_and_hold,-0.10355571560538024
2015-12-17,buy_and_hold,-0.09641610170818427
2015-12-18,buy_and_hold,-0.11039784559019294
2015-12-21,buy_and_hold,-0.11240194773677403
2015-12-22,buy_and_hold,-0.11326308537788321
2015-12-23,buy_and_hold,-0.11651975136607784
2015-12-24,buy_and_hold,-0.11354491224224617
2015-12-25,buy_and_hold,-0.11119635503922132
2015-12-28,buy_and_hold,-0.10770483333072434
2015-12-29,buy_and_hold,-0.09769997964583799
2015-12-30,buy_and_hold,-0.0927523524714653
2015-12-31,buy_and_hold,-0.09340994848831241
2016-01-04,buy_and_hold,-0.10064350467362904
2016-01-05,buy_and_hold,-0.10764220513864331
2016-01-06,buy_and_hold,-0.10039299190530637
2016-01-07,buy_and_hold,-0.11481313313187957
2016-01-08,buy_and_hold,-0.12312702563058797
2016-01-11,buy_and_hold,-0.12654026209898417
2016-01-12,buy_and_hold,-0.11653540841409793
2016-01-13,buy_and_hold,-0.12262600009394264
2016-01-14,buy_and_hold,-0.13411827334074478
2016-01-15,buy_and_hold,-0.1497596643128909
2016-01-18,buy_and_hold,-0.17585996336250798
2016-01-19,buy_and_hold,-0.16114233822355173
2016-01-20,buy_and_hold,-0.17105324962031687
2016-01-21,buy_and_hold,-0.18288997792356265
2016-01-22,buy_and_hold,-0.18232632419483652
2016-01-25,buy_and_hold,-0.1508400006262821
2016-01-26,buy_and_hold,-0.15807355681159885
2016-01-27,buy_and_hold,-0.1503076609935965
2016-01-28,buy_and_hold,-0.15534923045609006
2016-01-29,buy_and_hold,-0.1462994567004341
2016-02-01,buy_and_hold,-0.15364261222189224
2016-02-02,buy_and_hold,-0.16007765895818027
2016-02-03,buy_and_hold,-0.15597551237689677
2016-02-04,buy_and_hold,-0.1511531415866858
2016-02-05,buy_and_hold,-0.1470823091014426
2016-02-15,buy_and_hold,-0.1485853857113787
2016-02-16,buy_and_hold,-0.14191548325478787
2016-02-17,buy_and_hold,-0.14348118805680443
2016-02-18,buy_and_hold,-0.13496375393383386
2016-02-19,buy_and_hold,-0.13255256853872832
2016-02-22,buy_and_hold,-0.12209366046125714
2016-02-23,buy_and_hold,-0.12120120872410767
2016-02-24,buy_and_hold,-0.11061704426247543
2016-02-25,buy_and_hold,-0.11879002332900213
2016-02-26,buy_and_hold,-0.11363885453036737
2016-02-29,buy_and_hold,-0.12419170489595943
2016-03-01,buy_and_hold,-0.12076281137954314
2016-03-02,buy_and_hold,-0.10726643598615992
2016-03-03,buy_and_hold,-0.10693763797773626
2016-03-04,buy_and_hold,-0.101833440323162
2016-03-07,buy_and_hold,-0.09784089307801958
2016-03-08,buy_and_hold,-0.10017379323302444
2016-03-09,buy_and_hold,-0.10487090763907425
2016-03-10,buy_and_hold,-0.09829494747060441
2016-03-11,buy_and_hold,-0.09618124598788191
2016-03-14,buy_and_hold,-0.09505393853042987
2016-03-15,buy_and_hold,-0.10122281545037537
2016-03-16,buy_and_hold,-0.09647872990026496
2016-03-17,buy_and_hold,-0.09304983638384867
2016-03-18,buy_and_hold,-0.09843586090278555
2016-03-21,buy_and_hold,-0.10399411294994487
2016-03-22,buy_and_hold,-0.10612347148068746
2016-03-23,buy_and_hold,-0.10017379323302422
2016-03-24,buy_and_hold,-0.1065148976811916
2016-03-25,buy_and_hold,-0.1042915968623278
2016-03-28,buy_and_hold,-0.09859243138298734
2016-03-29,buy_and_hold,-0.11024127510999104
2016-03-30,buy_and_hold,-0.10768917628270402
2016-03-31,buy_and_hold,-0.12129515101222843
2016-04-01,buy_and_hold,-0.1256634674098549
2016-04-04,buy_and_hold,-0.1297499569431182
2016-04-05,buy_and_hold,-0.12270428533404332
2016-04-06,buy_and_hold,-0.11100847046297924
2016-04-07,buy_and_hold,-0.1050431351672958
2016-04-08,buy_and_hold,-0.10388451361380346
2016-04-11,buy_and_hold,-0.09303417933582836
2016-04-12,buy_and_hold,-0.09214172759867889
2016-04-13,buy_and_hold,-0.09499131033834918
2016-04-14,buy_and_hold,-0.09268972427938482
2016-04-15,buy_and_hold,-0.09211041350263882
2016-04-19,buy_and_hold,-0.11024127510999138
2016-04-20,buy_and_hold,-0.11063270131049541
2016-04-21,buy_and_hold,-0.09857677433496737
2016-04-22,buy_and_hold,-0.07235121890118901
2016-04-25,buy_and_hold,-0.07376035322300378
2016-04-26,buy_and_hold,-0.06295699008908928
2016-04-27,buy_and_hold,-0.07003397579420434
2016-04-28,buy_and_hold,-0.07361943979082264
2016-04-29,buy_and_hold,-0.06312921761731116
2016-05-04,buy_and_hold,-0.06203322425589952
2016-05-05,buy_and_hold,-0.05821290453897887
2016-05-06,buy_and_hold,-0.05036872348087562
2016-05-09,buy_and_hold,-0.0545491553022599
2016-05-10,buy_and_hold,-0.0526703095398402
2016-05-11,buy_and_hold,-0.03856330927367013
2016-05-12,buy_and_hold,-0.04160077658958228
2016-05-13,buy_and_hold,-0.04363619283220399
2016-05-16,buy_and_hold,-0.035870297014201524
2016-05-17,buy_and_hold,-0.021825924940112373
2016-05-18,buy_and_hold,-0.02542704598475054
2016-05-19,buy_and_hold,-0.030515586591304378
2016-05-20,buy_and_hold,-0.03738903067215771
2016-05-23,buy_and_hold,-0.04330739482378043
2016-05-24,buy_and_hold,-0.04238362899059056
2016-05-25,buy_and_hold,-0.04196088869404613
2016-05-26,buy_and_hold,-0.053781959949271485
2016-05-27,buy_and_hold,-0.04787925284566896
2016-05-30,buy_and_hold,-0.03787439916078261
2016-05-31,buy_and_hold,-0.031705522240837
2016-06-01,buy_and_hold,-0.029482221421973542
2016-06-02,buy_and_hold,-0.02398659756689525
2016-06-03,buy_and_hold,-0.02631949772190012
2016-06-06,buy_and_hold,-0.029184737509590386
2016-06-07,buy_and_hold,-0.02198249542031394
2016-06-08,buy_and_hold,-0.016940925957820374
2016-06-09,buy_and_hold,-0.011633186678984053
2016-06-10,buy_and_hold,-0.013856487497847736
2016-06-13,buy_and_hold,-0.023657799558471693
2016-06-14,buy_and_hold,-0.020761245674741136
2016-06-15,buy_and_hold,-0.018271775039534477
2016-06-16,buy_and_hold,-0.02126227121138624
2016-06-17,buy_and_hold,-0.030437301351203705
2016-06-20,buy_and_hold,-0.019148569728663856
2016-06-21,buy_and_hold,-0.016737384333558314
2016-06-22,buy_and_hold,-0.019226854968764973
2016-06-23,buy_and_hold,-0.010051824828947398
2016-06-24,buy_and_hold,-0.028057430052138677
2016-06-27,buy_and_hold,-0.027274577651130283
2016-06-28,buy_and_hold,-0.025818472185254793
2016-06-29,buy_and_hold,-0.013418090153283102
2016-06-30,buy_and_hold,-0.010067481876967377
2016-07-01,buy_and_hold,0.0
2016-07-04,buy_and_hold,0.0
2016-07-05,buy_and_hold,0.0
2016-07-06,buy_and_hold,-0.0021816617502459223
2016-07-07,buy_and_hold,0.0
2016-07-08,buy_and_hold,-0.0036907066795740517
2016-07-11,buy_and_hold,-0.013401500484027218
2016-07-12,buy_and_hold,-0.0033579380445305507
2016-07-13,buy_and_hold,0.0
2016-07-14,buy_and_hold,-0.01248666903661566
2016-07-15,buy_and_hold,-0.01564166370423048
2016-07-18,buy_and_hold,-0.002399573409171629
2016-07-19,buy_and_hold,-0.01090176561203926
2016-07-20,buy_and_hold,-0.022010901765612045
2016-07-21,buy_and_hold,-0.023032942291740577
2016-07-22,buy_and_hold,-0.03740075838369472
2016-07-25,buy_and_hold,-0.03824505273136625
2016-07-26,buy_and_hold,-0.039296717620571076
2016-07-27,buy_and_hold,-0.028157957103921993
2016-07-28,buy_and_hold,-0.026632302405498298
2016-07-29,buy_and_hold,-0.03390508354070387
2016-08-01,buy_and_hold,-0.03960777343287114
2016-08-02,buy_and_hold,-0.057871193269344645
2016-08-03,buy_and_hold,-0.06444780187225974
2016-08-04,buy_and_hold,-0.06395899988150222
2016-08-05,buy_and_hold,-0.07069854248133645
2016-08-08,buy_and_hold,-0.06763242090295052
2016-08-09,buy_and_hold,-0.055960421850929976
2016-08-10,buy_and_hold,-0.039681834340561495
2016-08-11,buy_and_hold,-0.02204052612868812
2016-08-12,buy_and_hold,-0.02875044436544616
2016-08-15,buy_and_hold,-0.02318106410712173
2016-08-16,buy_and_hold,-0.025195520796302828
2016-08-17,buy_and_hold,-0.021640597227159608
2016-08-18,buy_and_hold,-0.021433226685626305
2016-08-19,buy_and_hold,-0.01901884109491636
2016-08-22,buy_and_hold,-0.02583244460244094
2016-08-23,buy_and_hold,-0.023640241734802836
2016-08-24,buy_and_hold,-0.02125548050716919
2016-08-25,buy_and_hold,-0.02461784571631709
2016-08-26,buy_and_hold,-0.010916577793577686
2016-08-29,buy_and_hold,-0.008413319113639073
2016-08-30,buy_and_hold,-0.0036289844768337964
2016-08-31,buy_and_hold,-0.0007257968953667815
2016-09-01,buy_and_hold,-0.00878362365209151
2016-09-05,buy_and_hold,-0.015656475885768684
2016-09-06,buy_and_hold,-0.016619267685744843
2016-09-07,buy_and_hold,-0.020500059248726332
2016-09-08,buy_and_hold,-0.013405024291977763
2016-09-09,buy_and_hold,-0.012205237587392226
2016-09-12,buy_and_hold,-0.022751510842517253
2016-09-13,buy_and_hold,-0.022810759568669403
2016-09-14,buy_and_hold,-0.027372911482403395
2016-09-15,buy_and_hold,-0.028054271833156008
2016-09-16,buy_and_hold,-0.0352678042422091
2016-09-19,buy_and_hold,-0.02552138879014132
2016-09-20,buy_and_hold,-0.01740431330726422
2016-09-21,buy_and_hold,-0.009835288541296672
2016-09-22,buy_and_hold,-0.005539755895248688
2016-09-23,buy_and_hold,-0.0015256546984244723
2016-09-26,buy_and_hold,0.0
2016-09-27,buy_and_hold,0.0
2016-09-28,buy_and_hold,0.0
2016-09-29,buy_and_hold,0.0
2016-09-30,buy_and_hold,-0.004095563139931646
2016-10-03,buy_and_hold,-0.007987800450221405
2016-10-04,buy_and_hold,-0.0063176239924476185
2016-10-05,buy_and_hold,-0.002193014305424401
2016-10-06,buy_and_hold,-0.0017863626461401827
2016-10-07,buy_and_hold,-0.006680705831094147
2016-10-10,buy_and_hold,-0.020855420811850767
2016-10-11,buy_and_hold,-0.008989906324885388
2016-10-12,buy_and_hold,-0.008859196862972651
2016-10-13,buy_and_hold,-0.00482172681722437
2016-10-14,buy_and_hold,-0.0022511073996077657
2016-10-17,buy_and_hold,-0.011037687894851489
2016-10-18,buy_and_hold,-0.009483697625444765
2016-10-19,buy_and_hold,0.0
2016-10-20,buy_and_hold,-0.0036290264047960097
2016-10-21,buy_and_hold,-0.005893538881388771
2016-10-24,buy_and_hold,-0.015779006808053442
2016-10-25,buy_and_hold,-0.01844997024198336
2016-10-26,buy_and_hold,-0.02218060938611366
2016-10-27,buy_and_hold,-0.017404810637401957
2016-10-28,buy_and_hold,-0.00963869413113827
2016-10-31,buy_and_hold,-0.019001582255512517
2016-11-01,buy_and_hold,-0.017840293805977514
2016-11-02,buy_and_hold,-0.025388668727953423
2016-11-03,buy_and_hold,-0.03086124054638606
2016-11-04,buy_and_hold,-0.03216769005211262
2016-11-07,buy_and_hold,-0.021411255788297057
2016-11-08,buy_and_hold,-0.018043519284646092
2016-11-09,buy_and_hold,-0.02704350476854056
2016-11-10,buy_and_hold,-0.015561265223765774
2016-11-11,buy_and_hold,-0.014066106344989615
2016-11-14,buy_and_hold,-0.022993511300788194
2016-11-15,buy_and_hold,-0.021237062520866767
2016-11-16,buy_and_hold,-0.02074351492981441
2016-11-17,buy_and_hold,-0.02078706324667179
2016-11-18,buy_and_hold,-0.022703189188404305
2016-11-21,buy_and_hold,-0.021193514204009167
2016-11-22,buy_and_hold,-0.010132241722190516
2016-11-23,buy_and_hold,-0.0083177285197924
2016-11-24,buy_and_hold,-0.015546749118146352
2016-11-25,buy_and_hold,-0.018899969516177895
2016-11-28,buy_and_hold,-0.03425800926127509
2016-11-29,buy_and_hold,-0.04446283151156172
2016-11-30,buy_and_hold,-0.034577363584896936
2016-12-01,buy_and_hold,-0.032443496058876975
2016-12-02,buy_and_hold,-0.03447575084556287
2016-12-05,buy_and_hold,-0.0416321909158206
2016-12-06,buy_and_hold,-0.05429023501574948
2016-12-07,buy_and_hold,-0.051328949469436
2016-12-08,buy_and_hold,-0.043548316857553004
2016-12-09,buy_and_hold,-0.03748058470873383
2016-12-12,buy_and_hold,-0.042372512302399246
2016-12-13,buy_and_hold,-0.049688629534468176
2016-12-14,buy_and_hold,-0.03447575084556265
2016-12-15,buy_and_hold,-0.0333434946072666
2016-12-16,buy_and_hold,-0.019930613015139986
2016-12-19,buy_and_hold,-0.021135449781532145
2016-12-20,buy_and_hold,-0.03807574503912037
2016-12-21,buy_and_hold,-0.03186285183410931
2016-12-22,buy_and_hold,-0.035912845301861895
2016-12-23,buy_and_hold,-0.03559349097823994
2016-12-26,buy_and_hold,-0.038380583257123346
2016-12-27,buy_and_hold,-0.03633381236481825
2016-12-28,buy_and_hold,-0.0368563921671089
2016-12-29,buy_and_hold,-0.03508542728156827
2016-12-30,buy_and_hold,-0.034867685697280604
2017-01-03,buy_and_hold,-0.024503186285183
2017-01-04,buy_and_hold,-0.02059835387362219
2017-01-05,buy_and_hold,-0.018987066149892762
2017-01-06,buy_and_hold,-0.013195140007838169
2017-01-09,buy_and_hold,-0.00917417875132398
2017-01-10,buy_and_hold,-0.011351594594201542
2017-01-11,buy_and_hold,-0.002511286272118385
2017-01-12,buy_and_hold,-0.0028016083845019413
2017-01-13,buy_and_hold,-0.005559668452147282
2017-01-16,buy_and_hold,-0.015895135653006376
2017-01-17,buy_and_hold,-0.006067732148818505
2017-01-18,buy_and_hold,-0.008143535252362
2017-01-19,buy_and_hold,-0.009551597497422959
2017-01-20,buy_and_hold,-0.003817735777844722
2017-01-23,buy_and_hold,-0.002525802377737474
2017-01-24,buy_and_hold,0.0
2017-01-25,buy_and_hold,0.0
2017-02-02,buy_and_hold,0.0
2017-02-03,buy_and_hold,-0.004024574077761023
2017-02-06,buy_and_hold,-0.004465428482038791
2017-02-07,buy_and_hold,-0.0018060809465569871
2017-02-08,buy_and_hold,-0.0016212065189568081
2017-02-09,buy_and_hold,-0.003597940783298781
2017-02-10,buy_and_hold,0.0
2017-02-13,buy_and_hold,0.0
2017-02-14,buy_and_hold,0.0
2017-02-15,buy_and_hold,0.0
2017-02-16,buy_and_hold,-0.003119861714237615
2017-02-17,buy_and_hold,-0.005255983248310114
2017-02-20,buy_and_hold,-0.0013772362522310733
2017-02-21,buy_and_hold,0.0
2017-02-22,buy_and_hold,0.0
2017-02-23,buy_and_hold,-0.0005158663766661187
2017-02-24,buy_and_hold,-0.0038620266577436
2017-02-27,buy_and_hold,0.0
2017-02-28,buy_and_hold,-0.009269067796610408
2017-03-01,buy_and_hold,-0.011039250669045653
2017-03-02,buy_and_hold,-0.013840878679750368
2017-03-03,buy_and_hold,-0.006718331846565673
2017-03-06,buy_and_hold,-0.0016029214986620355
2017-03-07,buy_and_hold,-0.0012544603033006752
2017-03-08,buy_and_hold,-0.0011708296164139043
2017-03-09,buy_and_hold,-0.0022859054415701463
2017-03-10,buy_and_hold,-0.007289808206958237
2017-03-13,buy_and_hold,-0.010133251561106227
2017-03-14,buy_and_hold,-0.0038051962533453
2017-03-15,buy_and_hold,-0.0059935325602141765
2017-03-16,buy_and_hold,-0.003512488849241935
2017-03-17,buy_and_hold,-0.009617528991971658
2017-03-20,buy_and_hold,-0.0033034121320250076
2017-03-21,buy_and_hold,-0.0017562444246209674
2017-03-22,buy_and_hold,-0.006272301516503154
2017-03-23,buy_and_hold,0.0
2017-03-24,buy_and_hold,0.0
2017-03-27,buy_and_hold,0.0
2017-03-28,buy_and_hold,-0.005887881468376932
2017-03-29,buy_and_hold,-0.0042155019902696544
2017-03-30,buy_and_hold,0.0
2017-03-31,buy_and_hold,-0.002141298041057782
2017-04-03,buy_and_hold,-0.0020445942585582966
2017-04-04,buy_and_hold,0.0
2017-04-05,buy_and_hold,-0.0012704725605545697
2017-04-07,buy_and_hold,0.0
2017-04-10,buy_and_hold,0.0
2017-04-11,buy_and_hold,0.0
2017-04-12,buy_and_hold,-0.007862387704593132
2017-04-13,buy_and_hold,-0.009544254987488565
2017-04-14,buy_and_hold,-0.0176117484582885
2017-04-17,buy_and_hold,-0.028031121381592472
2017-04-18,buy_and_hold,-0.022424897105274066
2017-04-19,buy_and_hold,-0.019908933039804344
2017-04-20,buy_and_hold,-0.025528831033869825
2017-04-21,buy_and_hold,-0.02587067397754783
2017-04-24,buy_and_hold,-0.030000136737177496
2017-04-25,buy_and_hold,-0.03247507964940577
2017-04-26,buy_and_hold,-0.029111345083614903
2017-04-27,buy_and_hold,-0.020237102265735163
2017-04-28,buy_and_hold,-0.018596256136080958
2017-05-03,buy_and_hold,-0.016121313223852685
2017-05-04,buy_and_hold,-0.012730231222567334
2017-05-05,buy_and_hold,-0.015492322207485199
2017-05-08,buy_and_hold,-0.017051126030656505
2017-05-09,buy_and_hold,-0.012607167762843097
2017-05-10,buy_and_hold,-0.009598949858477202
2017-05-11,buy_and_hold,-0.00866913705167327
2017-05-12,buy_and_hold,-0.008149535777282835
2017-05-15,buy_and_hold,-0.008176883212776986
2017-05-16,buy_and_hold,-0.008614442180684967
2017-05-17,buy_and_hold,-0.005647245429560188
2017-05-18,buy_and_hold,-0.00593439350224978
2017-05-19,buy_and_hold,0.0
2017-05-22,buy_and_hold,0.0
2017-05-23,buy_and_hold,-0.004260180083322185
2017-05-24,buy_and_hold,-0.0018277113291224056
2017-05-25,buy_and_hold,-0.0029431528020428255
2017-05-26,buy_and_hold,-0.0009272947184518765
2017-05-29,buy_and_hold,0.0
2017-05-30,buy_and_hold,-0.010773869346733633
2017-05-31,buy_and_hold,-0.011296482412060271
2017-06-01,buy_and_hold,-0.00596314907872697
2017-06-02,buy_and_hold,-0.009969849246231344
2017-06-05,buy_and_hold,-0.0036984924623116866
2017-06-06,buy_and_hold,0.0
2017-06-07,buy_and_hold,0.0
2017-06-08,buy_and_hold,-0.004419610861890466
2017-06-09,buy_and_hold,-0.004963767154195331
2017-06-12,buy_and_hold,-0.003145488811615804
2017-06-13,buy_and_hold,0.0
2017-06-14,buy_and_hold,0.0
2017-06-15,buy_and_hold,-0.0002628915440935353
2017-06-16,buy_and_hold,0.0
2017-06-19,buy_and_hold,0.0
2017-06-20,buy_and_hold,0.0
2017-06-21,buy_and_hold,-0.0007552181669031599
2017-06-22,buy_and_hold,-0.0022005494863214237
2017-06-23,buy_and_hold,0.0
2017-06-26,buy_and_hold,0.0
2017-06-27,buy_and_hold,-0.006485268989799509
2017-06-28,buy_and_hold,-0.004504737741417686
2017-06-29,buy_and_hold,-0.000996737948532167
2017-06-30,buy_and_hold,0.0
2017-07-03,buy_and_hold,0.0
2017-07-04,buy_and_hold,-0.004288208709942509
2017-07-05,buy_and_hold,-0.0007189811010680502
2017-07-06,buy_and_hold,0.0
2017-07-07,buy_and_hold,-0.008841755574011345
2017-07-10,buy_and_hold,-0.02055835941991946
2017-07-11,buy_and_hold,-0.01698077045933688
2017-07-12,buy_and_hold,-0.010834983709193224
2017-07-13,buy_and_hold,-0.005558039992333841
2017-07-14,buy_and_hold,-0.006452437232479458
2017-07-17,buy_and_hold,-0.0175557401137163
2017-07-18,buy_and_hold,-0.019370088800868768
2017-07-19,buy_and_hold,-0.014502012393790453
2017-07-20,buy_and_hold,-0.018194595285248805
2017-07-21,buy_and_hold,-0.026563598032325997
2017-07-24,buy_and_hold,-0.029272343959624303
2017-07-25,buy_and_hold,-0.019651185076343225
2017-07-26,buy_and_hold,-0.01120551970868211
2017-07-27,buy_and_hold,-0.01424647032517723
2017-07-28,buy_and_hold,-0.00710406950744269
2017-07-31,buy_and_hold,0.0
2017-08-01,buy_and_hold,0.0
2017-08-02,buy_and_hold,-0.000737153823667791
2017-08-03,buy_and_hold,0.0
2017-08-04,buy_and_hold,0.0
2017-08-07,buy_and_hold,0.0
2017-08-08,buy_and_hold,-0.0017781028525308828
2017-08-09,buy_and_hold,-0.02436379227723262
2017-08-10,buy_and_hold,-0.024653837423390335
2017-08-11,buy_and_hold,-0.026356276324749572
2017-08-14,buy_and_hold,-0.02119851698655717
2017-08-15,buy_and_hold,-0.02764256349466576
2017-08-16,buy_and_hold,-0.024477288203989866
2017-08-17,buy_and_hold,-0.03201846200408576
2017-08-18,buy_and_hold,-0.030278191127140697
2017-08-21,buy_and_hold,-0.0305051829806553
2017-08-22,buy_and_hold,-0.04000100885268243
2017-08-23,buy_and_hold,-0.034048778027188864
2017-08-24,buy_and_hold,-0.029269338444853688
2017-08-25,buy_and_hold,-0.026923755958536244
2017-08-28,buy_and_hold,-0.019823955206941024
2017-08-29,buy_and_hold,-0.023897197911674994
2017-08-30,buy_and_hold,-0.018071073671467097
2017-08-31,buy_and_hold,-0.012888093016217406
2017-09-01,buy_and_hold,-0.005359529874650271
2017-09-05,buy_and_hold,-0.0008449141214157407
2017-09-06,buy_and_hold,0.0
2017-09-07,buy_and_hold,0.0
2017-09-08,buy_and_hold,0.0
2017-09-11,buy_and_hold,-0.00465551672491249
2017-09-12,buy_and_hold,-0.0015726410384422351
2017-09-13,buy_and_hold,0.0
2017-09-14,buy_and_hold,0.0
2017-09-15,buy_and_hold,-0.0006201012005160322
2017-09-18,buy_and_hold,0.0
2017-09-19,buy_and_hold,-0.0024013764590836706
2017-09-20,buy_and_hold,-0.0024880240632774164
2017-09-21,buy_and_hold,-0.004877022293190647
2017-09-22,buy_and_hold,-0.0009159889586195513
2017-09-25,buy_and_hold,-0.0028346144800524
2017-09-26,buy_and_hold,-0.0031193137509746283
2017-09-27,buy_and_hold,-0.005075073959919241
2017-09-28,buy_and_hold,-0.003775359897013164
2017-09-29,buy_and_hold,-0.004270489063834759
2017-10-02,buy_and_hold,-0.006981321252181649
2017-10-03,buy_and_hold,-0.012217312191318053
2017-10-04,buy_and_hold,-0.002735588646688214
2017-10-05,buy_and_hold,-0.00326785250102124
2017-10-06,buy_and_hold,-8.664760419374584e-05
2017-10-09,buy_and_hold,0.0
2017-10-10,buy_and_hold,0.0
2017-10-11,buy_and_hold,0.0
2017-10-12,buy_and_hold,0.0
2017-10-13,buy_and_hold,0.0
2017-10-16,buy_and_hold,-0.001851513490468526
2017-10-17,buy_and_hold,0.0
2017-10-18,buy_and_hold,-0.0006881647732073226
2017-10-19,buy_and_hold,0.0
2017-10-20,buy_and_hold,-0.0025213226689827506
2017-10-23,buy_and_hold,-0.01072466915179815
2017-10-24,buy_and_hold,-0.004451521841410067
2017-10-25,buy_and_hold,0.0
2017-10-26,buy_and_hold,-0.0006982147371461522
2017-10-27,buy_and_hold,0.0
2017-10-30,buy_and_hold,0.0
2017-10-31,buy_and_hold,-0.009370563180312597
2017-11-01,buy_and_hold,-0.002946048272598256
2017-11-02,buy_and_hold,-0.014327969711311006
2017-11-03,buy_and_hold,-0.0017392333175580976
2017-11-06,buy_and_hold,0.0
2017-11-07,buy_and_hold,0.0
2017-11-08,buy_and_hold,0.0
2017-11-09,buy_and_hold,0.0
2017-11-10,buy_and_hold,0.0
2017-11-13,buy_and_hold,0.0
2017-11-14,buy_and_hold,0.0
2017-11-15,buy_and_hold,0.0
2017-11-16,buy_and_hold,0.0
2017-11-17,buy_and_hold,-0.0023633512544800617
2017-11-20,buy_and_hold,0.0
2017-11-21,buy_and_hold,0.0
2017-11-22,buy_and_hold,0.0
2017-11-23,buy_and_hold,0.0
2017-11-24,buy_and_hold,0.0
2017-11-27,buy_and_hold,0.0
2017-11-28,buy_and_hold,0.0
2017-11-29,buy_and_hold,0.0
2017-11-30,buy_and_hold,-0.002321087235070518
2017-12-01,buy_and_hold,0.0
2017-12-04,buy_and_hold,0.0
2017-12-05,buy_and_hold,-0.017236758004989694
2017-12-06,buy_and_hold,-0.023071689243520765
2017-12-07,buy_and_hold,-0.032339539390940364
2017-12-08,buy_and_hold,-0.030782870456279254
2017-12-11,buy_and_hold,-0.05419475887095104
2017-12-12,buy_and_hold,-0.04409187439434237
2017-12-13,buy_and_hold,-0.04702995814519284
2017-12-14,buy_and_hold,-0.03522607781282838
2017-12-15,buy_and_hold,-0.03593740335250806
2017-12-18,buy_and_hold,-0.012329642687779585
2017-12-19,buy_and_hold,-0.01917486237397159
2017-12-20,buy_and_hold,-0.01702026762334774
2017-12-21,buy_and_hold,-0.024700521638728934
2017-12-22,buy_and_hold,-0.018247046452650073
2017-12-25,buy_and_hold,-0.012071916042967978
2017-12-26,buy_and_hold,-0.00421640790911515
2017-12-27,buy_and_hold,-0.00160821426362312
2017-12-28,buy_and_hold,0.0
2017-12-29,buy_and_hold,0.0
2018-01-02,buy_and_hold,0.0
2018-01-03,buy_and_hold,0.0
2018-01-04,buy_and_hold,0.0
2018-01-05,buy_and_hold,-0.006962490806570409
2018-01-08,buy_and_hold,0.0
2018-01-09,buy_and_hold,0.0
2018-01-10,buy_and_hold,0.0
2018-01-11,buy_and_hold,0.0
2018-01-12,buy_and_hold,0.0
2018-01-15,buy_and_hold,0.0
2018-01-16,buy_and_hold,-0.00047956218793199223
2018-01-17,buy_and_hold,-0.027062352487611463
2018-01-18,buy_and_hold,-0.012431004165608939
2018-01-19,buy_and_hold,-0.0013164452217743206
2018-01-22,buy_and_hold,0.0
2018-01-25,buy_and_hold,0.0
2018-01-26,buy_and_hold,0.0
2018-01-29,buy_and_hold,-0.005234663511527127
2018-01-30,buy_and_hold,-0.004553440177835322
2018-01-31,buy_and_hold,-0.004732709476175323
2018-02-01,buy_and_hold,-0.014314653472446426
2018-02-02,buy_and_hold,-0.009501272812018513
2018-02-05,buy_and_hold,-0.05999247068947
2018-02-06,buy_and_hold,-0.09325588899645076
2018-02-07,buy_and_hold,-0.06730665806174063
2018-02-08,buy_and_hold,-0.08281345236814752
2018-02-09,buy_and_hold,-0.10012190312287117
2018-02-12,buy_and_hold,-0.06619518841203254
2018-02-13,buy_and_hold,-0.05011473235093755
2018-02-21,buy_and_hold,-0.025536911548528107
2018-02-22,buy_and_hold,-0.035504284536230446
2018-02-23,buy_and_hold,-0.011464271628841005
2018-02-26,buy_and_hold,-0.0009949446057868627
2018-02-27,buy_and_hold,0.0
2018-02-28,buy_and_hold,0.0
2018-03-01,buy_and_hold,-0.005126879112648641
2018-03-02,buy_and_hold,-0.00029423827950847414
2018-03-05,buy_and_hold,-0.025019170069725538
2018-03-06,buy_and_hold,-0.0011145389375324388
2018-03-07,buy_and_hold,-0.008274337072240012
2018-03-08,buy_and_hold,0.0
2018-03-09,buy_and_hold,-0.0006582751412178567
2018-03-12,buy_and_hold,0.0
2018-03-13,buy_and_hold,0.0
2018-03-14,buy_and_hold,0.0
2018-03-15,buy_and_hold,0.0
2018-03-16,buy_and_hold,0.0
2018-03-19,buy_and_hold,0.0
2018-03-20,buy_and_hold,0.0
2018-03-21,buy_and_hold,0.0
2018-03-22,buy_and_hold,0.0
2018-03-23,buy_and_hold,-0.016010440479033772
2018-03-26,buy_and_hold,-0.0009723975570642418
2018-03-27,buy_and_hold,-0.0005373775973247508
2018-03-28,buy_and_hold,-0.00010235763758537075
2018-03-29,buy_and_hold,-0.00454638506943239
2018-03-30,buy_and_hold,0.0
2018-04-02,buy_and_hold,0.0
2018-04-03,buy_and_hold,-0.006952975489090019
2018-04-04,buy_and_hold,-0.00423696943866414
2018-04-05,buy_and_hold,-0.0028747879426045397
2018-04-06,buy_and_hold,0.0
2018-04-09,buy_and_hold,0.0
2018-04-10,buy_and_hold,-0.0051563940116081675
2018-04-11,buy_and_hold,-0.03090515058165122
2018-04-12,buy_and_hold,-0.025997857730024276
2018-04-13,buy_and_hold,-0.039183612465022
2018-04-16,buy_and_hold,-0.0463660292444763
2018-04-17,buy_and_hold,-0.04238871405677869
2018-04-18,buy_and_hold,-0.054636187755847776
2018-04-19,buy_and_hold,-0.09108799083307739
2018-04-20,buy_and_hold,-0.07013858327866962
2018-04-23,buy_and_hold,-0.10590950985195091
2018-04-24,buy_and_hold,-0.1026213745402007
2018-04-26,buy_and_hold,-0.13241387327393672
2018-04-27,buy_and_hold,-0.12793005239427735
2018-05-02,buy_and_hold,-0.14551659428894081
2018-05-03,buy_and_hold,-0.14769207775277537
2018-05-04,buy_and_hold,-0.14740976310479703
2018-05-07,buy_and_hold,-0.1179660059950346
2018-05-08,buy_and_hold,-0.11946891632692047
2018-05-09,buy_and_hold,-0.12235848978270081
2018-05-10,buy_and_hold,-0.14569096510092772
2018-05-11,buy_and_hold,-0.13242217664593592
2018-05-14,buy_and_hold,-0.11404681441133224
2018-05-15,buy_and_hold,-0.10863301586774388
2018-05-16,buy_and_hold,-0.1243097822025524
2018-05-17,buy_and_hold,-0.14422126825703896
2018-05-18,buy_and_hold,-0.1360009299776639
2018-05-21,buy_and_hold,-0.1572243488080507
2018-05-22,buy_and_hold,-0.1813622512102162
2018-05-23,buy_and_hold,-0.17884632949440749
2018-05-24,buy_and_hold,-0.18135394783821712
2018-05-25,buy_and_hold,-0.19963797298082742
2018-05-28,buy_and_hold,-0.22633331395879863
2018-05-29,buy_and_hold,-0.2093695249640879
2018-05-30,buy_and_hold,-0.2124251658598556
2018-05-31,buy_and_hold,-0.1935349945612913
2018-06-01,buy_and_hold,-0.17558310429865565
2018-06-04,buy_and_hold,-0.15822075344797515
2018-06-05,buy_and_hold,-0.15078093213654065
2018-06-06,buy_and_hold,-0.14101616666528272
2018-06-07,buy_and_hold,-0.13919772819742082
2018-06-08,buy_and_hold,-0.13727134589356715
2018-06-11,buy_and_hold,-0.13726304252156796
2018-06-12,buy_and_hold,-0.15242499979241553
2018-06-13,buy_and_hold,-0.144312605349032
2018-06-14,buy_and_hold,-0.1566098992800974
2018-06-15,buy_and_hold,-0.1559539328921472
2018-06-18,buy_and_hold,-0.18017486901430646
2018-06-19,buy_and_hold,-0.20108275970871758
2018-06-20,buy_and_hold,-0.18548072372190338
2018-06-21,buy_and_hold,-0.19507111838117452
2018-06-22,buy_and_hold,-0.18363737513804357
2018-06-25,buy_and_hold,-0.17753439671850735
2018-06-26,buy_and_hold,-0.18376192571803396
2018-06-27,buy_and_hold,-0.1954779836091436
2018-06-28,buy_and_hold,-0.20507668164041415
2018-06-29,buy_and_hold,-0.20222862504463057
2018-07-02,buy_and_hold,-0.21354612107977056
2018-07-03,buy_and_hold,-0.2477061934851743
2018-07-04,buy_and_hold,-0.24024976542974108
2018-07-05,buy_and_hold,-0.25319472237675733
2018-07-06,buy_and_hold,-0.23815731568590026
2018-07-09,buy_and_hold,-0.24014182159374942
2018-07-10,buy_and_hold,-0.24346317039349696
2018-07-11,buy_and_hold,-0.25837602650436364
2018-07-12,buy_and_hold,-0.25393372248470114
2018-07-13,buy_and_hold,-0.24462564247340846
2018-07-16,buy_and_hold,-0.24347147376549616
2018-07-17,buy_and_hold,-0.23503524781413743
2018-07-18,buy_and_hold,-0.21749852615147014
2018-07-19,buy_and_hold,-0.2161865933755699
2018-07-20,buy_and_hold,-0.22497156095090232
2018-07-23,buy_and_hold,-0.22218993133111364
2018-07-24,buy_and_hold,-0.22439862828294577
2018-07-25,buy_and_hold,-0.22979582008253563
2018-07-26,buy_and_hold,-0.22765355010669863
2018-07-27,buy_and_hold,-0.22320294271503682
2018-07-30,buy_and_hold,-0.21140385110393356
2018-07-31,buy_and_hold,-0.20587380535235378
2018-08-01,buy_and_hold,-0.2088796260161253
2018-08-02,buy_and_hold,-0.20823196300017455
2018-08-03,buy_and_hold,-0.2032084229405563
2018-08-06,buy_and_hold,-0.20268531050459604
2018-08-07,buy_and_hold,-0.20554167047237903
2018-08-08,buy_and_hold,-0.1976700738169772
2018-08-09,buy_and_hold,-0.1999701078608025
2018-08-10,buy_and_hold,-0.19584333197711612
2018-08-13,buy_and_hold,-0.18789700497372008
2018-08-14,buy_and_hold,-0.18770602741773457
2018-08-15,buy_and_hold,-0.2017387260966681
2018-08-16,buy_and_hold,-0.19932244484485162
2018-08-17,buy_and_hold,-0.19550289372514185
2018-08-20,buy_and_hold,-0.19488844419718843
2018-08-21,buy_and_hold,-0.18692551044979366
2018-08-22,buy_and_hold,-0.18448431908197926
2018-08-23,buy_and_hold,-0.18015826227030807
2018-08-24,buy_and_hold,-0.1804156668022886
2018-08-27,buy_and_hold,-0.17637192463859597
2018-08-28,buy_and_hold,-0.1736567219948023
2018-08-29,buy_and_hold,-0.17948568913835938
2018-08-30,buy_and_hold,-0.17126535085898398
2018-08-31,buy_and_hold,-0.17834812717444581
2018-09-04,buy_and_hold,-0.18964071309358743
2018-09-05,buy_and_hold,-0.19586824209311415
2018-09-06,buy_and_hold,-0.20437919839246732
2018-09-07,buy_and_hold,-0.19548628698114323
2018-09-10,buy_and_hold,-0.19429060141323407
2018-09-11,buy_and_hold,-0.182068037830163
2018-09-12,buy_and_hold,-0.18044888029028583
2018-09-13,buy_and_hold,-0.17966836332234526
2018-09-14,buy_and_hold,-0.17685352021455902
2018-09-17,buy_and_hold,-0.1799506779703237
2018-09-18,buy_and_hold,-0.1750682952346947
2018-09-19,buy_and_hold,-0.173366103974824
2018-09-20,buy_and_hold,-0.16572700173540444
2018-09-21,buy_and_hold,-0.16719669857929276
2018-09-24,buy_and_hold,-0.1602882930758177
2018-09-25,buy_and_hold,-0.16074497853578307
2018-09-26,buy_and_hold,-0.1616832595717117
2018-09-27,buy_and_hold,-0.15690051730007526
2018-09-28,buy_and_hold,-0.15543912382818637
2018-10-01,buy_and_hold,-0.15896805692791816
2018-10-02,buy_and_hold,-0.154060764076291
2018-10-03,buy_and_hold,-0.15272392118439249
2018-10-04,buy_and_hold,-0.1500502354005957
2018-10-05,buy_and_hold,-0.16269627095563466
2018-10-08,buy_and_hold,-0.1728845083988605
2018-10-09,buy_and_hold,-0.17282638479486478
2018-10-10,buy_and_hold,-0.17467803675072413
2018-10-11,buy_and_hold,-0.21459234595169063
2018-10-12,buy_and_hold,-0.19450648908521728
2018-10-15,buy_and_hold,-0.2098179070520536
2018-10-16,buy_and_hold,-0.20007805169679393
2018-10-17,buy_and_hold,-0.19324437654131332
2018-10-18,buy_and_hold,-0.19999501797680008
2018-10-19,buy_and_hold,-0.20423804106847776
2018-10-22,buy_and_hold,-0.20826517648817178
2018-10-23,buy_and_hold,-0.21974873996329902
2018-10-24,buy_and_hold,-0.23382295550222942
2018-10-25,buy_and_hold,-0.24425199073343684
2018-10-26,buy_and_hold,-0.2520156435528468
2018-10-29,buy_and_hold,-0.26197968995208953
2018-10-30,buy_and_hold,-0.2620876337880813
2018-10-31,buy_and_hold,-0.2404407429857266
2018-11-01,buy_and_hold,-0.24608703594529735
2018-11-02,buy_and_hold,-0.23205433726636393
2018-11-05,buy_and_hold,-0.23149801134240622
2018-11-06,buy_and_hold,-0.23438758479818667
2018-11-07,buy_and_hold,-0.23429624770619362
2018-11-08,buy_and_hold,-0.2308752584424537
2018-11-09,buy_and_hold,-0.24083100146969694
2018-11-12,buy_and_hold,-0.23765080999393862
2018-11-13,buy_and_hold,-0.24822930592113468
2018-11-14,buy_and_hold,-0.25192430646085384
2018-11-15,buy_and_hold,-0.2550629810766153
2018-11-16,buy_and_hold,-0.25419943038868076
2018-11-19,buy_and_hold,-0.23936130462580862
2018-11-20,buy_and_hold,-0.2369035065139955
2018-11-21,buy_and_hold,-0.23396411282621898
2018-11-22,buy_and_hold,-0.23241968563433646
2018-11-23,buy_and_hold,-0.23777536057392934
2018-11-26,buy_and_hold,-0.23523452874212247
2018-11-27,buy_and_hold,-0.2334991239942542
2018-11-28,buy_and_hold,-0.22762033661870107
2018-11-29,buy_and_hold,-0.23045178647048592
2018-11-30,buy_and_hold,-0.23065937077047016
2018-12-03,buy_and_hold,-0.20985942391205092
2018-12-04,buy_and_hold,-0.20383947921250845
2018-12-05,buy_and_hold,-0.20525105245240116
2018-12-06,buy_and_hold,-0.20717743475625472
2018-12-07,buy_and_hold,-0.2040470635124927
2018-12-10,buy_and_hold,-0.20628897395232237
2018-12-11,buy_and_hold,-0.20737671568423965
2018-12-12,buy_and_hold,-0.20181345644466242
2018-12-13,buy_and_hold,-0.20266870376059742
2018-12-14,buy_and_hold,-0.2094857721720793
2018-12-17,buy_and_hold,-0.22475567327891877
2018-12-18,buy_and_hold,-0.2300698313585149
2018-12-19,buy_and_hold,-0.2367208323300094
2018-12-20,buy_and_hold,-0.23755116952994626
2018-12-21,buy_and_hold,-0.2425165859855689
2018-12-24,buy_and_hold,-0.24558883362533557
2018-12-25,buy_and_hold,-0.2544070146886652
2018-12-26,buy_and_hold,-0.25954680195627466
2018-12-27,buy_and_hold,-0.25202394692484653
2018-12-28,buy_and_hold,-0.2588908355683247
2019-01-02,buy_and_hold,-0.25954680195627466
2019-01-03,buy_and_hold,-0.2707812642714209
2019-01-04,buy_and_hold,-0.26855596057559006
2019-01-07,buy_and_hold,-0.26129881344814154
2019-01-08,buy_and_hold,-0.26312555528800263
2019-01-09,buy_and_hold,-0.25519583502860543
2019-01-10,buy_and_hold,-0.25410809329668804
2019-01-11,buy_and_hold,-0.2504463062449662
2019-01-14,buy_and_hold,-0.25120191309690887
2019-01-15,buy_and_hold,-0.24465885596140624
2019-01-16,buy_and_hold,-0.24547258641734426
2019-01-17,buy_and_hold,-0.25112718274891455
2019-01-18,buy_and_hold,-0.2507867444969405
2019-01-21,buy_and_hold,-0.24352129399749278
2019-01-22,buy_and_hold,-0.24725781139720882
2019-01-23,buy_and_hold,-0.2459043617613117
2019-01-24,buy_and_hold,-0.24539785606935005
2019-01-25,buy_and_hold,-0.24532312572135573
2019-01-28,buy_and_hold,-0.24258301296156404
2019-01-29,buy_and_hold,-0.23946924846180073
2019-01-30,buy_and_hold,-0.23954397880979494
2019-01-31,buy_and_hold,-0.24385342887746753
2019-02-01,buy_and_hold,-0.24549749653334252
2019-02-11,buy_and_hold,-0.23102471913844236
2019-02-12,buy_and_hold,-0.22152566157116427
2019-02-13,buy_and_hold,-0.21512376175965076
2019-02-14,buy_and_hold,-0.2092366710120982
2019-02-15,buy_and_hold,-0.21044065995200656
2019-02-18,buy_and_hold,-0.20179684970066358
2019-02-19,buy_and_hold,-0.19926432124085602
2019-02-20,buy_and_hold,-0.19409132048524902
2019-02-21,buy_and_hold,-0.17998389145832117
2019-02-22,buy_and_hold,-0.17887123961040574
2019-02-25,buy_and_hold,-0.174287778266754
2019-02-26,buy_and_hold,-0.18040736343028896
2019-02-27,buy_and_hold,-0.17774198101849148
2019-02-28,buy_and_hold,-0.19833434357692659
2019-03-01,buy_and_hold,-0.1865767688258202
2019-03-04,buy_and_hold,-0.17465312663472632
2019-03-05,buy_and_hold,-0.175931845922629
2019-03-06,buy_and_hold,-0.17423795803475772
2019-03-07,buy_and_hold,-0.17461991314672876
2019-03-08,buy_and_hold,-0.1819102737621746
2019-03-11,buy_and_hold,-0.1824499929421337
2019-03-12,buy_and_hold,-0.1685667549591887
2019-03-13,buy_and_hold,-0.16517067581144695
2019-03-14,buy_and_hold,-0.16265475409563812
2019-03-15,buy_and_hold,-0.1662418107993655
2019-03-18,buy_and_hold,-0.15981500087185418
2019-03-19,buy_and_hold,-0.16419087791552156
2019-03-20,buy_and_hold,-0.1677530245032508
2019-03-21,buy_and_hold,-0.18479154384595586
2019-03-22,buy_and_hold,-0.17903730705039322
2019-03-25,buy_and_hold,-0.1945147924572168
2019-03-26,buy_and_hold,-0.1947472868731993
2019-03-27,buy_and_hold,-0.18966562320958547
2019-03-28,buy_and_hold,-0.18379513920603163
2019-03-29,buy_and_hold,-0.18563848778989167
2019-04-01,buy_and_hold,-0.17918676774638198
2019-04-02,buy_and_hold,-0.18144528493021028
2019-04-03,buy_and_hold,-0.18256624015012513
2019-04-04,buy_and_hold,-0.1805319140102798
2019-04-05,buy_and_hold,-0.17858062159042798
2019-04-08,buy_and_hold,-0.171688822830952
2019-04-09,buy_and_hold,-0.17922828460637896
2019-04-10,buy_and_hold,-0.1846836000099643
2019-04-11,buy_and_hold,-0.1813290377222191
2019-04-12,buy_and_hold,-0.18386156618202676
2019-04-16,buy_and_hold,-0.18861939833766506
2019-04-17,buy_and_hold,-0.19282920794134517
2019-04-18,buy_and_hold,-0.20096651250072683
2019-04-19,buy_and_hold,-0.1977198940489735
2019-04-22,buy_and_hold,-0.19801051206895137
2019-04-23,buy_and_hold,-0.19623359046108646
2019-04-24,buy_and_hold,-0.18882698263764952
2019-04-25,buy_and_hold,-0.19114362342547342
2019-04-26,buy_and_hold,-0.1865684654538211
2019-05-02,buy_and_hold,-0.18751504986174916
2019-05-03,buy_and_hold,-0.191135320053474
2019-05-06,buy_and_hold,-0.20456187257645364
2019-05-07,buy_and_hold,-0.2049023108284278
2019-05-08,buy_and_hold,-0.21016664867602763
2019-05-09,buy_and_hold,-0.21366236828776197
2019-05-10,buy_and_hold,-0.20906230020011163
2019-05-13,buy_and_hold,-0.20408858037248945
2019-05-14,buy_and_hold,-0.19844228741291847
2019-05-15,buy_and_hold,-0.18988981425356855
2019-05-16,buy_and_hold,-0.18984829739357156
2019-05-17,buy_and_hold,-0.1891923310056215
2019-05-20,buy_and_hold,-0.18034923982629336
2019-05-21,buy_and_hold,-0.18104672307424052
2019-05-22,buy_and_hold,-0.18313086944608203
2019-05-23,buy_and_hold,-0.1840193302500145
2019-05-24,buy_and_hold,-0.19454800594521449
2019-05-27,buy_and_hold,-0.1903049828535368
2019-05-28,buy_and_hold,-0.19291224166133858
2019-05-29,buy_and_hold,-0.1932941967733096
2019-05-30,buy_and_hold,-0.1951209386131707
2019-05-31,buy_and_hold,-0.2029759285245738
2019-06-03,buy_and_hold,-0.21411075037572747
2019-06-04,buy_and_hold,-0.21021646890802348
2019-06-05,buy_and_hold,-0.21000888460803924
2019-06-06,buy_and_hold,-0.2126659636478372
2019-06-07,buy_and_hold,-0.20430446804447266
2019-06-10,buy_and_hold,-0.20046831018076428
2019-06-11,buy_and_hold,-0.2011574900567118
2019-06-12,buy_and_hold,-0.20771715393621326
2019-06-13,buy_and_hold,-0.21111323308395513
2019-06-14,buy_and_hold,-0.20818214276817792
2019-06-17,buy_and_hold,-0.2137121885197576
2019-06-18,buy_and_hold,-0.2161533798875721
2019-06-19,buy_and_hold,-0.21143706459193057
2019-06-20,buy_and_hold,-0.20355716456452944
2019-06-21,buy_and_hold,-0.2035405578205305
2019-06-24,buy_and_hold,-0.2005098270407608
2019-06-25,buy_and_hold,-0.20276834422458923
2019-06-26,buy_and_hold,-0.2035986814245262
2019-06-27,buy_and_hold,-0.2169006833675151
2019-06-28,buy_and_hold,-0.211229480291946
2019-07-01,buy_and_hold,-0.19821809636893495
2019-07-02,buy_and_hold,-0.20123222040470579
2019-07-03,buy_and_hold,-0.20255245655260556
2019-07-04,buy_and_hold,-0.19204869097340393
2019-07-05,buy_and_hold,-0.190138915413549
2019-07-08,buy_and_hold,-0.19760364684098164
2019-07-09,buy_and_hold,-0.19536173640115206
2019-07-10,buy_and_hold,-0.1915421852814424
2019-07-11,buy_and_hold,-0.1874071060257565
2019-07-12,buy_and_hold,-0.19008909518155281
2019-07-15,buy_and_hold,-0.19247216294537162
2019-07-16,buy_and_hold,-0.18451753256997616
2019-07-17,buy_and_hold,-0.18413557745800513
2019-07-18,buy_and_hold,-0.1895493760015936
2019-07-19,buy_and_hold,-0.18432655501399053
2019-07-22,buy_and_hold,-0.18457565617397165
2019-07-23,buy_and_hold,-0.17841455415043983
2019-07-24,buy_and_hold,-0.17928640821037367
2019-07-25,buy_and_hold,-0.17385600292278636
2019-07-26,buy_and_hold,-0.17518454244268533
2019-07-29,buy_and_hold,-0.1713732946949751
2019-07-30,buy_and_hold,-0.18127091411822294
2019-07-31,buy_and_hold,-0.17658781231057885
2019-08-01,buy_and_hold,-0.17182998015494055
2019-08-02,buy_and_hold,-0.17705280114254351
2019-08-05,buy_and_hold,-0.19195735388141077
2019-08-06,buy_and_hold,-0.19904843356887192
2019-08-07,buy_and_hold,-0.19795238846495522
2019-08-08,buy_and_hold,-0.19022194913354262
2019-08-09,buy_and_hold,-0.19096925261348596
2019-08-12,buy_and_hold,-0.19016382552954725
2019-08-13,buy_and_hold,-0.197205084985012
2019-08-14,buy_and_hold,-0.19547798360914326
2019-08-15,buy_and_hold,-0.186784353125804
2019-08-16,buy_and_hold,-0.18626954406184304
2019-08-19,buy_and_hold,-0.18541429674590804
2019-08-20,buy_and_hold,-0.18239186933813767
2019-08-21,buy_and_hold,-0.17432929512675044
2019-08-22,buy_and_hold,-0.17193792399093222
2019-08-23,buy_and_hold,-0.17593184592262856
2019-08-26,buy_and_hold,-0.18387817292602482
2019-08-27,buy_and_hold,-0.18893492647364052
2019-08-28,buy_and_hold,-0.18854466798967007
2019-08-29,buy_and_hold,-0.18744031951375406
2019-08-30,buy_and_hold,-0.1828983750300992
2019-09-03,buy_and_hold,-0.1868009598698026
2019-09-04,buy_and_hold,-0.18823744322569336
2019-09-05,buy_and_hold,-0.18893492647364052
2019-09-06,buy_and_hold,-0.1911851402854694
2019-09-09,buy_and_hold,-0.19115192679747184
2019-09-10,buy_and_hold,-0.1943570283892282
2019-09-11,buy_and_hold,-0.1951458487291684
2019-09-12,buy_and_hold,-0.189532769257595
2019-09-13,buy_and_hold,-0.18027450947829848
2019-09-16,buy_and_hold,-0.1780824192704652
2019-09-17,buy_and_hold,-0.17236969933489943
2019-09-18,buy_and_hold,-0.1736899354827991
2019-09-19,buy_and_hold,-0.17207077794292203
2019-09-20,buy_and_hold,-0.1776672506704967
2019-09-23,buy_and_hold,-0.1814951051622059
2019-09-24,buy_and_hold,-0.17951890262635606
2019-09-25,buy_and_hold,-0.1802080825023038
2019-09-26,buy_and_hold,-0.1773434191625215
2019-09-27,buy_and_hold,-0.17145632841496894
2019-09-30,buy_and_hold,-0.17251916003088807
2019-10-01,buy_and_hold,-0.17000323831507935
2019-10-02,buy_and_hold,-0.1769780707945492
2019-10-03,buy_and_hold,-0.17593184592262878
2019-10-04,buy_and_hold,-0.17996728471432222
2019-10-07,buy_and_hold,-0.18370380211403825
2019-10-08,buy_and_hold,-0.17944417227836196
2019-10-09,buy_and_hold,-0.17976800378633728
2019-10-10,buy_and_hold,-0.1801416555263089
2019-10-11,buy_and_hold,-0.17643835161459043
2019-10-14,buy_and_hold,-0.17500186825869957
2019-10-15,buy_and_hold,-0.1754336436026669
2019-10-16,buy_and_hold,-0.17426286815075587
2019-10-17,buy_and_hold,-0.17811563275846298
2019-10-18,buy_and_hold,-0.17863044182242394
2019-10-21,buy_and_hold,-0.18331354363006813
2019-10-22,buy_and_hold,-0.18029941959429707
2019-10-23,buy_and_hold,-0.17980121727433496
2019-10-24,buy_and_hold,-0.17497695814270164
2019-10-25,buy_and_hold,-0.172510856658889
2019-10-28,buy_and_hold,-0.17258558700688342
2019-10-29,buy_and_hold,-0.17309209269884496
2019-10-30,buy_and_hold,-0.1689237999551617
2019-10-31,buy_and_hold,-0.17064259795903103
2019-11-01,buy_and_hold,-0.15671784311608927
2019-11-04,buy_and_hold,-0.15103833666852107
2019-11-05,buy_and_hold,-0.14945239261664156
2019-11-06,buy_and_hold,-0.1489791004126776
2019-11-07,buy_and_hold,-0.1497097971486221
2019-11-08,buy_and_hold,-0.1509885164365249
2019-11-11,buy_and_hold,-0.15575465196416272
2019-11-12,buy_and_hold,-0.15444271918826225
2019-11-13,buy_and_hold,-0.15905939401991143
2019-11-14,buy_and_hold,-0.15944965250388188
2019-11-15,buy_and_hold,-0.16133451794773868
2019-11-18,buy_and_hold,-0.16724651881128938
2019-11-19,buy_and_hold,-0.16272948444363255
2019-11-20,buy_and_hold,-0.16919781123114108
2019-11-21,buy_and_hold,-0.17971818355434144
2019-11-22,buy_and_hold,-0.1881128926457034
2019-11-25,buy_and_hold,-0.18930027484161316
2019-11-26,buy_and_hold,-0.18893492647364107
2019-11-27,buy_and_hold,-0.1877890611377282
2019-11-28,buy_and_hold,-0.1942490845532372
2019-11-29,buy_and_hold,-0.19395016316126001
2019-12-02,buy_and_hold,-0.203449220728538
2019-12-03,buy_and_hold,-0.2083316034641669
2019-12-04,buy_and_hold,-0.1979772985809537
2019-12-05,buy_and_hold,-0.20016108541678768
2019-12-06,buy_and_hold,-0.1999202876288061
2019-12-09,buy_and_hold,-0.19784444462896378
2019-12-10,buy_and_hold,-0.20262718690060044
2019-12-11,buy_and_hold,-0.20139828784469382
2019-12-12,buy_and_hold,-0.19609243313709712
2019-12-13,buy_and_hold,-0.19774480416497153
2019-12-16,buy_and_hold,-0.20165569237667424
2019-12-17,buy_and_hold,-0.20783340114420468
2019-12-18,buy_and_hold,-0.21024137902402162
2019-12-19,buy_and_hold,-0.209303097988093
2019-12-20,buy_and_hold,-0.20585719860835494
2019-12-23,buy_and_hold,-0.20334958026454553
2019-12-24,buy_and_hold,-0.20380626572451077
2019-12-25,buy_and_hold,-0.20211237783663938
2019-12-26,buy_and_hold,-0.20404706351249235
2019-12-27,buy_and_hold,-0.19996180448880285
2019-12-30,buy_and_hold,-0.19869969194489878
2019-12-31,buy_and_hold,-0.20205425423264378
2020-01-02,buy_and_hold,-0.19733793893700224
2020-01-03,buy_and_hold,-0.19860835485290573
2020-01-06,buy_and_hold,-0.20637200767231567
2020-01-07,buy_and_hold,-0.20380626572451066
2020-01-08,buy_and_hold,-0.21202660400388595
2020-01-09,buy_and_hold,-0.20275173748059083
2020-01-10,buy_and_hold,-0.1957852083731203
2020-01-13,buy_and_hold,-0.19802711881294977
2020-01-14,buy_and_hold,-0.1970639276610231
2020-01-15,buy_and_hold,-0.19659893882905854
2020-01-16,buy_and_hold,-0.19099416272948444
2020-01-17,buy_and_hold,-0.1871330947497778
2020-01-20,buy_and_hold,-0.18740710602575705
2020-01-21,buy_and_hold,-0.1809802960982454
2020-01-22,buy_and_hold,-0.17675387975056667
2020-01-30,buy_and_hold,-0.2032250296845548
2020-01-31,buy_and_hold,-0.2222895717951059
2020-02-03,buy_and_hold,-0.22933083125057074
2020-02-04,buy_and_hold,-0.22854201091063076
2020-02-05,buy_and_hold,-0.23118248320642998
2020-02-06,buy_and_hold,-0.22069532437122696
2020-02-07,buy_and_hold,-0.21886027915936657
2020-02-10,buy_and_hold,-0.2271802579027341
2020-02-11,buy_and_hold,-0.22390872933498285
2020-02-12,buy_and_hold,-0.22140941436317285
2020-02-13,buy_and_hold,-0.22094442553120808
2020-02-14,buy_and_hold,-0.22160039191915826
2020-02-17,buy_and_hold,-0.2238256956149891
2020-02-18,buy_and_hold,-0.22950520206255753
2020-02-19,buy_and_hold,-0.2288160221866099
2020-02-20,buy_and_hold,-0.22103576262320113
2020-02-21,buy_and_hold,-0.2252206621108831
2020-02-24,buy_and_hold,-0.24992319380900574
2020-02-25,buy_and_hold,-0.24466715933340533
2020-02-26,buy_and_hold,-0.2560427789725407
2020-02-27,buy_and_hold,-0.2539918460886964
2020-02-28,buy_and_hold,-0.26748482558767095
2020-03-02,buy_and_hold,-0.2656248702598123
2020-03-03,buy_and_hold,-0.2604933863642023
2020-03-04,buy_and_hold,-0.26152300449212407
2020-03-05,buy_and_hold,-0.2582514759243728
2020-03-06,buy_and_hold,-0.25980420648825464
2020-03-09,buy_and_hold,-0.306261572824724
2020-03-10,buy_and_hold,-0.30459259505285086
2020-03-11,buy_and_hold,-0.3263059128312007
2020-03-12,buy_and_hold,-0.36126310894854385
2020-03-13,buy_and_hold,-0.36746572783207243
2020-03-16,buy_and_hold,-0.3790240216551941
2020-03-17,buy_and_hold,-0.38075112303106284
2020-03-18,buy_and_hold,-0.37919008909518137
2020-03-19,buy_and_hold,-0.39722501307781066
2020-03-20,buy_and_hold,-0.41068477908878775
2020-03-23,buy_and_hold,-0.44650552589406534
2020-03-24,buy_and_hold,-0.4526334144295996
2020-03-25,buy_and_hold,-0.4268597477435585
2020-03-26,buy_and_hold,-0.4235716124318083
2020-03-27,buy_and_hold,-0.4220354886119252
2020-03-30,buy_and_hold,-0.45010088596979225
2020-03-31,buy_and_hold,-0.4498766949258093
2020-04-01,buy_and_hold,-0.43517972648692627
2020-04-03,buy_and_hold,-0.4172693530842875
2020-04-06,buy_and_hold,-0.38824906794649294
2020-04-07,buy_and_hold,-0.3799955161791202
2020-04-08,buy_and_hold,-0.3788911677032042
2020-04-09,buy_and_hold,-0.368669716771981
2020-04-10,buy_and_hold,-0.37065422267983017
2020-04-13,buy_and_hold,-0.3641360756603256
2020-04-14,buy_and_hold,-0.36279092939642776
2020-04-15,buy_and_hold,-0.3546453214650468
2020-04-16,buy_and_hold,-0.35175574800926634
2020-04-17,buy_and_hold,-0.344365746929828
2020-04-20,buy_and_hold,-0.3399068361661669
2020-04-21,buy_and_hold,-0.36326422160039185
2020-04-22,buy_and_hold,-0.3615371202245232
2020-04-23,buy_and_hold,-0.3573937375968381
2020-04-24,buy_and_hold,-0.3551103102970117
2020-04-27,buy_and_hold,-0.3600009964046399
2020-04-28,buy_and_hold,-0.36295699683641525
2020-04-29,buy_and_hold,-0.36137935615653516
2020-05-04,buy_and_hold,-0.3668927951641161
2020-05-05,buy_and_hold,-0.3654895252962228
2020-05-06,buy_and_hold,-0.3501864107013858
2020-05-07,buy_and_hold,-0.3386032067622663
2020-05-08,buy_and_hold,-0.32432971029535107
2020-05-11,buy_and_hold,-0.31220678717627237
2020-05-12,buy_and_hold,-0.30640273014871355
2020-05-13,buy_and_hold,-0.30732440444064346
2020-05-14,buy_and_hold,-0.3088273147725292
2020-05-15,buy_and_hold,-0.31328622553619045
2020-05-18,buy_and_hold,-0.30499946028082026
2020-05-19,buy_and_hold,-0.2976011558293826
2020-05-20,buy_and_hold,-0.2917970988018236
2020-05-21,buy_and_hold,-0.2836431874984433
2020-05-22,buy_and_hold,-0.2919382561258129
2020-05-25,buy_and_hold,-0.28670713176621054
2020-05-26,buy_and_hold,-0.2783290294188472
2020-05-27,buy_and_hold,-0.28800245779811195
2020-05-28,buy_and_hold,-0.28475583934635873
2020-05-29,buy_and_hold,-0.282198400770553
2020-06-01,buy_and_hold,-0.2704076125314493
2020-06-02,buy_and_hold,-0.27362101749520507
2020-06-03,buy_and_hold,-0.268331769531607
2020-06-04,buy_and_hold,-0.26606494897577926
2020-06-05,buy_and_hold,-0.2641385666719256
2020-06-08,buy_and_hold,-0.2527629470327901
2020-06-09,buy_and_hold,-0.2537925651607119
2020-06-10,buy_and_hold,-0.2526965200567953
2020-06-11,buy_and_hold,-0.2797904228907362
2020-06-12,buy_and_hold,-0.28298722111049324
2020-06-15,buy_and_hold,-0.30876919116853385
2020-06-16,buy_and_hold,-0.2891234130180269
2020-06-17,buy_and_hold,-0.2905266828859201
2020-06-18,buy_and_hold,-0.2898375030099726
2020-06-19,buy_and_hold,-0.27880232162281127
2020-06-22,buy_and_hold,-0.27654380443898285
2020-06-23,buy_and_hold,-0.27910124301478845
2020-06-24,buy_and_hold,-0.2861508058422526
2020-06-25,buy_and_hold,-0.2904021323059295
2020-06-26,buy_and_hold,-0.29256931239776485
2020-06-29,buy_and_hold,-0.31135153986033737
2020-06-30,buy_and_hold,-0.31488047296006927
2020-07-01,buy_and_hold,-0.2996188752252291
2020-07-02,buy_and_hold,-0.30054054951715914
2020-07-03,buy_and_hold,-0.2961978859614891
2020-07-06,buy_and_hold,-0.28494681690234425
2020-07-07,buy_and_hold,-0.28307025483048687
2020-07-08,buy_and_hold,-0.2821734906545551
2020-07-09,buy_and_hold,-0.2722426577433097
2020-07-10,buy_and_hold,-0.27660192804297845
2020-07-13,buy_and_hold,-0.27866946767082135
2020-07-14,buy_and_hold,-0.2791759733627829
2020-07-15,buy_and_hold,-0.2776813664028963
2020-07-16,buy_and_hold,-0.271935432979333
2020-07-17,buy_and_hold,-0.27592935491102943
2020-07-20,buy_and_hold,-0.2847475359743593
2020-07-21,buy_and_hold,-0.2845067381863775
2020-07-22,buy_and_hold,-0.2899952670779604
2020-07-23,buy_and_hold,-0.28860860395406596
2020-07-24,buy_and_hold,-0.31151760730032485
2020-07-27,buy_and_hold,-0.3480441407255488
2020-07-28,buy_and_hold,-0.32463693505932767
2020-07-29,buy_and_hold,-0.34333612880190656
2020-07-30,buy_and_hold,-0.33479195901455583
2020-07-31,buy_and_hold,-0.33706708294238297
2020-08-03,buy_and_hold,-0.3235658000714091
2020-08-04,buy_and_hold,-0.3128378434482242
2020-08-05,buy_and_hold,-0.3043434938928701
2020-08-06,buy_and_hold,-0.3024835385650113
2020-08-07,buy_and_hold,-0.30130445974110087
2020-08-10,buy_and_hold,-0.2998596730132107
2020-08-11,buy_and_hold,-0.29995931347720306
2020-08-12,buy_and_hold,-0.29677081862944554
2020-08-13,buy_and_hold,-0.29002017719395856
2020-08-14,buy_and_hold,-0.29359893052568664
2020-08-17,buy_and_hold,-0.29408882947364945
2020-08-18,buy_and_hold,-0.29717768385741483
2020-08-19,buy_and_hold,-0.2932086720417164
2020-08-20,buy_and_hold,-0.2956996836415271
2020-08-21,buy_and_hold,-0.29024436823794175
2020-08-24,buy_and_hold,-0.2787026811588189
2020-08-25,buy_and_hold,-0.2741856467911621
2020-08-26,buy_and_hold,-0.27472536597112107
2020-08-27,buy_and_hold,-0.2736957478431993
2020-08-28,buy_and_hold,-0.27015020799946876
2020-08-31,buy_and_hold,-0.2679332076756372
2020-09-01,buy_and_hold,-0.2595634087002733
2020-09-03,buy_and_hold,-0.2494000813730457
2020-09-04,buy_and_hold,-0.2514178007688924
2020-09-07,buy_and_hold,-0.2624529821560537
2020-09-08,buy_and_hold,-0.26088364484817306
2020-09-09,buy_and_hold,-0.26156452135212127
2020-09-10,buy_and_hold,-0.26197968995208976
2020-09-11,buy_and_hold,-0.26185513937209914
2020-09-14,buy_and_hold,-0.2572052510524524
2020-09-15,buy_and_hold,-0.2558019811845591
2020-09-16,buy_and_hold,-0.25479727317263556
2020-09-17,buy_and_hold,-0.25764532976841914
2020-09-18,buy_and_hold,-0.2519076997168551
2020-09-21,buy_and_hold,-0.24610364268929608
2020-09-22,buy_and_hold,-0.24755673278918577
2020-09-23,buy_and_hold,-0.24231730505758398
2020-09-24,buy_and_hold,-0.24557222688133662
2020-09-25,buy_and_hold,-0.24582963141331704
2020-09-28,buy_and_hold,-0.24231730505758398
2020-09-29,buy_and_hold,-0.24939177800104617
2020-09-30,buy_and_hold,-0.2483704632451239
2020-10-01,buy_and_hold,-0.2409970689096843
2020-10-02,buy_and_hold,-0.2444678784054206
2020-10-05,buy_and_hold,-0.2405071699617216
2020-10-06,buy_and_hold,-0.23968513613378406
2020-10-07,buy_and_hold,-0.23632227047403953
2020-10-08,buy_and_hold,-0.23705296720998403
2020-10-09,buy_and_hold,-0.2327684272583097
2020-10-12,buy_and_hold,-0.2312489101824251
2020-10-13,buy_and_hold,-0.2279026512666794
2020-10-14,buy_and_hold,-0.21933357136333076
2020-10-15,buy_and_hold,-0.21719130138749332
2020-10-16,buy_and_hold,-0.2167429192995275
2020-10-19,buy_and_hold,-0.21641908779155217
2020-10-20,buy_and_hold,-0.21581294163559817
2020-10-21,buy_and_hold,-0.22028845914325812
2020-10-22,buy_and_hold,-0.211262693779944
2020-10-23,buy_and_hold,-0.2018300631886608
2020-10-26,buy_and_hold,-0.21051539030000088
2020-10-27,buy_and_hold,-0.21411075037572747
2020-10-28,buy_and_hold,-0.2352179219981234
2020-10-29,buy_and_hold,-0.236853686281999
2020-10-30,buy_and_hold,-0.23154783157440229
2020-11-02,buy_and_hold,-0.2247307631629205
2020-11-03,buy_and_hold,-0.22329427980702976
2020-11-04,buy_and_hold,-0.21968231298730412
2020-11-05,buy_and_hold,-0.22135129075917737
2020-11-06,buy_and_hold,-0.22090290867121132
2020-11-09,buy_and_hold,-0.20952728903207585
2020-11-10,buy_and_hold,-0.20960201938007017
2020-11-11,buy_and_hold,-0.20933631147609022
2020-11-12,buy_and_hold,-0.2034741308445358
2020-11-13,buy_and_hold,-0.19765346707297826
2020-11-16,buy_and_hold,-0.21052369367200008
2020-11-17,buy_and_hold,-0.1954862869811428
2020-11-18,buy_and_hold,-0.1916418257454352
2020-11-19,buy_and_hold,-0.18356264479004913
2020-11-20,buy_and_hold,-0.17796617206247445
2020-11-23,buy_and_hold,-0.17448705919473873
2020-11-24,buy_and_hold,-0.1731834297908379
2020-11-25,buy_and_hold,-0.1697126202951017
2020-11-26,buy_and_hold,-0.1647056869794824
2020-11-27,buy_and_hold,-0.1611767538797504
2020-11-30,buy_and_hold,-0.16710536148729982
2020-12-01,buy_and_hold,-0.16229770909966523
2020-12-02,buy_and_hold,-0.1577723713600091
2020-12-03,buy_and_hold,-0.15322212350435493
2020-12-04,buy_and_hold,-0.15181885363646164
2020-12-07,buy_and_hold,-0.14476929080899736
2020-12-08,buy_and_hold,-0.14536713359295195
2020-12-09,buy_and_hold,-0.1371717054295747
2020-12-10,buy_and_hold,-0.143997077213056
2020-12-11,buy_and_hold,-0.13150050235400568
2020-12-14,buy_and_hold,-0.11644648891914988
2020-12-15,buy_and_hold,-0.1237700630225933
2020-12-16,buy_and_hold,-0.11403851103933293
2020-12-17,buy_and_hold,-0.12667624322237248
2020-12-18,buy_and_hold,-0.1136482525553627
2020-12-21,buy_and_hold,-0.10233905989222225
2020-12-22,buy_and_hold,-0.10037116072837171
2020-12-23,buy_and_hold,-0.1041491949880845
2020-12-24,buy_and_hold,-0.11359843232336642
2020-12-25,buy_and_hold,-0.09956573364443289
2020-12-28,buy_and_hold,-0.09382810359286908
2020-12-29,buy_and_hold,-0.08705255204138396
2020-12-30,buy_and_hold,-0.0886717095812608
2020-12-31,buy_and_hold,-0.08341567510566039
2021-01-04,buy_and_hold,-0.06963207758670786
2021-01-05,buy_and_hold,-0.059601604211470316
2021-01-06,buy_and_hold,-0.0507502096601431
2021-01-07,buy_and_hold,-0.03972333164498121
2021-01-08,buy_and_hold,-0.03042355500568794
2021-01-11,buy_and_hold,-0.01614175516677341
2021-01-12,buy_and_hold,-0.010005563259239847
2021-01-13,buy_and_hold,-0.01517856401484674
2021-01-14,buy_and_hold,-0.014057608794931786
2021-01-15,buy_and_hold,-0.008411315835360922
2021-01-18,buy_and_hold,-0.010287877907218412
2021-01-19,buy_and_hold,-0.06088862687137275
2021-01-20,buy_and_hold,-0.057832985975605045
2021-01-21,buy_and_hold,-0.0333131284614685
2021-01-22,buy_and_hold,-0.0311791618576307
2021-01-25,buy_and_hold,-0.03178530801358481
2021-01-26,buy_and_hold,-0.05663730040769588
2021-01-27,buy_and_hold,-0.08897893434523785
2021-01-28,buy_and_hold,-0.14978452749661653
2021-01-29,buy_and_hold,-0.12265741117467832
2021-02-01,buy_and_hold,-0.14017752609334666
2021-02-02,buy_and_hold,-0.10694743135187224
2021-02-03,buy_and_hold,-0.0772545730821288
2021-02-04,buy_and_hold,-0.07650726960218568
2021-02-05,buy_and_hold,-0.06428470601911451
2021-02-08,buy_and_hold,-0.1005953517723549
2021-02-09,buy_and_hold,-0.07423214567435865
2021-02-17,buy_and_hold,-0.04031287105693648
2021-02-18,buy_and_hold,-0.024868599138110126
2021-02-19,buy_and_hold,-0.02559929587405463
2021-02-22,buy_and_hold,-0.02432057658615172
2021-02-23,buy_and_hold,-0.022161699866315887
2021-02-24,buy_and_hold,-0.03513987030132948
2021-02-25,buy_and_hold,-0.03230011707754543
2021-02-26,buy_and_hold,-0.029775891989737402
2021-03-01,buy_and_hold,-0.015078923550854384
2021-03-02,buy_and_hold,-0.0147135751828823
2021-03-03,buy_and_hold,-0.014431260534903623
2021-03-04,buy_and_hold,-0.02973437512974053
2015-03-19,cash,0.0
2015-03-20,cash,0.0
2015-03-23,cash,0.0
2015-03-24,cash,0.0
2015-03-25,cash,0.0
2015-03-26,cash,0.0
2015-03-27,cash,0.0
2015-03-30,cash,0.0
2015-03-31,cash,0.0
2015-04-01,cash,0.0
2015-04-02,cash,0.0
2015-04-03,cash,0.0
2015-04-06,cash,0.0
2015-04-07,cash,0.0
2015-04-08,cash,0.0
2015-04-09,cash,0.0
2015-04-10,cash,0.0
2015-04-13,cash,0.0
2015-04-14,cash,0.0
2015-04-15,cash,0.0
2015-04-16,cash,0.0
2015-04-17,cash,0.0
2015-04-20,cash,0.0
2015-04-21,cash,0.0
2015-04-22,cash,0.0
2015-04-23,cash,0.0
2015-04-24,cash,0.0
2015-04-27,cash,0.0
2015-05-04,cash,0.0
2015-05-05,cash,0.0
2015-05-06,cash,0.0
2015-05-07,cash,0.0
2015-05-08,cash,0.0
2015-05-11,cash,0.0
2015-05-12,cash,0.0
2015-05-13,cash,0.0
2015-05-14,cash,0.0
2015-05-15,cash,0.0
2015-05-18,cash,0.0
2015-05-19,cash,0.0
2015-05-20,cash,0.0
2015-05-21,cash,0.0
2015-05-22,cash,0.0
2015-05-25,cash,0.0
2015-05-26,cash,0.0
2015-05-27,cash,0.0
2015-05-28,cash,0.0
2015-05-29,cash,0.0
2015-06-01,cash,0.0
2015-06-02,cash,0.0
2015-06-03,cash,0.0
2015-06-04,cash,0.0
2015-06-05,cash,0.0
2015-06-08,cash,0.0
2015-06-09,cash,0.0
2015-06-10,cash,0.0
2015-06-11,cash,0.0
2015-06-12,cash,0.0
2015-06-15,cash,0.0
2015-06-16,cash,0.0
2015-06-17,cash,0.0
2015-06-18,cash,0.0
2015-06-19,cash,0.0
2015-06-22,cash,0.0
2015-06-23,cash,0.0
2015-06-24,cash,0.0
2015-06-25,cash,0.0
2015-06-26,cash,0.0
2015-06-29,cash,0.0
2015-06-30,cash,0.0
2015-07-01,cash,0.0
2015-07-02,cash,0.0
2015-07-03,cash,0.0
2015-07-06,cash,0.0
2015-07-07,cash,0.0
2015-07-08,cash,0.0
2015-07-09,cash,0.0
2015-07-10,cash,0.0
2015-07-13,cash,0.0
2015-07-14,cash,0.0
2015-07-15,cash,0.0
2015-07-16,cash,0.0
2015-07-17,cash,0.0
2015-07-20,cash,0.0
2015-07-21,cash,0.0
2015-07-22,cash,0.0
2015-07-23,cash,0.0
2015-07-24,cash,0.0
2015-07-27,cash,0.0
2015-07-28,cash,0.0
2015-07-29,cash,0.0
2015-07-30,cash,0.0
2015-07-31,cash,0.0
2015-08-03,cash,0.0
2015-08-04,cash,0.0
2015-08-05,cash,0.0
2015-08-06,cash,0.0
2015-08-07,cash,0.0
2015-08-10,cash,0.0
2015-08-11,cash,0.0
2015-08-12,cash,0.0
2015-08-13,cash,0.0
2015-08-14,cash,0.0
2015-08-17,cash,0.0
2015-08-18,cash,0.0
2015-08-19,cash,0.0
2015-08-20,cash,0.0
2015-08-21,cash,0.0
2015-08-24,cash,0.0
2015-08-25,cash,0.0
2015-08-26,cash,0.0
2015-08-27,cash,0.0
2015-08-28,cash,0.0
2015-08-31,cash,0.0
2015-09-01,cash,0.0
2015-09-03,cash,0.0
2015-09-04,cash,0.0
2015-09-07,cash,0.0
2015-09-08,cash,0.0
2015-09-09,cash,0.0
2015-09-10,cash,0.0
2015-09-11,cash,0.0
2015-09-14,cash,0.0
2015-09-15,cash,0.0
2015-09-16,cash,0.0
2015-09-17,cash,0.0
2015-09-18,cash,0.0
2015-09-21,cash,0.0
2015-09-22,cash,0.0
2015-09-23,cash,0.0
2015-09-24,cash,0.0
2015-09-25,cash,0.0
2015-09-28,cash,0.0
2015-09-29,cash,0.0
2015-09-30,cash,0.0
2015-10-01,cash,0.0
2015-10-02,cash,0.0
2015-10-05,cash,0.0
2015-10-06,cash,0.0
2015-10-07,cash,0.0
2015-10-08,cash,0.0
2015-10-09,cash,0.0
2015-10-12,cash,0.0
2015-10-13,cash,0.0
2015-10-14,cash,0.0
2015-10-15,cash,0.0
2015-10-16,cash,0.0
2015-10-19,cash,0.0
2015-10-20,cash,0.0
2015-10-21,cash,0.0
2015-10-22,cash,0.0
2015-10-23,cash,0.0
2015-10-26,cash,0.0
2015-10-27,cash,0.0
2015-10-28,cash,0.0
2015-10-29,cash,0.0
2015-10-30,cash,0.0
2015-11-02,cash,0.0
2015-11-03,cash,0.0
2015-11-04,cash,0.0
2015-11-05,cash,0.0
2015-11-06,cash,0.0
2015-11-09,cash,0.0
2015-11-10,cash,0.0
2015-11-11,cash,0.0
2015-11-12,cash,0.0
2015-11-13,cash,0.0
2015-11-16,cash,0.0
2015-11-17,cash,0.0
2015-11-18,cash,0.0
2015-11-19,cash,0.0
2015-11-20,cash,0.0
2015-11-23,cash,0.0
2015-11-24,cash,0.0
2015-11-25,cash,0.0
2015-11-26,cash,0.0
2015-11-27,cash,0.0
2015-11-30,cash,0.0
2015-12-01,cash,0.0
2015-12-02,cash,0.0
2015-12-03,cash,0.0
2015-12-04,cash,0.0
2015-12-07,cash,0.0
2015-12-08,cash,0.0
2015-12-09,cash,0.0
2015-12-10,cash,0.0
2015-12-11,cash,0.0
2015-12-14,cash,0.0
2015-12-15,cash,0.0
2015-12-16,cash,0.0
2015-12-17,cash,0.0
2015-12-18,cash,0.0
2015-12-21,cash,0.0
2015-12-22,cash,0.0
2015-12-23,cash,0.0
2015-12-24,cash,0.0
2015-12-25,cash,0.0
2015-12-28,cash,0.0
2015-12-29,cash,0.0
2015-12-30,cash,0.0
2015-12-31,cash,0.0
2016-01-04,cash,0.0
2016-01-05,cash,0.0
2016-01-06,cash,0.0
2016-01-07,cash,0.0
2016-01-08,cash,0.0
2016-01-11,cash,0.0
2016-01-12,cash,0.0
2016-01-13,cash,0.0
2016-01-14,cash,0.0
2016-01-15,cash,0.0
2016-01-18,cash,0.0
2016-01-19,cash,0.0
2016-01-20,cash,0.0
2016-01-21,cash,0.0
2016-01-22,cash,0.0
2016-01-25,cash,0.0
2016-01-26,cash,0.0
2016-01-27,cash,0.0
2016-01-28,cash,0.0
2016-01-29,cash,0.0
2016-02-01,cash,0.0
2016-02-02,cash,0.0
2016-02-03,cash,0.0
2016-02-04,cash,0.0
2016-02-05,cash,0.0
2016-02-15,cash,0.0
2016-02-16,cash,0.0
2016-02-17,cash,0.0
2016-02-18,cash,0.0
2016-02-19,cash,0.0
2016-02-22,cash,0.0
2016-02-23,cash,0.0
2016-02-24,cash,0.0
2016-02-25,cash,0.0
2016-02-26,cash,0.0
2016-02-29,cash,0.0
2016-03-01,cash,0.0
2016-03-02,cash,0.0
2016-03-03,cash,0.0
2016-03-04,cash,0.0
2016-03-07,cash,0.0
2016-03-08,cash,0.0
2016-03-09,cash,0.0
2016-03-10,cash,0.0
2016-03-11,cash,0.0
2016-03-14,cash,0.0
2016-03-15,cash,0.0
2016-03-16,cash,0.0
2016-03-17,cash,0.0
2016-03-18,cash,0.0
2016-03-21,cash,0.0
2016-03-22,cash,0.0
2016-03-23,cash,0.0
2016-03-24,cash,0.0
2016-03-25,cash,0.0
2016-03-28,cash,0.0
2016-03-29,cash,0.0
2016-03-30,cash,0.0
2016-03-31,cash,0.0
2016-04-01,cash,0.0
2016-04-04,cash,0.0
2016-04-05,cash,0.0
2016-04-06,cash,0.0
2016-04-07,cash,0.0
2016-04-08,cash,0.0
2016-04-11,cash,0.0
2016-04-12,cash,0.0
2016-04-13,cash,0.0
2016-04-14,cash,0.0
2016-04-15,cash,0.0
2016-04-19,cash,0.0
2016-04-20,cash,0.0
2016-04-21,cash,0.0
2016-04-22,cash,0.0
2016-04-25,cash,0.0
2016-04-26,cash,0.0
2016-04-27,cash,0.0
2016-04-28,cash,0.0
2016-04-29,cash,0.0
2016-05-04,cash,0.0
2016-05-05,cash,0.0
2016-05-06,cash,0.0
2016-05-09,cash,0.0
2016-05-10,cash,0.0
2016-05-11,cash,0.0
2016-05-12,cash,0.0
2016-05-13,cash,0.0
2016-05-16,cash,0.0
2016-05-17,cash,0.0
2016-05-18,cash,0.0
2016-05-19,cash,0.0
2016-05-20,cash,0.0
2016-05-23,cash,0.0
2016-05-24,cash,0.0
2016-05-25,cash,0.0
2016-05-26,cash,0.0
2016-05-27,cash,0.0
2016-05-30,cash,0.0
2016-05-31,cash,0.0
2016-06-01,cash,0.0
2016-06-02,cash,0.0
2016-06-03,cash,0.0
2016-06-06,cash,0.0
2016-06-07,cash,0.0
2016-06-08,cash,0.0
2016-06-09,cash,0.0
2016-06-10,cash,0.0
2016-06-13,cash,0.0
2016-06-14,cash,0.0
2016-06-15,cash,0.0
2016-06-16,cash,0.0
2016-06-17,cash,0.0
2016-06-20,cash,0.0
2016-06-21,cash,0.0
2016-06-22,cash,0.0
2016-06-23,cash,0.0
2016-06-24,cash,0.0
2016-06-27,cash,0.0
2016-06-28,cash,0.0
2016-06-29,cash,0.0
2016-06-30,cash,0.0
2016-07-01,cash,0.0
2016-07-04,cash,0.0
2016-07-05,cash,0.0
2016-07-06,cash,0.0
2016-07-07,cash,0.0
2016-07-08,cash,0.0
2016-07-11,cash,0.0
2016-07-12,cash,0.0
2016-07-13,cash,0.0
2016-07-14,cash,0.0
2016-07-15,cash,0.0
2016-07-18,cash,0.0
2016-07-19,cash,0.0
2016-07-20,cash,0.0
2016-07-21,cash,0.0
2016-07-22,cash,0.0
2016-07-25,cash,0.0
2016-07-26,cash,0.0
2016-07-27,cash,0.0
2016-07-28,cash,0.0
2016-07-29,cash,0.0
2016-08-01,cash,0.0
2016-08-02,cash,0.0
2016-08-03,cash,0.0
2016-08-04,cash,0.0
2016-08-05,cash,0.0
2016-08-08,cash,0.0
2016-08-09,cash,0.0
2016-08-10,cash,0.0
2016-08-11,cash,0.0
2016-08-12,cash,0.0
2016-08-15,cash,0.0
2016-08-16,cash,0.0
2016-08-17,cash,0.0
2016-08-18,cash,0.0
2016-08-19,cash,0.0
2016-08-22,cash,0.0
2016-08-23,cash,0.0
2016-08-24,cash,0.0
2016-08-25,cash,0.0
2016-08-26,cash,0.0
2016-08-29,cash,0.0
2016-08-30,cash,0.0
2016-08-31,cash,0.0
2016-09-01,cash,0.0
2016-09-05,cash,0.0
2016-09-06,cash,0.0
2016-09-07,cash,0.0
2016-09-08,cash,0.0
2016-09-09,cash,0.0
2016-09-12,cash,0.0
2016-09-13,cash,0.0
2016-09-14,cash,0.0
2016-09-15,cash,0.0
2016-09-16,cash,0.0
2016-09-19,cash,0.0
2016-09-20,cash,0.0
2016-09-21,cash,0.0
2016-09-22,cash,0.0
2016-09-23,cash,0.0
2016-09-26,cash,0.0
2016-09-27,cash,0.0
2016-09-28,cash,0.0
2016-09-29,cash,0.0
2016-09-30,cash,0.0
2016-10-03,cash,0.0
2016-10-04,cash,0.0
2016-10-05,cash,0.0
2016-10-06,cash,0.0
2016-10-07,cash,0.0
2016-10-10,cash,0.0
2016-10-11,cash,0.0
2016-10-12,cash,0.0
2016-10-13,cash,0.0
2016-10-14,cash,0.0
2016-10-17,cash,0.0
2016-10-18,cash,0.0
2016-10-19,cash,0.0
2016-10-20,cash,0.0
2016-10-21,cash,0.0
2016-10-24,cash,0.0
2016-10-25,cash,0.0
2016-10-26,cash,0.0
2016-10-27,cash,0.0
2016-10-28,cash,0.0
2016-10-31,cash,0.0
2016-11-01,cash,0.0
2016-11-02,cash,0.0
2016-11-03,cash,0.0
2016-11-04,cash,0.0
2016-11-07,cash,0.0
2016-11-08,cash,0.0
2016-11-09,cash,0.0
2016-11-10,cash,0.0
2016-11-11,cash,0.0
2016-11-14,cash,0.0
2016-11-15,cash,0.0
2016-11-16,cash,0.0
2016-11-17,cash,0.0
2016-11-18,cash,0.0
2016-11-21,cash,0.0
2016-11-22,cash,0.0
2016-11-23,cash,0.0
2016-11-24,cash,0.0
2016-11-25,cash,0.0
2016-11-28,cash,0.0
2016-11-29,cash,0.0
2016-11-30,cash,0.0
2016-12-01,cash,0.0
2016-12-02,cash,0.0
2016-12-05,cash,0.0
2016-12-06,cash,0.0
2016-12-07,cash,0.0
2016-12-08,cash,0.0
2016-12-09,cash,0.0
2016-12-12,cash,0.0
2016-12-13,cash,0.0
2016-12-14,cash,0.0
2016-12-15,cash,0.0
2016-12-16,cash,0.0
2016-12-19,cash,0.0
2016-12-20,cash,0.0
2016-12-21,cash,0.0
2016-12-22,cash,0.0
2016-12-23,cash,0.0
2016-12-26,cash,0.0
2016-12-27,cash,0.0
2016-12-28,cash,0.0
2016-12-29,cash,0.0
2016-12-30,cash,0.0
2017-01-03,cash,0.0
2017-01-04,cash,0.0
2017-01-05,cash,0.0
2017-01-06,cash,0.0
2017-01-09,cash,0.0
2017-01-10,cash,0.0
2017-01-11,cash,0.0
2017-01-12,cash,0.0
2017-01-13,cash,0.0
2017-01-16,cash,0.0
2017-01-17,cash,0.0
2017-01-18,cash,0.0
2017-01-19,cash,0.0
2017-01-20,cash,0.0
2017-01-23,cash,0.0
2017-01-24,cash,0.0
2017-01-25,cash,0.0
2017-02-02,cash,0.0
2017-02-03,cash,0.0
2017-02-06,cash,0.0
2017-02-07,cash,0.0
2017-02-08,cash,0.0
2017-02-09,cash,0.0
2017-02-10,cash,0.0
2017-02-13,cash,0.0
2017-02-14,cash,0.0
2017-02-15,cash,0.0
2017-02-16,cash,0.0
2017-02-17,cash,0.0
2017-02-20,cash,0.0
2017-02-21,cash,0.0
2017-02-22,cash,0.0
2017-02-23,cash,0.0
2017-02-24,cash,0.0
2017-02-27,cash,0.0
2017-02-28,cash,0.0
2017-03-01,cash,0.0
2017-03-02,cash,0.0
2017-03-03,cash,0.0
2017-03-06,cash,0.0
2017-03-07,cash,0.0
2017-03-08,cash,0.0
2017-03-09,cash,0.0
2017-03-10,cash,0.0
2017-03-13,cash,0.0
2017-03-14,cash,0.0
2017-03-15,cash,0.0
2017-03-16,cash,0.0
2017-03-17,cash,0.0
2017-03-20,cash,0.0
2017-03-21,cash,0.0
2017-03-22,cash,0.0
2017-03-23,cash,0.0
2017-03-24,cash,0.0
2017-03-27,cash,0.0
2017-03-28,cash,0.0
2017-03-29,cash,0.0
2017-03-30,cash,0.0
2017-03-31,cash,0.0
2017-04-03,cash,0.0
2017-04-04,cash,0.0
2017-04-05,cash,0.0
2017-04-07,cash,0.0
2017-04-10,cash,0.0
2017-04-11,cash,0.0
2017-04-12,cash,0.0
2017-04-13,cash,0.0
2017-04-14,cash,0.0
2017-04-17,cash,0.0
2017-04-18,cash,0.0
2017-04-19,cash,0.0
2017-04-20,cash,0.0
2017-04-21,cash,0.0
2017-04-24,cash,0.0
2017-04-25,cash,0.0
2017-04-26,cash,0.0
2017-04-27,cash,0.0
2017-04-28,cash,0.0
2017-05-03,cash,0.0
2017-05-04,cash,0.0
2017-05-05,cash,0.0
2017-05-08,cash,0.0
2017-05-09,cash,0.0
2017-05-10,cash,0.0
2017-05-11,cash,0.0
2017-05-12,cash,0.0
2017-05-15,cash,0.0
2017-05-16,cash,0.0
2017-05-17,cash,0.0
2017-05-18,cash,0.0
2017-05-19,cash,0.0
2017-05-22,cash,0.0
2017-05-23,cash,0.0
2017-05-24,cash,0.0
2017-05-25,cash,0.0
2017-05-26,cash,0.0
2017-05-29,cash,0.0
2017-05-30,cash,0.0
2017-05-31,cash,0.0
2017-06-01,cash,0.0
2017-06-02,cash,0.0
2017-06-05,cash,0.0
2017-06-06,cash,0.0
2017-06-07,cash,0.0
2017-06-08,cash,0.0
2017-06-09,cash,0.0
2017-06-12,cash,0.0
2017-06-13,cash,0.0
2017-06-14,cash,0.0
2017-06-15,cash,0.0
2017-06-16,cash,0.0
2017-06-19,cash,0.0
2017-06-20,cash,0.0
2017-06-21,cash,0.0
2017-06-22,cash,0.0
2017-06-23,cash,0.0
2017-06-26,cash,0.0
2017-06-27,cash,0.0
2017-06-28,cash,0.0
2017-06-29,cash,0.0
2017-06-30,cash,0.0
2017-07-03,cash,0.0
2017-07-04,cash,0.0
2017-07-05,cash,0.0
2017-07-06,cash,0.0
2017-07-07,cash,0.0
2017-07-10,cash,0.0
2017-07-11,cash,0.0
2017-07-12,cash,0.0
2017-07-13,cash,0.0
2017-07-14,cash,0.0
2017-07-17,cash,0.0
2017-07-18,cash,0.0
2017-07-19,cash,0.0
2017-07-20,cash,0.0
2017-07-21,cash,0.0
2017-07-24,cash,0.0
2017-07-25,cash,0.0
2017-07-26,cash,0.0
2017-07-27,cash,0.0
2017-07-28,cash,0.0
2017-07-31,cash,0.0
2017-08-01,cash,0.0
2017-08-02,cash,0.0
2017-08-03,cash,0.0
2017-08-04,cash,0.0
2017-08-07,cash,0.0
2017-08-08,cash,0.0
2017-08-09,cash,0.0
2017-08-10,cash,0.0
2017-08-11,cash,0.0
2017-08-14,cash,0.0
2017-08-15,cash,0.0
2017-08-16,cash,0.0
2017-08-17,cash,0.0
2017-08-18,cash,0.0
2017-08-21,cash,0.0
2017-08-22,cash,0.0
2017-08-23,cash,0.0
2017-08-24,cash,0.0
2017-08-25,cash,0.0
2017-08-28,cash,0.0
2017-08-29,cash,0.0
2017-08-30,cash,0.0
2017-08-31,cash,0.0
2017-09-01,cash,0.0
2017-09-05,cash,0.0
2017-09-06,cash,0.0
2017-09-07,cash,0.0
2017-09-08,cash,0.0
2017-09-11,cash,0.0
2017-09-12,cash,0.0
2017-09-13,cash,0.0
2017-09-14,cash,0.0
2017-09-15,cash,0.0
2017-09-18,cash,0.0
2017-09-19,cash,0.0
2017-09-20,cash,0.0
2017-09-21,cash,0.0
2017-09-22,cash,0.0
2017-09-25,cash,0.0
2017-09-26,cash,0.0
2017-09-27,cash,0.0
2017-09-28,cash,0.0
2017-09-29,cash,0.0
2017-10-02,cash,0.0
2017-10-03,cash,0.0
2017-10-04,cash,0.0
2017-10-05,cash,0.0
2017-10-06,cash,0.0
2017-10-09,cash,0.0
2017-10-10,cash,0.0
2017-10-11,cash,0.0
2017-10-12,cash,0.0
2017-10-13,cash,0.0
2017-10-16,cash,0.0
2017-10-17,cash,0.0
2017-10-18,cash,0.0
2017-10-19,cash,0.0
2017-10-20,cash,0.0
2017-10-23,cash,0.0
2017-10-24,cash,0.0
2017-10-25,cash,0.0
2017-10-26,cash,0.0
2017-10-27,cash,0.0
2017-10-30,cash,0.0
2017-10-31,cash,0.0
2017-11-01,cash,0.0
2017-11-02,cash,0.0
2017-11-03,cash,0.0
2017-11-06,cash,0.0
2017-11-07,cash,0.0
2017-11-08,cash,0.0
2017-11-09,cash,0.0
2017-11-10,cash,0.0
2017-11-13,cash,0.0
2017-11-14,cash,0.0
2017-11-15,cash,0.0
2017-11-16,cash,0.0
2017-11-17,cash,0.0
2017-11-20,cash,0.0
2017-11-21,cash,0.0
2017-11-22,cash,0.0
2017-11-23,cash,0.0
2017-11-24,cash,0.0
2017-11-27,cash,0.0
2017-11-28,cash,0.0
2017-11-29,cash,0.0
2017-11-30,cash,0.0
2017-12-01,cash,0.0
2017-12-04,cash,0.0
2017-12-05,cash,0.0
2017-12-06,cash,0.0
2017-12-07,cash,0.0
2017-12-08,cash,0.0
2017-12-11,cash,0.0
2017-12-12,cash,0.0
2017-12-13,cash,0.0
2017-12-14,cash,0.0
2017-12-15,cash,0.0
2017-12-18,cash,0.0
2017-12-19,cash,0.0
2017-12-20,cash,0.0
2017-12-21,cash,0.0
2017-12-22,cash,0.0
2017-12-25,cash,0.0
2017-12-26,cash,0.0
2017-12-27,cash,0.0
2017-12-28,cash,0.0
2017-12-29,cash,0.0
2018-01-02,cash,0.0
2018-01-03,cash,0.0
2018-01-04,cash,0.0
2018-01-05,cash,0.0
2018-01-08,cash,0.0
2018-01-09,cash,0.0
2018-01-10,cash,0.0
2018-01-11,cash,0.0
2018-01-12,cash,0.0
2018-01-15,cash,0.0
2018-01-16,cash,0.0
2018-01-17,cash,0.0
2018-01-18,cash,0.0
2018-01-19,cash,0.0
2018-01-22,cash,0.0
2018-01-25,cash,0.0
2018-01-26,cash,0.0
2018-01-29,cash,0.0
2018-01-30,cash,0.0
2018-01-31,cash,0.0
2018-02-01,cash,0.0
2018-02-02,cash,0.0
2018-02-05,cash,0.0
2018-02-06,cash,0.0
2018-02-07,cash,0.0
2018-02-08,cash,0.0
2018-02-09,cash,0.0
2018-02-12,cash,0.0
2018-02-13,cash,0.0
2018-02-21,cash,0.0
2018-02-22,cash,0.0
2018-02-23,cash,0.0
2018-02-26,cash,0.0
2018-02-27,cash,0.0
2018-02-28,cash,0.0
2018-03-01,cash,0.0
2018-03-02,cash,0.0
2018-03-05,cash,0.0
2018-03-06,cash,0.0
2018-03-07,cash,0.0
2018-03-08,cash,0.0
2018-03-09,cash,0.0
2018-03-12,cash,0.0
2018-03-13,cash,0.0
2018-03-14,cash,0.0
2018-03-15,cash,0.0
2018-03-16,cash,0.0
2018-03-19,cash,0.0
2018-03-20,cash,0.0
2018-03-21,cash,0.0
2018-03-22,cash,0.0
2018-03-23,cash,0.0
2018-03-26,cash,0.0
2018-03-27,cash,0.0
2018-03-28,cash,0.0
2018-03-29,cash,0.0
2018-03-30,cash,0.0
2018-04-02,cash,0.0
2018-04-03,cash,0.0
2018-04-04,cash,0.0
2018-04-05,cash,0.0
2018-04-06,cash,0.0
2018-04-09,cash,0.0
2018-04-10,cash,0.0
2018-04-11,cash,0.0
2018-04-12,cash,0.0
2018-04-13,cash,0.0
2018-04-16,cash,0.0
2018-04-17,cash,0.0
2018-04-18,cash,0.0
2018-04-19,cash,0.0
2018-04-20,cash,0.0
2018-04-23,cash,0.0
2018-04-24,cash,0.0
2018-04-26,cash,0.0
2018-04-27,cash,0.0
2018-05-02,cash,0.0
2018-05-03,cash,0.0
2018-05-04,cash,0.0
2018-05-07,cash,0.0
2018-05-08,cash,0.0
2018-05-09,cash,0.0
2018-05-10,cash,0.0
2018-05-11,cash,0.0
2018-05-14,cash,0.0
2018-05-15,cash,0.0
2018-05-16,cash,0.0
2018-05-17,cash,0.0
2018-05-18,cash,0.0
2018-05-21,cash,0.0
2018-05-22,cash,0.0
2018-05-23,cash,0.0
2018-05-24,cash,0.0
2018-05-25,cash,0.0
2018-05-28,cash,0.0
2018-05-29,cash,0.0
2018-05-30,cash,0.0
2018-05-31,cash,0.0
2018-06-01,cash,0.0
2018-06-04,cash,0.0
2018-06-05,cash,0.0
2018-06-06,cash,0.0
2018-06-07,cash,0.0
2018-06-08,cash,0.0
2018-06-11,cash,0.0
2018-06-12,cash,0.0
2018-06-13,cash,0.0
2018-06-14,cash,0.0
2018-06-15,cash,0.0
2018-06-18,cash,0.0
2018-06-19,cash,0.0
2018-06-20,cash,0.0
2018-06-21,cash,0.0
2018-06-22,cash,0.0
2018-06-25,cash,0.0
2018-06-26,cash,0.0
2018-06-27,cash,0.0
2018-06-28,cash,0.0
2018-06-29,cash,0.0
2018-07-02,cash,0.0
2018-07-03,cash,0.0
2018-07-04,cash,0.0
2018-07-05,cash,0.0
2018-07-06,cash,0.0
2018-07-09,cash,0.0
2018-07-10,cash,0.0
2018-07-11,cash,0.0
2018-07-12,cash,0.0
2018-07-13,cash,0.0
2018-07-16,cash,0.0
2018-07-17,cash,0.0
2018-07-18,cash,0.0
2018-07-19,cash,0.0
2018-07-20,cash,0.0
2018-07-23,cash,0.0
2018-07-24,cash,0.0
2018-07-25,cash,0.0
2018-07-26,cash,0.0
2018-07-27,cash,0.0
2018-07-30,cash,0.0
2018-07-31,cash,0.0
2018-08-01,cash,0.0
2018-08-02,cash,0.0
2018-08-03,cash,0.0
2018-08-06,cash,0.0
2018-08-07,cash,0.0
2018-08-08,cash,0.0
2018-08-09,cash,0.0
2018-08-10,cash,0.0
2018-08-13,cash,0.0
2018-08-14,cash,0.0
2018-08-15,cash,0.0
2018-08-16,cash,0.0
2018-08-17,cash,0.0
2018-08-20,cash,0.0
2018-08-21,cash,0.0
2018-08-22,cash,0.0
2018-08-23,cash,0.0
2018-08-24,cash,0.0
2018-08-27,cash,0.0
2018-08-28,cash,0.0
2018-08-29,cash,0.0
2018-08-30,cash,0.0
2018-08-31,cash,0.0
2018-09-04,cash,0.0
2018-09-05,cash,0.0
2018-09-06,cash,0.0
2018-09-07,cash,0.0
2018-09-10,cash,0.0
2018-09-11,cash,0.0
2018-09-12,cash,0.0
2018-09-13,cash,0.0
2018-09-14,cash,0.0
2018-09-17,cash,0.0
2018-09-18,cash,0.0
2018-09-19,cash,0.0
2018-09-20,cash,0.0
2018-09-21,cash,0.0
2018-09-24,cash,0.0
2018-09-25,cash,0.0
2018-09-26,cash,0.0
2018-09-27,cash,0.0
2018-09-28,cash,0.0
2018-10-01,cash,0.0
2018-10-02,cash,0.0
2018-10-03,cash,0.0
2018-10-04,cash,0.0
2018-10-05,cash,0.0
2018-10-08,cash,0.0
2018-10-09,cash,0.0
2018-10-10,cash,0.0
2018-10-11,cash,0.0
2018-10-12,cash,0.0
2018-10-15,cash,0.0
2018-10-16,cash,0.0
2018-10-17,cash,0.0
2018-10-18,cash,0.0
2018-10-19,cash,0.0
2018-10-22,cash,0.0
2018-10-23,cash,0.0
2018-10-24,cash,0.0
2018-10-25,cash,0.0
2018-10-26,cash,0.0
2018-10-29,cash,0.0
2018-10-30,cash,0.0
2018-10-31,cash,0.0
2018-11-01,cash,0.0
2018-11-02,cash,0.0
2018-11-05,cash,0.0
2018-11-06,cash,0.0
2018-11-07,cash,0.0
2018-11-08,cash,0.0
2018-11-09,cash,0.0
2018-11-12,cash,0.0
2018-11-13,cash,0.0
2018-11-14,cash,0.0
2018-11-15,cash,0.0
2018-11-16,cash,0.0
2018-11-19,cash,0.0
2018-11-20,cash,0.0
2018-11-21,cash,0.0
2018-11-22,cash,0.0
2018-11-23,cash,0.0
2018-11-26,cash,0.0
2018-11-27,cash,0.0
2018-11-28,cash,0.0
2018-11-29,cash,0.0
2018-11-30,cash,0.0
2018-12-03,cash,0.0
2018-12-04,cash,0.0
2018-12-05,cash,0.0
2018-12-06,cash,0.0
2018-12-07,cash,0.0
2018-12-10,cash,0.0
2018-12-11,cash,0.0
2018-12-12,cash,0.0
2018-12-13,cash,0.0
2018-12-14,cash,0.0
2018-12-17,cash,0.0
2018-12-18,cash,0.0
2018-12-19,cash,0.0
2018-12-20,cash,0.0
2018-12-21,cash,0.0
2018-12-24,cash,0.0
2018-12-25,cash,0.0
2018-12-26,cash,0.0
2018-12-27,cash,0.0
2018-12-28,cash,0.0
2019-01-02,cash,0.0
2019-01-03,cash,0.0
2019-01-04,cash,0.0
2019-01-07,cash,0.0
2019-01-08,cash,0.0
2019-01-09,cash,0.0
2019-01-10,cash,0.0
2019-01-11,cash,0.0
2019-01-14,cash,0.0
2019-01-15,cash,0.0
2019-01-16,cash,0.0
2019-01-17,cash,0.0
2019-01-18,cash,0.0
2019-01-21,cash,0.0
2019-01-22,cash,0.0
2019-01-23,cash,0.0
2019-01-24,cash,0.0
2019-01-25,cash,0.0
2019-01-28,cash,0.0
2019-01-29,cash,0.0
2019-01-30,cash,0.0
2019-01-31,cash,0.0
2019-02-01,cash,0.0
2019-02-11,cash,0.0
2019-02-12,cash,0.0
2019-02-13,cash,0.0
2019-02-14,cash,0.0
2019-02-15,cash,0.0
2019-02-18,cash,0.0
2019-02-19,cash,0.0
2019-02-20,cash,0.0
2019-02-21,cash,0.0
2019-02-22,cash,0.0
2019-02-25,cash,0.0
2019-02-26,cash,0.0
2019-02-27,cash,0.0
2019-02-28,cash,0.0
2019-03-01,cash,0.0
2019-03-04,cash,0.0
2019-03-05,cash,0.0
2019-03-06,cash,0.0
2019-03-07,cash,0.0
2019-03-08,cash,0.0
2019-03-11,cash,0.0
2019-03-12,cash,0.0
2019-03-13,cash,0.0
2019-03-14,cash,0.0
2019-03-15,cash,0.0
2019-03-18,cash,0.0
2019-03-19,cash,0.0
2019-03-20,cash,0.0
2019-03-21,cash,0.0
2019-03-22,cash,0.0
2019-03-25,cash,0.0
2019-03-26,cash,0.0
2019-03-27,cash,0.0
2019-03-28,cash,0.0
2019-03-29,cash,0.0
2019-04-01,cash,0.0
2019-04-02,cash,0.0
2019-04-03,cash,0.0
2019-04-04,cash,0.0
2019-04-05,cash,0.0
2019-04-08,cash,0.0
2019-04-09,cash,0.0
2019-04-10,cash,0.0
2019-04-11,cash,0.0
2019-04-12,cash,0.0
2019-04-16,cash,0.0
2019-04-17,cash,0.0
2019-04-18,cash,0.0
2019-04-19,cash,0.0
2019-04-22,cash,0.0
2019-04-23,cash,0.0
2019-04-24,cash,0.0
2019-04-25,cash,0.0
2019-04-26,cash,0.0
2019-05-02,cash,0.0
2019-05-03,cash,0.0
2019-05-06,cash,0.0
2019-05-07,cash,0.0
2019-05-08,cash,0.0
2019-05-09,cash,0.0
2019-05-10,cash,0.0
2019-05-13,cash,0.0
2019-05-14,cash,0.0
2019-05-15,cash,0.0
2019-05-16,cash,0.0
2019-05-17,cash,0.0
2019-05-20,cash,0.0
2019-05-21,cash,0.0
2019-05-22,cash,0.0
2019-05-23,cash,0.0
2019-05-24,cash,0.0
2019-05-27,cash,0.0
2019-05-28,cash,0.0
2019-05-29,cash,0.0
2019-05-30,cash,0.0
2019-05-31,cash,0.0
2019-06-03,cash,0.0
2019-06-04,cash,0.0
2019-06-05,cash,0.0
2019-06-06,cash,0.0
2019-06-07,cash,0.0
2019-06-10,cash,0.0
2019-06-11,cash,0.0
2019-06-12,cash,0.0
2019-06-13,cash,0.0
2019-06-14,cash,0.0
2019-06-17,cash,0.0
2019-06-18,cash,0.0
2019-06-19,cash,0.0
2019-06-20,cash,0.0
2019-06-21,cash,0.0
2019-06-24,cash,0.0
2019-06-25,cash,0.0
2019-06-26,cash,0.0
2019-06-27,cash,0.0
2019-06-28,cash,0.0
2019-07-01,cash,0.0
2019-07-02,cash,0.0
2019-07-03,cash,0.0
2019-07-04,cash,0.0
2019-07-05,cash,0.0
2019-07-08,cash,0.0
2019-07-09,cash,0.0
2019-07-10,cash,0.0
2019-07-11,cash,0.0
2019-07-12,cash,0.0
2019-07-15,cash,0.0
2019-07-16,cash,0.0
2019-07-17,cash,0.0
2019-07-18,cash,0.0
2019-07-19,cash,0.0
2019-07-22,cash,0.0
2019-07-23,cash,0.0
2019-07-24,cash,0.0
2019-07-25,cash,0.0
2019-07-26,cash,0.0
2019-07-29,cash,0.0
2019-07-30,cash,0.0
2019-07-31,cash,0.0
2019-08-01,cash,0.0
2019-08-02,cash,0.0
2019-08-05,cash,0.0
2019-08-06,cash,0.0
2019-08-07,cash,0.0
2019-08-08,cash,0.0
2019-08-09,cash,0.0
2019-08-12,cash,0.0
2019-08-13,cash,0.0
2019-08-14,cash,0.0
2019-08-15,cash,0.0
2019-08-16,cash,0.0
2019-08-19,cash,0.0
2019-08-20,cash,0.0
2019-08-21,cash,0.0
2019-08-22,cash,0.0
2019-08-23,cash,0.0
2019-08-26,cash,0.0
2019-08-27,cash,0.0
2019-08-28,cash,0.0
2019-08-29,cash,0.0
2019-08-30,cash,0.0
2019-09-03,cash,0.0
2019-09-04,cash,0.0
2019-09-05,cash,0.0
2019-09-06,cash,0.0
2019-09-09,cash,0.0
2019-09-10,cash,0.0
2019-09-11,cash,0.0
2019-09-12,cash,0.0
2019-09-13,cash,0.0
2019-09-16,cash,0.0
2019-09-17,cash,0.0
2019-09-18,cash,0.0
2019-09-19,cash,0.0
2019-09-20,cash,0.0
2019-09-23,cash,0.0
2019-09-24,cash,0.0
2019-09-25,cash,0.0
2019-09-26,cash,0.0
2019-09-27,cash,0.0
2019-09-30,cash,0.0
2019-10-01,cash,0.0
2019-10-02,cash,0.0
2019-10-03,cash,0.0
2019-10-04,cash,0.0
2019-10-07,cash,0.0
2019-10-08,cash,0.0
2019-10-09,cash,0.0
2019-10-10,cash,0.0
2019-10-11,cash,0.0
2019-10-14,cash,0.0
2019-10-15,cash,0.0
2019-10-16,cash,0.0
2019-10-17,cash,0.0
2019-10-18,cash,0.0
2019-10-21,cash,0.0
2019-10-22,cash,0.0
2019-10-23,cash,0.0
2019-10-24,cash,0.0
2019-10-25,cash,0.0
2019-10-28,cash,0.0
2019-10-29,cash,0.0
2019-10-30,cash,0.0
2019-10-31,cash,0.0
2019-11-01,cash,0.0
2019-11-04,cash,0.0
2019-11-05,cash,0.0
2019-11-06,cash,0.0
2019-11-07,cash,0.0
2019-11-08,cash,0.0
2019-11-11,cash,0.0
2019-11-12,cash,0.0
2019-11-13,cash,0.0
2019-11-14,cash,0.0
2019-11-15,cash,0.0
2019-11-18,cash,0.0
2019-11-19,cash,0.0
2019-11-20,cash,0.0
2019-11-21,cash,0.0
2019-11-22,cash,0.0
2019-11-25,cash,0.0
2019-11-26,cash,0.0
2019-11-27,cash,0.0
2019-11-28,cash,0.0
2019-11-29,cash,0.0
2019-12-02,cash,0.0
2019-12-03,cash,0.0
2019-12-04,cash,0.0
2019-12-05,cash,0.0
2019-12-06,cash,0.0
2019-12-09,cash,0.0
2019-12-10,cash,0.0
2019-12-11,cash,0.0
2019-12-12,cash,0.0
2019-12-13,cash,0.0
2019-12-16,cash,0.0
2019-12-17,cash,0.0
2019-12-18,cash,0.0
2019-12-19,cash,0.0
2019-12-20,cash,0.0
2019-12-23,cash,0.0
2019-12-24,cash,0.0
2019-12-25,cash,0.0
2019-12-26,cash,0.0
2019-12-27,cash,0.0
2019-12-30,cash,0.0
2019-12-31,cash,0.0
2020-01-02,cash,0.0
2020-01-03,cash,0.0
2020-01-06,cash,0.0
2020-01-07,cash,0.0
2020-01-08,cash,0.0
2020-01-09,cash,0.0
2020-01-10,cash,0.0
2020-01-13,cash,0.0
2020-01-14,cash,0.0
2020-01-15,cash,0.0
2020-01-16,cash,0.0
2020-01-17,cash,0.0
2020-01-20,cash,0.0
2020-01-21,cash,0.0
2020-01-22,cash,0.0
2020-01-30,cash,0.0
2020-01-31,cash,0.0
2020-02-03,cash,0.0
2020-02-04,cash,0.0
2020-02-05,cash,0.0
2020-02-06,cash,0.0
2020-02-07,cash,0.0
2020-02-10,cash,0.0
2020-02-11,cash,0.0
2020-02-12,cash,0.0
2020-02-13,cash,0.0
2020-02-14,cash,0.0
2020-02-17,cash,0.0
2020-02-18,cash,0.0
2020-02-19,cash,0.0
2020-02-20,cash,0.0
2020-02-21,cash,0.0
2020-02-24,cash,0.0
2020-02-25,cash,0.0
2020-02-26,cash,0.0
2020-02-27,cash,0.0
2020-02-28,cash,0.0
2020-03-02,cash,0.0
2020-03-03,cash,0.0
2020-03-04,cash,0.0
2020-03-05,cash,0.0
2020-03-06,cash,0.0
2020-03-09,cash,0.0
2020-03-10,cash,0.0
2020-03-11,cash,0.0
2020-03-12,cash,0.0
2020-03-13,cash,0.0
2020-03-16,cash,0.0
2020-03-17,cash,0.0
2020-03-18,cash,0.0
2020-03-19,cash,0.0
2020-03-20,cash,0.0
2020-03-23,cash,0.0
2020-03-24,cash,0.0
2020-03-25,cash,0.0
2020-03-26,cash,0.0
2020-03-27,cash,0.0
2020-03-30,cash,0.0
2020-03-31,cash,0.0
2020-04-01,cash,0.0
2020-04-03,cash,0.0
2020-04-06,cash,0.0
2020-04-07,cash,0.0
2020-04-08,cash,0.0
2020-04-09,cash,0.0
2020-04-10,cash,0.0
2020-04-13,cash,0.0
2020-04-14,cash,0.0
2020-04-15,cash,0.0
2020-04-16,cash,0.0
2020-04-17,cash,0.0
2020-04-20,cash,0.0
2020-04-21,cash,0.0
2020-04-22,cash,0.0
2020-04-23,cash,0.0
2020-04-24,cash,0.0
2020-04-27,cash,0.0
2020-04-28,cash,0.0
2020-04-29,cash,0.0
2020-05-04,cash,0.0
2020-05-05,cash,0.0
2020-05-06,cash,0.0
2020-05-07,cash,0.0
2020-05-08,cash,0.0
2020-05-11,cash,0.0
2020-05-12,cash,0.0
2020-05-13,cash,0.0
2020-05-14,cash,0.0
2020-05-15,cash,0.0
2020-05-18,cash,0.0
2020-05-19,cash,0.0
2020-05-20,cash,0.0
2020-05-21,cash,0.0
2020-05-22,cash,0.0
2020-05-25,cash,0.0
2020-05-26,cash,0.0
2020-05-27,cash,0.0
2020-05-28,cash,0.0
2020-05-29,cash,0.0
2020-06-01,cash,0.0
2020-06-02,cash,0.0
2020-06-03,cash,0.0
2020-06-04,cash,0.0
2020-06-05,cash,0.0
2020-06-08,cash,0.0
2020-06-09,cash,0.0
2020-06-10,cash,0.0
2020-06-11,cash,0.0
2020-06-12,cash,0.0
2020-06-15,cash,0.0
2020-06-16,cash,0.0
2020-06-17,cash,0.0
2020-06-18,cash,0.0
2020-06-19,cash,0.0
2020-06-22,cash,0.0
2020-06-23,cash,0.0
2020-06-24,cash,0.0
2020-06-25,cash,0.0
2020-06-26,cash,0.0
2020-06-29,cash,0.0
2020-06-30,cash,0.0
2020-07-01,cash,0.0
2020-07-02,cash,0.0
2020-07-03,cash,0.0
2020-07-06,cash,0.0
2020-07-07,cash,0.0
2020-07-08,cash,0.0
2020-07-09,cash,0.0
2020-07-10,cash,0.0
2020-07-13,cash,0.0
2020-07-14,cash,0.0
2020-07-15,cash,0.0
2020-07-16,cash,0.0
2020-07-17,cash,0.0
2020-07-20,cash,0.0
2020-07-21,cash,0.0
2020-07-22,cash,0.0
2020-07-23,cash,0.0
2020-07-24,cash,0.0
2020-07-27,cash,0.0
2020-07-28,cash,0.0
2020-07-29,cash,0.0
2020-07-30,cash,0.0
2020-07-31,cash,0.0
2020-08-03,cash,0.0
2020-08-04,cash,0.0
2020-08-05,cash,0.0
2020-08-06,cash,0.0
2020-08-07,cash,0.0
2020-08-10,cash,0.0
2020-08-11,cash,0.0
2020-08-12,cash,0.0
2020-08-13,cash,0.0
2020-08-14,cash,0.0
2020-08-17,cash,0.0
2020-08-18,cash,0.0
2020-08-19,cash,0.0
2020-08-20,cash,0.0
2020-08-21,cash,0.0
2020-08-24,cash,0.0
2020-08-25,cash,0.0
2020-08-26,cash,0.0
2020-08-27,cash,0.0
2020-08-28,cash,0.0
2020-08-31,cash,0.0
2020-09-01,cash,0.0
2020-09-03,cash,0.0
2020-09-04,cash,0.0
2020-09-07,cash,0.0
2020-09-08,cash,0.0
2020-09-09,cash,0.0
2020-09-10,cash,0.0
2020-09-11,cash,0.0
2020-09-14,cash,0.0
2020-09-15,cash,0.0
2020-09-16,cash,0.0
2020-09-17,cash,0.0
2020-09-18,cash,0.0
2020-09-21,cash,0.0
2020-09-22,cash,0.0
2020-09-23,cash,0.0
2020-09-24,cash,0.0
2020-09-25,cash,0.0
2020-09-28,cash,0.0
2020-09-29,cash,0.0
2020-09-30,cash,0.0
2020-10-01,cash,0.0
2020-10-02,cash,0.0
2020-10-05,cash,0.0
2020-10-06,cash,0.0
2020-10-07,cash,0.0
2020-10-08,cash,0.0
2020-10-09,cash,0.0
2020-10-12,cash,0.0
2020-10-13,cash,0.0
2020-10-14,cash,0.0
2020-10-15,cash,0.0
2020-10-16,cash,0.0
2020-10-19,cash,0.0
2020-10-20,cash,0.0
2020-10-21,cash,0.0
2020-10-22,cash,0.0
2020-10-23,cash,0.0
2020-10-26,cash,0.0
2020-10-27,cash,0.0
2020-10-28,cash,0.0
2020-10-29,cash,0.0
2020-10-30,cash,0.0
2020-11-02,cash,0.0
2020-11-03,cash,0.0
2020-11-04,cash,0.0
2020-11-05,cash,0.0
2020-11-06,cash,0.0
2020-11-09,cash,0.0
2020-11-10,cash,0.0
2020-11-11,cash,0.0
2020-11-12,cash,0.0
2020-11-13,cash,0.0
2020-11-16,cash,0.0
2020-11-17,cash,0.0
2020-11-18,cash,0.0
2020-11-19,cash,0.0
2020-11-20,cash,0.0
2020-11-23,cash,0.0
2020-11-24,cash,0.0
2020-11-25,cash,0.0
2020-11-26,cash,0.0
2020-11-27,cash,0.0
2020-11-30,cash,0.0
2020-12-01,cash,0.0
2020-12-02,cash,0.0
2020-12-03,cash,0.0
2020-12-04,cash,0.0
2020-12-07,cash,0.0
2020-12-08,cash,0.0
2020-12-09,cash,0.0
2020-12-10,cash,0.0
2020-12-11,cash,0.0
2020-12-14,cash,0.0
2020-12-15,cash,0.0
2020-12-16,cash,0.0
2020-12-17,cash,0.0
2020-12-18,cash,0.0
2020-12-21,cash,0.0
2020-12-22,cash,0.0
2020-12-23,cash,0.0
2020-12-24,cash,0.0
2020-12-25,cash,0.0
2020-12-28,cash,0.0
2020-12-29,cash,0.0
2020-12-30,cash,0.0
2020-12-31,cash,0.0
2021-01-04,cash,0.0
2021-01-05,cash,0.0
2021-01-06,cash,0.0
2021-01-07,cash,0.0
2021-01-08,cash,0.0
2021-01-11,cash,0.0
2021-01-12,cash,0.0
2021-01-13,cash,0.0
2021-01-14,cash,0.0
2021-01-15,cash,0.0
2021-01-18,cash,0.0
2021-01-19,cash,0.0
2021-01-20,cash,0.0
2021-01-21,cash,0.0
2021-01-22,cash,0.0
2021-01-25,cash,0.0
2021-01-26,cash,0.0
2021-01-27,cash,0.0
2021-01-28,cash,0.0
2021-01-29,cash,0.0
2021-02-01,cash,0.0
2021-02-02,cash,0.0
2021-02-03,cash,0.0
2021-02-04,cash,0.0
2021-02-05,cash,0.0
2021-02-08,cash,0.0
2021-02-09,cash,0.0
2021-02-17,cash,0.0
2021-02-18,cash,0.0
2021-02-19,cash,0.0
2021-02-22,cash,0.0
2021-02-23,cash,0.0
2021-02-24,cash,0.0
2021-02-25,cash,0.0
2021-02-26,cash,0.0
2021-03-01,cash,0.0
2021-03-02,cash,0.0
2021-03-03,cash,0.0
2021-03-04,cash,0.0
