model,horizon,fold,threshold,recall,precision,f1,specificity,false_positive_rate,false_negative_rate,pr_auc,roc_auc,brier,log_loss,ece,alert_days,alert_fraction,mean_forward_return_when_alert,mean_future_mae_when_alert,false_negative_loss,false_positive_opportunity_cost,expected_cost,tp,fp,fn,tn
multiclass_probability_sum,20,0,0.05,1.0,0.2976939203354298,0.4588045234248789,0.0,1.0,0.0,0.4610402290806047,0.6287365986966575,0.23980196755795977,0.6725286639907615,0.2031989699167176,477,1.0,0.007318034101471334,-0.029043132783113844,0.0,11.265340152820452,0.023617065309896126,142,335,0,0
multiclass_probability_sum,20,0,0.06,1.0,0.2976939203354298,0.4588045234248789,0.0,1.0,0.0,0.4610402290806047,0.6287365986966575,0.23980196755795977,0.6725286639907615,0.2031989699167176,477,1.0,0.007318034101471334,-0.029043132783113844,0.0,11.265340152820452,0.023617065309896126,142,335,0,0
multiclass_probability_sum,20,0,0.07,1.0,0.2976939203354298,0.4588045234248789,0.0,1.0,0.0,0.4610402290806047,0.6287365986966575,0.23980196755795977,0.6725286639907615,0.2031989699167176,477,1.0,0.007318034101471334,-0.029043132783113844,0.0,11.265340152820452,0.023617065309896126,142,335,0,0
multiclass_probability_sum,20,0,0.08,1.0,0.2976939203354298,0.4588045234248789,0.0,1.0,0.0,0.4610402290806047,0.6287365986966575,0.23980196755795977,0.6725286639907615,0.2031989699167176,477,1.0,0.007318034101471334,-0.029043132783113844,0.0,11.265340152820452,0.023617065309896126,142,335,0,0
multiclass_probability_sum,20,0,0.09,1.0,0.2976939203354298,0.4588045234248789,0.0,1.0,0.0,0.4610402290806047,0.6287365986966575,0.23980196755795977,0.6725286639907615,0.2031989699167176,477,1.0,0.007318034101471334,-0.029043132783113844,0.0,11.265340152820452,0.023617065309896126,142,335,0,0
multiclass_probability_sum,20,0,0.1,1.0,0.2976939203354298,0.4588045234248789,0.0,1.0,0.0,0.4610402290806047,0.6287365986966575,0.23980196755795977,0.6725286639907615,0.2031989699167176,477,1.0,0.007318034101471334,-0.029043132783113844,0.0,11.265340152820452,0.023617065309896126,142,335,0,0
multiclass_probability_sum,20,0,0.11,1.0,0.2976939203354298,0.4588045234248789,0.0,1.0,0.0,0.4610402290806047,0.6287365986966575,0.23980196755795977,0.6725286639907615,0.2031989699167176,477,1.0,0.007318034101471334,-0.029043132783113844,0.0,11.265340152820452,0.023617065309896126,142,335,0,0
multiclass_probability_sum,20,0,0.12,1.0,0.2976939203354298,0.4588045234248789,0.0,1.0,0.0,0.4610402290806047,0.6287365986966575,0.23980196755795977,0.6725286639907615,0.2031989699167176,477,1.0,0.007318034101471334,-0.029043132783113844,0.0,11.265340152820452,0.023617065309896126,142,335,0,0
multiclass_probability_sum,20,0,0.13,1.0,0.2976939203354298,0.4588045234248789,0.0,1.0,0.0,0.4610402290806047,0.6287365986966575,0.23980196755795977,0.6725286639907615,0.2031989699167176,477,1.0,0.007318034101471334,-0.029043132783113844,0.0,11.265340152820452,0.023617065309896126,142,335,0,0
multiclass_probability_sum,20,0,0.14,1.0,0.2976939203354298,0.4588045234248789,0.0,1.0,0.0,0.4610402290806047,0.6287365986966575,0.23980196755795977,0.6725286639907615,0.2031989699167176,477,1.0,0.007318034101471334,-0.029043132783113844,0.0,11.265340152820452,0.023617065309896126,142,335,0,0
multiclass_probability_sum,20,0,0.15,1.0,0.2976939203354298,0.4588045234248789,0.0,1.0,0.0,0.4610402290806047,0.6287365986966575,0.23980196755795977,0.6725286639907615,0.2031989699167176,477,1.0,0.007318034101471334,-0.029043132783113844,0.0,11.265340152820452,0.023617065309896126,142,335,0,0
multiclass_probability_sum,20,0,0.16,1.0,0.2976939203354298,0.4588045234248789,0.0,1.0,0.0,0.4610402290806047,0.6287365986966575,0.23980196755795977,0.6725286639907615,0.2031989699167176,477,1.0,0.007318034101471334,-0.029043132783113844,0.0,11.265340152820452,0.023617065309896126,142,335,0,0
multiclass_probability_sum,20,0,0.17,1.0,0.2976939203354298,0.4588045234248789,0.0,1.0,0.0,0.4610402290806047,0.6287365986966575,0.23980196755795977,0.6725286639907615,0.2031989699167176,477,1.0,0.007318034101471334,-0.029043132783113844,0.0,11.265340152820452,0.023617065309896126,142,335,0,0
multiclass_probability_sum,20,0,0.18,1.0,0.2976939203354298,0.4588045234248789,0.0,1.0,0.0,0.4610402290806047,0.6287365986966575,0.23980196755795977,0.6725286639907615,0.2031989699167176,477,1.0,0.007318034101471334,-0.029043132783113844,0.0,11.265340152820452,0.023617065309896126,142,335,0,0
multiclass_probability_sum,20,0,0.19,1.0,0.2976939203354298,0.4588045234248789,0.0,1.0,0.0,0.4610402290806047,0.6287365986966575,0.23980196755795977,0.6725286639907615,0.2031989699167176,477,1.0,0.007318034101471334,-0.029043132783113844,0.0,11.265340152820452,0.023617065309896126,142,335,0,0
multiclass_probability_sum,20,0,0.2,1.0,0.2976939203354298,0.4588045234248789,0.0,1.0,0.0,0.4610402290806047,0.6287365986966575,0.23980196755795977,0.6725286639907615,0.2031989699167176,477,1.0,0.007318034101471334,-0.029043132783113844,0.0,11.265340152820452,0.023617065309896126,142,335,0,0
multiclass_probability_sum,20,0,0.21,1.0,0.2976939203354298,0.4588045234248789,0.0,1.0,0.0,0.4610402290806047,0.6287365986966575,0.23980196755795977,0.6725286639907615,0.2031989699167176,477,1.0,0.007318034101471334,-0.029043132783113844,0.0,11.265340152820452,0.023617065309896126,142,335,0,0
multiclass_probability_sum,20,0,0.22,1.0,0.2976939203354298,0.4588045234248789,0.0,1.0,0.0,0.4610402290806047,0.6287365986966575,0.23980196755795977,0.6725286639907615,0.2031989699167176,477,1.0,0.007318034101471334,-0.029043132783113844,0.0,11.265340152820452,0.023617065309896126,142,335,0,0
multiclass_probability_sum,20,0,0.23,1.0,0.2976939203354298,0.4588045234248789,0.0,1.0,0.0,0.4610402290806047,0.6287365986966575,0.23980196755795977,0.6725286639907615,0.2031989699167176,477,1.0,0.007318034101471334,-0.029043132783113844,0.0,11.265340152820452,0.023617065309896126,142,335,0,0
multiclass_probability_sum,20,0,0.24,1.0,0.2976939203354298,0.4588045234248789,0.0,1.0,0.0,0.4610402290806047,0.6287365986966575,0.23980196755795977,0.6725286639907615,0.2031989699167176,477,1.0,0.007318034101471334,-0.029043132783113844,0.0,11.265340152820452,0.023617065309896126,142,335,0,0
multiclass_probability_sum,20,0,0.25,1.0,0.2976939203354298,0.4588045234248789,0.0,1.0,0.0,0.4610402290806047,0.6287365986966575,0.23980196755795977,0.6725286639907615,0.2031989699167176,477,1.0,0.007318034101471334,-0.029043132783113844,0.0,11.265340152820452,0.023617065309896126,142,335,0,0
multiclass_probability_sum,20,0,0.26,1.0,0.2976939203354298,0.4588045234248789,0.0,1.0,0.0,0.4610402290806047,0.6287365986966575,0.23980196755795977,0.6725286639907615,0.2031989699167176,477,1.0,0.007318034101471334,-0.029043132783113844,0.0,11.265340152820452,0.023617065309896126,142,335,0,0
multiclass_probability_sum,20,0,0.27,1.0,0.2976939203354298,0.4588045234248789,0.0,1.0,0.0,0.4610402290806047,0.6287365986966575,0.23980196755795977,0.6725286639907615,0.2031989699167176,477,1.0,0.007318034101471334,-0.029043132783113844,0.0,11.265340152820452,0.023617065309896126,142,335,0,0
multiclass_probability_sum,20,0,0.28,1.0,0.2976939203354298,0.4588045234248789,0.0,1.0,0.0,0.4610402290806047,0.6287365986966575,0.23980196755795977,0.6725286639907615,0.2031989699167176,477,1.0,0.007318034101471334,-0.029043132783113844,0.0,11.265340152820452,0.023617065309896126,142,335,0,0
multiclass_probability_sum,20,0,0.29,1.0,0.2976939203354298,0.4588045234248789,0.0,1.0,0.0,0.4610402290806047,0.6287365986966575,0.23980196755795977,0.6725286639907615,0.2031989699167176,477,1.0,0.007318034101471334,-0.029043132783113844,0.0,11.265340152820452,0.023617065309896126,142,335,0,0
multiclass_probability_sum,20,0,0.3,1.0,0.2976939203354298,0.4588045234248789,0.0,1.0,0.0,0.4610402290806047,0.6287365986966575,0.23980196755795977,0.6725286639907615,0.2031989699167176,477,1.0,0.007318034101471334,-0.029043132783113844,0.0,11.265340152820452,0.023617065309896126,142,335,0,0
multiclass_probability_sum,20,0,0.31,1.0,0.2976939203354298,0.4588045234248789,0.0,1.0,0.0,0.4610402290806047,0.6287365986966575,0.23980196755795977,0.6725286639907615,0.2031989699167176,477,1.0,0.007318034101471334,-0.029043132783113844,0.0,11.265340152820452,0.023617065309896126,142,335,0,0
multiclass_probability_sum,20,0,0.32,1.0,0.2976939203354298,0.4588045234248789,0.0,1.0,0.0,0.4610402290806047,0.6287365986966575,0.23980196755795977,0.6725286639907615,0.2031989699167176,477,1.0,0.007318034101471334,-0.029043132783113844,0.0,11.265340152820452,0.023617065309896126,142,335,0,0
multiclass_probability_sum,20,0,0.33,1.0,0.2976939203354298,0.4588045234248789,0.0,1.0,0.0,0.4610402290806047,0.6287365986966575,0.23980196755795977,0.6725286639907615,0.2031989699167176,477,1.0,0.007318034101471334,-0.029043132783113844,0.0,11.265340152820452,0.023617065309896126,142,335,0,0
multiclass_probability_sum,20,0,0.34,1.0,0.2976939203354298,0.4588045234248789,0.0,1.0,0.0,0.4610402290806047,0.6287365986966575,0.23980196755795977,0.6725286639907615,0.2031989699167176,477,1.0,0.007318034101471334,-0.029043132783113844,0.0,11.265340152820452,0.023617065309896126,142,335,0,0
multiclass_probability_sum,20,0,0.35,1.0,0.2976939203354298,0.4588045234248789,0.0,1.0,0.0,0.4610402290806047,0.6287365986966575,0.23980196755795977,0.6725286639907615,0.2031989699167176,477,1.0,0.007318034101471334,-0.029043132783113844,0.0,11.265340152820452,0.023617065309896126,142,335,0,0
multiclass_probability_sum,20,0,0.36,1.0,0.2976939203354298,0.4588045234248789,0.0,1.0,0.0,0.4610402290806047,0.6287365986966575,0.23980196755795977,0.6725286639907615,0.2031989699167176,477,1.0,0.007318034101471334,-0.029043132783113844,0.0,11.265340152820452,0.023617065309896126,142,335,0,0
multiclass_probability_sum,20,0,0.37,1.0,0.29831932773109243,0.459546925566343,0.0029850746268656717,0.9970149253731343,0.0,0.4610402290806047,0.6287365986966575,0.23980196755795977,0.6725286639907615,0.2031989699167176,476,0.9979035639412998,0.00716208248260845,-0.029118185980415393,0.0,11.18378914814025,0.02344609884306132,142,334,0,1
multiclass_probability_sum,20,0,0.38,1.0,0.3008474576271186,0.46254071661237783,0.014925373134328358,0.9850746268656716,0.0,0.4610402290806047,0.6287365986966575,0.23980196755795977,0.6725286639907615,0.2031989699167176,472,0.989517819706499,0.006891897156955774,-0.029242910441226143,0.0,11.017086202474843,0.02309661677667682,142,330,0,5
multiclass_probability_sum,20,0,0.39,0.9929577464788732,0.3019271948608137,0.4630541871921182,0.026865671641791045,0.9731343283582089,0.007042253521126761,0.4610402290806047,0.6287365986966575,0.23980196755795977,0.6725286639907615,0.2031989699167176,467,0.9790356394129979,0.006812430758580043,-0.029300854093155956,0.07677442720580577,10.881833127996966,0.023295925387032252,141,326,1,9
multiclass_probability_sum,20,0,0.4,0.9929577464788732,0.3051948051948052,0.46688741721854304,0.041791044776119404,0.9582089552238806,0.007042253521126761,0.4610402290806047,0.6287365986966575,0.23980196755795977,0.6725286639907615,0.2031989699167176,462,0.9685534591194969,0.0065241328729674294,-0.029498627914007966,0.07677442720580577,10.714577351051037,0.022945284345216886,141,321,1,14
multiclass_probability_sum,20,0,0.41,0.9859154929577465,0.30701754385964913,0.4682274247491639,0.056716417910447764,0.9432835820895522,0.014084507042253521,0.4610402290806047,0.6287365986966575,0.23980196755795977,0.6725286639907615,0.2031989699167176,456,0.9559748427672956,0.006322763156397514,-0.029628684715324198,0.12905244249710618,10.542496369570536,0.02291332011962653,140,316,2,19
multiclass_probability_sum,20,0,0.42,0.9788732394366197,0.31447963800904977,0.47602739726027393,0.0955223880597015,0.9044776119402985,0.02112676056338028,0.4610402290806047,0.6287365986966575,0.23980196755795977,0.6725286639907615,0.2031989699167176,442,0.9266247379454927,0.005337015278321835,-0.030283522943448892,0.20238091231823274,9.979051413832746,0.02219327914211204,139,303,3,32
multiclass_probability_sum,20,0,0.43,0.9507042253521126,0.313953488372093,0.47202797202797203,0.11940298507462686,0.8805970149253731,0.04929577464788732,0.4610402290806047,0.6287365986966575,0.23980196755795977,0.6725286639907615,0.2031989699167176,430,0.9014675052410901,0.005099621513893647,-0.030452249767355184,0.4214130429270405,9.63745237612279,0.022854699171706315,135,295,7,40
multiclass_probability_sum,20,0,0.44,0.9225352112676056,0.3202933985330073,0.4754990925589836,0.1701492537313433,0.8298507462686567,0.07746478873239436,0.4610402290806047,0.6287365986966575,0.23980196755795977,0.6725286639907615,0.2031989699167176,409,0.8574423480083857,0.0043133124911736275,-0.030916392590636076,0.6448717659087103,9.006611404171785,0.02293758218427236,131,278,11,57
multiclass_probability_sum,20,0,0.45,0.9084507042253521,0.3333333333333333,0.48771266540642716,0.2298507462686567,0.7701492537313432,0.09154929577464789,0.4610402290806047,0.6287365986966575,0.23980196755795977,0.6725286639907615,0.2031989699167176,387,0.8113207547169812,0.003318184755818834,-0.0319332683335518,0.815280246044907,8.331971678579164,0.02259499458430584,129,258,13,77
multiclass_probability_sum,20,0,0.46,0.8450704225352113,0.3333333333333333,0.4780876494023904,0.2835820895522388,0.7164179104477612,0.15492957746478872,0.4610402290806047,0.6287365986966575,0.23980196755795977,0.6725286639907615,0.2031989699167176,360,0.7547169811320755,0.002824397438778101,-0.03203601011466237,1.465415393257606,7.726726704913368,0.025415037494101015,120,240,22,95
multiclass_probability_sum,20,0,0.47,0.8028169014084507,0.33827893175074186,0.47599164926931103,0.33432835820895523,0.6656716417910448,0.19718309859154928,0.4610402290806047,0.6287365986966575,0.23980196755795977,0.6725286639907615,0.2031989699167176,337,0.7064989517819706,0.0025791422921873745,-0.03191220700827046,2.011954249622362,7.1884830679153975,0.027723995423024075,114,223,28,112
multiclass_probability_sum,20,0,0.48,0.7183098591549296,0.3422818791946309,0.4636363636363637,0.41492537313432837,0.5850746268656717,0.28169014084507044,0.4610402290806047,0.6287365986966575,0.23980196755795977,0.6725286639907615,0.2031989699167176,298,0.6247379454926625,0.0020694099623579905,-0.032079948355553764,2.85687673192281,6.26412667263949,0.031100119220980965,102,196,40,139
multiclass_probability_sum,20,0,0.49,0.6197183098591549,0.3384615384615385,0.43781094527363185,0.48656716417910445,0.5134328358208955,0.38028169014084506,0.4610402290806047,0.6287365986966575,0.23980196755795977,0.6725286639907615,0.2031989699167176,260,0.5450733752620545,0.001292084172914933,-0.03177417194890226,3.9474765428026513,5.298469383033519,0.03593479876612468,88,172,54,163
multiclass_probability_sum,20,0,0.5,0.5704225352112676,0.36818181818181817,0.4475138121546961,0.5850746268656717,0.41492537313432837,0.4295774647887324,0.4610402290806047,0.6287365986966575,0.23980196755795977,0.6725286639907615,0.2031989699167176,220,0.4612159329140461,-0.002174703102401349,-0.034309085500740674,4.3406284684570915,4.109624899077764,0.03591511594224118,81,139,61,196
multiclass_probability_sum,20,0,0.51,0.49295774647887325,0.3804347826086957,0.4294478527607362,0.6597014925373135,0.3402985074626866,0.5070422535211268,0.4610402290806047,0.6287365986966575,0.23980196755795977,0.6725286639907615,0.2031989699167176,184,0.3857442348008386,-0.0022745833270808465,-0.0350838124946254,5.2222415802316196,3.4009493253919247,0.039974159467687176,70,114,72,221
multiclass_probability_sum,20,0,0.52,0.4295774647887324,0.41216216216216217,0.4206896551724138,0.7402985074626866,0.25970149253731345,0.5704225352112676,0.4610402290806047,0.6287365986966575,0.23980196755795977,0.6725286639907615,0.2031989699167176,148,0.31027253668763105,-0.0038789253807045266,-0.03777412510038573,5.837713801053185,2.6771732686686587,0.04232770371452455,61,87,81,248
multiclass_probability_sum,20,0,0.53,0.3380281690140845,0.4444444444444444,0.38399999999999995,0.8208955223880597,0.1791044776119403,0.6619718309859155,0.4610402290806047,0.6287365986966575,0.23980196755795977,0.6725286639907615,0.2031989699167176,108,0.22641509433962265,-0.004553614481742193,-0.03867431344602105,6.914986193947312,2.006649125944544,0.0476972907920052,48,60,94,275
multiclass_probability_sum,20,0,0.54,0.29577464788732394,0.525,0.37837837837837845,0.8865671641791045,0.11343283582089553,0.704225352112676,0.4610402290806047,0.6287365986966575,0.23980196755795977,0.6725286639907615,0.2031989699167176,80,0.16771488469601678,-0.009842670668574239,-0.04283361709135945,7.435066699332324,1.296228521198048,0.04947888599411954,42,38,100,297
multiclass_probability_sum,20,0,0.55,0.23943661971830985,0.5964912280701754,0.3417085427135678,0.9313432835820895,0.06865671641791045,0.7605633802816901,0.4610402290806047,0.6287365986966575,0.23980196755795977,0.6725286639907615,0.2031989699167176,57,0.11949685534591195,-0.019184100161070344,-0.04861059227214992,8.076453588027064,0.5945110120173633,0.05204165990796343,34,23,108,312
multiclass_probability_sum,20,0,0.56,0.19014084507042253,0.6585365853658537,0.29508196721311475,0.9582089552238806,0.041791044776119404,0.8098591549295775,0.4610402290806047,0.6287365986966575,0.23980196755795977,0.6725286639907615,0.2031989699167176,41,0.0859538784067086,-0.025353803257498708,-0.053275511865781514,8.586316286291028,0.30646674885780134,0.054644477165054266,27,14,115,321
multiclass_probability_sum,20,0,0.57,0.15492957746478872,0.7096774193548387,0.2543352601156069,0.9731343283582089,0.026865671641791045,0.8450704225352113,0.4610402290806047,0.6287365986966575,0.23980196755795977,0.6725286639907615,0.2031989699167176,31,0.0649895178197065,-0.031043621415656534,-0.05623176999410403,9.02164502792168,0.1221072830832032,0.056995895947270954,22,9,120,326
multiclass_probability_sum,20,0,0.58,0.09859154929577464,0.7,0.1728395061728395,0.982089552238806,0.01791044776119403,0.9014084507042254,0.4610402290806047,0.6287365986966575,0.23980196755795977,0.6725286639907615,0.2031989699167176,20,0.041928721174004195,-0.033263950463252784,-0.051478541251263985,9.678835101370849,0.026868115420679434,0.06092950402417867,14,6,128,329
multiclass_probability_sum,20,0,0.59,0.08450704225352113,0.75,0.1518987341772152,0.9880597014925373,0.011940298507462687,0.9154929577464789,0.4610402290806047,0.6287365986966575,0.23980196755795977,0.6725286639907615,0.2031989699167176,16,0.033542976939203356,-0.035166845288206926,-0.05298525813101897,9.778986312718288,0.026868115420679434,0.061559385856552504,12,4,130,331
multiclass_probability_sum,20,0,0.6,0.04929577464788732,0.7777777777777778,0.09271523178807946,0.9940298507462687,0.005970149253731343,0.9507042253521126,0.4610402290806047,0.6287365986966575,0.23980196755795977,0.6725286639907615,0.2031989699167176,9,0.018867924528301886,-0.033514049794985665,-0.05205051768721162,10.109136235729423,0.0,0.0635794731806882,7,2,135,333
multiclass_probability_sum,20,0,0.61,0.028169014084507043,0.6666666666666666,0.054054054054054064,0.9940298507462687,0.005970149253731343,0.971830985915493,0.4610402290806047,0.6287365986966575,0.23980196755795977,0.6725286639907615,0.2031989699167176,6,0.012578616352201259,-0.023565246064386525,-0.04384670533813137,10.314510662885539,0.0,0.06487113624456314,4,2,138,333
multiclass_probability_sum,20,0,0.62,0.007042253521126761,1.0,0.013986013986013986,1.0,0.0,0.9929577464788732,0.4610402290806047,0.6287365986966575,0.23980196755795977,0.6725286639907615,0.2031989699167176,1,0.0020964360587002098,-0.047607849413484574,-0.047607849413484574,10.457051323361721,0.0,0.06576761838592278,1,0,141,335
multiclass_probability_sum,20,0,0.63,0.007042253521126761,1.0,0.013986013986013986,1.0,0.0,0.9929577464788732,0.4610402290806047,0.6287365986966575,0.23980196755795977,0.6725286639907615,0.2031989699167176,1,0.0020964360587002098,-0.047607849413484574,-0.047607849413484574,10.457051323361721,0.0,0.06576761838592278,1,0,141,335
multiclass_probability_sum,20,0,0.64,0.0,0.0,0.0,1.0,0.0,1.0,0.4610402290806047,0.6287365986966575,0.23980196755795977,0.6725286639907615,0.2031989699167176,0,0.0,,,10.504659172775206,0.0,0.06606703882248557,0,0,142,335
multiclass_probability_sum,20,0,0.65,0.0,0.0,0.0,1.0,0.0,1.0,0.4610402290806047,0.6287365986966575,0.23980196755795977,0.6725286639907615,0.2031989699167176,0,0.0,,,10.504659172775206,0.0,0.06606703882248557,0,0,142,335
multiclass_probability_sum,20,0,0.66,0.0,0.0,0.0,1.0,0.0,1.0,0.4610402290806047,0.6287365986966575,0.23980196755795977,0.6725286639907615,0.2031989699167176,0,0.0,,,10.504659172775206,0.0,0.06606703882248557,0,0,142,335
multiclass_probability_sum,20,0,0.67,0.0,0.0,0.0,1.0,0.0,1.0,0.4610402290806047,0.6287365986966575,0.23980196755795977,0.6725286639907615,0.2031989699167176,0,0.0,,,10.504659172775206,0.0,0.06606703882248557,0,0,142,335
multiclass_probability_sum,20,0,0.68,0.0,0.0,0.0,1.0,0.0,1.0,0.4610402290806047,0.6287365986966575,0.23980196755795977,0.6725286639907615,0.2031989699167176,0,0.0,,,10.504659172775206,0.0,0.06606703882248557,0,0,142,335
multiclass_probability_sum,20,0,0.69,0.0,0.0,0.0,1.0,0.0,1.0,0.4610402290806047,0.6287365986966575,0.23980196755795977,0.6725286639907615,0.2031989699167176,0,0.0,,,10.504659172775206,0.0,0.06606703882248557,0,0,142,335
multiclass_probability_sum,20,0,0.7,0.0,0.0,0.0,1.0,0.0,1.0,0.4610402290806047,0.6287365986966575,0.23980196755795977,0.6725286639907615,0.2031989699167176,0,0.0,,,10.504659172775206,0.0,0.06606703882248557,0,0,142,335
multiclass_probability_sum,20,0,0.71,0.0,0.0,0.0,1.0,0.0,1.0,0.4610402290806047,0.6287365986966575,0.23980196755795977,0.6725286639907615,0.2031989699167176,0,0.0,,,10.504659172775206,0.0,0.06606703882248557,0,0,142,335
multiclass_probability_sum,20,0,0.72,0.0,0.0,0.0,1.0,0.0,1.0,0.4610402290806047,0.6287365986966575,0.23980196755795977,0.6725286639907615,0.2031989699167176,0,0.0,,,10.504659172775206,0.0,0.06606703882248557,0,0,142,335
multiclass_probability_sum,20,0,0.73,0.0,0.0,0.0,1.0,0.0,1.0,0.4610402290806047,0.6287365986966575,0.23980196755795977,0.6725286639907615,0.2031989699167176,0,0.0,,,10.504659172775206,0.0,0.06606703882248557,0,0,142,335
multiclass_probability_sum,20,0,0.74,0.0,0.0,0.0,1.0,0.0,1.0,0.4610402290806047,0.6287365986966575,0.23980196755795977,0.6725286639907615,0.2031989699167176,0,0.0,,,10.504659172775206,0.0,0.06606703882248557,0,0,142,335
multiclass_probability_sum,20,0,0.75,0.0,0.0,0.0,1.0,0.0,1.0,0.4610402290806047,0.6287365986966575,0.23980196755795977,0.6725286639907615,0.2031989699167176,0,0.0,,,10.504659172775206,0.0,0.06606703882248557,0,0,142,335
multiclass_probability_sum,20,0,0.76,0.0,0.0,0.0,1.0,0.0,1.0,0.4610402290806047,0.6287365986966575,0.23980196755795977,0.6725286639907615,0.2031989699167176,0,0.0,,,10.504659172775206,0.0,0.06606703882248557,0,0,142,335
multiclass_probability_sum,20,0,0.77,0.0,0.0,0.0,1.0,0.0,1.0,0.4610402290806047,0.6287365986966575,0.23980196755795977,0.6725286639907615,0.2031989699167176,0,0.0,,,10.504659172775206,0.0,0.06606703882248557,0,0,142,335
multiclass_probability_sum,20,0,0.78,0.0,0.0,0.0,1.0,0.0,1.0,0.4610402290806047,0.6287365986966575,0.23980196755795977,0.6725286639907615,0.2031989699167176,0,0.0,,,10.504659172775206,0.0,0.06606703882248557,0,0,142,335
multiclass_probability_sum,20,0,0.79,0.0,0.0,0.0,1.0,0.0,1.0,0.4610402290806047,0.6287365986966575,0.23980196755795977,0.6725286639907615,0.2031989699167176,0,0.0,,,10.504659172775206,0.0,0.06606703882248557,0,0,142,335
multiclass_probability_sum,20,0,0.8,0.0,0.0,0.0,1.0,0.0,1.0,0.4610402290806047,0.6287365986966575,0.23980196755795977,0.6725286639907615,0.2031989699167176,0,0.0,,,10.504659172775206,0.0,0.06606703882248557,0,0,142,335
candidate_risk_off,20,0,0.05,1.0,0.2976939203354298,0.4588045234248789,0.0,1.0,0.0,0.30285962497566754,0.4813117511036367,0.2829195568125731,0.7607828005266262,0.25741480437071557,477,1.0,0.007318034101471334,-0.029043132783113844,0.0,11.265340152820452,0.023617065309896126,142,335,0,0
candidate_risk_off,20,0,0.06,1.0,0.2976939203354298,0.4588045234248789,0.0,1.0,0.0,0.30285962497566754,0.4813117511036367,0.2829195568125731,0.7607828005266262,0.25741480437071557,477,1.0,0.007318034101471334,-0.029043132783113844,0.0,11.265340152820452,0.023617065309896126,142,335,0,0
candidate_risk_off,20,0,0.07,1.0,0.2976939203354298,0.4588045234248789,0.0,1.0,0.0,0.30285962497566754,0.4813117511036367,0.2829195568125731,0.7607828005266262,0.25741480437071557,477,1.0,0.007318034101471334,-0.029043132783113844,0.0,11.265340152820452,0.023617065309896126,142,335,0,0
candidate_risk_off,20,0,0.08,1.0,0.2976939203354298,0.4588045234248789,0.0,1.0,0.0,0.30285962497566754,0.4813117511036367,0.2829195568125731,0.7607828005266262,0.25741480437071557,477,1.0,0.007318034101471334,-0.029043132783113844,0.0,11.265340152820452,0.023617065309896126,142,335,0,0
candidate_risk_off,20,0,0.09,1.0,0.2976939203354298,0.4588045234248789,0.0,1.0,0.0,0.30285962497566754,0.4813117511036367,0.2829195568125731,0.7607828005266262,0.25741480437071557,477,1.0,0.007318034101471334,-0.029043132783113844,0.0,11.265340152820452,0.023617065309896126,142,335,0,0
candidate_risk_off,20,0,0.1,1.0,0.2976939203354298,0.4588045234248789,0.0,1.0,0.0,0.30285962497566754,0.4813117511036367,0.2829195568125731,0.7607828005266262,0.25741480437071557,477,1.0,0.007318034101471334,-0.029043132783113844,0.0,11.265340152820452,0.023617065309896126,142,335,0,0
candidate_risk_off,20,0,0.11,1.0,0.2976939203354298,0.4588045234248789,0.0,1.0,0.0,0.30285962497566754,0.4813117511036367,0.2829195568125731,0.7607828005266262,0.25741480437071557,477,1.0,0.007318034101471334,-0.029043132783113844,0.0,11.265340152820452,0.023617065309896126,142,335,0,0
candidate_risk_off,20,0,0.12,1.0,0.2976939203354298,0.4588045234248789,0.0,1.0,0.0,0.30285962497566754,0.4813117511036367,0.2829195568125731,0.7607828005266262,0.25741480437071557,477,1.0,0.007318034101471334,-0.029043132783113844,0.0,11.265340152820452,0.023617065309896126,142,335,0,0
candidate_risk_off,20,0,0.13,1.0,0.2976939203354298,0.4588045234248789,0.0,1.0,0.0,0.30285962497566754,0.4813117511036367,0.2829195568125731,0.7607828005266262,0.25741480437071557,477,1.0,0.007318034101471334,-0.029043132783113844,0.0,11.265340152820452,0.023617065309896126,142,335,0,0
candidate_risk_off,20,0,0.14,1.0,0.2976939203354298,0.4588045234248789,0.0,1.0,0.0,0.30285962497566754,0.4813117511036367,0.2829195568125731,0.7607828005266262,0.25741480437071557,477,1.0,0.007318034101471334,-0.029043132783113844,0.0,11.265340152820452,0.023617065309896126,142,335,0,0
candidate_risk_off,20,0,0.15,1.0,0.2976939203354298,0.4588045234248789,0.0,1.0,0.0,0.30285962497566754,0.4813117511036367,0.2829195568125731,0.7607828005266262,0.25741480437071557,477,1.0,0.007318034101471334,-0.029043132783113844,0.0,11.265340152820452,0.023617065309896126,142,335,0,0
candidate_risk_off,20,0,0.16,1.0,0.2976939203354298,0.4588045234248789,0.0,1.0,0.0,0.30285962497566754,0.4813117511036367,0.2829195568125731,0.7607828005266262,0.25741480437071557,477,1.0,0.007318034101471334,-0.029043132783113844,0.0,11.265340152820452,0.023617065309896126,142,335,0,0
candidate_risk_off,20,0,0.17,1.0,0.2976939203354298,0.4588045234248789,0.0,1.0,0.0,0.30285962497566754,0.4813117511036367,0.2829195568125731,0.7607828005266262,0.25741480437071557,477,1.0,0.007318034101471334,-0.029043132783113844,0.0,11.265340152820452,0.023617065309896126,142,335,0,0
candidate_risk_off,20,0,0.18,1.0,0.2976939203354298,0.4588045234248789,0.0,1.0,0.0,0.30285962497566754,0.4813117511036367,0.2829195568125731,0.7607828005266262,0.25741480437071557,477,1.0,0.007318034101471334,-0.029043132783113844,0.0,11.265340152820452,0.023617065309896126,142,335,0,0
candidate_risk_off,20,0,0.19,1.0,0.2976939203354298,0.4588045234248789,0.0,1.0,0.0,0.30285962497566754,0.4813117511036367,0.2829195568125731,0.7607828005266262,0.25741480437071557,477,1.0,0.007318034101471334,-0.029043132783113844,0.0,11.265340152820452,0.023617065309896126,142,335,0,0
candidate_risk_off,20,0,0.2,1.0,0.2976939203354298,0.4588045234248789,0.0,1.0,0.0,0.30285962497566754,0.4813117511036367,0.2829195568125731,0.7607828005266262,0.25741480437071557,477,1.0,0.007318034101471334,-0.029043132783113844,0.0,11.265340152820452,0.023617065309896126,142,335,0,0
candidate_risk_off,20,0,0.21,1.0,0.29831932773109243,0.459546925566343,0.0029850746268656717,0.9970149253731343,0.0,0.30285962497566754,0.4813117511036367,0.2829195568125731,0.7607828005266262,0.25741480437071557,476,0.9979035639412998,0.007187380603790329,-0.029122251589018194,0.0,11.195831053822822,0.023471343928349733,142,334,0,1
candidate_risk_off,20,0,0.22,1.0,0.29831932773109243,0.459546925566343,0.0029850746268656717,0.9970149253731343,0.0,0.30285962497566754,0.4813117511036367,0.2829195568125731,0.7607828005266262,0.25741480437071557,476,0.9979035639412998,0.007187380603790329,-0.029122251589018194,0.0,11.195831053822822,0.023471343928349733,142,334,0,1
candidate_risk_off,20,0,0.23,1.0,0.29831932773109243,0.459546925566343,0.0029850746268656717,0.9970149253731343,0.0,0.30285962497566754,0.4813117511036367,0.2829195568125731,0.7607828005266262,0.25741480437071557,476,0.9979035639412998,0.007187380603790329,-0.029122251589018194,0.0,11.195831053822822,0.023471343928349733,142,334,0,1
candidate_risk_off,20,0,0.24,1.0,0.29831932773109243,0.459546925566343,0.0029850746268656717,0.9970149253731343,0.0,0.30285962497566754,0.4813117511036367,0.2829195568125731,0.7607828005266262,0.25741480437071557,476,0.9979035639412998,0.007187380603790329,-0.029122251589018194,0.0,11.195831053822822,0.023471343928349733,142,334,0,1
candidate_risk_off,20,0,0.25,1.0,0.29894736842105263,0.46029173419773095,0.005970149253731343,0.9940298507462687,0.0,0.30285962497566754,0.4813117511036367,0.2829195568125731,0.7607828005266262,0.25741480437071557,475,0.9958071278825996,0.007130985771910792,-0.02915450104084737,0.0,11.161856128076252,0.02340011766892296,142,333,0,2
candidate_risk_off,20,0,0.26,1.0,0.29894736842105263,0.46029173419773095,0.005970149253731343,0.9940298507462687,0.0,0.30285962497566754,0.4813117511036367,0.2829195568125731,0.7607828005266262,0.25741480437071557,475,0.9958071278825996,0.007130985771910792,-0.02915450104084737,0.0,11.161856128076252,0.02340011766892296,142,333,0,2
candidate_risk_off,20,0,0.27,1.0,0.29894736842105263,0.46029173419773095,0.005970149253731343,0.9940298507462687,0.0,0.30285962497566754,0.4813117511036367,0.2829195568125731,0.7607828005266262,0.25741480437071557,475,0.9958071278825996,0.007130985771910792,-0.02915450104084737,0.0,11.161856128076252,0.02340011766892296,142,333,0,2
candidate_risk_off,20,0,0.28,1.0,0.29894736842105263,0.46029173419773095,0.005970149253731343,0.9940298507462687,0.0,0.30285962497566754,0.4813117511036367,0.2829195568125731,0.7607828005266262,0.25741480437071557,475,0.9958071278825996,0.007130985771910792,-0.02915450104084737,0.0,11.161856128076252,0.02340011766892296,142,333,0,2
candidate_risk_off,20,0,0.29,1.0,0.29957805907172996,0.461038961038961,0.008955223880597015,0.991044776119403,0.0,0.30285962497566754,0.4813117511036367,0.2829195568125731,0.7607828005266262,0.25741480437071557,474,0.9937106918238994,0.007066720662025099,-0.02919429992884279,0.0,11.124263480218524,0.023321307086412,142,332,0,3
candidate_risk_off,20,0,0.3,1.0,0.30021141649048627,0.46178861788617886,0.011940298507462687,0.9880597014925373,0.0,0.30285962497566754,0.4813117511036367,0.2829195568125731,0.7607828005266262,0.25741480437071557,473,0.9916142557651991,0.006987014970804451,-0.029246987241041723,0.0,11.07949596760913,0.02322745485871935,142,331,0,4
candidate_risk_off,20,0,0.31,1.0,0.30021141649048627,0.46178861788617886,0.011940298507462687,0.9880597014925373,0.0,0.30285962497566754,0.4813117511036367,0.2829195568125731,0.7607828005266262,0.25741480437071557,473,0.9916142557651991,0.006987014970804451,-0.029246987241041723,0.0,11.07949596760913,0.02322745485871935,142,331,0,4
candidate_risk_off,20,0,0.32,1.0,0.3008474576271186,0.46254071661237783,0.014925373134328358,0.9850746268656716,0.0,0.30285962497566754,0.4813117511036367,0.2829195568125731,0.7607828005266262,0.25741480437071557,472,0.989517819706499,0.006939415189044666,-0.029267380952230575,0.0,11.050041855647708,0.023165706196326432,142,330,0,5
candidate_risk_off,20,0,0.33,1.0,0.3008474576271186,0.46254071661237783,0.014925373134328358,0.9850746268656716,0.0,0.30285962497566754,0.4813117511036367,0.2829195568125731,0.7607828005266262,0.25741480437071557,472,0.989517819706499,0.006939415189044666,-0.029267380952230575,0.0,11.050041855647708,0.023165706196326432,142,330,0,5
candidate_risk_off,20,0,0.34,1.0,0.3021276595744681,0.46405228758169936,0.020895522388059702,0.9791044776119403,0.0,0.30285962497566754,0.4813117511036367,0.2829195568125731,0.7607828005266262,0.25741480437071557,470,0.9853249475890985,0.006837218930668179,-0.02935737332448259,0.0,10.98813078383267,0.023035913592940608,142,328,0,7
candidate_risk_off,20,0,0.35,1.0,0.3034188034188034,0.4655737704918032,0.026865671641791045,0.9731343283582089,0.0,0.30285962497566754,0.4813117511036367,0.2829195568125731,0.7607828005266262,0.25741480437071557,468,0.9811320754716981,0.006684783556662964,-0.02945098102982314,0.0,10.903116590936893,0.022857686773452606,142,326,0,9
candidate_risk_off,20,0,0.36,1.0,0.3034188034188034,0.4655737704918032,0.026865671641791045,0.9731343283582089,0.0,0.30285962497566754,0.4813117511036367,0.2829195568125731,0.7607828005266262,0.25741480437071557,468,0.9811320754716981,0.006684783556662964,-0.02945098102982314,0.0,10.903116590936893,0.022857686773452606,142,326,0,9
candidate_risk_off,20,0,0.37,1.0,0.3053763440860215,0.4678747940691927,0.03582089552238806,0.9641791044776119,0.0,0.30285962497566754,0.4813117511036367,0.2829195568125731,0.7607828005266262,0.25741480437071557,465,0.9748427672955975,0.006527446869103993,-0.029606756787650013,0.0,10.809900680551983,0.022662265577677115,142,323,0,12
candidate_risk_off,20,0,0.38,0.9929577464788732,0.30387931034482757,0.46534653465346526,0.03582089552238806,0.9641791044776119,0.007042253521126761,0.30285962497566754,0.4813117511036367,0.2829195568125731,0.7607828005266262,0.25741480437071557,464,0.9727463312368972,0.006635361902753922,-0.029576717192915505,0.04354512874446226,10.809900680551983,0.022936134311919015,141,323,1,12
candidate_risk_off,20,0,0.39,0.971830985915493,0.3,0.45847176079734214,0.03880597014925373,0.9611940298507463,0.028169014084507043,0.30285962497566754,0.4813117511036367,0.2829195568125731,0.7607828005266262,0.25741480437071557,460,0.9643605870020965,0.007004853765082994,-0.02942879408176657,0.18788889671095205,10.809900680551983,0.02384395675195983,138,322,4,13
candidate_risk_off,20,0,0.4,0.9647887323943662,0.29978118161925604,0.4574290484140234,0.04477611940298507,0.9552238805970149,0.035211267605633804,0.30285962497566754,0.4813117511036367,0.2829195568125731,0.7607828005266262,0.25741480437071557,457,0.9580712788259959,0.006874573928849759,-0.02946712782562747,0.24264146476715415,10.70570329385127,0.023969869367196504,137,320,5,15
candidate_risk_off,20,0,0.41,0.9577464788732394,0.2989010989010989,0.4556113902847571,0.04776119402985075,0.9522388059701492,0.04225352112676056,0.30285962497566754,0.4813117511036367,0.2829195568125731,0.7607828005266262,0.25741480437071557,455,0.9538784067085954,0.006882380078998014,-0.02949423619443328,0.2939731685706944,10.669599758121748,0.024217021517471345,136,319,6,16
candidate_risk_off,20,0,0.42,0.9507042253521126,0.30269058295964124,0.45918367346938777,0.07164179104477612,0.9283582089552239,0.04929577464788732,0.30285962497566754,0.4813117511036367,0.2829195568125731,0.7607828005266262,0.25741480437071557,446,0.9350104821802935,0.006369999471922006,-0.029953354245877365,0.34158101798417895,10.331528737241381,0.02380769767545895,135,311,7,24
candidate_risk_off,20,0,0.43,0.9295774647887324,0.30068337129840544,0.4543889845094664,0.08358208955223881,0.9164179104477612,0.07042253521126761,0.30285962497566754,0.4813117511036367,0.2829195568125731,0.7607828005266262,0.25741480437071557,439,0.9203354297693921,0.006397425528052991,-0.030078775625575743,0.4816271032489989,10.16650277910559,0.02434252429528844,132,307,10,28
candidate_risk_off,20,0,0.44,0.9084507042253521,0.296551724137931,0.4471403812824956,0.08656716417910448,0.9134328358208955,0.09154929577464789,0.30285962497566754,0.4813117511036367,0.2829195568125731,0.7607828005266262,0.25741480437071557,435,0.9119496855345912,0.006726468895093812,-0.02997225480244816,0.6341962526018121,10.16650277910559,0.02530207869373381,129,306,13,29
candidate_risk_off,20,0,0.45,0.9084507042253521,0.29930394431554525,0.4502617801047121,0.09850746268656717,0.9014925373134328,0.09154929577464789,0.30285962497566754,0.4813117511036367,0.2829195568125731,0.7607828005266262,0.25741480437071557,431,0.9035639412997903,0.006619849906395243,-0.030199862797252213,0.6341962526018121,10.093109873214662,0.025148215159371275,129,302,13,33
candidate_risk_off,20,0,0.46,0.8943661971830986,0.29952830188679247,0.4487632508833923,0.11343283582089553,0.8865671641791045,0.1056338028169014,0.30285962497566754,0.4813117511036367,0.2829195568125731,0.7607828005266262,0.25741480437071557,424,0.8888888888888888,0.006630795355878516,-0.030443767104748002,0.724058214738737,9.954116365960779,0.025421993732027234,127,297,15,38
candidate_risk_off,20,0,0.47,0.8732394366197183,0.30097087378640774,0.447653429602888,0.14029850746268657,0.8597014925373134,0.1267605633802817,0.30285962497566754,0.4813117511036367,0.2829195568125731,0.7607828005266262,0.25741480437071557,412,0.8637316561844863,0.006991212874896987,-0.03072346158334455,0.9055058232719317,9.851898030059909,0.026348879454666047,124,288,18,47
candidate_risk_off,20,0,0.48,0.8098591549295775,0.2904040404040404,0.42750929368029733,0.16119402985074627,0.8388059701492537,0.19014084507042253,0.30285962497566754,0.4813117511036367,0.2829195568125731,0.7607828005266262,0.25741480437071557,396,0.8301886792452831,0.008091558227759334,-0.030186309056923842,1.4706865652954226,9.66510881206112,0.02951188366445993,115,281,27,54
candidate_risk_off,20,0,0.49,0.7816901408450704,0.2898172323759791,0.4228571428571428,0.1880597014925373,0.8119402985074626,0.21830985915492956,0.30285962497566754,0.4813117511036367,0.2829195568125731,0.7607828005266262,0.25741480437071557,383,0.8029350104821803,0.008357907459816362,-0.030389216533557938,1.7014642802817965,9.467051455299316,0.030548101249779254,111,272,31,63
candidate_risk_off,20,0,0.5,0.7394366197183099,0.28846153846153844,0.4150197628458498,0.22686567164179106,0.7731343283582089,0.2605633802816901,0.30285962497566754,0.4813117511036367,0.2829195568125731,0.7607828005266262,0.25741480437071557,364,0.7631027253668763,0.009019018587562962,-0.030460571814085843,2.1496338996138706,9.19493349072496,0.03279630018777059,105,259,37,76
candidate_risk_off,20,0,0.51,0.6830985915492958,0.27873563218390807,0.3959183673469388,0.2507462686567164,0.7492537313432835,0.31690140845070425,0.30285962497566754,0.4813117511036367,0.2829195568125731,0.7607828005266262,0.25741480437071557,348,0.7295597484276729,0.009613245998252478,-0.030245502089276115,2.6707965490976044,8.88612482948015,0.035426655087574345,97,251,45,84
candidate_risk_off,20,0,0.52,0.6056338028169014,0.26461538461538464,0.36830835117773025,0.2865671641791045,0.7134328358208956,0.39436619718309857,0.30285962497566754,0.4813117511036367,0.2829195568125731,0.7607828005266262,0.25741480437071557,325,0.6813417190775681,0.010905997032097488,-0.02980646010544472,3.3593537087616343,8.597391265364557,0.039151891806392995,86,239,56,96
candidate_risk_off,20,0,0.53,0.5563380281690141,0.26158940397350994,0.3558558558558559,0.33432835820895523,0.6656716417910448,0.44366197183098594,0.30285962497566754,0.4813117511036367,0.2829195568125731,0.7607828005266262,0.25741480437071557,302,0.6331236897274634,0.010743322460809118,-0.03003587375603586,3.796303273894612,8.038602259607567,0.040728536858053256,79,223,63,112
candidate_risk_off,20,0,0.54,0.528169014084507,0.2631578947368421,0.351288056206089,0.373134328358209,0.6268656716417911,0.47183098591549294,0.30285962497566754,0.4813117511036367,0.2829195568125731,0.7607828005266262,0.25741480437071557,285,0.5974842767295597,0.01078774262680063,-0.03049772764089753,4.069160908291878,7.624210329932432,0.041575876425174144,75,210,67,125
candidate_risk_off,20,0,0.55,0.5,0.26591760299625467,0.3471882640586797,0.41492537313432837,0.5850746268656717,0.5,0.30285962497566754,0.4813117511036367,0.2829195568125731,0.7607828005266262,0.25741480437071557,267,0.559748427672956,0.011222004384453055,-0.030579075068029683,4.365797990195306,7.281821332373719,0.0427237218091397,71,196,71,139
candidate_risk_off,20,0,0.56,0.4788732394366197,0.27091633466135456,0.34605597964376583,0.4537313432835821,0.5462686567164179,0.5211267605633803,0.30285962497566754,0.4813117511036367,0.2829195568125731,0.7607828005266262,0.25741480437071557,251,0.5262054507337526,0.010814064678378903,-0.031035773497139513,4.495612128840371,6.877867603831691,0.04269329977013166,68,183,74,152
candidate_risk_off,20,0,0.57,0.43661971830985913,0.28054298642533937,0.34159779614325064,0.5253731343283582,0.4746268656716418,0.5633802816901409,0.30285962497566754,0.4813117511036367,0.2829195568125731,0.7607828005266262,0.25741480437071557,221,0.46331236897274636,0.008404974594375676,-0.03255135458128079,4.870691728845016,5.737503716799474,0.042661590992315555,62,159,80,176
candidate_risk_off,20,0,0.58,0.4154929577464789,0.28921568627450983,0.3410404624277457,0.5671641791044776,0.43283582089552236,0.5845070422535211,0.30285962497566754,0.4813117511036367,0.2829195568125731,0.7607828005266262,0.25741480437071557,204,0.4276729559748428,0.006597361590913033,-0.033149530704892884,5.16250571755969,5.009030719176672,0.04296970203743342,59,145,83,190
candidate_risk_off,20,0,0.59,0.36619718309859156,0.29545454545454547,0.32704402515723274,0.6298507462686567,0.3701492537313433,0.6338028169014085,0.30285962497566754,0.4813117511036367,0.2829195568125731,0.7607828005266262,0.25741480437071557,176,0.3689727463312369,0.005896964877413081,-0.03463992249549739,5.7423097405855685,4.247440963062391,0.04501964399333144,52,124,90,211
candidate_risk_off,20,0,0.6,0.3028169014084507,0.28859060402684567,0.29553264604810997,0.6835820895522388,0.3164179104477612,0.6971830985915493,0.30285962497566754,0.4813117511036367,0.2829195568125731,0.7607828005266262,0.25741480437071557,149,0.31236897274633124,0.005400969141547126,-0.0346143993815806,6.442307032166272,3.5842230803221544,0.04803174879836681,43,106,99,229
candidate_risk_off,20,0,0.61,0.2746478873239437,0.325,0.29770992366412213,0.7582089552238805,0.2417910447761194,0.7253521126760564,0.30285962497566754,0.4813117511036367,0.2829195568125731,0.7607828005266262,0.25741480437071557,120,0.25157232704402516,0.001858994640444819,-0.03733544863216505,6.8737130300944616,2.7272829216804855,0.04894847381963075,39,81,103,254
candidate_risk_off,20,0,0.62,0.24647887323943662,0.3431372549019608,0.28688524590163933,0.8,0.2,0.7535211267605634,0.30285962497566754,0.4813117511036367,0.2829195568125731,0.7607828005266262,0.25741480437071557,102,0.2138364779874214,-0.0014166443668556339,-0.039500301244504425,7.276894728727217,2.2118564671030696,0.050403649168311776,35,67,107,268
candidate_risk_off,20,0,0.63,0.19718309859154928,0.32941176470588235,0.24669603524229072,0.8298507462686567,0.1701492537313433,0.8028169014084507,0.30285962497566754,0.4813117511036367,0.2829195568125731,0.7607828005266262,0.25741480437071557,85,0.17819706498951782,-0.00027452840192631895,-0.039305232762498,7.873773041066781,1.811321507547716,0.05331790488626428,28,57,114,278
candidate_risk_off,20,0,0.64,0.15492957746478872,0.3548387096774194,0.2156862745098039,0.8805970149253731,0.11940298507462686,0.8450704225352113,0.30285962497566754,0.4813117511036367,0.2829195568125731,0.7607828005266262,0.25741480437071557,62,0.129979035639413,0.000565852127289744,-0.042119571615416886,8.477873620816661,1.3360545972533433,0.05612091291342417,22,40,120,295
candidate_risk_off,20,0,0.65,0.1267605633802817,0.3829787234042553,0.1904761904761905,0.9134328358208955,0.08656716417910448,0.8732394366197183,0.30285962497566754,0.4813117511036367,0.2829195568125731,0.7607828005266262,0.25741480437071557,47,0.09853249475890985,-0.001820509787439366,-0.047328412629235456,8.877965613336048,0.9334876942630951,0.057793258981700714,18,29,124,306
candidate_risk_off,20,0,0.66,0.09859154929577464,0.358974358974359,0.1546961325966851,0.9253731343283582,0.07462686567164178,0.9014084507042254,0.30285962497566754,0.4813117511036367,0.2829195568125731,0.7607828005266262,0.25741480437071557,39,0.08176100628930817,-0.00023310560094466656,-0.04799185779495013,9.175005178737027,0.8358625123566857,0.05945676739741671,14,25,128,310
candidate_risk_off,20,0,0.67,0.07746478873239436,0.34375,0.1264367816091954,0.9373134328358209,0.0626865671641791,0.9225352112676056,0.30285962497566754,0.4813117511036367,0.2829195568125731,0.7607828005266262,0.25741480437071557,32,0.06708595387840671,0.0026287540988972086,-0.048749255278330815,9.44088930680661,0.7271516451663631,0.06090108923602976,11,21,131,314
candidate_risk_off,20,0,0.68,0.04929577464788732,0.30434782608695654,0.08484848484848484,0.9522388059701492,0.04776119402985075,0.9507042253521126,0.30285962497566754,0.4813117511036367,0.2829195568125731,0.7607828005266262,0.25741480437071557,23,0.04821802935010482,0.0026021128428978836,-0.049202081535049846,9.830753198449068,0.46712761305240946,0.06280793964025076,7,16,135,319
candidate_risk_off,20,0,0.69,0.04225352112676056,0.2857142857142857,0.0736196319018405,0.9552238805970149,0.04477611940298507,0.9577464788732394,0.30285962497566754,0.4813117511036367,0.2829195568125731,0.7607828005266262,0.25741480437071557,21,0.0440251572327044,0.00507202338517664,-0.04679005464881817,9.926114677041427,0.46712761305240946,0.06340769736724673,6,15,136,320
candidate_risk_off,20,0,0.7,0.02112676056338028,0.2727272727272727,0.0392156862745098,0.9761194029850746,0.023880597014925373,0.9788732394366197,0.30285962497566754,0.4813117511036367,0.2829195568125731,0.7607828005266262,0.25741480437071557,11,0.023060796645702306,0.006612708036848236,-0.046336187104317667,10.24127698419871,0.2523783038728555,0.06493964204710478,3,8,139,327
candidate_risk_off,20,0,0.71,0.014084507042253521,0.25,0.02666666666666667,0.982089552238806,0.01791044776119403,0.9859154929577465,0.30285962497566754,0.4813117511036367,0.2829195568125731,0.7607828005266262,0.25741480437071557,8,0.016771488469601678,0.01201573071575011,-0.044524421585475475,10.318288626500415,0.2089015519742481,0.06533284576829243,2,6,140,329
candidate_risk_off,20,0,0.72,0.0,0.0,0.0,0.9880597014925373,0.011940298507462687,1.0,0.30285962497566754,0.4813117511036367,0.2829195568125731,0.7607828005266262,0.25741480437071557,4,0.008385744234800839,0.045396125948025105,-0.017298811766993556,10.504659172775206,0.18158450379210042,0.06644771912393652,0,4,142,331
candidate_risk_off,20,0,0.73,0.0,0.0,0.0,0.991044776119403,0.008955223880597015,1.0,0.30285962497566754,0.4813117511036367,0.2829195568125731,0.7607828005266262,0.25741480437071557,3,0.006289308176100629,0.040078787329353216,-0.026106433592934908,10.504659172775206,0.12023636198805965,0.06631910666732427,0,3,142,332
candidate_risk_off,20,0,0.74,0.0,0.0,0.0,1.0,0.0,1.0,0.30285962497566754,0.4813117511036367,0.2829195568125731,0.7607828005266262,0.25741480437071557,0,0.0,,,10.504659172775206,0.0,0.06606703882248557,0,0,142,335
candidate_risk_off,20,0,0.75,0.0,0.0,0.0,1.0,0.0,1.0,0.30285962497566754,0.4813117511036367,0.2829195568125731,0.7607828005266262,0.25741480437071557,0,0.0,,,10.504659172775206,0.0,0.06606703882248557,0,0,142,335
candidate_risk_off,20,0,0.76,0.0,0.0,0.0,1.0,0.0,1.0,0.30285962497566754,0.4813117511036367,0.2829195568125731,0.7607828005266262,0.25741480437071557,0,0.0,,,10.504659172775206,0.0,0.06606703882248557,0,0,142,335
candidate_risk_off,20,0,0.77,0.0,0.0,0.0,1.0,0.0,1.0,0.30285962497566754,0.4813117511036367,0.2829195568125731,0.7607828005266262,0.25741480437071557,0,0.0,,,10.504659172775206,0.0,0.06606703882248557,0,0,142,335
candidate_risk_off,20,0,0.78,0.0,0.0,0.0,1.0,0.0,1.0,0.30285962497566754,0.4813117511036367,0.2829195568125731,0.7607828005266262,0.25741480437071557,0,0.0,,,10.504659172775206,0.0,0.06606703882248557,0,0,142,335
candidate_risk_off,20,0,0.79,0.0,0.0,0.0,1.0,0.0,1.0,0.30285962497566754,0.4813117511036367,0.2829195568125731,0.7607828005266262,0.25741480437071557,0,0.0,,,10.504659172775206,0.0,0.06606703882248557,0,0,142,335
candidate_risk_off,20,0,0.8,0.0,0.0,0.0,1.0,0.0,1.0,0.30285962497566754,0.4813117511036367,0.2829195568125731,0.7607828005266262,0.25741480437071557,0,0.0,,,10.504659172775206,0.0,0.06606703882248557,0,0,142,335
multiclass_probability_sum,20,1,0.05,1.0,0.2557651991614256,0.40734557595993326,0.0,1.0,0.0,0.4106609872608633,0.6417224659432001,0.2550766210018585,0.7032917520151828,0.27079789357227724,477,1.0,0.010453826803254707,-0.025440065951785048,0.0,11.137870246276092,0.023349832801417385,122,355,0,0
multiclass_probability_sum,20,1,0.06,1.0,0.2557651991614256,0.40734557595993326,0.0,1.0,0.0,0.4106609872608633,0.6417224659432001,0.2550766210018585,0.7032917520151828,0.27079789357227724,477,1.0,0.010453826803254707,-0.025440065951785048,0.0,11.137870246276092,0.023349832801417385,122,355,0,0
multiclass_probability_sum,20,1,0.07,1.0,0.2557651991614256,0.40734557595993326,0.0,1.0,0.0,0.4106609872608633,0.6417224659432001,0.2550766210018585,0.7032917520151828,0.27079789357227724,477,1.0,0.010453826803254707,-0.025440065951785048,0.0,11.137870246276092,0.023349832801417385,122,355,0,0
multiclass_probability_sum,20,1,0.08,1.0,0.2557651991614256,0.40734557595993326,0.0,1.0,0.0,0.4106609872608633,0.6417224659432001,0.2550766210018585,0.7032917520151828,0.27079789357227724,477,1.0,0.010453826803254707,-0.025440065951785048,0.0,11.137870246276092,0.023349832801417385,122,355,0,0
multiclass_probability_sum,20,1,0.09,1.0,0.2557651991614256,0.40734557595993326,0.0,1.0,0.0,0.4106609872608633,0.6417224659432001,0.2550766210018585,0.7032917520151828,0.27079789357227724,477,1.0,0.010453826803254707,-0.025440065951785048,0.0,11.137870246276092,0.023349832801417385,122,355,0,0
multiclass_probability_sum,20,1,0.1,1.0,0.2557651991614256,0.40734557595993326,0.0,1.0,0.0,0.4106609872608633,0.6417224659432001,0.2550766210018585,0.7032917520151828,0.27079789357227724,477,1.0,0.010453826803254707,-0.025440065951785048,0.0,11.137870246276092,0.023349832801417385,122,355,0,0
multiclass_probability_sum,20,1,0.11,1.0,0.2557651991614256,0.40734557595993326,0.0,1.0,0.0,0.4106609872608633,0.6417224659432001,0.2550766210018585,0.7032917520151828,0.27079789357227724,477,1.0,0.010453826803254707,-0.025440065951785048,0.0,11.137870246276092,0.023349832801417385,122,355,0,0
multiclass_probability_sum,20,1,0.12,1.0,0.2557651991614256,0.40734557595993326,0.0,1.0,0.0,0.4106609872608633,0.6417224659432001,0.2550766210018585,0.7032917520151828,0.27079789357227724,477,1.0,0.010453826803254707,-0.025440065951785048,0.0,11.137870246276092,0.023349832801417385,122,355,0,0
multiclass_probability_sum,20,1,0.13,1.0,0.2557651991614256,0.40734557595993326,0.0,1.0,0.0,0.4106609872608633,0.6417224659432001,0.2550766210018585,0.7032917520151828,0.27079789357227724,477,1.0,0.010453826803254707,-0.025440065951785048,0.0,11.137870246276092,0.023349832801417385,122,355,0,0
multiclass_probability_sum,20,1,0.14,1.0,0.2557651991614256,0.40734557595993326,0.0,1.0,0.0,0.4106609872608633,0.6417224659432001,0.2550766210018585,0.7032917520151828,0.27079789357227724,477,1.0,0.010453826803254707,-0.025440065951785048,0.0,11.137870246276092,0.023349832801417385,122,355,0,0
multiclass_probability_sum,20,1,0.15,1.0,0.2557651991614256,0.40734557595993326,0.0,1.0,0.0,0.4106609872608633,0.6417224659432001,0.2550766210018585,0.7032917520151828,0.27079789357227724,477,1.0,0.010453826803254707,-0.025440065951785048,0.0,11.137870246276092,0.023349832801417385,122,355,0,0
multiclass_probability_sum,20,1,0.16,1.0,0.2557651991614256,0.40734557595993326,0.0,1.0,0.0,0.4106609872608633,0.6417224659432001,0.2550766210018585,0.7032917520151828,0.27079789357227724,477,1.0,0.010453826803254707,-0.025440065951785048,0.0,11.137870246276092,0.023349832801417385,122,355,0,0
multiclass_probability_sum,20,1,0.17,1.0,0.2557651991614256,0.40734557595993326,0.0,1.0,0.0,0.4106609872608633,0.6417224659432001,0.2550766210018585,0.7032917520151828,0.27079789357227724,477,1.0,0.010453826803254707,-0.025440065951785048,0.0,11.137870246276092,0.023349832801417385,122,355,0,0
multiclass_probability_sum,20,1,0.18,1.0,0.2557651991614256,0.40734557595993326,0.0,1.0,0.0,0.4106609872608633,0.6417224659432001,0.2550766210018585,0.7032917520151828,0.27079789357227724,477,1.0,0.010453826803254707,-0.025440065951785048,0.0,11.137870246276092,0.023349832801417385,122,355,0,0
multiclass_probability_sum,20,1,0.19,1.0,0.2557651991614256,0.40734557595993326,0.0,1.0,0.0,0.4106609872608633,0.6417224659432001,0.2550766210018585,0.7032917520151828,0.27079789357227724,477,1.0,0.010453826803254707,-0.025440065951785048,0.0,11.137870246276092,0.023349832801417385,122,355,0,0
multiclass_probability_sum,20,1,0.2,1.0,0.2557651991614256,0.40734557595993326,0.0,1.0,0.0,0.4106609872608633,0.6417224659432001,0.2550766210018585,0.7032917520151828,0.27079789357227724,477,1.0,0.010453826803254707,-0.025440065951785048,0.0,11.137870246276092,0.023349832801417385,122,355,0,0
multiclass_probability_sum,20,1,0.21,1.0,0.2557651991614256,0.40734557595993326,0.0,1.0,0.0,0.4106609872608633,0.6417224659432001,0.2550766210018585,0.7032917520151828,0.27079789357227724,477,1.0,0.010453826803254707,-0.025440065951785048,0.0,11.137870246276092,0.023349832801417385,122,355,0,0
multiclass_probability_sum,20,1,0.22,1.0,0.2557651991614256,0.40734557595993326,0.0,1.0,0.0,0.4106609872608633,0.6417224659432001,0.2550766210018585,0.7032917520151828,0.27079789357227724,477,1.0,0.010453826803254707,-0.025440065951785048,0.0,11.137870246276092,0.023349832801417385,122,355,0,0
multiclass_probability_sum,20,1,0.23,1.0,0.2557651991614256,0.40734557595993326,0.0,1.0,0.0,0.4106609872608633,0.6417224659432001,0.2550766210018585,0.7032917520151828,0.27079789357227724,477,1.0,0.010453826803254707,-0.025440065951785048,0.0,11.137870246276092,0.023349832801417385,122,355,0,0
multiclass_probability_sum,20,1,0.24,1.0,0.2557651991614256,0.40734557595993326,0.0,1.0,0.0,0.4106609872608633,0.6417224659432001,0.2550766210018585,0.7032917520151828,0.27079789357227724,477,1.0,0.010453826803254707,-0.025440065951785048,0.0,11.137870246276092,0.023349832801417385,122,355,0,0
multiclass_probability_sum,20,1,0.25,1.0,0.2557651991614256,0.40734557595993326,0.0,1.0,0.0,0.4106609872608633,0.6417224659432001,0.2550766210018585,0.7032917520151828,0.27079789357227724,477,1.0,0.010453826803254707,-0.025440065951785048,0.0,11.137870246276092,0.023349832801417385,122,355,0,0
multiclass_probability_sum,20,1,0.26,1.0,0.2557651991614256,0.40734557595993326,0.0,1.0,0.0,0.4106609872608633,0.6417224659432001,0.2550766210018585,0.7032917520151828,0.27079789357227724,477,1.0,0.010453826803254707,-0.025440065951785048,0.0,11.137870246276092,0.023349832801417385,122,355,0,0
multiclass_probability_sum,20,1,0.27,1.0,0.2557651991614256,0.40734557595993326,0.0,1.0,0.0,0.4106609872608633,0.6417224659432001,0.2550766210018585,0.7032917520151828,0.27079789357227724,477,1.0,0.010453826803254707,-0.025440065951785048,0.0,11.137870246276092,0.023349832801417385,122,355,0,0
multiclass_probability_sum,20,1,0.28,1.0,0.2557651991614256,0.40734557595993326,0.0,1.0,0.0,0.4106609872608633,0.6417224659432001,0.2550766210018585,0.7032917520151828,0.27079789357227724,477,1.0,0.010453826803254707,-0.025440065951785048,0.0,11.137870246276092,0.023349832801417385,122,355,0,0
multiclass_probability_sum,20,1,0.29,1.0,0.2557651991614256,0.40734557595993326,0.0,1.0,0.0,0.4106609872608633,0.6417224659432001,0.2550766210018585,0.7032917520151828,0.27079789357227724,477,1.0,0.010453826803254707,-0.025440065951785048,0.0,11.137870246276092,0.023349832801417385,122,355,0,0
multiclass_probability_sum,20,1,0.3,1.0,0.2557651991614256,0.40734557595993326,0.0,1.0,0.0,0.4106609872608633,0.6417224659432001,0.2550766210018585,0.7032917520151828,0.27079789357227724,477,1.0,0.010453826803254707,-0.025440065951785048,0.0,11.137870246276092,0.023349832801417385,122,355,0,0
multiclass_probability_sum,20,1,0.31,1.0,0.2557651991614256,0.40734557595993326,0.0,1.0,0.0,0.4106609872608633,0.6417224659432001,0.2550766210018585,0.7032917520151828,0.27079789357227724,477,1.0,0.010453826803254707,-0.025440065951785048,0.0,11.137870246276092,0.023349832801417385,122,355,0,0
multiclass_probability_sum,20,1,0.32,1.0,0.2557651991614256,0.40734557595993326,0.0,1.0,0.0,0.4106609872608633,0.6417224659432001,0.2550766210018585,0.7032917520151828,0.27079789357227724,477,1.0,0.010453826803254707,-0.025440065951785048,0.0,11.137870246276092,0.023349832801417385,122,355,0,0
multiclass_probability_sum,20,1,0.33,1.0,0.25630252100840334,0.40802675585284276,0.0028169014084507044,0.9971830985915493,0.0,0.4106609872608633,0.6417224659432001,0.2550766210018585,0.7032917520151828,0.27079789357227724,476,0.9979035639412998,0.010369118352918236,-0.025459328602946397,0.0,11.087095197112678,0.023243386157468928,122,354,0,1
multiclass_probability_sum,20,1,0.34,1.0,0.25684210526315787,0.4087102177554438,0.005633802816901409,0.9943661971830986,0.0,0.4106609872608633,0.6417224659432001,0.2550766210018585,0.7032917520151828,0.27079789357227724,475,0.9958071278825996,0.0102565287422791,-0.025496859235455412,0.0,11.02324601370617,0.023109530427056962,122,353,0,2
multiclass_probability_sum,20,1,0.35,1.0,0.25684210526315787,0.4087102177554438,0.005633802816901409,0.9943661971830986,0.0,0.4106609872608633,0.6417224659432001,0.2550766210018585,0.7032917520151828,0.27079789357227724,475,0.9958071278825996,0.0102565287422791,-0.025496859235455412,0.0,11.02324601370617,0.023109530427056962,122,353,0,2
multiclass_probability_sum,20,1,0.36,1.0,0.25684210526315787,0.4087102177554438,0.005633802816901409,0.9943661971830986,0.0,0.4106609872608633,0.6417224659432001,0.2550766210018585,0.7032917520151828,0.27079789357227724,475,0.9958071278825996,0.0102565287422791,-0.025496859235455412,0.0,11.02324601370617,0.023109530427056962,122,353,0,2
multiclass_probability_sum,20,1,0.37,1.0,0.25738396624472576,0.40939597315436244,0.008450704225352112,0.9915492957746479,0.0,0.4106609872608633,0.6417224659432001,0.2550766210018585,0.7032917520151828,0.27079789357227724,474,0.9937106918238994,0.010253538872603937,-0.025518201368156527,0.0,11.011572286737863,0.02308505720490118,122,352,0,3
multiclass_probability_sum,20,1,0.38,1.0,0.2584745762711864,0.41077441077441074,0.014084507042253521,0.9859154929577465,0.0,0.4106609872608633,0.6417224659432001,0.2550766210018585,0.7032917520151828,0.27079789357227724,472,0.989517819706499,0.010074216988124763,-0.025589933771292792,0.0,10.906425279518487,0.02286462322750207,122,350,0,5
multiclass_probability_sum,20,1,0.39,1.0,0.26124197002141325,0.41426146010186754,0.028169014084507043,0.971830985915493,0.0,0.4106609872608633,0.6417224659432001,0.2550766210018585,0.7032917520151828,0.27079789357227724,467,0.9790356394129979,0.009881962482538875,-0.025827867536395373,0.0,10.766271340469252,0.02257079945591038,122,345,0,10
multiclass_probability_sum,20,1,0.4,1.0,0.2634989200863931,0.4170940170940171,0.03943661971830986,0.9605633802816902,0.0,0.4106609872608633,0.6417224659432001,0.2550766210018585,0.7032917520151828,0.27079789357227724,463,0.9706498951781971,0.009610780192757728,-0.02600048566678749,0.0,10.590637896596492,0.02220259517106183,122,341,0,14
multiclass_probability_sum,20,1,0.41,1.0,0.2663755458515284,0.4206896551724138,0.05352112676056338,0.9464788732394366,0.0,0.4106609872608633,0.6417224659432001,0.2550766210018585,0.7032917520151828,0.27079789357227724,458,0.960167714884696,0.009304656552274202,-0.02627437183388411,0.0,10.40237936829125,0.021807923203964883,122,336,0,19
multiclass_probability_sum,20,1,0.42,1.0,0.270509977827051,0.4258289703315881,0.07323943661971831,0.9267605633802817,0.0,0.4106609872608633,0.6417224659432001,0.2550766210018585,0.7032917520151828,0.27079789357227724,451,0.9454926624737946,0.008969917850251518,-0.02666414787505788,0.0,10.185805970986888,0.021353890924500813,122,329,0,26
multiclass_probability_sum,20,1,0.43,1.0,0.2747747747747748,0.43109540636042404,0.09295774647887324,0.9070422535211268,0.0,0.4106609872608633,0.6417224659432001,0.2550766210018585,0.7032917520151828,0.27079789357227724,444,0.9308176100628931,0.008714803332192246,-0.026966505818106938,0.0,9.993538348139241,0.020950814147042435,122,322,0,33
multiclass_probability_sum,20,1,0.44,1.0,0.2791762013729977,0.4364937388193202,0.11267605633802817,0.8873239436619719,0.0,0.4106609872608633,0.6417224659432001,0.2550766210018585,0.7032917520151828,0.27079789357227724,437,0.9161425576519916,0.008482352446684337,-0.027300088399849536,0.0,9.824630061609,0.02059670872454717,122,315,0,40
multiclass_probability_sum,20,1,0.45,0.9918032786885246,0.2827102803738318,0.44,0.1352112676056338,0.8647887323943662,0.00819672131147541,0.4106609872608633,0.6417224659432001,0.2550766210018585,0.7032917520151828,0.27079789357227724,428,0.8972746331236897,0.008085499592809796,-0.02747243732496746,0.07639447225016822,9.494529443448494,0.020385142264568133,121,307,1,48
multiclass_probability_sum,20,1,0.46,0.9672131147540983,0.2822966507177033,0.437037037037037,0.15492957746478872,0.8450704225352113,0.03278688524590164,0.4106609872608633,0.6417224659432001,0.2550766210018585,0.7032917520151828,0.27079789357227724,418,0.8763102725366876,0.008110659852069848,-0.027784668112167107,0.1979462736844921,9.302639634456774,0.020747334288281447,118,300,4,55
multiclass_probability_sum,20,1,0.47,0.9590163934426229,0.2896039603960396,0.4448669201520913,0.19154929577464788,0.8084507042253521,0.040983606557377046,0.4106609872608633,0.6417224659432001,0.2550766210018585,0.7032917520151828,0.27079789357227724,404,0.8469601677148847,0.007433263056967917,-0.028487134872702092,0.23395659550696488,8.879411769484143,0.020086544142568215,117,287,5,68
multiclass_probability_sum,20,1,0.48,0.9016393442622951,0.29411764705882354,0.44354838709677424,0.2563380281690141,0.7436619718309859,0.09836065573770492,0.4106609872608633,0.6417224659432001,0.2550766210018585,0.7032917520151828,0.27079789357227724,374,0.7840670859538784,0.006842391131656781,-0.029012335280012482,0.6160792322688939,8.150313351672319,0.020961322952786167,110,264,12,91
multiclass_probability_sum,20,1,0.49,0.860655737704918,0.29829545454545453,0.4430379746835442,0.30422535211267604,0.6957746478873239,0.13934426229508196,0.4106609872608633,0.6417224659432001,0.2550766210018585,0.7032917520151828,0.27079789357227724,352,0.7379454926624738,0.006845949625456638,-0.02961926158901702,0.9277896136344346,7.690957959407422,0.021958756394781394,105,247,17,108
multiclass_probability_sum,20,1,0.5,0.8442622950819673,0.30654761904761907,0.4497816593886463,0.3436619718309859,0.6563380281690141,0.1557377049180328,0.4106609872608633,0.6417224659432001,0.2550766210018585,0.7032917520151828,0.27079789357227724,336,0.7044025157232704,0.006294929660358527,-0.030424211230372693,1.057279173546359,7.29561233232519,0.021944339314390496,103,233,19,122
multiclass_probability_sum,20,1,0.51,0.8114754098360656,0.3193548387096774,0.4583333333333333,0.4056338028169014,0.5943661971830986,0.1885245901639344,0.4106609872608633,0.6417224659432001,0.2550766210018585,0.7032917520151828,0.27079789357227724,310,0.649895178197065,0.0052538096371778295,-0.03205049437320881,1.2546494537400368,6.609231651907791,0.021746708622909647,99,211,23,144
multiclass_probability_sum,20,1,0.52,0.7131147540983607,0.30633802816901406,0.4285714285714286,0.4450704225352113,0.5549295774647888,0.28688524590163933,0.4106609872608633,0.6417224659432001,0.2550766210018585,0.7032917520151828,0.27079789357227724,284,0.5953878406708596,0.005828129768911592,-0.03227339865439521,1.8289376463288747,6.223444314725142,0.024549805563337038,87,197,35,158
multiclass_probability_sum,20,1,0.53,0.639344262295082,0.30952380952380953,0.4171122994652407,0.5098591549295775,0.49014084507042255,0.36065573770491804,0.4106609872608633,0.6417224659432001,0.2550766210018585,0.7032917520151828,0.27079789357227724,252,0.5283018867924528,0.005622576122816623,-0.03355059154941973,2.32207764898943,5.581077419195015,0.026304633891327683,78,174,44,181
multiclass_probability_sum,20,1,0.54,0.5573770491803278,0.32075471698113206,0.40718562874251496,0.5943661971830986,0.4056338028169014,0.4426229508196721,0.4106609872608633,0.6417224659432001,0.2550766210018585,0.7032917520151828,0.27079789357227724,212,0.4444444444444444,0.0034502008317871136,-0.03645660795919429,2.7922734699864433,4.600378617076495,0.027205867981207176,68,144,54,211
multiclass_probability_sum,20,1,0.55,0.4918032786885246,0.34285714285714286,0.40404040404040403,0.676056338028169,0.323943661971831,0.5081967213114754,0.4106609872608633,0.6417224659432001,0.2550766210018585,0.7032917520151828,0.27079789357227724,175,0.3668763102725367,0.0020564925552381728,-0.03943984071541486,3.2713094502983338,3.8322988367286412,0.028608442741349355,60,115,62,240
multiclass_probability_sum,20,1,0.56,0.4344262295081967,0.363013698630137,0.39552238805970147,0.7380281690140845,0.2619718309859155,0.5655737704918032,0.4106609872608633,0.6417224659432001,0.2550766210018585,0.7032917520151828,0.27079789357227724,146,0.3060796645702306,0.0009449623500871393,-0.04083353077533431,3.9398028913943395,3.164149267470386,0.031412071156506086,53,93,69,262
multiclass_probability_sum,20,1,0.57,0.36065573770491804,0.3826086956521739,0.3713080168776372,0.8,0.2,0.639344262295082,0.4106609872608633,0.6417224659432001,0.2550766210018585,0.7032917520151828,0.27079789357227724,115,0.24109014675052412,-0.002579069304212938,-0.04485706111282109,4.554396899447009,2.27654821952149,0.03341664343367404,44,71,78,284
multiclass_probability_sum,20,1,0.58,0.30327868852459017,0.43023255813953487,0.3557692307692307,0.8619718309859155,0.13802816901408452,0.6967213114754098,0.4106609872608633,0.6417224659432001,0.2550766210018585,0.7032917520151828,0.27079789357227724,86,0.18029350104821804,-0.005418341508092603,-0.0464434526644296,5.20495562667704,1.7656782986271362,0.03643720163240725,37,49,85,306
multiclass_probability_sum,20,1,0.59,0.2459016393442623,0.46153846153846156,0.3208556149732621,0.9014084507042254,0.09859154929577464,0.7540983606557377,0.4106609872608633,0.6417224659432001,0.2550766210018585,0.7032917520151828,0.27079789357227724,65,0.13626834381551362,-0.009737392426199339,-0.04841218476466818,5.870912855988588,1.1900140552930276,0.039418768602219684,30,35,92,320
multiclass_probability_sum,20,1,0.6,0.14754098360655737,0.5142857142857142,0.22929936305732482,0.952112676056338,0.04788732394366197,0.8524590163934426,0.4106609872608633,0.6417224659432001,0.2550766210018585,0.7032917520151828,0.27079789357227724,35,0.07337526205450734,-0.005915147134277056,-0.04532781311791834,7.211564893676512,0.5771720539879129,0.046565758354334276,18,17,104,338
multiclass_probability_sum,20,1,0.61,0.10655737704918032,0.5652173913043478,0.1793103448275862,0.971830985915493,0.028169014084507043,0.8934426229508197,0.4106609872608633,0.6417224659432001,0.2550766210018585,0.7032917520151828,0.27079789357227724,23,0.04821802935010482,-0.01419393035379325,-0.05343000206326383,7.491364717176858,0.3175529297358798,0.04778123077833638,13,10,109,345
multiclass_probability_sum,20,1,0.62,0.08196721311475409,0.6666666666666666,0.145985401459854,0.9859154929577465,0.014084507042253521,0.9180327868852459,0.4106609872608633,0.6417224659432001,0.2550766210018585,0.7032917520151828,0.27079789357227724,15,0.031446540880503145,-0.028962877651893076,-0.06458312397603416,7.700298018630306,0.10272910958811707,0.048644912296601756,10,5,112,350
multiclass_probability_sum,20,1,0.63,0.04918032786885246,0.8571428571428571,0.0930232558139535,0.9971830985915493,0.0028169014084507044,0.9508196721311475,0.4106609872608633,0.6417224659432001,0.2550766210018585,0.7032917520151828,0.27079789357227724,7,0.014675052410901468,-0.02988243446073302,-0.06171661272297888,8.107210298677499,0.030118736818390678,0.05105188602274819,6,1,116,354
multiclass_probability_sum,20,1,0.64,0.03278688524590164,1.0,0.06349206349206349,1.0,0.0,0.9672131147540983,0.4106609872608633,0.6417224659432001,0.2550766210018585,0.7032917520151828,0.27079789357227724,4,0.008385744234800839,-0.044914439413621124,-0.0757089926566456,8.21724480072871,0.0,0.051680784910243464,4,0,118,355
multiclass_probability_sum,20,1,0.65,0.0,0.0,0.0,1.0,0.0,1.0,0.4106609872608633,0.6417224659432001,0.2550766210018585,0.7032917520151828,0.27079789357227724,0,0.0,,,8.520080771355293,0.0,0.05358541365632259,0,0,122,355
multiclass_probability_sum,20,1,0.66,0.0,0.0,0.0,1.0,0.0,1.0,0.4106609872608633,0.6417224659432001,0.2550766210018585,0.7032917520151828,0.27079789357227724,0,0.0,,,8.520080771355293,0.0,0.05358541365632259,0,0,122,355
multiclass_probability_sum,20,1,0.67,0.0,0.0,0.0,1.0,0.0,1.0,0.4106609872608633,0.6417224659432001,0.2550766210018585,0.7032917520151828,0.27079789357227724,0,0.0,,,8.520080771355293,0.0,0.05358541365632259,0,0,122,355
multiclass_probability_sum,20,1,0.68,0.0,0.0,0.0,1.0,0.0,1.0,0.4106609872608633,0.6417224659432001,0.2550766210018585,0.7032917520151828,0.27079789357227724,0,0.0,,,8.520080771355293,0.0,0.05358541365632259,0,0,122,355
multiclass_probability_sum,20,1,0.69,0.0,0.0,0.0,1.0,0.0,1.0,0.4106609872608633,0.6417224659432001,0.2550766210018585,0.7032917520151828,0.27079789357227724,0,0.0,,,8.520080771355293,0.0,0.05358541365632259,0,0,122,355
multiclass_probability_sum,20,1,0.7,0.0,0.0,0.0,1.0,0.0,1.0,0.4106609872608633,0.6417224659432001,0.2550766210018585,0.7032917520151828,0.27079789357227724,0,0.0,,,8.520080771355293,0.0,0.05358541365632259,0,0,122,355
multiclass_probability_sum,20,1,0.71,0.0,0.0,0.0,1.0,0.0,1.0,0.4106609872608633,0.6417224659432001,0.2550766210018585,0.7032917520151828,0.27079789357227724,0,0.0,,,8.520080771355293,0.0,0.05358541365632259,0,0,122,355
multiclass_probability_sum,20,1,0.72,0.0,0.0,0.0,1.0,0.0,1.0,0.4106609872608633,0.6417224659432001,0.2550766210018585,0.7032917520151828,0.27079789357227724,0,0.0,,,8.520080771355293,0.0,0.05358541365632259,0,0,122,355
multiclass_probability_sum,20,1,0.73,0.0,0.0,0.0,1.0,0.0,1.0,0.4106609872608633,0.6417224659432001,0.2550766210018585,0.7032917520151828,0.27079789357227724,0,0.0,,,8.520080771355293,0.0,0.05358541365632259,0,0,122,355
multiclass_probability_sum,20,1,0.74,0.0,0.0,0.0,1.0,0.0,1.0,0.4106609872608633,0.6417224659432001,0.2550766210018585,0.7032917520151828,0.27079789357227724,0,0.0,,,8.520080771355293,0.0,0.05358541365632259,0,0,122,355
multiclass_probability_sum,20,1,0.75,0.0,0.0,0.0,1.0,0.0,1.0,0.4106609872608633,0.6417224659432001,0.2550766210018585,0.7032917520151828,0.27079789357227724,0,0.0,,,8.520080771355293,0.0,0.05358541365632259,0,0,122,355
multiclass_probability_sum,20,1,0.76,0.0,0.0,0.0,1.0,0.0,1.0,0.4106609872608633,0.6417224659432001,0.2550766210018585,0.7032917520151828,0.27079789357227724,0,0.0,,,8.520080771355293,0.0,0.05358541365632259,0,0,122,355
multiclass_probability_sum,20,1,0.77,0.0,0.0,0.0,1.0,0.0,1.0,0.4106609872608633,0.6417224659432001,0.2550766210018585,0.7032917520151828,0.27079789357227724,0,0.0,,,8.520080771355293,0.0,0.05358541365632259,0,0,122,355
multiclass_probability_sum,20,1,0.78,0.0,0.0,0.0,1.0,0.0,1.0,0.4106609872608633,0.6417224659432001,0.2550766210018585,0.7032917520151828,0.27079789357227724,0,0.0,,,8.520080771355293,0.0,0.05358541365632259,0,0,122,355
multiclass_probability_sum,20,1,0.79,0.0,0.0,0.0,1.0,0.0,1.0,0.4106609872608633,0.6417224659432001,0.2550766210018585,0.7032917520151828,0.27079789357227724,0,0.0,,,8.520080771355293,0.0,0.05358541365632259,0,0,122,355
multiclass_probability_sum,20,1,0.8,0.0,0.0,0.0,1.0,0.0,1.0,0.4106609872608633,0.6417224659432001,0.2550766210018585,0.7032917520151828,0.27079789357227724,0,0.0,,,8.520080771355293,0.0,0.05358541365632259,0,0,122,355
candidate_risk_off,20,1,0.05,1.0,0.2557651991614256,0.40734557595993326,0.0,1.0,0.0,0.25107626824470264,0.5010967444008312,0.3264406544422503,0.8520774679381413,0.36336564282696615,477,1.0,0.010453826803254707,-0.025440065951785048,0.0,11.137870246276092,0.023349832801417385,122,355,0,0
candidate_risk_off,20,1,0.06,1.0,0.2557651991614256,0.40734557595993326,0.0,1.0,0.0,0.25107626824470264,0.5010967444008312,0.3264406544422503,0.8520774679381413,0.36336564282696615,477,1.0,0.010453826803254707,-0.025440065951785048,0.0,11.137870246276092,0.023349832801417385,122,355,0,0
candidate_risk_off,20,1,0.07,1.0,0.2557651991614256,0.40734557595993326,0.0,1.0,0.0,0.25107626824470264,0.5010967444008312,0.3264406544422503,0.8520774679381413,0.36336564282696615,477,1.0,0.010453826803254707,-0.025440065951785048,0.0,11.137870246276092,0.023349832801417385,122,355,0,0
candidate_risk_off,20,1,0.08,1.0,0.2557651991614256,0.40734557595993326,0.0,1.0,0.0,0.25107626824470264,0.5010967444008312,0.3264406544422503,0.8520774679381413,0.36336564282696615,477,1.0,0.010453826803254707,-0.025440065951785048,0.0,11.137870246276092,0.023349832801417385,122,355,0,0
candidate_risk_off,20,1,0.09,1.0,0.2557651991614256,0.40734557595993326,0.0,1.0,0.0,0.25107626824470264,0.5010967444008312,0.3264406544422503,0.8520774679381413,0.36336564282696615,477,1.0,0.010453826803254707,-0.025440065951785048,0.0,11.137870246276092,0.023349832801417385,122,355,0,0
candidate_risk_off,20,1,0.1,1.0,0.2557651991614256,0.40734557595993326,0.0,1.0,0.0,0.25107626824470264,0.5010967444008312,0.3264406544422503,0.8520774679381413,0.36336564282696615,477,1.0,0.010453826803254707,-0.025440065951785048,0.0,11.137870246276092,0.023349832801417385,122,355,0,0
candidate_risk_off,20,1,0.11,1.0,0.2557651991614256,0.40734557595993326,0.0,1.0,0.0,0.25107626824470264,0.5010967444008312,0.3264406544422503,0.8520774679381413,0.36336564282696615,477,1.0,0.010453826803254707,-0.025440065951785048,0.0,11.137870246276092,0.023349832801417385,122,355,0,0
candidate_risk_off,20,1,0.12,1.0,0.2557651991614256,0.40734557595993326,0.0,1.0,0.0,0.25107626824470264,0.5010967444008312,0.3264406544422503,0.8520774679381413,0.36336564282696615,477,1.0,0.010453826803254707,-0.025440065951785048,0.0,11.137870246276092,0.023349832801417385,122,355,0,0
candidate_risk_off,20,1,0.13,1.0,0.2557651991614256,0.40734557595993326,0.0,1.0,0.0,0.25107626824470264,0.5010967444008312,0.3264406544422503,0.8520774679381413,0.36336564282696615,477,1.0,0.010453826803254707,-0.025440065951785048,0.0,11.137870246276092,0.023349832801417385,122,355,0,0
candidate_risk_off,20,1,0.14,1.0,0.2557651991614256,0.40734557595993326,0.0,1.0,0.0,0.25107626824470264,0.5010967444008312,0.3264406544422503,0.8520774679381413,0.36336564282696615,477,1.0,0.010453826803254707,-0.025440065951785048,0.0,11.137870246276092,0.023349832801417385,122,355,0,0
candidate_risk_off,20,1,0.15,1.0,0.2557651991614256,0.40734557595993326,0.0,1.0,0.0,0.25107626824470264,0.5010967444008312,0.3264406544422503,0.8520774679381413,0.36336564282696615,477,1.0,0.010453826803254707,-0.025440065951785048,0.0,11.137870246276092,0.023349832801417385,122,355,0,0
candidate_risk_off,20,1,0.16,1.0,0.2557651991614256,0.40734557595993326,0.0,1.0,0.0,0.25107626824470264,0.5010967444008312,0.3264406544422503,0.8520774679381413,0.36336564282696615,477,1.0,0.010453826803254707,-0.025440065951785048,0.0,11.137870246276092,0.023349832801417385,122,355,0,0
candidate_risk_off,20,1,0.17,1.0,0.2557651991614256,0.40734557595993326,0.0,1.0,0.0,0.25107626824470264,0.5010967444008312,0.3264406544422503,0.8520774679381413,0.36336564282696615,477,1.0,0.010453826803254707,-0.025440065951785048,0.0,11.137870246276092,0.023349832801417385,122,355,0,0
candidate_risk_off,20,1,0.18,1.0,0.2557651991614256,0.40734557595993326,0.0,1.0,0.0,0.25107626824470264,0.5010967444008312,0.3264406544422503,0.8520774679381413,0.36336564282696615,477,1.0,0.010453826803254707,-0.025440065951785048,0.0,11.137870246276092,0.023349832801417385,122,355,0,0
candidate_risk_off,20,1,0.19,1.0,0.2557651991614256,0.40734557595993326,0.0,1.0,0.0,0.25107626824470264,0.5010967444008312,0.3264406544422503,0.8520774679381413,0.36336564282696615,477,1.0,0.010453826803254707,-0.025440065951785048,0.0,11.137870246276092,0.023349832801417385,122,355,0,0
candidate_risk_off,20,1,0.2,1.0,0.2557651991614256,0.40734557595993326,0.0,1.0,0.0,0.25107626824470264,0.5010967444008312,0.3264406544422503,0.8520774679381413,0.36336564282696615,477,1.0,0.010453826803254707,-0.025440065951785048,0.0,11.137870246276092,0.023349832801417385,122,355,0,0
candidate_risk_off,20,1,0.21,1.0,0.2557651991614256,0.40734557595993326,0.0,1.0,0.0,0.25107626824470264,0.5010967444008312,0.3264406544422503,0.8520774679381413,0.36336564282696615,477,1.0,0.010453826803254707,-0.025440065951785048,0.0,11.137870246276092,0.023349832801417385,122,355,0,0
candidate_risk_off,20,1,0.22,1.0,0.2557651991614256,0.40734557595993326,0.0,1.0,0.0,0.25107626824470264,0.5010967444008312,0.3264406544422503,0.8520774679381413,0.36336564282696615,477,1.0,0.010453826803254707,-0.025440065951785048,0.0,11.137870246276092,0.023349832801417385,122,355,0,0
candidate_risk_off,20,1,0.23,1.0,0.2557651991614256,0.40734557595993326,0.0,1.0,0.0,0.25107626824470264,0.5010967444008312,0.3264406544422503,0.8520774679381413,0.36336564282696615,477,1.0,0.010453826803254707,-0.025440065951785048,0.0,11.137870246276092,0.023349832801417385,122,355,0,0
candidate_risk_off,20,1,0.24,1.0,0.2557651991614256,0.40734557595993326,0.0,1.0,0.0,0.25107626824470264,0.5010967444008312,0.3264406544422503,0.8520774679381413,0.36336564282696615,477,1.0,0.010453826803254707,-0.025440065951785048,0.0,11.137870246276092,0.023349832801417385,122,355,0,0
candidate_risk_off,20,1,0.25,1.0,0.2557651991614256,0.40734557595993326,0.0,1.0,0.0,0.25107626824470264,0.5010967444008312,0.3264406544422503,0.8520774679381413,0.36336564282696615,477,1.0,0.010453826803254707,-0.025440065951785048,0.0,11.137870246276092,0.023349832801417385,122,355,0,0
candidate_risk_off,20,1,0.26,1.0,0.2557651991614256,0.40734557595993326,0.0,1.0,0.0,0.25107626824470264,0.5010967444008312,0.3264406544422503,0.8520774679381413,0.36336564282696615,477,1.0,0.010453826803254707,-0.025440065951785048,0.0,11.137870246276092,0.023349832801417385,122,355,0,0
candidate_risk_off,20,1,0.27,1.0,0.2557651991614256,0.40734557595993326,0.0,1.0,0.0,0.25107626824470264,0.5010967444008312,0.3264406544422503,0.8520774679381413,0.36336564282696615,477,1.0,0.010453826803254707,-0.025440065951785048,0.0,11.137870246276092,0.023349832801417385,122,355,0,0
candidate_risk_off,20,1,0.28,1.0,0.2557651991614256,0.40734557595993326,0.0,1.0,0.0,0.25107626824470264,0.5010967444008312,0.3264406544422503,0.8520774679381413,0.36336564282696615,477,1.0,0.010453826803254707,-0.025440065951785048,0.0,11.137870246276092,0.023349832801417385,122,355,0,0
candidate_risk_off,20,1,0.29,1.0,0.2557651991614256,0.40734557595993326,0.0,1.0,0.0,0.25107626824470264,0.5010967444008312,0.3264406544422503,0.8520774679381413,0.36336564282696615,477,1.0,0.010453826803254707,-0.025440065951785048,0.0,11.137870246276092,0.023349832801417385,122,355,0,0
candidate_risk_off,20,1,0.3,1.0,0.2557651991614256,0.40734557595993326,0.0,1.0,0.0,0.25107626824470264,0.5010967444008312,0.3264406544422503,0.8520774679381413,0.36336564282696615,477,1.0,0.010453826803254707,-0.025440065951785048,0.0,11.137870246276092,0.023349832801417385,122,355,0,0
candidate_risk_off,20,1,0.31,1.0,0.2557651991614256,0.40734557595993326,0.0,1.0,0.0,0.25107626824470264,0.5010967444008312,0.3264406544422503,0.8520774679381413,0.36336564282696615,477,1.0,0.010453826803254707,-0.025440065951785048,0.0,11.137870246276092,0.023349832801417385,122,355,0,0
candidate_risk_off,20,1,0.32,1.0,0.2557651991614256,0.40734557595993326,0.0,1.0,0.0,0.25107626824470264,0.5010967444008312,0.3264406544422503,0.8520774679381413,0.36336564282696615,477,1.0,0.010453826803254707,-0.025440065951785048,0.0,11.137870246276092,0.023349832801417385,122,355,0,0
candidate_risk_off,20,1,0.33,1.0,0.2557651991614256,0.40734557595993326,0.0,1.0,0.0,0.25107626824470264,0.5010967444008312,0.3264406544422503,0.8520774679381413,0.36336564282696615,477,1.0,0.010453826803254707,-0.025440065951785048,0.0,11.137870246276092,0.023349832801417385,122,355,0,0
candidate_risk_off,20,1,0.34,1.0,0.2557651991614256,0.40734557595993326,0.0,1.0,0.0,0.25107626824470264,0.5010967444008312,0.3264406544422503,0.8520774679381413,0.36336564282696615,477,1.0,0.010453826803254707,-0.025440065951785048,0.0,11.137870246276092,0.023349832801417385,122,355,0,0
candidate_risk_off,20,1,0.35,1.0,0.2557651991614256,0.40734557595993326,0.0,1.0,0.0,0.25107626824470264,0.5010967444008312,0.3264406544422503,0.8520774679381413,0.36336564282696615,477,1.0,0.010453826803254707,-0.025440065951785048,0.0,11.137870246276092,0.023349832801417385,122,355,0,0
candidate_risk_off,20,1,0.36,1.0,0.2557651991614256,0.40734557595993326,0.0,1.0,0.0,0.25107626824470264,0.5010967444008312,0.3264406544422503,0.8520774679381413,0.36336564282696615,477,1.0,0.010453826803254707,-0.025440065951785048,0.0,11.137870246276092,0.023349832801417385,122,355,0,0
candidate_risk_off,20,1,0.37,1.0,0.2557651991614256,0.40734557595993326,0.0,1.0,0.0,0.25107626824470264,0.5010967444008312,0.3264406544422503,0.8520774679381413,0.36336564282696615,477,1.0,0.010453826803254707,-0.025440065951785048,0.0,11.137870246276092,0.023349832801417385,122,355,0,0
candidate_risk_off,20,1,0.38,1.0,0.2557651991614256,0.40734557595993326,0.0,1.0,0.0,0.25107626824470264,0.5010967444008312,0.3264406544422503,0.8520774679381413,0.36336564282696615,477,1.0,0.010453826803254707,-0.025440065951785048,0.0,11.137870246276092,0.023349832801417385,122,355,0,0
candidate_risk_off,20,1,0.39,1.0,0.2557651991614256,0.40734557595993326,0.0,1.0,0.0,0.25107626824470264,0.5010967444008312,0.3264406544422503,0.8520774679381413,0.36336564282696615,477,1.0,0.010453826803254707,-0.025440065951785048,0.0,11.137870246276092,0.023349832801417385,122,355,0,0
candidate_risk_off,20,1,0.4,1.0,0.2557651991614256,0.40734557595993326,0.0,1.0,0.0,0.25107626824470264,0.5010967444008312,0.3264406544422503,0.8520774679381413,0.36336564282696615,477,1.0,0.010453826803254707,-0.025440065951785048,0.0,11.137870246276092,0.023349832801417385,122,355,0,0
candidate_risk_off,20,1,0.41,1.0,0.2557651991614256,0.40734557595993326,0.0,1.0,0.0,0.25107626824470264,0.5010967444008312,0.3264406544422503,0.8520774679381413,0.36336564282696615,477,1.0,0.010453826803254707,-0.025440065951785048,0.0,11.137870246276092,0.023349832801417385,122,355,0,0
candidate_risk_off,20,1,0.42,0.9918032786885246,0.2542016806722689,0.40468227424749154,0.0,1.0,0.00819672131147541,0.25107626824470264,0.5010967444008312,0.3264406544422503,0.8520774679381413,0.36336564282696615,476,0.9979035639412998,0.010619956081672757,-0.025334773007551735,0.07555950740684234,11.137870246276092,0.023825049829133374,121,355,1,0
candidate_risk_off,20,1,0.43,0.9836065573770492,0.25263157894736843,0.40201005025125625,0.0,1.0,0.01639344262295082,0.25107626824470264,0.5010967444008312,0.3264406544422503,0.8520774679381413,0.36336564282696615,475,0.9958071278825996,0.010787252641670254,-0.025238709488913602,0.14652445176751036,11.137870246276092,0.024271370233917452,120,355,2,0
candidate_risk_off,20,1,0.44,0.9836065573770492,0.2536997885835095,0.40336134453781514,0.005633802816901409,0.9943661971830986,0.01639344262295082,0.25107626824470264,0.5010967444008312,0.3264406544422503,0.8520774679381413,0.36336564282696615,473,0.9916142557651991,0.010490952114442016,-0.025420162336334047,0.14652445176751036,10.976145591613797,0.023932324836302577,120,353,2,2
candidate_risk_off,20,1,0.45,0.9672131147540983,0.2505307855626327,0.3979763912310287,0.005633802816901409,0.9943661971830986,0.03278688524590164,0.25107626824470264,0.5010967444008312,0.3264406544422503,0.8520774679381413,0.36336564282696615,471,0.9874213836477987,0.010817758762841216,-0.025206544240450043,0.29797889960154333,10.976145591613797,0.024884868533371966,118,353,4,2
candidate_risk_off,20,1,0.46,0.9344262295081968,0.24516129032258063,0.3884156729131175,0.011267605633802818,0.9887323943661972,0.06557377049180328,0.25107626824470264,0.5010967444008312,0.3264406544422503,0.8520774679381413,0.36336564282696615,465,0.9748427672955975,0.011269204039151133,-0.024969329058353074,0.545575116919361,10.883369696024253,0.026247578714428378,114,351,8,4
candidate_risk_off,20,1,0.47,0.9262295081967213,0.24458874458874458,0.38698630136986295,0.016901408450704224,0.9830985915492958,0.07377049180327869,0.25107626824470264,0.5010967444008312,0.3264406544422503,0.8520774679381413,0.36336564282696615,462,0.9685534591194969,0.011386300378321541,-0.02499018446899588,0.5958595285152978,10.852470095068796,0.026499053837766646,113,349,9,6
candidate_risk_off,20,1,0.48,0.9262295081967213,0.24458874458874458,0.38698630136986295,0.016901408450704224,0.9830985915492958,0.07377049180327869,0.25107626824470264,0.5010967444008312,0.3264406544422503,0.8520774679381413,0.36336564282696615,462,0.9685534591194969,0.011386300378321541,-0.02499018446899588,0.5958595285152978,10.852470095068796,0.026499053837766646,113,349,9,6
candidate_risk_off,20,1,0.49,0.9262295081967213,0.24511930585683298,0.3876500857632933,0.01971830985915493,0.9802816901408451,0.07377049180327869,0.25107626824470264,0.5010967444008312,0.3264406544422503,0.8520774679381413,0.36336564282696615,461,0.9664570230607966,0.01132731995625303,-0.025065200733648794,0.5958595285152978,10.813893820116888,0.026418181143947134,113,348,9,7
candidate_risk_off,20,1,0.5,0.9180327868852459,0.24561403508771928,0.3875432525951557,0.030985915492957747,0.9690140845070423,0.08196721311475409,0.25107626824470264,0.5010967444008312,0.3264406544422503,0.8520774679381413,0.36336564282696615,456,0.9559748427672956,0.011036487815113296,-0.02525454004073996,0.6206182371432359,10.599879055347966,0.0261252280225947,112,344,10,11
candidate_risk_off,20,1,0.51,0.9180327868852459,0.24944320712694878,0.3922942206654991,0.05070422535211268,0.9492957746478873,0.08196721311475409,0.25107626824470264,0.5010967444008312,0.3264406544422503,0.8520774679381413,0.36336564282696615,449,0.9412997903563941,0.010552202864983888,-0.025639969657644188,0.6206182371432359,10.30517969803407,0.025507409663446074,112,337,10,18
candidate_risk_off,20,1,0.52,0.9098360655737705,0.2534246575342466,0.3964285714285714,0.07887323943661972,0.9211267605633803,0.09016393442622951,0.25107626824470264,0.5010967444008312,0.3264406544422503,0.8520774679381413,0.36336564282696615,438,0.9182389937106918,0.010135809465340907,-0.026045954244708007,0.6970127093934042,9.913458865213581,0.025166660363509,111,327,11,28
candidate_risk_off,20,1,0.53,0.9098360655737705,0.2545871559633027,0.3978494623655913,0.08450704225352113,0.9154929577464789,0.09016393442622951,0.25107626824470264,0.5010967444008312,0.3264406544422503,0.8520774679381413,0.36336564282696615,436,0.9140461215932913,0.00994973868087985,-0.02616077312457793,0.6970127093934042,9.812060384257878,0.024954084931736037,111,325,11,30
candidate_risk_off,20,1,0.54,0.9016393442622951,0.26004728132387706,0.40366972477064217,0.11830985915492957,0.8816901408450705,0.09836065573770492,0.25107626824470264,0.5010967444008312,0.3264406544422503,0.8520774679381413,0.36336564282696615,423,0.8867924528301887,0.009839068333045434,-0.026489109419089864,0.7673118237184744,9.593841795304956,0.02493873640767375,110,313,12,42
candidate_risk_off,20,1,0.55,0.8852459016393442,0.25961538461538464,0.40148698884758366,0.1323943661971831,0.8676056338028169,0.11475409836065574,0.25107626824470264,0.5010967444008312,0.3264406544422503,0.8520774679381413,0.36336564282696615,416,0.8721174004192872,0.01008076139340856,-0.02646468286914013,0.9223713363723712,9.492862009201152,0.025702255803602234,108,308,14,47
candidate_risk_off,20,1,0.56,0.8852459016393442,0.2621359223300971,0.4044943820224719,0.14366197183098592,0.856338028169014,0.11475409836065574,0.25107626824470264,0.5010967444008312,0.3264406544422503,0.8520774679381413,0.36336564282696615,412,0.8637316561844863,0.010083041190219867,-0.026587438867440322,0.9223713363723712,9.445938312029806,0.025603883272844696,108,304,14,51
candidate_risk_off,20,1,0.57,0.8688524590163934,0.265,0.40613026819923376,0.17183098591549295,0.828169014084507,0.13114754098360656,0.25107626824470264,0.5010967444008312,0.3264406544422503,0.8520774679381413,0.36336564282696615,400,0.8385744234800838,0.009753117420434233,-0.026813457779014747,1.0448565948381454,9.094315125244222,0.02563707528251291,106,294,16,61
candidate_risk_off,20,1,0.58,0.8032786885245902,0.2552083333333333,0.3873517786561265,0.19436619718309858,0.8056338028169014,0.19672131147540983,0.25107626824470264,0.5010967444008312,0.3264406544422503,0.8520774679381413,0.36336564282696615,384,0.8050314465408805,0.01091699675624798,-0.026505793332808097,1.4684301851335022,9.02135461093264,0.028148103074073682,98,286,24,69
candidate_risk_off,20,1,0.59,0.7377049180327869,0.2571428571428571,0.3813559322033898,0.2676056338028169,0.7323943661971831,0.26229508196721313,0.25107626824470264,0.5010967444008312,0.3264406544422503,0.8520774679381413,0.36336564282696615,350,0.7337526205450734,0.011583474790196335,-0.027332784437358402,1.866798321551285,8.555945733053596,0.029677863097919185,90,260,32,95
candidate_risk_off,20,1,0.6,0.6885245901639344,0.268370607028754,0.3862068965517241,0.35492957746478876,0.6450704225352113,0.3114754098360656,0.25107626824470264,0.5010967444008312,0.3264406544422503,0.8520774679381413,0.36336564282696615,313,0.6561844863731656,0.011092589933567562,-0.02853705542346616,2.1981784580215415,7.689564235452939,0.029945701487458207,84,229,38,126
candidate_risk_off,20,1,0.61,0.6557377049180327,0.27303754266211605,0.3855421686746988,0.4,0.6,0.3442622950819672,0.25107626824470264,0.5010967444008312,0.3264406544422503,0.8520774679381413,0.36336564282696615,293,0.6142557651991615,0.011218475088632983,-0.02842654026739425,2.4840539636805246,7.315931232973201,0.0309603629434272,80,213,42,142
candidate_risk_off,20,1,0.62,0.5901639344262295,0.28346456692913385,0.3829787234042553,0.48732394366197185,0.5126760563380282,0.4098360655737705,0.25107626824470264,0.5010967444008312,0.3264406544422503,0.8520774679381413,0.36336564282696615,254,0.5324947589098532,0.009851981903135769,-0.029579273089992357,2.8925802423740237,6.170345414457566,0.031128063189894417,72,182,50,173
candidate_risk_off,20,1,0.63,0.5163934426229508,0.2876712328767123,0.3695014662756598,0.5605633802816902,0.4394366197183099,0.48360655737704916,0.25107626824470264,0.5010967444008312,0.3264406544422503,0.8520774679381413,0.36336564282696615,219,0.4591194968553459,0.009411758266255493,-0.03050302512583074,3.474844051644162,5.403156420885915,0.03318173705622306,63,156,59,199
candidate_risk_off,20,1,0.64,0.36885245901639346,0.2631578947368421,0.30716723549488056,0.6450704225352113,0.35492957746478876,0.6311475409836066,0.25107626824470264,0.5010967444008312,0.3264406544422503,0.8520774679381413,0.36336564282696615,171,0.3584905660377358,0.011838844914325233,-0.029479431253987852,4.611320315779406,4.656221458291629,0.0387634851271066,45,126,77,229
candidate_risk_off,20,1,0.65,0.22950819672131148,0.21212121212121213,0.2204724409448819,0.7070422535211267,0.29295774647887324,0.7704918032786885,0.25107626824470264,0.5010967444008312,0.3264406544422503,0.8520774679381413,0.36336564282696615,132,0.27672955974842767,0.01483666022908477,-0.02892895198195593,5.565873818537022,3.9267021950782164,0.04323757578760856,28,104,94,251
candidate_risk_off,20,1,0.66,0.20491803278688525,0.1984126984126984,0.20161290322580647,0.7154929577464789,0.28450704225352114,0.7950819672131147,0.25107626824470264,0.5010967444008312,0.3264406544422503,0.8520774679381413,0.36336564282696615,126,0.2641509433962264,0.016954989454704722,-0.027330582162065256,5.869931442629697,3.873902878012114,0.045039197496648226,25,101,97,254
candidate_risk_off,20,1,0.67,0.16393442622950818,0.20202020202020202,0.18099547511312217,0.7774647887323943,0.22253521126760564,0.8360655737704918,0.25107626824470264,0.5010967444008312,0.3264406544422503,0.8520774679381413,0.36336564282696615,99,0.20754716981132076,0.015620852969937976,-0.029805058367220104,6.196637891799404,2.936833459016998,0.04512944891910946,20,79,102,276
candidate_risk_off,20,1,0.68,0.12295081967213115,0.19480519480519481,0.15075376884422112,0.8253521126760563,0.17464788732394365,0.8770491803278688,0.25107626824470264,0.5010967444008312,0.3264406544422503,0.8520774679381413,0.36336564282696615,77,0.16142557651991615,0.020649138795426746,-0.0311682189156564,6.636989175228115,2.5548273948612468,0.04709810255879579,15,62,107,293
candidate_risk_off,20,1,0.69,0.08196721311475409,0.18518518518518517,0.11363636363636363,0.8760563380281691,0.12394366197183099,0.9180327868852459,0.25107626824470264,0.5010967444008312,0.3264406544422503,0.8520774679381413,0.36336564282696615,54,0.11320754716981132,0.02466345031848702,-0.029258367047393857,7.269933125255873,1.9713617611780265,0.049855683725252925,10,44,112,311
candidate_risk_off,20,1,0.7,0.04918032786885246,0.1935483870967742,0.0784313725490196,0.9295774647887324,0.07042253521126761,0.9508196721311475,0.25107626824470264,0.5010967444008312,0.3264406544422503,0.8520774679381413,0.36336564282696615,31,0.0649895178197065,0.031712731170148695,-0.030244785884848437,7.736875325505596,1.3707205811882335,0.05153322129497908,6,25,116,330
candidate_risk_off,20,1,0.71,0.01639344262295082,0.18181818181818182,0.030075187969924817,0.9746478873239437,0.02535211267605634,0.9836065573770492,0.25107626824470264,0.5010967444008312,0.3264406544422503,0.8520774679381413,0.36336564282696615,11,0.023060796645702306,0.04590060205181678,-0.022234360689999743,8.30311560059806,0.5860702260585589,0.05344951158878981,2,9,120,346
candidate_risk_off,20,1,0.72,0.0,0.0,0.0,1.0,0.0,1.0,0.25107626824470264,0.5010967444008312,0.3264406544422503,0.8520774679381413,0.36336564282696615,0,0.0,,,8.520080771355293,0.0,0.05358541365632259,0,0,122,355
candidate_risk_off,20,1,0.73,0.0,0.0,0.0,1.0,0.0,1.0,0.25107626824470264,0.5010967444008312,0.3264406544422503,0.8520774679381413,0.36336564282696615,0,0.0,,,8.520080771355293,0.0,0.05358541365632259,0,0,122,355
candidate_risk_off,20,1,0.74,0.0,0.0,0.0,1.0,0.0,1.0,0.25107626824470264,0.5010967444008312,0.3264406544422503,0.8520774679381413,0.36336564282696615,0,0.0,,,8.520080771355293,0.0,0.05358541365632259,0,0,122,355
candidate_risk_off,20,1,0.75,0.0,0.0,0.0,1.0,0.0,1.0,0.25107626824470264,0.5010967444008312,0.3264406544422503,0.8520774679381413,0.36336564282696615,0,0.0,,,8.520080771355293,0.0,0.05358541365632259,0,0,122,355
candidate_risk_off,20,1,0.76,0.0,0.0,0.0,1.0,0.0,1.0,0.25107626824470264,0.5010967444008312,0.3264406544422503,0.8520774679381413,0.36336564282696615,0,0.0,,,8.520080771355293,0.0,0.05358541365632259,0,0,122,355
candidate_risk_off,20,1,0.77,0.0,0.0,0.0,1.0,0.0,1.0,0.25107626824470264,0.5010967444008312,0.3264406544422503,0.8520774679381413,0.36336564282696615,0,0.0,,,8.520080771355293,0.0,0.05358541365632259,0,0,122,355
candidate_risk_off,20,1,0.78,0.0,0.0,0.0,1.0,0.0,1.0,0.25107626824470264,0.5010967444008312,0.3264406544422503,0.8520774679381413,0.36336564282696615,0,0.0,,,8.520080771355293,0.0,0.05358541365632259,0,0,122,355
candidate_risk_off,20,1,0.79,0.0,0.0,0.0,1.0,0.0,1.0,0.25107626824470264,0.5010967444008312,0.3264406544422503,0.8520774679381413,0.36336564282696615,0,0.0,,,8.520080771355293,0.0,0.05358541365632259,0,0,122,355
candidate_risk_off,20,1,0.8,0.0,0.0,0.0,1.0,0.0,1.0,0.25107626824470264,0.5010967444008312,0.3264406544422503,0.8520774679381413,0.36336564282696615,0,0.0,,,8.520080771355293,0.0,0.05358541365632259,0,0,122,355
multiclass_probability_sum,20,2,0.05,1.0,0.24109014675052412,0.3885135135135135,0.0,1.0,0.0,0.2746404103054637,0.49334614460725434,0.22900250054874308,0.6506527525838998,0.2027322189840973,477,1.0,0.012728251338308683,-0.030697635599802764,0.0,14.115722019824746,0.029592708636949152,115,362,0,0
multiclass_probability_sum,20,2,0.06,1.0,0.24109014675052412,0.3885135135135135,0.0,1.0,0.0,0.2746404103054637,0.49334614460725434,0.22900250054874308,0.6506527525838998,0.2027322189840973,477,1.0,0.012728251338308683,-0.030697635599802764,0.0,14.115722019824746,0.029592708636949152,115,362,0,0
multiclass_probability_sum,20,2,0.07,1.0,0.24109014675052412,0.3885135135135135,0.0,1.0,0.0,0.2746404103054637,0.49334614460725434,0.22900250054874308,0.6506527525838998,0.2027322189840973,477,1.0,0.012728251338308683,-0.030697635599802764,0.0,14.115722019824746,0.029592708636949152,115,362,0,0
multiclass_probability_sum,20,2,0.08,1.0,0.24109014675052412,0.3885135135135135,0.0,1.0,0.0,0.2746404103054637,0.49334614460725434,0.22900250054874308,0.6506527525838998,0.2027322189840973,477,1.0,0.012728251338308683,-0.030697635599802764,0.0,14.115722019824746,0.029592708636949152,115,362,0,0
multiclass_probability_sum,20,2,0.09,1.0,0.24109014675052412,0.3885135135135135,0.0,1.0,0.0,0.2746404103054637,0.49334614460725434,0.22900250054874308,0.6506527525838998,0.2027322189840973,477,1.0,0.012728251338308683,-0.030697635599802764,0.0,14.115722019824746,0.029592708636949152,115,362,0,0
multiclass_probability_sum,20,2,0.1,1.0,0.24109014675052412,0.3885135135135135,0.0,1.0,0.0,0.2746404103054637,0.49334614460725434,0.22900250054874308,0.6506527525838998,0.2027322189840973,477,1.0,0.012728251338308683,-0.030697635599802764,0.0,14.115722019824746,0.029592708636949152,115,362,0,0
multiclass_probability_sum,20,2,0.11,1.0,0.24109014675052412,0.3885135135135135,0.0,1.0,0.0,0.2746404103054637,0.49334614460725434,0.22900250054874308,0.6506527525838998,0.2027322189840973,477,1.0,0.012728251338308683,-0.030697635599802764,0.0,14.115722019824746,0.029592708636949152,115,362,0,0
multiclass_probability_sum,20,2,0.12,1.0,0.24109014675052412,0.3885135135135135,0.0,1.0,0.0,0.2746404103054637,0.49334614460725434,0.22900250054874308,0.6506527525838998,0.2027322189840973,477,1.0,0.012728251338308683,-0.030697635599802764,0.0,14.115722019824746,0.029592708636949152,115,362,0,0
multiclass_probability_sum,20,2,0.13,1.0,0.24109014675052412,0.3885135135135135,0.0,1.0,0.0,0.2746404103054637,0.49334614460725434,0.22900250054874308,0.6506527525838998,0.2027322189840973,477,1.0,0.012728251338308683,-0.030697635599802764,0.0,14.115722019824746,0.029592708636949152,115,362,0,0
multiclass_probability_sum,20,2,0.14,1.0,0.24109014675052412,0.3885135135135135,0.0,1.0,0.0,0.2746404103054637,0.49334614460725434,0.22900250054874308,0.6506527525838998,0.2027322189840973,477,1.0,0.012728251338308683,-0.030697635599802764,0.0,14.115722019824746,0.029592708636949152,115,362,0,0
multiclass_probability_sum,20,2,0.15,1.0,0.24109014675052412,0.3885135135135135,0.0,1.0,0.0,0.2746404103054637,0.49334614460725434,0.22900250054874308,0.6506527525838998,0.2027322189840973,477,1.0,0.012728251338308683,-0.030697635599802764,0.0,14.115722019824746,0.029592708636949152,115,362,0,0
multiclass_probability_sum,20,2,0.16,1.0,0.24109014675052412,0.3885135135135135,0.0,1.0,0.0,0.2746404103054637,0.49334614460725434,0.22900250054874308,0.6506527525838998,0.2027322189840973,477,1.0,0.012728251338308683,-0.030697635599802764,0.0,14.115722019824746,0.029592708636949152,115,362,0,0
multiclass_probability_sum,20,2,0.17,1.0,0.24109014675052412,0.3885135135135135,0.0,1.0,0.0,0.2746404103054637,0.49334614460725434,0.22900250054874308,0.6506527525838998,0.2027322189840973,477,1.0,0.012728251338308683,-0.030697635599802764,0.0,14.115722019824746,0.029592708636949152,115,362,0,0
multiclass_probability_sum,20,2,0.18,1.0,0.24109014675052412,0.3885135135135135,0.0,1.0,0.0,0.2746404103054637,0.49334614460725434,0.22900250054874308,0.6506527525838998,0.2027322189840973,477,1.0,0.012728251338308683,-0.030697635599802764,0.0,14.115722019824746,0.029592708636949152,115,362,0,0
multiclass_probability_sum,20,2,0.19,1.0,0.2415966386554622,0.38917089678510997,0.0027624309392265192,0.9972375690607734,0.0,0.2746404103054637,0.49334614460725434,0.22900250054874308,0.6506527525838998,0.2027322189840973,476,0.9979035639412998,0.012660664921571205,-0.03071969491169954,0.0,14.070822634119398,0.029498579945742974,115,361,0,1
multiclass_probability_sum,20,2,0.2,1.0,0.2415966386554622,0.38917089678510997,0.0027624309392265192,0.9972375690607734,0.0,0.2746404103054637,0.49334614460725434,0.22900250054874308,0.6506527525838998,0.2027322189840973,476,0.9979035639412998,0.012660664921571205,-0.03071969491169954,0.0,14.070822634119398,0.029498579945742974,115,361,0,1
multiclass_probability_sum,20,2,0.21,1.0,0.2415966386554622,0.38917089678510997,0.0027624309392265192,0.9972375690607734,0.0,0.2746404103054637,0.49334614460725434,0.22900250054874308,0.6506527525838998,0.2027322189840973,476,0.9979035639412998,0.012660664921571205,-0.03071969491169954,0.0,14.070822634119398,0.029498579945742974,115,361,0,1
multiclass_probability_sum,20,2,0.22,1.0,0.2415966386554622,0.38917089678510997,0.0027624309392265192,0.9972375690607734,0.0,0.2746404103054637,0.49334614460725434,0.22900250054874308,0.6506527525838998,0.2027322189840973,476,0.9979035639412998,0.012660664921571205,-0.03071969491169954,0.0,14.070822634119398,0.029498579945742974,115,361,0,1
multiclass_probability_sum,20,2,0.23,1.0,0.24210526315789474,0.38983050847457623,0.0055248618784530384,0.994475138121547,0.0,0.2746404103054637,0.49334614460725434,0.22900250054874308,0.6506527525838998,0.2027322189840973,475,0.9958071278825996,0.012591527629180643,-0.030734651870865166,0.0,14.025321755312312,0.02940319026270925,115,360,0,2
multiclass_probability_sum,20,2,0.24,0.991304347826087,0.24050632911392406,0.38709677419354843,0.0055248618784530384,0.994475138121547,0.008695652173913044,0.2746404103054637,0.49334614460725434,0.22900250054874308,0.6506527525838998,0.2027322189840973,474,0.9937106918238994,0.012716642233553744,-0.030522932877826908,0.1310894545710018,14.025321755312312,0.030227652241143224,114,360,1,2
multiclass_probability_sum,20,2,0.25,0.991304347826087,0.24152542372881355,0.3884156729131175,0.011049723756906077,0.988950276243094,0.008695652173913044,0.2746404103054637,0.49334614460725434,0.22900250054874308,0.6506527525838998,0.2027322189840973,472,0.989517819706499,0.012746419593057052,-0.030428389420017937,0.1310894545710018,13.980340674593744,0.030133352281565513,114,358,1,4
multiclass_probability_sum,20,2,0.26,0.991304347826087,0.24307036247334754,0.3904109589041096,0.019337016574585635,0.9806629834254144,0.008695652173913044,0.2746404103054637,0.49334614460725434,0.22900250054874308,0.6506527525838998,0.2027322189840973,469,0.9832285115303984,0.012759965771886725,-0.03046578762390476,0.1310894545710018,13.915600289188164,0.029997628203147105,114,355,1,7
multiclass_probability_sum,20,2,0.27,0.9739130434782609,0.2398286937901499,0.38487972508591073,0.019337016574585635,0.9806629834254144,0.02608695652173913,0.2746404103054637,0.49334614460725434,0.22900250054874308,0.6506527525838998,0.2027322189840973,467,0.9790356394129979,0.013107601718391346,-0.030176213545608687,0.3272521243830767,13.915600289188164,0.031231355686241916,112,355,3,7
multiclass_probability_sum,20,2,0.28,0.9652173913043478,0.23819742489270387,0.38209982788296043,0.019337016574585635,0.9806629834254144,0.034782608695652174,0.2746404103054637,0.49334614460725434,0.22900250054874308,0.6506527525838998,0.2027322189840973,466,0.9769392033542977,0.013402596865083381,-0.02993132185502978,0.47154786573845664,13.915600289188164,0.03213887607212481,111,355,4,7
multiclass_probability_sum,20,2,0.29,0.9478260869565217,0.23644251626898047,0.37847222222222227,0.027624309392265192,0.9723756906077348,0.05217391304347826,0.2746404103054637,0.49334614460725434,0.22900250054874308,0.6506527525838998,0.2027322189840973,461,0.9664570230607966,0.013545038977250774,-0.029611136256864894,0.7206604458877282,13.780006133454194,0.03342135738179744,109,352,6,10
multiclass_probability_sum,20,2,0.3,0.9391304347826087,0.23684210526315788,0.37828371278458844,0.03867403314917127,0.9613259668508287,0.06086956521739131,0.2746404103054637,0.49334614460725434,0.22900250054874308,0.6506527525838998,0.2027322189840973,456,0.9559748427672956,0.013591677020537433,-0.029127319391630248,0.8467575107820027,13.688695162785933,0.03402299307155544,108,348,7,14
multiclass_probability_sum,20,2,0.31,0.9304347826086956,0.23777777777777778,0.3787610619469026,0.052486187845303865,0.9475138121546961,0.06956521739130435,0.2746404103054637,0.49334614460725434,0.22900250054874308,0.6506527525838998,0.2027322189840973,450,0.9433962264150944,0.013570294041662271,-0.029014761643972743,0.9613311565547251,13.477344116662042,0.03430049808454134,107,343,8,19
multiclass_probability_sum,20,2,0.32,0.9043478260869565,0.23529411764705882,0.37342908438061045,0.06629834254143646,0.9337016574585635,0.09565217391304348,0.2746404103054637,0.49334614460725434,0.22900250054874308,0.6506527525838998,0.2027322189840973,442,0.9266247379454927,0.013773361136430674,-0.028825534007531028,1.181054990490238,13.33003471888524,0.03537358425651143,104,338,11,24
multiclass_probability_sum,20,2,0.33,0.8434782608695652,0.22453703703703703,0.3546617915904936,0.07458563535911603,0.925414364640884,0.1565217391304348,0.2746404103054637,0.49334614460725434,0.22900250054874308,0.6506527525838998,0.2027322189840973,432,0.9056603773584906,0.014468244196828869,-0.027781197353071115,1.9615370217445787,13.09576792703275,0.03979115092718341,97,335,18,27
multiclass_probability_sum,20,2,0.34,0.808695652173913,0.22142857142857142,0.3476635514018692,0.09668508287292818,0.9033149171270718,0.19130434782608696,0.2746404103054637,0.49334614460725434,0.22900250054874308,0.6506527525838998,0.2027322189840973,420,0.8805031446540881,0.015100267313349562,-0.02753346040355191,2.2353868177983096,12.920968339805349,0.041147020530818194,93,327,22,35
multiclass_probability_sum,20,2,0.35,0.7391304347826086,0.2135678391959799,0.3313840155945419,0.13535911602209943,0.8646408839779005,0.2608695652173913,0.2746404103054637,0.49334614460725434,0.22900250054874308,0.6506527525838998,0.2027322189840973,398,0.8343815513626834,0.015725383528459376,-0.02729909375398468,2.8582017573914724,12.397823544807345,0.04396735601044394,85,313,30,49
multiclass_probability_sum,20,2,0.36,0.6956521739130435,0.2094240837696335,0.3219315895372233,0.16574585635359115,0.8342541436464088,0.30434782608695654,0.2746404103054637,0.49334614460725434,0.22900250054874308,0.6506527525838998,0.2027322189840973,382,0.80083857442348,0.016165144256543102,-0.02692971512891341,3.3247196529557588,12.182374030179233,0.04644975469401784,80,302,35,60
multiclass_probability_sum,20,2,0.37,0.6521739130434783,0.20491803278688525,0.31185031185031187,0.19613259668508287,0.8038674033149171,0.34782608695652173,0.2746404103054637,0.49334614460725434,0.22900250054874308,0.6506527525838998,0.2027322189840973,366,0.7672955974842768,0.01669431062025067,-0.026491086417065,3.858043852756164,11.711318243717102,0.04881645660793625,75,291,40,71
multiclass_probability_sum,20,2,0.38,0.6521739130434783,0.2148997134670487,0.3232758620689655,0.2430939226519337,0.7569060773480663,0.34782608695652173,0.2746404103054637,0.49334614460725434,0.22900250054874308,0.6506527525838998,0.2027322189840973,349,0.7316561844863732,0.015529596302357515,-0.027230050731772752,3.858043852756164,10.980519128197372,0.04728438299049447,75,274,40,88
multiclass_probability_sum,20,2,0.39,0.6260869565217392,0.21951219512195122,0.32505643340857787,0.292817679558011,0.7071823204419889,0.3739130434782609,0.2746404103054637,0.49334614460725434,0.22900250054874308,0.6506527525838998,0.2027322189840973,328,0.6876310272536688,0.015202130203383275,-0.027099272198817363,4.132192209750928,10.45988988410825,0.04791712057308393,72,256,43,106
multiclass_probability_sum,20,2,0.4,0.6173913043478261,0.23278688524590163,0.33809523809523806,0.35359116022099446,0.6464088397790055,0.3826086956521739,0.2746404103054637,0.49334614460725434,0.22900250054874308,0.6506527525838998,0.2027322189840973,305,0.639412997903564,0.013776301107931153,-0.02788928130304275,4.232439770132987,9.598160143760378,0.0467410470737093,71,234,44,128
multiclass_probability_sum,20,2,0.41,0.6,0.24295774647887325,0.3458646616541353,0.40607734806629836,0.5939226519337016,0.4,0.2746404103054637,0.49334614460725434,0.22900250054874308,0.6506527525838998,0.2027322189840973,284,0.5953878406708596,0.012687678146109308,-0.02845597173299468,4.39705848374754,8.850130880158865,0.04620818937400731,69,215,46,147
multiclass_probability_sum,20,2,0.42,0.5652173913043478,0.2480916030534351,0.3448275862068966,0.4558011049723757,0.5441988950276243,0.43478260869565216,0.2746404103054637,0.49334614460725434,0.22900250054874308,0.6506527525838998,0.2027322189840973,262,0.549266247379455,0.012629819955006465,-0.028944867889978253,4.725694889811763,8.286939539401157,0.04709439037491917,65,197,50,165
multiclass_probability_sum,20,2,0.43,0.5304347826086957,0.24796747967479674,0.3379501385041552,0.4889502762430939,0.511049723756906,0.46956521739130436,0.2746404103054637,0.49334614460725434,0.22900250054874308,0.6506527525838998,0.2027322189840973,246,0.5157232704402516,0.012127193663124744,-0.02906098698972731,5.02385563612664,7.793813463739908,0.04793580790800803,61,185,54,177
multiclass_probability_sum,20,2,0.44,0.48695652173913045,0.2557077625570776,0.33532934131736525,0.5497237569060773,0.45027624309392267,0.5130434782608696,0.2746404103054637,0.49334614460725434,0.22900250054874308,0.6506527525838998,0.2027322189840973,219,0.4591194968553459,0.011085643940177244,-0.030319480388263147,5.253170798744263,7.062208069125833,0.04784427770515434,56,163,59,199
multiclass_probability_sum,20,2,0.45,0.4608695652173913,0.27040816326530615,0.34083601286173637,0.6049723756906077,0.39502762430939226,0.5391304347826087,0.2746404103054637,0.49334614460725434,0.22900250054874308,0.6506527525838998,0.2027322189840973,196,0.4109014675052411,0.010441782955807465,-0.031601644256522454,5.52716244033216,6.440067019539548,0.048263216646826056,53,143,62,219
multiclass_probability_sum,20,2,0.46,0.4608695652173913,0.29120879120879123,0.35690235690235694,0.643646408839779,0.356353591160221,0.5391304347826087,0.2746404103054637,0.49334614460725434,0.22900250054874308,0.6506527525838998,0.2027322189840973,182,0.38155136268343814,0.008047992779097386,-0.033344848469513126,5.52716244033216,5.830985641740652,0.04698631648372565,53,129,62,233
multiclass_probability_sum,20,2,0.47,0.391304347826087,0.2777777777777778,0.3249097472924188,0.6767955801104972,0.32320441988950277,0.6086956521739131,0.2746404103054637,0.49334614460725434,0.22900250054874308,0.6506527525838998,0.2027322189840973,162,0.33962264150943394,0.009932597541308983,-0.0324496406347324,6.202272808341828,5.418368651093509,0.05036726850339412,45,117,70,245
multiclass_probability_sum,20,2,0.48,0.3565217391304348,0.2827586206896552,0.3153846153846154,0.712707182320442,0.287292817679558,0.6434782608695652,0.2746404103054637,0.49334614460725434,0.22900250054874308,0.6506527525838998,0.2027322189840973,145,0.3039832285115304,0.009798578035264226,-0.033644092932087144,6.467725161875154,5.037634550220577,0.051238595462989596,41,104,74,258
multiclass_probability_sum,20,2,0.49,0.3130434782608696,0.2706766917293233,0.2903225806451613,0.7320441988950276,0.26795580110497236,0.6869565217391305,0.2746404103054637,0.49334614460725434,0.22900250054874308,0.6506527525838998,0.2027322189840973,133,0.27882599580712786,0.01062770209135742,-0.03394816091642419,6.799144519930008,4.791318710497442,0.05280660853309741,36,97,79,265
multiclass_probability_sum,20,2,0.5,0.2956521739130435,0.2809917355371901,0.288135593220339,0.7596685082872928,0.24033149171270718,0.7043478260869566,0.2746404103054637,0.49334614460725434,0.22900250054874308,0.6506527525838998,0.2027322189840973,121,0.25366876310272535,0.010920097746331629,-0.03470935407036199,7.008145598193137,4.493484781549048,0.053496690935279784,34,87,81,275
multiclass_probability_sum,20,2,0.51,0.2608695652173913,0.27522935779816515,0.2678571428571429,0.7817679558011049,0.21823204419889503,0.7391304347826086,0.2746404103054637,0.49334614460725434,0.22900250054874308,0.6506527525838998,0.2027322189840973,109,0.22851153039832284,0.011055702049414431,-0.03465047382477168,7.399969543213374,4.00154472004268,0.054929671592626426,30,79,85,283
multiclass_probability_sum,20,2,0.52,0.21739130434782608,0.25252525252525254,0.2336448598130841,0.7955801104972375,0.20441988950276244,0.782608695652174,0.2746404103054637,0.49334614460725434,0.22900250054874308,0.6506527525838998,0.2027322189840973,99,0.20754716981132076,0.012704255220592405,-0.033947860312817414,7.78540895369951,3.716870565391907,0.0567570176655984,25,74,90,288
multiclass_probability_sum,20,2,0.53,0.1826086956521739,0.25609756097560976,0.2131979695431472,0.8314917127071824,0.1685082872928177,0.8173913043478261,0.2746404103054637,0.49334614460725434,0.22900250054874308,0.6506527525838998,0.2027322189840973,82,0.1719077568134172,0.011289169301306001,-0.03524239794504502,8.161650260805533,3.0563381676785113,0.05773855125806103,21,61,94,301
multiclass_probability_sum,20,2,0.54,0.17391304347826086,0.30303030303030304,0.22099447513812154,0.8729281767955801,0.1270718232044199,0.8260869565217391,0.2746404103054637,0.49334614460725434,0.22900250054874308,0.6506527525838998,0.2027322189840973,66,0.13836477987421383,0.0011397056744087597,-0.04090336206033257,8.27359875691372,2.1172369589456608,0.056473864213179924,20,46,95,316
multiclass_probability_sum,20,2,0.55,0.1391304347826087,0.3018867924528302,0.19047619047619047,0.8977900552486188,0.10220994475138122,0.8608695652173913,0.2746404103054637,0.49334614460725434,0.22900250054874308,0.6506527525838998,0.2027322189840973,53,0.1111111111111111,0.00016752466860979842,-0.043112574032705714,8.672158659228257,1.6847082886480367,0.058073761564639004,16,37,99,325
multiclass_probability_sum,20,2,0.56,0.11304347826086956,0.3023255813953488,0.16455696202531644,0.9171270718232044,0.08287292817679558,0.8869565217391304,0.2746404103054637,0.49334614460725434,0.22900250054874308,0.6506527525838998,0.2027322189840973,43,0.09014675052410902,-0.0012894254707928453,-0.04249573270801224,9.000929266920934,1.3439822542952302,0.05942719089110699,13,30,102,332
multiclass_probability_sum,20,2,0.57,0.10434782608695652,0.35294117647058826,0.16107382550335572,0.9392265193370166,0.06077348066298342,0.8956521739130435,0.2746404103054637,0.49334614460725434,0.22900250054874308,0.6506527525838998,0.2027322189840973,34,0.07127882599580712,-0.004707927319694979,-0.048663056468528525,9.117423334125888,1.1220743378230877,0.059694642222643084,12,22,103,340
multiclass_probability_sum,20,2,0.58,0.08695652173913043,0.37037037037037035,0.14084507042253522,0.9530386740331491,0.04696132596685083,0.9130434782608695,0.2746404103054637,0.49334614460725434,0.22900250054874308,0.6506527525838998,0.2027322189840973,27,0.05660377358490566,-0.005912472921187221,-0.050884924931836065,9.39706619461513,0.8659950324266018,0.06091654846178615,10,17,105,345
multiclass_probability_sum,20,2,0.59,0.043478260869565216,0.3333333333333333,0.07692307692307691,0.9723756906077348,0.027624309392265192,0.9565217391304348,0.2746404103054637,0.49334614460725434,0.22900250054874308,0.6506527525838998,0.2027322189840973,15,0.031446540880503145,-0.008549270895299565,-0.053118350089400274,9.961127418604788,0.43317516404546264,0.06355672415064953,5,10,110,352
multiclass_probability_sum,20,2,0.6,0.034782608695652174,0.3076923076923077,0.0625,0.9751381215469613,0.024861878453038673,0.9652173913043478,0.2746404103054637,0.49334614460725434,0.22900250054874308,0.6506527525838998,0.2027322189840973,13,0.027253668763102725,-2.108213206567169e-05,-0.04930726188580001,10.11576509087381,0.4242598325802801,0.06451059770482538,4,9,111,353
multiclass_probability_sum,20,2,0.61,0.034782608695652174,0.4444444444444444,0.06451612903225806,0.9861878453038674,0.013812154696132596,0.9652173913043478,0.2746404103054637,0.49334614460725434,0.22900250054874308,0.6506527525838998,0.2027322189840973,9,0.018867924528301886,-0.02049441799298689,-0.06582994016136395,10.11576509087381,0.2396658066170835,0.0641236081325755,4,5,111,357
multiclass_probability_sum,20,2,0.62,0.017391304347826087,0.4,0.03333333333333333,0.9917127071823204,0.008287292817679558,0.9826086956521739,0.2746404103054637,0.49334614460725434,0.22900250054874308,0.6506527525838998,0.2027322189840973,5,0.010482180293501049,-0.03290152160366453,-0.06808406372949447,10.358298973131538,0.09640839503570109,0.06534864845792518,2,3,113,359
multiclass_probability_sum,20,2,0.63,0.017391304347826087,0.5,0.03361344537815126,0.994475138121547,0.0055248618784530384,0.9826086956521739,0.2746404103054637,0.49334614460725434,0.22900250054874308,0.6506527525838998,0.2027322189840973,4,0.008385744234800839,-0.05733644364443065,-0.08405395691747188,10.358298973131538,0.03157022847630113,0.06521271938757005,2,2,113,360
multiclass_probability_sum,20,2,0.64,0.017391304347826087,0.5,0.03361344537815126,0.994475138121547,0.0055248618784530384,0.9826086956521739,0.2746404103054637,0.49334614460725434,0.22900250054874308,0.6506527525838998,0.2027322189840973,4,0.008385744234800839,-0.05733644364443065,-0.08405395691747188,10.358298973131538,0.03157022847630113,0.06521271938757005,2,2,113,360
multiclass_probability_sum,20,2,0.65,0.008695652173913044,1.0,0.017241379310344827,1.0,0.0,0.991304347826087,0.2746404103054637,0.49334614460725434,0.22900250054874308,0.6506527525838998,0.2027322189840973,1,0.0020964360587002098,-0.14606812888026513,-0.14639930954234157,10.507429571900756,0.0,0.06608446271635696,1,0,114,362
multiclass_probability_sum,20,2,0.66,0.0,0.0,0.0,1.0,0.0,1.0,0.2746404103054637,0.49334614460725434,0.22900250054874308,0.6506527525838998,0.2027322189840973,0,0.0,,,10.653828881443099,0.0,0.06700521309083711,0,0,115,362
multiclass_probability_sum,20,2,0.67,0.0,0.0,0.0,1.0,0.0,1.0,0.2746404103054637,0.49334614460725434,0.22900250054874308,0.6506527525838998,0.2027322189840973,0,0.0,,,10.653828881443099,0.0,0.06700521309083711,0,0,115,362
multiclass_probability_sum,20,2,0.68,0.0,0.0,0.0,1.0,0.0,1.0,0.2746404103054637,0.49334614460725434,0.22900250054874308,0.6506527525838998,0.2027322189840973,0,0.0,,,10.653828881443099,0.0,0.06700521309083711,0,0,115,362
multiclass_probability_sum,20,2,0.69,0.0,0.0,0.0,1.0,0.0,1.0,0.2746404103054637,0.49334614460725434,0.22900250054874308,0.6506527525838998,0.2027322189840973,0,0.0,,,10.653828881443099,0.0,0.06700521309083711,0,0,115,362
multiclass_probability_sum,20,2,0.7,0.0,0.0,0.0,1.0,0.0,1.0,0.2746404103054637,0.49334614460725434,0.22900250054874308,0.6506527525838998,0.2027322189840973,0,0.0,,,10.653828881443099,0.0,0.06700521309083711,0,0,115,362
multiclass_probability_sum,20,2,0.71,0.0,0.0,0.0,1.0,0.0,1.0,0.2746404103054637,0.49334614460725434,0.22900250054874308,0.6506527525838998,0.2027322189840973,0,0.0,,,10.653828881443099,0.0,0.06700521309083711,0,0,115,362
multiclass_probability_sum,20,2,0.72,0.0,0.0,0.0,1.0,0.0,1.0,0.2746404103054637,0.49334614460725434,0.22900250054874308,0.6506527525838998,0.2027322189840973,0,0.0,,,10.653828881443099,0.0,0.06700521309083711,0,0,115,362
multiclass_probability_sum,20,2,0.73,0.0,0.0,0.0,1.0,0.0,1.0,0.2746404103054637,0.49334614460725434,0.22900250054874308,0.6506527525838998,0.2027322189840973,0,0.0,,,10.653828881443099,0.0,0.06700521309083711,0,0,115,362
multiclass_probability_sum,20,2,0.74,0.0,0.0,0.0,1.0,0.0,1.0,0.2746404103054637,0.49334614460725434,0.22900250054874308,0.6506527525838998,0.2027322189840973,0,0.0,,,10.653828881443099,0.0,0.06700521309083711,0,0,115,362
multiclass_probability_sum,20,2,0.75,0.0,0.0,0.0,1.0,0.0,1.0,0.2746404103054637,0.49334614460725434,0.22900250054874308,0.6506527525838998,0.2027322189840973,0,0.0,,,10.653828881443099,0.0,0.06700521309083711,0,0,115,362
multiclass_probability_sum,20,2,0.76,0.0,0.0,0.0,1.0,0.0,1.0,0.2746404103054637,0.49334614460725434,0.22900250054874308,0.6506527525838998,0.2027322189840973,0,0.0,,,10.653828881443099,0.0,0.06700521309083711,0,0,115,362
multiclass_probability_sum,20,2,0.77,0.0,0.0,0.0,1.0,0.0,1.0,0.2746404103054637,0.49334614460725434,0.22900250054874308,0.6506527525838998,0.2027322189840973,0,0.0,,,10.653828881443099,0.0,0.06700521309083711,0,0,115,362
multiclass_probability_sum,20,2,0.78,0.0,0.0,0.0,1.0,0.0,1.0,0.2746404103054637,0.49334614460725434,0.22900250054874308,0.6506527525838998,0.2027322189840973,0,0.0,,,10.653828881443099,0.0,0.06700521309083711,0,0,115,362
multiclass_probability_sum,20,2,0.79,0.0,0.0,0.0,1.0,0.0,1.0,0.2746404103054637,0.49334614460725434,0.22900250054874308,0.6506527525838998,0.2027322189840973,0,0.0,,,10.653828881443099,0.0,0.06700521309083711,0,0,115,362
multiclass_probability_sum,20,2,0.8,0.0,0.0,0.0,1.0,0.0,1.0,0.2746404103054637,0.49334614460725434,0.22900250054874308,0.6506527525838998,0.2027322189840973,0,0.0,,,10.653828881443099,0.0,0.06700521309083711,0,0,115,362
candidate_risk_off,20,2,0.05,1.0,0.24109014675052412,0.3885135135135135,0.0,1.0,0.0,0.3185481179683778,0.569853471054528,0.2712101748825634,0.7363544413092583,0.30105289871543944,477,1.0,0.012728251338308683,-0.030697635599802764,0.0,14.115722019824746,0.029592708636949152,115,362,0,0
candidate_risk_off,20,2,0.06,1.0,0.24109014675052412,0.3885135135135135,0.0,1.0,0.0,0.3185481179683778,0.569853471054528,0.2712101748825634,0.7363544413092583,0.30105289871543944,477,1.0,0.012728251338308683,-0.030697635599802764,0.0,14.115722019824746,0.029592708636949152,115,362,0,0
candidate_risk_off,20,2,0.07,1.0,0.24109014675052412,0.3885135135135135,0.0,1.0,0.0,0.3185481179683778,0.569853471054528,0.2712101748825634,0.7363544413092583,0.30105289871543944,477,1.0,0.012728251338308683,-0.030697635599802764,0.0,14.115722019824746,0.029592708636949152,115,362,0,0
candidate_risk_off,20,2,0.08,1.0,0.24109014675052412,0.3885135135135135,0.0,1.0,0.0,0.3185481179683778,0.569853471054528,0.2712101748825634,0.7363544413092583,0.30105289871543944,477,1.0,0.012728251338308683,-0.030697635599802764,0.0,14.115722019824746,0.029592708636949152,115,362,0,0
candidate_risk_off,20,2,0.09,1.0,0.24109014675052412,0.3885135135135135,0.0,1.0,0.0,0.3185481179683778,0.569853471054528,0.2712101748825634,0.7363544413092583,0.30105289871543944,477,1.0,0.012728251338308683,-0.030697635599802764,0.0,14.115722019824746,0.029592708636949152,115,362,0,0
candidate_risk_off,20,2,0.1,1.0,0.24109014675052412,0.3885135135135135,0.0,1.0,0.0,0.3185481179683778,0.569853471054528,0.2712101748825634,0.7363544413092583,0.30105289871543944,477,1.0,0.012728251338308683,-0.030697635599802764,0.0,14.115722019824746,0.029592708636949152,115,362,0,0
candidate_risk_off,20,2,0.11,1.0,0.24109014675052412,0.3885135135135135,0.0,1.0,0.0,0.3185481179683778,0.569853471054528,0.2712101748825634,0.7363544413092583,0.30105289871543944,477,1.0,0.012728251338308683,-0.030697635599802764,0.0,14.115722019824746,0.029592708636949152,115,362,0,0
candidate_risk_off,20,2,0.12,1.0,0.24109014675052412,0.3885135135135135,0.0,1.0,0.0,0.3185481179683778,0.569853471054528,0.2712101748825634,0.7363544413092583,0.30105289871543944,477,1.0,0.012728251338308683,-0.030697635599802764,0.0,14.115722019824746,0.029592708636949152,115,362,0,0
candidate_risk_off,20,2,0.13,1.0,0.24109014675052412,0.3885135135135135,0.0,1.0,0.0,0.3185481179683778,0.569853471054528,0.2712101748825634,0.7363544413092583,0.30105289871543944,477,1.0,0.012728251338308683,-0.030697635599802764,0.0,14.115722019824746,0.029592708636949152,115,362,0,0
candidate_risk_off,20,2,0.14,1.0,0.24109014675052412,0.3885135135135135,0.0,1.0,0.0,0.3185481179683778,0.569853471054528,0.2712101748825634,0.7363544413092583,0.30105289871543944,477,1.0,0.012728251338308683,-0.030697635599802764,0.0,14.115722019824746,0.029592708636949152,115,362,0,0
candidate_risk_off,20,2,0.15,1.0,0.24109014675052412,0.3885135135135135,0.0,1.0,0.0,0.3185481179683778,0.569853471054528,0.2712101748825634,0.7363544413092583,0.30105289871543944,477,1.0,0.012728251338308683,-0.030697635599802764,0.0,14.115722019824746,0.029592708636949152,115,362,0,0
candidate_risk_off,20,2,0.16,1.0,0.24109014675052412,0.3885135135135135,0.0,1.0,0.0,0.3185481179683778,0.569853471054528,0.2712101748825634,0.7363544413092583,0.30105289871543944,477,1.0,0.012728251338308683,-0.030697635599802764,0.0,14.115722019824746,0.029592708636949152,115,362,0,0
candidate_risk_off,20,2,0.17,1.0,0.24109014675052412,0.3885135135135135,0.0,1.0,0.0,0.3185481179683778,0.569853471054528,0.2712101748825634,0.7363544413092583,0.30105289871543944,477,1.0,0.012728251338308683,-0.030697635599802764,0.0,14.115722019824746,0.029592708636949152,115,362,0,0
candidate_risk_off,20,2,0.18,1.0,0.24109014675052412,0.3885135135135135,0.0,1.0,0.0,0.3185481179683778,0.569853471054528,0.2712101748825634,0.7363544413092583,0.30105289871543944,477,1.0,0.012728251338308683,-0.030697635599802764,0.0,14.115722019824746,0.029592708636949152,115,362,0,0
candidate_risk_off,20,2,0.19,1.0,0.24109014675052412,0.3885135135135135,0.0,1.0,0.0,0.3185481179683778,0.569853471054528,0.2712101748825634,0.7363544413092583,0.30105289871543944,477,1.0,0.012728251338308683,-0.030697635599802764,0.0,14.115722019824746,0.029592708636949152,115,362,0,0
candidate_risk_off,20,2,0.2,1.0,0.24109014675052412,0.3885135135135135,0.0,1.0,0.0,0.3185481179683778,0.569853471054528,0.2712101748825634,0.7363544413092583,0.30105289871543944,477,1.0,0.012728251338308683,-0.030697635599802764,0.0,14.115722019824746,0.029592708636949152,115,362,0,0
candidate_risk_off,20,2,0.21,1.0,0.24109014675052412,0.3885135135135135,0.0,1.0,0.0,0.3185481179683778,0.569853471054528,0.2712101748825634,0.7363544413092583,0.30105289871543944,477,1.0,0.012728251338308683,-0.030697635599802764,0.0,14.115722019824746,0.029592708636949152,115,362,0,0
candidate_risk_off,20,2,0.22,1.0,0.24109014675052412,0.3885135135135135,0.0,1.0,0.0,0.3185481179683778,0.569853471054528,0.2712101748825634,0.7363544413092583,0.30105289871543944,477,1.0,0.012728251338308683,-0.030697635599802764,0.0,14.115722019824746,0.029592708636949152,115,362,0,0
candidate_risk_off,20,2,0.23,1.0,0.24109014675052412,0.3885135135135135,0.0,1.0,0.0,0.3185481179683778,0.569853471054528,0.2712101748825634,0.7363544413092583,0.30105289871543944,477,1.0,0.012728251338308683,-0.030697635599802764,0.0,14.115722019824746,0.029592708636949152,115,362,0,0
candidate_risk_off,20,2,0.24,1.0,0.24109014675052412,0.3885135135135135,0.0,1.0,0.0,0.3185481179683778,0.569853471054528,0.2712101748825634,0.7363544413092583,0.30105289871543944,477,1.0,0.012728251338308683,-0.030697635599802764,0.0,14.115722019824746,0.029592708636949152,115,362,0,0
candidate_risk_off,20,2,0.25,1.0,0.24109014675052412,0.3885135135135135,0.0,1.0,0.0,0.3185481179683778,0.569853471054528,0.2712101748825634,0.7363544413092583,0.30105289871543944,477,1.0,0.012728251338308683,-0.030697635599802764,0.0,14.115722019824746,0.029592708636949152,115,362,0,0
candidate_risk_off,20,2,0.26,1.0,0.24109014675052412,0.3885135135135135,0.0,1.0,0.0,0.3185481179683778,0.569853471054528,0.2712101748825634,0.7363544413092583,0.30105289871543944,477,1.0,0.012728251338308683,-0.030697635599802764,0.0,14.115722019824746,0.029592708636949152,115,362,0,0
candidate_risk_off,20,2,0.27,1.0,0.24109014675052412,0.3885135135135135,0.0,1.0,0.0,0.3185481179683778,0.569853471054528,0.2712101748825634,0.7363544413092583,0.30105289871543944,477,1.0,0.012728251338308683,-0.030697635599802764,0.0,14.115722019824746,0.029592708636949152,115,362,0,0
candidate_risk_off,20,2,0.28,1.0,0.24109014675052412,0.3885135135135135,0.0,1.0,0.0,0.3185481179683778,0.569853471054528,0.2712101748825634,0.7363544413092583,0.30105289871543944,477,1.0,0.012728251338308683,-0.030697635599802764,0.0,14.115722019824746,0.029592708636949152,115,362,0,0
candidate_risk_off,20,2,0.29,1.0,0.24109014675052412,0.3885135135135135,0.0,1.0,0.0,0.3185481179683778,0.569853471054528,0.2712101748825634,0.7363544413092583,0.30105289871543944,477,1.0,0.012728251338308683,-0.030697635599802764,0.0,14.115722019824746,0.029592708636949152,115,362,0,0
candidate_risk_off,20,2,0.3,1.0,0.24109014675052412,0.3885135135135135,0.0,1.0,0.0,0.3185481179683778,0.569853471054528,0.2712101748825634,0.7363544413092583,0.30105289871543944,477,1.0,0.012728251338308683,-0.030697635599802764,0.0,14.115722019824746,0.029592708636949152,115,362,0,0
candidate_risk_off,20,2,0.31,1.0,0.24109014675052412,0.3885135135135135,0.0,1.0,0.0,0.3185481179683778,0.569853471054528,0.2712101748825634,0.7363544413092583,0.30105289871543944,477,1.0,0.012728251338308683,-0.030697635599802764,0.0,14.115722019824746,0.029592708636949152,115,362,0,0
candidate_risk_off,20,2,0.32,1.0,0.24109014675052412,0.3885135135135135,0.0,1.0,0.0,0.3185481179683778,0.569853471054528,0.2712101748825634,0.7363544413092583,0.30105289871543944,477,1.0,0.012728251338308683,-0.030697635599802764,0.0,14.115722019824746,0.029592708636949152,115,362,0,0
candidate_risk_off,20,2,0.33,1.0,0.24109014675052412,0.3885135135135135,0.0,1.0,0.0,0.3185481179683778,0.569853471054528,0.2712101748825634,0.7363544413092583,0.30105289871543944,477,1.0,0.012728251338308683,-0.030697635599802764,0.0,14.115722019824746,0.029592708636949152,115,362,0,0
candidate_risk_off,20,2,0.34,1.0,0.24109014675052412,0.3885135135135135,0.0,1.0,0.0,0.3185481179683778,0.569853471054528,0.2712101748825634,0.7363544413092583,0.30105289871543944,477,1.0,0.012728251338308683,-0.030697635599802764,0.0,14.115722019824746,0.029592708636949152,115,362,0,0
candidate_risk_off,20,2,0.35,1.0,0.24109014675052412,0.3885135135135135,0.0,1.0,0.0,0.3185481179683778,0.569853471054528,0.2712101748825634,0.7363544413092583,0.30105289871543944,477,1.0,0.012728251338308683,-0.030697635599802764,0.0,14.115722019824746,0.029592708636949152,115,362,0,0
candidate_risk_off,20,2,0.36,1.0,0.24109014675052412,0.3885135135135135,0.0,1.0,0.0,0.3185481179683778,0.569853471054528,0.2712101748825634,0.7363544413092583,0.30105289871543944,477,1.0,0.012728251338308683,-0.030697635599802764,0.0,14.115722019824746,0.029592708636949152,115,362,0,0
candidate_risk_off,20,2,0.37,1.0,0.24109014675052412,0.3885135135135135,0.0,1.0,0.0,0.3185481179683778,0.569853471054528,0.2712101748825634,0.7363544413092583,0.30105289871543944,477,1.0,0.012728251338308683,-0.030697635599802764,0.0,14.115722019824746,0.029592708636949152,115,362,0,0
candidate_risk_off,20,2,0.38,1.0,0.24109014675052412,0.3885135135135135,0.0,1.0,0.0,0.3185481179683778,0.569853471054528,0.2712101748825634,0.7363544413092583,0.30105289871543944,477,1.0,0.012728251338308683,-0.030697635599802764,0.0,14.115722019824746,0.029592708636949152,115,362,0,0
candidate_risk_off,20,2,0.39,1.0,0.24109014675052412,0.3885135135135135,0.0,1.0,0.0,0.3185481179683778,0.569853471054528,0.2712101748825634,0.7363544413092583,0.30105289871543944,477,1.0,0.012728251338308683,-0.030697635599802764,0.0,14.115722019824746,0.029592708636949152,115,362,0,0
candidate_risk_off,20,2,0.4,1.0,0.24109014675052412,0.3885135135135135,0.0,1.0,0.0,0.3185481179683778,0.569853471054528,0.2712101748825634,0.7363544413092583,0.30105289871543944,477,1.0,0.012728251338308683,-0.030697635599802764,0.0,14.115722019824746,0.029592708636949152,115,362,0,0
candidate_risk_off,20,2,0.41,1.0,0.2415966386554622,0.38917089678510997,0.0027624309392265192,0.9972375690607734,0.0,0.3185481179683778,0.569853471054528,0.2712101748825634,0.7363544413092583,0.30105289871543944,476,0.9979035639412998,0.012660664921571205,-0.03071969491169954,0.0,14.070822634119398,0.029498579945742974,115,361,0,1
candidate_risk_off,20,2,0.42,1.0,0.24210526315789474,0.38983050847457623,0.0055248618784530384,0.994475138121547,0.0,0.3185481179683778,0.569853471054528,0.2712101748825634,0.7363544413092583,0.30105289871543944,475,0.9958071278825996,0.012591527629180643,-0.030734651870865166,0.0,14.025321755312312,0.02940319026270925,115,360,0,2
candidate_risk_off,20,2,0.43,0.9826086956521739,0.24093816631130063,0.38698630136986295,0.016574585635359115,0.9834254143646409,0.017391304347826087,0.3185481179683778,0.569853471054528,0.2712101748825634,0.7363544413092583,0.30105289871543944,469,0.9832285115303984,0.012628504637793971,-0.030683311755215926,0.17682580287146235,13.832367438043164,0.030110785842049376,113,356,2,6
candidate_risk_off,20,2,0.44,0.9739130434782609,0.24034334763948498,0.38554216867469876,0.022099447513812154,0.9779005524861878,0.02608695652173913,0.3185481179683778,0.569853471054528,0.2712101748825634,0.7363544413092583,0.30105289871543944,466,0.9769392033542977,0.012632029995368233,-0.030670195477476275,0.2523008248446338,13.731282877710022,0.030373554197576362,112,354,3,8
candidate_risk_off,20,2,0.45,0.9565217391304348,0.23809523809523808,0.38128249566724437,0.027624309392265192,0.9723756906077348,0.043478260869565216,0.3185481179683778,0.569853471054528,0.2712101748825634,0.7363544413092583,0.30105289871543944,462,0.9685534591194969,0.012710816905558088,-0.03060680522123227,0.4014282542760559,13.619212790330387,0.031076514786495923,110,352,5,10
candidate_risk_off,20,2,0.46,0.9391304347826087,0.23841059602649006,0.38028169014084506,0.04696132596685083,0.9530386740331491,0.06086956521739131,0.3185481179683778,0.569853471054528,0.2712101748825634,0.7363544413092583,0.30105289871543944,453,0.949685534591195,0.012369717259503627,-0.030601961762234318,0.573299013141879,13.278764572648136,0.031443735035794076,108,345,7,17
candidate_risk_off,20,2,0.47,0.9043478260869565,0.2379862700228833,0.37681159420289856,0.08011049723756906,0.919889502762431,0.09565217391304348,0.3185481179683778,0.569853471054528,0.2712101748825634,0.7363544413092583,0.30105289871543944,437,0.9161425576519916,0.01200377443173764,-0.030808891957088153,0.8780742568623094,12.772265947083898,0.032298718485683074,104,333,11,29
candidate_risk_off,20,2,0.48,0.8695652173913043,0.2375296912114014,0.3731343283582089,0.1132596685082873,0.8867403314917127,0.13043478260869565,0.3185481179683778,0.569853471054528,0.2712101748825634,0.7363544413092583,0.30105289871543944,421,0.8825995807127882,0.012161765531674295,-0.030369803127558714,1.2697330537008418,12.46832727257122,0.034124793361999466,100,321,15,41
candidate_risk_off,20,2,0.49,0.7913043478260869,0.23155216284987276,0.35826771653543305,0.16574585635359115,0.8342541436464088,0.20869565217391303,0.3185481179683778,0.569853471054528,0.2712101748825634,0.7363544413092583,0.30105289871543944,393,0.8238993710691824,0.012215493174860944,-0.030168028337252874,2.0469253749188026,11.806317526819509,0.03762493428003336,91,302,24,60
candidate_risk_off,20,2,0.5,0.7043478260869566,0.22946175637393768,0.34615384615384615,0.24861878453038674,0.7513812154696132,0.2956521739130435,0.3185481179683778,0.569853471054528,0.2712101748825634,0.7363544413092583,0.30105289871543944,353,0.740041928721174,0.012989516987344438,-0.029883090515394627,3.0112154621086558,10.924732827364007,0.041841465856792395,81,272,34,90
candidate_risk_off,20,2,0.51,0.6782608695652174,0.24148606811145512,0.35616438356164387,0.32320441988950277,0.6767955801104972,0.3217391304347826,0.3185481179683778,0.569853471054528,0.2712101748825634,0.7363544413092583,0.30105289871543944,323,0.6771488469601677,0.012702328628821312,-0.03100841725045884,3.289751974577278,10.172242559160285,0.04201572008992058,78,245,37,117
candidate_risk_off,20,2,0.52,0.6347826086956522,0.24829931972789115,0.3569682151589242,0.38950276243093923,0.6104972375690608,0.3652173913043478,0.3185481179683778,0.569853471054528,0.2712101748825634,0.7363544413092583,0.30105289871543944,294,0.6163522012578616,0.01184071107587977,-0.03177306964155546,3.750791651755892,9.261765193639702,0.04300658312139912,73,221,42,141
candidate_risk_off,20,2,0.53,0.6086956521739131,0.2681992337164751,0.3723404255319148,0.4723756906077348,0.5276243093922652,0.391304347826087,0.3185481179683778,0.569853471054528,0.2712101748825634,0.7363544413092583,0.30105289871543944,261,0.5471698113207547,0.009912896769647494,-0.03342340374695568,3.84733968593864,8.30962871034417,0.041617710205786355,70,191,45,171
candidate_risk_off,20,2,0.54,0.5478260869565217,0.2850678733031674,0.37499999999999994,0.56353591160221,0.43646408839779005,0.45217391304347826,0.3185481179683778,0.569853471054528,0.2712101748825634,0.7363544413092583,0.30105289871543944,221,0.46331236897274636,0.008038229221917404,-0.03497505993727261,4.420761944069899,7.027238789067933,0.04253569102993214,63,158,52,204
candidate_risk_off,20,2,0.55,0.5043478260869565,0.29292929292929293,0.3706070287539936,0.6132596685082873,0.3867403314917127,0.4956521739130435,0.3185481179683778,0.569853471054528,0.2712101748825634,0.7363544413092583,0.30105289871543944,198,0.41509433962264153,0.008348042126434729,-0.03442045284397258,4.924717053747022,6.5119874328553164,0.04462502849915384,58,140,57,222
candidate_risk_off,20,2,0.56,0.4956521739130435,0.3392857142857143,0.40282685512367494,0.6933701657458563,0.30662983425414364,0.5043478260869565,0.3185481179683778,0.569853471054528,0.2712101748825634,0.7363544413092583,0.30105289871543944,168,0.3522012578616352,0.003955386916519706,-0.03743405004176285,5.009223236750154,5.397772485036676,0.04282063353309673,57,111,58,251
candidate_risk_off,20,2,0.57,0.4782608695652174,0.40145985401459855,0.43650793650793657,0.7734806629834254,0.2265193370165746,0.5217391304347826,0.3185481179683778,0.569853471054528,0.2712101748825634,0.7363544413092583,0.30105289871543944,137,0.28721174004192873,-0.0056793455127043075,-0.04248750119371817,5.274709568803116,3.839943817745045,0.04122447070053332,55,82,60,280
candidate_risk_off,20,2,0.58,0.4260869565217391,0.4260869565217391,0.4260869565217391,0.8176795580110497,0.18232044198895028,0.5739130434782609,0.3185481179683778,0.569853471054528,0.2712101748825634,0.7363544413092583,0.30105289871543944,115,0.24109014675052412,-0.008697018292492113,-0.044539664878345965,5.839428130139671,3.087857830126702,0.04319945958185684,49,66,66,296
candidate_risk_off,20,2,0.59,0.3826086956521739,0.43137254901960786,0.4055299539170507,0.8397790055248618,0.16022099447513813,0.6173913043478261,0.3185481179683778,0.569853471054528,0.2712101748825634,0.7363544413092583,0.30105289871543944,102,0.2138364779874214,-0.007005643291664843,-0.044811864827508784,6.35865609912546,2.871864445023078,0.04601222797148733,44,58,71,304
candidate_risk_off,20,2,0.6,0.34782608695652173,0.4444444444444444,0.3902439024390244,0.861878453038674,0.13812154696132597,0.6521739130434783,0.3185481179683778,0.569853471054528,0.2712101748825634,0.7363544413092583,0.30105289871543944,90,0.18867924528301888,-0.010863507801167389,-0.04654715667208147,6.713300583326843,2.3382317069328336,0.04712396951134878,40,50,75,312
candidate_risk_off,20,2,0.61,0.22608695652173913,0.3880597014925373,0.2857142857142857,0.8867403314917127,0.1132596685082873,0.7739130434782608,0.3185481179683778,0.569853471054528,0.2712101748825634,0.7363544413092583,0.30105289871543944,67,0.14046121593291405,-0.0070043412752677624,-0.04431401079590509,7.923509097830389,1.8628164995228038,0.05373866623273369,26,41,89,321
candidate_risk_off,20,2,0.62,0.1826086956521739,0.39622641509433965,0.25000000000000006,0.9116022099447514,0.08839779005524862,0.8173913043478261,0.3185481179683778,0.569853471054528,0.2712101748825634,0.7363544413092583,0.30105289871543944,53,0.1111111111111111,-0.008061492176524026,-0.04475362671507673,8.532954241375654,1.3689181976456086,0.05653622834753159,21,32,94,330
candidate_risk_off,20,2,0.63,0.11304347826086956,0.35135135135135137,0.17105263157894737,0.9337016574585635,0.06629834254143646,0.8869565217391304,0.3185481179683778,0.569853471054528,0.2712101748825634,0.7363544413092583,0.30105289871543944,37,0.07756813417190776,-0.006747156668645356,-0.04449834535093409,9.285219579236747,0.9158540596259592,0.06031763689169015,13,24,102,338
candidate_risk_off,20,2,0.64,0.08695652173913043,0.35714285714285715,0.13986013986013987,0.9502762430939227,0.049723756906077346,0.9130434782608695,0.3185481179683778,0.569853471054528,0.2712101748825634,0.7363544413092583,0.30105289871543944,28,0.05870020964360587,-0.008975448472859443,-0.04664231553232152,9.593418256582973,0.65076438922073,0.061700249809160695,10,18,105,344
candidate_risk_off,20,2,0.65,0.043478260869565216,0.2777777777777778,0.07518796992481204,0.9640883977900553,0.03591160220994475,0.9565217391304348,0.3185481179683778,0.569853471054528,0.2712101748825634,0.7363544413092583,0.30105289871543944,18,0.03773584905660377,0.00497419707213603,-0.03978431791934733,10.134811959817634,0.5187149936384395,0.06482840853897556,5,13,110,349
candidate_risk_off,20,2,0.66,0.008695652173913044,0.1111111111111111,0.016129032258064516,0.9779005524861878,0.022099447513812154,0.991304347826087,0.3185481179683778,0.569853471054528,0.2712101748825634,0.7363544413092583,0.30105289871543944,9,0.018867924528301886,0.01598887255843124,-0.029402545629253596,10.539709617478142,0.2240982219169646,0.06675728946404903,1,8,114,354
candidate_risk_off,20,2,0.67,0.0,0.0,0.0,0.9834254143646409,0.016574585635359115,1.0,0.3185481179683778,0.569853471054528,0.2712101748825634,0.7363544413092583,0.30105289871543944,6,0.012578616352201259,0.010458741810751593,-0.02517632328529949,10.653828881443099,0.0694496338997077,0.06715080980760799,0,6,115,356
candidate_risk_off,20,2,0.68,0.0,0.0,0.0,0.9861878453038674,0.013812154696132596,1.0,0.3185481179683778,0.569853471054528,0.2712101748825634,0.7363544413092583,0.30105289871543944,5,0.010482180293501049,0.013806260431307888,-0.022606006854371967,10.653828881443099,0.0694496338997077,0.06715080980760799,0,5,115,357
candidate_risk_off,20,2,0.69,0.0,0.0,0.0,0.988950276243094,0.011049723756906077,1.0,0.3185481179683778,0.569853471054528,0.2712101748825634,0.7363544413092583,0.30105289871543944,4,0.008385744234800839,0.010790672548287887,-0.024213958854774665,10.653828881443099,0.04358102193631981,0.0670965779166994,0,4,115,358
candidate_risk_off,20,2,0.7,0.0,0.0,0.0,0.994475138121547,0.0055248618784530384,1.0,0.3185481179683778,0.569853471054528,0.2712101748825634,0.7363544413092583,0.30105289871543944,2,0.0041928721174004195,0.015785114238150565,-0.020342959679163303,10.653828881443099,0.03157022847630113,0.06707139805619622,0,2,115,360
candidate_risk_off,20,2,0.71,0.0,0.0,0.0,1.0,0.0,1.0,0.3185481179683778,0.569853471054528,0.2712101748825634,0.7363544413092583,0.30105289871543944,0,0.0,,,10.653828881443099,0.0,0.06700521309083711,0,0,115,362
candidate_risk_off,20,2,0.72,0.0,0.0,0.0,1.0,0.0,1.0,0.3185481179683778,0.569853471054528,0.2712101748825634,0.7363544413092583,0.30105289871543944,0,0.0,,,10.653828881443099,0.0,0.06700521309083711,0,0,115,362
candidate_risk_off,20,2,0.73,0.0,0.0,0.0,1.0,0.0,1.0,0.3185481179683778,0.569853471054528,0.2712101748825634,0.7363544413092583,0.30105289871543944,0,0.0,,,10.653828881443099,0.0,0.06700521309083711,0,0,115,362
candidate_risk_off,20,2,0.74,0.0,0.0,0.0,1.0,0.0,1.0,0.3185481179683778,0.569853471054528,0.2712101748825634,0.7363544413092583,0.30105289871543944,0,0.0,,,10.653828881443099,0.0,0.06700521309083711,0,0,115,362
candidate_risk_off,20,2,0.75,0.0,0.0,0.0,1.0,0.0,1.0,0.3185481179683778,0.569853471054528,0.2712101748825634,0.7363544413092583,0.30105289871543944,0,0.0,,,10.653828881443099,0.0,0.06700521309083711,0,0,115,362
candidate_risk_off,20,2,0.76,0.0,0.0,0.0,1.0,0.0,1.0,0.3185481179683778,0.569853471054528,0.2712101748825634,0.7363544413092583,0.30105289871543944,0,0.0,,,10.653828881443099,0.0,0.06700521309083711,0,0,115,362
candidate_risk_off,20,2,0.77,0.0,0.0,0.0,1.0,0.0,1.0,0.3185481179683778,0.569853471054528,0.2712101748825634,0.7363544413092583,0.30105289871543944,0,0.0,,,10.653828881443099,0.0,0.06700521309083711,0,0,115,362
candidate_risk_off,20,2,0.78,0.0,0.0,0.0,1.0,0.0,1.0,0.3185481179683778,0.569853471054528,0.2712101748825634,0.7363544413092583,0.30105289871543944,0,0.0,,,10.653828881443099,0.0,0.06700521309083711,0,0,115,362
candidate_risk_off,20,2,0.79,0.0,0.0,0.0,1.0,0.0,1.0,0.3185481179683778,0.569853471054528,0.2712101748825634,0.7363544413092583,0.30105289871543944,0,0.0,,,10.653828881443099,0.0,0.06700521309083711,0,0,115,362
candidate_risk_off,20,2,0.8,0.0,0.0,0.0,1.0,0.0,1.0,0.3185481179683778,0.569853471054528,0.2712101748825634,0.7363544413092583,0.30105289871543944,0,0.0,,,10.653828881443099,0.0,0.06700521309083711,0,0,115,362
multiclass_probability_sum,40,0,0.05,1.0,0.2857142857142857,0.4444444444444445,0.0,1.0,0.0,0.49626377062018723,0.746887573964497,0.21602162443094025,0.6232983462397921,0.18539566395133392,455,1.0,0.013879250219409476,-0.044492043254493734,0.0,14.65505366275733,0.03220890914891721,130,325,0,0
multiclass_probability_sum,40,0,0.06,1.0,0.2857142857142857,0.4444444444444445,0.0,1.0,0.0,0.49626377062018723,0.746887573964497,0.21602162443094025,0.6232983462397921,0.18539566395133392,455,1.0,0.013879250219409476,-0.044492043254493734,0.0,14.65505366275733,0.03220890914891721,130,325,0,0
multiclass_probability_sum,40,0,0.07,1.0,0.2857142857142857,0.4444444444444445,0.0,1.0,0.0,0.49626377062018723,0.746887573964497,0.21602162443094025,0.6232983462397921,0.18539566395133392,455,1.0,0.013879250219409476,-0.044492043254493734,0.0,14.65505366275733,0.03220890914891721,130,325,0,0
multiclass_probability_sum,40,0,0.08,1.0,0.2857142857142857,0.4444444444444445,0.0,1.0,0.0,0.49626377062018723,0.746887573964497,0.21602162443094025,0.6232983462397921,0.18539566395133392,455,1.0,0.013879250219409476,-0.044492043254493734,0.0,14.65505366275733,0.03220890914891721,130,325,0,0
multiclass_probability_sum,40,0,0.09,1.0,0.2857142857142857,0.4444444444444445,0.0,1.0,0.0,0.49626377062018723,0.746887573964497,0.21602162443094025,0.6232983462397921,0.18539566395133392,455,1.0,0.013879250219409476,-0.044492043254493734,0.0,14.65505366275733,0.03220890914891721,130,325,0,0
multiclass_probability_sum,40,0,0.1,1.0,0.2857142857142857,0.4444444444444445,0.0,1.0,0.0,0.49626377062018723,0.746887573964497,0.21602162443094025,0.6232983462397921,0.18539566395133392,455,1.0,0.013879250219409476,-0.044492043254493734,0.0,14.65505366275733,0.03220890914891721,130,325,0,0
multiclass_probability_sum,40,0,0.11,1.0,0.2857142857142857,0.4444444444444445,0.0,1.0,0.0,0.49626377062018723,0.746887573964497,0.21602162443094025,0.6232983462397921,0.18539566395133392,455,1.0,0.013879250219409476,-0.044492043254493734,0.0,14.65505366275733,0.03220890914891721,130,325,0,0
multiclass_probability_sum,40,0,0.12,1.0,0.2857142857142857,0.4444444444444445,0.0,1.0,0.0,0.49626377062018723,0.746887573964497,0.21602162443094025,0.6232983462397921,0.18539566395133392,455,1.0,0.013879250219409476,-0.044492043254493734,0.0,14.65505366275733,0.03220890914891721,130,325,0,0
multiclass_probability_sum,40,0,0.13,1.0,0.2857142857142857,0.4444444444444445,0.0,1.0,0.0,0.49626377062018723,0.746887573964497,0.21602162443094025,0.6232983462397921,0.18539566395133392,455,1.0,0.013879250219409476,-0.044492043254493734,0.0,14.65505366275733,0.03220890914891721,130,325,0,0
multiclass_probability_sum,40,0,0.14,1.0,0.2857142857142857,0.4444444444444445,0.0,1.0,0.0,0.49626377062018723,0.746887573964497,0.21602162443094025,0.6232983462397921,0.18539566395133392,455,1.0,0.013879250219409476,-0.044492043254493734,0.0,14.65505366275733,0.03220890914891721,130,325,0,0
multiclass_probability_sum,40,0,0.15,1.0,0.2857142857142857,0.4444444444444445,0.0,1.0,0.0,0.49626377062018723,0.746887573964497,0.21602162443094025,0.6232983462397921,0.18539566395133392,455,1.0,0.013879250219409476,-0.044492043254493734,0.0,14.65505366275733,0.03220890914891721,130,325,0,0
multiclass_probability_sum,40,0,0.16,1.0,0.2857142857142857,0.4444444444444445,0.0,1.0,0.0,0.49626377062018723,0.746887573964497,0.21602162443094025,0.6232983462397921,0.18539566395133392,455,1.0,0.013879250219409476,-0.044492043254493734,0.0,14.65505366275733,0.03220890914891721,130,325,0,0
multiclass_probability_sum,40,0,0.17,1.0,0.2857142857142857,0.4444444444444445,0.0,1.0,0.0,0.49626377062018723,0.746887573964497,0.21602162443094025,0.6232983462397921,0.18539566395133392,455,1.0,0.013879250219409476,-0.044492043254493734,0.0,14.65505366275733,0.03220890914891721,130,325,0,0
multiclass_probability_sum,40,0,0.18,1.0,0.2857142857142857,0.4444444444444445,0.0,1.0,0.0,0.49626377062018723,0.746887573964497,0.21602162443094025,0.6232983462397921,0.18539566395133392,455,1.0,0.013879250219409476,-0.044492043254493734,0.0,14.65505366275733,0.03220890914891721,130,325,0,0
multiclass_probability_sum,40,0,0.19,1.0,0.2857142857142857,0.4444444444444445,0.0,1.0,0.0,0.49626377062018723,0.746887573964497,0.21602162443094025,0.6232983462397921,0.18539566395133392,455,1.0,0.013879250219409476,-0.044492043254493734,0.0,14.65505366275733,0.03220890914891721,130,325,0,0
multiclass_probability_sum,40,0,0.2,1.0,0.2857142857142857,0.4444444444444445,0.0,1.0,0.0,0.49626377062018723,0.746887573964497,0.21602162443094025,0.6232983462397921,0.18539566395133392,455,1.0,0.013879250219409476,-0.044492043254493734,0.0,14.65505366275733,0.03220890914891721,130,325,0,0
multiclass_probability_sum,40,0,0.21,1.0,0.2857142857142857,0.4444444444444445,0.0,1.0,0.0,0.49626377062018723,0.746887573964497,0.21602162443094025,0.6232983462397921,0.18539566395133392,455,1.0,0.013879250219409476,-0.044492043254493734,0.0,14.65505366275733,0.03220890914891721,130,325,0,0
multiclass_probability_sum,40,0,0.22,1.0,0.2857142857142857,0.4444444444444445,0.0,1.0,0.0,0.49626377062018723,0.746887573964497,0.21602162443094025,0.6232983462397921,0.18539566395133392,455,1.0,0.013879250219409476,-0.044492043254493734,0.0,14.65505366275733,0.03220890914891721,130,325,0,0
multiclass_probability_sum,40,0,0.23,1.0,0.2857142857142857,0.4444444444444445,0.0,1.0,0.0,0.49626377062018723,0.746887573964497,0.21602162443094025,0.6232983462397921,0.18539566395133392,455,1.0,0.013879250219409476,-0.044492043254493734,0.0,14.65505366275733,0.03220890914891721,130,325,0,0
multiclass_probability_sum,40,0,0.24,1.0,0.2857142857142857,0.4444444444444445,0.0,1.0,0.0,0.49626377062018723,0.746887573964497,0.21602162443094025,0.6232983462397921,0.18539566395133392,455,1.0,0.013879250219409476,-0.044492043254493734,0.0,14.65505366275733,0.03220890914891721,130,325,0,0
multiclass_probability_sum,40,0,0.25,1.0,0.2857142857142857,0.4444444444444445,0.0,1.0,0.0,0.49626377062018723,0.746887573964497,0.21602162443094025,0.6232983462397921,0.18539566395133392,455,1.0,0.013879250219409476,-0.044492043254493734,0.0,14.65505366275733,0.03220890914891721,130,325,0,0
multiclass_probability_sum,40,0,0.26,1.0,0.2857142857142857,0.4444444444444445,0.0,1.0,0.0,0.49626377062018723,0.746887573964497,0.21602162443094025,0.6232983462397921,0.18539566395133392,455,1.0,0.013879250219409476,-0.044492043254493734,0.0,14.65505366275733,0.03220890914891721,130,325,0,0
multiclass_probability_sum,40,0,0.27,1.0,0.2857142857142857,0.4444444444444445,0.0,1.0,0.0,0.49626377062018723,0.746887573964497,0.21602162443094025,0.6232983462397921,0.18539566395133392,455,1.0,0.013879250219409476,-0.044492043254493734,0.0,14.65505366275733,0.03220890914891721,130,325,0,0
multiclass_probability_sum,40,0,0.28,1.0,0.28824833702882485,0.4475043029259897,0.012307692307692308,0.9876923076923076,0.0,0.49626377062018723,0.746887573964497,0.21602162443094025,0.6232983462397921,0.18539566395133392,451,0.9912087912087912,0.012780428275671716,-0.04488980021710259,0.0,14.103967965253961,0.030997731791766948,130,321,0,4
multiclass_probability_sum,40,0,0.29,1.0,0.29017857142857145,0.4498269896193772,0.021538461538461538,0.9784615384615385,0.0,0.49626377062018723,0.746887573964497,0.21602162443094025,0.6232983462397921,0.18539566395133392,448,0.9846153846153847,0.012214539641768246,-0.04514513465091,0.0,13.812108572438193,0.030356282576787238,130,318,0,7
multiclass_probability_sum,40,0,0.3,1.0,0.29213483146067415,0.45217391304347826,0.03076923076923077,0.9692307692307692,0.0,0.49626377062018723,0.746887573964497,0.21602162443094025,0.6232983462397921,0.18539566395133392,445,0.978021978021978,0.011911581076680553,-0.04534501551391187,0.0,13.640648392048865,0.02997944701549201,130,315,0,10
multiclass_probability_sum,40,0,0.31,1.0,0.2968036529680365,0.45774647887323944,0.052307692307692305,0.9476923076923077,0.0,0.49626377062018723,0.746887573964497,0.21602162443094025,0.6232983462397921,0.18539566395133392,438,0.9626373626373627,0.010790133271867723,-0.04590548070194964,0.0,13.06607318600408,0.028716644364844134,130,308,0,17
multiclass_probability_sum,40,0,0.32,1.0,0.2995391705069124,0.46099290780141844,0.06461538461538462,0.9353846153846154,0.0,0.49626377062018723,0.746887573964497,0.21602162443094025,0.6232983462397921,0.18539566395133392,434,0.9538461538461539,0.009949240637472084,-0.04624809831111257,0.0,12.657965249588903,0.027819703845250336,130,304,0,21
multiclass_probability_sum,40,0,0.33,1.0,0.3058823529411765,0.4684684684684685,0.09230769230769231,0.9076923076923077,0.0,0.49626377062018723,0.746887573964497,0.21602162443094025,0.6232983462397921,0.18539566395133392,425,0.9340659340659341,0.008333307389886687,-0.046770231662603544,0.0,11.881650453627861,0.026113517480500795,130,295,0,30
multiclass_probability_sum,40,0,0.34,1.0,0.3140096618357488,0.4779411764705882,0.12615384615384614,0.8738461538461538,0.0,0.49626377062018723,0.746887573964497,0.21602162443094025,0.6232983462397921,0.18539566395133392,414,0.9098901098901099,0.006621440236620567,-0.047822745243779975,0.0,11.081271070886935,0.02435444191403722,130,284,0,41
multiclass_probability_sum,40,0,0.35,1.0,0.3194103194103194,0.4841713221601489,0.1476923076923077,0.8523076923076923,0.0,0.49626377062018723,0.746887573964497,0.21602162443094025,0.6232983462397921,0.18539566395133392,407,0.8945054945054945,0.005728934663594415,-0.04847090737194279,0.0,10.671671221008946,0.023454222463755926,130,277,0,48
multiclass_probability_sum,40,0,0.36,1.0,0.3258145363408521,0.4914933837429112,0.1723076923076923,0.8276923076923077,0.0,0.49626377062018723,0.746887573964497,0.21602162443094025,0.6232983462397921,0.18539566395133392,399,0.8769230769230769,0.004337861362536861,-0.0492702839276824,0.0,10.070801496578227,0.02213362966280929,130,269,0,56
multiclass_probability_sum,40,0,0.37,1.0,0.3291139240506329,0.4952380952380952,0.18461538461538463,0.8153846153846154,0.0,0.49626377062018723,0.746887573964497,0.21602162443094025,0.6232983462397921,0.18539566395133392,395,0.8681318681318682,0.003910415951729556,-0.049673139324619385,0.0,9.884609113859193,0.02172441563485537,130,265,0,60
multiclass_probability_sum,40,0,0.38,1.0,0.33766233766233766,0.5048543689320388,0.2153846153846154,0.7846153846153846,0.0,0.49626377062018723,0.746887573964497,0.21602162443094025,0.6232983462397921,0.18539566395133392,385,0.8461538461538461,0.0020085974585440196,-0.05074372431747669,0.0,9.101599000594817,0.020003514287021577,130,255,0,70
multiclass_probability_sum,40,0,0.39,0.9769230769230769,0.3451086956521739,0.5100401606425702,0.25846153846153846,0.7415384615384616,0.023076923076923078,0.49626377062018723,0.746887573964497,0.21602162443094025,0.6232983462397921,0.18539566395133392,368,0.8087912087912088,0.0006985562722880472,-0.051953985428699126,0.28032944304630364,8.374504473034701,0.020253830334447498,127,241,3,84
multiclass_probability_sum,40,0,0.4,0.9692307692307692,0.35492957746478876,0.5195876288659793,0.2953846153846154,0.7046153846153846,0.03076923076923077,0.49626377062018723,0.746887573964497,0.21602162443094025,0.6232983462397921,0.18539566395133392,355,0.7802197802197802,-0.0012935082350666665,-0.05335361625333121,0.3293806443535895,7.629092236098257,0.018938976195953902,126,229,4,96
multiclass_probability_sum,40,0,0.41,0.9461538461538461,0.35964912280701755,0.521186440677966,0.3261538461538461,0.6738461538461539,0.05384615384615385,0.49626377062018723,0.746887573964497,0.21602162443094025,0.6232983462397921,0.18539566395133392,342,0.7516483516483516,-0.0014466645030707928,-0.053810193119508715,0.7085837381657969,7.381073724249198,0.020894120744498,123,219,7,106
multiclass_probability_sum,40,0,0.42,0.9307692307692308,0.36555891238670696,0.5249457700650759,0.35384615384615387,0.6461538461538462,0.06923076923076923,0.49626377062018723,0.746887573964497,0.21602162443094025,0.6232983462397921,0.18539566395133392,331,0.7274725274725274,-0.0026746069780178307,-0.05466230671373665,0.9450929479300689,6.827471942408335,0.02123681491472207,121,210,9,115
multiclass_probability_sum,40,0,0.43,0.9230769230769231,0.3883495145631068,0.5466970387243735,0.41846153846153844,0.5815384615384616,0.07692307692307693,0.49626377062018723,0.746887573964497,0.21602162443094025,0.6232983462397921,0.18539566395133392,309,0.6791208791208792,-0.005027406255003102,-0.05669136315558918,0.9979654024282885,6.009801406208565,0.019788346403282264,120,189,10,136
multiclass_probability_sum,40,0,0.44,0.9,0.4020618556701031,0.5558194774346794,0.4646153846153846,0.5353846153846153,0.1,0.49626377062018723,0.746887573964497,0.21602162443094025,0.6232983462397921,0.18539566395133392,291,0.6395604395604395,-0.005836531717156966,-0.05801440473020559,1.3985909041693072,5.554812537803302,0.021429857692991702,117,174,13,151
multiclass_probability_sum,40,0,0.45,0.8846153846153846,0.4166666666666667,0.5665024630541872,0.5046153846153846,0.49538461538461537,0.11538461538461539,0.49626377062018723,0.746887573964497,0.21602162443094025,0.6232983462397921,0.18539566395133392,276,0.6065934065934065,-0.00795822444658972,-0.05992816027183701,1.5560193628692274,4.953151971611984,0.021145516615867402,115,161,15,164
multiclass_probability_sum,40,0,0.46,0.8384615384615385,0.42745098039215684,0.5662337662337663,0.5507692307692308,0.4492307692307692,0.16153846153846155,0.49626377062018723,0.746887573964497,0.21602162443094025,0.6232983462397921,0.18539566395133392,255,0.5604395604395604,-0.009815680210250349,-0.06158328261579056,2.2028322580482054,4.3005649896014715,0.02397595992032107,109,146,21,179
multiclass_probability_sum,40,0,0.47,0.7923076923076923,0.4309623430962343,0.5582655826558266,0.5815384615384616,0.41846153846153844,0.2076923076923077,0.49626377062018723,0.746887573964497,0.21602162443094025,0.6232983462397921,0.18539566395133392,239,0.5252747252747253,-0.010168657755165187,-0.0624103038140883,2.6974512020882475,3.9859585631259717,0.02654574103162794,103,136,27,189
multiclass_probability_sum,40,0,0.48,0.7461538461538462,0.44495412844036697,0.5574712643678161,0.6276923076923077,0.3723076923076923,0.25384615384615383,0.49626377062018723,0.746887573964497,0.21602162443094025,0.6232983462397921,0.18539566395133392,218,0.47912087912087914,-0.011386526144197318,-0.06352842563293888,3.394173058331974,3.408635106733393,0.029870668751053434,97,121,33,204
multiclass_probability_sum,40,0,0.49,0.676923076923077,0.4607329842931937,0.5482866043613707,0.683076923076923,0.3169230769230769,0.3230769230769231,0.49626377062018723,0.746887573964497,0.21602162443094025,0.6232983462397921,0.18539566395133392,191,0.4197802197802198,-0.014364664339103205,-0.06544571558293348,4.449132647193295,2.598660361436334,0.03504628198465103,88,103,42,222
multiclass_probability_sum,40,0,0.5,0.6307692307692307,0.47126436781609193,0.5394736842105263,0.7169230769230769,0.28307692307692306,0.36923076923076925,0.49626377062018723,0.746887573964497,0.21602162443094025,0.6232983462397921,0.18539566395133392,174,0.3824175824175824,-0.01531375527489336,-0.06599450593729832,5.218104651304376,2.138940482020412,0.03910605370534844,82,92,48,233
multiclass_probability_sum,40,0,0.51,0.5846153846153846,0.5033112582781457,0.5409252669039146,0.7692307692307693,0.23076923076923078,0.4153846153846154,0.49626377062018723,0.746887573964497,0.21602162443094025,0.6232983462397921,0.18539566395133392,151,0.33186813186813185,-0.019564227894054476,-0.06874874222338509,5.761864425156649,1.4912461359051652,0.04126777892609915,76,75,54,250
multiclass_probability_sum,40,0,0.52,0.5,0.5,0.5,0.8,0.2,0.5,0.49626377062018723,0.746887573964497,0.21602162443094025,0.6232983462397921,0.18539566395133392,130,0.2857142857142857,-0.019215612485667596,-0.06872649595986581,6.900842412866873,1.238508979064264,0.0482220576212415,65,65,65,260
multiclass_probability_sum,40,0,0.53,0.4307692307692308,0.5,0.4628099173553719,0.8276923076923077,0.1723076923076923,0.5692307692307692,0.49626377062018723,0.746887573964497,0.21602162443094025,0.6232983462397921,0.18539566395133392,112,0.24615384615384617,-0.01969880306490652,-0.06921935469426681,7.857631961466293,1.0079393305855355,0.054023813659306405,56,56,74,269
multiclass_probability_sum,40,0,0.54,0.3769230769230769,0.4803921568627451,0.42241379310344823,0.8369230769230769,0.16307692307692306,0.6230769230769231,0.49626377062018723,0.746887573964497,0.21602162443094025,0.6232983462397921,0.18539566395133392,102,0.22417582417582418,-0.017572461739434442,-0.06658120971862605,8.672900584841122,0.9439968932048514,0.059258678346655415,49,53,81,272
multiclass_probability_sum,40,0,0.55,0.3,0.45348837209302323,0.3611111111111111,0.8553846153846154,0.14461538461538462,0.7,0.49626377062018723,0.746887573964497,0.21602162443094025,0.6232983462397921,0.18539566395133392,86,0.189010989010989,-0.014972222647632358,-0.06603329287365271,9.680696426404047,0.8019378179814224,0.06559126834548036,39,47,91,278
multiclass_probability_sum,40,0,0.56,0.26153846153846155,0.4788732394366197,0.3383084577114428,0.8861538461538462,0.11384615384615385,0.7384615384615385,0.49626377062018723,0.746887573964497,0.21602162443094025,0.6232983462397921,0.18539566395133392,71,0.15604395604395604,-0.017666933668444247,-0.06829398201616455,10.243046033714048,0.5138138605990581,0.0686658284873433,34,37,96,288
multiclass_probability_sum,40,0,0.57,0.2153846153846154,0.49122807017543857,0.2994652406417112,0.9107692307692308,0.08923076923076922,0.7846153846153846,0.49626377062018723,0.746887573964497,0.21602162443094025,0.6232983462397921,0.18539566395133392,57,0.12527472527472527,-0.015327997332673756,-0.06828302253472296,10.801720421408973,0.451592393788302,0.07221264540223125,28,29,102,296
multiclass_probability_sum,40,0,0.58,0.18461538461538463,0.4897959183673469,0.2681564245810056,0.9230769230769231,0.07692307692307693,0.8153846153846154,0.49626377062018723,0.746887573964497,0.21602162443094025,0.6232983462397921,0.18539566395133392,49,0.1076923076923077,-0.015222606080052308,-0.06522688815188897,11.256973105047713,0.42134641663652295,0.07514783677314212,24,25,106,300
multiclass_probability_sum,40,0,0.59,0.16923076923076924,0.5365853658536586,0.2573099415204678,0.9415384615384615,0.05846153846153846,0.8307692307692308,0.49626377062018723,0.746887573964497,0.21602162443094025,0.6232983462397921,0.18539566395133392,41,0.09010989010989011,-0.017789671780702634,-0.06947278415301289,11.451696034633864,0.3302600677042773,0.07623153444308983,22,19,108,306
multiclass_probability_sum,40,0,0.6,0.14615384615384616,0.5588235294117647,0.23170731707317072,0.9538461538461539,0.046153846153846156,0.8538461538461538,0.49626377062018723,0.746887573964497,0.21602162443094025,0.6232983462397921,0.18539566395133392,34,0.07472527472527472,-0.020112978123491203,-0.06724836463862095,11.85271304517421,0.24092507725532714,0.0786792620061054,19,15,111,310
multiclass_probability_sum,40,0,0.61,0.12307692307692308,0.5925925925925926,0.2038216560509554,0.9661538461538461,0.033846153846153845,0.8769230769230769,0.49626377062018723,0.746887573964497,0.21602162443094025,0.6232983462397921,0.18539566395133392,27,0.05934065934065934,-0.020852985787775728,-0.06927254379530008,12.092723431192637,0.13734938806358832,0.08003410919042088,16,11,114,314
multiclass_probability_sum,40,0,0.62,0.07692307692307693,0.5555555555555556,0.13513513513513514,0.9753846153846154,0.024615384615384615,0.9230769230769231,0.49626377062018723,0.746887573964497,0.21602162443094025,0.6232983462397921,0.18539566395133392,18,0.03956043956043956,-0.023193683532700907,-0.06464160638941094,12.713532717178445,0.035069380019959615,0.08390256600341824,10,8,120,317
multiclass_probability_sum,40,0,0.63,0.06923076923076923,0.6428571428571429,0.12500000000000003,0.9846153846153847,0.015384615384615385,0.9307692307692308,0.49626377062018723,0.746887573964497,0.21602162443094025,0.6232983462397921,0.18539566395133392,14,0.03076923076923077,-0.027486576932429375,-0.06264342308460895,12.85065749795775,0.0,0.0847296098766445,9,5,121,320
multiclass_probability_sum,40,0,0.64,0.06153846153846154,0.6153846153846154,0.1118881118881119,0.9846153846153847,0.015384615384615385,0.9384615384615385,0.49626377062018723,0.746887573964497,0.21602162443094025,0.6232983462397921,0.18539566395133392,13,0.02857142857142857,-0.028525045567125856,-0.0581148948090813,12.972171788624218,0.0,0.08553080300191793,8,5,122,320
multiclass_probability_sum,40,0,0.65,0.046153846153846156,0.6666666666666666,0.08633093525179858,0.9907692307692307,0.009230769230769232,0.9538461538461539,0.49626377062018723,0.746887573964497,0.21602162443094025,0.6232983462397921,0.18539566395133392,9,0.01978021978021978,-0.028625191921895148,-0.05155990846798981,13.170427541437691,0.0,0.08683798378969906,6,3,124,322
multiclass_probability_sum,40,0,0.66,0.038461538461538464,0.7142857142857143,0.07299270072992702,0.9938461538461538,0.006153846153846154,0.9615384615384616,0.49626377062018723,0.746887573964497,0.21602162443094025,0.6232983462397921,0.18539566395133392,7,0.015384615384615385,-0.02840618498191805,-0.04684732130842235,13.24801969651083,0.0,0.08734958041655493,5,2,125,323
multiclass_probability_sum,40,0,0.67,0.023076923076923078,1.0,0.04511278195488722,1.0,0.0,0.9769230769230769,0.49626377062018723,0.746887573964497,0.21602162443094025,0.6232983462397921,0.18539566395133392,3,0.006593406593406593,-0.027724272754182447,-0.03714469663520274,13.379564222974853,0.0,0.08821690696466937,3,0,127,325
multiclass_probability_sum,40,0,0.68,0.023076923076923078,1.0,0.04511278195488722,1.0,0.0,0.9769230769230769,0.49626377062018723,0.746887573964497,0.21602162443094025,0.6232983462397921,0.18539566395133392,3,0.006593406593406593,-0.027724272754182447,-0.03714469663520274,13.379564222974853,0.0,0.08821690696466937,3,0,127,325
multiclass_probability_sum,40,0,0.69,0.007692307692307693,1.0,0.015267175572519085,1.0,0.0,0.9923076923076923,0.49626377062018723,0.746887573964497,0.21602162443094025,0.6232983462397921,0.18539566395133392,1,0.002197802197802198,-0.025573150583429224,-0.03848869598278088,13.452509616897679,0.0,0.08869786560591876,1,0,129,325
multiclass_probability_sum,40,0,0.7,0.0,0.0,0.0,1.0,0.0,1.0,0.49626377062018723,0.746887573964497,0.21602162443094025,0.6232983462397921,0.18539566395133392,0,0.0,,,13.490998312880459,0.0,0.08895163722778325,0,0,130,325
multiclass_probability_sum,40,0,0.71,0.0,0.0,0.0,1.0,0.0,1.0,0.49626377062018723,0.746887573964497,0.21602162443094025,0.6232983462397921,0.18539566395133392,0,0.0,,,13.490998312880459,0.0,0.08895163722778325,0,0,130,325
multiclass_probability_sum,40,0,0.72,0.0,0.0,0.0,1.0,0.0,1.0,0.49626377062018723,0.746887573964497,0.21602162443094025,0.6232983462397921,0.18539566395133392,0,0.0,,,13.490998312880459,0.0,0.08895163722778325,0,0,130,325
multiclass_probability_sum,40,0,0.73,0.0,0.0,0.0,1.0,0.0,1.0,0.49626377062018723,0.746887573964497,0.21602162443094025,0.6232983462397921,0.18539566395133392,0,0.0,,,13.490998312880459,0.0,0.08895163722778325,0,0,130,325
multiclass_probability_sum,40,0,0.74,0.0,0.0,0.0,1.0,0.0,1.0,0.49626377062018723,0.746887573964497,0.21602162443094025,0.6232983462397921,0.18539566395133392,0,0.0,,,13.490998312880459,0.0,0.08895163722778325,0,0,130,325
multiclass_probability_sum,40,0,0.75,0.0,0.0,0.0,1.0,0.0,1.0,0.49626377062018723,0.746887573964497,0.21602162443094025,0.6232983462397921,0.18539566395133392,0,0.0,,,13.490998312880459,0.0,0.08895163722778325,0,0,130,325
multiclass_probability_sum,40,0,0.76,0.0,0.0,0.0,1.0,0.0,1.0,0.49626377062018723,0.746887573964497,0.21602162443094025,0.6232983462397921,0.18539566395133392,0,0.0,,,13.490998312880459,0.0,0.08895163722778325,0,0,130,325
multiclass_probability_sum,40,0,0.77,0.0,0.0,0.0,1.0,0.0,1.0,0.49626377062018723,0.746887573964497,0.21602162443094025,0.6232983462397921,0.18539566395133392,0,0.0,,,13.490998312880459,0.0,0.08895163722778325,0,0,130,325
multiclass_probability_sum,40,0,0.78,0.0,0.0,0.0,1.0,0.0,1.0,0.49626377062018723,0.746887573964497,0.21602162443094025,0.6232983462397921,0.18539566395133392,0,0.0,,,13.490998312880459,0.0,0.08895163722778325,0,0,130,325
multiclass_probability_sum,40,0,0.79,0.0,0.0,0.0,1.0,0.0,1.0,0.49626377062018723,0.746887573964497,0.21602162443094025,0.6232983462397921,0.18539566395133392,0,0.0,,,13.490998312880459,0.0,0.08895163722778325,0,0,130,325
multiclass_probability_sum,40,0,0.8,0.0,0.0,0.0,1.0,0.0,1.0,0.49626377062018723,0.746887573964497,0.21602162443094025,0.6232983462397921,0.18539566395133392,0,0.0,,,13.490998312880459,0.0,0.08895163722778325,0,0,130,325
candidate_risk_off,40,0,0.05,1.0,0.2857142857142857,0.4444444444444445,0.0,1.0,0.0,0.3864315563876147,0.5654437869822485,0.26793359226309565,0.7299555508887698,0.2523311500838402,455,1.0,0.013879250219409476,-0.044492043254493734,0.0,14.65505366275733,0.03220890914891721,130,325,0,0
candidate_risk_off,40,0,0.06,1.0,0.2857142857142857,0.4444444444444445,0.0,1.0,0.0,0.3864315563876147,0.5654437869822485,0.26793359226309565,0.7299555508887698,0.2523311500838402,455,1.0,0.013879250219409476,-0.044492043254493734,0.0,14.65505366275733,0.03220890914891721,130,325,0,0
candidate_risk_off,40,0,0.07,1.0,0.2857142857142857,0.4444444444444445,0.0,1.0,0.0,0.3864315563876147,0.5654437869822485,0.26793359226309565,0.7299555508887698,0.2523311500838402,455,1.0,0.013879250219409476,-0.044492043254493734,0.0,14.65505366275733,0.03220890914891721,130,325,0,0
candidate_risk_off,40,0,0.08,1.0,0.2857142857142857,0.4444444444444445,0.0,1.0,0.0,0.3864315563876147,0.5654437869822485,0.26793359226309565,0.7299555508887698,0.2523311500838402,455,1.0,0.013879250219409476,-0.044492043254493734,0.0,14.65505366275733,0.03220890914891721,130,325,0,0
candidate_risk_off,40,0,0.09,1.0,0.2857142857142857,0.4444444444444445,0.0,1.0,0.0,0.3864315563876147,0.5654437869822485,0.26793359226309565,0.7299555508887698,0.2523311500838402,455,1.0,0.013879250219409476,-0.044492043254493734,0.0,14.65505366275733,0.03220890914891721,130,325,0,0
candidate_risk_off,40,0,0.1,1.0,0.2857142857142857,0.4444444444444445,0.0,1.0,0.0,0.3864315563876147,0.5654437869822485,0.26793359226309565,0.7299555508887698,0.2523311500838402,455,1.0,0.013879250219409476,-0.044492043254493734,0.0,14.65505366275733,0.03220890914891721,130,325,0,0
candidate_risk_off,40,0,0.11,1.0,0.2857142857142857,0.4444444444444445,0.0,1.0,0.0,0.3864315563876147,0.5654437869822485,0.26793359226309565,0.7299555508887698,0.2523311500838402,455,1.0,0.013879250219409476,-0.044492043254493734,0.0,14.65505366275733,0.03220890914891721,130,325,0,0
candidate_risk_off,40,0,0.12,1.0,0.2857142857142857,0.4444444444444445,0.0,1.0,0.0,0.3864315563876147,0.5654437869822485,0.26793359226309565,0.7299555508887698,0.2523311500838402,455,1.0,0.013879250219409476,-0.044492043254493734,0.0,14.65505366275733,0.03220890914891721,130,325,0,0
candidate_risk_off,40,0,0.13,1.0,0.2857142857142857,0.4444444444444445,0.0,1.0,0.0,0.3864315563876147,0.5654437869822485,0.26793359226309565,0.7299555508887698,0.2523311500838402,455,1.0,0.013879250219409476,-0.044492043254493734,0.0,14.65505366275733,0.03220890914891721,130,325,0,0
candidate_risk_off,40,0,0.14,1.0,0.28634361233480177,0.4452054794520548,0.003076923076923077,0.9969230769230769,0.0,0.3864315563876147,0.5654437869822485,0.26793359226309565,0.7299555508887698,0.2523311500838402,454,0.9978021978021978,0.013891722802439764,-0.04460814180246324,0.0,14.646836965233671,0.03219085047304104,130,324,0,1
candidate_risk_off,40,0,0.15,1.0,0.28634361233480177,0.4452054794520548,0.003076923076923077,0.9969230769230769,0.0,0.3864315563876147,0.5654437869822485,0.26793359226309565,0.7299555508887698,0.2523311500838402,454,0.9978021978021978,0.013891722802439764,-0.04460814180246324,0.0,14.646836965233671,0.03219085047304104,130,324,0,1
candidate_risk_off,40,0,0.16,1.0,0.2869757174392936,0.44596912521440824,0.006153846153846154,0.9938461538461538,0.0,0.3864315563876147,0.5654437869822485,0.26793359226309565,0.7299555508887698,0.2523311500838402,453,0.9956043956043956,0.013874967719236688,-0.04469574110063654,0.0,14.625355189740239,0.032143637779648876,130,323,0,2
candidate_risk_off,40,0,0.17,1.0,0.2869757174392936,0.44596912521440824,0.006153846153846154,0.9938461538461538,0.0,0.3864315563876147,0.5654437869822485,0.26793359226309565,0.7299555508887698,0.2523311500838402,453,0.9956043956043956,0.013874967719236688,-0.04469574110063654,0.0,14.625355189740239,0.032143637779648876,130,323,0,2
candidate_risk_off,40,0,0.18,1.0,0.28761061946902655,0.4467353951890034,0.009230769230769232,0.9907692307692307,0.0,0.3864315563876147,0.5654437869822485,0.26793359226309565,0.7299555508887698,0.2523311500838402,452,0.9934065934065934,0.0138476798132432,-0.04481171543187009,0.0,14.599146088511946,0.03208603535936691,130,322,0,3
candidate_risk_off,40,0,0.19,1.0,0.28761061946902655,0.4467353951890034,0.009230769230769232,0.9907692307692307,0.0,0.3864315563876147,0.5654437869822485,0.26793359226309565,0.7299555508887698,0.2523311500838402,452,0.9934065934065934,0.0138476798132432,-0.04481171543187009,0.0,14.599146088511946,0.03208603535936691,130,322,0,3
candidate_risk_off,40,0,0.2,1.0,0.28761061946902655,0.4467353951890034,0.009230769230769232,0.9907692307692307,0.0,0.3864315563876147,0.5654437869822485,0.26793359226309565,0.7299555508887698,0.2523311500838402,452,0.9934065934065934,0.0138476798132432,-0.04481171543187009,0.0,14.599146088511946,0.03208603535936691,130,322,0,3
candidate_risk_off,40,0,0.21,1.0,0.28824833702882485,0.4475043029259897,0.012307692307692308,0.9876923076923076,0.0,0.3864315563876147,0.5654437869822485,0.26793359226309565,0.7299555508887698,0.2523311500838402,451,0.9912087912087912,0.013864626306226637,-0.04490298940220397,0.0,14.592941277034232,0.03207239841106425,130,321,0,4
candidate_risk_off,40,0,0.22,1.0,0.28824833702882485,0.4475043029259897,0.012307692307692308,0.9876923076923076,0.0,0.3864315563876147,0.5654437869822485,0.26793359226309565,0.7299555508887698,0.2523311500838402,451,0.9912087912087912,0.013864626306226637,-0.04490298940220397,0.0,14.592941277034232,0.03207239841106425,130,321,0,4
candidate_risk_off,40,0,0.23,1.0,0.28888888888888886,0.4482758620689655,0.015384615384615385,0.9846153846153847,0.0,0.3864315563876147,0.5654437869822485,0.26793359226309565,0.7299555508887698,0.2523311500838402,450,0.989010989010989,0.01385780295178561,-0.04496238123881641,0.0,14.576006141229543,0.03203517833237262,130,320,0,5
candidate_risk_off,40,0,0.24,1.0,0.289532293986637,0.44905008635578586,0.018461538461538463,0.9815384615384616,0.0,0.3864315563876147,0.5654437869822485,0.26793359226309565,0.7299555508887698,0.2523311500838402,449,0.9868131868131869,0.01373254148014005,-0.04506119785966868,0.0,14.505905937508901,0.031881111950569016,130,319,0,6
candidate_risk_off,40,0,0.25,1.0,0.29082774049217003,0.45060658578856155,0.024615384615384615,0.9753846153846154,0.0,0.3864315563876147,0.5654437869822485,0.26793359226309565,0.7299555508887698,0.2523311500838402,447,0.9824175824175824,0.013704575111987662,-0.045214549058045776,0.0,14.465939887984502,0.031793274479086815,130,317,0,8
candidate_risk_off,40,0,0.26,1.0,0.2914798206278027,0.4513888888888889,0.027692307692307693,0.9723076923076923,0.0,0.3864315563876147,0.5654437869822485,0.26793359226309565,0.7299555508887698,0.2523311500838402,446,0.9802197802197802,0.013676819398204317,-0.045285057048308715,0.0,14.439856264525142,0.03173594783412119,130,316,0,9
candidate_risk_off,40,0,0.27,1.0,0.2914798206278027,0.4513888888888889,0.027692307692307693,0.9723076923076923,0.0,0.3864315563876147,0.5654437869822485,0.26793359226309565,0.7299555508887698,0.2523311500838402,446,0.9802197802197802,0.013676819398204317,-0.045285057048308715,0.0,14.439856264525142,0.03173594783412119,130,316,0,9
candidate_risk_off,40,0,0.28,1.0,0.29213483146067415,0.45217391304347826,0.03076923076923077,0.9692307692307692,0.0,0.3864315563876147,0.5654437869822485,0.26793359226309565,0.7299555508887698,0.2523311500838402,445,0.978021978021978,0.01364156522400902,-0.045354077378371424,0.0,14.410491337610031,0.03167140953320886,130,315,0,10
candidate_risk_off,40,0,0.29,1.0,0.29345372460496616,0.4537521815008726,0.036923076923076927,0.963076923076923,0.0,0.3864315563876147,0.5654437869822485,0.26793359226309565,0.7299555508887698,0.2523311500838402,443,0.9736263736263736,0.01333884494149593,-0.04556994009463992,0.0,14.249103122008714,0.03131671015826091,130,313,0,12
candidate_risk_off,40,0,0.3,0.9923076923076923,0.2918552036199095,0.4510489510489511,0.036923076923076927,0.963076923076923,0.007692307692307693,0.3864315563876147,0.5654437869822485,0.26793359226309565,0.7299555508887698,0.2523311500838402,442,0.9714285714285714,0.013638510447999913,-0.045338358932841355,0.14792881360960458,14.249103122008714,0.032292064973269294,129,313,1,12
candidate_risk_off,40,0,0.31,0.9769230769230769,0.2906178489702517,0.44797178130511467,0.046153846153846156,0.9538461538461539,0.023076923076923078,0.3864315563876147,0.5654437869822485,0.26793359226309565,0.7299555508887698,0.2523311500838402,437,0.9604395604395605,0.013615799977681725,-0.045339321962977755,0.352140465334002,14.021777409461638,0.03313889847354647,127,310,3,15
candidate_risk_off,40,0,0.32,0.9692307692307692,0.2889908256880734,0.44522968197879853,0.046153846153846156,0.9538461538461539,0.03076923076923077,0.3864315563876147,0.5654437869822485,0.26793359226309565,0.7299555508887698,0.2523311500838402,436,0.9582417582417583,0.01377961398105606,-0.04526622406548734,0.42935047060279824,14.021777409461638,0.03364797543136271,126,310,4,15
candidate_risk_off,40,0,0.33,0.9692307692307692,0.2889908256880734,0.44522968197879853,0.046153846153846156,0.9538461538461539,0.03076923076923077,0.3864315563876147,0.5654437869822485,0.26793359226309565,0.7299555508887698,0.2523311500838402,436,0.9582417582417583,0.01377961398105606,-0.04526622406548734,0.42935047060279824,14.021777409461638,0.03364797543136271,126,310,4,15
candidate_risk_off,40,0,0.34,0.9307692307692308,0.28074245939675174,0.43137254901960786,0.046153846153846156,0.9538461538461539,0.06923076923076923,0.3864315563876147,0.5654437869822485,0.26793359226309565,0.7299555508887698,0.2523311500838402,431,0.9472527472527472,0.01489164036640183,-0.04456125165355228,0.9595247004742476,14.021777409461638,0.03714362969425138,121,310,9,15
candidate_risk_off,40,0,0.35,0.9230769230769231,0.2830188679245283,0.4332129963898917,0.06461538461538462,0.9353846153846154,0.07692307692307693,0.3864315563876147,0.5654437869822485,0.26793359226309565,0.7299555508887698,0.2523311500838402,424,0.9318681318681319,0.014442029331679524,-0.044963226929420785,1.0194774375030624,13.669972092467061,0.036765723966980766,120,304,10,21
candidate_risk_off,40,0,0.36,0.9153846153846154,0.28199052132701424,0.43115942028985504,0.06769230769230769,0.9323076923076923,0.08461538461538462,0.3864315563876147,0.5654437869822485,0.26793359226309565,0.7299555508887698,0.2523311500838402,422,0.9274725274725275,0.014531876015365276,-0.04469076979066935,1.1703146067852626,13.587066207771812,0.037578044017862855,119,303,11,22
candidate_risk_off,40,0,0.37,0.9,0.28536585365853656,0.43333333333333335,0.09846153846153846,0.9015384615384615,0.1,0.3864315563876147,0.5654437869822485,0.26793359226309565,0.7299555508887698,0.2523311500838402,410,0.9010989010989011,0.014292056351331786,-0.04495632125207426,1.373243959755536,13.127492512557904,0.03790598767433958,117,293,13,32
candidate_risk_off,40,0,0.38,0.8769230769230769,0.28217821782178215,0.4269662921348314,0.1076923076923077,0.8923076923076924,0.12307692307692308,0.3864315563876147,0.5654437869822485,0.26793359226309565,0.7299555508887698,0.2523311500838402,404,0.8879120879120879,0.01465440699980985,-0.04476561151793688,1.6884699707199937,12.956854631346584,0.03960937262309135,114,290,16,35
candidate_risk_off,40,0,0.39,0.8538461538461538,0.2824427480916031,0.42447418738049714,0.13230769230769232,0.8676923076923077,0.14615384615384616,0.3864315563876147,0.5654437869822485,0.26793359226309565,0.7299555508887698,0.2523311500838402,393,0.8637362637362638,0.015500566181779092,-0.04430731803226858,2.015539702517056,12.850988613161118,0.041533203781785245,111,282,19,43
candidate_risk_off,40,0,0.4,0.8307692307692308,0.27906976744186046,0.41779497098646035,0.14153846153846153,0.8584615384615385,0.16923076923076924,0.3864315563876147,0.5654437869822485,0.26793359226309565,0.7299555508887698,0.2523311500838402,387,0.8505494505494505,0.01625868398013981,-0.0439801663229372,2.3575135982188056,12.806279234484386,0.04368971434976001,108,279,22,46
candidate_risk_off,40,0,0.41,0.823076923076923,0.2793733681462141,0.4171539961013645,0.15076923076923077,0.8492307692307692,0.17692307692307693,0.3864315563876147,0.5654437869822485,0.26793359226309565,0.7299555508887698,0.2523311500838402,383,0.8417582417582418,0.01592146779637073,-0.04408333646970119,2.5110686558514557,12.524343330165152,0.04408252592905389,107,276,23,49
candidate_risk_off,40,0,0.42,0.823076923076923,0.2793733681462141,0.4171539961013645,0.15076923076923077,0.8492307692307692,0.17692307692307693,0.3864315563876147,0.5654437869822485,0.26793359226309565,0.7299555508887698,0.2523311500838402,383,0.8417582417582418,0.01592146779637073,-0.04408333646970119,2.5110686558514557,12.524343330165152,0.04408252592905389,107,276,23,49
candidate_risk_off,40,0,0.43,0.8153846153846154,0.28116710875331563,0.41814595660749504,0.16615384615384615,0.8338461538461538,0.18461538461538463,0.3864315563876147,0.5654437869822485,0.26793359226309565,0.7299555508887698,0.2523311500838402,377,0.8285714285714286,0.01594190942989391,-0.044142595079380696,2.654008679696796,12.342657570293362,0.04462567826238187,106,271,24,54
candidate_risk_off,40,0,0.44,0.8076923076923077,0.28150134048257375,0.4174950298210736,0.1753846153846154,0.8246153846153846,0.19230769230769232,0.3864315563876147,0.5654437869822485,0.26793359226309565,0.7299555508887698,0.2523311500838402,373,0.8197802197802198,0.016160973413235188,-0.04412466062909694,2.7693261867911243,12.231021095252334,0.045140658583792764,105,268,25,57
candidate_risk_off,40,0,0.45,0.8,0.2880886426592798,0.4236252545824847,0.20923076923076922,0.7907692307692308,0.2,0.3864315563876147,0.5654437869822485,0.26793359226309565,0.7299555508887698,0.2523311500838402,361,0.7934065934065934,0.015848266956379406,-0.04466998499501876,2.8538538855803415,11.774134987295248,0.044693838778101694,104,257,26,68
candidate_risk_off,40,0,0.46,0.7923076923076923,0.29428571428571426,0.4291666666666666,0.24,0.76,0.2076923076923077,0.3864315563876147,0.5654437869822485,0.26793359226309565,0.7299555508887698,0.2523311500838402,350,0.7692307692307693,0.014668201119859276,-0.04571270749923165,2.915825992553659,11.122522059803694,0.04367032975266961,103,247,27,78
candidate_risk_off,40,0,0.47,0.7615384615384615,0.2920353982300885,0.42217484008528783,0.26153846153846155,0.7384615384615385,0.23846153846153847,0.3864315563876147,0.5654437869822485,0.26793359226309565,0.7299555508887698,0.2523311500838402,339,0.7450549450549451,0.015761571255689916,-0.045258944303688216,3.4241624338530254,10.955350325449462,0.04665458819122756,99,240,31,85
candidate_risk_off,40,0,0.48,0.7307692307692307,0.290519877675841,0.41575492341356673,0.28615384615384615,0.7138461538461538,0.2692307692307692,0.3864315563876147,0.5654437869822485,0.26793359226309565,0.7299555508887698,0.2523311500838402,327,0.7186813186813187,0.01611822615292674,-0.04592832850529806,3.707234890730021,10.668941695721205,0.047891530478925866,95,232,35,93
candidate_risk_off,40,0,0.49,0.7153846153846154,0.29337539432176657,0.4161073825503356,0.31076923076923074,0.6892307692307692,0.2846153846153846,0.3864315563876147,0.5654437869822485,0.26793359226309565,0.7299555508887698,0.2523311500838402,317,0.6967032967032967,0.015574962963686554,-0.04640899087252615,3.869285360642432,10.11245414297127,0.04773694554922762,93,224,37,101
candidate_risk_off,40,0,0.5,0.6923076923076923,0.29411764705882354,0.4128440366972477,0.3353846153846154,0.6646153846153846,0.3076923076923077,0.3864315563876147,0.5654437869822485,0.26793359226309565,0.7299555508887698,0.2523311500838402,306,0.6725274725274726,0.016119634196276954,-0.04644810481213121,4.18552141664942,9.907493378403135,0.04937155522714593,90,216,40,109
candidate_risk_off,40,0,0.51,0.676923076923077,0.3055555555555556,0.42105263157894735,0.38461538461538464,0.6153846153846154,0.3230769230769231,0.3864315563876147,0.5654437869822485,0.26793359226309565,0.7299555508887698,0.2523311500838402,288,0.6329670329670329,0.014804283656302798,-0.04815289778747008,4.333196016965801,9.101317290770025,0.048573418333335006,88,200,42,125
candidate_risk_off,40,0,0.52,0.6384615384615384,0.3074074074074074,0.41500000000000004,0.4246153846153846,0.5753846153846154,0.36153846153846153,0.3864315563876147,0.5654437869822485,0.26793359226309565,0.7299555508887698,0.2523311500838402,270,0.5934065934065934,0.014856939117120332,-0.04887203328530487,4.71820155681926,8.557433229395787,0.04991656681286498,83,187,47,138
candidate_risk_off,40,0,0.53,0.6153846153846154,0.31496062992125984,0.41666666666666663,0.4646153846153846,0.5353846153846153,0.38461538461538464,0.3864315563876147,0.5654437869822485,0.26793359226309565,0.7299555508887698,0.2523311500838402,254,0.5582417582417583,0.012535349662099638,-0.05080952528283427,4.95546809803352,7.588675405072222,0.04935182351466545,80,174,50,151
candidate_risk_off,40,0,0.54,0.5923076923076923,0.3276595744680851,0.421917808219178,0.5138461538461538,0.48615384615384616,0.4076923076923077,0.3864315563876147,0.5654437869822485,0.26793359226309565,0.7299555508887698,0.2523311500838402,235,0.5164835164835165,0.010134759724027305,-0.0531427248686586,5.1990015063879715,6.589656343343906,0.048761892005511696,77,158,53,167
candidate_risk_off,40,0,0.55,0.5692307692307692,0.34579439252336447,0.43023255813953487,0.5692307692307692,0.4307692307692308,0.4307692307692308,0.3864315563876147,0.5654437869822485,0.26793359226309565,0.7299555508887698,0.2523311500838402,214,0.4703296703296703,0.007811114064106588,-0.05607159565169796,5.456305088433266,5.693641191789666,0.048489135070526296,74,140,56,185
candidate_risk_off,40,0,0.56,0.5,0.34946236559139787,0.41139240506329117,0.6276923076923077,0.3723076923076923,0.5,0.3864315563876147,0.5654437869822485,0.26793359226309565,0.7299555508887698,0.2523311500838402,186,0.4087912087912088,0.006014692862765777,-0.057181001105805054,6.410372475536225,4.783742608609507,0.05277991216531469,65,121,65,204
candidate_risk_off,40,0,0.57,0.45384615384615384,0.3575757575757576,0.4,0.6738461538461539,0.3261538461538461,0.5461538461538461,0.3864315563876147,0.5654437869822485,0.26793359226309565,0.7299555508887698,0.2523311500838402,165,0.3626373626373626,0.005625393113455518,-0.05995273555927014,6.894226495771998,4.372429065795293,0.055066172644200634,59,106,71,219
candidate_risk_off,40,0,0.58,0.4153846153846154,0.35064935064935066,0.380281690140845,0.6923076923076923,0.3076923076923077,0.5846153846153846,0.3864315563876147,0.5654437869822485,0.26793359226309565,0.7299555508887698,0.2523311500838402,154,0.3384615384615385,0.005521686648953039,-0.06118560609380997,7.331383728261932,4.049321936027811,0.057238402463326614,54,100,76,225
candidate_risk_off,40,0,0.59,0.36153846153846153,0.34057971014492755,0.35074626865671643,0.72,0.28,0.6384615384615384,0.3864315563876147,0.5654437869822485,0.26793359226309565,0.7299555508887698,0.2523311500838402,138,0.3032967032967033,0.00718289902108021,-0.060109896619922366,8.09078503061659,3.816736478347078,0.061734267187245825,47,91,83,234
candidate_risk_off,40,0,0.6,0.34615384615384615,0.36,0.35294117647058826,0.7538461538461538,0.24615384615384617,0.6538461538461539,0.3864315563876147,0.5654437869822485,0.26793359226309565,0.7299555508887698,0.2523311500838402,125,0.27472527472527475,0.0054318572843295165,-0.0631007909800296,8.318986058863546,3.4226367988523845,0.062372736209764884,45,80,85,245
candidate_risk_off,40,0,0.61,0.3,0.35135135135135137,0.3236514522821577,0.7784615384615384,0.22153846153846155,0.7,0.3864315563876147,0.5654437869822485,0.26793359226309565,0.7299555508887698,0.2523311500838402,111,0.24395604395604395,0.0042448331942105755,-0.06523333315306454,8.847470038672117,3.0116006803462816,0.06495386988211567,39,72,91,253
candidate_risk_off,40,0,0.62,0.2923076923076923,0.38,0.3304347826086957,0.8092307692307692,0.19076923076923077,0.7076923076923077,0.3864315563876147,0.5654437869822485,0.26793359226309565,0.7299555508887698,0.2523311500838402,100,0.21978021978021978,0.0012431843710982336,-0.0686688879492436,8.914538332903472,2.612481143439836,0.06451889262011044,38,62,92,263
candidate_risk_off,40,0,0.63,0.26153846153846155,0.38636363636363635,0.3119266055045871,0.8338461538461538,0.16615384615384615,0.7384615384615385,0.3864315563876147,0.5654437869822485,0.26793359226309565,0.7299555508887698,0.2523311500838402,88,0.1934065934065934,-0.0017148747493842182,-0.07164194195985063,9.193482255099134,2.1291466570790396,0.06529580971950867,34,54,96,271
candidate_risk_off,40,0,0.64,0.25384615384615383,0.4177215189873418,0.3157894736842105,0.8584615384615385,0.14153846153846153,0.7461538461538462,0.3864315563876147,0.5654437869822485,0.26793359226309565,0.7299555508887698,0.2523311500838402,79,0.17362637362637362,-0.006273133258202858,-0.07351375082065757,9.357637291688917,1.6652408868013524,0.06535857749861122,33,46,97,279
candidate_risk_off,40,0,0.65,0.25384615384615383,0.4714285714285714,0.32999999999999996,0.8861538461538462,0.11384615384615385,0.7461538461538462,0.3864315563876147,0.5654437869822485,0.26793359226309565,0.7299555508887698,0.2523311500838402,70,0.15384615384615385,-0.01300158576185196,-0.08110805943970341,9.357637291688917,1.2416838921781201,0.06442768300493379,33,37,97,288
candidate_risk_off,40,0,0.66,0.2230769230769231,0.4915254237288136,0.3068783068783069,0.9076923076923077,0.09230769230769231,0.7769230769230769,0.3864315563876147,0.5654437869822485,0.26793359226309565,0.7299555508887698,0.2523311500838402,59,0.12967032967032968,-0.015659015821251836,-0.08555358910317352,9.682027633802273,0.9318530922151773,0.06588557361235604,29,30,101,295
candidate_risk_off,40,0,0.67,0.2,0.48148148148148145,0.28260869565217395,0.9138461538461539,0.08615384615384615,0.8,0.3864315563876147,0.5654437869822485,0.26793359226309565,0.7299555508887698,0.2523311500838402,54,0.11868131868131868,-0.015227196460256345,-0.08510968917799808,10.07415081798942,0.8746371642417015,0.06834525190815376,26,28,104,297
candidate_risk_off,40,0,0.68,0.17692307692307693,0.5111111111111111,0.26285714285714284,0.9323076923076923,0.06769230769230769,0.823076923076923,0.3864315563876147,0.5654437869822485,0.26793359226309565,0.7299555508887698,0.2523311500838402,45,0.0989010989010989,-0.014525280155480793,-0.08510066429055795,10.526731717793153,0.7527697575952221,0.0710614613428015,23,22,107,303
candidate_risk_off,40,0,0.69,0.16153846153846155,0.5384615384615384,0.24852071005917162,0.9446153846153846,0.055384615384615386,0.8384615384615385,0.3864315563876147,0.5654437869822485,0.26793359226309565,0.7299555508887698,0.2523311500838402,39,0.08571428571428572,-0.014228174001027223,-0.08434792176000003,10.812121589282892,0.6929360351909366,0.07281165011657058,21,18,109,307
candidate_risk_off,40,0,0.7,0.13076923076923078,0.53125,0.20987654320987656,0.9538461538461539,0.046153846153846156,0.8692307692307693,0.3864315563876147,0.5654437869822485,0.26793359226309565,0.7299555508887698,0.2523311500838402,32,0.07032967032967033,-0.014831467306609768,-0.08341642905556254,11.270018623017782,0.5696089395677356,0.07555970287609029,17,15,113,310
candidate_risk_off,40,0,0.71,0.09230769230769231,0.48,0.15483870967741936,0.96,0.04,0.9076923076923077,0.3864315563876147,0.5654437869822485,0.26793359226309565,0.7299555508887698,0.2523311500838402,25,0.054945054945054944,-0.008607139593159618,-0.08115058997401617,11.83902455185126,0.4707701174822442,0.07909416213854072,12,13,118,312
candidate_risk_off,40,0,0.72,0.07692307692307693,0.5263157894736842,0.1342281879194631,0.9723076923076923,0.027692307692307693,0.9230769230769231,0.3864315563876147,0.5654437869822485,0.26793359226309565,0.7299555508887698,0.2523311500838402,19,0.041758241758241756,-0.0135996973685339,-0.08867363363457358,12.026303497353684,0.29728679385072376,0.07994768634266325,10,9,120,316
candidate_risk_off,40,0,0.73,0.05384615384615385,0.4666666666666667,0.09655172413793103,0.9753846153846154,0.024615384615384615,0.9461538461538461,0.3864315563876147,0.5654437869822485,0.26793359226309565,0.7299555508887698,0.2523311500838402,15,0.03296703296703297,-0.00566014479931661,-0.0818208100219431,12.477198931076956,0.27277062104587707,0.082866741569839,7,8,123,317
candidate_risk_off,40,0,0.74,0.038461538461538464,0.7142857142857143,0.07299270072992702,0.9938461538461538,0.006153846153846154,0.9615384615384616,0.3864315563876147,0.5654437869822485,0.26793359226309565,0.7299555508887698,0.2523311500838402,7,0.015384615384615385,-0.022483940501771552,-0.11280623347992876,12.757537409357143,0.06264972304944455,0.08425332296949643,5,2,125,323
candidate_risk_off,40,0,0.75,0.015384615384615385,1.0,0.030303030303030307,1.0,0.0,0.9846153846153847,0.3864315563876147,0.5654437869822485,0.26793359226309565,0.7299555508887698,0.2523311500838402,2,0.004395604395604396,-0.04471958890076959,-0.14455446385524143,13.201889385169975,0.0,0.08704542451760423,2,0,128,325
candidate_risk_off,40,0,0.76,0.015384615384615385,1.0,0.030303030303030307,1.0,0.0,0.9846153846153847,0.3864315563876147,0.5654437869822485,0.26793359226309565,0.7299555508887698,0.2523311500838402,2,0.004395604395604396,-0.04471958890076959,-0.14455446385524143,13.201889385169975,0.0,0.08704542451760423,2,0,128,325
candidate_risk_off,40,0,0.77,0.0,0.0,0.0,1.0,0.0,1.0,0.3864315563876147,0.5654437869822485,0.26793359226309565,0.7299555508887698,0.2523311500838402,0,0.0,,,13.490998312880459,0.0,0.08895163722778325,0,0,130,325
candidate_risk_off,40,0,0.78,0.0,0.0,0.0,1.0,0.0,1.0,0.3864315563876147,0.5654437869822485,0.26793359226309565,0.7299555508887698,0.2523311500838402,0,0.0,,,13.490998312880459,0.0,0.08895163722778325,0,0,130,325
candidate_risk_off,40,0,0.79,0.0,0.0,0.0,1.0,0.0,1.0,0.3864315563876147,0.5654437869822485,0.26793359226309565,0.7299555508887698,0.2523311500838402,0,0.0,,,13.490998312880459,0.0,0.08895163722778325,0,0,130,325
candidate_risk_off,40,0,0.8,0.0,0.0,0.0,1.0,0.0,1.0,0.3864315563876147,0.5654437869822485,0.26793359226309565,0.7299555508887698,0.2523311500838402,0,0.0,,,13.490998312880459,0.0,0.08895163722778325,0,0,130,325
multiclass_probability_sum,40,1,0.05,1.0,0.26373626373626374,0.4173913043478261,0.0,1.0,0.0,0.29104739938410595,0.5291542288557214,0.2657801993449918,0.7255281620172237,0.2624771013099685,455,1.0,0.016348259546019154,-0.04303470887253785,0.0,15.778537372219134,0.03467810411476733,120,335,0,0
multiclass_probability_sum,40,1,0.06,1.0,0.26373626373626374,0.4173913043478261,0.0,1.0,0.0,0.29104739938410595,0.5291542288557214,0.2657801993449918,0.7255281620172237,0.2624771013099685,455,1.0,0.016348259546019154,-0.04303470887253785,0.0,15.778537372219134,0.03467810411476733,120,335,0,0
multiclass_probability_sum,40,1,0.07,1.0,0.26373626373626374,0.4173913043478261,0.0,1.0,0.0,0.29104739938410595,0.5291542288557214,0.2657801993449918,0.7255281620172237,0.2624771013099685,455,1.0,0.016348259546019154,-0.04303470887253785,0.0,15.778537372219134,0.03467810411476733,120,335,0,0
multiclass_probability_sum,40,1,0.08,1.0,0.26373626373626374,0.4173913043478261,0.0,1.0,0.0,0.29104739938410595,0.5291542288557214,0.2657801993449918,0.7255281620172237,0.2624771013099685,455,1.0,0.016348259546019154,-0.04303470887253785,0.0,15.778537372219134,0.03467810411476733,120,335,0,0
multiclass_probability_sum,40,1,0.09,1.0,0.26373626373626374,0.4173913043478261,0.0,1.0,0.0,0.29104739938410595,0.5291542288557214,0.2657801993449918,0.7255281620172237,0.2624771013099685,455,1.0,0.016348259546019154,-0.04303470887253785,0.0,15.778537372219134,0.03467810411476733,120,335,0,0
multiclass_probability_sum,40,1,0.1,1.0,0.26373626373626374,0.4173913043478261,0.0,1.0,0.0,0.29104739938410595,0.5291542288557214,0.2657801993449918,0.7255281620172237,0.2624771013099685,455,1.0,0.016348259546019154,-0.04303470887253785,0.0,15.778537372219134,0.03467810411476733,120,335,0,0
multiclass_probability_sum,40,1,0.11,1.0,0.26373626373626374,0.4173913043478261,0.0,1.0,0.0,0.29104739938410595,0.5291542288557214,0.2657801993449918,0.7255281620172237,0.2624771013099685,455,1.0,0.016348259546019154,-0.04303470887253785,0.0,15.778537372219134,0.03467810411476733,120,335,0,0
multiclass_probability_sum,40,1,0.12,1.0,0.26373626373626374,0.4173913043478261,0.0,1.0,0.0,0.29104739938410595,0.5291542288557214,0.2657801993449918,0.7255281620172237,0.2624771013099685,455,1.0,0.016348259546019154,-0.04303470887253785,0.0,15.778537372219134,0.03467810411476733,120,335,0,0
multiclass_probability_sum,40,1,0.13,1.0,0.26373626373626374,0.4173913043478261,0.0,1.0,0.0,0.29104739938410595,0.5291542288557214,0.2657801993449918,0.7255281620172237,0.2624771013099685,455,1.0,0.016348259546019154,-0.04303470887253785,0.0,15.778537372219134,0.03467810411476733,120,335,0,0
multiclass_probability_sum,40,1,0.14,1.0,0.26373626373626374,0.4173913043478261,0.0,1.0,0.0,0.29104739938410595,0.5291542288557214,0.2657801993449918,0.7255281620172237,0.2624771013099685,455,1.0,0.016348259546019154,-0.04303470887253785,0.0,15.778537372219134,0.03467810411476733,120,335,0,0
multiclass_probability_sum,40,1,0.15,1.0,0.26373626373626374,0.4173913043478261,0.0,1.0,0.0,0.29104739938410595,0.5291542288557214,0.2657801993449918,0.7255281620172237,0.2624771013099685,455,1.0,0.016348259546019154,-0.04303470887253785,0.0,15.778537372219134,0.03467810411476733,120,335,0,0
multiclass_probability_sum,40,1,0.16,1.0,0.26373626373626374,0.4173913043478261,0.0,1.0,0.0,0.29104739938410595,0.5291542288557214,0.2657801993449918,0.7255281620172237,0.2624771013099685,455,1.0,0.016348259546019154,-0.04303470887253785,0.0,15.778537372219134,0.03467810411476733,120,335,0,0
multiclass_probability_sum,40,1,0.17,1.0,0.26373626373626374,0.4173913043478261,0.0,1.0,0.0,0.29104739938410595,0.5291542288557214,0.2657801993449918,0.7255281620172237,0.2624771013099685,455,1.0,0.016348259546019154,-0.04303470887253785,0.0,15.778537372219134,0.03467810411476733,120,335,0,0
multiclass_probability_sum,40,1,0.18,1.0,0.26373626373626374,0.4173913043478261,0.0,1.0,0.0,0.29104739938410595,0.5291542288557214,0.2657801993449918,0.7255281620172237,0.2624771013099685,455,1.0,0.016348259546019154,-0.04303470887253785,0.0,15.778537372219134,0.03467810411476733,120,335,0,0
multiclass_probability_sum,40,1,0.19,1.0,0.26373626373626374,0.4173913043478261,0.0,1.0,0.0,0.29104739938410595,0.5291542288557214,0.2657801993449918,0.7255281620172237,0.2624771013099685,455,1.0,0.016348259546019154,-0.04303470887253785,0.0,15.778537372219134,0.03467810411476733,120,335,0,0
multiclass_probability_sum,40,1,0.2,1.0,0.26373626373626374,0.4173913043478261,0.0,1.0,0.0,0.29104739938410595,0.5291542288557214,0.2657801993449918,0.7255281620172237,0.2624771013099685,455,1.0,0.016348259546019154,-0.04303470887253785,0.0,15.778537372219134,0.03467810411476733,120,335,0,0
multiclass_probability_sum,40,1,0.21,1.0,0.26373626373626374,0.4173913043478261,0.0,1.0,0.0,0.29104739938410595,0.5291542288557214,0.2657801993449918,0.7255281620172237,0.2624771013099685,455,1.0,0.016348259546019154,-0.04303470887253785,0.0,15.778537372219134,0.03467810411476733,120,335,0,0
multiclass_probability_sum,40,1,0.22,1.0,0.26373626373626374,0.4173913043478261,0.0,1.0,0.0,0.29104739938410595,0.5291542288557214,0.2657801993449918,0.7255281620172237,0.2624771013099685,455,1.0,0.016348259546019154,-0.04303470887253785,0.0,15.778537372219134,0.03467810411476733,120,335,0,0
multiclass_probability_sum,40,1,0.23,1.0,0.26373626373626374,0.4173913043478261,0.0,1.0,0.0,0.29104739938410595,0.5291542288557214,0.2657801993449918,0.7255281620172237,0.2624771013099685,455,1.0,0.016348259546019154,-0.04303470887253785,0.0,15.778537372219134,0.03467810411476733,120,335,0,0
multiclass_probability_sum,40,1,0.24,1.0,0.26373626373626374,0.4173913043478261,0.0,1.0,0.0,0.29104739938410595,0.5291542288557214,0.2657801993449918,0.7255281620172237,0.2624771013099685,455,1.0,0.016348259546019154,-0.04303470887253785,0.0,15.778537372219134,0.03467810411476733,120,335,0,0
multiclass_probability_sum,40,1,0.25,1.0,0.26373626373626374,0.4173913043478261,0.0,1.0,0.0,0.29104739938410595,0.5291542288557214,0.2657801993449918,0.7255281620172237,0.2624771013099685,455,1.0,0.016348259546019154,-0.04303470887253785,0.0,15.778537372219134,0.03467810411476733,120,335,0,0
multiclass_probability_sum,40,1,0.26,1.0,0.26373626373626374,0.4173913043478261,0.0,1.0,0.0,0.29104739938410595,0.5291542288557214,0.2657801993449918,0.7255281620172237,0.2624771013099685,455,1.0,0.016348259546019154,-0.04303470887253785,0.0,15.778537372219134,0.03467810411476733,120,335,0,0
multiclass_probability_sum,40,1,0.27,1.0,0.26373626373626374,0.4173913043478261,0.0,1.0,0.0,0.29104739938410595,0.5291542288557214,0.2657801993449918,0.7255281620172237,0.2624771013099685,455,1.0,0.016348259546019154,-0.04303470887253785,0.0,15.778537372219134,0.03467810411476733,120,335,0,0
multiclass_probability_sum,40,1,0.28,1.0,0.26373626373626374,0.4173913043478261,0.0,1.0,0.0,0.29104739938410595,0.5291542288557214,0.2657801993449918,0.7255281620172237,0.2624771013099685,455,1.0,0.016348259546019154,-0.04303470887253785,0.0,15.778537372219134,0.03467810411476733,120,335,0,0
multiclass_probability_sum,40,1,0.29,1.0,0.26373626373626374,0.4173913043478261,0.0,1.0,0.0,0.29104739938410595,0.5291542288557214,0.2657801993449918,0.7255281620172237,0.2624771013099685,455,1.0,0.016348259546019154,-0.04303470887253785,0.0,15.778537372219134,0.03467810411476733,120,335,0,0
multiclass_probability_sum,40,1,0.3,1.0,0.26373626373626374,0.4173913043478261,0.0,1.0,0.0,0.29104739938410595,0.5291542288557214,0.2657801993449918,0.7255281620172237,0.2624771013099685,455,1.0,0.016348259546019154,-0.04303470887253785,0.0,15.778537372219134,0.03467810411476733,120,335,0,0
multiclass_probability_sum,40,1,0.31,1.0,0.26373626373626374,0.4173913043478261,0.0,1.0,0.0,0.29104739938410595,0.5291542288557214,0.2657801993449918,0.7255281620172237,0.2624771013099685,455,1.0,0.016348259546019154,-0.04303470887253785,0.0,15.778537372219134,0.03467810411476733,120,335,0,0
multiclass_probability_sum,40,1,0.32,1.0,0.26373626373626374,0.4173913043478261,0.0,1.0,0.0,0.29104739938410595,0.5291542288557214,0.2657801993449918,0.7255281620172237,0.2624771013099685,455,1.0,0.016348259546019154,-0.04303470887253785,0.0,15.778537372219134,0.03467810411476733,120,335,0,0
multiclass_probability_sum,40,1,0.33,1.0,0.26373626373626374,0.4173913043478261,0.0,1.0,0.0,0.29104739938410595,0.5291542288557214,0.2657801993449918,0.7255281620172237,0.2624771013099685,455,1.0,0.016348259546019154,-0.04303470887253785,0.0,15.778537372219134,0.03467810411476733,120,335,0,0
multiclass_probability_sum,40,1,0.34,1.0,0.26373626373626374,0.4173913043478261,0.0,1.0,0.0,0.29104739938410595,0.5291542288557214,0.2657801993449918,0.7255281620172237,0.2624771013099685,455,1.0,0.016348259546019154,-0.04303470887253785,0.0,15.778537372219134,0.03467810411476733,120,335,0,0
multiclass_probability_sum,40,1,0.35,1.0,0.26373626373626374,0.4173913043478261,0.0,1.0,0.0,0.29104739938410595,0.5291542288557214,0.2657801993449918,0.7255281620172237,0.2624771013099685,455,1.0,0.016348259546019154,-0.04303470887253785,0.0,15.778537372219134,0.03467810411476733,120,335,0,0
multiclass_probability_sum,40,1,0.36,1.0,0.2643171806167401,0.4181184668989547,0.0029850746268656717,0.9970149253731343,0.0,0.29104739938410595,0.5291542288557214,0.2657801993449918,0.7255281620172237,0.2624771013099685,454,0.9978021978021978,0.01637984811922198,-0.043028979955796694,0.0,15.776530324907197,0.03467369302177406,120,334,0,1
multiclass_probability_sum,40,1,0.37,1.0,0.26548672566371684,0.41958041958041964,0.008955223880597015,0.991044776119403,0.0,0.29104739938410595,0.5291542288557214,0.2657801993449918,0.7255281620172237,0.2624771013099685,452,0.9934065934065934,0.01640223709956326,-0.043078360200076674,0.0,15.75264545505554,0.03462119880231987,120,332,0,3
multiclass_probability_sum,40,1,0.38,1.0,0.267260579064588,0.421792618629174,0.01791044776119403,0.982089552238806,0.0,0.29104739938410595,0.5291542288557214,0.2657801993449918,0.7255281620172237,0.2624771013099685,449,0.9868131868131869,0.016147724021095607,-0.04325817478194865,0.0,15.589162371524875,0.03426189532203269,120,329,0,6
multiclass_probability_sum,40,1,0.39,1.0,0.2684563758389262,0.42328042328042326,0.023880597014925373,0.9761194029850746,0.0,0.29104739938410595,0.5291542288557214,0.2657801993449918,0.7255281620172237,0.2624771013099685,447,0.9824175824175824,0.015890816444022574,-0.043373795252534486,0.0,15.442029236531035,0.0339385257945737,120,327,0,8
multiclass_probability_sum,40,1,0.4,0.9833333333333333,0.2669683257918552,0.4199288256227757,0.03283582089552239,0.9671641791044776,0.016666666666666666,0.29104739938410595,0.5291542288557214,0.2657801993449918,0.7255281620172237,0.2624771013099685,442,0.9714285714285714,0.01612275453152684,-0.043296670161977586,0.16223288745473427,15.338779885757297,0.03478127153433297,118,324,2,11
multiclass_probability_sum,40,1,0.41,0.95,0.2632794457274827,0.4122965641952983,0.04776119402985075,0.9522388059701492,0.05,0.29104739938410595,0.5291542288557214,0.2657801993449918,0.7255281620172237,0.2624771013099685,433,0.9516483516483516,0.016232980574367,-0.04348245244687957,0.47357074289782636,15.02984343160528,0.036155067385271994,114,319,6,16
multiclass_probability_sum,40,1,0.42,0.9333333333333333,0.2660332541567696,0.41404805914972276,0.07761194029850746,0.9223880597014925,0.06666666666666667,0.29104739938410595,0.5291542288557214,0.2657801993449918,0.7255281620172237,0.2624771013099685,421,0.9252747252747253,0.0165247646579866,-0.04361564769735681,0.6217654840184095,14.7953938018269,0.036616901656883805,112,309,8,26
multiclass_probability_sum,40,1,0.43,0.8916666666666667,0.26485148514851486,0.40839694656488557,0.11343283582089553,0.8865671641791045,0.10833333333333334,0.29104739938410595,0.5291542288557214,0.2657801993449918,0.7255281620172237,0.2624771013099685,404,0.8879120879120879,0.01723054881720644,-0.04381243777195349,0.9712785009936368,14.471174902386043,0.038208814077729567,107,297,13,38
multiclass_probability_sum,40,1,0.44,0.85,0.26153846153846155,0.4,0.14029850746268657,0.8597014925373134,0.15,0.29104739938410595,0.5291542288557214,0.2657801993449918,0.7255281620172237,0.2624771013099685,390,0.8571428571428571,0.017732288599619384,-0.04403135089739833,1.2547623359537916,14.200944633526333,0.03948402558546749,102,288,18,47
multiclass_probability_sum,40,1,0.45,0.825,0.2612137203166227,0.3967935871743487,0.16417910447761194,0.835820895522388,0.175,0.29104739938410595,0.5291542288557214,0.2657801993449918,0.7255281620172237,0.2624771013099685,379,0.832967032967033,0.01764545355291513,-0.044348711831803375,1.5069052162786178,13.792772709555393,0.040249424963497246,99,280,21,55
multiclass_probability_sum,40,1,0.46,0.8083333333333333,0.26216216216216215,0.39591836734693875,0.18507462686567164,0.8149253731343283,0.19166666666666668,0.29104739938410595,0.5291542288557214,0.2657801993449918,0.7255281620172237,0.2624771013099685,370,0.8131868131868132,0.017756053722568957,-0.04460778255643094,1.6838866087358009,13.476545533555143,0.04072133046101658,97,273,23,62
multiclass_probability_sum,40,1,0.47,0.7583333333333333,0.2622478386167147,0.38972162740899363,0.23582089552238805,0.764179104477612,0.24166666666666667,0.29104739938410595,0.5291542288557214,0.2657801993449918,0.7255281620172237,0.2624771013099685,347,0.7626373626373626,0.01751997110040883,-0.04579534642866137,2.043462240495362,12.670192031110478,0.041319953302410034,91,256,29,79
multiclass_probability_sum,40,1,0.48,0.6916666666666667,0.25227963525835867,0.36971046770601335,0.2656716417910448,0.7343283582089553,0.30833333333333335,0.29104739938410595,0.5291542288557214,0.2657801993449918,0.7255281620172237,0.2624771013099685,329,0.7230769230769231,0.01937200722244198,-0.046049690342072645,2.652298151420816,12.37095362099543,0.04467658917639094,83,246,37,89
multiclass_probability_sum,40,1,0.49,0.675,0.26129032258064516,0.37674418604651166,0.3164179104477612,0.6835820895522388,0.325,0.29104739938410595,0.5291542288557214,0.2657801993449918,0.7255281620172237,0.2624771013099685,310,0.6813186813186813,0.018384838687745875,-0.047646344996586515,2.7978973530127513,11.508640625468376,0.043741390515399194,81,229,39,106
multiclass_probability_sum,40,1,0.5,0.65,0.2736842105263158,0.3851851851851852,0.382089552238806,0.6179104477611941,0.35,0.29104739938410595,0.5291542288557214,0.2657801993449918,0.7255281620172237,0.2624771013099685,285,0.6263736263736264,0.01777185697538232,-0.05019931463984495,2.990448620652045,10.613248395008378,0.04304306430102091,78,207,42,128
multiclass_probability_sum,40,1,0.51,0.5916666666666667,0.2784313725490196,0.3786666666666667,0.4507462686567164,0.5492537313432836,0.4083333333333333,0.29104739938410595,0.5291542288557214,0.2657801993449918,0.7255281620172237,0.2624771013099685,255,0.5604395604395604,0.017648576561316444,-0.0523153612529509,3.6127075124781154,9.493097790224738,0.04468400072012985,71,184,49,151
multiclass_probability_sum,40,1,0.52,0.5333333333333333,0.26778242677824265,0.35654596100278546,0.47761194029850745,0.5223880597014925,0.4666666666666667,0.29104739938410595,0.5291542288557214,0.2657801993449918,0.7255281620172237,0.2624771013099685,239,0.5252747252747253,0.018799085053547663,-0.052262679274756134,4.335533085409637,8.910985295586421,0.04817051549849524,64,175,56,160
multiclass_probability_sum,40,1,0.53,0.5166666666666667,0.2857142857142857,0.36795252225519287,0.5373134328358209,0.4626865671641791,0.48333333333333334,0.29104739938410595,0.5291542288557214,0.2657801993449918,0.7255281620172237,0.2624771013099685,217,0.47692307692307695,0.016349094470152085,-0.05557729801427096,4.499494842025473,7.81218214082555,0.04683663003714718,62,155,58,180
multiclass_probability_sum,40,1,0.54,0.49166666666666664,0.2964824120603015,0.36990595611285265,0.582089552238806,0.417910447761194,0.5083333333333333,0.29104739938410595,0.5291542288557214,0.2657801993449918,0.7255281620172237,0.2624771013099685,199,0.43736263736263736,0.01586350087718694,-0.05681204380048046,4.950808594973695,7.129349786698841,0.04831159466290094,59,140,61,195
multiclass_probability_sum,40,1,0.55,0.44166666666666665,0.30113636363636365,0.3581081081081081,0.6328358208955224,0.36716417910447763,0.5583333333333333,0.29104739938410595,0.5291542288557214,0.2657801993449918,0.7255281620172237,0.2624771013099685,176,0.3868131868131868,0.01639080243805516,-0.05810128075456091,5.781001988729767,6.274792090144981,0.051907248475459966,53,123,67,212
multiclass_probability_sum,40,1,0.56,0.4083333333333333,0.31210191082802546,0.35379061371841153,0.6776119402985075,0.32238805970149254,0.5916666666666667,0.29104739938410595,0.5291542288557214,0.2657801993449918,0.7255281620172237,0.2624771013099685,157,0.34505494505494505,0.01685057920112711,-0.059937265971357616,6.364652527591327,5.560775001593741,0.05418622546014884,49,108,71,227
multiclass_probability_sum,40,1,0.57,0.35833333333333334,0.33076923076923076,0.344,0.7402985074626866,0.25970149253731345,0.6416666666666667,0.29104739938410595,0.5291542288557214,0.2657801993449918,0.7255281620172237,0.2624771013099685,130,0.2857142857142857,0.014336573959683335,-0.06475637199582351,6.999293581520007,4.486667588021357,0.05600999633534368,43,87,77,248
multiclass_probability_sum,40,1,0.58,0.2916666666666667,0.32407407407407407,0.30701754385964913,0.7820895522388059,0.21791044776119403,0.7083333333333334,0.29104739938410595,0.5291542288557214,0.2657801993449918,0.7255281620172237,0.2624771013099685,108,0.23736263736263735,0.018576196387051505,-0.0638831497131158,8.157588795718372,3.991196678658254,0.06255816058420521,35,73,85,262
multiclass_probability_sum,40,1,0.59,0.25,0.30927835051546393,0.2764976958525346,0.8,0.2,0.75,0.29104739938410595,0.5291542288557214,0.2657801993449918,0.7255281620172237,0.2624771013099685,97,0.21318681318681318,0.02096517513904191,-0.06373792779017635,8.719979603077578,3.706879340088698,0.06564135856993722,30,67,90,268
multiclass_probability_sum,40,1,0.6,0.21666666666666667,0.325,0.25999999999999995,0.8388059701492537,0.16119402985074627,0.7833333333333333,0.29104739938410595,0.5291542288557214,0.2657801993449918,0.7255281620172237,0.2624771013099685,80,0.17582417582417584,0.01881311732803796,-0.06729996444223565,9.10010827744194,3.0004768602143757,0.0665951685550334,26,54,94,281
multiclass_probability_sum,40,1,0.61,0.16666666666666666,0.3225806451612903,0.21978021978021975,0.8746268656716418,0.1253731343283582,0.8333333333333334,0.29104739938410595,0.5291542288557214,0.2657801993449918,0.7255281620172237,0.2624771013099685,62,0.13626373626373625,0.017055555214577106,-0.07095859662034538,9.819576330109944,2.2646381319840554,0.06972168598310745,20,42,100,293
multiclass_probability_sum,40,1,0.62,0.1,0.2553191489361702,0.1437125748502994,0.8955223880597015,0.1044776119402985,0.9,0.29104739938410595,0.5291542288557214,0.2657801993449918,0.7255281620172237,0.2624771013099685,47,0.10329670329670329,0.029579721938759882,-0.063355921340596,10.897856215431064,1.9742391363495757,0.07619298413767642,12,35,108,300
multiclass_probability_sum,40,1,0.63,0.05,0.16666666666666666,0.07692307692307691,0.9104477611940298,0.08955223880597014,0.95,0.29104739938410595,0.5291542288557214,0.2657801993449918,0.7255281620172237,0.2624771013099685,36,0.07912087912087912,0.04313735509853425,-0.05631403785806435,11.648745432924654,1.7813540261052632,0.08071997873599829,6,30,114,305
multiclass_probability_sum,40,1,0.64,0.05,0.21428571428571427,0.08108108108108109,0.9343283582089552,0.06567164179104477,0.95,0.29104739938410595,0.5291542288557214,0.2657801993449918,0.7255281620172237,0.2624771013099685,28,0.06153846153846154,0.0358878627446731,-0.06214168613170946,11.648745432924654,1.2233063678223821,0.0794935003661458,6,22,114,313
multiclass_probability_sum,40,1,0.65,0.041666666666666664,0.3333333333333333,0.07407407407407407,0.9701492537313433,0.029850746268656716,0.9583333333333334,0.29104739938410595,0.5291542288557214,0.2657801993449918,0.7255281620172237,0.2624771013099685,15,0.03296703296703297,0.011300718875930222,-0.07599735121908732,11.733429175248256,0.3343607485919045,0.07809812807546522,5,10,115,325
multiclass_probability_sum,40,1,0.66,0.016666666666666666,0.2222222222222222,0.031007751937984496,0.9791044776119403,0.020895522388059702,0.9833333333333333,0.29104739938410595,0.5291542288557214,0.2657801993449918,0.7255281620172237,0.2624771013099685,9,0.01978021978021978,0.005849008672060504,-0.07854324080484698,12.045778758109009,0.09802588541126941,0.07963815859283141,2,7,118,328
multiclass_probability_sum,40,1,0.67,0.016666666666666666,0.2222222222222222,0.031007751937984496,0.9791044776119403,0.020895522388059702,0.9833333333333333,0.29104739938410595,0.5291542288557214,0.2657801993449918,0.7255281620172237,0.2624771013099685,9,0.01978021978021978,0.005849008672060504,-0.07854324080484698,12.045778758109009,0.09802588541126941,0.07963815859283141,2,7,118,328
multiclass_probability_sum,40,1,0.68,0.016666666666666666,0.5,0.03225806451612903,0.9940298507462687,0.005970149253731343,0.9833333333333333,0.29104739938410595,0.5291542288557214,0.2657801993449918,0.7255281620172237,0.2624771013099685,4,0.008791208791208791,0.008827051718559506,-0.07749342634651886,12.045778758109009,0.0647796021377,0.079565089838384,2,2,118,333
multiclass_probability_sum,40,1,0.69,0.0,0.0,0.0,0.9970149253731343,0.0029850746268656717,1.0,0.29104739938410595,0.5291542288557214,0.2657801993449918,0.7255281620172237,0.2624771013099685,1,0.002197802197802198,0.035413305669540776,-0.0666882839304991,12.21790457612281,0.035413305669540776,0.08063544403085268,0,1,120,334
multiclass_probability_sum,40,1,0.7,0.0,0.0,0.0,1.0,0.0,1.0,0.29104739938410595,0.5291542288557214,0.2657801993449918,0.7255281620172237,0.2624771013099685,0,0.0,,,12.21790457612281,0.0,0.08055761258982072,0,0,120,335
multiclass_probability_sum,40,1,0.71,0.0,0.0,0.0,1.0,0.0,1.0,0.29104739938410595,0.5291542288557214,0.2657801993449918,0.7255281620172237,0.2624771013099685,0,0.0,,,12.21790457612281,0.0,0.08055761258982072,0,0,120,335
multiclass_probability_sum,40,1,0.72,0.0,0.0,0.0,1.0,0.0,1.0,0.29104739938410595,0.5291542288557214,0.2657801993449918,0.7255281620172237,0.2624771013099685,0,0.0,,,12.21790457612281,0.0,0.08055761258982072,0,0,120,335
multiclass_probability_sum,40,1,0.73,0.0,0.0,0.0,1.0,0.0,1.0,0.29104739938410595,0.5291542288557214,0.2657801993449918,0.7255281620172237,0.2624771013099685,0,0.0,,,12.21790457612281,0.0,0.08055761258982072,0,0,120,335
multiclass_probability_sum,40,1,0.74,0.0,0.0,0.0,1.0,0.0,1.0,0.29104739938410595,0.5291542288557214,0.2657801993449918,0.7255281620172237,0.2624771013099685,0,0.0,,,12.21790457612281,0.0,0.08055761258982072,0,0,120,335
multiclass_probability_sum,40,1,0.75,0.0,0.0,0.0,1.0,0.0,1.0,0.29104739938410595,0.5291542288557214,0.2657801993449918,0.7255281620172237,0.2624771013099685,0,0.0,,,12.21790457612281,0.0,0.08055761258982072,0,0,120,335
multiclass_probability_sum,40,1,0.76,0.0,0.0,0.0,1.0,0.0,1.0,0.29104739938410595,0.5291542288557214,0.2657801993449918,0.7255281620172237,0.2624771013099685,0,0.0,,,12.21790457612281,0.0,0.08055761258982072,0,0,120,335
multiclass_probability_sum,40,1,0.77,0.0,0.0,0.0,1.0,0.0,1.0,0.29104739938410595,0.5291542288557214,0.2657801993449918,0.7255281620172237,0.2624771013099685,0,0.0,,,12.21790457612281,0.0,0.08055761258982072,0,0,120,335
multiclass_probability_sum,40,1,0.78,0.0,0.0,0.0,1.0,0.0,1.0,0.29104739938410595,0.5291542288557214,0.2657801993449918,0.7255281620172237,0.2624771013099685,0,0.0,,,12.21790457612281,0.0,0.08055761258982072,0,0,120,335
multiclass_probability_sum,40,1,0.79,0.0,0.0,0.0,1.0,0.0,1.0,0.29104739938410595,0.5291542288557214,0.2657801993449918,0.7255281620172237,0.2624771013099685,0,0.0,,,12.21790457612281,0.0,0.08055761258982072,0,0,120,335
multiclass_probability_sum,40,1,0.8,0.0,0.0,0.0,1.0,0.0,1.0,0.29104739938410595,0.5291542288557214,0.2657801993449918,0.7255281620172237,0.2624771013099685,0,0.0,,,12.21790457612281,0.0,0.08055761258982072,0,0,120,335
candidate_risk_off,40,1,0.05,1.0,0.26373626373626374,0.4173913043478261,0.0,1.0,0.0,0.2690245982801937,0.485,0.3305562414657557,0.861928042811624,0.3767467530241143,455,1.0,0.016348259546019154,-0.04303470887253785,0.0,15.778537372219134,0.03467810411476733,120,335,0,0
candidate_risk_off,40,1,0.06,1.0,0.26373626373626374,0.4173913043478261,0.0,1.0,0.0,0.2690245982801937,0.485,0.3305562414657557,0.861928042811624,0.3767467530241143,455,1.0,0.016348259546019154,-0.04303470887253785,0.0,15.778537372219134,0.03467810411476733,120,335,0,0
candidate_risk_off,40,1,0.07,1.0,0.26373626373626374,0.4173913043478261,0.0,1.0,0.0,0.2690245982801937,0.485,0.3305562414657557,0.861928042811624,0.3767467530241143,455,1.0,0.016348259546019154,-0.04303470887253785,0.0,15.778537372219134,0.03467810411476733,120,335,0,0
candidate_risk_off,40,1,0.08,1.0,0.26373626373626374,0.4173913043478261,0.0,1.0,0.0,0.2690245982801937,0.485,0.3305562414657557,0.861928042811624,0.3767467530241143,455,1.0,0.016348259546019154,-0.04303470887253785,0.0,15.778537372219134,0.03467810411476733,120,335,0,0
candidate_risk_off,40,1,0.09,1.0,0.26373626373626374,0.4173913043478261,0.0,1.0,0.0,0.2690245982801937,0.485,0.3305562414657557,0.861928042811624,0.3767467530241143,455,1.0,0.016348259546019154,-0.04303470887253785,0.0,15.778537372219134,0.03467810411476733,120,335,0,0
candidate_risk_off,40,1,0.1,1.0,0.26373626373626374,0.4173913043478261,0.0,1.0,0.0,0.2690245982801937,0.485,0.3305562414657557,0.861928042811624,0.3767467530241143,455,1.0,0.016348259546019154,-0.04303470887253785,0.0,15.778537372219134,0.03467810411476733,120,335,0,0
candidate_risk_off,40,1,0.11,1.0,0.26373626373626374,0.4173913043478261,0.0,1.0,0.0,0.2690245982801937,0.485,0.3305562414657557,0.861928042811624,0.3767467530241143,455,1.0,0.016348259546019154,-0.04303470887253785,0.0,15.778537372219134,0.03467810411476733,120,335,0,0
candidate_risk_off,40,1,0.12,1.0,0.26373626373626374,0.4173913043478261,0.0,1.0,0.0,0.2690245982801937,0.485,0.3305562414657557,0.861928042811624,0.3767467530241143,455,1.0,0.016348259546019154,-0.04303470887253785,0.0,15.778537372219134,0.03467810411476733,120,335,0,0
candidate_risk_off,40,1,0.13,1.0,0.26373626373626374,0.4173913043478261,0.0,1.0,0.0,0.2690245982801937,0.485,0.3305562414657557,0.861928042811624,0.3767467530241143,455,1.0,0.016348259546019154,-0.04303470887253785,0.0,15.778537372219134,0.03467810411476733,120,335,0,0
candidate_risk_off,40,1,0.14,1.0,0.26373626373626374,0.4173913043478261,0.0,1.0,0.0,0.2690245982801937,0.485,0.3305562414657557,0.861928042811624,0.3767467530241143,455,1.0,0.016348259546019154,-0.04303470887253785,0.0,15.778537372219134,0.03467810411476733,120,335,0,0
candidate_risk_off,40,1,0.15,1.0,0.26373626373626374,0.4173913043478261,0.0,1.0,0.0,0.2690245982801937,0.485,0.3305562414657557,0.861928042811624,0.3767467530241143,455,1.0,0.016348259546019154,-0.04303470887253785,0.0,15.778537372219134,0.03467810411476733,120,335,0,0
candidate_risk_off,40,1,0.16,1.0,0.26373626373626374,0.4173913043478261,0.0,1.0,0.0,0.2690245982801937,0.485,0.3305562414657557,0.861928042811624,0.3767467530241143,455,1.0,0.016348259546019154,-0.04303470887253785,0.0,15.778537372219134,0.03467810411476733,120,335,0,0
candidate_risk_off,40,1,0.17,1.0,0.26373626373626374,0.4173913043478261,0.0,1.0,0.0,0.2690245982801937,0.485,0.3305562414657557,0.861928042811624,0.3767467530241143,455,1.0,0.016348259546019154,-0.04303470887253785,0.0,15.778537372219134,0.03467810411476733,120,335,0,0
candidate_risk_off,40,1,0.18,1.0,0.26373626373626374,0.4173913043478261,0.0,1.0,0.0,0.2690245982801937,0.485,0.3305562414657557,0.861928042811624,0.3767467530241143,455,1.0,0.016348259546019154,-0.04303470887253785,0.0,15.778537372219134,0.03467810411476733,120,335,0,0
candidate_risk_off,40,1,0.19,1.0,0.26373626373626374,0.4173913043478261,0.0,1.0,0.0,0.2690245982801937,0.485,0.3305562414657557,0.861928042811624,0.3767467530241143,455,1.0,0.016348259546019154,-0.04303470887253785,0.0,15.778537372219134,0.03467810411476733,120,335,0,0
candidate_risk_off,40,1,0.2,1.0,0.26373626373626374,0.4173913043478261,0.0,1.0,0.0,0.2690245982801937,0.485,0.3305562414657557,0.861928042811624,0.3767467530241143,455,1.0,0.016348259546019154,-0.04303470887253785,0.0,15.778537372219134,0.03467810411476733,120,335,0,0
candidate_risk_off,40,1,0.21,1.0,0.26373626373626374,0.4173913043478261,0.0,1.0,0.0,0.2690245982801937,0.485,0.3305562414657557,0.861928042811624,0.3767467530241143,455,1.0,0.016348259546019154,-0.04303470887253785,0.0,15.778537372219134,0.03467810411476733,120,335,0,0
candidate_risk_off,40,1,0.22,1.0,0.26373626373626374,0.4173913043478261,0.0,1.0,0.0,0.2690245982801937,0.485,0.3305562414657557,0.861928042811624,0.3767467530241143,455,1.0,0.016348259546019154,-0.04303470887253785,0.0,15.778537372219134,0.03467810411476733,120,335,0,0
candidate_risk_off,40,1,0.23,1.0,0.26373626373626374,0.4173913043478261,0.0,1.0,0.0,0.2690245982801937,0.485,0.3305562414657557,0.861928042811624,0.3767467530241143,455,1.0,0.016348259546019154,-0.04303470887253785,0.0,15.778537372219134,0.03467810411476733,120,335,0,0
candidate_risk_off,40,1,0.24,1.0,0.26373626373626374,0.4173913043478261,0.0,1.0,0.0,0.2690245982801937,0.485,0.3305562414657557,0.861928042811624,0.3767467530241143,455,1.0,0.016348259546019154,-0.04303470887253785,0.0,15.778537372219134,0.03467810411476733,120,335,0,0
candidate_risk_off,40,1,0.25,1.0,0.26373626373626374,0.4173913043478261,0.0,1.0,0.0,0.2690245982801937,0.485,0.3305562414657557,0.861928042811624,0.3767467530241143,455,1.0,0.016348259546019154,-0.04303470887253785,0.0,15.778537372219134,0.03467810411476733,120,335,0,0
candidate_risk_off,40,1,0.26,1.0,0.26373626373626374,0.4173913043478261,0.0,1.0,0.0,0.2690245982801937,0.485,0.3305562414657557,0.861928042811624,0.3767467530241143,455,1.0,0.016348259546019154,-0.04303470887253785,0.0,15.778537372219134,0.03467810411476733,120,335,0,0
candidate_risk_off,40,1,0.27,1.0,0.26373626373626374,0.4173913043478261,0.0,1.0,0.0,0.2690245982801937,0.485,0.3305562414657557,0.861928042811624,0.3767467530241143,455,1.0,0.016348259546019154,-0.04303470887253785,0.0,15.778537372219134,0.03467810411476733,120,335,0,0
candidate_risk_off,40,1,0.28,1.0,0.26373626373626374,0.4173913043478261,0.0,1.0,0.0,0.2690245982801937,0.485,0.3305562414657557,0.861928042811624,0.3767467530241143,455,1.0,0.016348259546019154,-0.04303470887253785,0.0,15.778537372219134,0.03467810411476733,120,335,0,0
candidate_risk_off,40,1,0.29,1.0,0.26373626373626374,0.4173913043478261,0.0,1.0,0.0,0.2690245982801937,0.485,0.3305562414657557,0.861928042811624,0.3767467530241143,455,1.0,0.016348259546019154,-0.04303470887253785,0.0,15.778537372219134,0.03467810411476733,120,335,0,0
candidate_risk_off,40,1,0.3,1.0,0.26373626373626374,0.4173913043478261,0.0,1.0,0.0,0.2690245982801937,0.485,0.3305562414657557,0.861928042811624,0.3767467530241143,455,1.0,0.016348259546019154,-0.04303470887253785,0.0,15.778537372219134,0.03467810411476733,120,335,0,0
candidate_risk_off,40,1,0.31,1.0,0.26373626373626374,0.4173913043478261,0.0,1.0,0.0,0.2690245982801937,0.485,0.3305562414657557,0.861928042811624,0.3767467530241143,455,1.0,0.016348259546019154,-0.04303470887253785,0.0,15.778537372219134,0.03467810411476733,120,335,0,0
candidate_risk_off,40,1,0.32,1.0,0.26373626373626374,0.4173913043478261,0.0,1.0,0.0,0.2690245982801937,0.485,0.3305562414657557,0.861928042811624,0.3767467530241143,455,1.0,0.016348259546019154,-0.04303470887253785,0.0,15.778537372219134,0.03467810411476733,120,335,0,0
candidate_risk_off,40,1,0.33,1.0,0.26373626373626374,0.4173913043478261,0.0,1.0,0.0,0.2690245982801937,0.485,0.3305562414657557,0.861928042811624,0.3767467530241143,455,1.0,0.016348259546019154,-0.04303470887253785,0.0,15.778537372219134,0.03467810411476733,120,335,0,0
candidate_risk_off,40,1,0.34,1.0,0.26373626373626374,0.4173913043478261,0.0,1.0,0.0,0.2690245982801937,0.485,0.3305562414657557,0.861928042811624,0.3767467530241143,455,1.0,0.016348259546019154,-0.04303470887253785,0.0,15.778537372219134,0.03467810411476733,120,335,0,0
candidate_risk_off,40,1,0.35,1.0,0.26373626373626374,0.4173913043478261,0.0,1.0,0.0,0.2690245982801937,0.485,0.3305562414657557,0.861928042811624,0.3767467530241143,455,1.0,0.016348259546019154,-0.04303470887253785,0.0,15.778537372219134,0.03467810411476733,120,335,0,0
candidate_risk_off,40,1,0.36,1.0,0.26373626373626374,0.4173913043478261,0.0,1.0,0.0,0.2690245982801937,0.485,0.3305562414657557,0.861928042811624,0.3767467530241143,455,1.0,0.016348259546019154,-0.04303470887253785,0.0,15.778537372219134,0.03467810411476733,120,335,0,0
candidate_risk_off,40,1,0.37,1.0,0.26373626373626374,0.4173913043478261,0.0,1.0,0.0,0.2690245982801937,0.485,0.3305562414657557,0.861928042811624,0.3767467530241143,455,1.0,0.016348259546019154,-0.04303470887253785,0.0,15.778537372219134,0.03467810411476733,120,335,0,0
candidate_risk_off,40,1,0.38,1.0,0.26373626373626374,0.4173913043478261,0.0,1.0,0.0,0.2690245982801937,0.485,0.3305562414657557,0.861928042811624,0.3767467530241143,455,1.0,0.016348259546019154,-0.04303470887253785,0.0,15.778537372219134,0.03467810411476733,120,335,0,0
candidate_risk_off,40,1,0.39,1.0,0.26373626373626374,0.4173913043478261,0.0,1.0,0.0,0.2690245982801937,0.485,0.3305562414657557,0.861928042811624,0.3767467530241143,455,1.0,0.016348259546019154,-0.04303470887253785,0.0,15.778537372219134,0.03467810411476733,120,335,0,0
candidate_risk_off,40,1,0.4,1.0,0.26373626373626374,0.4173913043478261,0.0,1.0,0.0,0.2690245982801937,0.485,0.3305562414657557,0.861928042811624,0.3767467530241143,455,1.0,0.016348259546019154,-0.04303470887253785,0.0,15.778537372219134,0.03467810411476733,120,335,0,0
candidate_risk_off,40,1,0.41,1.0,0.26373626373626374,0.4173913043478261,0.0,1.0,0.0,0.2690245982801937,0.485,0.3305562414657557,0.861928042811624,0.3767467530241143,455,1.0,0.016348259546019154,-0.04303470887253785,0.0,15.778537372219134,0.03467810411476733,120,335,0,0
candidate_risk_off,40,1,0.42,1.0,0.26373626373626374,0.4173913043478261,0.0,1.0,0.0,0.2690245982801937,0.485,0.3305562414657557,0.861928042811624,0.3767467530241143,455,1.0,0.016348259546019154,-0.04303470887253785,0.0,15.778537372219134,0.03467810411476733,120,335,0,0
candidate_risk_off,40,1,0.43,1.0,0.26373626373626374,0.4173913043478261,0.0,1.0,0.0,0.2690245982801937,0.485,0.3305562414657557,0.861928042811624,0.3767467530241143,455,1.0,0.016348259546019154,-0.04303470887253785,0.0,15.778537372219134,0.03467810411476733,120,335,0,0
candidate_risk_off,40,1,0.44,1.0,0.26373626373626374,0.4173913043478261,0.0,1.0,0.0,0.2690245982801937,0.485,0.3305562414657557,0.861928042811624,0.3767467530241143,455,1.0,0.016348259546019154,-0.04303470887253785,0.0,15.778537372219134,0.03467810411476733,120,335,0,0
candidate_risk_off,40,1,0.45,1.0,0.26373626373626374,0.4173913043478261,0.0,1.0,0.0,0.2690245982801937,0.485,0.3305562414657557,0.861928042811624,0.3767467530241143,455,1.0,0.016348259546019154,-0.04303470887253785,0.0,15.778537372219134,0.03467810411476733,120,335,0,0
candidate_risk_off,40,1,0.46,1.0,0.26373626373626374,0.4173913043478261,0.0,1.0,0.0,0.2690245982801937,0.485,0.3305562414657557,0.861928042811624,0.3767467530241143,455,1.0,0.016348259546019154,-0.04303470887253785,0.0,15.778537372219134,0.03467810411476733,120,335,0,0
candidate_risk_off,40,1,0.47,0.9916666666666667,0.2621145374449339,0.4146341463414634,0.0,1.0,0.008333333333333333,0.2690245982801937,0.485,0.3305562414657557,0.861928042811624,0.3767467530241143,454,0.9978021978021978,0.016515650663475902,-0.04293904499391086,0.08646610976918831,15.778537372219134,0.03524821033302571,119,335,1,0
candidate_risk_off,40,1,0.48,0.9833333333333333,0.26048565121412803,0.41186736474694585,0.0,1.0,0.016666666666666666,0.2690245982801937,0.485,0.3305562414657557,0.861928042811624,0.3767467530241143,453,0.9956043956043956,0.016685796952375025,-0.04283047179592523,0.1785888134505882,15.778537372219134,0.03585561277488109,118,335,2,0
candidate_risk_off,40,1,0.49,0.9333333333333333,0.25112107623318386,0.3957597173144876,0.0029850746268656717,0.9970149253731343,0.06666666666666667,0.2690245982801937,0.485,0.3305562414657557,0.861928042811624,0.3767467530241143,446,0.9802197802197802,0.017920980975697987,-0.04228108426383295,0.6759619098371703,15.778537372219134,0.03913499582797944,112,334,8,1
candidate_risk_off,40,1,0.5,0.9333333333333333,0.25112107623318386,0.3957597173144876,0.0029850746268656717,0.9970149253731343,0.06666666666666667,0.2690245982801937,0.485,0.3305562414657557,0.861928042811624,0.3767467530241143,446,0.9802197802197802,0.017920980975697987,-0.04228108426383295,0.6759619098371703,15.778537372219134,0.03913499582797944,112,334,8,1
candidate_risk_off,40,1,0.51,0.9166666666666666,0.24830699774266365,0.3907637655417407,0.005970149253731343,0.9940298507462687,0.08333333333333333,0.2690245982801937,0.485,0.3305562414657557,0.861928042811624,0.3767467530241143,443,0.9736263736263736,0.018308771075325112,-0.04210490496758454,0.8352169537936944,15.776530324907197,0.040180617991842374,110,333,10,2
candidate_risk_off,40,1,0.52,0.9083333333333333,0.24829157175398633,0.38998211091234347,0.014925373134328358,0.9850746268656716,0.09166666666666666,0.2690245982801937,0.485,0.3305562414657557,0.861928042811624,0.3767467530241143,439,0.9648351648351648,0.018512123917853295,-0.04207128431595097,0.9052502078932114,15.716170977600296,0.040509717805010836,109,330,11,5
candidate_risk_off,40,1,0.53,0.8833333333333333,0.24708624708624707,0.3861566484517304,0.03582089552238806,0.9641791044776119,0.11666666666666667,0.2690245982801937,0.485,0.3305562414657557,0.861928042811624,0.3767467530241143,429,0.9428571428571428,0.018808269796623124,-0.04214545162503442,1.1108388137512057,15.513317899201756,0.04141941613286895,106,323,14,12
candidate_risk_off,40,1,0.54,0.8666666666666667,0.24703087885985747,0.3844731977818854,0.05373134328358209,0.9462686567164179,0.13333333333333333,0.2690245982801937,0.485,0.3305562414657557,0.861928042811624,0.3767467530241143,421,0.9252747252747253,0.019025485891622732,-0.042220813307388076,1.2477708810484835,15.305456701442452,0.041865427130962425,104,317,16,18
candidate_risk_off,40,1,0.55,0.825,0.24444444444444444,0.3771428571428571,0.08656716417910448,0.9134328358208955,0.175,0.2690245982801937,0.485,0.3305562414657557,0.861928042811624,0.3767467530241143,405,0.8901098901098901,0.019518846266521696,-0.04255592903985379,1.6018894719878853,14.861535466061797,0.04322462391653946,99,306,21,29
candidate_risk_off,40,1,0.56,0.775,0.24281984334203655,0.36978131212723664,0.13432835820895522,0.8656716417910447,0.225,0.2690245982801937,0.485,0.3305562414657557,0.861928042811624,0.3767467530241143,383,0.8417582417582418,0.02028423878184334,-0.04271960577604892,1.9997813195875715,14.32051930946746,0.04465904014995643,93,290,27,45
candidate_risk_off,40,1,0.57,0.7,0.22950819672131148,0.345679012345679,0.1582089552238806,0.8417910447761194,0.3,0.2690245982801937,0.485,0.3305562414657557,0.861928042811624,0.3767467530241143,366,0.8043956043956044,0.021635706848459446,-0.042555472231522166,2.61647857346342,13.920816297083643,0.047846707730711875,84,282,36,53
candidate_risk_off,40,1,0.58,0.6416666666666667,0.2319277108433735,0.3407079646017699,0.23880597014925373,0.7611940298507462,0.35833333333333334,0.2690245982801937,0.485,0.3305562414657557,0.861928042811624,0.3767467530241143,332,0.7296703296703296,0.020929466146165615,-0.04479013914771918,3.047912334605789,12.51355501632654,0.04759844400031628,77,255,43,80
candidate_risk_off,40,1,0.59,0.6,0.23920265780730898,0.3420427553444181,0.3164179104477612,0.6835820895522388,0.4,0.2690245982801937,0.485,0.3305562414657557,0.861928042811624,0.3767467530241143,301,0.6615384615384615,0.02013250156785709,-0.04699918591671999,3.3864821300814034,11.313673291878782,0.04719366963103954,72,229,48,106
candidate_risk_off,40,1,0.6,0.5916666666666667,0.2526690391459075,0.3541147132169576,0.373134328358209,0.6268656716417911,0.4083333333333333,0.2690245982801937,0.485,0.3305562414657557,0.861928042811624,0.3767467530241143,281,0.6175824175824176,0.01979314289994854,-0.0486134328408831,3.5173907309863863,10.639128059967161,0.046574286270167735,71,210,49,125
candidate_risk_off,40,1,0.61,0.5583333333333333,0.2627450980392157,0.3573333333333334,0.4388059701492537,0.5611940298507463,0.44166666666666665,0.2690245982801937,0.485,0.3305562414657557,0.861928042811624,0.3767467530241143,255,0.5604395604395604,0.01856573816266293,-0.05077662652806333,4.029828916967644,9.422872223566944,0.047279909833999725,67,188,53,147
candidate_risk_off,40,1,0.62,0.5416666666666666,0.2765957446808511,0.3661971830985916,0.4925373134328358,0.5074626865671642,0.4583333333333333,0.2690245982801937,0.485,0.3305562414657557,0.861928042811624,0.3767467530241143,235,0.5164835164835165,0.01643081661643854,-0.05345934306763274,4.2190789463487635,8.4084443084461,0.0462982003241591,65,170,55,165
candidate_risk_off,40,1,0.63,0.48333333333333334,0.27751196172248804,0.3525835866261398,0.5492537313432836,0.4507462686567164,0.5166666666666667,0.2690245982801937,0.485,0.3305562414657557,0.861928042811624,0.3767467530241143,209,0.4593406593406593,0.017056861847307682,-0.05386909551974643,5.287101635536378,7.420316574536576,0.05116839885966091,58,151,62,184
candidate_risk_off,40,1,0.64,0.4583333333333333,0.29891304347826086,0.36184210526315785,0.6149253731343284,0.3850746268656716,0.5416666666666666,0.2690245982801937,0.485,0.3305562414657557,0.861928042811624,0.3767467530241143,184,0.4043956043956044,0.013789295882915577,-0.05864187046544569,5.637052753565982,6.174529254280312,0.05073777475819397,55,129,65,206
candidate_risk_off,40,1,0.65,0.4083333333333333,0.30625,0.35000000000000003,0.6686567164179105,0.33134328358208953,0.5916666666666667,0.2690245982801937,0.485,0.3305562414657557,0.861928042811624,0.3767467530241143,160,0.3516483516483517,0.015048646405832738,-0.06052019580443755,6.316042758278963,5.431383866824534,0.05358134536628884,49,111,71,224
candidate_risk_off,40,1,0.66,0.35833333333333334,0.3161764705882353,0.3359375,0.7223880597014926,0.27761194029850744,0.6416666666666667,0.2690245982801937,0.485,0.3305562414657557,0.861928042811624,0.3767467530241143,136,0.2989010989010989,0.01436436988592508,-0.06308954395539394,7.112516313735499,4.489617997401213,0.056763004260676285,43,93,77,242
candidate_risk_off,40,1,0.67,0.2916666666666667,0.3153153153153153,0.3030303030303031,0.7731343283582089,0.22686567164179106,0.7083333333333334,0.2690245982801937,0.485,0.3305562414657557,0.861928042811624,0.3767467530241143,111,0.24395604395604395,0.015728868870466085,-0.06484983126206288,8.203280883867693,3.7401526202329034,0.06230768191612305,35,76,85,259
candidate_risk_off,40,1,0.68,0.225,0.2967032967032967,0.2559241706161137,0.808955223880597,0.191044776119403,0.775,0.2690245982801937,0.485,0.3305562414657557,0.861928042811624,0.3767467530241143,91,0.2,0.021324368884891472,-0.06302037461441812,9.306215241095959,3.2991480377633016,0.06861053573857402,27,64,93,271
candidate_risk_off,40,1,0.69,0.18333333333333332,0.275,0.21999999999999997,0.826865671641791,0.17313432835820897,0.8166666666666667,0.2690245982801937,0.485,0.3305562414657557,0.861928042811624,0.3767467530241143,80,0.17582417582417584,0.02385194138679766,-0.06262269332400751,10.029527381336093,2.9308225427574155,0.07257012019069384,22,58,98,277
candidate_risk_off,40,1,0.7,0.14166666666666666,0.2833333333333333,0.18888888888888886,0.8716417910447761,0.12835820895522387,0.8583333333333333,0.2690245982801937,0.485,0.3305562414657557,0.861928042811624,0.3767467530241143,60,0.13186813186813187,0.024004010291644458,-0.06429467616619687,10.5875006579471,2.1658630927311635,0.07456783531114826,17,43,103,292
candidate_risk_off,40,1,0.71,0.1,0.25,0.14285714285714288,0.8925373134328358,0.10746268656716418,0.9,0.2690245982801937,0.485,0.3305562414657557,0.861928042811624,0.3767467530241143,48,0.1054945054945055,0.025773863706607933,-0.06344606763791437,11.099827756219556,1.6704626194112344,0.07685702392982396,12,36,108,299
candidate_risk_off,40,1,0.72,0.05,0.2,0.08000000000000002,0.9283582089552239,0.07164179104477612,0.95,0.2690245982801937,0.485,0.3305562414657557,0.861928042811624,0.3767467530241143,30,0.06593406593406594,0.022375023206579123,-0.0642073393981716,11.684433457935327,0.8299403543383279,0.07886426533658089,6,24,114,311
candidate_risk_off,40,1,0.73,0.03333333333333333,0.2,0.05714285714285715,0.9522388059701492,0.04776119402985075,0.9666666666666667,0.2690245982801937,0.485,0.3305562414657557,0.861928042811624,0.3767467530241143,20,0.04395604395604396,0.015796074234479547,-0.07234762060564644,11.865022950914609,0.41416326132267134,0.07914116948146484,4,16,116,319
candidate_risk_off,40,1,0.74,0.025,0.23076923076923078,0.045112781954887216,0.9701492537313433,0.029850746268656716,0.975,0.2690245982801937,0.485,0.3305562414657557,0.861928042811624,0.3767467530241143,13,0.02857142857142857,0.016254383899600513,-0.07593030307559955,11.957685342376408,0.23512289233548522,0.07935863498783452,3,10,117,325
candidate_risk_off,40,1,0.75,0.025,0.2727272727272727,0.04580152671755725,0.9761194029850746,0.023880597014925373,0.975,0.2690245982801937,0.485,0.3305562414657557,0.861928042811624,0.3767467530241143,11,0.024175824175824177,0.013931111648607225,-0.07675313265160637,11.957685342376408,0.17705812977535798,0.07923102012506503,3,8,117,327
candidate_risk_off,40,1,0.76,0.008333333333333333,0.16666666666666666,0.015873015873015872,0.9850746268656716,0.014925373134328358,0.9916666666666667,0.2690245982801937,0.485,0.3305562414657557,0.861928042811624,0.3767467530241143,6,0.013186813186813187,0.023973385690685026,-0.07143181649797524,12.133801988552415,0.15856942767036872,0.08035159427104971,1,5,119,330
candidate_risk_off,40,1,0.77,0.0,0.0,0.0,0.991044776119403,0.008955223880597015,1.0,0.2690245982801937,0.485,0.3305562414657557,0.861928042811624,0.3767467530241143,3,0.006593406593406593,0.03168210276039329,-0.06947875881082476,12.21790457612281,0.09504630828117985,0.08076650557505408,0,3,120,332
candidate_risk_off,40,1,0.78,0.0,0.0,0.0,0.9940298507462687,0.005970149253731343,1.0,0.2690245982801937,0.485,0.3305562414657557,0.861928042811624,0.3767467530241143,2,0.004395604395604396,0.03238980106885,-0.06892394368613655,12.21790457612281,0.0647796021377,0.08069998534177171,0,2,120,333
candidate_risk_off,40,1,0.79,0.0,0.0,0.0,1.0,0.0,1.0,0.2690245982801937,0.485,0.3305562414657557,0.861928042811624,0.3767467530241143,0,0.0,,,12.21790457612281,0.0,0.08055761258982072,0,0,120,335
candidate_risk_off,40,1,0.8,0.0,0.0,0.0,1.0,0.0,1.0,0.2690245982801937,0.485,0.3305562414657557,0.861928042811624,0.3767467530241143,0,0.0,,,12.21790457612281,0.0,0.08055761258982072,0,0,120,335
multiclass_probability_sum,40,2,0.05,1.0,0.22857142857142856,0.3720930232558139,0.0,1.0,0.0,0.3734407577080424,0.6612152092921323,0.18337620405825614,0.5490675850062932,0.12250593768959313,455,1.0,0.02108346121999722,-0.04632935820866163,0.0,20.924895350383267,0.04598878098985333,104,351,0,0
multiclass_probability_sum,40,2,0.06,1.0,0.22857142857142856,0.3720930232558139,0.0,1.0,0.0,0.3734407577080424,0.6612152092921323,0.18337620405825614,0.5490675850062932,0.12250593768959313,455,1.0,0.02108346121999722,-0.04632935820866163,0.0,20.924895350383267,0.04598878098985333,104,351,0,0
multiclass_probability_sum,40,2,0.07,1.0,0.22857142857142856,0.3720930232558139,0.0,1.0,0.0,0.3734407577080424,0.6612152092921323,0.18337620405825614,0.5490675850062932,0.12250593768959313,455,1.0,0.02108346121999722,-0.04632935820866163,0.0,20.924895350383267,0.04598878098985333,104,351,0,0
multiclass_probability_sum,40,2,0.08,1.0,0.22958057395143489,0.3734290843806104,0.005698005698005698,0.9943019943019943,0.0,0.3734407577080424,0.6612152092921323,0.18337620405825614,0.5490675850062932,0.12250593768959313,453,0.9956043956043956,0.021059046528298264,-0.04643976195275631,0.0,20.87166857260364,0.04587179906066734,104,349,0,2
multiclass_probability_sum,40,2,0.09,1.0,0.23008849557522124,0.37410071942446044,0.008547008547008548,0.9914529914529915,0.0,0.3734407577080424,0.6612152092921323,0.18337620405825614,0.5490675850062932,0.12250593768959313,452,0.9934065934065934,0.021027856613790797,-0.04650256434758274,0.0,20.83651168471797,0.04579453117520433,104,348,0,3
multiclass_probability_sum,40,2,0.1,0.9903846153846154,0.22939866369710468,0.37251356238698013,0.014245014245014245,0.9857549857549858,0.009615384615384616,0.3734407577080424,0.6612152092921323,0.18337620405825614,0.5490675850062932,0.12250593768959313,449,0.9868131868131869,0.021231907591380245,-0.04646854527679267,0.1310894545710018,20.750350486458174,0.0464694919783982,103,346,1,5
multiclass_probability_sum,40,2,0.11,0.9903846153846154,0.22991071428571427,0.37318840579710144,0.017094017094017096,0.9829059829059829,0.009615384615384616,0.3734407577080424,0.6612152092921323,0.18337620405825614,0.5490675850062932,0.12250593768959313,448,0.9846153846153847,0.02123453229618571,-0.046520631211499956,0.1310894545710018,20.730294446619645,0.04642541276996187,103,345,1,6
multiclass_probability_sum,40,2,0.12,0.9903846153846154,0.23198198198198197,0.3759124087591241,0.02849002849002849,0.9715099715099715,0.009615384615384616,0.3734407577080424,0.6612152092921323,0.18337620405825614,0.5490675850062932,0.12250593768959313,444,0.9758241758241758,0.020972263706308884,-0.046802930533831374,0.1310894545710018,20.52890906352959,0.045982807532401304,103,341,1,10
multiclass_probability_sum,40,2,0.13,0.9903846153846154,0.23732718894009217,0.3828996282527881,0.05698005698005698,0.9430199430199431,0.009615384615384616,0.3734407577080424,0.6612152092921323,0.18337620405825614,0.5490675850062932,0.12250593768959313,434,0.9538461538461539,0.02091224696699544,-0.04715341079574583,0.1310894545710018,20.274614539946896,0.0454239184695822,103,331,1,20
multiclass_probability_sum,40,2,0.14,0.9807692307692307,0.2388758782201405,0.384180790960452,0.07407407407407407,0.9259259259259259,0.019230769230769232,0.3734407577080424,0.6612152092921323,0.18337620405825614,0.5490675850062932,0.12250593768959313,427,0.9384615384615385,0.0218472868397201,-0.04671203852253806,0.3019490872180191,20.24089105367023,0.04647634794576766,102,325,2,26
multiclass_probability_sum,40,2,0.15,0.9711538461538461,0.24278846153846154,0.38846153846153847,0.10256410256410256,0.8974358974358975,0.028846153846153848,0.3734407577080424,0.6612152092921323,0.18337620405825614,0.5490675850062932,0.12250593768959313,416,0.9142857142857143,0.021400982248540725,-0.04713480802593549,0.4013050270545529,19.705882994654743,0.045955600166633845,101,315,3,36
multiclass_probability_sum,40,2,0.16,0.9519230769230769,0.24444444444444444,0.38899803536345773,0.1282051282051282,0.8717948717948718,0.04807692307692308,0.3734407577080424,0.6612152092921323,0.18337620405825614,0.5490675850062932,0.12250593768959313,405,0.8901098901098901,0.02163832543524143,-0.04765384447207054,0.6386773571534957,19.343084571525004,0.0467233332812868,99,306,5,45
multiclass_probability_sum,40,2,0.17,0.9326923076923077,0.24681933842239187,0.39034205231388336,0.15669515669515668,0.8433048433048433,0.0673076923076923,0.3734407577080424,0.6612152092921323,0.18337620405825614,0.5490675850062932,0.12250593768959313,393,0.8637362637362638,0.022057754275525785,-0.048049096228155015,0.8555437609783971,19.032569546786345,0.04747077105433305,97,296,7,55
multiclass_probability_sum,40,2,0.18,0.9134615384615384,0.24675324675324675,0.38854805725971364,0.1737891737891738,0.8262108262108262,0.08653846153846154,0.3734407577080424,0.6612152092921323,0.18337620405825614,0.5490675850062932,0.12250593768959313,385,0.8461538461538461,0.02148115357150807,-0.04841616173345664,1.1006872232658236,18.46979479852279,0.04785023399630827,95,290,9,61
multiclass_probability_sum,40,2,0.19,0.9134615384615384,0.2560646900269542,0.4,0.21367521367521367,0.7863247863247863,0.08653846153846154,0.3734407577080424,0.6612152092921323,0.18337620405825614,0.5490675850062932,0.12250593768959313,371,0.8153846153846154,0.020751858981696857,-0.049329595535973526,1.1006872232658236,17.80704860757418,0.046393648961256376,95,276,9,75
multiclass_probability_sum,40,2,0.2,0.8846153846153846,0.2569832402234637,0.39826839826839827,0.24216524216524216,0.7578347578347578,0.11538461538461539,0.3734407577080424,0.6612152092921323,0.18337620405825614,0.5490675850062932,0.12250593768959313,358,0.7868131868131868,0.021214824728822433,-0.04964341561277233,1.5698383738825759,17.30521987941716,0.048384032969373374,92,266,12,85
multiclass_probability_sum,40,2,0.21,0.8461538461538461,0.25806451612903225,0.3955056179775281,0.2792022792022792,0.7207977207977208,0.15384615384615385,0.3734407577080424,0.6612152092921323,0.18337620405825614,0.5490675850062932,0.12250593768959313,341,0.7494505494505495,0.02184958828428801,-0.049841189985729395,2.1269012163916443,16.624072508787563,0.050559947599917575,88,253,16,98
multiclass_probability_sum,40,2,0.22,0.8173076923076923,0.25914634146341464,0.39351851851851855,0.3076923076923077,0.6923076923076923,0.18269230769230768,0.3734407577080424,0.6612152092921323,0.18337620405825614,0.5490675850062932,0.12250593768959313,328,0.7208791208791209,0.021985594178226354,-0.05014833953386279,2.531069692054063,16.079231699819207,0.052027342364794275,85,243,19,108
multiclass_probability_sum,40,2,0.23,0.7884615384615384,0.2611464968152866,0.3923444976076555,0.33903133903133903,0.6609686609686609,0.21153846153846154,0.3734407577080424,0.6612152092921323,0.18337620405825614,0.5490675850062932,0.12250593768959313,314,0.6901098901098901,0.021243972621009344,-0.05092617834298953,2.8106320726522918,15.342834241278805,0.052252154855463036,82,232,22,119
multiclass_probability_sum,40,2,0.24,0.7884615384615384,0.2671009771986971,0.39902676399026765,0.358974358974359,0.6410256410256411,0.21153846153846154,0.3734407577080424,0.6612152092921323,0.18337620405825614,0.5490675850062932,0.12250593768959313,307,0.6747252747252748,0.02019294321510793,-0.05199648943323127,2.8106320726522918,14.871460405320004,0.05121616840280633,82,225,22,126
multiclass_probability_sum,40,2,0.25,0.7788461538461539,0.2709030100334448,0.40198511166253104,0.3789173789173789,0.6210826210826211,0.22115384615384615,0.3734407577080424,0.6612152092921323,0.18337620405825614,0.5490675850062932,0.12250593768959313,299,0.6571428571428571,0.020280367832285925,-0.05241800438268064,2.95753983367807,14.613686453296642,0.051618254844683194,81,218,23,133
multiclass_probability_sum,40,2,0.26,0.7692307692307693,0.27972027972027974,0.4102564102564103,0.4131054131054131,0.5868945868945868,0.23076923076923078,0.3734407577080424,0.6612152092921323,0.18337620405825614,0.5490675850062932,0.12250593768959313,286,0.6285714285714286,0.019285273683476045,-0.05360500357023236,3.123709888971112,13.85327942212445,0.05104265733854458,80,206,24,145
multiclass_probability_sum,40,2,0.27,0.7596153846153846,0.2872727272727273,0.41688654353562005,0.4415954415954416,0.5584045584045584,0.2403846153846154,0.3734407577080424,0.6612152092921323,0.18337620405825614,0.5490675850062932,0.12250593768959313,275,0.6043956043956044,0.01846638725747276,-0.055066929797637956,3.2572468796810896,13.315657805092611,0.050741535042056876,79,196,25,155
multiclass_probability_sum,40,2,0.28,0.7211538461538461,0.2830188679245283,0.40650406504065034,0.4586894586894587,0.5413105413105413,0.27884615384615385,0.3734407577080424,0.6612152092921323,0.18337620405825614,0.5490675850062932,0.12250593768959313,265,0.5824175824175825,0.020083492788152944,-0.05406383111009617,3.7140420347722216,13.130213365239246,0.05334580103199101,75,190,29,161
multiclass_probability_sum,40,2,0.29,0.6826923076923077,0.27626459143968873,0.39335180055401664,0.4700854700854701,0.5299145299145299,0.3173076923076923,0.3734407577080424,0.6612152092921323,0.18337620405825614,0.5490675850062932,0.12250593768959313,257,0.5648351648351648,0.02085274155190204,-0.053737747362236465,4.157818446687579,12.903243717336899,0.05577296496131789,71,186,33,165
multiclass_probability_sum,40,2,0.3,0.6730769230769231,0.2857142857142857,0.4011461318051576,0.5014245014245015,0.4985754985754986,0.3269230769230769,0.3734407577080424,0.6612152092921323,0.18337620405825614,0.5490675850062932,0.12250593768959313,245,0.5384615384615384,0.02069165341137506,-0.05409243790940443,4.334770189669808,12.365774129905763,0.05575842790970371,70,175,34,176
multiclass_probability_sum,40,2,0.31,0.6634615384615384,0.2923728813559322,0.40588235294117647,0.5242165242165242,0.4757834757834758,0.33653846153846156,0.3734407577080424,0.6612152092921323,0.18337620405825614,0.5490675850062932,0.12250593768959313,236,0.5186813186813187,0.019572250044417806,-0.05519361521259658,4.440266162415832,11.966750290819173,0.05557703028146521,69,167,35,184
multiclass_probability_sum,40,2,0.32,0.6442307692307693,0.29646017699115046,0.40606060606060607,0.5470085470085471,0.452991452991453,0.3557692307692308,0.3734407577080424,0.6612152092921323,0.18337620405825614,0.5490675850062932,0.12250593768959313,226,0.4967032967032967,0.018663304508794058,-0.05627279547537726,4.589900616794582,11.584554685312785,0.055723640737794566,67,159,37,192
multiclass_probability_sum,40,2,0.33,0.6153846153846154,0.3018867924528302,0.4050632911392405,0.5783475783475783,0.42165242165242167,0.38461538461538464,0.3734407577080424,0.6612152092921323,0.18337620405825614,0.5490675850062932,0.12250593768959313,212,0.46593406593406594,0.017625824708607112,-0.057452840772612666,4.883003856980683,10.892611604020436,0.056135435549368104,64,148,40,203
multiclass_probability_sum,40,2,0.34,0.6057692307692307,0.3073170731707317,0.4077669902912621,0.5954415954415955,0.4045584045584046,0.3942307692307692,0.3734407577080424,0.6612152092921323,0.18337620405825614,0.5490675850062932,0.12250593768959313,205,0.45054945054945056,0.016669509019047832,-0.05884685848673328,4.97581691303087,10.482666165638495,0.0558464107796288,63,142,41,209
multiclass_probability_sum,40,2,0.35,0.6057692307692307,0.32642487046632124,0.42424242424242425,0.6296296296296297,0.37037037037037035,0.3942307692307692,0.3734407577080424,0.6612152092921323,0.18337620405825614,0.5490675850062932,0.12250593768959313,193,0.42417582417582417,0.013730267710459057,-0.06111301500078091,4.97581691303087,9.70460185861986,0.0541363793356318,63,130,41,221
multiclass_probability_sum,40,2,0.36,0.6057692307692307,0.33689839572192515,0.4329896907216495,0.6467236467236467,0.35327635327635326,0.3942307692307692,0.3734407577080424,0.6612152092921323,0.18337620405825614,0.5490675850062932,0.12250593768959313,187,0.41098901098901097,0.012572942905808288,-0.06269507392457578,4.97581691303087,9.403851585503467,0.053475389724386986,63,124,41,227
multiclass_probability_sum,40,2,0.37,0.5961538461538461,0.34444444444444444,0.43661971830985913,0.6638176638176638,0.33618233618233617,0.40384615384615385,0.3734407577080424,0.6612152092921323,0.18337620405825614,0.5490675850062932,0.12250593768959313,180,0.3956043956043956,0.01212592957302764,-0.06358901379254442,5.089628069797673,9.14201551206569,0.05365032905815101,62,118,42,233
multiclass_probability_sum,40,2,0.38,0.5961538461538461,0.34831460674157305,0.43971631205673756,0.6695156695156695,0.33048433048433046,0.40384615384615385,0.3734407577080424,0.6612152092921323,0.18337620405825614,0.5490675850062932,0.12250593768959313,178,0.3912087912087912,0.010613958072159311,-0.06428398796747031,5.089628069797673,8.848632725765073,0.05300553172562218,62,116,42,235
multiclass_probability_sum,40,2,0.39,0.5673076923076923,0.3597560975609756,0.44029850746268656,0.7008547008547008,0.29914529914529914,0.4326923076923077,0.3734407577080424,0.6612152092921323,0.18337620405825614,0.5490675850062932,0.12250593768959313,164,0.36043956043956044,0.008562676002074223,-0.06678948544103963,5.353804193488869,8.28973796937646,0.053519012197457284,59,105,45,246
multiclass_probability_sum,40,2,0.4,0.5673076923076923,0.37341772151898733,0.45038167938931295,0.717948717948718,0.28205128205128205,0.4326923076923077,0.3734407577080424,0.6612152092921323,0.18337620405825614,0.5490675850062932,0.12250593768959313,158,0.34725274725274724,0.006878103237241109,-0.06893049398190433,5.353804193488869,7.965946570102772,0.05280738274850413,59,99,45,252
multiclass_probability_sum,40,2,0.41,0.5673076923076923,0.38064516129032255,0.4555984555984556,0.7264957264957265,0.27350427350427353,0.4326923076923077,0.3734407577080424,0.6612152092921323,0.18337620405825614,0.5490675850062932,0.12250593768959313,155,0.34065934065934067,0.005392168202681991,-0.06985488590816923,5.353804193488869,7.7129102544046475,0.05225125897773902,59,96,45,255
multiclass_probability_sum,40,2,0.42,0.5673076923076923,0.39072847682119205,0.4627450980392157,0.7378917378917379,0.2621082621082621,0.4326923076923077,0.3734407577080424,0.6612152092921323,0.18337620405825614,0.5490675850062932,0.12250593768959313,151,0.33186813186813185,0.0028575976011307592,-0.07159562964843573,5.353804193488869,7.308621420759684,0.05136271209060722,59,92,45,259
multiclass_probability_sum,40,2,0.43,0.5192307692307693,0.3776223776223776,0.43724696356275305,0.7464387464387464,0.2535612535612536,0.4807692307692308,0.3734407577080424,0.6612152092921323,0.18337620405825614,0.5490675850062932,0.12250593768959313,143,0.3142857142857143,0.00499941576100074,-0.07036928399172923,5.880961865377514,7.150901991223455,0.05449184085133185,54,89,50,262
multiclass_probability_sum,40,2,0.44,0.5192307692307693,0.38571428571428573,0.4426229508196722,0.7549857549857549,0.245014245014245,0.4807692307692308,0.3734407577080424,0.6612152092921323,0.18337620405825614,0.5490675850062932,0.12250593768959313,140,0.3076923076923077,0.003538047064358242,-0.07157216606504538,5.880961865377514,6.931312126410502,0.05400922576383086,54,86,50,265
multiclass_probability_sum,40,2,0.45,0.5192307692307693,0.4122137404580153,0.4595744680851064,0.7806267806267806,0.21937321937321938,0.4807692307692308,0.3734407577080424,0.6612152092921323,0.18337620405825614,0.5490675850062932,0.12250593768959313,131,0.2879120879120879,-0.001996663758187647,-0.07567373124764896,5.880961865377514,6.161106409673257,0.05231646594682592,54,77,50,274
multiclass_probability_sum,40,2,0.46,0.5,0.416,0.45414847161572053,0.792022792022792,0.20797720797720798,0.5,0.3734407577080424,0.6612152092921323,0.18337620405825614,0.5490675850062932,0.12250593768959313,125,0.27472527472527475,-0.0027469449816283483,-0.07597685169211686,6.197286765345398,5.888299388071145,0.05380254875627987,52,73,52,278
multiclass_probability_sum,40,2,0.47,0.49038461538461536,0.42857142857142855,0.45739910313901344,0.8062678062678063,0.19373219373219372,0.5096153846153846,0.3734407577080424,0.6612152092921323,0.18337620405825614,0.5490675850062932,0.12250593768959313,119,0.26153846153846155,-0.006544275618040101,-0.07881458300459104,6.310823600566095,5.353040971853493,0.053374751150663244,51,68,53,283
multiclass_probability_sum,40,2,0.48,0.4423076923076923,0.4107142857142857,0.42592592592592593,0.811965811965812,0.18803418803418803,0.5576923076923077,0.3734407577080424,0.6612152092921323,0.18337620405825614,0.5490675850062932,0.12250593768959313,112,0.24615384615384617,-0.005672378784597446,-0.07845896296371192,6.913142169658066,5.082702435121895,0.05675193174526614,46,66,58,285
multiclass_probability_sum,40,2,0.49,0.4230769230769231,0.411214953271028,0.41706161137440756,0.8205128205128205,0.1794871794871795,0.5769230769230769,0.3734407577080424,0.6612152092921323,0.18337620405825614,0.5490675850062932,0.12250593768959313,107,0.23516483516483516,-0.005128282987701432,-0.07934034012552363,7.176507867773434,4.915751275369961,0.05812148324986871,44,63,60,288
multiclass_probability_sum,40,2,0.5,0.40384615384615385,0.42,0.4117647058823529,0.8347578347578347,0.16524216524216523,0.5961538461538461,0.3734407577080424,0.6612152092921323,0.18337620405825614,0.5490675850062932,0.12250593768959313,100,0.21978021978021978,-0.005719186520245873,-0.0806627621296173,7.449701132282494,4.681454548616516,0.059407819660360434,42,58,62,293
multiclass_probability_sum,40,2,0.51,0.38461538461538464,0.425531914893617,0.40404040404040403,0.8461538461538461,0.15384615384615385,0.6153846153846154,0.3734407577080424,0.6612152092921323,0.18337620405825614,0.5490675850062932,0.12250593768959313,94,0.20659340659340658,-0.011265382639489391,-0.08358158009708248,7.574518898246446,4.077633096006431,0.05890371382581488,40,54,64,297
multiclass_probability_sum,40,2,0.52,0.375,0.4588235294117647,0.41269841269841273,0.8689458689458689,0.13105413105413105,0.625,0.3734407577080424,0.6612152092921323,0.18337620405825614,0.5490675850062932,0.12250593768959313,85,0.18681318681318682,-0.015775265599416447,-0.08831071426147252,7.6954913072018805,3.592515999768551,0.058635142684338885,39,46,65,305
multiclass_probability_sum,40,2,0.53,0.34615384615384615,0.45,0.3913043478260869,0.8746438746438746,0.12535612535612536,0.6538461538461539,0.3734407577080424,0.6612152092921323,0.18337620405825614,0.5490675850062932,0.12250593768959313,80,0.17582417582417584,-0.017541346250049307,-0.08863851945475384,8.03957337118413,3.277336180388379,0.06021111273393575,36,44,68,307
multiclass_probability_sum,40,2,0.54,0.3173076923076923,0.4583333333333333,0.375,0.8888888888888888,0.1111111111111111,0.6826923076923077,0.3734407577080424,0.6612152092921323,0.18337620405825614,0.5490675850062932,0.12250593768959313,72,0.15824175824175823,-0.02068472956138807,-0.09082788704942585,8.466083059639622,2.8356228251485662,0.06205246594300535,33,39,71,312
multiclass_probability_sum,40,2,0.55,0.3076923076923077,0.48484848484848486,0.3764705882352941,0.9031339031339032,0.09686609686609686,0.6923076923076923,0.3734407577080424,0.6612152092921323,0.18337620405825614,0.5490675850062932,0.12250593768959313,66,0.14505494505494507,-0.0228523227155944,-0.09451008910089075,8.552495998740591,2.6731415257096867,0.0622651198284208,32,34,72,317
multiclass_probability_sum,40,2,0.56,0.27884615384615385,0.46774193548387094,0.3493975903614458,0.905982905982906,0.09401709401709402,0.7211538461538461,0.3734407577080424,0.6612152092921323,0.18337620405825614,0.5490675850062932,0.12250593768959313,62,0.13626373626373625,-0.015648994461490564,-0.09089880963002844,9.100875596035458,2.6731415257096867,0.06588080948091442,29,33,75,318
multiclass_probability_sum,40,2,0.57,0.25,0.4642857142857143,0.325,0.9145299145299145,0.08547008547008547,0.75,0.3734407577080424,0.6612152092921323,0.18337620405825614,0.5490675850062932,0.12250593768959313,56,0.12307692307692308,-0.013360591297078044,-0.09002290629195657,9.600602074387703,2.5171033680080974,0.06883276833224442,26,30,78,321
multiclass_probability_sum,40,2,0.58,0.20192307692307693,0.42857142857142855,0.27450980392156865,0.9202279202279202,0.07977207977207977,0.7980769230769231,0.3734407577080424,0.6612152092921323,0.18337620405825614,0.5490675850062932,0.12250593768959313,49,0.1076923076923077,-0.008625803168326557,-0.08880837729562771,10.293282478076193,2.2822519799969117,0.07288373497631977,21,28,83,323
multiclass_probability_sum,40,2,0.59,0.15384615384615385,0.38095238095238093,0.21917808219178084,0.9259259259259259,0.07407407407407407,0.8461538461538461,0.3734407577080424,0.6612152092921323,0.18337620405825614,0.5490675850062932,0.12250593768959313,42,0.09230769230769231,0.00030722037084353695,-0.0836130804013125,11.068156880779995,2.1194406395206165,0.07763496985024308,16,26,88,325
multiclass_probability_sum,40,2,0.6,0.15384615384615385,0.41025641025641024,0.22377622377622378,0.9344729344729344,0.06552706552706553,0.8461538461538461,0.3734407577080424,0.6612152092921323,0.18337620405825614,0.5490675850062932,0.12250593768959313,39,0.08571428571428572,-0.0009390099929571528,-0.08736527411879909,11.068156880779995,2.0399763183805746,0.07746032299059463,16,23,88,328
multiclass_probability_sum,40,2,0.61,0.11538461538461539,0.375,0.1764705882352941,0.9430199430199431,0.05698005698005698,0.8846153846153846,0.3734407577080424,0.6612152092921323,0.18337620405825614,0.5490675850062932,0.12250593768959313,32,0.07032967032967033,-0.003947860164353664,-0.09092769036027194,11.526235339868627,1.5984615570999767,0.07951025841034254,12,20,92,331
multiclass_probability_sum,40,2,0.62,0.10576923076923077,0.3793103448275862,0.16541353383458646,0.9487179487179487,0.05128205128205128,0.8942307692307693,0.3734407577080424,0.6612152092921323,0.18337620405825614,0.5490675850062932,0.12250593768959313,29,0.06373626373626373,-0.0072555695461321516,-0.09190897735003314,11.776418639441802,1.3057176292707746,0.08051642537933226,11,18,93,333
multiclass_probability_sum,40,2,0.63,0.09615384615384616,0.37037037037037035,0.15267175572519084,0.9515669515669516,0.04843304843304843,0.9038461538461539,0.3734407577080424,0.6612152092921323,0.18337620405825614,0.5490675850062932,0.12250593768959313,27,0.05934065934065934,-0.002947782854682047,-0.08847665232536371,12.001639987710115,1.3057176292707746,0.08200140130198048,10,17,94,334
multiclass_probability_sum,40,2,0.64,0.08653846153846154,0.36,0.13953488372093023,0.9544159544159544,0.045584045584045586,0.9134615384615384,0.3734407577080424,0.6612152092921323,0.18337620405825614,0.5490675850062932,0.12250593768959313,25,0.054945054945054944,-0.00226648591533586,-0.08800054699078688,12.202068684968507,1.186166841177335,0.0830601602111711,9,16,95,335
multiclass_probability_sum,40,2,0.65,0.07692307692307693,0.34782608695652173,0.12598425196850394,0.9572649572649573,0.042735042735042736,0.9230769230769231,0.3734407577080424,0.6612152092921323,0.18337620405825614,0.5490675850062932,0.12250593768959313,23,0.05054945054945055,-0.003470860847032586,-0.08552366560315873,12.449373056459635,1.0088708589296937,0.08430107698529363,8,15,96,336
multiclass_probability_sum,40,2,0.66,0.07692307692307693,0.4,0.12903225806451613,0.9658119658119658,0.03418803418803419,0.9230769230769231,0.3734407577080424,0.6612152092921323,0.18337620405825614,0.5490675850062932,0.12250593768959313,20,0.04395604395604396,-0.008945249673084748,-0.09378666330963534,12.449373056459635,0.8611734471006282,0.083976467288966,8,12,96,339
multiclass_probability_sum,40,2,0.67,0.0673076923076923,0.3888888888888889,0.11475409836065574,0.9686609686609686,0.03133903133903134,0.9326923076923077,0.3734407577080424,0.6612152092921323,0.18337620405825614,0.5490675850062932,0.12250593768959313,18,0.03956043956043956,-0.0032800567014267565,-0.09578445773382144,12.556718504819534,0.8611734471006282,0.08468423947595434,7,11,97,340
multiclass_probability_sum,40,2,0.68,0.0673076923076923,0.4375,0.11666666666666667,0.9743589743589743,0.02564102564102564,0.9326923076923077,0.3734407577080424,0.6612152092921323,0.18337620405825614,0.5490675850062932,0.12250593768959313,16,0.035164835164835165,-0.014708842975317686,-0.10480147862218014,12.556718504819534,0.6848729801212269,0.08429676592215346,7,9,97,342
multiclass_probability_sum,40,2,0.69,0.0673076923076923,0.5384615384615384,0.11965811965811966,0.9829059829059829,0.017094017094017096,0.9326923076923077,0.3734407577080424,0.6612152092921323,0.18337620405825614,0.5490675850062932,0.12250593768959313,13,0.02857142857142857,-0.04927857365632407,-0.12087117500626943,12.556718504819534,0.2795930101940968,0.08340604071352241,7,6,97,345
multiclass_probability_sum,40,2,0.7,0.057692307692307696,0.5454545454545454,0.10434782608695652,0.9857549857549858,0.014245014245014245,0.9423076923076923,0.3734407577080424,0.6612152092921323,0.18337620405825614,0.5490675850062932,0.12250593768959313,11,0.024175824175824177,-0.05336703074501727,-0.1297043997969724,12.67083776878449,0.2795930101940968,0.08415847542098366,6,5,98,346
multiclass_probability_sum,40,2,0.71,0.04807692307692308,0.5555555555555556,0.08849557522123894,0.9886039886039886,0.011396011396011397,0.9519230769230769,0.3734407577080424,0.6612152092921323,0.18337620405825614,0.5490675850062932,0.12250593768959313,9,0.01978021978021978,-0.06794725672199348,-0.14532593148456396,12.797199579059374,0.17045197735254705,0.08475175981215533,5,4,99,347
multiclass_probability_sum,40,2,0.72,0.04807692307692308,0.5555555555555556,0.08849557522123894,0.9886039886039886,0.011396011396011397,0.9519230769230769,0.3734407577080424,0.6612152092921323,0.18337620405825614,0.5490675850062932,0.12250593768959313,9,0.01978021978021978,-0.06794725672199348,-0.14532593148456396,12.797199579059374,0.17045197735254705,0.08475175981215533,5,4,99,347
multiclass_probability_sum,40,2,0.73,0.04807692307692308,0.625,0.08928571428571429,0.9914529914529915,0.008547008547008548,0.9519230769230769,0.3734407577080424,0.6612152092921323,0.18337620405825614,0.5490675850062932,0.12250593768959313,8,0.017582417582417582,-0.07802957157507677,-0.16068111098389898,12.797199579059374,0.15774071524987418,0.08472382297236922,5,3,99,348
multiclass_probability_sum,40,2,0.74,0.038461538461538464,0.5714285714285714,0.07207207207207209,0.9914529914529915,0.008547008547008548,0.9615384615384616,0.3734407577080424,0.6612152092921323,0.18337620405825614,0.5490675850062932,0.12250593768959313,7,0.015384615384615385,-0.06798093827128877,-0.14749570347762414,13.050178542587197,0.15774071524987418,0.08639181613848673,4,3,100,348
multiclass_probability_sum,40,2,0.75,0.028846153846153848,0.5,0.05454545454545455,0.9914529914529915,0.008547008547008548,0.9711538461538461,0.3734407577080424,0.6612152092921323,0.18337620405825614,0.5490675850062932,0.12250593768959313,6,0.013186813186813187,-0.05432935291613006,-0.12930929800167376,13.306792678920523,0.15774071524987418,0.08808377747694822,3,3,101,348
multiclass_probability_sum,40,2,0.76,0.009615384615384616,1.0,0.01904761904761905,1.0,0.0,0.9903846153846154,0.3734407577080424,0.6612152092921323,0.18337620405825614,0.5490675850062932,0.12250593768959313,1,0.002197802197802198,-0.17967083881728402,-0.24320603951788256,13.804174409909846,0.0,0.09101653457083415,1,0,103,351
multiclass_probability_sum,40,2,0.77,0.0,0.0,0.0,1.0,0.0,1.0,0.3734407577080424,0.6612152092921323,0.18337620405825614,0.5490675850062932,0.12250593768959313,0,0.0,,,14.047380449427727,0.0,0.09262009087534766,0,0,104,351
multiclass_probability_sum,40,2,0.78,0.0,0.0,0.0,1.0,0.0,1.0,0.3734407577080424,0.6612152092921323,0.18337620405825614,0.5490675850062932,0.12250593768959313,0,0.0,,,14.047380449427727,0.0,0.09262009087534766,0,0,104,351
multiclass_probability_sum,40,2,0.79,0.0,0.0,0.0,1.0,0.0,1.0,0.3734407577080424,0.6612152092921323,0.18337620405825614,0.5490675850062932,0.12250593768959313,0,0.0,,,14.047380449427727,0.0,0.09262009087534766,0,0,104,351
multiclass_probability_sum,40,2,0.8,0.0,0.0,0.0,1.0,0.0,1.0,0.3734407577080424,0.6612152092921323,0.18337620405825614,0.5490675850062932,0.12250593768959313,0,0.0,,,14.047380449427727,0.0,0.09262009087534766,0,0,104,351
candidate_risk_off,40,2,0.05,1.0,0.22857142857142856,0.3720930232558139,0.0,1.0,0.0,0.3592073782363946,0.676405325443787,0.2453988208221779,0.6840115595092172,0.28295907280869853,455,1.0,0.02108346121999722,-0.04632935820866163,0.0,20.924895350383267,0.04598878098985333,104,351,0,0
candidate_risk_off,40,2,0.06,1.0,0.22857142857142856,0.3720930232558139,0.0,1.0,0.0,0.3592073782363946,0.676405325443787,0.2453988208221779,0.6840115595092172,0.28295907280869853,455,1.0,0.02108346121999722,-0.04632935820866163,0.0,20.924895350383267,0.04598878098985333,104,351,0,0
candidate_risk_off,40,2,0.07,1.0,0.22857142857142856,0.3720930232558139,0.0,1.0,0.0,0.3592073782363946,0.676405325443787,0.2453988208221779,0.6840115595092172,0.28295907280869853,455,1.0,0.02108346121999722,-0.04632935820866163,0.0,20.924895350383267,0.04598878098985333,104,351,0,0
candidate_risk_off,40,2,0.08,1.0,0.22857142857142856,0.3720930232558139,0.0,1.0,0.0,0.3592073782363946,0.676405325443787,0.2453988208221779,0.6840115595092172,0.28295907280869853,455,1.0,0.02108346121999722,-0.04632935820866163,0.0,20.924895350383267,0.04598878098985333,104,351,0,0
candidate_risk_off,40,2,0.09,1.0,0.22857142857142856,0.3720930232558139,0.0,1.0,0.0,0.3592073782363946,0.676405325443787,0.2453988208221779,0.6840115595092172,0.28295907280869853,455,1.0,0.02108346121999722,-0.04632935820866163,0.0,20.924895350383267,0.04598878098985333,104,351,0,0
candidate_risk_off,40,2,0.1,1.0,0.22857142857142856,0.3720930232558139,0.0,1.0,0.0,0.3592073782363946,0.676405325443787,0.2453988208221779,0.6840115595092172,0.28295907280869853,455,1.0,0.02108346121999722,-0.04632935820866163,0.0,20.924895350383267,0.04598878098985333,104,351,0,0
candidate_risk_off,40,2,0.11,1.0,0.22857142857142856,0.3720930232558139,0.0,1.0,0.0,0.3592073782363946,0.676405325443787,0.2453988208221779,0.6840115595092172,0.28295907280869853,455,1.0,0.02108346121999722,-0.04632935820866163,0.0,20.924895350383267,0.04598878098985333,104,351,0,0
candidate_risk_off,40,2,0.12,1.0,0.22857142857142856,0.3720930232558139,0.0,1.0,0.0,0.3592073782363946,0.676405325443787,0.2453988208221779,0.6840115595092172,0.28295907280869853,455,1.0,0.02108346121999722,-0.04632935820866163,0.0,20.924895350383267,0.04598878098985333,104,351,0,0
candidate_risk_off,40,2,0.13,1.0,0.22857142857142856,0.3720930232558139,0.0,1.0,0.0,0.3592073782363946,0.676405325443787,0.2453988208221779,0.6840115595092172,0.28295907280869853,455,1.0,0.02108346121999722,-0.04632935820866163,0.0,20.924895350383267,0.04598878098985333,104,351,0,0
candidate_risk_off,40,2,0.14,1.0,0.22857142857142856,0.3720930232558139,0.0,1.0,0.0,0.3592073782363946,0.676405325443787,0.2453988208221779,0.6840115595092172,0.28295907280869853,455,1.0,0.02108346121999722,-0.04632935820866163,0.0,20.924895350383267,0.04598878098985333,104,351,0,0
candidate_risk_off,40,2,0.15,1.0,0.22857142857142856,0.3720930232558139,0.0,1.0,0.0,0.3592073782363946,0.676405325443787,0.2453988208221779,0.6840115595092172,0.28295907280869853,455,1.0,0.02108346121999722,-0.04632935820866163,0.0,20.924895350383267,0.04598878098985333,104,351,0,0
candidate_risk_off,40,2,0.16,1.0,0.22857142857142856,0.3720930232558139,0.0,1.0,0.0,0.3592073782363946,0.676405325443787,0.2453988208221779,0.6840115595092172,0.28295907280869853,455,1.0,0.02108346121999722,-0.04632935820866163,0.0,20.924895350383267,0.04598878098985333,104,351,0,0
candidate_risk_off,40,2,0.17,1.0,0.22857142857142856,0.3720930232558139,0.0,1.0,0.0,0.3592073782363946,0.676405325443787,0.2453988208221779,0.6840115595092172,0.28295907280869853,455,1.0,0.02108346121999722,-0.04632935820866163,0.0,20.924895350383267,0.04598878098985333,104,351,0,0
candidate_risk_off,40,2,0.18,1.0,0.22857142857142856,0.3720930232558139,0.0,1.0,0.0,0.3592073782363946,0.676405325443787,0.2453988208221779,0.6840115595092172,0.28295907280869853,455,1.0,0.02108346121999722,-0.04632935820866163,0.0,20.924895350383267,0.04598878098985333,104,351,0,0
candidate_risk_off,40,2,0.19,1.0,0.22857142857142856,0.3720930232558139,0.0,1.0,0.0,0.3592073782363946,0.676405325443787,0.2453988208221779,0.6840115595092172,0.28295907280869853,455,1.0,0.02108346121999722,-0.04632935820866163,0.0,20.924895350383267,0.04598878098985333,104,351,0,0
candidate_risk_off,40,2,0.2,1.0,0.22857142857142856,0.3720930232558139,0.0,1.0,0.0,0.3592073782363946,0.676405325443787,0.2453988208221779,0.6840115595092172,0.28295907280869853,455,1.0,0.02108346121999722,-0.04632935820866163,0.0,20.924895350383267,0.04598878098985333,104,351,0,0
candidate_risk_off,40,2,0.21,1.0,0.22857142857142856,0.3720930232558139,0.0,1.0,0.0,0.3592073782363946,0.676405325443787,0.2453988208221779,0.6840115595092172,0.28295907280869853,455,1.0,0.02108346121999722,-0.04632935820866163,0.0,20.924895350383267,0.04598878098985333,104,351,0,0
candidate_risk_off,40,2,0.22,1.0,0.22857142857142856,0.3720930232558139,0.0,1.0,0.0,0.3592073782363946,0.676405325443787,0.2453988208221779,0.6840115595092172,0.28295907280869853,455,1.0,0.02108346121999722,-0.04632935820866163,0.0,20.924895350383267,0.04598878098985333,104,351,0,0
candidate_risk_off,40,2,0.23,1.0,0.22857142857142856,0.3720930232558139,0.0,1.0,0.0,0.3592073782363946,0.676405325443787,0.2453988208221779,0.6840115595092172,0.28295907280869853,455,1.0,0.02108346121999722,-0.04632935820866163,0.0,20.924895350383267,0.04598878098985333,104,351,0,0
candidate_risk_off,40,2,0.24,1.0,0.22857142857142856,0.3720930232558139,0.0,1.0,0.0,0.3592073782363946,0.676405325443787,0.2453988208221779,0.6840115595092172,0.28295907280869853,455,1.0,0.02108346121999722,-0.04632935820866163,0.0,20.924895350383267,0.04598878098985333,104,351,0,0
candidate_risk_off,40,2,0.25,1.0,0.22857142857142856,0.3720930232558139,0.0,1.0,0.0,0.3592073782363946,0.676405325443787,0.2453988208221779,0.6840115595092172,0.28295907280869853,455,1.0,0.02108346121999722,-0.04632935820866163,0.0,20.924895350383267,0.04598878098985333,104,351,0,0
candidate_risk_off,40,2,0.26,1.0,0.22857142857142856,0.3720930232558139,0.0,1.0,0.0,0.3592073782363946,0.676405325443787,0.2453988208221779,0.6840115595092172,0.28295907280869853,455,1.0,0.02108346121999722,-0.04632935820866163,0.0,20.924895350383267,0.04598878098985333,104,351,0,0
candidate_risk_off,40,2,0.27,1.0,0.22857142857142856,0.3720930232558139,0.0,1.0,0.0,0.3592073782363946,0.676405325443787,0.2453988208221779,0.6840115595092172,0.28295907280869853,455,1.0,0.02108346121999722,-0.04632935820866163,0.0,20.924895350383267,0.04598878098985333,104,351,0,0
candidate_risk_off,40,2,0.28,1.0,0.22857142857142856,0.3720930232558139,0.0,1.0,0.0,0.3592073782363946,0.676405325443787,0.2453988208221779,0.6840115595092172,0.28295907280869853,455,1.0,0.02108346121999722,-0.04632935820866163,0.0,20.924895350383267,0.04598878098985333,104,351,0,0
candidate_risk_off,40,2,0.29,1.0,0.22857142857142856,0.3720930232558139,0.0,1.0,0.0,0.3592073782363946,0.676405325443787,0.2453988208221779,0.6840115595092172,0.28295907280869853,455,1.0,0.02108346121999722,-0.04632935820866163,0.0,20.924895350383267,0.04598878098985333,104,351,0,0
candidate_risk_off,40,2,0.3,1.0,0.22857142857142856,0.3720930232558139,0.0,1.0,0.0,0.3592073782363946,0.676405325443787,0.2453988208221779,0.6840115595092172,0.28295907280869853,455,1.0,0.02108346121999722,-0.04632935820866163,0.0,20.924895350383267,0.04598878098985333,104,351,0,0
candidate_risk_off,40,2,0.31,1.0,0.22857142857142856,0.3720930232558139,0.0,1.0,0.0,0.3592073782363946,0.676405325443787,0.2453988208221779,0.6840115595092172,0.28295907280869853,455,1.0,0.02108346121999722,-0.04632935820866163,0.0,20.924895350383267,0.04598878098985333,104,351,0,0
candidate_risk_off,40,2,0.32,1.0,0.22857142857142856,0.3720930232558139,0.0,1.0,0.0,0.3592073782363946,0.676405325443787,0.2453988208221779,0.6840115595092172,0.28295907280869853,455,1.0,0.02108346121999722,-0.04632935820866163,0.0,20.924895350383267,0.04598878098985333,104,351,0,0
candidate_risk_off,40,2,0.33,1.0,0.2290748898678414,0.3727598566308244,0.002849002849002849,0.9971509971509972,0.0,0.3592073782363946,0.676405325443787,0.2453988208221779,0.6840115595092172,0.28295907280869853,454,0.9978021978021978,0.02099731537567447,-0.046402981661155675,0.0,20.864701675840738,0.04585648719964997,104,350,0,1
candidate_risk_off,40,2,0.34,1.0,0.22958057395143489,0.3734290843806104,0.005698005698005698,0.9943019943019943,0.0,0.3592073782363946,0.676405325443787,0.2453988208221779,0.6840115595092172,0.28295907280869853,453,0.9956043956043956,0.02088194369725284,-0.04648962455443362,0.0,20.791440990140064,0.045695474703604536,104,349,0,2
candidate_risk_off,40,2,0.35,1.0,0.23059866962305986,0.3747747747747748,0.011396011396011397,0.9886039886039886,0.0,0.3592073782363946,0.676405325443787,0.2453988208221779,0.6840115595092172,0.28295907280869853,451,0.9912087912087912,0.020631074732051276,-0.04670087769896011,0.0,20.636535199439656,0.04535502241635089,104,347,0,4
candidate_risk_off,40,2,0.36,1.0,0.23162583518930957,0.37613019891500904,0.017094017094017096,0.9829059829059829,0.0,0.3592073782363946,0.676405325443787,0.2453988208221779,0.6840115595092172,0.28295907280869853,449,0.9868131868131869,0.020370324945629396,-0.046910939204648006,0.0,20.478196395872125,0.045007025045872805,104,345,0,6
candidate_risk_off,40,2,0.37,1.0,0.23690205011389523,0.3830570902394107,0.045584045584045586,0.9544159544159544,0.0,0.3592073782363946,0.676405325443787,0.2453988208221779,0.6840115595092172,0.28295907280869853,439,0.9648351648351648,0.019331932425786534,-0.04785009750257944,0.0,19.818638830204815,0.04355744797847212,104,335,0,16
candidate_risk_off,40,2,0.38,1.0,0.24355971896955503,0.391713747645951,0.07977207977207977,0.9202279202279202,0.0,0.3592073782363946,0.676405325443787,0.2453988208221779,0.6840115595092172,0.28295907280869853,427,0.9384615384615385,0.01867220426436221,-0.048760697365963335,0.0,19.30495171616719,0.042428465310257554,104,323,0,28
candidate_risk_off,40,2,0.39,1.0,0.25181598062953997,0.40232108317214704,0.11965811965811966,0.8803418803418803,0.0,0.3592073782363946,0.676405325443787,0.2453988208221779,0.6840115595092172,0.28295907280869853,413,0.9076923076923077,0.01780222862985605,-0.0499435445745516,0.0,18.684240919415075,0.04106426575695621,104,309,0,42
candidate_risk_off,40,2,0.4,1.0,0.2606516290726817,0.4135188866799205,0.15954415954415954,0.8404558404558404,0.0,0.3592073782363946,0.676405325443787,0.2453988208221779,0.6840115595092172,0.28295907280869853,399,0.8769230769230769,0.016168905950086035,-0.051641562021450926,0.0,17.783313969368855,0.039084206526085394,104,295,0,56
candidate_risk_off,40,2,0.41,1.0,0.2653061224489796,0.41935483870967744,0.1794871794871795,0.8205128205128205,0.0,0.3592073782363946,0.676405325443787,0.2453988208221779,0.6840115595092172,0.28295907280869853,392,0.8615384615384616,0.015445220003214244,-0.05203588815159643,0.0,17.38644673654451,0.038211970849548374,104,288,0,63
candidate_risk_off,40,2,0.42,1.0,0.26735218508997427,0.42190669371196754,0.18803418803418803,0.811965811965812,0.0,0.3592073782363946,0.676405325443787,0.2453988208221779,0.6840115595092172,0.28295907280869853,389,0.8549450549450549,0.015197242847848813,-0.05234739904078387,0.0,17.243647963097718,0.03789812739142356,104,285,0,66
candidate_risk_off,40,2,0.43,1.0,0.27154046997389036,0.42710472279260786,0.20512820512820512,0.7948717948717948,0.0,0.3592073782363946,0.676405325443787,0.2453988208221779,0.6840115595092172,0.28295907280869853,383,0.8417582417582418,0.014564957675382044,-0.05284657936474392,0.0,16.888973469363805,0.03711862300959078,104,279,0,72
candidate_risk_off,40,2,0.44,1.0,0.2810810810810811,0.4388185654008439,0.24216524216524216,0.7578347578347578,0.0,0.3592073782363946,0.676405325443787,0.2453988208221779,0.6840115595092172,0.28295907280869853,370,0.8131868131868132,0.01547125309773965,-0.05236181564029204,0.0,16.776395596376734,0.0368711991129159,104,266,0,85
candidate_risk_off,40,2,0.45,0.9711538461538461,0.28291316526610644,0.4381778741865509,0.2706552706552707,0.7293447293447294,0.028846153846153848,0.3592073782363946,0.676405325443787,0.2453988208221779,0.6840115595092172,0.28295907280869853,357,0.7846153846153846,0.01663271699570352,-0.05212846817324032,0.37812810429811927,16.60827606546453,0.03899485797441514,101,256,3,95
candidate_risk_off,40,2,0.46,0.9326923076923077,0.28955223880597014,0.4419134396355353,0.32193732193732194,0.6780626780626781,0.0673076923076923,0.3592073782363946,0.676405325443787,0.2453988208221779,0.6840115595092172,0.28295907280869853,335,0.7362637362637363,0.016077574981754314,-0.05348501375368172,0.9508016250482387,15.511507976063339,0.04036024802463309,97,238,7,113
candidate_risk_off,40,2,0.47,0.9134615384615384,0.29595015576323985,0.44705882352941173,0.3561253561253561,0.6438746438746439,0.08653846153846154,0.3592073782363946,0.676405325443787,0.2453988208221779,0.6840115595092172,0.28295907280869853,321,0.7054945054945055,0.014806913647107485,-0.05414771802916055,1.1850758044758969,14.714026889980046,0.04015220726023678,95,226,9,125
candidate_risk_off,40,2,0.48,0.8846153846153846,0.304635761589404,0.45320197044334976,0.4017094017094017,0.5982905982905983,0.11538461538461539,0.3592073782363946,0.676405325443787,0.2453988208221779,0.6840115595092172,0.28295907280869853,302,0.6637362637362637,0.013185218278719981,-0.05605539951634379,1.5862791578084328,13.654990213917012,0.040469950961191895,92,210,12,141
candidate_risk_off,40,2,0.49,0.7788461538461539,0.2956204379562044,0.42857142857142855,0.45014245014245013,0.5498575498575499,0.22115384615384615,0.3592073782363946,0.676405325443787,0.2453988208221779,0.6840115595092172,0.28295907280869853,274,0.6021978021978022,0.01649800555734936,-0.055437355066029405,3.004301649873172,13.00648884983241,0.04839427208670753,81,193,23,158
candidate_risk_off,40,2,0.5,0.6923076923076923,0.2845849802371542,0.40336134453781514,0.4843304843304843,0.5156695156695157,0.3076923076923077,0.3592073782363946,0.676405325443787,0.2453988208221779,0.6840115595092172,0.28295907280869853,253,0.5560439560439561,0.019278873354569154,-0.05542549318610191,3.963558339185053,12.465268121032057,0.05352954535953234,72,181,32,170
candidate_risk_off,40,2,0.51,0.6826923076923077,0.31140350877192985,0.427710843373494,0.5527065527065527,0.4472934472934473,0.3173076923076923,0.3592073782363946,0.676405325443787,0.2453988208221779,0.6840115595092172,0.28295907280869853,228,0.5010989010989011,0.015857724340161482,-0.06014222786052034,4.053811052457727,11.138272993229421,0.051208145385939784,71,157,33,194
candidate_risk_off,40,2,0.52,0.625,0.3282828282828283,0.4304635761589404,0.6210826210826211,0.3789173789173789,0.375,0.3592073782363946,0.676405325443787,0.2453988208221779,0.6840115595092172,0.28295907280869853,198,0.4351648351648352,0.0132878143175036,-0.06531911828745283,4.585445008197527,9.784643920405394,0.05173841526373181,65,133,39,218
candidate_risk_off,40,2,0.53,0.5288461538461539,0.3333333333333333,0.4089219330855018,0.6866096866096866,0.31339031339031337,0.47115384615384615,0.3592073782363946,0.676405325443787,0.2453988208221779,0.6840115595092172,0.28295907280869853,165,0.3626373626373626,0.013184823447406221,-0.06923021122906324,5.734493731661947,8.308606924614546,0.05607052333978107,55,110,49,241
candidate_risk_off,40,2,0.54,0.49038461538461536,0.3333333333333333,0.3968871595330739,0.7094017094017094,0.2905982905982906,0.5096153846153846,0.3592073782363946,0.676405325443787,0.2453988208221779,0.6840115595092172,0.28295907280869853,153,0.3362637362637363,0.013133745779338098,-0.071448069422497,6.0996838303193925,7.885888280722492,0.05754931817951795,51,102,53,249
candidate_risk_off,40,2,0.55,0.46153846153846156,0.3356643356643357,0.38866396761133604,0.7293447293447294,0.2706552706552707,0.5384615384615384,0.3592073782363946,0.676405325443787,0.2453988208221779,0.6840115595092172,0.28295907280869853,143,0.3142857142857143,0.012665962125361037,-0.07251223675729439,6.441628012122983,7.3877121825900485,0.05870900267903077,48,95,56,256
candidate_risk_off,40,2,0.56,0.4519230769230769,0.34814814814814815,0.39330543933054396,0.7492877492877493,0.25071225071225073,0.5480769230769231,0.3592073782363946,0.676405325443787,0.2453988208221779,0.6840115595092172,0.28295907280869853,135,0.2967032967032967,0.015419596461991326,-0.07249141057458161,6.642056709381374,7.3877121825900485,0.06003051057304214,47,88,57,263
candidate_risk_off,40,2,0.57,0.4326923076923077,0.36585365853658536,0.3964757709251101,0.7777777777777778,0.2222222222222222,0.5673076923076923,0.3592073782363946,0.676405325443787,0.2453988208221779,0.6840115595092172,0.28295907280869853,123,0.2703296703296703,0.01564812087322676,-0.0767613934146081,6.738754189969254,7.100608336822587,0.060037078915890885,45,78,59,273
candidate_risk_off,40,2,0.58,0.41346153846153844,0.38392857142857145,0.3981481481481481,0.8034188034188035,0.19658119658119658,0.5865384615384616,0.3592073782363946,0.676405325443787,0.2453988208221779,0.6840115595092172,0.28295907280869853,112,0.24615384615384617,0.017152279028797037,-0.07970588551272781,6.963766553415914,6.807073559797658,0.06087554553856131,43,69,61,282
candidate_risk_off,40,2,0.59,0.3942307692307692,0.41414141414141414,0.4039408866995074,0.8347578347578347,0.16524216524216523,0.6057692307692307,0.3592073782363946,0.676405325443787,0.2453988208221779,0.6840115595092172,0.28295907280869853,99,0.2175824175824176,0.014497913685339368,-0.08328054038002387,7.189904583677961,6.140106721227103,0.06090070433463953,41,58,63,293
candidate_risk_off,40,2,0.6,0.28846153846153844,0.37037037037037035,0.3243243243243243,0.8547008547008547,0.1452991452991453,0.7115384615384616,0.3592073782363946,0.676405325443787,0.2453988208221779,0.6840115595092172,0.28295907280869853,81,0.17802197802197803,0.03098665057252301,-0.07955140879116568,8.959586214731896,5.8096366107483,0.07184262693394283,30,51,74,300
candidate_risk_off,40,2,0.61,0.18269230769230768,0.3220338983050847,0.2331288343558282,0.886039886039886,0.11396011396011396,0.8173076923076923,0.3592073782363946,0.676405325443787,0.2453988208221779,0.6840115595092172,0.28295907280869853,59,0.12967032967032968,0.05142622786817806,-0.06685874455196801,10.872393139607784,4.911279967588596,0.0824801305195867,19,40,85,311
candidate_risk_off,40,2,0.62,0.0673076923076923,0.1590909090909091,0.09459459459459459,0.8945868945868946,0.10541310541310542,0.9326923076923077,0.3592073782363946,0.676405325443787,0.2453988208221779,0.6840115595092172,0.28295907280869853,44,0.0967032967032967,0.08891521718684464,-0.03687888896626322,13.104577164870863,4.584450014811519,0.0964795198009321,7,37,97,314
candidate_risk_off,40,2,0.63,0.0673076923076923,0.18421052631578946,0.09859154929577464,0.9116809116809117,0.08831908831908832,0.9326923076923077,0.3592073782363946,0.676405325443787,0.2453988208221779,0.6840115595092172,0.28295907280869853,38,0.08351648351648351,0.08488391847245165,-0.0395757266522263,13.104577164870863,3.897769360543517,0.09497033154979363,7,31,97,320
candidate_risk_off,40,2,0.64,0.057692307692307696,0.24,0.09302325581395349,0.9458689458689459,0.05413105413105413,0.9423076923076923,0.3592073782363946,0.676405325443787,0.2453988208221779,0.6840115595092172,0.28295907280869853,25,0.054945054945054944,0.07453894350995309,-0.04299124755385314,13.245929339558002,2.4362804060476506,0.09269026027411352,6,19,98,332
candidate_risk_off,40,2,0.65,0.04807692307692308,0.4166666666666667,0.08620689655172414,0.98005698005698,0.019943019943019943,0.9519230769230769,0.3592073782363946,0.676405325443787,0.2453988208221779,0.6840115595092172,0.28295907280869853,12,0.026373626373626374,0.026973426055224393,-0.06313341904965296,13.380921086089394,0.7939124264880713,0.08997071579067309,5,7,99,344
candidate_risk_off,40,2,0.66,0.04807692307692308,0.5555555555555556,0.08849557522123894,0.9886039886039886,0.011396011396011397,0.9519230769230769,0.3592073782363946,0.676405325443787,0.2453988208221779,0.6840115595092172,0.28295907280869853,9,0.01978021978021978,-0.009272042321277513,-0.08206508327661147,13.380921086089394,0.38678293293388105,0.0890759256949496,5,4,99,347
candidate_risk_off,40,2,0.67,0.028846153846153848,1.0,0.05607476635514019,1.0,0.0,0.9711538461538461,0.3592073782363946,0.676405325443787,0.2453988208221779,0.6840115595092172,0.28295907280869853,3,0.006593406593406593,-0.09302308454872694,-0.13054512868756807,13.655745063365025,0.0,0.0900378795386705,3,0,101,351
candidate_risk_off,40,2,0.68,0.0,0.0,0.0,1.0,0.0,1.0,0.3592073782363946,0.676405325443787,0.2453988208221779,0.6840115595092172,0.28295907280869853,0,0.0,,,14.047380449427727,0.0,0.09262009087534766,0,0,104,351
candidate_risk_off,40,2,0.69,0.0,0.0,0.0,1.0,0.0,1.0,0.3592073782363946,0.676405325443787,0.2453988208221779,0.6840115595092172,0.28295907280869853,0,0.0,,,14.047380449427727,0.0,0.09262009087534766,0,0,104,351
candidate_risk_off,40,2,0.7,0.0,0.0,0.0,1.0,0.0,1.0,0.3592073782363946,0.676405325443787,0.2453988208221779,0.6840115595092172,0.28295907280869853,0,0.0,,,14.047380449427727,0.0,0.09262009087534766,0,0,104,351
candidate_risk_off,40,2,0.71,0.0,0.0,0.0,1.0,0.0,1.0,0.3592073782363946,0.676405325443787,0.2453988208221779,0.6840115595092172,0.28295907280869853,0,0.0,,,14.047380449427727,0.0,0.09262009087534766,0,0,104,351
candidate_risk_off,40,2,0.72,0.0,0.0,0.0,1.0,0.0,1.0,0.3592073782363946,0.676405325443787,0.2453988208221779,0.6840115595092172,0.28295907280869853,0,0.0,,,14.047380449427727,0.0,0.09262009087534766,0,0,104,351
candidate_risk_off,40,2,0.73,0.0,0.0,0.0,1.0,0.0,1.0,0.3592073782363946,0.676405325443787,0.2453988208221779,0.6840115595092172,0.28295907280869853,0,0.0,,,14.047380449427727,0.0,0.09262009087534766,0,0,104,351
candidate_risk_off,40,2,0.74,0.0,0.0,0.0,1.0,0.0,1.0,0.3592073782363946,0.676405325443787,0.2453988208221779,0.6840115595092172,0.28295907280869853,0,0.0,,,14.047380449427727,0.0,0.09262009087534766,0,0,104,351
candidate_risk_off,40,2,0.75,0.0,0.0,0.0,1.0,0.0,1.0,0.3592073782363946,0.676405325443787,0.2453988208221779,0.6840115595092172,0.28295907280869853,0,0.0,,,14.047380449427727,0.0,0.09262009087534766,0,0,104,351
candidate_risk_off,40,2,0.76,0.0,0.0,0.0,1.0,0.0,1.0,0.3592073782363946,0.676405325443787,0.2453988208221779,0.6840115595092172,0.28295907280869853,0,0.0,,,14.047380449427727,0.0,0.09262009087534766,0,0,104,351
candidate_risk_off,40,2,0.77,0.0,0.0,0.0,1.0,0.0,1.0,0.3592073782363946,0.676405325443787,0.2453988208221779,0.6840115595092172,0.28295907280869853,0,0.0,,,14.047380449427727,0.0,0.09262009087534766,0,0,104,351
candidate_risk_off,40,2,0.78,0.0,0.0,0.0,1.0,0.0,1.0,0.3592073782363946,0.676405325443787,0.2453988208221779,0.6840115595092172,0.28295907280869853,0,0.0,,,14.047380449427727,0.0,0.09262009087534766,0,0,104,351
candidate_risk_off,40,2,0.79,0.0,0.0,0.0,1.0,0.0,1.0,0.3592073782363946,0.676405325443787,0.2453988208221779,0.6840115595092172,0.28295907280869853,0,0.0,,,14.047380449427727,0.0,0.09262009087534766,0,0,104,351
candidate_risk_off,40,2,0.8,0.0,0.0,0.0,1.0,0.0,1.0,0.3592073782363946,0.676405325443787,0.2453988208221779,0.6840115595092172,0.28295907280869853,0,0.0,,,14.047380449427727,0.0,0.09262009087534766,0,0,104,351
multiclass_probability_sum,60,0,0.05,1.0,0.2586605080831409,0.4110091743119267,0.0,1.0,0.0,0.438237915839136,0.6994882064975523,0.23453565282977976,0.6616833426686562,0.2371982385421472,433,1.0,0.022227530265310047,-0.0514643625232221,0.0,18.20329246270802,0.042039936403482726,112,321,0,0
multiclass_probability_sum,60,0,0.06,1.0,0.2586605080831409,0.4110091743119267,0.0,1.0,0.0,0.438237915839136,0.6994882064975523,0.23453565282977976,0.6616833426686562,0.2371982385421472,433,1.0,0.022227530265310047,-0.0514643625232221,0.0,18.20329246270802,0.042039936403482726,112,321,0,0
multiclass_probability_sum,60,0,0.07,1.0,0.2586605080831409,0.4110091743119267,0.0,1.0,0.0,0.438237915839136,0.6994882064975523,0.23453565282977976,0.6616833426686562,0.2371982385421472,433,1.0,0.022227530265310047,-0.0514643625232221,0.0,18.20329246270802,0.042039936403482726,112,321,0,0
multiclass_probability_sum,60,0,0.08,1.0,0.2586605080831409,0.4110091743119267,0.0,1.0,0.0,0.438237915839136,0.6994882064975523,0.23453565282977976,0.6616833426686562,0.2371982385421472,433,1.0,0.022227530265310047,-0.0514643625232221,0.0,18.20329246270802,0.042039936403482726,112,321,0,0
multiclass_probability_sum,60,0,0.09,1.0,0.2586605080831409,0.4110091743119267,0.0,1.0,0.0,0.438237915839136,0.6994882064975523,0.23453565282977976,0.6616833426686562,0.2371982385421472,433,1.0,0.022227530265310047,-0.0514643625232221,0.0,18.20329246270802,0.042039936403482726,112,321,0,0
multiclass_probability_sum,60,0,0.1,1.0,0.2586605080831409,0.4110091743119267,0.0,1.0,0.0,0.438237915839136,0.6994882064975523,0.23453565282977976,0.6616833426686562,0.2371982385421472,433,1.0,0.022227530265310047,-0.0514643625232221,0.0,18.20329246270802,0.042039936403482726,112,321,0,0
multiclass_probability_sum,60,0,0.11,1.0,0.2586605080831409,0.4110091743119267,0.0,1.0,0.0,0.438237915839136,0.6994882064975523,0.23453565282977976,0.6616833426686562,0.2371982385421472,433,1.0,0.022227530265310047,-0.0514643625232221,0.0,18.20329246270802,0.042039936403482726,112,321,0,0
multiclass_probability_sum,60,0,0.12,1.0,0.2586605080831409,0.4110091743119267,0.0,1.0,0.0,0.438237915839136,0.6994882064975523,0.23453565282977976,0.6616833426686562,0.2371982385421472,433,1.0,0.022227530265310047,-0.0514643625232221,0.0,18.20329246270802,0.042039936403482726,112,321,0,0
multiclass_probability_sum,60,0,0.13,1.0,0.2586605080831409,0.4110091743119267,0.0,1.0,0.0,0.438237915839136,0.6994882064975523,0.23453565282977976,0.6616833426686562,0.2371982385421472,433,1.0,0.022227530265310047,-0.0514643625232221,0.0,18.20329246270802,0.042039936403482726,112,321,0,0
multiclass_probability_sum,60,0,0.14,1.0,0.2586605080831409,0.4110091743119267,0.0,1.0,0.0,0.438237915839136,0.6994882064975523,0.23453565282977976,0.6616833426686562,0.2371982385421472,433,1.0,0.022227530265310047,-0.0514643625232221,0.0,18.20329246270802,0.042039936403482726,112,321,0,0
multiclass_probability_sum,60,0,0.15,1.0,0.2586605080831409,0.4110091743119267,0.0,1.0,0.0,0.438237915839136,0.6994882064975523,0.23453565282977976,0.6616833426686562,0.2371982385421472,433,1.0,0.022227530265310047,-0.0514643625232221,0.0,18.20329246270802,0.042039936403482726,112,321,0,0
multiclass_probability_sum,60,0,0.16,1.0,0.2586605080831409,0.4110091743119267,0.0,1.0,0.0,0.438237915839136,0.6994882064975523,0.23453565282977976,0.6616833426686562,0.2371982385421472,433,1.0,0.022227530265310047,-0.0514643625232221,0.0,18.20329246270802,0.042039936403482726,112,321,0,0
multiclass_probability_sum,60,0,0.17,1.0,0.2586605080831409,0.4110091743119267,0.0,1.0,0.0,0.438237915839136,0.6994882064975523,0.23453565282977976,0.6616833426686562,0.2371982385421472,433,1.0,0.022227530265310047,-0.0514643625232221,0.0,18.20329246270802,0.042039936403482726,112,321,0,0
multiclass_probability_sum,60,0,0.18,1.0,0.2586605080831409,0.4110091743119267,0.0,1.0,0.0,0.438237915839136,0.6994882064975523,0.23453565282977976,0.6616833426686562,0.2371982385421472,433,1.0,0.022227530265310047,-0.0514643625232221,0.0,18.20329246270802,0.042039936403482726,112,321,0,0
multiclass_probability_sum,60,0,0.19,1.0,0.2586605080831409,0.4110091743119267,0.0,1.0,0.0,0.438237915839136,0.6994882064975523,0.23453565282977976,0.6616833426686562,0.2371982385421472,433,1.0,0.022227530265310047,-0.0514643625232221,0.0,18.20329246270802,0.042039936403482726,112,321,0,0
multiclass_probability_sum,60,0,0.2,1.0,0.2586605080831409,0.4110091743119267,0.0,1.0,0.0,0.438237915839136,0.6994882064975523,0.23453565282977976,0.6616833426686562,0.2371982385421472,433,1.0,0.022227530265310047,-0.0514643625232221,0.0,18.20329246270802,0.042039936403482726,112,321,0,0
multiclass_probability_sum,60,0,0.21,1.0,0.2586605080831409,0.4110091743119267,0.0,1.0,0.0,0.438237915839136,0.6994882064975523,0.23453565282977976,0.6616833426686562,0.2371982385421472,433,1.0,0.022227530265310047,-0.0514643625232221,0.0,18.20329246270802,0.042039936403482726,112,321,0,0
multiclass_probability_sum,60,0,0.22,1.0,0.2586605080831409,0.4110091743119267,0.0,1.0,0.0,0.438237915839136,0.6994882064975523,0.23453565282977976,0.6616833426686562,0.2371982385421472,433,1.0,0.022227530265310047,-0.0514643625232221,0.0,18.20329246270802,0.042039936403482726,112,321,0,0
multiclass_probability_sum,60,0,0.23,1.0,0.2586605080831409,0.4110091743119267,0.0,1.0,0.0,0.438237915839136,0.6994882064975523,0.23453565282977976,0.6616833426686562,0.2371982385421472,433,1.0,0.022227530265310047,-0.0514643625232221,0.0,18.20329246270802,0.042039936403482726,112,321,0,0
multiclass_probability_sum,60,0,0.24,1.0,0.2586605080831409,0.4110091743119267,0.0,1.0,0.0,0.438237915839136,0.6994882064975523,0.23453565282977976,0.6616833426686562,0.2371982385421472,433,1.0,0.022227530265310047,-0.0514643625232221,0.0,18.20329246270802,0.042039936403482726,112,321,0,0
multiclass_probability_sum,60,0,0.25,1.0,0.2586605080831409,0.4110091743119267,0.0,1.0,0.0,0.438237915839136,0.6994882064975523,0.23453565282977976,0.6616833426686562,0.2371982385421472,433,1.0,0.022227530265310047,-0.0514643625232221,0.0,18.20329246270802,0.042039936403482726,112,321,0,0
multiclass_probability_sum,60,0,0.26,1.0,0.2586605080831409,0.4110091743119267,0.0,1.0,0.0,0.438237915839136,0.6994882064975523,0.23453565282977976,0.6616833426686562,0.2371982385421472,433,1.0,0.022227530265310047,-0.0514643625232221,0.0,18.20329246270802,0.042039936403482726,112,321,0,0
multiclass_probability_sum,60,0,0.27,1.0,0.2586605080831409,0.4110091743119267,0.0,1.0,0.0,0.438237915839136,0.6994882064975523,0.23453565282977976,0.6616833426686562,0.2371982385421472,433,1.0,0.022227530265310047,-0.0514643625232221,0.0,18.20329246270802,0.042039936403482726,112,321,0,0
multiclass_probability_sum,60,0,0.28,1.0,0.2586605080831409,0.4110091743119267,0.0,1.0,0.0,0.438237915839136,0.6994882064975523,0.23453565282977976,0.6616833426686562,0.2371982385421472,433,1.0,0.022227530265310047,-0.0514643625232221,0.0,18.20329246270802,0.042039936403482726,112,321,0,0
multiclass_probability_sum,60,0,0.29,1.0,0.2586605080831409,0.4110091743119267,0.0,1.0,0.0,0.438237915839136,0.6994882064975523,0.23453565282977976,0.6616833426686562,0.2371982385421472,433,1.0,0.022227530265310047,-0.0514643625232221,0.0,18.20329246270802,0.042039936403482726,112,321,0,0
multiclass_probability_sum,60,0,0.3,1.0,0.2586605080831409,0.4110091743119267,0.0,1.0,0.0,0.438237915839136,0.6994882064975523,0.23453565282977976,0.6616833426686562,0.2371982385421472,433,1.0,0.022227530265310047,-0.0514643625232221,0.0,18.20329246270802,0.042039936403482726,112,321,0,0
multiclass_probability_sum,60,0,0.31,1.0,0.2586605080831409,0.4110091743119267,0.0,1.0,0.0,0.438237915839136,0.6994882064975523,0.23453565282977976,0.6616833426686562,0.2371982385421472,433,1.0,0.022227530265310047,-0.0514643625232221,0.0,18.20329246270802,0.042039936403482726,112,321,0,0
multiclass_probability_sum,60,0,0.32,1.0,0.2586605080831409,0.4110091743119267,0.0,1.0,0.0,0.438237915839136,0.6994882064975523,0.23453565282977976,0.6616833426686562,0.2371982385421472,433,1.0,0.022227530265310047,-0.0514643625232221,0.0,18.20329246270802,0.042039936403482726,112,321,0,0
multiclass_probability_sum,60,0,0.33,1.0,0.2586605080831409,0.4110091743119267,0.0,1.0,0.0,0.438237915839136,0.6994882064975523,0.23453565282977976,0.6616833426686562,0.2371982385421472,433,1.0,0.022227530265310047,-0.0514643625232221,0.0,18.20329246270802,0.042039936403482726,112,321,0,0
multiclass_probability_sum,60,0,0.34,1.0,0.25986078886310904,0.4125230202578269,0.006230529595015576,0.9937694704049844,0.0,0.438237915839136,0.6994882064975523,0.23453565282977976,0.6616833426686562,0.2371982385421472,431,0.9953810623556582,0.02195992326611152,-0.051553711488945116,0.0,18.043498785522836,0.0416708978880435,112,319,0,2
multiclass_probability_sum,60,0,0.35,1.0,0.2616822429906542,0.41481481481481475,0.01557632398753894,0.9844236760124611,0.0,0.438237915839136,0.6994882064975523,0.23453565282977976,0.6616833426686562,0.2371982385421472,428,0.9884526558891455,0.02122973323727216,-0.051808009114613834,0.0,17.665097683381255,0.040796992340372415,112,316,0,5
multiclass_probability_sum,60,0,0.36,1.0,0.26291079812206575,0.4163568773234201,0.021806853582554516,0.9781931464174455,0.0,0.438237915839136,0.6994882064975523,0.23453565282977976,0.6616833426686562,0.2371982385421472,426,0.9838337182448037,0.02072026287074936,-0.05207580791242489,0.0,17.405603840768,0.04019769940131177,112,314,0,7
multiclass_probability_sum,60,0,0.37,1.0,0.26987951807228916,0.42504743833017083,0.056074766355140186,0.9439252336448598,0.0,0.438237915839136,0.6994882064975523,0.23453565282977976,0.6616833426686562,0.2371982385421472,415,0.9584295612009238,0.017921189589917282,-0.05317816030269904,0.0,16.006787640170735,0.03696717699808484,112,303,0,18
multiclass_probability_sum,60,0,0.38,1.0,0.2765432098765432,0.43326885880077365,0.08722741433021806,0.9127725856697819,0.0,0.438237915839136,0.6994882064975523,0.23453565282977976,0.6616833426686562,0.2371982385421472,405,0.9353348729792148,0.015005801096266277,-0.054259289668343695,0.0,14.646843404342906,0.033826428185549436,112,293,0,28
multiclass_probability_sum,60,0,0.39,0.9910714285714286,0.28388746803069054,0.44135188866799213,0.1277258566978193,0.8722741433021807,0.008928571428571428,0.438237915839136,0.6994882064975523,0.23453565282977976,0.6616833426686562,0.2371982385421472,391,0.9030023094688222,0.011569071464920819,-0.055550701140178,0.1150659456642653,13.030211403677098,0.030890090625103683,111,280,1,41
multiclass_probability_sum,60,0,0.4,0.9910714285714286,0.2868217054263566,0.44488977955911824,0.14018691588785046,0.8598130841121495,0.008928571428571428,0.438237915839136,0.6994882064975523,0.23453565282977976,0.6616833426686562,0.2371982385421472,387,0.8937644341801386,0.010065117666535195,-0.05606177144993477,0.1150659456642653,12.401904997842179,0.029439036570057676,111,276,1,45
multiclass_probability_sum,60,0,0.41,0.9642857142857143,0.2903225806451613,0.4462809917355372,0.17757009345794392,0.822429906542056,0.03571428571428571,0.438237915839136,0.6994882064975523,0.23453565282977976,0.6616833426686562,0.2371982385421472,372,0.859122401847575,0.0076333922474869365,-0.05699029336604867,0.46899983614062996,11.116854331375354,0.028923449976437053,108,264,4,57
multiclass_probability_sum,60,0,0.42,0.9553571428571429,0.2988826815642458,0.4553191489361702,0.21806853582554517,0.7819314641744548,0.044642857142857144,0.438237915839136,0.6994882064975523,0.23453565282977976,0.6616833426686562,0.2371982385421472,358,0.8267898383371824,0.005574065608797379,-0.05834071070899441,0.5744109430348974,10.169742382890153,0.02746645545495345,107,251,5,70
multiclass_probability_sum,60,0,0.43,0.9464285714285714,0.3063583815028902,0.4628820960698689,0.2523364485981308,0.7476635514018691,0.05357142857142857,0.438237915839136,0.6994882064975523,0.23453565282977976,0.6616833426686562,0.2371982385421472,346,0.7990762124711316,0.0036270186555530993,-0.05953377086850519,0.7121632413247239,9.33620513754687,0.026495831088963143,106,240,6,81
multiclass_probability_sum,60,0,0.44,0.9375,0.31343283582089554,0.4697986577181208,0.2834890965732087,0.7165109034267912,0.0625,0.438237915839136,0.6994882064975523,0.23453565282977976,0.6616833426686562,0.2371982385421472,335,0.7736720554272517,0.0032021603615229742,-0.060290619526549294,0.8056125041747862,8.981319665218717,0.026323688632201095,105,230,7,91
multiclass_probability_sum,60,0,0.45,0.8928571428571429,0.31446540880503143,0.46511627906976744,0.32087227414330216,0.6791277258566978,0.10714285714285714,0.438237915839136,0.6994882064975523,0.23453565282977976,0.6616833426686562,0.2371982385421472,318,0.7344110854503464,0.002744365839897237,-0.06119238894224273,1.3403168060036166,8.453860283735478,0.02881018637816704,100,218,12,103
multiclass_probability_sum,60,0,0.46,0.8571428571428571,0.31788079470198677,0.463768115942029,0.3582554517133956,0.6417445482866043,0.14285714285714285,0.438237915839136,0.6994882064975523,0.23453565282977976,0.6616833426686562,0.2371982385421472,302,0.6974595842956121,0.000999874678447149,-0.06220228364129021,1.8200812935752841,7.560456291417207,0.030070901090399674,96,206,16,115
multiclass_probability_sum,60,0,0.47,0.8392857142857143,0.32413793103448274,0.4676616915422885,0.3894080996884735,0.6105919003115264,0.16071428571428573,0.438237915839136,0.6994882064975523,0.23453565282977976,0.6616833426686562,0.2371982385421472,290,0.6697459584295612,0.00041897365193436576,-0.06358072062973785,2.063244571397553,7.243509521885243,0.03102365643436005,94,196,18,125
multiclass_probability_sum,60,0,0.48,0.8303571428571429,0.3345323741007194,0.47692307692307684,0.4236760124610592,0.5763239875389408,0.16964285714285715,0.438237915839136,0.6994882064975523,0.23453565282977976,0.6616833426686562,0.2371982385421472,278,0.6420323325635104,-0.0005612827883549488,-0.06464690942770825,2.2150106308886963,6.883828570850645,0.031244481439992457,93,185,19,136
multiclass_probability_sum,60,0,0.49,0.8035714285714286,0.36,0.4972375690607735,0.5015576323987538,0.4984423676012461,0.19642857142857142,0.438237915839136,0.6994882064975523,0.23453565282977976,0.6616833426686562,0.2371982385421472,250,0.5773672055427251,-0.0059556200383791315,-0.06890378138195061,2.6385782500654207,5.423777856349354,0.030807188467772785,90,160,22,161
multiclass_probability_sum,60,0,0.5,0.7589285714285714,0.3811659192825112,0.5074626865671642,0.5700934579439252,0.42990654205607476,0.24107142857142858,0.438237915839136,0.6994882064975523,0.23453565282977976,0.6616833426686562,0.2371982385421472,223,0.5150115473441108,-0.009182786037301471,-0.07083584007190127,3.4199039917423093,4.449473194153826,0.03397040454822345,85,138,27,183
multiclass_probability_sum,60,0,0.51,0.6875,0.39690721649484534,0.5032679738562091,0.6355140186915887,0.3644859813084112,0.3125,0.438237915839136,0.6994882064975523,0.23453565282977976,0.6616833426686562,0.2371982385421472,194,0.44803695150115475,-0.011506121442777196,-0.07320454578100176,4.4300534779787935,3.7521774846837754,0.03935874807995417,77,117,35,204
multiclass_probability_sum,60,0,0.52,0.6339285714285714,0.4152046783625731,0.5017667844522967,0.6884735202492211,0.3115264797507788,0.36607142857142855,0.438237915839136,0.6994882064975523,0.23453565282977976,0.6616833426686562,0.2371982385421472,171,0.394919168591224,-0.011988346523889106,-0.0751158015773668,5.199835190794593,3.425249967977903,0.04393707976988841,71,100,41,221
multiclass_probability_sum,60,0,0.53,0.5535714285714286,0.4217687074829932,0.4787644787644788,0.735202492211838,0.26479750778816197,0.44642857142857145,0.438237915839136,0.6994882064975523,0.23453565282977976,0.6616833426686562,0.2371982385421472,147,0.3394919168591224,-0.013052076045209032,-0.07829835982058696,6.079447175208018,2.8649177495488245,0.048737319342200644,62,85,50,236
multiclass_probability_sum,60,0,0.54,0.4732142857142857,0.4076923076923077,0.4380165289256198,0.7601246105919003,0.2398753894080997,0.5267857142857143,0.438237915839136,0.6994882064975523,0.23453565282977976,0.6616833426686562,0.2371982385421472,130,0.3002309468822171,-0.011636000660547659,-0.0787059204034814,7.115990651549183,2.580192088561328,0.055261348829581704,53,77,59,244
multiclass_probability_sum,60,0,0.55,0.35714285714285715,0.39603960396039606,0.37558685446009393,0.8099688473520249,0.19003115264797507,0.6428571428571429,0.438237915839136,0.6994882064975523,0.23453565282977976,0.6616833426686562,0.2371982385421472,101,0.23325635103926096,-0.009114800354424215,-0.0780834939383428,8.696570342872947,2.0834271339282933,0.06506498420911579,40,61,72,260
multiclass_probability_sum,60,0,0.56,0.33035714285714285,0.42528735632183906,0.37185929648241206,0.8442367601246106,0.1557632398753894,0.6696428571428571,0.438237915839136,0.6994882064975523,0.23453565282977976,0.6616833426686562,0.2371982385421472,87,0.20092378752886836,-0.011333948293939616,-0.08095336941198038,9.089083735016938,1.8144279935375387,0.06716323140551583,37,50,75,271
multiclass_probability_sum,60,0,0.57,0.25892857142857145,0.4393939393939394,0.3258426966292135,0.8847352024922118,0.11526479750778816,0.7410714285714286,0.438237915839136,0.6994882064975523,0.23453565282977976,0.6616833426686562,0.2371982385421472,66,0.15242494226327943,-0.012486340778416863,-0.08403443847051811,10.10158308379361,1.340841583630139,0.07308450539263504,29,37,83,284
multiclass_probability_sum,60,0,0.58,0.1875,0.45652173913043476,0.26582278481012656,0.9221183800623053,0.0778816199376947,0.8125,0.438237915839136,0.6994882064975523,0.23453565282977976,0.6616833426686562,0.2371982385421472,46,0.10623556581986143,-0.016077792801436314,-0.08476658317846436,11.18288374377622,0.9052896401887293,0.07957030224368912,21,25,91,296
multiclass_probability_sum,60,0,0.59,0.15178571428571427,0.5483870967741935,0.23776223776223776,0.956386292834891,0.04361370716510903,0.8482142857142857,0.438237915839136,0.6994882064975523,0.23453565282977976,0.6616833426686562,0.2371982385421472,31,0.07159353348729793,-0.027329578511147232,-0.09370132872234586,11.677865505649615,0.5216487675393383,0.08211373044916441,17,14,95,307
multiclass_probability_sum,60,0,0.6,0.11607142857142858,0.5909090909090909,0.19402985074626866,0.9719626168224299,0.028037383177570093,0.8839285714285714,0.438237915839136,0.6994882064975523,0.23453565282977976,0.6616833426686562,0.2371982385421472,22,0.050808314087759814,-0.028993411319658966,-0.0900837864609035,12.175186560602457,0.3600353428671815,0.08518613169670797,13,9,99,312
multiclass_probability_sum,60,0,0.61,0.0625,0.6363636363636364,0.11382113821138211,0.9875389408099688,0.012461059190031152,0.9375,0.438237915839136,0.6994882064975523,0.23453565282977976,0.6616833426686562,0.2371982385421472,11,0.025404157043879907,-0.03362000402987822,-0.10262295080383334,12.86738290593293,0.14510522016364094,0.08948557491446289,7,4,105,317
multiclass_probability_sum,60,0,0.62,0.044642857142857144,0.7142857142857143,0.08403361344537816,0.9937694704049844,0.006230529595015576,0.9553571428571429,0.438237915839136,0.6994882064975523,0.23453565282977976,0.6616833426686562,0.2371982385421472,7,0.016166281755196306,-0.0659026089062765,-0.12073935750273233,13.116493144273537,0.059151575976013664,0.09101300463925319,5,2,107,319
multiclass_probability_sum,60,0,0.63,0.017857142857142856,1.0,0.03508771929824561,1.0,0.0,0.9821428571428571,0.438237915839136,0.6994882064975523,0.23453565282977976,0.6616833426686562,0.2371982385421472,2,0.004618937644341801,-0.13102752122319836,-0.1493291778818447,13.547241679966112,0.0,0.09386079685888761,2,0,110,321
multiclass_probability_sum,60,0,0.64,0.0,0.0,0.0,1.0,0.0,1.0,0.438237915839136,0.6994882064975523,0.23453565282977976,0.6616833426686562,0.2371982385421472,0,0.0,,,13.845900035729803,0.0,0.09593002334223882,0,0,112,321
multiclass_probability_sum,60,0,0.65,0.0,0.0,0.0,1.0,0.0,1.0,0.438237915839136,0.6994882064975523,0.23453565282977976,0.6616833426686562,0.2371982385421472,0,0.0,,,13.845900035729803,0.0,0.09593002334223882,0,0,112,321
multiclass_probability_sum,60,0,0.66,0.0,0.0,0.0,1.0,0.0,1.0,0.438237915839136,0.6994882064975523,0.23453565282977976,0.6616833426686562,0.2371982385421472,0,0.0,,,13.845900035729803,0.0,0.09593002334223882,0,0,112,321
multiclass_probability_sum,60,0,0.67,0.0,0.0,0.0,1.0,0.0,1.0,0.438237915839136,0.6994882064975523,0.23453565282977976,0.6616833426686562,0.2371982385421472,0,0.0,,,13.845900035729803,0.0,0.09593002334223882,0,0,112,321
multiclass_probability_sum,60,0,0.68,0.0,0.0,0.0,1.0,0.0,1.0,0.438237915839136,0.6994882064975523,0.23453565282977976,0.6616833426686562,0.2371982385421472,0,0.0,,,13.845900035729803,0.0,0.09593002334223882,0,0,112,321
multiclass_probability_sum,60,0,0.69,0.0,0.0,0.0,1.0,0.0,1.0,0.438237915839136,0.6994882064975523,0.23453565282977976,0.6616833426686562,0.2371982385421472,0,0.0,,,13.845900035729803,0.0,0.09593002334223882,0,0,112,321
multiclass_probability_sum,60,0,0.7,0.0,0.0,0.0,1.0,0.0,1.0,0.438237915839136,0.6994882064975523,0.23453565282977976,0.6616833426686562,0.2371982385421472,0,0.0,,,13.845900035729803,0.0,0.09593002334223882,0,0,112,321
multiclass_probability_sum,60,0,0.71,0.0,0.0,0.0,1.0,0.0,1.0,0.438237915839136,0.6994882064975523,0.23453565282977976,0.6616833426686562,0.2371982385421472,0,0.0,,,13.845900035729803,0.0,0.09593002334223882,0,0,112,321
multiclass_probability_sum,60,0,0.72,0.0,0.0,0.0,1.0,0.0,1.0,0.438237915839136,0.6994882064975523,0.23453565282977976,0.6616833426686562,0.2371982385421472,0,0.0,,,13.845900035729803,0.0,0.09593002334223882,0,0,112,321
multiclass_probability_sum,60,0,0.73,0.0,0.0,0.0,1.0,0.0,1.0,0.438237915839136,0.6994882064975523,0.23453565282977976,0.6616833426686562,0.2371982385421472,0,0.0,,,13.845900035729803,0.0,0.09593002334223882,0,0,112,321
multiclass_probability_sum,60,0,0.74,0.0,0.0,0.0,1.0,0.0,1.0,0.438237915839136,0.6994882064975523,0.23453565282977976,0.6616833426686562,0.2371982385421472,0,0.0,,,13.845900035729803,0.0,0.09593002334223882,0,0,112,321
multiclass_probability_sum,60,0,0.75,0.0,0.0,0.0,1.0,0.0,1.0,0.438237915839136,0.6994882064975523,0.23453565282977976,0.6616833426686562,0.2371982385421472,0,0.0,,,13.845900035729803,0.0,0.09593002334223882,0,0,112,321
multiclass_probability_sum,60,0,0.76,0.0,0.0,0.0,1.0,0.0,1.0,0.438237915839136,0.6994882064975523,0.23453565282977976,0.6616833426686562,0.2371982385421472,0,0.0,,,13.845900035729803,0.0,0.09593002334223882,0,0,112,321
multiclass_probability_sum,60,0,0.77,0.0,0.0,0.0,1.0,0.0,1.0,0.438237915839136,0.6994882064975523,0.23453565282977976,0.6616833426686562,0.2371982385421472,0,0.0,,,13.845900035729803,0.0,0.09593002334223882,0,0,112,321
multiclass_probability_sum,60,0,0.78,0.0,0.0,0.0,1.0,0.0,1.0,0.438237915839136,0.6994882064975523,0.23453565282977976,0.6616833426686562,0.2371982385421472,0,0.0,,,13.845900035729803,0.0,0.09593002334223882,0,0,112,321
multiclass_probability_sum,60,0,0.79,0.0,0.0,0.0,1.0,0.0,1.0,0.438237915839136,0.6994882064975523,0.23453565282977976,0.6616833426686562,0.2371982385421472,0,0.0,,,13.845900035729803,0.0,0.09593002334223882,0,0,112,321
multiclass_probability_sum,60,0,0.8,0.0,0.0,0.0,1.0,0.0,1.0,0.438237915839136,0.6994882064975523,0.23453565282977976,0.6616833426686562,0.2371982385421472,0,0.0,,,13.845900035729803,0.0,0.09593002334223882,0,0,112,321
candidate_risk_off,60,0,0.05,1.0,0.2586605080831409,0.4110091743119267,0.0,1.0,0.0,0.22222941514135458,0.409406987093903,0.2944234886958508,0.784541464189261,0.29587032452502404,433,1.0,0.022227530265310047,-0.0514643625232221,0.0,18.20329246270802,0.042039936403482726,112,321,0,0
candidate_risk_off,60,0,0.06,1.0,0.2586605080831409,0.4110091743119267,0.0,1.0,0.0,0.22222941514135458,0.409406987093903,0.2944234886958508,0.784541464189261,0.29587032452502404,433,1.0,0.022227530265310047,-0.0514643625232221,0.0,18.20329246270802,0.042039936403482726,112,321,0,0
candidate_risk_off,60,0,0.07,1.0,0.2586605080831409,0.4110091743119267,0.0,1.0,0.0,0.22222941514135458,0.409406987093903,0.2944234886958508,0.784541464189261,0.29587032452502404,433,1.0,0.022227530265310047,-0.0514643625232221,0.0,18.20329246270802,0.042039936403482726,112,321,0,0
candidate_risk_off,60,0,0.08,1.0,0.2586605080831409,0.4110091743119267,0.0,1.0,0.0,0.22222941514135458,0.409406987093903,0.2944234886958508,0.784541464189261,0.29587032452502404,433,1.0,0.022227530265310047,-0.0514643625232221,0.0,18.20329246270802,0.042039936403482726,112,321,0,0
candidate_risk_off,60,0,0.09,1.0,0.2586605080831409,0.4110091743119267,0.0,1.0,0.0,0.22222941514135458,0.409406987093903,0.2944234886958508,0.784541464189261,0.29587032452502404,433,1.0,0.022227530265310047,-0.0514643625232221,0.0,18.20329246270802,0.042039936403482726,112,321,0,0
candidate_risk_off,60,0,0.1,1.0,0.2586605080831409,0.4110091743119267,0.0,1.0,0.0,0.22222941514135458,0.409406987093903,0.2944234886958508,0.784541464189261,0.29587032452502404,433,1.0,0.022227530265310047,-0.0514643625232221,0.0,18.20329246270802,0.042039936403482726,112,321,0,0
candidate_risk_off,60,0,0.11,1.0,0.2586605080831409,0.4110091743119267,0.0,1.0,0.0,0.22222941514135458,0.409406987093903,0.2944234886958508,0.784541464189261,0.29587032452502404,433,1.0,0.022227530265310047,-0.0514643625232221,0.0,18.20329246270802,0.042039936403482726,112,321,0,0
candidate_risk_off,60,0,0.12,1.0,0.2586605080831409,0.4110091743119267,0.0,1.0,0.0,0.22222941514135458,0.409406987093903,0.2944234886958508,0.784541464189261,0.29587032452502404,433,1.0,0.022227530265310047,-0.0514643625232221,0.0,18.20329246270802,0.042039936403482726,112,321,0,0
candidate_risk_off,60,0,0.13,1.0,0.2586605080831409,0.4110091743119267,0.0,1.0,0.0,0.22222941514135458,0.409406987093903,0.2944234886958508,0.784541464189261,0.29587032452502404,433,1.0,0.022227530265310047,-0.0514643625232221,0.0,18.20329246270802,0.042039936403482726,112,321,0,0
candidate_risk_off,60,0,0.14,1.0,0.2586605080831409,0.4110091743119267,0.0,1.0,0.0,0.22222941514135458,0.409406987093903,0.2944234886958508,0.784541464189261,0.29587032452502404,433,1.0,0.022227530265310047,-0.0514643625232221,0.0,18.20329246270802,0.042039936403482726,112,321,0,0
candidate_risk_off,60,0,0.15,1.0,0.2586605080831409,0.4110091743119267,0.0,1.0,0.0,0.22222941514135458,0.409406987093903,0.2944234886958508,0.784541464189261,0.29587032452502404,433,1.0,0.022227530265310047,-0.0514643625232221,0.0,18.20329246270802,0.042039936403482726,112,321,0,0
candidate_risk_off,60,0,0.16,1.0,0.2586605080831409,0.4110091743119267,0.0,1.0,0.0,0.22222941514135458,0.409406987093903,0.2944234886958508,0.784541464189261,0.29587032452502404,433,1.0,0.022227530265310047,-0.0514643625232221,0.0,18.20329246270802,0.042039936403482726,112,321,0,0
candidate_risk_off,60,0,0.17,1.0,0.2586605080831409,0.4110091743119267,0.0,1.0,0.0,0.22222941514135458,0.409406987093903,0.2944234886958508,0.784541464189261,0.29587032452502404,433,1.0,0.022227530265310047,-0.0514643625232221,0.0,18.20329246270802,0.042039936403482726,112,321,0,0
candidate_risk_off,60,0,0.18,1.0,0.2586605080831409,0.4110091743119267,0.0,1.0,0.0,0.22222941514135458,0.409406987093903,0.2944234886958508,0.784541464189261,0.29587032452502404,433,1.0,0.022227530265310047,-0.0514643625232221,0.0,18.20329246270802,0.042039936403482726,112,321,0,0
candidate_risk_off,60,0,0.19,1.0,0.2586605080831409,0.4110091743119267,0.0,1.0,0.0,0.22222941514135458,0.409406987093903,0.2944234886958508,0.784541464189261,0.29587032452502404,433,1.0,0.022227530265310047,-0.0514643625232221,0.0,18.20329246270802,0.042039936403482726,112,321,0,0
candidate_risk_off,60,0,0.2,1.0,0.2586605080831409,0.4110091743119267,0.0,1.0,0.0,0.22222941514135458,0.409406987093903,0.2944234886958508,0.784541464189261,0.29587032452502404,433,1.0,0.022227530265310047,-0.0514643625232221,0.0,18.20329246270802,0.042039936403482726,112,321,0,0
candidate_risk_off,60,0,0.21,1.0,0.2586605080831409,0.4110091743119267,0.0,1.0,0.0,0.22222941514135458,0.409406987093903,0.2944234886958508,0.784541464189261,0.29587032452502404,433,1.0,0.022227530265310047,-0.0514643625232221,0.0,18.20329246270802,0.042039936403482726,112,321,0,0
candidate_risk_off,60,0,0.22,1.0,0.2586605080831409,0.4110091743119267,0.0,1.0,0.0,0.22222941514135458,0.409406987093903,0.2944234886958508,0.784541464189261,0.29587032452502404,433,1.0,0.022227530265310047,-0.0514643625232221,0.0,18.20329246270802,0.042039936403482726,112,321,0,0
candidate_risk_off,60,0,0.23,1.0,0.2586605080831409,0.4110091743119267,0.0,1.0,0.0,0.22222941514135458,0.409406987093903,0.2944234886958508,0.784541464189261,0.29587032452502404,433,1.0,0.022227530265310047,-0.0514643625232221,0.0,18.20329246270802,0.042039936403482726,112,321,0,0
candidate_risk_off,60,0,0.24,1.0,0.2586605080831409,0.4110091743119267,0.0,1.0,0.0,0.22222941514135458,0.409406987093903,0.2944234886958508,0.784541464189261,0.29587032452502404,433,1.0,0.022227530265310047,-0.0514643625232221,0.0,18.20329246270802,0.042039936403482726,112,321,0,0
candidate_risk_off,60,0,0.25,1.0,0.2586605080831409,0.4110091743119267,0.0,1.0,0.0,0.22222941514135458,0.409406987093903,0.2944234886958508,0.784541464189261,0.29587032452502404,433,1.0,0.022227530265310047,-0.0514643625232221,0.0,18.20329246270802,0.042039936403482726,112,321,0,0
candidate_risk_off,60,0,0.26,1.0,0.2586605080831409,0.4110091743119267,0.0,1.0,0.0,0.22222941514135458,0.409406987093903,0.2944234886958508,0.784541464189261,0.29587032452502404,433,1.0,0.022227530265310047,-0.0514643625232221,0.0,18.20329246270802,0.042039936403482726,112,321,0,0
candidate_risk_off,60,0,0.27,1.0,0.2586605080831409,0.4110091743119267,0.0,1.0,0.0,0.22222941514135458,0.409406987093903,0.2944234886958508,0.784541464189261,0.29587032452502404,433,1.0,0.022227530265310047,-0.0514643625232221,0.0,18.20329246270802,0.042039936403482726,112,321,0,0
candidate_risk_off,60,0,0.28,1.0,0.2586605080831409,0.4110091743119267,0.0,1.0,0.0,0.22222941514135458,0.409406987093903,0.2944234886958508,0.784541464189261,0.29587032452502404,433,1.0,0.022227530265310047,-0.0514643625232221,0.0,18.20329246270802,0.042039936403482726,112,321,0,0
candidate_risk_off,60,0,0.29,1.0,0.2586605080831409,0.4110091743119267,0.0,1.0,0.0,0.22222941514135458,0.409406987093903,0.2944234886958508,0.784541464189261,0.29587032452502404,433,1.0,0.022227530265310047,-0.0514643625232221,0.0,18.20329246270802,0.042039936403482726,112,321,0,0
candidate_risk_off,60,0,0.3,1.0,0.2586605080831409,0.4110091743119267,0.0,1.0,0.0,0.22222941514135458,0.409406987093903,0.2944234886958508,0.784541464189261,0.29587032452502404,433,1.0,0.022227530265310047,-0.0514643625232221,0.0,18.20329246270802,0.042039936403482726,112,321,0,0
candidate_risk_off,60,0,0.31,1.0,0.2586605080831409,0.4110091743119267,0.0,1.0,0.0,0.22222941514135458,0.409406987093903,0.2944234886958508,0.784541464189261,0.29587032452502404,433,1.0,0.022227530265310047,-0.0514643625232221,0.0,18.20329246270802,0.042039936403482726,112,321,0,0
candidate_risk_off,60,0,0.32,1.0,0.2586605080831409,0.4110091743119267,0.0,1.0,0.0,0.22222941514135458,0.409406987093903,0.2944234886958508,0.784541464189261,0.29587032452502404,433,1.0,0.022227530265310047,-0.0514643625232221,0.0,18.20329246270802,0.042039936403482726,112,321,0,0
candidate_risk_off,60,0,0.33,1.0,0.2586605080831409,0.4110091743119267,0.0,1.0,0.0,0.22222941514135458,0.409406987093903,0.2944234886958508,0.784541464189261,0.29587032452502404,433,1.0,0.022227530265310047,-0.0514643625232221,0.0,18.20329246270802,0.042039936403482726,112,321,0,0
candidate_risk_off,60,0,0.34,1.0,0.2586605080831409,0.4110091743119267,0.0,1.0,0.0,0.22222941514135458,0.409406987093903,0.2944234886958508,0.784541464189261,0.29587032452502404,433,1.0,0.022227530265310047,-0.0514643625232221,0.0,18.20329246270802,0.042039936403482726,112,321,0,0
candidate_risk_off,60,0,0.35,1.0,0.2586605080831409,0.4110091743119267,0.0,1.0,0.0,0.22222941514135458,0.409406987093903,0.2944234886958508,0.784541464189261,0.29587032452502404,433,1.0,0.022227530265310047,-0.0514643625232221,0.0,18.20329246270802,0.042039936403482726,112,321,0,0
candidate_risk_off,60,0,0.36,1.0,0.2586605080831409,0.4110091743119267,0.0,1.0,0.0,0.22222941514135458,0.409406987093903,0.2944234886958508,0.784541464189261,0.29587032452502404,433,1.0,0.022227530265310047,-0.0514643625232221,0.0,18.20329246270802,0.042039936403482726,112,321,0,0
candidate_risk_off,60,0,0.37,1.0,0.2586605080831409,0.4110091743119267,0.0,1.0,0.0,0.22222941514135458,0.409406987093903,0.2944234886958508,0.784541464189261,0.29587032452502404,433,1.0,0.022227530265310047,-0.0514643625232221,0.0,18.20329246270802,0.042039936403482726,112,321,0,0
candidate_risk_off,60,0,0.38,1.0,0.26046511627906976,0.41328413284132837,0.009345794392523364,0.9906542056074766,0.0,0.22222941514135458,0.409406987093903,0.2944234886958508,0.784541464189261,0.29587032452502404,430,0.9930715935334873,0.021332114925749265,-0.051676706708171545,0.0,17.751581275900953,0.04099672350092599,112,318,0,3
candidate_risk_off,60,0,0.39,1.0,0.2641509433962264,0.41791044776119407,0.028037383177570093,0.9719626168224299,0.0,0.22222941514135458,0.409406987093903,0.2944234886958508,0.784541464189261,0.29587032452502404,424,0.9792147806004619,0.020025409594853695,-0.052123398089198775,0.0,17.06954552604674,0.03942158320103173,112,312,0,9
candidate_risk_off,60,0,0.4,1.0,0.27184466019417475,0.4274809160305344,0.06542056074766354,0.9345794392523364,0.0,0.22222941514135458,0.409406987093903,0.2944234886958508,0.784541464189261,0.29587032452502404,412,0.9515011547344111,0.016216181047835145,-0.05326397273184185,0.0,15.259838449536849,0.03524212113057009,112,300,0,21
candidate_risk_off,60,0,0.41,1.0,0.27722772277227725,0.434108527131783,0.09034267912772585,0.9096573208722741,0.0,0.22222941514135458,0.409406987093903,0.2944234886958508,0.784541464189261,0.29587032452502404,404,0.9330254041570438,0.013331718178177134,-0.05415522749170572,0.0,13.964786001812334,0.03225123787947421,112,292,0,29
candidate_risk_off,60,0,0.42,1.0,0.2857142857142857,0.4444444444444445,0.1277258566978193,0.8722741433021807,0.0,0.22222941514135458,0.409406987093903,0.2944234886958508,0.784541464189261,0.29587032452502404,392,0.9053117782909931,0.009947923745386918,-0.05587238300530441,0.0,12.478357966020443,0.028818378674412108,112,280,0,41
candidate_risk_off,60,0,0.43,1.0,0.28865979381443296,0.448,0.14018691588785046,0.8598130841121495,0.0,0.22222941514135458,0.409406987093903,0.2944234886958508,0.784541464189261,0.29587032452502404,388,0.8960739030023095,0.00917658437719093,-0.056376023606212015,0.0,12.130008698705147,0.028013876902321357,112,276,0,45
candidate_risk_off,60,0,0.44,1.0,0.29473684210526313,0.4552845528455284,0.16510903426791276,0.8348909657320872,0.0,0.22222941514135458,0.409406987093903,0.2944234886958508,0.784541464189261,0.29587032452502404,380,0.8775981524249422,0.008863309003083145,-0.056892168456016974,0.0,11.855985256703457,0.027381028306474497,112,268,0,53
candidate_risk_off,60,0,0.45,0.9464285714285714,0.2888283378746594,0.4425887265135699,0.18691588785046728,0.8130841121495327,0.05357142857142857,0.22222941514135458,0.409406987093903,0.2944234886958508,0.784541464189261,0.29587032452502404,367,0.8475750577367206,0.0095487812003805,-0.056986793968015946,0.527961955246954,11.558757144900074,0.030352524273997546,106,261,6,60
candidate_risk_off,60,0,0.46,0.8660714285714286,0.2747875354107649,0.41720430107526885,0.20249221183800623,0.7975077881619937,0.13392857142857142,0.22222941514135458,0.409406987093903,0.2944234886958508,0.784541464189261,0.29587032452502404,353,0.815242494226328,0.011632992060337554,-0.05534935671792855,1.6047373934721174,11.544971996255551,0.037781025812175295,97,256,15,65
candidate_risk_off,60,0,0.47,0.8660714285714286,0.27635327635327633,0.4190064794816415,0.2087227414330218,0.7912772585669782,0.13392857142857142,0.22222941514135458,0.409406987093903,0.2944234886958508,0.784541464189261,0.29587032452502404,351,0.8106235565819861,0.011679462034150732,-0.055604535841256734,1.6047373934721174,11.535480156275591,0.03775910470367655,97,254,15,67
candidate_risk_off,60,0,0.48,0.7678571428571429,0.25595238095238093,0.38392857142857145,0.22118380062305296,0.778816199376947,0.23214285714285715,0.22222941514135458,0.409406987093903,0.2944234886958508,0.784541464189261,0.29587032452502404,336,0.7759815242494227,0.01204009193563958,-0.05391831305168965,3.0058915071960928,10.970259492561508,0.04616151042528819,86,250,26,71
candidate_risk_off,60,0,0.49,0.6428571428571429,0.23376623376623376,0.34285714285714286,0.26479750778816197,0.735202492211838,0.35714285714285715,0.22222941514135458,0.409406987093903,0.2944234886958508,0.784541464189261,0.29587032452502404,308,0.7113163972286374,0.01547266504115793,-0.051508643404478846,4.705021614265896,10.536558686996502,0.056932155957954256,72,236,40,85
candidate_risk_off,60,0,0.5,0.6160714285714286,0.23154362416107382,0.3365853658536586,0.2866043613707165,0.7133956386292835,0.38392857142857145,0.22222941514135458,0.409406987093903,0.2944234886958508,0.784541464189261,0.29587032452502404,298,0.6882217090069284,0.014375023638309009,-0.05153187550434399,5.127226579880833,9.845169755936602,0.05826062239163765,69,229,43,92
candidate_risk_off,60,0,0.51,0.6071428571428571,0.23129251700680273,0.33497536945812806,0.29595015576323985,0.7040498442367601,0.39285714285714285,0.22222941514135458,0.409406987093903,0.2944234886958508,0.784541464189261,0.29587032452502404,294,0.6789838337182448,0.013875941964355137,-0.051796337510497496,5.248842065261406,9.521844899557298,0.0583565152317356,68,226,44,95
candidate_risk_off,60,0,0.52,0.5714285714285714,0.22145328719723184,0.31920199501246876,0.29906542056074764,0.7009345794392523,0.42857142857142855,0.22222941514135458,0.409406987093903,0.2944234886958508,0.784541464189261,0.29587032452502404,289,0.6674364896073903,0.015105166235417298,-0.05037345632597014,5.9263950455802465,9.408918938157933,0.06279007869491611,64,225,48,96
candidate_risk_off,60,0,0.53,0.5446428571428571,0.21785714285714286,0.3112244897959184,0.3177570093457944,0.6822429906542056,0.45535714285714285,0.22222941514135458,0.409406987093903,0.2944234886958508,0.784541464189261,0.29587032452502404,280,0.6466512702078522,0.01416066549747821,-0.05018682279202232,6.4061362346965165,8.752580195156408,0.0645981267880969,61,219,51,102
candidate_risk_off,60,0,0.54,0.39285714285714285,0.17391304347826086,0.24109589041095886,0.34890965732087226,0.6510903426791277,0.6071428571428571,0.22222941514135458,0.409406987093903,0.2944234886958508,0.784541464189261,0.29587032452502404,253,0.5842956120092379,0.015993547149885913,-0.04576268099078341,8.78446545577072,7.770830460298892,0.07880883793905553,44,209,68,112
candidate_risk_off,60,0,0.55,0.3125,0.14522821576763487,0.19830028328611898,0.3582554517133956,0.6417445482866043,0.6875,0.22222941514135458,0.409406987093903,0.2944234886958508,0.784541464189261,0.29587032452502404,241,0.5565819861431871,0.02008001206887048,-0.04260096885426563,9.989975913875103,7.542984361807889,0.08663490093171639,35,206,77,115
candidate_risk_off,60,0,0.56,0.29464285714285715,0.14224137931034483,0.1918604651162791,0.38006230529595014,0.6199376947040498,0.7053571428571429,0.22222941514135458,0.409406987093903,0.2944234886958508,0.784541464189261,0.29587032452502404,232,0.535796766743649,0.021240662624678597,-0.042326133451077504,10.298000629358553,7.361338640773921,0.08834951623290896,33,199,79,122
candidate_risk_off,60,0,0.57,0.29464285714285715,0.15137614678899083,0.19999999999999998,0.4236760124610592,0.5763239875389408,0.7053571428571429,0.22222941514135458,0.409406987093903,0.2944234886958508,0.784541464189261,0.29587032452502404,218,0.5034642032332564,0.0185795547716786,-0.043936085157278544,10.298000629358553,6.462324314904753,0.08627327067662913,33,185,79,136
candidate_risk_off,60,0,0.58,0.2857142857142857,0.15920398009950248,0.20447284345047922,0.4735202492211838,0.5264797507788161,0.7142857142857143,0.22222941514135458,0.409406987093903,0.2944234886958508,0.784541464189261,0.29587032452502404,201,0.46420323325635104,0.014565464826615346,-0.046497410862126186,10.442528419383777,5.232347639238698,0.08443402516718251,32,169,80,152
candidate_risk_off,60,0,0.59,0.2857142857142857,0.16494845360824742,0.20915032679738563,0.4953271028037383,0.5046728971962616,0.7142857142857143,0.22222941514135458,0.409406987093903,0.2944234886958508,0.784541464189261,0.29587032452502404,194,0.44803695150115475,0.014034124144349906,-0.04759669510313142,10.442528419383777,5.009008484126818,0.08391823035168164,32,162,80,159
candidate_risk_off,60,0,0.6,0.25892857142857145,0.15934065934065933,0.19727891156462585,0.5233644859813084,0.4766355140186916,0.7410714285714286,0.22222941514135458,0.409406987093903,0.2944234886958508,0.784541464189261,0.29587032452502404,182,0.42032332563510394,0.013935881949336901,-0.046810276365209465,10.84192025271521,4.702841098086031,0.08597829527998074,29,153,83,168
candidate_risk_off,60,0,0.61,0.25892857142857145,0.1695906432748538,0.20494699646643108,0.557632398753894,0.4423676012461059,0.7410714285714286,0.22222941514135458,0.409406987093903,0.2944234886958508,0.784541464189261,0.29587032452502404,171,0.394919168591224,0.013410837825767458,-0.048929598206002546,10.84192025271521,4.3816432074600575,0.085236498765833,29,142,83,179
candidate_risk_off,60,0,0.62,0.25892857142857145,0.1870967741935484,0.2172284644194757,0.6074766355140186,0.3925233644859813,0.7410714285714286,0.22222941514135458,0.409406987093903,0.2944234886958508,0.784541464189261,0.29587032452502404,155,0.3579676674364896,0.00795856193877645,-0.05284633384057915,10.84192025271521,3.301940623089688,0.08274295931001227,29,126,83,195
candidate_risk_off,60,0,0.63,0.20535714285714285,0.18110236220472442,0.19246861924686193,0.67601246105919,0.32398753894080995,0.7946428571428571,0.22222941514135458,0.409406987093903,0.2944234886958508,0.784541464189261,0.29587032452502404,127,0.29330254041570436,0.004873894337674359,-0.05471392485465628,11.557543523496197,2.344234322063077,0.08548929536386066,23,104,89,217
candidate_risk_off,60,0,0.64,0.16071428571428573,0.20930232558139536,0.18181818181818182,0.7881619937694704,0.2118380062305296,0.8392857142857143,0.22222941514135458,0.409406987093903,0.2944234886958508,0.784541464189261,0.29587032452502404,86,0.19861431870669746,0.0021942594574774293,-0.061338486139687794,12.237851391145467,1.6673852452482594,0.08863958295308236,18,68,94,253
candidate_risk_off,60,0,0.65,0.0,0.0,0.0,0.9470404984423676,0.0529595015576324,1.0,0.22222941514135458,0.409406987093903,0.2944234886958508,0.784541464189261,0.29587032452502404,17,0.03926096997690531,0.01032044231574987,-0.048068715841170506,13.845900035729803,0.2987361821763015,0.09661994524102935,0,17,112,304
candidate_risk_off,60,0,0.66,0.0,0.0,0.0,0.9968847352024922,0.003115264797507788,1.0,0.22222941514135458,0.409406987093903,0.2944234886958508,0.784541464189261,0.29587032452502404,1,0.0023094688221709007,0.01497999302519216,-0.0559503123629258,13.845900035729803,0.01497999302519216,0.09596461916908684,0,1,112,320
candidate_risk_off,60,0,0.67,0.0,0.0,0.0,0.9968847352024922,0.003115264797507788,1.0,0.22222941514135458,0.409406987093903,0.2944234886958508,0.784541464189261,0.29587032452502404,1,0.0023094688221709007,0.01497999302519216,-0.0559503123629258,13.845900035729803,0.01497999302519216,0.09596461916908684,0,1,112,320
candidate_risk_off,60,0,0.68,0.0,0.0,0.0,1.0,0.0,1.0,0.22222941514135458,0.409406987093903,0.2944234886958508,0.784541464189261,0.29587032452502404,0,0.0,,,13.845900035729803,0.0,0.09593002334223882,0,0,112,321
candidate_risk_off,60,0,0.69,0.0,0.0,0.0,1.0,0.0,1.0,0.22222941514135458,0.409406987093903,0.2944234886958508,0.784541464189261,0.29587032452502404,0,0.0,,,13.845900035729803,0.0,0.09593002334223882,0,0,112,321
candidate_risk_off,60,0,0.7,0.0,0.0,0.0,1.0,0.0,1.0,0.22222941514135458,0.409406987093903,0.2944234886958508,0.784541464189261,0.29587032452502404,0,0.0,,,13.845900035729803,0.0,0.09593002334223882,0,0,112,321
candidate_risk_off,60,0,0.71,0.0,0.0,0.0,1.0,0.0,1.0,0.22222941514135458,0.409406987093903,0.2944234886958508,0.784541464189261,0.29587032452502404,0,0.0,,,13.845900035729803,0.0,0.09593002334223882,0,0,112,321
candidate_risk_off,60,0,0.72,0.0,0.0,0.0,1.0,0.0,1.0,0.22222941514135458,0.409406987093903,0.2944234886958508,0.784541464189261,0.29587032452502404,0,0.0,,,13.845900035729803,0.0,0.09593002334223882,0,0,112,321
candidate_risk_off,60,0,0.73,0.0,0.0,0.0,1.0,0.0,1.0,0.22222941514135458,0.409406987093903,0.2944234886958508,0.784541464189261,0.29587032452502404,0,0.0,,,13.845900035729803,0.0,0.09593002334223882,0,0,112,321
candidate_risk_off,60,0,0.74,0.0,0.0,0.0,1.0,0.0,1.0,0.22222941514135458,0.409406987093903,0.2944234886958508,0.784541464189261,0.29587032452502404,0,0.0,,,13.845900035729803,0.0,0.09593002334223882,0,0,112,321
candidate_risk_off,60,0,0.75,0.0,0.0,0.0,1.0,0.0,1.0,0.22222941514135458,0.409406987093903,0.2944234886958508,0.784541464189261,0.29587032452502404,0,0.0,,,13.845900035729803,0.0,0.09593002334223882,0,0,112,321
candidate_risk_off,60,0,0.76,0.0,0.0,0.0,1.0,0.0,1.0,0.22222941514135458,0.409406987093903,0.2944234886958508,0.784541464189261,0.29587032452502404,0,0.0,,,13.845900035729803,0.0,0.09593002334223882,0,0,112,321
candidate_risk_off,60,0,0.77,0.0,0.0,0.0,1.0,0.0,1.0,0.22222941514135458,0.409406987093903,0.2944234886958508,0.784541464189261,0.29587032452502404,0,0.0,,,13.845900035729803,0.0,0.09593002334223882,0,0,112,321
candidate_risk_off,60,0,0.78,0.0,0.0,0.0,1.0,0.0,1.0,0.22222941514135458,0.409406987093903,0.2944234886958508,0.784541464189261,0.29587032452502404,0,0.0,,,13.845900035729803,0.0,0.09593002334223882,0,0,112,321
candidate_risk_off,60,0,0.79,0.0,0.0,0.0,1.0,0.0,1.0,0.22222941514135458,0.409406987093903,0.2944234886958508,0.784541464189261,0.29587032452502404,0,0.0,,,13.845900035729803,0.0,0.09593002334223882,0,0,112,321
candidate_risk_off,60,0,0.8,0.0,0.0,0.0,1.0,0.0,1.0,0.22222941514135458,0.409406987093903,0.2944234886958508,0.784541464189261,0.29587032452502404,0,0.0,,,13.845900035729803,0.0,0.09593002334223882,0,0,112,321
multiclass_probability_sum,60,1,0.05,1.0,0.23556581986143188,0.3813084112149533,0.0,1.0,0.0,0.2647725969696153,0.4291214975416148,0.2666838895826577,0.7269293812078448,0.2917824023350146,433,1.0,0.02286733636786162,-0.054580454833064396,0.0,17.212282235667725,0.03975122918168066,102,331,0,0
multiclass_probability_sum,60,1,0.06,1.0,0.23556581986143188,0.3813084112149533,0.0,1.0,0.0,0.2647725969696153,0.4291214975416148,0.2666838895826577,0.7269293812078448,0.2917824023350146,433,1.0,0.02286733636786162,-0.054580454833064396,0.0,17.212282235667725,0.03975122918168066,102,331,0,0
multiclass_probability_sum,60,1,0.07,1.0,0.23556581986143188,0.3813084112149533,0.0,1.0,0.0,0.2647725969696153,0.4291214975416148,0.2666838895826577,0.7269293812078448,0.2917824023350146,433,1.0,0.02286733636786162,-0.054580454833064396,0.0,17.212282235667725,0.03975122918168066,102,331,0,0
multiclass_probability_sum,60,1,0.08,1.0,0.23556581986143188,0.3813084112149533,0.0,1.0,0.0,0.2647725969696153,0.4291214975416148,0.2666838895826577,0.7269293812078448,0.2917824023350146,433,1.0,0.02286733636786162,-0.054580454833064396,0.0,17.212282235667725,0.03975122918168066,102,331,0,0
multiclass_probability_sum,60,1,0.09,1.0,0.23556581986143188,0.3813084112149533,0.0,1.0,0.0,0.2647725969696153,0.4291214975416148,0.2666838895826577,0.7269293812078448,0.2917824023350146,433,1.0,0.02286733636786162,-0.054580454833064396,0.0,17.212282235667725,0.03975122918168066,102,331,0,0
multiclass_probability_sum,60,1,0.1,1.0,0.23556581986143188,0.3813084112149533,0.0,1.0,0.0,0.2647725969696153,0.4291214975416148,0.2666838895826577,0.7269293812078448,0.2917824023350146,433,1.0,0.02286733636786162,-0.054580454833064396,0.0,17.212282235667725,0.03975122918168066,102,331,0,0
multiclass_probability_sum,60,1,0.11,1.0,0.23556581986143188,0.3813084112149533,0.0,1.0,0.0,0.2647725969696153,0.4291214975416148,0.2666838895826577,0.7269293812078448,0.2917824023350146,433,1.0,0.02286733636786162,-0.054580454833064396,0.0,17.212282235667725,0.03975122918168066,102,331,0,0
multiclass_probability_sum,60,1,0.12,1.0,0.23556581986143188,0.3813084112149533,0.0,1.0,0.0,0.2647725969696153,0.4291214975416148,0.2666838895826577,0.7269293812078448,0.2917824023350146,433,1.0,0.02286733636786162,-0.054580454833064396,0.0,17.212282235667725,0.03975122918168066,102,331,0,0
multiclass_probability_sum,60,1,0.13,1.0,0.23556581986143188,0.3813084112149533,0.0,1.0,0.0,0.2647725969696153,0.4291214975416148,0.2666838895826577,0.7269293812078448,0.2917824023350146,433,1.0,0.02286733636786162,-0.054580454833064396,0.0,17.212282235667725,0.03975122918168066,102,331,0,0
multiclass_probability_sum,60,1,0.14,1.0,0.23556581986143188,0.3813084112149533,0.0,1.0,0.0,0.2647725969696153,0.4291214975416148,0.2666838895826577,0.7269293812078448,0.2917824023350146,433,1.0,0.02286733636786162,-0.054580454833064396,0.0,17.212282235667725,0.03975122918168066,102,331,0,0
multiclass_probability_sum,60,1,0.15,1.0,0.23556581986143188,0.3813084112149533,0.0,1.0,0.0,0.2647725969696153,0.4291214975416148,0.2666838895826577,0.7269293812078448,0.2917824023350146,433,1.0,0.02286733636786162,-0.054580454833064396,0.0,17.212282235667725,0.03975122918168066,102,331,0,0
multiclass_probability_sum,60,1,0.16,1.0,0.23556581986143188,0.3813084112149533,0.0,1.0,0.0,0.2647725969696153,0.4291214975416148,0.2666838895826577,0.7269293812078448,0.2917824023350146,433,1.0,0.02286733636786162,-0.054580454833064396,0.0,17.212282235667725,0.03975122918168066,102,331,0,0
multiclass_probability_sum,60,1,0.17,1.0,0.23556581986143188,0.3813084112149533,0.0,1.0,0.0,0.2647725969696153,0.4291214975416148,0.2666838895826577,0.7269293812078448,0.2917824023350146,433,1.0,0.02286733636786162,-0.054580454833064396,0.0,17.212282235667725,0.03975122918168066,102,331,0,0
multiclass_probability_sum,60,1,0.18,1.0,0.23556581986143188,0.3813084112149533,0.0,1.0,0.0,0.2647725969696153,0.4291214975416148,0.2666838895826577,0.7269293812078448,0.2917824023350146,433,1.0,0.02286733636786162,-0.054580454833064396,0.0,17.212282235667725,0.03975122918168066,102,331,0,0
multiclass_probability_sum,60,1,0.19,1.0,0.23556581986143188,0.3813084112149533,0.0,1.0,0.0,0.2647725969696153,0.4291214975416148,0.2666838895826577,0.7269293812078448,0.2917824023350146,433,1.0,0.02286733636786162,-0.054580454833064396,0.0,17.212282235667725,0.03975122918168066,102,331,0,0
multiclass_probability_sum,60,1,0.2,1.0,0.23556581986143188,0.3813084112149533,0.0,1.0,0.0,0.2647725969696153,0.4291214975416148,0.2666838895826577,0.7269293812078448,0.2917824023350146,433,1.0,0.02286733636786162,-0.054580454833064396,0.0,17.212282235667725,0.03975122918168066,102,331,0,0
multiclass_probability_sum,60,1,0.21,1.0,0.23556581986143188,0.3813084112149533,0.0,1.0,0.0,0.2647725969696153,0.4291214975416148,0.2666838895826577,0.7269293812078448,0.2917824023350146,433,1.0,0.02286733636786162,-0.054580454833064396,0.0,17.212282235667725,0.03975122918168066,102,331,0,0
multiclass_probability_sum,60,1,0.22,1.0,0.23556581986143188,0.3813084112149533,0.0,1.0,0.0,0.2647725969696153,0.4291214975416148,0.2666838895826577,0.7269293812078448,0.2917824023350146,433,1.0,0.02286733636786162,-0.054580454833064396,0.0,17.212282235667725,0.03975122918168066,102,331,0,0
multiclass_probability_sum,60,1,0.23,1.0,0.23556581986143188,0.3813084112149533,0.0,1.0,0.0,0.2647725969696153,0.4291214975416148,0.2666838895826577,0.7269293812078448,0.2917824023350146,433,1.0,0.02286733636786162,-0.054580454833064396,0.0,17.212282235667725,0.03975122918168066,102,331,0,0
multiclass_probability_sum,60,1,0.24,1.0,0.23556581986143188,0.3813084112149533,0.0,1.0,0.0,0.2647725969696153,0.4291214975416148,0.2666838895826577,0.7269293812078448,0.2917824023350146,433,1.0,0.02286733636786162,-0.054580454833064396,0.0,17.212282235667725,0.03975122918168066,102,331,0,0
multiclass_probability_sum,60,1,0.25,1.0,0.23556581986143188,0.3813084112149533,0.0,1.0,0.0,0.2647725969696153,0.4291214975416148,0.2666838895826577,0.7269293812078448,0.2917824023350146,433,1.0,0.02286733636786162,-0.054580454833064396,0.0,17.212282235667725,0.03975122918168066,102,331,0,0
multiclass_probability_sum,60,1,0.26,1.0,0.23556581986143188,0.3813084112149533,0.0,1.0,0.0,0.2647725969696153,0.4291214975416148,0.2666838895826577,0.7269293812078448,0.2917824023350146,433,1.0,0.02286733636786162,-0.054580454833064396,0.0,17.212282235667725,0.03975122918168066,102,331,0,0
multiclass_probability_sum,60,1,0.27,1.0,0.23556581986143188,0.3813084112149533,0.0,1.0,0.0,0.2647725969696153,0.4291214975416148,0.2666838895826577,0.7269293812078448,0.2917824023350146,433,1.0,0.02286733636786162,-0.054580454833064396,0.0,17.212282235667725,0.03975122918168066,102,331,0,0
multiclass_probability_sum,60,1,0.28,1.0,0.23556581986143188,0.3813084112149533,0.0,1.0,0.0,0.2647725969696153,0.4291214975416148,0.2666838895826577,0.7269293812078448,0.2917824023350146,433,1.0,0.02286733636786162,-0.054580454833064396,0.0,17.212282235667725,0.03975122918168066,102,331,0,0
multiclass_probability_sum,60,1,0.29,1.0,0.23556581986143188,0.3813084112149533,0.0,1.0,0.0,0.2647725969696153,0.4291214975416148,0.2666838895826577,0.7269293812078448,0.2917824023350146,433,1.0,0.02286733636786162,-0.054580454833064396,0.0,17.212282235667725,0.03975122918168066,102,331,0,0
multiclass_probability_sum,60,1,0.3,1.0,0.23556581986143188,0.3813084112149533,0.0,1.0,0.0,0.2647725969696153,0.4291214975416148,0.2666838895826577,0.7269293812078448,0.2917824023350146,433,1.0,0.02286733636786162,-0.054580454833064396,0.0,17.212282235667725,0.03975122918168066,102,331,0,0
multiclass_probability_sum,60,1,0.31,1.0,0.23556581986143188,0.3813084112149533,0.0,1.0,0.0,0.2647725969696153,0.4291214975416148,0.2666838895826577,0.7269293812078448,0.2917824023350146,433,1.0,0.02286733636786162,-0.054580454833064396,0.0,17.212282235667725,0.03975122918168066,102,331,0,0
multiclass_probability_sum,60,1,0.32,1.0,0.23556581986143188,0.3813084112149533,0.0,1.0,0.0,0.2647725969696153,0.4291214975416148,0.2666838895826577,0.7269293812078448,0.2917824023350146,433,1.0,0.02286733636786162,-0.054580454833064396,0.0,17.212282235667725,0.03975122918168066,102,331,0,0
multiclass_probability_sum,60,1,0.33,1.0,0.23556581986143188,0.3813084112149533,0.0,1.0,0.0,0.2647725969696153,0.4291214975416148,0.2666838895826577,0.7269293812078448,0.2917824023350146,433,1.0,0.02286733636786162,-0.054580454833064396,0.0,17.212282235667725,0.03975122918168066,102,331,0,0
multiclass_probability_sum,60,1,0.34,1.0,0.2361111111111111,0.38202247191011235,0.0030211480362537764,0.9969788519637462,0.0,0.2647725969696153,0.4291214975416148,0.2666838895826577,0.7269293812078448,0.2917824023350146,432,0.9976905311778291,0.022690049179881253,-0.054701281778581384,0.0,17.112826834092346,0.039521540032545835,102,330,0,1
multiclass_probability_sum,60,1,0.35,1.0,0.23665893271461716,0.38273921200750466,0.006042296072507553,0.9939577039274925,0.0,0.2647725969696153,0.4291214975416148,0.2666838895826577,0.7269293812078448,0.2917824023350146,431,0.9953810623556582,0.022524285842382898,-0.05479044706345284,0.0,17.018692786450675,0.03930414038441264,102,329,0,2
multiclass_probability_sum,60,1,0.36,0.9901960784313726,0.23708920187793428,0.3825757575757576,0.01812688821752266,0.9818731117824774,0.00980392156862745,0.2647725969696153,0.4291214975416148,0.2666838895826577,0.7269293812078448,0.2917824023350146,426,0.9838337182448037,0.022124532807559612,-0.05492136346148119,0.15882063760029586,16.6160565049192,0.039474638378106434,101,325,1,6
multiclass_probability_sum,60,1,0.37,0.9705882352941176,0.23404255319148937,0.37714285714285717,0.021148036253776436,0.9788519637462235,0.029411764705882353,0.2647725969696153,0.4291214975416148,0.2666838895826577,0.7269293812078448,0.2917824023350146,423,0.976905311778291,0.022591243482094736,-0.054564341566163035,0.4803022730160335,16.502576114804288,0.04143991439688773,99,324,3,7
multiclass_probability_sum,60,1,0.38,0.9411764705882353,0.2302158273381295,0.3699421965317919,0.030211480362537766,0.9697885196374623,0.058823529411764705,0.2647725969696153,0.4291214975416148,0.2666838895826577,0.7269293812078448,0.2917824023350146,417,0.9630484988452656,0.023547254814462466,-0.054137589561559986,0.8277318319101491,16.502576114804288,0.04384704759938737,96,321,6,10
multiclass_probability_sum,60,1,0.39,0.8921568627450981,0.22249388753056235,0.3561643835616438,0.03927492447129909,0.9607250755287009,0.10784313725490197,0.2647725969696153,0.4291214975416148,0.2666838895826577,0.7269293812078448,0.2917824023350146,409,0.9445727482678984,0.02473268588011772,-0.053467238247790254,1.4488100657182676,16.317930876408244,0.047723697629475856,91,318,11,13
multiclass_probability_sum,60,1,0.4,0.8137254901960784,0.21065989847715735,0.3346774193548387,0.06042296072507553,0.9395770392749244,0.18627450980392157,0.2647725969696153,0.4291214975416148,0.2666838895826577,0.7269293812078448,0.2917824023350146,394,0.9099307159353349,0.026321567171000267,-0.05267516851451853,2.359167145767725,15.89796636966471,0.05306112657498357,83,311,19,20
multiclass_probability_sum,60,1,0.41,0.7843137254901961,0.2099737532808399,0.33126293995859213,0.09063444108761329,0.9093655589123867,0.21568627450980393,0.2647725969696153,0.4291214975416148,0.2666838895826577,0.7269293812078448,0.2917824023350146,381,0.8799076212471132,0.026150824172028544,-0.05289519860850095,2.7827733318733636,15.166318851841524,0.05430632528282128,80,301,22,30
multiclass_probability_sum,60,1,0.42,0.7352941176470589,0.20833333333333334,0.3246753246753247,0.13897280966767372,0.8610271903323263,0.2647058823529412,0.2647725969696153,0.4291214975416148,0.2666838895826577,0.7269293812078448,0.2917824023350146,360,0.8314087759815243,0.026922051823854876,-0.053139310496004726,3.3559165195904606,14.490951850228486,0.05671755521708976,75,285,27,46
multiclass_probability_sum,60,1,0.43,0.6764705882352942,0.2,0.30872483221476515,0.1661631419939577,0.8338368580060423,0.3235294117647059,0.2647725969696153,0.4291214975416148,0.2666838895826577,0.7269293812078448,0.2917824023350146,345,0.7967667436489607,0.028179813346147147,-0.05265252401987797,4.106265628794572,14.021354874676554,0.06083175926341863,69,276,33,55
multiclass_probability_sum,60,1,0.44,0.6372549019607843,0.19696969696969696,0.3009259259259259,0.19939577039274925,0.8006042296072508,0.3627450980392157,0.2647725969696153,0.4291214975416148,0.2666838895826577,0.7269293812078448,0.2917824023350146,330,0.7621247113163973,0.02921326527165216,-0.05293975828050433,4.575929981076782,13.57054564647861,0.06304465494159112,65,265,37,66
multiclass_probability_sum,60,1,0.45,0.6176470588235294,0.19811320754716982,0.3,0.229607250755287,0.770392749244713,0.38235294117647056,0.2647725969696153,0.4291214975416148,0.2666838895826577,0.7269293812078448,0.2917824023350146,318,0.7344110854503464,0.029561123474080155,-0.05361247355939875,4.722919914020183,13.137466299860364,0.06306287769496748,63,255,39,76
multiclass_probability_sum,60,1,0.46,0.5882352941176471,0.19672131147540983,0.29484029484029484,0.2598187311178248,0.7401812688821753,0.4117647058823529,0.2647725969696153,0.4291214975416148,0.2666838895826577,0.7269293812078448,0.2917824023350146,305,0.7043879907621247,0.030236908813550477,-0.05420920751812464,4.958227531846,12.778735343371464,0.0638647065563729,60,245,42,86
multiclass_probability_sum,60,1,0.47,0.5392156862745098,0.1903114186851211,0.28132992327365725,0.2930513595166163,0.7069486404833837,0.46078431372549017,0.2647725969696153,0.4291214975416148,0.2666838895826577,0.7269293812078448,0.2917824023350146,289,0.6674364896073903,0.0318922877570659,-0.05467735555272154,5.232949241221331,12.49348529695557,0.06510931413538006,55,234,47,97
multiclass_probability_sum,60,1,0.48,0.5196078431372549,0.19133574007220217,0.2796833773087071,0.32326283987915405,0.676737160120846,0.4803921568627451,0.2647725969696153,0.4291214975416148,0.2666838895826577,0.7269293812078448,0.2917824023350146,277,0.6397228637413395,0.033558608437161075,-0.0551712098866982,5.353392115391098,12.323434695753866,0.06555106476195649,53,224,49,107
multiclass_probability_sum,60,1,0.49,0.49019607843137253,0.19011406844106463,0.27397260273972596,0.3564954682779456,0.6435045317220544,0.5098039215686274,0.2647725969696153,0.4291214975416148,0.2666838895826577,0.7269293812078448,0.2917824023350146,263,0.6073903002309469,0.0327690143560703,-0.0557524559107751,5.656101600674975,11.46047655057672,0.06565538418614698,50,213,52,118
multiclass_probability_sum,60,1,0.5,0.43137254901960786,0.17886178861788618,0.2528735632183908,0.38972809667673713,0.6102719033232629,0.5686274509803921,0.2647725969696153,0.4291214975416148,0.2666838895826577,0.7269293812078448,0.2917824023350146,246,0.5681293302540416,0.03388775752829509,-0.0561897411030155,6.306985281143802,10.866317442471205,0.06879277895127622,44,202,58,129
multiclass_probability_sum,60,1,0.51,0.4117647058823529,0.18025751072961374,0.2507462686567164,0.4229607250755287,0.5770392749244713,0.5882352941176471,0.2647725969696153,0.4291214975416148,0.2666838895826577,0.7269293812078448,0.2917824023350146,233,0.5381062355658198,0.03367428726177808,-0.0578424236389726,6.498284009120044,10.186213318334328,0.06854749502469852,42,191,60,140
multiclass_probability_sum,60,1,0.52,0.39215686274509803,0.18779342723004694,0.25396825396825395,0.4773413897280967,0.5226586102719033,0.6078431372549019,0.2647725969696153,0.4291214975416148,0.2666838895826577,0.7269293812078448,0.2917824023350146,213,0.49191685912240185,0.033934394594333214,-0.059717699048976634,6.724964280182844,9.429411159937086,0.0683702170911908,40,173,62,158
multiclass_probability_sum,60,1,0.53,0.3431372549019608,0.1912568306010929,0.24561403508771928,0.552870090634441,0.4471299093655589,0.6568627450980392,0.2647725969696153,0.4291214975416148,0.2666838895826577,0.7269293812078448,0.2917824023350146,183,0.4226327944572748,0.035258888165183744,-0.062196885111917954,7.292732392248102,8.348108267978159,0.06980671003400107,35,148,67,183
multiclass_probability_sum,60,1,0.54,0.3333333333333333,0.2073170731707317,0.25563909774436083,0.6072507552870091,0.39274924471299094,0.6666666666666666,0.2647725969696153,0.4291214975416148,0.2666838895826577,0.7269293812078448,0.2917824023350146,164,0.3787528868360277,0.03541807520594485,-0.06411015485597953,7.402374620804836,7.581892853882401,0.0687968053494155,34,130,68,201
multiclass_probability_sum,60,1,0.55,0.3137254901960784,0.21768707482993196,0.2570281124497992,0.6525679758308157,0.3474320241691843,0.6862745098039216,0.2647725969696153,0.4291214975416148,0.2666838895826577,0.7269293812078448,0.2917824023350146,147,0.3394919168591224,0.033760264635768214,-0.06775844138177582,7.6021969847651905,6.666963480571274,0.06806825504588186,32,115,70,216
multiclass_probability_sum,60,1,0.56,0.29411764705882354,0.23622047244094488,0.26200873362445415,0.7069486404833837,0.2930513595166163,0.7058823529411765,0.2647725969696153,0.4291214975416148,0.2666838895826577,0.7269293812078448,0.2917824023350146,127,0.29330254041570436,0.03116513353485314,-0.07250426976789366,7.819927408383805,5.582409289031922,0.06707203582952272,30,97,72,234
multiclass_probability_sum,60,1,0.57,0.2647058823529412,0.25961538461538464,0.2621359223300971,0.7673716012084593,0.2326283987915408,0.7352941176470589,0.2647725969696153,0.4291214975416148,0.2666838895826577,0.7269293812078448,0.2917824023350146,104,0.24018475750577367,0.024658121028262422,-0.0766052242064997,8.35436065240698,3.9925621877402167,0.06710310426088026,27,77,75,254
multiclass_probability_sum,60,1,0.58,0.23529411764705882,0.2823529411764706,0.25668449197860965,0.8157099697885196,0.18429003021148035,0.7647058823529411,0.2647725969696153,0.4291214975416148,0.2666838895826577,0.7269293812078448,0.2917824023350146,85,0.19630484988452657,0.024152405577478213,-0.08010708225478322,8.899910748428493,3.2717474841272733,0.0692181979894059,24,61,78,270
multiclass_probability_sum,60,1,0.59,0.16666666666666666,0.29310344827586204,0.2125,0.8761329305135952,0.12386706948640483,0.8333333333333334,0.2647725969696153,0.4291214975416148,0.2666838895826577,0.7269293812078448,0.2917824023350146,58,0.13394919168591224,0.025187590474819152,-0.08181256957693547,10.067466039672759,2.135647517331327,0.07468370816708916,17,41,85,290
multiclass_probability_sum,60,1,0.6,0.13725490196078433,0.3181818181818182,0.19178082191780824,0.9093655589123867,0.09063444108761329,0.8627450980392157,0.2647725969696153,0.4291214975416148,0.2666838895826577,0.7269293812078448,0.2917824023350146,44,0.10161662817551963,0.02026544784603562,-0.08686803969286977,10.564986352803018,1.4607103682746572,0.07657198481913097,14,30,88,301
multiclass_probability_sum,60,1,0.61,0.11764705882352941,0.375,0.17910447761194026,0.9395770392749244,0.06042296072507553,0.8823529411764706,0.2647725969696153,0.4291214975416148,0.2666838895826577,0.7269293812078448,0.2917824023350146,32,0.07390300230946882,0.021118973487131633,-0.08994881885662395,10.900943998974189,1.0411514030478,0.07793067759808399,12,20,90,311
multiclass_probability_sum,60,1,0.62,0.08823529411764706,0.4090909090909091,0.14516129032258066,0.9607250755287009,0.03927492447129909,0.9117647058823529,0.2647725969696153,0.4291214975416148,0.2666838895826577,0.7269293812078448,0.2917824023350146,22,0.050808314087759814,0.02575532479667125,-0.0931484256895172,11.418658832417053,0.6987823027010753,0.08072692563499362,9,13,93,318
multiclass_probability_sum,60,1,0.63,0.049019607843137254,0.4166666666666667,0.08771929824561403,0.9788519637462235,0.021148036253776436,0.9509803921568627,0.2647725969696153,0.4291214975416148,0.2666838895826577,0.7269293812078448,0.2917824023350146,12,0.02771362586605081,0.018057841282302586,-0.09542921603026842,11.964392319249868,0.3544911840985559,0.08371285944999575,5,7,97,324
multiclass_probability_sum,60,1,0.64,0.029411764705882353,0.42857142857142855,0.055045871559633024,0.9879154078549849,0.012084592145015106,0.9705882352941176,0.2647725969696153,0.4291214975416148,0.2666838895826577,0.7269293812078448,0.2917824023350146,7,0.016166281755196306,0.020856791979137573,-0.09437587327947734,12.273436688206786,0.2164863613372924,0.08553532661883985,3,4,99,327
multiclass_probability_sum,60,1,0.65,0.029411764705882353,0.6,0.056074766355140186,0.9939577039274925,0.006042296072507553,0.9705882352941176,0.2647725969696153,0.4291214975416148,0.2666838895826577,0.7269293812078448,0.2917824023350146,5,0.011547344110854504,-0.005134689926821499,-0.12096233145018324,12.273436688206786,0.044815367849221896,0.08513885781170805,3,2,99,329
multiclass_probability_sum,60,1,0.66,0.0,0.0,0.0,1.0,0.0,1.0,0.2647725969696153,0.4291214975416148,0.2666838895826577,0.7269293812078448,0.2917824023350146,0,0.0,,,12.726559467997795,0.0,0.08817477691453438,0,0,102,331
multiclass_probability_sum,60,1,0.67,0.0,0.0,0.0,1.0,0.0,1.0,0.2647725969696153,0.4291214975416148,0.2666838895826577,0.7269293812078448,0.2917824023350146,0,0.0,,,12.726559467997795,0.0,0.08817477691453438,0,0,102,331
multiclass_probability_sum,60,1,0.68,0.0,0.0,0.0,1.0,0.0,1.0,0.2647725969696153,0.4291214975416148,0.2666838895826577,0.7269293812078448,0.2917824023350146,0,0.0,,,12.726559467997795,0.0,0.08817477691453438,0,0,102,331
multiclass_probability_sum,60,1,0.69,0.0,0.0,0.0,1.0,0.0,1.0,0.2647725969696153,0.4291214975416148,0.2666838895826577,0.7269293812078448,0.2917824023350146,0,0.0,,,12.726559467997795,0.0,0.08817477691453438,0,0,102,331
multiclass_probability_sum,60,1,0.7,0.0,0.0,0.0,1.0,0.0,1.0,0.2647725969696153,0.4291214975416148,0.2666838895826577,0.7269293812078448,0.2917824023350146,0,0.0,,,12.726559467997795,0.0,0.08817477691453438,0,0,102,331
multiclass_probability_sum,60,1,0.71,0.0,0.0,0.0,1.0,0.0,1.0,0.2647725969696153,0.4291214975416148,0.2666838895826577,0.7269293812078448,0.2917824023350146,0,0.0,,,12.726559467997795,0.0,0.08817477691453438,0,0,102,331
multiclass_probability_sum,60,1,0.72,0.0,0.0,0.0,1.0,0.0,1.0,0.2647725969696153,0.4291214975416148,0.2666838895826577,0.7269293812078448,0.2917824023350146,0,0.0,,,12.726559467997795,0.0,0.08817477691453438,0,0,102,331
multiclass_probability_sum,60,1,0.73,0.0,0.0,0.0,1.0,0.0,1.0,0.2647725969696153,0.4291214975416148,0.2666838895826577,0.7269293812078448,0.2917824023350146,0,0.0,,,12.726559467997795,0.0,0.08817477691453438,0,0,102,331
multiclass_probability_sum,60,1,0.74,0.0,0.0,0.0,1.0,0.0,1.0,0.2647725969696153,0.4291214975416148,0.2666838895826577,0.7269293812078448,0.2917824023350146,0,0.0,,,12.726559467997795,0.0,0.08817477691453438,0,0,102,331
multiclass_probability_sum,60,1,0.75,0.0,0.0,0.0,1.0,0.0,1.0,0.2647725969696153,0.4291214975416148,0.2666838895826577,0.7269293812078448,0.2917824023350146,0,0.0,,,12.726559467997795,0.0,0.08817477691453438,0,0,102,331
multiclass_probability_sum,60,1,0.76,0.0,0.0,0.0,1.0,0.0,1.0,0.2647725969696153,0.4291214975416148,0.2666838895826577,0.7269293812078448,0.2917824023350146,0,0.0,,,12.726559467997795,0.0,0.08817477691453438,0,0,102,331
multiclass_probability_sum,60,1,0.77,0.0,0.0,0.0,1.0,0.0,1.0,0.2647725969696153,0.4291214975416148,0.2666838895826577,0.7269293812078448,0.2917824023350146,0,0.0,,,12.726559467997795,0.0,0.08817477691453438,0,0,102,331
multiclass_probability_sum,60,1,0.78,0.0,0.0,0.0,1.0,0.0,1.0,0.2647725969696153,0.4291214975416148,0.2666838895826577,0.7269293812078448,0.2917824023350146,0,0.0,,,12.726559467997795,0.0,0.08817477691453438,0,0,102,331
multiclass_probability_sum,60,1,0.79,0.0,0.0,0.0,1.0,0.0,1.0,0.2647725969696153,0.4291214975416148,0.2666838895826577,0.7269293812078448,0.2917824023350146,0,0.0,,,12.726559467997795,0.0,0.08817477691453438,0,0,102,331
multiclass_probability_sum,60,1,0.8,0.0,0.0,0.0,1.0,0.0,1.0,0.2647725969696153,0.4291214975416148,0.2666838895826577,0.7269293812078448,0.2917824023350146,0,0.0,,,12.726559467997795,0.0,0.08817477691453438,0,0,102,331
candidate_risk_off,60,1,0.05,1.0,0.23556581986143188,0.3813084112149533,0.0,1.0,0.0,0.3450491259562879,0.48242106510277827,0.32651017747224265,0.8507613352006326,0.3929082714504369,433,1.0,0.02286733636786162,-0.054580454833064396,0.0,17.212282235667725,0.03975122918168066,102,331,0,0
candidate_risk_off,60,1,0.06,1.0,0.23556581986143188,0.3813084112149533,0.0,1.0,0.0,0.3450491259562879,0.48242106510277827,0.32651017747224265,0.8507613352006326,0.3929082714504369,433,1.0,0.02286733636786162,-0.054580454833064396,0.0,17.212282235667725,0.03975122918168066,102,331,0,0
candidate_risk_off,60,1,0.07,1.0,0.23556581986143188,0.3813084112149533,0.0,1.0,0.0,0.3450491259562879,0.48242106510277827,0.32651017747224265,0.8507613352006326,0.3929082714504369,433,1.0,0.02286733636786162,-0.054580454833064396,0.0,17.212282235667725,0.03975122918168066,102,331,0,0
candidate_risk_off,60,1,0.08,1.0,0.23556581986143188,0.3813084112149533,0.0,1.0,0.0,0.3450491259562879,0.48242106510277827,0.32651017747224265,0.8507613352006326,0.3929082714504369,433,1.0,0.02286733636786162,-0.054580454833064396,0.0,17.212282235667725,0.03975122918168066,102,331,0,0
candidate_risk_off,60,1,0.09,1.0,0.23556581986143188,0.3813084112149533,0.0,1.0,0.0,0.3450491259562879,0.48242106510277827,0.32651017747224265,0.8507613352006326,0.3929082714504369,433,1.0,0.02286733636786162,-0.054580454833064396,0.0,17.212282235667725,0.03975122918168066,102,331,0,0
candidate_risk_off,60,1,0.1,1.0,0.23556581986143188,0.3813084112149533,0.0,1.0,0.0,0.3450491259562879,0.48242106510277827,0.32651017747224265,0.8507613352006326,0.3929082714504369,433,1.0,0.02286733636786162,-0.054580454833064396,0.0,17.212282235667725,0.03975122918168066,102,331,0,0
candidate_risk_off,60,1,0.11,1.0,0.23556581986143188,0.3813084112149533,0.0,1.0,0.0,0.3450491259562879,0.48242106510277827,0.32651017747224265,0.8507613352006326,0.3929082714504369,433,1.0,0.02286733636786162,-0.054580454833064396,0.0,17.212282235667725,0.03975122918168066,102,331,0,0
candidate_risk_off,60,1,0.12,1.0,0.23556581986143188,0.3813084112149533,0.0,1.0,0.0,0.3450491259562879,0.48242106510277827,0.32651017747224265,0.8507613352006326,0.3929082714504369,433,1.0,0.02286733636786162,-0.054580454833064396,0.0,17.212282235667725,0.03975122918168066,102,331,0,0
candidate_risk_off,60,1,0.13,1.0,0.23556581986143188,0.3813084112149533,0.0,1.0,0.0,0.3450491259562879,0.48242106510277827,0.32651017747224265,0.8507613352006326,0.3929082714504369,433,1.0,0.02286733636786162,-0.054580454833064396,0.0,17.212282235667725,0.03975122918168066,102,331,0,0
candidate_risk_off,60,1,0.14,1.0,0.23556581986143188,0.3813084112149533,0.0,1.0,0.0,0.3450491259562879,0.48242106510277827,0.32651017747224265,0.8507613352006326,0.3929082714504369,433,1.0,0.02286733636786162,-0.054580454833064396,0.0,17.212282235667725,0.03975122918168066,102,331,0,0
candidate_risk_off,60,1,0.15,1.0,0.23556581986143188,0.3813084112149533,0.0,1.0,0.0,0.3450491259562879,0.48242106510277827,0.32651017747224265,0.8507613352006326,0.3929082714504369,433,1.0,0.02286733636786162,-0.054580454833064396,0.0,17.212282235667725,0.03975122918168066,102,331,0,0
candidate_risk_off,60,1,0.16,1.0,0.23556581986143188,0.3813084112149533,0.0,1.0,0.0,0.3450491259562879,0.48242106510277827,0.32651017747224265,0.8507613352006326,0.3929082714504369,433,1.0,0.02286733636786162,-0.054580454833064396,0.0,17.212282235667725,0.03975122918168066,102,331,0,0
candidate_risk_off,60,1,0.17,1.0,0.23556581986143188,0.3813084112149533,0.0,1.0,0.0,0.3450491259562879,0.48242106510277827,0.32651017747224265,0.8507613352006326,0.3929082714504369,433,1.0,0.02286733636786162,-0.054580454833064396,0.0,17.212282235667725,0.03975122918168066,102,331,0,0
candidate_risk_off,60,1,0.18,1.0,0.23556581986143188,0.3813084112149533,0.0,1.0,0.0,0.3450491259562879,0.48242106510277827,0.32651017747224265,0.8507613352006326,0.3929082714504369,433,1.0,0.02286733636786162,-0.054580454833064396,0.0,17.212282235667725,0.03975122918168066,102,331,0,0
candidate_risk_off,60,1,0.19,1.0,0.23556581986143188,0.3813084112149533,0.0,1.0,0.0,0.3450491259562879,0.48242106510277827,0.32651017747224265,0.8507613352006326,0.3929082714504369,433,1.0,0.02286733636786162,-0.054580454833064396,0.0,17.212282235667725,0.03975122918168066,102,331,0,0
candidate_risk_off,60,1,0.2,1.0,0.23556581986143188,0.3813084112149533,0.0,1.0,0.0,0.3450491259562879,0.48242106510277827,0.32651017747224265,0.8507613352006326,0.3929082714504369,433,1.0,0.02286733636786162,-0.054580454833064396,0.0,17.212282235667725,0.03975122918168066,102,331,0,0
candidate_risk_off,60,1,0.21,1.0,0.23556581986143188,0.3813084112149533,0.0,1.0,0.0,0.3450491259562879,0.48242106510277827,0.32651017747224265,0.8507613352006326,0.3929082714504369,433,1.0,0.02286733636786162,-0.054580454833064396,0.0,17.212282235667725,0.03975122918168066,102,331,0,0
candidate_risk_off,60,1,0.22,1.0,0.23556581986143188,0.3813084112149533,0.0,1.0,0.0,0.3450491259562879,0.48242106510277827,0.32651017747224265,0.8507613352006326,0.3929082714504369,433,1.0,0.02286733636786162,-0.054580454833064396,0.0,17.212282235667725,0.03975122918168066,102,331,0,0
candidate_risk_off,60,1,0.23,1.0,0.23556581986143188,0.3813084112149533,0.0,1.0,0.0,0.3450491259562879,0.48242106510277827,0.32651017747224265,0.8507613352006326,0.3929082714504369,433,1.0,0.02286733636786162,-0.054580454833064396,0.0,17.212282235667725,0.03975122918168066,102,331,0,0
candidate_risk_off,60,1,0.24,1.0,0.23556581986143188,0.3813084112149533,0.0,1.0,0.0,0.3450491259562879,0.48242106510277827,0.32651017747224265,0.8507613352006326,0.3929082714504369,433,1.0,0.02286733636786162,-0.054580454833064396,0.0,17.212282235667725,0.03975122918168066,102,331,0,0
candidate_risk_off,60,1,0.25,1.0,0.23556581986143188,0.3813084112149533,0.0,1.0,0.0,0.3450491259562879,0.48242106510277827,0.32651017747224265,0.8507613352006326,0.3929082714504369,433,1.0,0.02286733636786162,-0.054580454833064396,0.0,17.212282235667725,0.03975122918168066,102,331,0,0
candidate_risk_off,60,1,0.26,1.0,0.23556581986143188,0.3813084112149533,0.0,1.0,0.0,0.3450491259562879,0.48242106510277827,0.32651017747224265,0.8507613352006326,0.3929082714504369,433,1.0,0.02286733636786162,-0.054580454833064396,0.0,17.212282235667725,0.03975122918168066,102,331,0,0
candidate_risk_off,60,1,0.27,1.0,0.23556581986143188,0.3813084112149533,0.0,1.0,0.0,0.3450491259562879,0.48242106510277827,0.32651017747224265,0.8507613352006326,0.3929082714504369,433,1.0,0.02286733636786162,-0.054580454833064396,0.0,17.212282235667725,0.03975122918168066,102,331,0,0
candidate_risk_off,60,1,0.28,1.0,0.23556581986143188,0.3813084112149533,0.0,1.0,0.0,0.3450491259562879,0.48242106510277827,0.32651017747224265,0.8507613352006326,0.3929082714504369,433,1.0,0.02286733636786162,-0.054580454833064396,0.0,17.212282235667725,0.03975122918168066,102,331,0,0
candidate_risk_off,60,1,0.29,1.0,0.23556581986143188,0.3813084112149533,0.0,1.0,0.0,0.3450491259562879,0.48242106510277827,0.32651017747224265,0.8507613352006326,0.3929082714504369,433,1.0,0.02286733636786162,-0.054580454833064396,0.0,17.212282235667725,0.03975122918168066,102,331,0,0
candidate_risk_off,60,1,0.3,1.0,0.23556581986143188,0.3813084112149533,0.0,1.0,0.0,0.3450491259562879,0.48242106510277827,0.32651017747224265,0.8507613352006326,0.3929082714504369,433,1.0,0.02286733636786162,-0.054580454833064396,0.0,17.212282235667725,0.03975122918168066,102,331,0,0
candidate_risk_off,60,1,0.31,1.0,0.23556581986143188,0.3813084112149533,0.0,1.0,0.0,0.3450491259562879,0.48242106510277827,0.32651017747224265,0.8507613352006326,0.3929082714504369,433,1.0,0.02286733636786162,-0.054580454833064396,0.0,17.212282235667725,0.03975122918168066,102,331,0,0
candidate_risk_off,60,1,0.32,1.0,0.23556581986143188,0.3813084112149533,0.0,1.0,0.0,0.3450491259562879,0.48242106510277827,0.32651017747224265,0.8507613352006326,0.3929082714504369,433,1.0,0.02286733636786162,-0.054580454833064396,0.0,17.212282235667725,0.03975122918168066,102,331,0,0
candidate_risk_off,60,1,0.33,1.0,0.23556581986143188,0.3813084112149533,0.0,1.0,0.0,0.3450491259562879,0.48242106510277827,0.32651017747224265,0.8507613352006326,0.3929082714504369,433,1.0,0.02286733636786162,-0.054580454833064396,0.0,17.212282235667725,0.03975122918168066,102,331,0,0
candidate_risk_off,60,1,0.34,1.0,0.23556581986143188,0.3813084112149533,0.0,1.0,0.0,0.3450491259562879,0.48242106510277827,0.32651017747224265,0.8507613352006326,0.3929082714504369,433,1.0,0.02286733636786162,-0.054580454833064396,0.0,17.212282235667725,0.03975122918168066,102,331,0,0
candidate_risk_off,60,1,0.35,1.0,0.23556581986143188,0.3813084112149533,0.0,1.0,0.0,0.3450491259562879,0.48242106510277827,0.32651017747224265,0.8507613352006326,0.3929082714504369,433,1.0,0.02286733636786162,-0.054580454833064396,0.0,17.212282235667725,0.03975122918168066,102,331,0,0
candidate_risk_off,60,1,0.36,1.0,0.23556581986143188,0.3813084112149533,0.0,1.0,0.0,0.3450491259562879,0.48242106510277827,0.32651017747224265,0.8507613352006326,0.3929082714504369,433,1.0,0.02286733636786162,-0.054580454833064396,0.0,17.212282235667725,0.03975122918168066,102,331,0,0
candidate_risk_off,60,1,0.37,1.0,0.23556581986143188,0.3813084112149533,0.0,1.0,0.0,0.3450491259562879,0.48242106510277827,0.32651017747224265,0.8507613352006326,0.3929082714504369,433,1.0,0.02286733636786162,-0.054580454833064396,0.0,17.212282235667725,0.03975122918168066,102,331,0,0
candidate_risk_off,60,1,0.38,1.0,0.23556581986143188,0.3813084112149533,0.0,1.0,0.0,0.3450491259562879,0.48242106510277827,0.32651017747224265,0.8507613352006326,0.3929082714504369,433,1.0,0.02286733636786162,-0.054580454833064396,0.0,17.212282235667725,0.03975122918168066,102,331,0,0
candidate_risk_off,60,1,0.39,1.0,0.23556581986143188,0.3813084112149533,0.0,1.0,0.0,0.3450491259562879,0.48242106510277827,0.32651017747224265,0.8507613352006326,0.3929082714504369,433,1.0,0.02286733636786162,-0.054580454833064396,0.0,17.212282235667725,0.03975122918168066,102,331,0,0
candidate_risk_off,60,1,0.4,1.0,0.23556581986143188,0.3813084112149533,0.0,1.0,0.0,0.3450491259562879,0.48242106510277827,0.32651017747224265,0.8507613352006326,0.3929082714504369,433,1.0,0.02286733636786162,-0.054580454833064396,0.0,17.212282235667725,0.03975122918168066,102,331,0,0
candidate_risk_off,60,1,0.41,1.0,0.23556581986143188,0.3813084112149533,0.0,1.0,0.0,0.3450491259562879,0.48242106510277827,0.32651017747224265,0.8507613352006326,0.3929082714504369,433,1.0,0.02286733636786162,-0.054580454833064396,0.0,17.212282235667725,0.03975122918168066,102,331,0,0
candidate_risk_off,60,1,0.42,1.0,0.23556581986143188,0.3813084112149533,0.0,1.0,0.0,0.3450491259562879,0.48242106510277827,0.32651017747224265,0.8507613352006326,0.3929082714504369,433,1.0,0.02286733636786162,-0.054580454833064396,0.0,17.212282235667725,0.03975122918168066,102,331,0,0
candidate_risk_off,60,1,0.43,1.0,0.23556581986143188,0.3813084112149533,0.0,1.0,0.0,0.3450491259562879,0.48242106510277827,0.32651017747224265,0.8507613352006326,0.3929082714504369,433,1.0,0.02286733636786162,-0.054580454833064396,0.0,17.212282235667725,0.03975122918168066,102,331,0,0
candidate_risk_off,60,1,0.44,1.0,0.23556581986143188,0.3813084112149533,0.0,1.0,0.0,0.3450491259562879,0.48242106510277827,0.32651017747224265,0.8507613352006326,0.3929082714504369,433,1.0,0.02286733636786162,-0.054580454833064396,0.0,17.212282235667725,0.03975122918168066,102,331,0,0
candidate_risk_off,60,1,0.45,1.0,0.23556581986143188,0.3813084112149533,0.0,1.0,0.0,0.3450491259562879,0.48242106510277827,0.32651017747224265,0.8507613352006326,0.3929082714504369,433,1.0,0.02286733636786162,-0.054580454833064396,0.0,17.212282235667725,0.03975122918168066,102,331,0,0
candidate_risk_off,60,1,0.46,1.0,0.23556581986143188,0.3813084112149533,0.0,1.0,0.0,0.3450491259562879,0.48242106510277827,0.32651017747224265,0.8507613352006326,0.3929082714504369,433,1.0,0.02286733636786162,-0.054580454833064396,0.0,17.212282235667725,0.03975122918168066,102,331,0,0
candidate_risk_off,60,1,0.47,1.0,0.23556581986143188,0.3813084112149533,0.0,1.0,0.0,0.3450491259562879,0.48242106510277827,0.32651017747224265,0.8507613352006326,0.3929082714504369,433,1.0,0.02286733636786162,-0.054580454833064396,0.0,17.212282235667725,0.03975122918168066,102,331,0,0
candidate_risk_off,60,1,0.48,0.9901960784313726,0.2337962962962963,0.37827715355805247,0.0,1.0,0.00980392156862745,0.3450491259562879,0.48242106510277827,0.32651017747224265,0.8507613352006326,0.3929082714504369,432,0.9976905311778291,0.023124079164023044,-0.05437105030986102,0.14504320885692362,17.212282235667725,0.04075614748784872,101,331,1,0
candidate_risk_off,60,1,0.49,0.9509803921568627,0.22716627634660422,0.3667296786389414,0.0030211480362537764,0.9969788519637462,0.049019607843137254,0.3450491259562879,0.48242106510277827,0.32651017747224265,0.8507613352006326,0.3929082714504369,427,0.9861431870669746,0.024173681711601835,-0.05375057673015767,0.6307301776024818,17.212282235667725,0.04412118422280639,97,330,5,1
candidate_risk_off,60,1,0.5,0.9117647058823529,0.22037914691943128,0.35496183206106874,0.006042296072507553,0.9939577039274925,0.08823529411764706,0.3450491259562879,0.48242106510277827,0.32651017747224265,0.8507613352006326,0.3929082714504369,422,0.9745958429561201,0.025172603332572454,-0.052939853999223206,1.1848713617467936,17.21228223566773,0.04796049958639286,93,329,9,2
candidate_risk_off,60,1,0.51,0.8921568627450981,0.21980676328502416,0.35271317829457366,0.02416918429003021,0.9758308157099698,0.10784313725490197,0.3450491259562879,0.48242106510277827,0.32651017747224265,0.8507613352006326,0.3929082714504369,414,0.9561200923787528,0.02567004286735264,-0.05312414689231877,1.471606435055378,16.99610031188849,0.049447851309594976,91,323,11,8
candidate_risk_off,60,1,0.52,0.8431372549019608,0.21393034825870647,0.34126984126984133,0.045317220543806644,0.9546827794561934,0.1568627450980392,0.3450491259562879,0.48242106510277827,0.32651017747224265,0.8507613352006326,0.3929082714504369,402,0.9284064665127021,0.027013449433383085,-0.05293291973160589,2.1008693638549336,16.66484129369076,0.053042608280035944,86,316,16,15
candidate_risk_off,60,1,0.53,0.7941176470588235,0.20984455958549222,0.3319672131147541,0.07854984894259819,0.9214501510574018,0.20588235294117646,0.3450491259562879,0.48242106510277827,0.32651017747224265,0.8507613352006326,0.3929082714504369,386,0.8914549653579676,0.029347695592686594,-0.05248231325498637,2.827491783696259,16.499654973060736,0.05769545109503352,81,305,21,26
candidate_risk_off,60,1,0.54,0.7549019607843137,0.20698924731182797,0.3248945147679325,0.10876132930513595,0.8912386706948641,0.24509803921568626,0.3450491259562879,0.48242106510277827,0.32651017747224265,0.8507613352006326,0.3929082714504369,372,0.859122401847575,0.03068471050225015,-0.05229125798908504,3.46595875065659,16.087349690087162,0.0611668035613324,77,295,25,36
candidate_risk_off,60,1,0.55,0.7352941176470589,0.20435967302452315,0.31982942430703626,0.11782477341389729,0.8821752265861027,0.2647058823529412,0.3450491259562879,0.48242106510277827,0.32651017747224265,0.8507613352006326,0.3929082714504369,367,0.8475750577367206,0.030915632321363996,-0.05205160776119177,3.6970221767648304,15.89189670886968,0.062316312330633186,75,292,27,39
candidate_risk_off,60,1,0.56,0.6274509803921569,0.18604651162790697,0.28699551569506726,0.1540785498489426,0.8459214501510574,0.37254901960784315,0.3450491259562879,0.48242106510277827,0.32651017747224265,0.8507613352006326,0.3929082714504369,344,0.7944572748267898,0.033123724194505114,-0.050380691151503364,4.605810059341848,15.309297880185218,0.06726727034228813,64,280,38,51
candidate_risk_off,60,1,0.57,0.5980392156862745,0.18208955223880596,0.2791762013729977,0.17220543806646527,0.8277945619335347,0.4019607843137255,0.3450491259562879,0.48242106510277827,0.32651017747224265,0.8507613352006326,0.3929082714504369,335,0.7736720554272517,0.034686937296767424,-0.049896050703729815,4.926308080523871,15.233550000078516,0.06931287353729822,61,274,41,57
candidate_risk_off,60,1,0.58,0.5490196078431373,0.17721518987341772,0.2679425837320574,0.21450151057401812,0.7854984894259819,0.45098039215686275,0.3450491259562879,0.48242106510277827,0.32651017747224265,0.8507613352006326,0.3929082714504369,316,0.7297921478060047,0.03550857780288578,-0.049819455156090695,5.380927601677754,14.536009901897227,0.07085171525849997,56,260,46,71
candidate_risk_off,60,1,0.59,0.5294117647058824,0.1782178217821782,0.2666666666666666,0.24773413897280966,0.7522658610271903,0.47058823529411764,0.3450491259562879,0.48242106510277827,0.32651017747224265,0.8507613352006326,0.3929082714504369,303,0.6997690531177829,0.035293512921626434,-0.05112859701139132,5.5372372946829085,13.886814860926718,0.07043539663966615,54,249,48,82
candidate_risk_off,60,1,0.6,0.5098039215686274,0.1947565543071161,0.28184281842818426,0.3504531722054381,0.649546827794562,0.49019607843137253,0.3450491259562879,0.48242106510277827,0.32651017747224265,0.8507613352006326,0.3929082714504369,267,0.6166281755196305,0.033289617049501626,-0.05115204927211522,5.704933676111043,11.972076522001515,0.06717523683680056,52,215,50,116
candidate_risk_off,60,1,0.61,0.5,0.23076923076923078,0.3157894736842105,0.486404833836858,0.513595166163142,0.5,0.3450491259562879,0.48242106510277827,0.32651017747224265,0.8507613352006326,0.3929082714504369,221,0.5103926096997691,0.026271914227141886,-0.05737954888574462,5.809575377493895,8.815216400587946,0.06060956705096913,51,170,51,161
candidate_risk_off,60,1,0.62,0.4803921568627451,0.2752808988764045,0.35000000000000003,0.6102719033232629,0.38972809667673713,0.5196078431372549,0.3450491259562879,0.48242106510277827,0.32651017747224265,0.8507613352006326,0.3929082714504369,178,0.4110854503464203,0.02352569251953988,-0.06522674223153545,6.001665386701006,7.110734449627699,0.05800399678921644,49,129,53,202
candidate_risk_off,60,1,0.63,0.4411764705882353,0.28846153846153844,0.3488372093023256,0.6646525679758308,0.33534743202416917,0.5588235294117647,0.3450491259562879,0.48242106510277827,0.32651017747224265,0.8507613352006326,0.3929082714504369,156,0.36027713625866054,0.02046406618008896,-0.06843836103896317,6.403751457145923,5.910321433968948,0.05801749608638964,45,111,57,220
candidate_risk_off,60,1,0.64,0.4117647058823529,0.30434782608695654,0.35,0.7099697885196374,0.29003021148036257,0.5882352941176471,0.3450491259562879,0.48242106510277827,0.32651017747224265,0.8507613352006326,0.3929082714504369,138,0.3187066974595843,0.017877675576625025,-0.07183919961662742,6.6672664259410785,5.066092422675958,0.05789351431985957,42,96,60,235
candidate_risk_off,60,1,0.65,0.37254901960784315,0.336283185840708,0.3534883720930232,0.7734138972809668,0.22658610271903323,0.6274509803921569,0.3450491259562879,0.48242106510277827,0.32651017747224265,0.8507613352006326,0.3929082714504369,113,0.26096997690531176,0.007722897553474926,-0.07663823011996874,7.21346588049742,3.4192328304371813,0.0578744352700449,38,75,64,256
candidate_risk_off,60,1,0.66,0.3627450980392157,0.42528735632183906,0.3915343915343915,0.8489425981873112,0.1510574018126888,0.6372549019607843,0.3450491259562879,0.48242106510277827,0.32651017747224265,0.8507613352006326,0.3929082714504369,87,0.20092378752886836,-0.008196989927946284,-0.08714638843923521,7.300733425686592,1.6408648788195017,0.05437197495584129,37,50,65,281
candidate_risk_off,60,1,0.67,0.30392156862745096,0.4305555555555556,0.3563218390804597,0.8761329305135952,0.12386706948640483,0.696078431372549,0.3450491259562879,0.48242106510277827,0.32651017747224265,0.8507613352006326,0.3929082714504369,72,0.16628175519630484,-0.010155618618416632,-0.08719509955445903,8.031323459593617,1.3140999886423983,0.058679146345088334,31,41,71,290
candidate_risk_off,60,1,0.68,0.2549019607843137,0.4642857142857143,0.3291139240506329,0.9093655589123867,0.09063444108761329,0.7450980392156863,0.3450491259562879,0.48242106510277827,0.32651017747224265,0.8507613352006326,0.3929082714504369,56,0.12933025404157045,-0.015112674755749952,-0.09365337153448158,8.684500021438133,0.9137946189662968,0.06228012628933186,26,30,76,301
candidate_risk_off,60,1,0.69,0.16666666666666666,0.425,0.23943661971830985,0.9305135951661632,0.06948640483383686,0.8333333333333334,0.3450491259562879,0.48242106510277827,0.32651017747224265,0.8507613352006326,0.3929082714504369,40,0.09237875288683603,-0.01719956182472492,-0.09034128690358849,9.893521211333573,0.6313760594920618,0.07000447966164615,17,23,85,308
candidate_risk_off,60,1,0.7,0.13725490196078433,0.45161290322580644,0.2105263157894737,0.9486404833836858,0.0513595166163142,0.8627450980392157,0.3450491259562879,0.48242106510277827,0.32651017747224265,0.8507613352006326,0.3929082714504369,31,0.07159353348729793,-0.019842171876113264,-0.09409617575821108,10.375000872147456,0.4344254702432637,0.0728855152117451,14,17,88,314
candidate_risk_off,60,1,0.71,0.10784313725490197,0.4782608695652174,0.17600000000000002,0.9637462235649547,0.03625377643504532,0.8921568627450981,0.3450491259562879,0.48242106510277827,0.32651017747224265,0.8507613352006326,0.3929082714504369,23,0.053117782909930716,-0.02124879958332479,-0.09933397677645286,10.788486924512746,0.34959515369476557,0.07555440167952195,11,12,91,319
candidate_risk_off,60,1,0.72,0.09803921568627451,0.5555555555555556,0.16666666666666669,0.9758308157099698,0.02416918429003021,0.9019607843137255,0.3450491259562879,0.48242106510277827,0.32651017747224265,0.8507613352006326,0.3929082714504369,18,0.04157043879907621,-0.024971707532772447,-0.11257103418117932,10.980838415760285,0.286685120597698,0.07674180223528533,10,8,92,323
candidate_risk_off,60,1,0.73,0.06862745098039216,0.7,0.12500000000000003,0.9909365558912386,0.00906344410876133,0.9313725490196079,0.3450491259562879,0.48242106510277827,0.32651017747224265,0.8507613352006326,0.3929082714504369,10,0.023094688221709007,-0.03561706079527759,-0.1380138672592363,11.496460701662643,0.11469956550787394,0.0799170477378656,7,3,95,328
candidate_risk_off,60,1,0.74,0.0392156862745098,0.8,0.07476635514018691,0.9969788519637462,0.0030211480362537764,0.9607843137254902,0.3450491259562879,0.48242106510277827,0.32651017747224265,0.8507613352006326,0.3929082714504369,5,0.011547344110854504,-0.05269105133875357,-0.1515521263484336,12.017468311770898,0.03633023098369794,0.0833458086981441,4,1,98,330
candidate_risk_off,60,1,0.75,0.00980392156862745,1.0,0.01941747572815534,1.0,0.0,0.9901960784313726,0.3450491259562879,0.48242106510277827,0.32651017747224265,0.8507613352006326,0.3929082714504369,1,0.0023094688221709007,-0.09575665109407068,-0.17432529952811276,12.552234168469681,0.0,0.08696698038200702,1,0,101,331
candidate_risk_off,60,1,0.76,0.0,0.0,0.0,1.0,0.0,1.0,0.3450491259562879,0.48242106510277827,0.32651017747224265,0.8507613352006326,0.3929082714504369,0,0.0,,,12.726559467997795,0.0,0.08817477691453438,0,0,102,331
candidate_risk_off,60,1,0.77,0.0,0.0,0.0,1.0,0.0,1.0,0.3450491259562879,0.48242106510277827,0.32651017747224265,0.8507613352006326,0.3929082714504369,0,0.0,,,12.726559467997795,0.0,0.08817477691453438,0,0,102,331
candidate_risk_off,60,1,0.78,0.0,0.0,0.0,1.0,0.0,1.0,0.3450491259562879,0.48242106510277827,0.32651017747224265,0.8507613352006326,0.3929082714504369,0,0.0,,,12.726559467997795,0.0,0.08817477691453438,0,0,102,331
candidate_risk_off,60,1,0.79,0.0,0.0,0.0,1.0,0.0,1.0,0.3450491259562879,0.48242106510277827,0.32651017747224265,0.8507613352006326,0.3929082714504369,0,0.0,,,12.726559467997795,0.0,0.08817477691453438,0,0,102,331
candidate_risk_off,60,1,0.8,0.0,0.0,0.0,1.0,0.0,1.0,0.3450491259562879,0.48242106510277827,0.32651017747224265,0.8507613352006326,0.3929082714504369,0,0.0,,,12.726559467997795,0.0,0.08817477691453438,0,0,102,331
multiclass_probability_sum,60,2,0.05,1.0,0.24942263279445728,0.39926062846580407,0.0,1.0,0.0,0.34277136230476585,0.5965811965811965,0.20187500637777825,0.5960998968568939,0.1509331681658637,433,1.0,0.035350986781729946,-0.05522850876664862,0.0,29.273125692154828,0.06760537111352154,108,325,0,0
multiclass_probability_sum,60,2,0.06,1.0,0.24942263279445728,0.39926062846580407,0.0,1.0,0.0,0.34277136230476585,0.5965811965811965,0.20187500637777825,0.5960998968568939,0.1509331681658637,433,1.0,0.035350986781729946,-0.05522850876664862,0.0,29.273125692154828,0.06760537111352154,108,325,0,0
multiclass_probability_sum,60,2,0.07,1.0,0.24942263279445728,0.39926062846580407,0.0,1.0,0.0,0.34277136230476585,0.5965811965811965,0.20187500637777825,0.5960998968568939,0.1509331681658637,433,1.0,0.035350986781729946,-0.05522850876664862,0.0,29.273125692154828,0.06760537111352154,108,325,0,0
multiclass_probability_sum,60,2,0.08,1.0,0.24942263279445728,0.39926062846580407,0.0,1.0,0.0,0.34277136230476585,0.5965811965811965,0.20187500637777825,0.5960998968568939,0.1509331681658637,433,1.0,0.035350986781729946,-0.05522850876664862,0.0,29.273125692154828,0.06760537111352154,108,325,0,0
multiclass_probability_sum,60,2,0.09,0.9907407407407407,0.24883720930232558,0.39776951672862454,0.006153846153846154,0.9938461538461538,0.009259259259259259,0.34277136230476585,0.5965811965811965,0.20187500637777825,0.5960998968568939,0.1509331681658637,430,0.9930715935334873,0.035992519697347576,-0.054886814962428684,0.17338825677055003,29.273125692154828,0.06880667543294798,107,323,1,2
multiclass_probability_sum,60,2,0.1,0.9907407407407407,0.25,0.39925373134328357,0.012307692307692308,0.9876923076923076,0.009259259259259259,0.34277136230476585,0.5965811965811965,0.20187500637777825,0.5960998968568939,0.1509331681658637,428,0.9884526558891455,0.03611452577770079,-0.054700259230086416,0.17338825677055003,29.253359255151306,0.06876102546296295,107,321,1,4
multiclass_probability_sum,60,2,0.11,0.9907407407407407,0.25176470588235295,0.401500938086304,0.021538461538461538,0.9784615384615385,0.009259259259259259,0.34277136230476585,0.5965811965811965,0.20187500637777825,0.5960998968568939,0.1509331681658637,425,0.9815242494226328,0.036339588728559524,-0.05449832781686974,0.17338825677055003,29.188051234520003,0.06861019862547725,107,318,1,7
multiclass_probability_sum,60,2,0.12,0.9537037037037037,0.2458233890214797,0.39089184060721066,0.027692307692307693,0.9723076923076923,0.046296296296296294,0.34277136230476585,0.5965811965811965,0.20187500637777825,0.5960998968568939,0.1509331681658637,419,0.9676674364896074,0.03734553193471507,-0.0534650769923598,0.8080081286613721,28.97247836447974,0.07250924422739921,103,316,5,9
multiclass_probability_sum,60,2,0.13,0.9444444444444444,0.2457831325301205,0.390057361376673,0.036923076923076927,0.963076923076923,0.05555555555555555,0.34277136230476585,0.5965811965811965,0.20187500637777825,0.5960998968568939,0.1509331681658637,415,0.9584295612009238,0.03752506980191743,-0.053323194447854154,0.9496628706974541,28.793763017565215,0.07307794833639164,102,313,6,12
multiclass_probability_sum,60,2,0.14,0.8981481481481481,0.23950617283950618,0.37816764132553604,0.052307692307692305,0.9476923076923077,0.10185185185185185,0.34277136230476585,0.5965811965811965,0.20187500637777825,0.5960998968568939,0.1509331681658637,405,0.9353348729792148,0.03926686300305993,-0.05263042238526731,1.6932385585784293,28.532751814112352,0.07762694570403611,97,308,11,17
multiclass_probability_sum,60,2,0.15,0.8796296296296297,0.23929471032745592,0.37623762376237624,0.07076923076923076,0.9292307692307692,0.12037037037037036,0.34277136230476585,0.5965811965811965,0.20187500637777825,0.5960998968568939,0.1509331681658637,397,0.9168591224018475,0.03978335156262908,-0.0525531215890986,1.9737947461978673,28.181582809344516,0.07875973914073468,95,302,13,23
multiclass_probability_sum,60,2,0.16,0.8703703703703703,0.24415584415584415,0.3813387423935091,0.10461538461538461,0.8953846153846153,0.12962962962962962,0.34277136230476585,0.5965811965811965,0.20187500637777825,0.5960998968568939,0.1509331681658637,385,0.8891454965357968,0.03827344464512084,-0.053178675869691105,2.1265240981890443,27.051090845832917,0.07720707422725184,94,291,14,34
multiclass_probability_sum,60,2,0.17,0.8518518518518519,0.24864864864864866,0.3849372384937239,0.14461538461538462,0.8553846153846154,0.14814814814814814,0.34277136230476585,0.5965811965811965,0.20187500637777825,0.5960998968568939,0.1509331681658637,370,0.8545034642032333,0.03917820698703477,-0.053248075898289664,2.3701185242918106,26.53223751787987,0.07769651984008154,92,278,16,47
multiclass_probability_sum,60,2,0.18,0.8148148148148148,0.24376731301939059,0.37526652452025583,0.16,0.84,0.18518518518518517,0.34277136230476585,0.5965811965811965,0.20187500637777825,0.5960998968568939,0.1509331681658637,361,0.8337182448036952,0.040571364728265745,-0.05238614814489445,2.9735794858353177,26.17324665365114,0.08104846445994711,88,273,20,52
multiclass_probability_sum,60,2,0.19,0.7962962962962963,0.2536873156342183,0.3847874720357942,0.22153846153846155,0.7784615384615384,0.2037037037037037,0.34277136230476585,0.5965811965811965,0.20187500637777825,0.5960998968568939,0.1509331681658637,339,0.7829099307159353,0.040709046505349296,-0.053537833441545564,3.3768574282222996,24.975806004053048,0.08107708611713613,86,253,22,72
multiclass_probability_sum,60,2,0.2,0.7407407407407407,0.24464831804281345,0.367816091954023,0.24,0.76,0.25925925925925924,0.34277136230476585,0.5965811965811965,0.20187500637777825,0.5960998968568939,0.1509331681658637,327,0.7551963048498845,0.04437136414848779,-0.05127309728791745,4.346461467382525,24.83221263238979,0.08746327259708399,80,247,28,78
multiclass_probability_sum,60,2,0.21,0.7407407407407407,0.25477707006369427,0.37914691943127965,0.28,0.72,0.25925925925925924,0.34277136230476585,0.5965811965811965,0.20187500637777825,0.5960998968568939,0.1509331681658637,314,0.7251732101616628,0.04375608223625326,-0.05246758806256256,4.346461467382525,24.0143523411531,0.08557444975358124,80,234,28,91
multiclass_probability_sum,60,2,0.22,0.7407407407407407,0.26578073089701,0.39119804400978003,0.32,0.68,0.25925925925925924,0.34277136230476585,0.5965811965811965,0.20187500637777825,0.5960998968568939,0.1509331681658637,301,0.6951501154734411,0.043865456753931074,-0.05310915570870435,4.346461467382525,23.326099330666544,0.08398495088409727,80,221,28,104
multiclass_probability_sum,60,2,0.23,0.7407407407407407,0.2684563758389262,0.3940886699507389,0.3292307692307692,0.6707692307692308,0.25925925925925924,0.34277136230476585,0.5965811965811965,0.20187500637777825,0.5960998968568939,0.1509331681658637,298,0.6882217090069284,0.04398201719745266,-0.05358168327833839,4.346461467382525,23.229237972574182,0.08376125259750983,80,218,28,107
multiclass_probability_sum,60,2,0.24,0.7222222222222222,0.2736842105263158,0.3969465648854962,0.3630769230769231,0.6369230769230769,0.2777777777777778,0.34277136230476585,0.5965811965811965,0.20187500637777825,0.5960998968568939,0.1509331681658637,285,0.6581986143187067,0.04309091986088716,-0.054667161678159666,4.54570625584355,22.176967456989033,0.08271151553006856,78,207,30,118
multiclass_probability_sum,60,2,0.25,0.7129629629629629,0.28308823529411764,0.4052631578947368,0.4,0.6,0.28703703703703703,0.34277136230476585,0.5965811965811965,0.20187500637777825,0.5960998968568939,0.1509331681658637,272,0.628175519630485,0.04233514210780731,-0.05593785370367428,4.633174804671414,21.249175673550816,0.08117482699206711,77,195,31,130
multiclass_probability_sum,60,2,0.26,0.7037037037037037,0.29118773946360155,0.41192411924119243,0.4307692307692308,0.5692307692307692,0.2962962962962963,0.34277136230476585,0.5965811965811965,0.20187500637777825,0.5960998968568939,0.1509331681658637,261,0.6027713625866051,0.04168594933215601,-0.057333483288819445,4.714808045249203,20.553036527840682,0.0801327036110584,76,185,32,140
multiclass_probability_sum,60,2,0.27,0.7037037037037037,0.30039525691699603,0.42105263157894735,0.4553846153846154,0.5446153846153846,0.2962962962962963,0.34277136230476585,0.5965811965811965,0.20187500637777825,0.5960998968568939,0.1509331681658637,253,0.5842956120092379,0.0395926336591451,-0.05916981975854965,4.714808045249203,19.689940067911675,0.07813940924632629,76,177,32,148
multiclass_probability_sum,60,2,0.28,0.6666666666666666,0.3037974683544304,0.4173913043478261,0.49230769230769234,0.5076923076923077,0.3333333333333333,0.34277136230476585,0.5965811965811965,0.20187500637777825,0.5960998968568939,0.1509331681658637,237,0.5473441108545035,0.039226090913079735,-0.0599767405941407,5.371861748285547,18.618102501492494,0.08021636892921277,72,165,36,160
multiclass_probability_sum,60,2,0.29,0.6666666666666666,0.3090128755364807,0.4222873900293255,0.5046153846153846,0.49538461538461537,0.3333333333333333,0.34277136230476585,0.5965811965811965,0.20187500637777825,0.5960998968568939,0.1509331681658637,233,0.5381062355658198,0.037445658744520674,-0.06105028783800084,5.371861748285547,18.046357442565913,0.07889594154139158,72,161,36,164
multiclass_probability_sum,60,2,0.3,0.6666666666666666,0.3185840707964602,0.4311377245508982,0.5261538461538462,0.47384615384615386,0.3333333333333333,0.34277136230476585,0.5965811965811965,0.20187500637777825,0.5960998968568939,0.1509331681658637,226,0.5219399538106235,0.03748615430269667,-0.06232353857266181,5.371861748285547,17.756207041772264,0.07822584823701825,72,154,36,171
multiclass_probability_sum,60,2,0.31,0.6574074074074074,0.3212669683257919,0.4316109422492402,0.5384615384615384,0.46153846153846156,0.3425925925925926,0.34277136230476585,0.5965811965811965,0.20187500637777825,0.5960998968568939,0.1509331681658637,221,0.5103926096997691,0.037382542766347775,-0.06317188301695258,5.471343158885057,17.456840491832658,0.07822371817202732,71,150,37,175
multiclass_probability_sum,60,2,0.32,0.6388888888888888,0.31797235023041476,0.42461538461538456,0.5446153846153846,0.4553846153846154,0.3611111111111111,0.34277136230476585,0.5965811965811965,0.20187500637777825,0.5960998968568939,0.1509331681658637,217,0.5011547344110855,0.038364537568257376,-0.06255880070345068,5.8542358972628135,17.351078490562745,0.08063230065208127,69,148,39,177
multiclass_probability_sum,60,2,0.33,0.6388888888888888,0.32701421800947866,0.43260188087774293,0.563076923076923,0.4369230769230769,0.3611111111111111,0.34277136230476585,0.5965811965811965,0.20187500637777825,0.5960998968568939,0.1509331681658637,211,0.48729792147806006,0.03814245705490306,-0.0636501976213039,5.8542358972628135,17.07403227683544,0.07999247105917755,69,142,39,183
multiclass_probability_sum,60,2,0.34,0.6203703703703703,0.32524271844660196,0.4267515923566879,0.5723076923076923,0.4276923076923077,0.37962962962962965,0.34277136230476585,0.5965811965811965,0.20187500637777825,0.5960998968568939,0.1509331681658637,206,0.47575057736720555,0.03839502121763989,-0.06418965027330847,6.040428960360235,16.809772871094964,0.0806721934230385,67,139,41,186
multiclass_probability_sum,60,2,0.35,0.5833333333333334,0.31343283582089554,0.4077669902912622,0.5753846153846154,0.4246153846153846,0.4166666666666667,0.34277136230476585,0.5965811965811965,0.20187500637777825,0.5960998968568939,0.1509331681658637,201,0.46420323325635104,0.04038905791079822,-0.06382174607813586,6.435424888593286,16.76729629781957,0.08331078744480237,63,138,45,187
multiclass_probability_sum,60,2,0.36,0.5462962962962963,0.30569948186528495,0.39202657807308966,0.5876923076923077,0.4123076923076923,0.4537037037037037,0.34277136230476585,0.5965811965811965,0.20187500637777825,0.5960998968568939,0.1509331681658637,193,0.4457274826789838,0.04074916385095247,-0.0642015038655906,6.819833622264884,16.24884458593946,0.08477677933656838,59,134,49,191
multiclass_probability_sum,60,2,0.37,0.5462962962962963,0.3155080213903743,0.4,0.6061538461538462,0.39384615384615385,0.4537037037037037,0.34277136230476585,0.5965811965811965,0.20187500637777825,0.5960998968568939,0.1509331681658637,187,0.43187066974595845,0.04010755595946925,-0.06568492551100472,6.819833622264884,15.866094577598279,0.08389283012561878,59,128,49,197
multiclass_probability_sum,60,2,0.38,0.5462962962962963,0.3259668508287293,0.40830449826989623,0.6246153846153846,0.37538461538461537,0.4537037037037037,0.34277136230476585,0.5965811965811965,0.20187500637777825,0.5960998968568939,0.1509331681658637,181,0.418013856812933,0.03950498449748992,-0.0669439587222344,6.819833622264884,15.476458794316752,0.08299297843212795,59,122,49,203
multiclass_probability_sum,60,2,0.39,0.5370370370370371,0.327683615819209,0.4070175438596491,0.6338461538461538,0.36615384615384616,0.46296296296296297,0.34277136230476585,0.5965811965811965,0.20187500637777825,0.5960998968568939,0.1509331681658637,177,0.40877598152424943,0.04003348878641193,-0.06713782123924318,6.933370457485582,15.34431950234396,0.08347443620046352,58,119,50,206
multiclass_probability_sum,60,2,0.4,0.5185185185185185,0.3373493975903614,0.40875912408759124,0.6615384615384615,0.3384615384615385,0.48148148148148145,0.34277136230476585,0.5965811965811965,0.20187500637777825,0.5960998968568939,0.1509331681658637,166,0.3833718244803695,0.03672787370292407,-0.06895604816248517,7.2394971219665765,14.14596376174379,0.08282784094144001,56,110,52,215
multiclass_probability_sum,60,2,0.41,0.5,0.35526315789473684,0.4153846153846154,0.6984615384615385,0.30153846153846153,0.5,0.34277136230476585,0.5965811965811965,0.20187500637777825,0.5960998968568939,0.1509331681658637,152,0.3510392609699769,0.03170058467216517,-0.07274772146989289,7.525477342448979,12.716752971289225,0.08150851038945996,54,98,54,227
multiclass_probability_sum,60,2,0.42,0.5,0.375,0.42857142857142855,0.7230769230769231,0.27692307692307694,0.5,0.34277136230476585,0.5965811965811965,0.20187500637777825,0.5960998968568939,0.1509331681658637,144,0.3325635103926097,0.026638289706826097,-0.07591758465229523,7.525477342448979,11.700068570763682,0.0791605094644587,54,90,54,235
multiclass_probability_sum,60,2,0.43,0.4722222222222222,0.38345864661654133,0.4232365145228215,0.7476923076923077,0.2523076923076923,0.5277777777777778,0.34277136230476585,0.5965811965811965,0.20187500637777825,0.5960998968568939,0.1509331681658637,133,0.3071593533487298,0.02614480081056067,-0.07790673290516827,7.846047895918316,11.105518964664107,0.08000845878156825,51,82,57,243
multiclass_probability_sum,60,2,0.44,0.4537037037037037,0.3828125,0.4152542372881356,0.7569230769230769,0.24307692307692308,0.5462962962962963,0.34277136230476585,0.5965811965811965,0.20187500637777825,0.5960998968568939,0.1509331681658637,128,0.2956120092378753,0.026917326797360225,-0.07861080055482303,8.043293112134602,10.87870178788915,0.08085122661499529,49,79,59,246
multiclass_probability_sum,60,2,0.45,0.4444444444444444,0.3902439024390244,0.4155844155844156,0.7692307692307693,0.23076923076923078,0.5555555555555556,0.34277136230476585,0.5965811965811965,0.20187500637777825,0.5960998968568939,0.1509331681658637,123,0.2840646651270208,0.02631114808832533,-0.08015118858895673,8.138816972570497,10.619136806292074,0.0809135975150198,48,75,60,250
multiclass_probability_sum,60,2,0.46,0.42592592592592593,0.39316239316239315,0.40888888888888886,0.7815384615384615,0.21846153846153846,0.5740740740740741,0.34277136230476585,0.5965811965811965,0.20187500637777825,0.5960998968568939,0.1509331681658637,117,0.2702078521939954,0.026206106554121367,-0.08187349506188275,8.368802555416309,10.324814098210174,0.08182730199644135,46,71,62,254
multiclass_probability_sum,60,2,0.47,0.37962962962962965,0.4019607843137255,0.3904761904761905,0.8123076923076923,0.18769230769230769,0.6203703703703703,0.34277136230476585,0.5965811965811965,0.20187500637777825,0.5960998968568939,0.1509331681658637,102,0.23556581986143188,0.024012820796714053,-0.08493710456354439,9.066211706493856,9.185407786423765,0.0840278127157167,41,61,67,264
multiclass_probability_sum,60,2,0.48,0.35185185185185186,0.3958333333333333,0.3725490196078432,0.8215384615384616,0.17846153846153845,0.6481481481481481,0.34277136230476585,0.5965811965811965,0.20187500637777825,0.5960998968568939,0.1509331681658637,96,0.22170900692840648,0.026532063885260544,-0.08585274270157155,9.446272014067478,8.98243839244059,0.08619227352111553,38,58,70,267
multiclass_probability_sum,60,2,0.49,0.32407407407407407,0.39325842696629215,0.35532994923857875,0.8338461538461538,0.16615384615384615,0.6759259259259259,0.34277136230476585,0.5965811965811965,0.20187500637777825,0.5960998968568939,0.1509331681658637,89,0.20554272517321015,0.02398150166877791,-0.08826532007577055,9.783873845336002,8.37345008868122,0.08712487673138389,35,54,73,271
multiclass_probability_sum,60,2,0.5,0.3055555555555556,0.39759036144578314,0.34554973821989526,0.8461538461538461,0.15384615384615385,0.6944444444444444,0.34277136230476585,0.5965811965811965,0.20187500637777825,0.5960998968568939,0.1509331681658637,83,0.19168591224018475,0.025090375525502525,-0.08856794802937866,10.12849946141407,8.030718839563217,0.08872105594412338,33,50,75,275
multiclass_probability_sum,60,2,0.51,0.2777777777777778,0.38461538461538464,0.3225806451612903,0.8523076923076923,0.1476923076923077,0.7222222222222222,0.34277136230476585,0.5965811965811965,0.20187500637777825,0.5960998968568939,0.1509331681658637,78,0.18013856812933027,0.02462876692696547,-0.08973108157953567,10.465796488873469,7.606459023680162,0.09007817203302672,30,48,78,277
multiclass_probability_sum,60,2,0.52,0.26851851851851855,0.3972602739726027,0.32044198895027626,0.8646153846153846,0.13538461538461538,0.7314814814814815,0.34277136230476585,0.5965811965811965,0.20187500637777825,0.5960998968568939,0.1509331681658637,73,0.16859122401847576,0.01825756566911867,-0.09429627375958488,10.599056377653419,6.917667934512632,0.08941070916275493,29,44,79,281
multiclass_probability_sum,60,2,0.53,0.26851851851851855,0.4142857142857143,0.3258426966292135,0.8738461538461538,0.12615384615384614,0.7314814814814815,0.34277136230476585,0.5965811965811965,0.20187500637777825,0.5960998968568939,0.1509331681658637,70,0.16166281755196305,0.012376299008719817,-0.09831180181703049,10.599056377653419,6.451206571277357,0.08833343118761575,29,41,79,284
multiclass_probability_sum,60,2,0.54,0.24074074074074073,0.4126984126984127,0.30409356725146197,0.8861538461538462,0.11384615384615385,0.7592592592592593,0.34277136230476585,0.5965811965811965,0.20187500637777825,0.5960998968568939,0.1509331681658637,63,0.14549653579676675,0.013095536518572055,-0.10058727785132883,11.105428159801782,5.987032615772612,0.09076978543921006,26,37,82,288
multiclass_probability_sum,60,2,0.55,0.2037037037037037,0.38596491228070173,0.26666666666666666,0.8923076923076924,0.1076923076923077,0.7962962962962963,0.34277136230476585,0.5965811965811965,0.20187500637777825,0.5960998968568939,0.1509331681658637,57,0.13163972286374134,0.018935736458437304,-0.09824326756242156,11.829507196673493,5.6424111167120765,0.09499060671300821,22,35,86,290
multiclass_probability_sum,60,2,0.56,0.19444444444444445,0.4117647058823529,0.2641509433962264,0.9076923076923077,0.09230769230769231,0.8055555555555556,0.34277136230476585,0.5965811965811965,0.20187500637777825,0.5960998968568939,0.1509331681658637,51,0.11778290993071594,0.011304802373755756,-0.1038108211422943,12.095116221143387,4.886956772802288,0.09508615574187633,21,30,87,295
multiclass_probability_sum,60,2,0.57,0.19444444444444445,0.42,0.26582278481012656,0.9107692307692308,0.08923076923076922,0.8055555555555556,0.34277136230476585,0.5965811965811965,0.20187500637777825,0.5960998968568939,0.1509331681658637,50,0.11547344110854503,0.010073975124727845,-0.10583130671940452,12.095116221143387,4.8141106079771365,0.09491791979539792,21,29,87,296
multiclass_probability_sum,60,2,0.58,0.17592592592592593,0.40425531914893614,0.24516129032258066,0.9138461538461539,0.08615384615384615,0.8240740740740741,0.34277136230476585,0.5965811965811965,0.20187500637777825,0.5960998968568939,0.1509331681658637,47,0.10854503464203233,0.012220765500334924,-0.10521692987713446,12.438407514918818,4.598651399245127,0.09679878509007293,19,28,89,297
multiclass_probability_sum,60,2,0.59,0.1574074074074074,0.3953488372093023,0.2251655629139073,0.92,0.08,0.8425925925925926,0.34277136230476585,0.5965811965811965,0.20187500637777825,0.5960998968568939,0.1509331681658637,43,0.09930715935334873,0.016542558566739522,-0.10394286758135278,12.870415180313005,4.441343186458291,0.09942861137967045,17,26,91,299
multiclass_probability_sum,60,2,0.6,0.14814814814814814,0.4,0.21621621621621623,0.9261538461538461,0.07384615384615385,0.8518518518518519,0.34277136230476585,0.5965811965811965,0.20187500637777825,0.5960998968568939,0.1509331681658637,40,0.09237875288683603,0.011108081139268242,-0.10769502207058394,12.975701426595775,4.07968332630026,0.09932283511798519,16,24,92,301
multiclass_probability_sum,60,2,0.61,0.12962962962962962,0.3783783783783784,0.19310344827586204,0.9292307692307692,0.07076923076923076,0.8703703703703703,0.34277136230476585,0.5965811965811965,0.20187500637777825,0.5960998968568939,0.1509331681658637,37,0.08545034642032333,0.02014046471129487,-0.10236099254248744,13.45303205739062,3.988281076684375,0.1024188851012846,14,23,94,302
multiclass_probability_sum,60,2,0.62,0.12037037037037036,0.37142857142857144,0.1818181818181818,0.9323076923076923,0.06769230769230769,0.8796296296296297,0.34277136230476585,0.5965811965811965,0.20187500637777825,0.5960998968568939,0.1509331681658637,35,0.08083140877598152,0.022368441099903484,-0.10170474827417872,13.682639246361022,3.8575376512903823,0.10370774916945369,13,22,95,303
multiclass_probability_sum,60,2,0.63,0.1111111111111111,0.375,0.17142857142857143,0.9384615384615385,0.06153846153846154,0.8888888888888888,0.34277136230476585,0.5965811965811965,0.20187500637777825,0.5960998968568939,0.1509331681658637,32,0.07390300230946882,0.022611085656936897,-0.10153535743248321,13.925366745818962,3.5753673546011675,0.10473780044355209,12,20,96,305
multiclass_probability_sum,60,2,0.64,0.10185185185185185,0.39285714285714285,0.16176470588235292,0.9476923076923077,0.052307692307692305,0.8981481481481481,0.34277136230476585,0.5965811965811965,0.20187500637777825,0.5960998968568939,0.1509331681658637,28,0.06466512702078522,0.017517622457332852,-0.10577245738934778,14.184307732125507,3.0833650560779597,0.10539558487864777,11,17,97,308
multiclass_probability_sum,60,2,0.65,0.10185185185185185,0.4230769230769231,0.16417910447761194,0.9538461538461539,0.046153846153846156,0.8981481481481481,0.34277136230476585,0.5965811965811965,0.20187500637777825,0.5960998968568939,0.1509331681658637,26,0.06004618937644342,0.0038438973446821307,-0.1128796153529389,14.184307732125507,2.692812958234375,0.10449361698524458,11,15,97,310
multiclass_probability_sum,60,2,0.66,0.07407407407407407,0.34782608695652173,0.12213740458015265,0.9538461538461539,0.046153846153846156,0.9259259259259259,0.34277136230476585,0.5965811965811965,0.20187500637777825,0.5960998968568939,0.1509331681658637,23,0.053117782909930716,0.028914743104943887,-0.10118961122314586,14.791816673169565,2.692812958234375,0.1087026858608385,8,15,100,310
multiclass_probability_sum,60,2,0.67,0.06481481481481481,0.3684210526315789,0.11023622047244094,0.963076923076923,0.036923076923076927,0.9351851851851852,0.34277136230476585,0.5965811965811965,0.20187500637777825,0.5960998968568939,0.1509331681658637,19,0.04387990762124711,0.019074319255436047,-0.11107888287752114,15.047416272549611,2.1529574569903,0.10922680432942064,7,12,101,313
multiclass_probability_sum,60,2,0.68,0.06481481481481481,0.3888888888888889,0.1111111111111111,0.9661538461538461,0.033846153846153845,0.9351851851851852,0.34277136230476585,0.5965811965811965,0.20187500637777825,0.5960998968568939,0.1509331681658637,18,0.04157043879907621,0.01197443226758285,-0.11471221565613764,15.047416272549611,2.0060851719535067,0.10888760736628716,7,11,101,314
multiclass_probability_sum,60,2,0.69,0.06481481481481481,0.4117647058823529,0.11199999999999999,0.9692307692307692,0.03076923076923077,0.9351851851851852,0.34277136230476585,0.5965811965811965,0.20187500637777825,0.5960998968568939,0.1509331681658637,17,0.03926096997690531,0.0014401856874601254,-0.1200216406350578,15.047416272549611,1.8150285478238373,0.10844636804959046,7,10,101,315
multiclass_probability_sum,60,2,0.7,0.06481481481481481,0.4117647058823529,0.11199999999999999,0.9692307692307692,0.03076923076923077,0.9351851851851852,0.34277136230476585,0.5965811965811965,0.20187500637777825,0.5960998968568939,0.1509331681658637,17,0.03926096997690531,0.0014401856874601254,-0.1200216406350578,15.047416272549611,1.8150285478238373,0.10844636804959046,7,10,101,315
multiclass_probability_sum,60,2,0.71,0.06481481481481481,0.4666666666666667,0.11382113821138212,0.9753846153846154,0.024615384615384615,0.9351851851851852,0.34277136230476585,0.5965811965811965,0.20187500637777825,0.5960998968568939,0.1509331681658637,15,0.03464203233256351,-0.02547599719265771,-0.1367353462034497,15.047416272549611,1.4084054332471494,0.10750728464410157,7,8,101,317
multiclass_probability_sum,60,2,0.72,0.046296296296296294,0.38461538461538464,0.08264462809917356,0.9753846153846154,0.024615384615384615,0.9537037037037037,0.34277136230476585,0.5965811965811965,0.20187500637777825,0.5960998968568939,0.1509331681658637,13,0.03002309468822171,0.005662757525785165,-0.1190204724032915,15.551180324358565,1.4084054332471494,0.11099756675825136,5,8,103,317
multiclass_probability_sum,60,2,0.73,0.037037037037037035,0.36363636363636365,0.06722689075630252,0.9784615384615385,0.021538461538461538,0.9629629629629629,0.34277136230476585,0.5965811965811965,0.20187500637777825,0.5960998968568939,0.1509331681658637,11,0.025404157043879907,0.012076115146606326,-0.11631767007011055,15.826498890699401,1.192308285683775,0.11240601606878055,4,7,104,318
multiclass_probability_sum,60,2,0.74,0.037037037037037035,0.36363636363636365,0.06722689075630252,0.9784615384615385,0.021538461538461538,0.9629629629629629,0.34277136230476585,0.5965811965811965,0.20187500637777825,0.5960998968568939,0.1509331681658637,11,0.025404157043879907,0.012076115146606326,-0.11631767007011055,15.826498890699401,1.192308285683775,0.11240601606878055,4,7,104,318
multiclass_probability_sum,60,2,0.75,0.027777777777777776,0.3,0.05084745762711864,0.9784615384615385,0.021538461538461538,0.9722222222222222,0.34277136230476585,0.5965811965811965,0.20187500637777825,0.5960998968568939,0.1509331681658637,10,0.023094688221709007,0.03996827281647079,-0.09927133045038936,16.113279956966725,1.192308285683775,0.11439295186278049,3,7,105,318
multiclass_probability_sum,60,2,0.76,0.018518518518518517,0.2857142857142857,0.034782608695652174,0.9846153846153847,0.015384615384615385,0.9814814814814815,0.34277136230476585,0.5965811965811965,0.20187500637777825,0.5960998968568939,0.1509331681658637,7,0.016166281755196306,0.045117313672510574,-0.09772768235530076,16.359217285711487,0.8789023616968008,0.11537310443148098,2,5,106,320
multiclass_probability_sum,60,2,0.77,0.018518518518518517,0.4,0.035398230088495575,0.9907692307692307,0.009230769230769232,0.9814814814814815,0.34277136230476585,0.5965811965811965,0.20187500637777825,0.5960998968568939,0.1509331681658637,5,0.011547344110854504,-0.007048810361971603,-0.1289698331021501,16.359217285711487,0.5278371141793687,0.11456233018779176,2,3,106,322
multiclass_probability_sum,60,2,0.78,0.018518518518518517,0.6666666666666666,0.036036036036036036,0.9969230769230769,0.003076923076923077,0.9814814814814815,0.34277136230476585,0.5965811965811965,0.20187500637777825,0.5960998968568939,0.1509331681658637,3,0.006928406466512702,-0.1327088681047068,-0.20257805795730013,16.359217285711487,0.1649545616751063,0.11372426424667338,2,1,106,324
multiclass_probability_sum,60,2,0.79,0.018518518518518517,0.6666666666666666,0.036036036036036036,0.9969230769230769,0.003076923076923077,0.9814814814814815,0.34277136230476585,0.5965811965811965,0.20187500637777825,0.5960998968568939,0.1509331681658637,3,0.006928406466512702,-0.1327088681047068,-0.20257805795730013,16.359217285711487,0.1649545616751063,0.11372426424667338,2,1,106,324
multiclass_probability_sum,60,2,0.8,0.009259259259259259,0.5,0.01818181818181818,0.9969230769230769,0.003076923076923077,0.9907407407407407,0.34277136230476585,0.5965811965811965,0.20187500637777825,0.5960998968568939,0.1509331681658637,2,0.004618937644341801,-0.06349811934049054,-0.16337050774718506,16.640210444089014,0.1649545616751063,0.11567109906222206,1,1,107,324
candidate_risk_off,60,2,0.05,1.0,0.24942263279445728,0.39926062846580407,0.0,1.0,0.0,0.37203638355756175,0.6318518518518519,0.2699494517856811,0.7337017406519809,0.2982508390144163,433,1.0,0.035350986781729946,-0.05522850876664862,0.0,29.273125692154828,0.06760537111352154,108,325,0,0
candidate_risk_off,60,2,0.06,1.0,0.24942263279445728,0.39926062846580407,0.0,1.0,0.0,0.37203638355756175,0.6318518518518519,0.2699494517856811,0.7337017406519809,0.2982508390144163,433,1.0,0.035350986781729946,-0.05522850876664862,0.0,29.273125692154828,0.06760537111352154,108,325,0,0
candidate_risk_off,60,2,0.07,1.0,0.24942263279445728,0.39926062846580407,0.0,1.0,0.0,0.37203638355756175,0.6318518518518519,0.2699494517856811,0.7337017406519809,0.2982508390144163,433,1.0,0.035350986781729946,-0.05522850876664862,0.0,29.273125692154828,0.06760537111352154,108,325,0,0
candidate_risk_off,60,2,0.08,1.0,0.24942263279445728,0.39926062846580407,0.0,1.0,0.0,0.37203638355756175,0.6318518518518519,0.2699494517856811,0.7337017406519809,0.2982508390144163,433,1.0,0.035350986781729946,-0.05522850876664862,0.0,29.273125692154828,0.06760537111352154,108,325,0,0
candidate_risk_off,60,2,0.09,1.0,0.24942263279445728,0.39926062846580407,0.0,1.0,0.0,0.37203638355756175,0.6318518518518519,0.2699494517856811,0.7337017406519809,0.2982508390144163,433,1.0,0.035350986781729946,-0.05522850876664862,0.0,29.273125692154828,0.06760537111352154,108,325,0,0
candidate_risk_off,60,2,0.1,1.0,0.24942263279445728,0.39926062846580407,0.0,1.0,0.0,0.37203638355756175,0.6318518518518519,0.2699494517856811,0.7337017406519809,0.2982508390144163,433,1.0,0.035350986781729946,-0.05522850876664862,0.0,29.273125692154828,0.06760537111352154,108,325,0,0
candidate_risk_off,60,2,0.11,1.0,0.24942263279445728,0.39926062846580407,0.0,1.0,0.0,0.37203638355756175,0.6318518518518519,0.2699494517856811,0.7337017406519809,0.2982508390144163,433,1.0,0.035350986781729946,-0.05522850876664862,0.0,29.273125692154828,0.06760537111352154,108,325,0,0
candidate_risk_off,60,2,0.12,1.0,0.24942263279445728,0.39926062846580407,0.0,1.0,0.0,0.37203638355756175,0.6318518518518519,0.2699494517856811,0.7337017406519809,0.2982508390144163,433,1.0,0.035350986781729946,-0.05522850876664862,0.0,29.273125692154828,0.06760537111352154,108,325,0,0
candidate_risk_off,60,2,0.13,1.0,0.24942263279445728,0.39926062846580407,0.0,1.0,0.0,0.37203638355756175,0.6318518518518519,0.2699494517856811,0.7337017406519809,0.2982508390144163,433,1.0,0.035350986781729946,-0.05522850876664862,0.0,29.273125692154828,0.06760537111352154,108,325,0,0
candidate_risk_off,60,2,0.14,1.0,0.24942263279445728,0.39926062846580407,0.0,1.0,0.0,0.37203638355756175,0.6318518518518519,0.2699494517856811,0.7337017406519809,0.2982508390144163,433,1.0,0.035350986781729946,-0.05522850876664862,0.0,29.273125692154828,0.06760537111352154,108,325,0,0
candidate_risk_off,60,2,0.15,1.0,0.24942263279445728,0.39926062846580407,0.0,1.0,0.0,0.37203638355756175,0.6318518518518519,0.2699494517856811,0.7337017406519809,0.2982508390144163,433,1.0,0.035350986781729946,-0.05522850876664862,0.0,29.273125692154828,0.06760537111352154,108,325,0,0
candidate_risk_off,60,2,0.16,1.0,0.24942263279445728,0.39926062846580407,0.0,1.0,0.0,0.37203638355756175,0.6318518518518519,0.2699494517856811,0.7337017406519809,0.2982508390144163,433,1.0,0.035350986781729946,-0.05522850876664862,0.0,29.273125692154828,0.06760537111352154,108,325,0,0
candidate_risk_off,60,2,0.17,1.0,0.24942263279445728,0.39926062846580407,0.0,1.0,0.0,0.37203638355756175,0.6318518518518519,0.2699494517856811,0.7337017406519809,0.2982508390144163,433,1.0,0.035350986781729946,-0.05522850876664862,0.0,29.273125692154828,0.06760537111352154,108,325,0,0
candidate_risk_off,60,2,0.18,1.0,0.24942263279445728,0.39926062846580407,0.0,1.0,0.0,0.37203638355756175,0.6318518518518519,0.2699494517856811,0.7337017406519809,0.2982508390144163,433,1.0,0.035350986781729946,-0.05522850876664862,0.0,29.273125692154828,0.06760537111352154,108,325,0,0
candidate_risk_off,60,2,0.19,1.0,0.24942263279445728,0.39926062846580407,0.0,1.0,0.0,0.37203638355756175,0.6318518518518519,0.2699494517856811,0.7337017406519809,0.2982508390144163,433,1.0,0.035350986781729946,-0.05522850876664862,0.0,29.273125692154828,0.06760537111352154,108,325,0,0
candidate_risk_off,60,2,0.2,1.0,0.24942263279445728,0.39926062846580407,0.0,1.0,0.0,0.37203638355756175,0.6318518518518519,0.2699494517856811,0.7337017406519809,0.2982508390144163,433,1.0,0.035350986781729946,-0.05522850876664862,0.0,29.273125692154828,0.06760537111352154,108,325,0,0
candidate_risk_off,60,2,0.21,1.0,0.24942263279445728,0.39926062846580407,0.0,1.0,0.0,0.37203638355756175,0.6318518518518519,0.2699494517856811,0.7337017406519809,0.2982508390144163,433,1.0,0.035350986781729946,-0.05522850876664862,0.0,29.273125692154828,0.06760537111352154,108,325,0,0
candidate_risk_off,60,2,0.22,1.0,0.24942263279445728,0.39926062846580407,0.0,1.0,0.0,0.37203638355756175,0.6318518518518519,0.2699494517856811,0.7337017406519809,0.2982508390144163,433,1.0,0.035350986781729946,-0.05522850876664862,0.0,29.273125692154828,0.06760537111352154,108,325,0,0
candidate_risk_off,60,2,0.23,1.0,0.24942263279445728,0.39926062846580407,0.0,1.0,0.0,0.37203638355756175,0.6318518518518519,0.2699494517856811,0.7337017406519809,0.2982508390144163,433,1.0,0.035350986781729946,-0.05522850876664862,0.0,29.273125692154828,0.06760537111352154,108,325,0,0
candidate_risk_off,60,2,0.24,1.0,0.24942263279445728,0.39926062846580407,0.0,1.0,0.0,0.37203638355756175,0.6318518518518519,0.2699494517856811,0.7337017406519809,0.2982508390144163,433,1.0,0.035350986781729946,-0.05522850876664862,0.0,29.273125692154828,0.06760537111352154,108,325,0,0
candidate_risk_off,60,2,0.25,1.0,0.24942263279445728,0.39926062846580407,0.0,1.0,0.0,0.37203638355756175,0.6318518518518519,0.2699494517856811,0.7337017406519809,0.2982508390144163,433,1.0,0.035350986781729946,-0.05522850876664862,0.0,29.273125692154828,0.06760537111352154,108,325,0,0
candidate_risk_off,60,2,0.26,1.0,0.24942263279445728,0.39926062846580407,0.0,1.0,0.0,0.37203638355756175,0.6318518518518519,0.2699494517856811,0.7337017406519809,0.2982508390144163,433,1.0,0.035350986781729946,-0.05522850876664862,0.0,29.273125692154828,0.06760537111352154,108,325,0,0
candidate_risk_off,60,2,0.27,1.0,0.24942263279445728,0.39926062846580407,0.0,1.0,0.0,0.37203638355756175,0.6318518518518519,0.2699494517856811,0.7337017406519809,0.2982508390144163,433,1.0,0.035350986781729946,-0.05522850876664862,0.0,29.273125692154828,0.06760537111352154,108,325,0,0
candidate_risk_off,60,2,0.28,1.0,0.24942263279445728,0.39926062846580407,0.0,1.0,0.0,0.37203638355756175,0.6318518518518519,0.2699494517856811,0.7337017406519809,0.2982508390144163,433,1.0,0.035350986781729946,-0.05522850876664862,0.0,29.273125692154828,0.06760537111352154,108,325,0,0
candidate_risk_off,60,2,0.29,1.0,0.24942263279445728,0.39926062846580407,0.0,1.0,0.0,0.37203638355756175,0.6318518518518519,0.2699494517856811,0.7337017406519809,0.2982508390144163,433,1.0,0.035350986781729946,-0.05522850876664862,0.0,29.273125692154828,0.06760537111352154,108,325,0,0
candidate_risk_off,60,2,0.3,1.0,0.24942263279445728,0.39926062846580407,0.0,1.0,0.0,0.37203638355756175,0.6318518518518519,0.2699494517856811,0.7337017406519809,0.2982508390144163,433,1.0,0.035350986781729946,-0.05522850876664862,0.0,29.273125692154828,0.06760537111352154,108,325,0,0
candidate_risk_off,60,2,0.31,1.0,0.24942263279445728,0.39926062846580407,0.0,1.0,0.0,0.37203638355756175,0.6318518518518519,0.2699494517856811,0.7337017406519809,0.2982508390144163,433,1.0,0.035350986781729946,-0.05522850876664862,0.0,29.273125692154828,0.06760537111352154,108,325,0,0
candidate_risk_off,60,2,0.32,1.0,0.24942263279445728,0.39926062846580407,0.0,1.0,0.0,0.37203638355756175,0.6318518518518519,0.2699494517856811,0.7337017406519809,0.2982508390144163,433,1.0,0.035350986781729946,-0.05522850876664862,0.0,29.273125692154828,0.06760537111352154,108,325,0,0
candidate_risk_off,60,2,0.33,1.0,0.24942263279445728,0.39926062846580407,0.0,1.0,0.0,0.37203638355756175,0.6318518518518519,0.2699494517856811,0.7337017406519809,0.2982508390144163,433,1.0,0.035350986781729946,-0.05522850876664862,0.0,29.273125692154828,0.06760537111352154,108,325,0,0
candidate_risk_off,60,2,0.34,1.0,0.24942263279445728,0.39926062846580407,0.0,1.0,0.0,0.37203638355756175,0.6318518518518519,0.2699494517856811,0.7337017406519809,0.2982508390144163,433,1.0,0.035350986781729946,-0.05522850876664862,0.0,29.273125692154828,0.06760537111352154,108,325,0,0
candidate_risk_off,60,2,0.35,1.0,0.24942263279445728,0.39926062846580407,0.0,1.0,0.0,0.37203638355756175,0.6318518518518519,0.2699494517856811,0.7337017406519809,0.2982508390144163,433,1.0,0.035350986781729946,-0.05522850876664862,0.0,29.273125692154828,0.06760537111352154,108,325,0,0
candidate_risk_off,60,2,0.36,1.0,0.24942263279445728,0.39926062846580407,0.0,1.0,0.0,0.37203638355756175,0.6318518518518519,0.2699494517856811,0.7337017406519809,0.2982508390144163,433,1.0,0.035350986781729946,-0.05522850876664862,0.0,29.273125692154828,0.06760537111352154,108,325,0,0
candidate_risk_off,60,2,0.37,1.0,0.24942263279445728,0.39926062846580407,0.0,1.0,0.0,0.37203638355756175,0.6318518518518519,0.2699494517856811,0.7337017406519809,0.2982508390144163,433,1.0,0.035350986781729946,-0.05522850876664862,0.0,29.273125692154828,0.06760537111352154,108,325,0,0
candidate_risk_off,60,2,0.38,1.0,0.24942263279445728,0.39926062846580407,0.0,1.0,0.0,0.37203638355756175,0.6318518518518519,0.2699494517856811,0.7337017406519809,0.2982508390144163,433,1.0,0.035350986781729946,-0.05522850876664862,0.0,29.273125692154828,0.06760537111352154,108,325,0,0
candidate_risk_off,60,2,0.39,1.0,0.24942263279445728,0.39926062846580407,0.0,1.0,0.0,0.37203638355756175,0.6318518518518519,0.2699494517856811,0.7337017406519809,0.2982508390144163,433,1.0,0.035350986781729946,-0.05522850876664862,0.0,29.273125692154828,0.06760537111352154,108,325,0,0
candidate_risk_off,60,2,0.4,1.0,0.24942263279445728,0.39926062846580407,0.0,1.0,0.0,0.37203638355756175,0.6318518518518519,0.2699494517856811,0.7337017406519809,0.2982508390144163,433,1.0,0.035350986781729946,-0.05522850876664862,0.0,29.273125692154828,0.06760537111352154,108,325,0,0
candidate_risk_off,60,2,0.41,1.0,0.24942263279445728,0.39926062846580407,0.0,1.0,0.0,0.37203638355756175,0.6318518518518519,0.2699494517856811,0.7337017406519809,0.2982508390144163,433,1.0,0.035350986781729946,-0.05522850876664862,0.0,29.273125692154828,0.06760537111352154,108,325,0,0
candidate_risk_off,60,2,0.42,1.0,0.24942263279445728,0.39926062846580407,0.0,1.0,0.0,0.37203638355756175,0.6318518518518519,0.2699494517856811,0.7337017406519809,0.2982508390144163,433,1.0,0.035350986781729946,-0.05522850876664862,0.0,29.273125692154828,0.06760537111352154,108,325,0,0
candidate_risk_off,60,2,0.43,1.0,0.24942263279445728,0.39926062846580407,0.0,1.0,0.0,0.37203638355756175,0.6318518518518519,0.2699494517856811,0.7337017406519809,0.2982508390144163,433,1.0,0.035350986781729946,-0.05522850876664862,0.0,29.273125692154828,0.06760537111352154,108,325,0,0
candidate_risk_off,60,2,0.44,1.0,0.25,0.4,0.003076923076923077,0.9969230769230769,0.0,0.37203638355756175,0.6318518518518519,0.2699494517856811,0.7337017406519809,0.2982508390144163,432,0.9976905311778291,0.03493380649640928,-0.055365756574114106,0.0,29.057552822114573,0.06710751229125768,108,324,0,1
candidate_risk_off,60,2,0.45,1.0,0.2505800464037123,0.4007421150278293,0.006153846153846154,0.9938461538461538,0.0,0.37203638355756175,0.6318518518518519,0.2699494517856811,0.7337017406519809,0.2982508390144163,431,0.9953810623556582,0.034985495519160734,-0.05527179375952892,0.0,29.04489698442404,0.06707828402869292,108,323,0,2
candidate_risk_off,60,2,0.46,0.9722222222222222,0.24647887323943662,0.3932584269662921,0.012307692307692308,0.9876923076923076,0.027777777777777776,0.37203638355756175,0.6318518518518519,0.2699494517856811,0.7337017406519809,0.2982508390144163,426,0.9838337182448037,0.035085773094514064,-0.054821509889067,0.47170178948118596,28.639574882656984,0.0694103470002322,105,321,3,4
candidate_risk_off,60,2,0.47,0.9722222222222222,0.2511961722488038,0.3992395437262357,0.036923076923076927,0.963076923076923,0.027777777777777776,0.37203638355756175,0.6318518518518519,0.2699494517856811,0.7337017406519809,0.2982508390144163,418,0.9653579676674365,0.033364962292107565,-0.05542055016619458,0.47170178948118596,27.63958978249495,0.06710091258877254,105,313,3,12
candidate_risk_off,60,2,0.48,0.9537037037037037,0.254320987654321,0.40155945419103317,0.07076923076923076,0.9292307692307692,0.046296296296296294,0.37203638355756175,0.6318518518518519,0.2699494517856811,0.7337017406519809,0.2982508390144163,405,0.9353348729792148,0.03311026532467095,-0.05563778339389992,0.7911783023410726,26.893436898937168,0.06759115890522029,103,302,5,23
candidate_risk_off,60,2,0.49,0.9351851851851852,0.2630208333333333,0.41056910569105687,0.12923076923076923,0.8707692307692307,0.06481481481481481,0.37203638355756175,0.6318518518518519,0.2699494517856811,0.7337017406519809,0.2982508390144163,384,0.8868360277136259,0.030598021281996905,-0.057478267485274216,1.0833443671694156,25.057903766744644,0.06537629761721223,101,283,7,42
candidate_risk_off,60,2,0.5,0.8981481481481481,0.26358695652173914,0.4075630252100841,0.16615384615384615,0.8338461538461538,0.10185185185185185,0.37203638355756175,0.6318518518518519,0.2699494517856811,0.7337017406519809,0.2982508390144163,368,0.8498845265588915,0.031020925351300348,-0.05765070905290797,1.6345063024029498,24.26010345655869,0.06735247659068715,97,271,11,54
candidate_risk_off,60,2,0.51,0.7870370370370371,0.2599388379204893,0.3908045977011494,0.2553846153846154,0.7446153846153846,0.21296296296296297,0.37203638355756175,0.6318518518518519,0.2699494517856811,0.7337017406519809,0.2982508390144163,327,0.7551963048498845,0.03322406114282227,-0.05730347092319133,3.227075223512208,22.284294523622734,0.07382337227288535,85,242,23,83
candidate_risk_off,60,2,0.52,0.75,0.28321678321678323,0.4111675126903553,0.36923076923076925,0.6307692307692307,0.25,0.37203638355756175,0.6318518518518519,0.2699494517856811,0.7337017406519809,0.2982508390144163,286,0.6605080831408776,0.03213209039938677,-0.059833799236042054,3.6743313042669423,20.086674206855427,0.07184680859043015,81,205,27,120
candidate_risk_off,60,2,0.53,0.7037037037037037,0.30522088353413657,0.42577030812324934,0.4676923076923077,0.5323076923076923,0.2962962962962963,0.37203638355756175,0.6318518518518519,0.2699494517856811,0.7337017406519809,0.2982508390144163,249,0.5750577367205543,0.031012225940483373,-0.06470204685954417,4.2586641145534045,18.08546092262508,0.0712735641253702,76,173,32,152
candidate_risk_off,60,2,0.54,0.6481481481481481,0.33175355450236965,0.438871473354232,0.5661538461538461,0.4338461538461538,0.35185185185185186,0.37203638355756175,0.6318518518518519,0.2699494517856811,0.7337017406519809,0.2982508390144163,211,0.48729792147806006,0.031606667867274375,-0.0694657791697512,5.081293878671523,16.312244528425374,0.07287788952526546,70,141,38,184
candidate_risk_off,60,2,0.55,0.5833333333333334,0.3559322033898305,0.4421052631578947,0.6492307692307693,0.3507692307692308,0.4166666666666667,0.37203638355756175,0.6318518518518519,0.2699494517856811,0.7337017406519809,0.2982508390144163,177,0.40877598152424943,0.02939546470418956,-0.07431531369610239,6.0283311313898285,14.066963870181782,0.07425394287379046,63,114,45,211
candidate_risk_off,60,2,0.56,0.5277777777777778,0.37748344370860926,0.4401544401544401,0.7107692307692308,0.28923076923076924,0.4722222222222222,0.37203638355756175,0.6318518518518519,0.2699494517856811,0.7337017406519809,0.2982508390144163,151,0.34872979214780603,0.02528584010744982,-0.08035804852641329,6.726811705627459,12.04499011935538,0.07442361486429043,57,94,51,231
candidate_risk_off,60,2,0.57,0.4722222222222222,0.4112903225806452,0.4396551724137931,0.7753846153846153,0.2246153846153846,0.5277777777777778,0.37203638355756175,0.6318518518518519,0.2699494517856811,0.7337017406519809,0.2982508390144163,124,0.2863741339491917,0.017712816248406895,-0.08610962462557643,7.565245482654561,9.903629364910733,0.0752872189673774,51,73,57,252
candidate_risk_off,60,2,0.58,0.4351851851851852,0.44339622641509435,0.4392523364485982,0.8184615384615385,0.18153846153846154,0.5648148148148148,0.37203638355756175,0.6318518518518519,0.2699494517856811,0.7337017406519809,0.2982508390144163,106,0.24480369515011546,0.011388030716132763,-0.09453147352740655,8.08693088324017,8.538141923224483,0.07574811679663969,47,59,61,266
candidate_risk_off,60,2,0.59,0.35185185185185186,0.4418604651162791,0.3917525773195876,0.8523076923076923,0.1476923076923077,0.6481481481481481,0.37203638355756175,0.6318518518518519,0.2699494517856811,0.7337017406519809,0.2982508390144163,86,0.19861431870669746,0.010219427863963593,-0.10051055170113617,9.23451031702328,7.336128209983961,0.08092300037194874,38,48,70,277
candidate_risk_off,60,2,0.6,0.25925925925925924,0.4057971014492754,0.3163841807909604,0.8738461538461538,0.12615384615384614,0.7407407407407407,0.37203638355756175,0.6318518518518519,0.2699494517856811,0.7337017406519809,0.2982508390144163,69,0.15935334872979215,0.01752023255623354,-0.09862065160398074,10.824142830758376,6.478500233411031,0.08995595548657312,28,41,80,284
candidate_risk_off,60,2,0.61,0.21296296296296297,0.3770491803278688,0.272189349112426,0.8830769230769231,0.11692307692307692,0.7870370370370371,0.37203638355756175,0.6318518518518519,0.2699494517856811,0.7337017406519809,0.2982508390144163,61,0.14087759815242495,0.020874167841888527,-0.09996667193979059,11.553355828549826,5.93004849071675,0.09374160733571878,23,38,85,287
candidate_risk_off,60,2,0.62,0.14814814814814814,0.3333333333333333,0.20512820512820512,0.9015384615384615,0.09846153846153846,0.8518518518518519,0.37203638355756175,0.6318518518518519,0.2699494517856811,0.7337017406519809,0.2982508390144163,48,0.11085450346420324,0.03601907898398171,-0.09119115874497317,13.187149327923157,5.068294418824111,0.1030709986203085,16,32,92,293
candidate_risk_off,60,2,0.63,0.12037037037037036,0.325,0.17567567567567566,0.916923076923077,0.08307692307692308,0.8796296296296297,0.37203638355756175,0.6318518518518519,0.2699494517856811,0.7337017406519809,0.2982508390144163,40,0.09237875288683603,0.03770958011619223,-0.09145947069484983,13.741678737185582,4.387696457453281,0.10534118399309475,13,27,95,298
candidate_risk_off,60,2,0.64,0.07407407407407407,0.2857142857142857,0.11764705882352941,0.9384615384615385,0.06153846153846154,0.9259259259259259,0.37203638355756175,0.6318518518518519,0.2699494517856811,0.7337017406519809,0.2982508390144163,28,0.06466512702078522,0.04295510444401377,-0.0907117583902726,14.797232972976433,3.2163671026827307,0.10994934416076682,8,20,100,305
candidate_risk_off,60,2,0.65,0.06481481481481481,0.30434782608695654,0.10687022900763359,0.9507692307692308,0.04923076923076923,0.9351851851851852,0.37203638355756175,0.6318518518518519,0.2699494517856811,0.7337017406519809,0.2982508390144163,23,0.053117782909930716,0.037612345064893145,-0.09215942209672882,15.047416272549611,2.6556293276295575,0.11038770934244432,7,16,101,309
candidate_risk_off,60,2,0.66,0.05555555555555555,0.6,0.10169491525423728,0.9876923076923076,0.012307692307692308,0.9444444444444444,0.37203638355756175,0.6318518518518519,0.2699494517856811,0.7337017406519809,0.2982508390144163,10,0.023094688221709007,-0.08804817845261301,-0.17079466952909267,15.322734838890447,0.6347450402700483,0.10762805902295933,6,4,102,321
candidate_risk_off,60,2,0.67,0.027777777777777776,0.75,0.05357142857142857,0.9969230769230769,0.003076923076923077,0.9722222222222222,0.37203638355756175,0.6318518518518519,0.2699494517856811,0.7337017406519809,0.2982508390144163,4,0.009237875288683603,-0.15361955143098988,-0.20883098087908875,16.113279956966725,0.1781473517951078,0.1120507788053009,3,1,105,324
candidate_risk_off,60,2,0.68,0.018518518518518517,1.0,0.03636363636363636,1.0,0.0,0.9814814814814815,0.37203638355756175,0.6318518518518519,0.2699494517856811,0.7337017406519809,0.2982508390144163,2,0.004618937644341801,-0.2815405829946134,-0.2864719793668089,16.359217285711487,0.0,0.11334330682940984,2,0,106,325
candidate_risk_off,60,2,0.69,0.0,0.0,0.0,1.0,0.0,1.0,0.37203638355756175,0.6318518518518519,0.2699494517856811,0.7337017406519809,0.2982508390144163,0,0.0,,,16.932161244445098,0.0,0.11731289545804918,0,0,108,325
candidate_risk_off,60,2,0.7,0.0,0.0,0.0,1.0,0.0,1.0,0.37203638355756175,0.6318518518518519,0.2699494517856811,0.7337017406519809,0.2982508390144163,0,0.0,,,16.932161244445098,0.0,0.11731289545804918,0,0,108,325
candidate_risk_off,60,2,0.71,0.0,0.0,0.0,1.0,0.0,1.0,0.37203638355756175,0.6318518518518519,0.2699494517856811,0.7337017406519809,0.2982508390144163,0,0.0,,,16.932161244445098,0.0,0.11731289545804918,0,0,108,325
candidate_risk_off,60,2,0.72,0.0,0.0,0.0,1.0,0.0,1.0,0.37203638355756175,0.6318518518518519,0.2699494517856811,0.7337017406519809,0.2982508390144163,0,0.0,,,16.932161244445098,0.0,0.11731289545804918,0,0,108,325
candidate_risk_off,60,2,0.73,0.0,0.0,0.0,1.0,0.0,1.0,0.37203638355756175,0.6318518518518519,0.2699494517856811,0.7337017406519809,0.2982508390144163,0,0.0,,,16.932161244445098,0.0,0.11731289545804918,0,0,108,325
candidate_risk_off,60,2,0.74,0.0,0.0,0.0,1.0,0.0,1.0,0.37203638355756175,0.6318518518518519,0.2699494517856811,0.7337017406519809,0.2982508390144163,0,0.0,,,16.932161244445098,0.0,0.11731289545804918,0,0,108,325
candidate_risk_off,60,2,0.75,0.0,0.0,0.0,1.0,0.0,1.0,0.37203638355756175,0.6318518518518519,0.2699494517856811,0.7337017406519809,0.2982508390144163,0,0.0,,,16.932161244445098,0.0,0.11731289545804918,0,0,108,325
candidate_risk_off,60,2,0.76,0.0,0.0,0.0,1.0,0.0,1.0,0.37203638355756175,0.6318518518518519,0.2699494517856811,0.7337017406519809,0.2982508390144163,0,0.0,,,16.932161244445098,0.0,0.11731289545804918,0,0,108,325
candidate_risk_off,60,2,0.77,0.0,0.0,0.0,1.0,0.0,1.0,0.37203638355756175,0.6318518518518519,0.2699494517856811,0.7337017406519809,0.2982508390144163,0,0.0,,,16.932161244445098,0.0,0.11731289545804918,0,0,108,325
candidate_risk_off,60,2,0.78,0.0,0.0,0.0,1.0,0.0,1.0,0.37203638355756175,0.6318518518518519,0.2699494517856811,0.7337017406519809,0.2982508390144163,0,0.0,,,16.932161244445098,0.0,0.11731289545804918,0,0,108,325
candidate_risk_off,60,2,0.79,0.0,0.0,0.0,1.0,0.0,1.0,0.37203638355756175,0.6318518518518519,0.2699494517856811,0.7337017406519809,0.2982508390144163,0,0.0,,,16.932161244445098,0.0,0.11731289545804918,0,0,108,325
candidate_risk_off,60,2,0.8,0.0,0.0,0.0,1.0,0.0,1.0,0.37203638355756175,0.6318518518518519,0.2699494517856811,0.7337017406519809,0.2982508390144163,0,0.0,,,16.932161244445098,0.0,0.11731289545804918,0,0,108,325
