scope,date,horizon,fold,model,recall,precision,false_positive_rate
rolling,2017-05-11,20,0,multiclass_probability_sum,0.0,0.0,0.22857142857142856
rolling,2017-05-12,20,0,multiclass_probability_sum,0.0,0.0,0.2222222222222222
rolling,2017-05-15,20,0,multiclass_probability_sum,0.0,0.0,0.21621621621621623
rolling,2017-05-16,20,0,multiclass_probability_sum,0.0,0.0,0.21052631578947367
rolling,2017-05-17,20,0,multiclass_probability_sum,0.0,0.0,0.20512820512820512
rolling,2017-05-18,20,0,multiclass_probability_sum,0.0,0.0,0.2
rolling,2017-05-19,20,0,multiclass_probability_sum,0.0,0.0,0.1951219512195122
rolling,2017-05-22,20,0,multiclass_probability_sum,0.0,0.0,0.19047619047619047
rolling,2017-05-23,20,0,multiclass_probability_sum,0.0,0.0,0.18604651162790697
rolling,2017-05-24,20,0,multiclass_probability_sum,0.0,0.0,0.18181818181818182
rolling,2017-05-25,20,0,multiclass_probability_sum,0.0,0.0,0.2
rolling,2017-05-26,20,0,multiclass_probability_sum,0.0,0.0,0.1956521739130435
rolling,2017-05-29,20,0,multiclass_probability_sum,0.0,0.0,0.19148936170212766
rolling,2017-05-30,20,0,multiclass_probability_sum,0.0,0.0,0.20833333333333334
rolling,2017-05-31,20,0,multiclass_probability_sum,0.0,0.0,0.22448979591836735
rolling,2017-06-01,20,0,multiclass_probability_sum,0.0,0.0,0.22
rolling,2017-06-02,20,0,multiclass_probability_sum,0.0,0.0,0.23529411764705882
rolling,2017-06-05,20,0,multiclass_probability_sum,0.0,0.0,0.25
rolling,2017-06-06,20,0,multiclass_probability_sum,0.0,0.0,0.24528301886792453
rolling,2017-06-07,20,0,multiclass_probability_sum,0.0,0.0,0.24074074074074073
rolling,2017-06-08,20,0,multiclass_probability_sum,0.0,0.0,0.23636363636363636
rolling,2017-06-09,20,0,multiclass_probability_sum,0.0,0.0,0.25
rolling,2017-06-12,20,0,multiclass_probability_sum,0.0,0.0,0.24561403508771928
rolling,2017-06-13,20,0,multiclass_probability_sum,0.0,0.0,0.2413793103448276
rolling,2017-06-14,20,0,multiclass_probability_sum,0.0,0.0,0.23728813559322035
rolling,2017-06-15,20,0,multiclass_probability_sum,0.0,0.0,0.23333333333333334
rolling,2017-06-16,20,0,multiclass_probability_sum,0.0,0.0,0.22950819672131148
rolling,2017-06-19,20,0,multiclass_probability_sum,0.0,0.0,0.22580645161290322
rolling,2017-06-20,20,0,multiclass_probability_sum,0.0,0.0,0.2222222222222222
rolling,2017-06-21,20,0,multiclass_probability_sum,0.0,0.0,0.21875
rolling,2017-06-22,20,0,multiclass_probability_sum,0.0,0.0,0.23076923076923078
rolling,2017-06-23,20,0,multiclass_probability_sum,0.0,0.0,0.22727272727272727
rolling,2017-06-26,20,0,multiclass_probability_sum,0.0,0.0,0.22727272727272727
rolling,2017-06-27,20,0,multiclass_probability_sum,0.0,0.0,0.23880597014925373
rolling,2017-06-28,20,0,multiclass_probability_sum,0.0,0.0,0.25
rolling,2017-06-29,20,0,multiclass_probability_sum,0.0,0.0,0.2463768115942029
rolling,2017-06-30,20,0,multiclass_probability_sum,0.0,0.0,0.24285714285714285
rolling,2017-07-03,20,0,multiclass_probability_sum,0.0,0.0,0.2535211267605634
rolling,2017-07-04,20,0,multiclass_probability_sum,0.0,0.0,0.25
rolling,2017-07-05,20,0,multiclass_probability_sum,0.0,0.0,0.2465753424657534
rolling,2017-07-06,20,0,multiclass_probability_sum,0.0,0.0,0.2465753424657534
rolling,2017-07-07,20,0,multiclass_probability_sum,0.0,0.0,0.25675675675675674
rolling,2017-07-10,20,0,multiclass_probability_sum,0.0,0.0,0.26666666666666666
rolling,2017-07-11,20,0,multiclass_probability_sum,0.0,0.0,0.27631578947368424
rolling,2017-07-12,20,0,multiclass_probability_sum,0.0,0.0,0.2857142857142857
rolling,2017-07-13,20,0,multiclass_probability_sum,0.0,0.0,0.28205128205128205
rolling,2017-07-14,20,0,multiclass_probability_sum,0.0,0.0,0.2911392405063291
rolling,2017-07-17,20,0,multiclass_probability_sum,0.0,0.0,0.3
rolling,2017-07-18,20,0,multiclass_probability_sum,0.0,0.0,0.30864197530864196
rolling,2017-07-19,20,0,multiclass_probability_sum,0.0,0.0,0.3170731707317073
rolling,2017-07-20,20,0,multiclass_probability_sum,0.0,0.0,0.3253012048192771
rolling,2017-07-21,20,0,multiclass_probability_sum,0.0,0.0,0.3333333333333333
rolling,2017-07-24,20,0,multiclass_probability_sum,0.0,0.0,0.3411764705882353
rolling,2017-07-25,20,0,multiclass_probability_sum,0.0,0.0,0.3488372093023256
rolling,2017-07-26,20,0,multiclass_probability_sum,0.0,0.0,0.3448275862068966
rolling,2017-07-27,20,0,multiclass_probability_sum,0.0,0.0,0.3522727272727273
rolling,2017-07-28,20,0,multiclass_probability_sum,0.0,0.0,0.34831460674157305
rolling,2017-07-31,20,0,multiclass_probability_sum,0.0,0.0,0.34444444444444444
rolling,2017-08-01,20,0,multiclass_probability_sum,0.0,0.0,0.34444444444444444
rolling,2017-08-02,20,0,multiclass_probability_sum,0.0,0.0,0.3516483516483517
rolling,2017-08-03,20,0,multiclass_probability_sum,0.0,0.0,0.358695652173913
rolling,2017-08-04,20,0,multiclass_probability_sum,0.0,0.0,0.3548387096774194
rolling,2017-08-07,20,0,multiclass_probability_sum,0.0,0.0,0.3548387096774194
rolling,2017-08-08,20,0,multiclass_probability_sum,0.1,0.029411764705882353,0.3548387096774194
rolling,2017-08-09,20,0,multiclass_probability_sum,0.1,0.02857142857142857,0.3617021276595745
rolling,2017-08-10,20,0,multiclass_probability_sum,0.1,0.027777777777777776,0.3684210526315789
rolling,2017-08-11,20,0,multiclass_probability_sum,0.1,0.02702702702702703,0.375
rolling,2017-08-14,20,0,multiclass_probability_sum,0.1,0.02631578947368421,0.38144329896907214
rolling,2017-08-15,20,0,multiclass_probability_sum,0.1,0.02564102564102564,0.3877551020408163
rolling,2017-08-16,20,0,multiclass_probability_sum,0.1,0.025,0.3939393939393939
rolling,2017-08-17,20,0,multiclass_probability_sum,0.1,0.024390243902439025,0.4
rolling,2017-08-18,20,0,multiclass_probability_sum,0.1,0.023809523809523808,0.40594059405940597
rolling,2017-08-21,20,0,multiclass_probability_sum,0.1,0.023255813953488372,0.4117647058823529
rolling,2017-08-22,20,0,multiclass_probability_sum,0.1,0.022727272727272728,0.4174757281553398
rolling,2017-08-23,20,0,multiclass_probability_sum,0.1,0.022222222222222223,0.4230769230769231
rolling,2017-08-24,20,0,multiclass_probability_sum,0.1,0.021739130434782608,0.42857142857142855
rolling,2017-08-25,20,0,multiclass_probability_sum,0.1,0.02127659574468085,0.4339622641509434
rolling,2017-08-28,20,0,multiclass_probability_sum,0.1,0.02127659574468085,0.42990654205607476
rolling,2017-08-29,20,0,multiclass_probability_sum,0.1,0.020833333333333332,0.4351851851851852
rolling,2017-08-30,20,0,multiclass_probability_sum,0.1,0.020833333333333332,0.43119266055045874
rolling,2017-08-31,20,0,multiclass_probability_sum,0.1,0.020833333333333332,0.42727272727272725
rolling,2017-09-01,20,0,multiclass_probability_sum,0.1,0.020833333333333332,0.42727272727272725
rolling,2017-09-05,20,0,multiclass_probability_sum,0.1,0.020833333333333332,0.42727272727272725
rolling,2017-09-06,20,0,multiclass_probability_sum,0.1,0.020833333333333332,0.42727272727272725
rolling,2017-09-07,20,0,multiclass_probability_sum,0.1,0.02127659574468085,0.41818181818181815
rolling,2017-09-08,20,0,multiclass_probability_sum,0.1,0.020833333333333332,0.42727272727272725
rolling,2017-09-11,20,0,multiclass_probability_sum,0.1,0.02040816326530612,0.43636363636363634
rolling,2017-09-12,20,0,multiclass_probability_sum,0.1,0.02,0.44545454545454544
rolling,2017-09-13,20,0,multiclass_probability_sum,0.1,0.0196078431372549,0.45454545454545453
rolling,2017-09-14,20,0,multiclass_probability_sum,0.1111111111111111,0.019230769230769232,0.4594594594594595
rolling,2017-09-15,20,0,multiclass_probability_sum,0.125,0.018867924528301886,0.4642857142857143
rolling,2017-09-18,20,0,multiclass_probability_sum,0.14285714285714285,0.018867924528301886,0.46017699115044247
rolling,2017-09-19,20,0,multiclass_probability_sum,0.14285714285714285,0.018518518518518517,0.4690265486725664
rolling,2017-09-20,20,0,multiclass_probability_sum,0.14285714285714285,0.01818181818181818,0.4778761061946903
rolling,2017-09-21,20,0,multiclass_probability_sum,0.14285714285714285,0.017857142857142856,0.48672566371681414
rolling,2017-09-22,20,0,multiclass_probability_sum,0.14285714285714285,0.017543859649122806,0.49557522123893805
rolling,2017-09-25,20,0,multiclass_probability_sum,0.14285714285714285,0.017241379310344827,0.504424778761062
rolling,2017-09-26,20,0,multiclass_probability_sum,0.14285714285714285,0.01694915254237288,0.5132743362831859
rolling,2017-09-27,20,0,multiclass_probability_sum,0.14285714285714285,0.016666666666666666,0.5221238938053098
rolling,2017-09-28,20,0,multiclass_probability_sum,0.16666666666666666,0.016666666666666666,0.5175438596491229
rolling,2017-09-29,20,0,multiclass_probability_sum,0.2,0.016666666666666666,0.5130434782608696
rolling,2017-10-02,20,0,multiclass_probability_sum,0.2,0.016666666666666666,0.5130434782608696
rolling,2017-10-03,20,0,multiclass_probability_sum,0.2,0.016666666666666666,0.5130434782608696
rolling,2017-10-04,20,0,multiclass_probability_sum,0.2,0.01694915254237288,0.5043478260869565
rolling,2017-10-05,20,0,multiclass_probability_sum,0.2,0.017241379310344827,0.4956521739130435
rolling,2017-10-06,20,0,multiclass_probability_sum,0.2,0.017241379310344827,0.4956521739130435
rolling,2017-10-09,20,0,multiclass_probability_sum,0.2,0.017241379310344827,0.4956521739130435
rolling,2017-10-10,20,0,multiclass_probability_sum,0.2,0.017543859649122806,0.48695652173913045
rolling,2017-10-11,20,0,multiclass_probability_sum,0.2,0.017857142857142856,0.4782608695652174
rolling,2017-10-12,20,0,multiclass_probability_sum,0.2,0.01818181818181818,0.46956521739130436
rolling,2017-10-13,20,0,multiclass_probability_sum,0.2,0.018518518518518517,0.4608695652173913
rolling,2017-10-16,20,0,multiclass_probability_sum,0.2,0.018518518518518517,0.4608695652173913
rolling,2017-10-17,20,0,multiclass_probability_sum,0.2,0.018518518518518517,0.4608695652173913
rolling,2017-10-18,20,0,multiclass_probability_sum,0.2,0.018518518518518517,0.4608695652173913
rolling,2017-10-19,20,0,multiclass_probability_sum,0.2,0.018518518518518517,0.4608695652173913
rolling,2017-10-20,20,0,multiclass_probability_sum,0.2,0.018518518518518517,0.4608695652173913
rolling,2017-10-23,20,0,multiclass_probability_sum,0.2,0.01818181818181818,0.46956521739130436
rolling,2017-10-24,20,0,multiclass_probability_sum,0.2,0.01818181818181818,0.46956521739130436
rolling,2017-10-25,20,0,multiclass_probability_sum,0.2,0.01818181818181818,0.46956521739130436
rolling,2017-10-26,20,0,multiclass_probability_sum,0.2,0.01818181818181818,0.46956521739130436
rolling,2017-10-27,20,0,multiclass_probability_sum,0.2,0.01818181818181818,0.46956521739130436
rolling,2017-10-30,20,0,multiclass_probability_sum,0.2,0.01818181818181818,0.46956521739130436
rolling,2017-10-31,20,0,multiclass_probability_sum,0.2,0.017857142857142856,0.4782608695652174
rolling,2017-11-01,20,0,multiclass_probability_sum,0.2,0.017857142857142856,0.4782608695652174
rolling,2017-11-02,20,0,multiclass_probability_sum,0.2,0.017543859649122806,0.48695652173913045
rolling,2017-11-03,20,0,multiclass_probability_sum,0.2,0.017241379310344827,0.4956521739130435
rolling,2017-11-06,20,0,multiclass_probability_sum,0.2,0.017241379310344827,0.4956521739130435
rolling,2017-11-07,20,0,multiclass_probability_sum,0.2,0.01694915254237288,0.5043478260869565
rolling,2017-11-08,20,0,multiclass_probability_sum,0.2,0.01694915254237288,0.5043478260869565
rolling,2017-11-09,20,0,multiclass_probability_sum,0.2,0.016666666666666666,0.5130434782608696
rolling,2017-11-10,20,0,multiclass_probability_sum,0.2,0.016666666666666666,0.5130434782608696
rolling,2017-11-13,20,0,multiclass_probability_sum,0.2,0.016666666666666666,0.5130434782608696
rolling,2017-11-14,20,0,multiclass_probability_sum,0.2,0.01639344262295082,0.5217391304347826
rolling,2017-11-15,20,0,multiclass_probability_sum,0.2,0.01639344262295082,0.5217391304347826
rolling,2017-11-16,20,0,multiclass_probability_sum,0.2,0.016666666666666666,0.5130434782608696
rolling,2017-11-17,20,0,multiclass_probability_sum,0.2,0.01639344262295082,0.5217391304347826
rolling,2017-11-20,20,0,multiclass_probability_sum,0.2,0.016666666666666666,0.5130434782608696
rolling,2017-11-21,20,0,multiclass_probability_sum,0.2,0.01694915254237288,0.5043478260869565
rolling,2017-11-22,20,0,multiclass_probability_sum,0.2,0.01694915254237288,0.5043478260869565
rolling,2017-11-23,20,0,multiclass_probability_sum,0.2,0.01694915254237288,0.5043478260869565
rolling,2017-11-24,20,0,multiclass_probability_sum,0.2,0.01694915254237288,0.5043478260869565
rolling,2017-11-27,20,0,multiclass_probability_sum,0.2,0.017241379310344827,0.4956521739130435
rolling,2017-11-28,20,0,multiclass_probability_sum,0.2,0.017241379310344827,0.4956521739130435
rolling,2017-11-29,20,0,multiclass_probability_sum,0.2,0.017241379310344827,0.4956521739130435
rolling,2017-11-30,20,0,multiclass_probability_sum,0.2,0.017241379310344827,0.4956521739130435
rolling,2017-12-01,20,0,multiclass_probability_sum,0.16666666666666666,0.017241379310344827,0.5
rolling,2017-12-04,20,0,multiclass_probability_sum,0.14285714285714285,0.017241379310344827,0.504424778761062
rolling,2017-12-05,20,0,multiclass_probability_sum,0.14285714285714285,0.01694915254237288,0.5132743362831859
rolling,2017-12-06,20,0,multiclass_probability_sum,0.14285714285714285,0.016666666666666666,0.5221238938053098
rolling,2017-12-07,20,0,multiclass_probability_sum,0.14285714285714285,0.01639344262295082,0.5309734513274337
rolling,2017-12-08,20,0,multiclass_probability_sum,0.14285714285714285,0.01639344262295082,0.5309734513274337
rolling,2017-12-11,20,0,multiclass_probability_sum,0.14285714285714285,0.016129032258064516,0.5398230088495575
rolling,2017-12-12,20,0,multiclass_probability_sum,0.16666666666666666,0.016129032258064516,0.5350877192982456
rolling,2017-12-13,20,0,multiclass_probability_sum,0.16666666666666666,0.016129032258064516,0.5350877192982456
rolling,2017-12-14,20,0,multiclass_probability_sum,0.16666666666666666,0.016129032258064516,0.5350877192982456
rolling,2017-12-15,20,0,multiclass_probability_sum,0.16666666666666666,0.015873015873015872,0.543859649122807
rolling,2017-12-18,20,0,multiclass_probability_sum,0.16666666666666666,0.015873015873015872,0.543859649122807
rolling,2017-12-19,20,0,multiclass_probability_sum,0.16666666666666666,0.015873015873015872,0.543859649122807
rolling,2017-12-20,20,0,multiclass_probability_sum,0.16666666666666666,0.015873015873015872,0.543859649122807
rolling,2017-12-21,20,0,multiclass_probability_sum,0.16666666666666666,0.015625,0.5526315789473685
rolling,2017-12-22,20,0,multiclass_probability_sum,0.2,0.015625,0.5478260869565217
rolling,2017-12-25,20,0,multiclass_probability_sum,0.2,0.015873015873015872,0.5391304347826087
rolling,2017-12-26,20,0,multiclass_probability_sum,0.2,0.016129032258064516,0.5304347826086957
rolling,2017-12-27,20,0,multiclass_probability_sum,0.2,0.01639344262295082,0.5217391304347826
rolling,2017-12-28,20,0,multiclass_probability_sum,0.2,0.016666666666666666,0.5130434782608696
rolling,2017-12-29,20,0,multiclass_probability_sum,0.2,0.016666666666666666,0.5130434782608696
rolling,2018-01-02,20,0,multiclass_probability_sum,0.2,0.01694915254237288,0.5043478260869565
rolling,2018-01-03,20,0,multiclass_probability_sum,0.2,0.017241379310344827,0.4956521739130435
rolling,2018-01-04,20,0,multiclass_probability_sum,0.2,0.017543859649122806,0.48695652173913045
rolling,2018-01-05,20,0,multiclass_probability_sum,0.2,0.017857142857142856,0.4782608695652174
rolling,2018-01-08,20,0,multiclass_probability_sum,0.2,0.01818181818181818,0.46956521739130436
rolling,2018-01-09,20,0,multiclass_probability_sum,0.2,0.018518518518518517,0.4608695652173913
rolling,2018-01-10,20,0,multiclass_probability_sum,0.16666666666666666,0.018867924528301886,0.45614035087719296
rolling,2018-01-11,20,0,multiclass_probability_sum,0.16666666666666666,0.019230769230769232,0.4473684210526316
rolling,2018-01-12,20,0,multiclass_probability_sum,0.16666666666666666,0.019230769230769232,0.4473684210526316
rolling,2018-01-15,20,0,multiclass_probability_sum,0.14285714285714285,0.0196078431372549,0.4424778761061947
rolling,2018-01-16,20,0,multiclass_probability_sum,0.125,0.0196078431372549,0.44642857142857145
rolling,2018-01-17,20,0,multiclass_probability_sum,0.125,0.0196078431372549,0.44642857142857145
rolling,2018-01-18,20,0,multiclass_probability_sum,0.14285714285714285,0.0196078431372549,0.4424778761061947
rolling,2018-01-19,20,0,multiclass_probability_sum,0.14285714285714285,0.02,0.4336283185840708
rolling,2018-01-22,20,0,multiclass_probability_sum,0.125,0.02040816326530612,0.42857142857142855
rolling,2018-01-25,20,0,multiclass_probability_sum,0.1111111111111111,0.02040816326530612,0.43243243243243246
rolling,2018-01-26,20,0,multiclass_probability_sum,0.1111111111111111,0.02040816326530612,0.43243243243243246
rolling,2018-01-29,20,0,multiclass_probability_sum,0.0,0.0,0.43243243243243246
rolling,2018-01-30,20,0,multiclass_probability_sum,0.0,0.0,0.42727272727272725
rolling,2018-01-31,20,0,multiclass_probability_sum,0.0,0.0,0.42201834862385323
rolling,2018-02-01,20,0,multiclass_probability_sum,0.0,0.0,0.4166666666666667
rolling,2018-02-02,20,0,multiclass_probability_sum,0.0,0.0,0.411214953271028
rolling,2018-02-05,20,0,multiclass_probability_sum,0.0,0.0,0.40186915887850466
rolling,2018-02-06,20,0,multiclass_probability_sum,0.0,0.0,0.3925233644859813
rolling,2018-02-07,20,0,multiclass_probability_sum,0.0,0.0,0.38317757009345793
rolling,2018-02-08,20,0,multiclass_probability_sum,0.0,0.0,0.37383177570093457
rolling,2018-02-09,20,0,multiclass_probability_sum,0.0,0.0,0.3644859813084112
rolling,2018-02-12,20,0,multiclass_probability_sum,0.0,0.0,0.35514018691588783
rolling,2018-02-13,20,0,multiclass_probability_sum,0.0,0.0,0.34579439252336447
rolling,2018-02-21,20,0,multiclass_probability_sum,0.0,0.0,0.3364485981308411
rolling,2018-02-22,20,0,multiclass_probability_sum,0.0,0.0,0.32710280373831774
rolling,2018-02-23,20,0,multiclass_probability_sum,0.0,0.0,0.32710280373831774
rolling,2018-02-26,20,0,multiclass_probability_sum,0.0,0.0,0.3177570093457944
rolling,2018-02-27,20,0,multiclass_probability_sum,0.0,0.0,0.3177570093457944
rolling,2018-02-28,20,0,multiclass_probability_sum,0.0,0.0,0.3177570093457944
rolling,2018-03-01,20,0,multiclass_probability_sum,0.0,0.0,0.3177570093457944
rolling,2018-03-02,20,0,multiclass_probability_sum,0.0,0.0,0.3177570093457944
rolling,2018-03-05,20,0,multiclass_probability_sum,0.0,0.0,0.3177570093457944
rolling,2018-03-06,20,0,multiclass_probability_sum,0.0,0.0,0.3177570093457944
rolling,2018-03-07,20,0,multiclass_probability_sum,0.0,0.0,0.308411214953271
rolling,2018-03-08,20,0,multiclass_probability_sum,0.0,0.0,0.29906542056074764
rolling,2018-03-09,20,0,multiclass_probability_sum,0.0,0.0,0.2897196261682243
rolling,2018-03-12,20,0,multiclass_probability_sum,0.0,0.0,0.2803738317757009
rolling,2018-03-13,20,0,multiclass_probability_sum,0.0,0.0,0.27102803738317754
rolling,2018-03-14,20,0,multiclass_probability_sum,0.0,0.0,0.2616822429906542
rolling,2018-03-15,20,0,multiclass_probability_sum,0.0,0.0,0.2616822429906542
rolling,2018-03-16,20,0,multiclass_probability_sum,0.0,0.0,0.2523364485981308
rolling,2018-03-19,20,0,multiclass_probability_sum,0.0,0.0,0.24299065420560748
rolling,2018-03-20,20,0,multiclass_probability_sum,0.0,0.0,0.2336448598130841
rolling,2018-03-21,20,0,multiclass_probability_sum,0.0,0.0,0.22429906542056074
rolling,2018-03-22,20,0,multiclass_probability_sum,0.0,0.0,0.2169811320754717
rolling,2018-03-23,20,0,multiclass_probability_sum,0.0,0.0,0.2169811320754717
rolling,2018-03-26,20,0,multiclass_probability_sum,0.06666666666666667,0.043478260869565216,0.20952380952380953
rolling,2018-03-27,20,0,multiclass_probability_sum,0.0625,0.043478260869565216,0.21153846153846154
rolling,2018-03-28,20,0,multiclass_probability_sum,0.11764705882352941,0.08333333333333333,0.21359223300970873
rolling,2018-03-29,20,0,multiclass_probability_sum,0.16666666666666666,0.12,0.21568627450980393
rolling,2018-03-30,20,0,multiclass_probability_sum,0.21052631578947367,0.16,0.2079207920792079
rolling,2018-04-02,20,0,multiclass_probability_sum,0.2,0.16,0.21
rolling,2018-04-03,20,0,multiclass_probability_sum,0.23809523809523808,0.19230769230769232,0.21212121212121213
rolling,2018-04-04,20,0,multiclass_probability_sum,0.2727272727272727,0.2222222222222222,0.21428571428571427
rolling,2018-04-05,20,0,multiclass_probability_sum,0.30434782608695654,0.25,0.21649484536082475
rolling,2018-04-06,20,0,multiclass_probability_sum,0.3333333333333333,0.27586206896551724,0.21875
rolling,2018-04-09,20,0,multiclass_probability_sum,0.36,0.3,0.22105263157894736
rolling,2018-04-10,20,0,multiclass_probability_sum,0.38461538461538464,0.3225806451612903,0.22340425531914893
rolling,2018-04-11,20,0,multiclass_probability_sum,0.4074074074074074,0.34375,0.22580645161290322
rolling,2018-04-12,20,0,multiclass_probability_sum,0.39285714285714285,0.34375,0.22826086956521738
rolling,2018-04-13,20,0,multiclass_probability_sum,0.41379310344827586,0.36363636363636365,0.23076923076923078
rolling,2018-04-16,20,0,multiclass_probability_sum,0.43333333333333335,0.38235294117647056,0.23333333333333334
rolling,2018-04-17,20,0,multiclass_probability_sum,0.45161290322580644,0.4,0.23595505617977527
rolling,2018-04-18,20,0,multiclass_probability_sum,0.46875,0.4166666666666667,0.23863636363636365
rolling,2018-04-19,20,0,multiclass_probability_sum,0.48484848484848486,0.4444444444444444,0.22988505747126436
rolling,2018-04-20,20,0,multiclass_probability_sum,0.47058823529411764,0.4444444444444444,0.23255813953488372
rolling,2018-04-23,20,0,multiclass_probability_sum,0.45714285714285713,0.4444444444444444,0.23529411764705882
rolling,2018-04-24,20,0,multiclass_probability_sum,0.4444444444444444,0.4444444444444444,0.23809523809523808
rolling,2018-04-26,20,0,multiclass_probability_sum,0.43243243243243246,0.4444444444444444,0.24096385542168675
rolling,2018-04-27,20,0,multiclass_probability_sum,0.42105263157894735,0.4444444444444444,0.24390243902439024
rolling,2018-05-02,20,0,multiclass_probability_sum,0.41025641025641024,0.45714285714285713,0.2345679012345679
rolling,2018-05-03,20,0,multiclass_probability_sum,0.4,0.45714285714285713,0.2375
rolling,2018-05-04,20,0,multiclass_probability_sum,0.4,0.47058823529411764,0.225
rolling,2018-05-07,20,0,multiclass_probability_sum,0.3902439024390244,0.48484848484848486,0.21518987341772153
rolling,2018-05-08,20,0,multiclass_probability_sum,0.38095238095238093,0.48484848484848486,0.21794871794871795
rolling,2018-05-09,20,0,multiclass_probability_sum,0.37209302325581395,0.5,0.2077922077922078
rolling,2018-05-10,20,0,multiclass_probability_sum,0.37209302325581395,0.5,0.2077922077922078
rolling,2018-05-11,20,0,multiclass_probability_sum,0.37209302325581395,0.5161290322580645,0.19480519480519481
rolling,2018-05-14,20,0,multiclass_probability_sum,0.36363636363636365,0.5333333333333333,0.18421052631578946
rolling,2018-05-15,20,0,multiclass_probability_sum,0.35555555555555557,0.5333333333333333,0.18666666666666668
rolling,2018-05-16,20,0,multiclass_probability_sum,0.3695652173913043,0.5666666666666667,0.17567567567567569
rolling,2018-05-17,20,0,multiclass_probability_sum,0.3695652173913043,0.5666666666666667,0.17567567567567569
rolling,2018-05-18,20,0,multiclass_probability_sum,0.3695652173913043,0.5666666666666667,0.17567567567567569
rolling,2018-05-21,20,0,multiclass_probability_sum,0.3695652173913043,0.5666666666666667,0.17567567567567569
rolling,2018-05-22,20,0,multiclass_probability_sum,0.3695652173913043,0.5483870967741935,0.1891891891891892
rolling,2018-05-23,20,0,multiclass_probability_sum,0.3695652173913043,0.5483870967741935,0.1891891891891892
rolling,2018-05-24,20,0,multiclass_probability_sum,0.3695652173913043,0.5483870967741935,0.1891891891891892
rolling,2018-05-25,20,0,multiclass_probability_sum,0.3695652173913043,0.53125,0.20270270270270271
rolling,2018-05-28,20,0,multiclass_probability_sum,0.3695652173913043,0.53125,0.20270270270270271
rolling,2018-05-29,20,0,multiclass_probability_sum,0.3695652173913043,0.53125,0.20270270270270271
rolling,2018-05-30,20,0,multiclass_probability_sum,0.3695652173913043,0.53125,0.20270270270270271
rolling,2018-05-31,20,0,multiclass_probability_sum,0.3695652173913043,0.53125,0.20270270270270271
rolling,2018-06-01,20,0,multiclass_probability_sum,0.3695652173913043,0.53125,0.20270270270270271
rolling,2018-06-04,20,0,multiclass_probability_sum,0.3695652173913043,0.53125,0.20270270270270271
rolling,2018-06-05,20,0,multiclass_probability_sum,0.3695652173913043,0.53125,0.20270270270270271
rolling,2018-06-06,20,0,multiclass_probability_sum,0.3617021276595745,0.5483870967741935,0.1917808219178082
rolling,2018-06-07,20,0,multiclass_probability_sum,0.3541666666666667,0.5666666666666667,0.18055555555555555
rolling,2018-06-08,20,0,multiclass_probability_sum,0.3469387755102041,0.5862068965517241,0.16901408450704225
rolling,2018-06-11,20,0,multiclass_probability_sum,0.34,0.6071428571428571,0.15714285714285714
rolling,2018-06-12,20,0,multiclass_probability_sum,0.3333333333333333,0.6296296296296297,0.14492753623188406
rolling,2018-06-13,20,0,multiclass_probability_sum,0.3269230769230769,0.6296296296296297,0.14705882352941177
rolling,2018-06-14,20,0,multiclass_probability_sum,0.32075471698113206,0.6538461538461539,0.13432835820895522
rolling,2018-06-15,20,0,multiclass_probability_sum,0.3148148148148148,0.68,0.12121212121212122
rolling,2018-06-18,20,0,multiclass_probability_sum,0.32727272727272727,0.72,0.1076923076923077
rolling,2018-06-19,20,0,multiclass_probability_sum,0.3392857142857143,0.7307692307692307,0.109375
rolling,2018-06-20,20,0,multiclass_probability_sum,0.3392857142857143,0.76,0.09375
rolling,2018-06-21,20,0,multiclass_probability_sum,0.3392857142857143,0.7307692307692307,0.109375
rolling,2018-06-22,20,0,multiclass_probability_sum,0.3333333333333333,0.76,0.09523809523809523
rolling,2018-06-25,20,0,multiclass_probability_sum,0.3275862068965517,0.76,0.0967741935483871
rolling,2018-06-26,20,0,multiclass_probability_sum,0.3220338983050847,0.76,0.09836065573770492
rolling,2018-06-27,20,0,multiclass_probability_sum,0.31666666666666665,0.76,0.1
rolling,2018-06-28,20,0,multiclass_probability_sum,0.31666666666666665,0.76,0.1
rolling,2018-06-29,20,0,multiclass_probability_sum,0.31666666666666665,0.76,0.1
rolling,2018-07-02,20,0,multiclass_probability_sum,0.31666666666666665,0.76,0.1
rolling,2018-07-03,20,0,multiclass_probability_sum,0.31666666666666665,0.76,0.1
rolling,2018-07-04,20,0,multiclass_probability_sum,0.31666666666666665,0.76,0.1
rolling,2018-07-05,20,0,multiclass_probability_sum,0.31666666666666665,0.7307692307692307,0.11666666666666667
rolling,2018-07-06,20,0,multiclass_probability_sum,0.31666666666666665,0.7307692307692307,0.11666666666666667
rolling,2018-07-09,20,0,multiclass_probability_sum,0.31666666666666665,0.7307692307692307,0.11666666666666667
rolling,2018-07-10,20,0,multiclass_probability_sum,0.31666666666666665,0.7307692307692307,0.11666666666666667
rolling,2018-07-11,20,0,multiclass_probability_sum,0.3220338983050847,0.7037037037037037,0.13114754098360656
rolling,2018-07-12,20,0,multiclass_probability_sum,0.3220338983050847,0.7037037037037037,0.13114754098360656
rolling,2018-07-13,20,0,multiclass_probability_sum,0.3220338983050847,0.7037037037037037,0.13114754098360656
rolling,2018-07-16,20,0,multiclass_probability_sum,0.3275862068965517,0.7037037037037037,0.12903225806451613
rolling,2018-07-17,20,0,multiclass_probability_sum,0.3333333333333333,0.7037037037037037,0.12698412698412698
rolling,2018-07-18,20,0,multiclass_probability_sum,0.3333333333333333,0.7037037037037037,0.12698412698412698
rolling,2018-07-19,20,0,multiclass_probability_sum,0.3333333333333333,0.7037037037037037,0.12698412698412698
rolling,2018-07-20,20,0,multiclass_probability_sum,0.3333333333333333,0.7037037037037037,0.12698412698412698
rolling,2018-07-23,20,0,multiclass_probability_sum,0.3392857142857143,0.7037037037037037,0.125
rolling,2018-07-24,20,0,multiclass_probability_sum,0.34545454545454546,0.7037037037037037,0.12307692307692308
rolling,2018-07-25,20,0,multiclass_probability_sum,0.35185185185185186,0.7037037037037037,0.12121212121212122
rolling,2018-07-26,20,0,multiclass_probability_sum,0.3584905660377358,0.7037037037037037,0.11940298507462686
rolling,2018-07-27,20,0,multiclass_probability_sum,0.36538461538461536,0.7037037037037037,0.11764705882352941
rolling,2018-07-30,20,0,multiclass_probability_sum,0.37254901960784315,0.7037037037037037,0.11594202898550725
rolling,2018-07-31,20,0,multiclass_probability_sum,0.38,0.7037037037037037,0.11428571428571428
rolling,2018-08-01,20,0,multiclass_probability_sum,0.3877551020408163,0.7037037037037037,0.11267605633802817
rolling,2018-08-02,20,0,multiclass_probability_sum,0.3877551020408163,0.7037037037037037,0.11267605633802817
rolling,2018-08-03,20,0,multiclass_probability_sum,0.3877551020408163,0.7037037037037037,0.11267605633802817
rolling,2018-08-06,20,0,multiclass_probability_sum,0.3877551020408163,0.7037037037037037,0.11267605633802817
rolling,2018-08-07,20,0,multiclass_probability_sum,0.3877551020408163,0.7037037037037037,0.11267605633802817
rolling,2018-08-08,20,0,multiclass_probability_sum,0.3877551020408163,0.7037037037037037,0.11267605633802817
rolling,2018-08-09,20,0,multiclass_probability_sum,0.3877551020408163,0.7037037037037037,0.11267605633802817
rolling,2018-08-10,20,0,multiclass_probability_sum,0.3877551020408163,0.7037037037037037,0.11267605633802817
rolling,2018-08-13,20,0,multiclass_probability_sum,0.3877551020408163,0.7037037037037037,0.11267605633802817
rolling,2018-08-14,20,0,multiclass_probability_sum,0.3877551020408163,0.7037037037037037,0.11267605633802817
rolling,2018-08-15,20,0,multiclass_probability_sum,0.3877551020408163,0.6785714285714286,0.1267605633802817
rolling,2018-08-16,20,0,multiclass_probability_sum,0.3877551020408163,0.6785714285714286,0.1267605633802817
rolling,2018-08-17,20,0,multiclass_probability_sum,0.3877551020408163,0.6785714285714286,0.1267605633802817
rolling,2018-08-20,20,0,multiclass_probability_sum,0.3877551020408163,0.6785714285714286,0.1267605633802817
rolling,2018-08-21,20,0,multiclass_probability_sum,0.3877551020408163,0.6785714285714286,0.1267605633802817
rolling,2018-08-22,20,0,multiclass_probability_sum,0.3877551020408163,0.6785714285714286,0.1267605633802817
rolling,2018-08-23,20,0,multiclass_probability_sum,0.3877551020408163,0.6785714285714286,0.1267605633802817
rolling,2018-08-24,20,0,multiclass_probability_sum,0.3877551020408163,0.6785714285714286,0.1267605633802817
rolling,2018-08-27,20,0,multiclass_probability_sum,0.3877551020408163,0.6785714285714286,0.1267605633802817
rolling,2018-08-28,20,0,multiclass_probability_sum,0.3877551020408163,0.6785714285714286,0.1267605633802817
rolling,2018-08-29,20,0,multiclass_probability_sum,0.3877551020408163,0.6551724137931034,0.14084507042253522
rolling,2018-08-30,20,0,multiclass_probability_sum,0.3877551020408163,0.6551724137931034,0.14084507042253522
rolling,2018-08-31,20,0,multiclass_probability_sum,0.3877551020408163,0.6333333333333333,0.15492957746478872
rolling,2018-09-04,20,0,multiclass_probability_sum,0.3877551020408163,0.6129032258064516,0.16901408450704225
rolling,2018-09-05,20,0,multiclass_probability_sum,0.3877551020408163,0.59375,0.18309859154929578
rolling,2018-09-06,20,0,multiclass_probability_sum,0.3877551020408163,0.5757575757575758,0.19718309859154928
rolling,2018-09-07,20,0,multiclass_probability_sum,0.3877551020408163,0.5588235294117647,0.2112676056338028
rolling,2018-09-10,20,0,multiclass_probability_sum,0.3877551020408163,0.5428571428571428,0.22535211267605634
rolling,2018-09-11,20,0,multiclass_probability_sum,0.3877551020408163,0.5428571428571428,0.22535211267605634
rolling,2018-09-12,20,0,multiclass_probability_sum,0.3958333333333333,0.5428571428571428,0.2222222222222222
rolling,2018-09-13,20,0,multiclass_probability_sum,0.3877551020408163,0.5588235294117647,0.2112676056338028
rolling,2018-09-14,20,0,multiclass_probability_sum,0.3673469387755102,0.5454545454545454,0.2112676056338028
rolling,2018-09-17,20,0,multiclass_probability_sum,0.3877551020408163,0.5588235294117647,0.2112676056338028
rolling,2018-09-18,20,0,multiclass_probability_sum,0.3673469387755102,0.5454545454545454,0.2112676056338028
rolling,2018-09-19,20,0,multiclass_probability_sum,0.3469387755102041,0.53125,0.2112676056338028
rolling,2018-09-20,20,0,multiclass_probability_sum,0.32653061224489793,0.5161290322580645,0.2112676056338028
rolling,2018-09-21,20,0,multiclass_probability_sum,0.3469387755102041,0.53125,0.2112676056338028
rolling,2018-09-24,20,0,multiclass_probability_sum,0.32653061224489793,0.5161290322580645,0.2112676056338028
rolling,2018-09-25,20,0,multiclass_probability_sum,0.32653061224489793,0.5161290322580645,0.2112676056338028
rolling,2018-09-26,20,0,multiclass_probability_sum,0.32653061224489793,0.5161290322580645,0.2112676056338028
rolling,2018-09-27,20,0,multiclass_probability_sum,0.32653061224489793,0.5161290322580645,0.2112676056338028
rolling,2018-09-28,20,0,multiclass_probability_sum,0.32653061224489793,0.5161290322580645,0.2112676056338028
rolling,2018-10-01,20,0,multiclass_probability_sum,0.32653061224489793,0.5161290322580645,0.2112676056338028
rolling,2018-10-02,20,0,multiclass_probability_sum,0.32653061224489793,0.5161290322580645,0.2112676056338028
rolling,2018-10-03,20,0,multiclass_probability_sum,0.3469387755102041,0.53125,0.2112676056338028
rolling,2018-10-04,20,0,multiclass_probability_sum,0.32653061224489793,0.5161290322580645,0.2112676056338028
rolling,2018-10-05,20,0,multiclass_probability_sum,0.32653061224489793,0.5161290322580645,0.2112676056338028
rolling,2018-10-08,20,0,multiclass_probability_sum,0.32653061224489793,0.5161290322580645,0.2112676056338028
rolling,2018-10-09,20,0,multiclass_probability_sum,0.32653061224489793,0.5161290322580645,0.2112676056338028
rolling,2018-10-10,20,0,multiclass_probability_sum,0.32653061224489793,0.5161290322580645,0.2112676056338028
rolling,2018-10-11,20,0,multiclass_probability_sum,0.3333333333333333,0.5,0.2222222222222222
rolling,2018-10-12,20,0,multiclass_probability_sum,0.3333333333333333,0.5,0.2222222222222222
rolling,2018-10-15,20,0,multiclass_probability_sum,0.3333333333333333,0.5,0.2222222222222222
rolling,2018-10-16,20,0,multiclass_probability_sum,0.3333333333333333,0.5,0.2222222222222222
rolling,2018-10-17,20,0,multiclass_probability_sum,0.3333333333333333,0.5,0.2222222222222222
rolling,2018-10-18,20,0,multiclass_probability_sum,0.3333333333333333,0.5,0.2222222222222222
rolling,2018-10-19,20,0,multiclass_probability_sum,0.3333333333333333,0.5,0.2222222222222222
rolling,2018-10-22,20,0,multiclass_probability_sum,0.3469387755102041,0.5151515151515151,0.22535211267605634
rolling,2018-10-23,20,0,multiclass_probability_sum,0.3541666666666667,0.5151515151515151,0.2222222222222222
rolling,2018-10-24,20,0,multiclass_probability_sum,0.3617021276595745,0.5,0.2328767123287671
rolling,2018-10-25,20,0,multiclass_probability_sum,0.3695652173913043,0.4857142857142857,0.24324324324324326
rolling,2018-10-26,20,0,multiclass_probability_sum,0.3695652173913043,0.4722222222222222,0.25675675675675674
rolling,2018-10-29,20,0,multiclass_probability_sum,0.3695652173913043,0.4594594594594595,0.2702702702702703
rolling,2018-10-30,20,0,multiclass_probability_sum,0.37777777777777777,0.4473684210526316,0.28
rolling,2018-10-31,20,0,multiclass_probability_sum,0.38636363636363635,0.4473684210526316,0.27631578947368424
rolling,2018-11-01,20,0,multiclass_probability_sum,0.37209302325581395,0.43243243243243246,0.2727272727272727
rolling,2018-11-02,20,0,multiclass_probability_sum,0.37209302325581395,0.4444444444444444,0.2597402597402597
rolling,2018-11-05,20,0,multiclass_probability_sum,0.37209302325581395,0.4444444444444444,0.2597402597402597
rolling,2018-11-06,20,0,multiclass_probability_sum,0.37209302325581395,0.45714285714285713,0.24675324675324675
rolling,2018-11-07,20,0,multiclass_probability_sum,0.37209302325581395,0.45714285714285713,0.24675324675324675
rolling,2018-11-08,20,0,multiclass_probability_sum,0.37209302325581395,0.4444444444444444,0.2597402597402597
rolling,2018-11-09,20,0,multiclass_probability_sum,0.37209302325581395,0.43243243243243246,0.2727272727272727
rolling,2018-11-12,20,0,multiclass_probability_sum,0.37209302325581395,0.43243243243243246,0.2727272727272727
rolling,2018-11-13,20,0,multiclass_probability_sum,0.37209302325581395,0.42105263157894735,0.2857142857142857
rolling,2018-11-14,20,0,multiclass_probability_sum,0.37209302325581395,0.41025641025641024,0.2987012987012987
rolling,2018-11-15,20,0,multiclass_probability_sum,0.37209302325581395,0.4,0.3116883116883117
rolling,2018-11-16,20,0,multiclass_probability_sum,0.37209302325581395,0.3902439024390244,0.3246753246753247
rolling,2018-11-19,20,0,multiclass_probability_sum,0.37209302325581395,0.38095238095238093,0.33766233766233766
rolling,2018-11-20,20,0,multiclass_probability_sum,0.38095238095238093,0.37209302325581395,0.34615384615384615
rolling,2018-11-21,20,0,multiclass_probability_sum,0.3902439024390244,0.36363636363636365,0.35443037974683544
rolling,2018-11-22,20,0,multiclass_probability_sum,0.4,0.35555555555555557,0.3625
rolling,2018-11-23,20,0,multiclass_probability_sum,0.41025641025641024,0.34782608695652173,0.37037037037037035
rolling,2018-11-26,20,0,multiclass_probability_sum,0.42105263157894735,0.3404255319148936,0.3780487804878049
rolling,2018-11-27,20,0,multiclass_probability_sum,0.4473684210526316,0.3541666666666667,0.3780487804878049
rolling,2018-11-28,20,0,multiclass_probability_sum,0.47368421052631576,0.3673469387755102,0.3780487804878049
rolling,2018-11-29,20,0,multiclass_probability_sum,0.5,0.38,0.3780487804878049
rolling,2018-11-30,20,0,multiclass_probability_sum,0.5263157894736842,0.39215686274509803,0.3780487804878049
rolling,2018-12-03,20,0,multiclass_probability_sum,0.5263157894736842,0.39215686274509803,0.3780487804878049
rolling,2018-12-04,20,0,multiclass_probability_sum,0.5,0.38,0.3780487804878049
rolling,2018-12-05,20,0,multiclass_probability_sum,0.47368421052631576,0.3673469387755102,0.3780487804878049
rolling,2018-12-06,20,0,multiclass_probability_sum,0.48717948717948717,0.38,0.38271604938271603
rolling,2018-12-07,20,0,multiclass_probability_sum,0.5,0.4,0.375
rolling,2018-12-10,20,0,multiclass_probability_sum,0.525,0.4117647058823529,0.375
rolling,2018-12-11,20,0,multiclass_probability_sum,0.55,0.4230769230769231,0.375
rolling,2018-12-12,20,0,multiclass_probability_sum,0.55,0.4230769230769231,0.375
rolling,2018-12-13,20,0,multiclass_probability_sum,0.575,0.4339622641509434,0.375
rolling,2018-12-14,20,0,multiclass_probability_sum,0.5853658536585366,0.4444444444444444,0.379746835443038
rolling,2018-12-17,20,0,multiclass_probability_sum,0.5952380952380952,0.45454545454545453,0.38461538461538464
rolling,2018-12-18,20,0,multiclass_probability_sum,0.6046511627906976,0.4642857142857143,0.38961038961038963
rolling,2018-12-19,20,0,multiclass_probability_sum,0.6046511627906976,0.45614035087719296,0.4025974025974026
rolling,2018-12-20,20,0,multiclass_probability_sum,0.6046511627906976,0.4482758620689655,0.4155844155844156
rolling,2018-12-21,20,0,multiclass_probability_sum,0.6046511627906976,0.4482758620689655,0.4155844155844156
rolling,2018-12-24,20,0,multiclass_probability_sum,0.6046511627906976,0.4406779661016949,0.42857142857142855
rolling,2018-12-25,20,0,multiclass_probability_sum,0.6046511627906976,0.43333333333333335,0.44155844155844154
rolling,2018-12-26,20,0,multiclass_probability_sum,0.6046511627906976,0.4262295081967213,0.45454545454545453
rolling,2018-12-27,20,0,multiclass_probability_sum,0.6046511627906976,0.4262295081967213,0.45454545454545453
rolling,2018-12-28,20,0,multiclass_probability_sum,0.6046511627906976,0.41935483870967744,0.4675324675324675
rolling,2019-01-02,20,0,multiclass_probability_sum,0.6046511627906976,0.4126984126984127,0.4805194805194805
rolling,2019-01-03,20,0,multiclass_probability_sum,0.6046511627906976,0.40625,0.4935064935064935
rolling,2019-01-04,20,0,multiclass_probability_sum,0.6046511627906976,0.4,0.5064935064935064
rolling,2019-01-07,20,0,multiclass_probability_sum,0.6046511627906976,0.3939393939393939,0.5194805194805194
rolling,2019-01-08,20,0,multiclass_probability_sum,0.6046511627906976,0.3880597014925373,0.5324675324675324
rolling,2019-01-09,20,0,multiclass_probability_sum,0.6046511627906976,0.38235294117647056,0.5454545454545454
rolling,2019-01-10,20,0,multiclass_probability_sum,0.6046511627906976,0.37681159420289856,0.5584415584415584
rolling,2019-01-11,20,0,multiclass_probability_sum,0.6046511627906976,0.37142857142857144,0.5714285714285714
rolling,2019-01-14,20,0,multiclass_probability_sum,0.6046511627906976,0.36619718309859156,0.5844155844155844
rolling,2019-01-15,20,0,multiclass_probability_sum,0.6046511627906976,0.36619718309859156,0.5844155844155844
rolling,2019-01-16,20,0,multiclass_probability_sum,0.6046511627906976,0.3611111111111111,0.5974025974025974
rolling,2019-01-17,20,0,multiclass_probability_sum,0.6046511627906976,0.3561643835616438,0.6103896103896104
rolling,2019-01-18,20,0,multiclass_probability_sum,0.6046511627906976,0.35135135135135137,0.6233766233766234
rolling,2019-01-21,20,0,multiclass_probability_sum,0.6046511627906976,0.35135135135135137,0.6233766233766234
rolling,2019-01-22,20,0,multiclass_probability_sum,0.6046511627906976,0.3466666666666667,0.6363636363636364
rolling,2019-01-23,20,0,multiclass_probability_sum,0.6046511627906976,0.34210526315789475,0.6493506493506493
rolling,2019-01-24,20,0,multiclass_probability_sum,0.6046511627906976,0.33766233766233766,0.6623376623376623
rolling,2019-01-25,20,0,multiclass_probability_sum,0.6046511627906976,0.3333333333333333,0.6753246753246753
rolling,2019-01-28,20,0,multiclass_probability_sum,0.6046511627906976,0.3333333333333333,0.6753246753246753
rolling,2019-01-29,20,0,multiclass_probability_sum,0.6046511627906976,0.3333333333333333,0.6753246753246753
rolling,2019-01-30,20,0,multiclass_probability_sum,0.6046511627906976,0.3333333333333333,0.6753246753246753
rolling,2019-01-31,20,0,multiclass_probability_sum,0.6046511627906976,0.3291139240506329,0.6883116883116883
rolling,2019-02-01,20,0,multiclass_probability_sum,0.6046511627906976,0.325,0.7012987012987013
rolling,2019-02-11,20,0,multiclass_probability_sum,0.6046511627906976,0.3291139240506329,0.6883116883116883
rolling,2019-02-12,20,0,multiclass_probability_sum,0.6046511627906976,0.3291139240506329,0.6883116883116883
rolling,2019-02-13,20,0,multiclass_probability_sum,0.6046511627906976,0.3291139240506329,0.6883116883116883
rolling,2019-02-14,20,0,multiclass_probability_sum,0.6046511627906976,0.3291139240506329,0.6883116883116883
rolling,2019-02-15,20,0,multiclass_probability_sum,0.6046511627906976,0.3291139240506329,0.6883116883116883
rolling,2019-02-18,20,0,multiclass_probability_sum,0.6046511627906976,0.3291139240506329,0.6883116883116883
rolling,2019-02-19,20,0,multiclass_probability_sum,0.6046511627906976,0.3291139240506329,0.6883116883116883
rolling,2019-02-20,20,0,multiclass_probability_sum,0.6046511627906976,0.3291139240506329,0.6883116883116883
rolling,2019-02-21,20,0,multiclass_probability_sum,0.6046511627906976,0.3291139240506329,0.6883116883116883
rolling,2019-02-22,20,0,multiclass_probability_sum,0.6046511627906976,0.3291139240506329,0.6883116883116883
rolling,2019-02-25,20,0,multiclass_probability_sum,0.5909090909090909,0.3333333333333333,0.6842105263157895
rolling,2019-02-26,20,0,multiclass_probability_sum,0.5909090909090909,0.3291139240506329,0.6973684210526315
rolling,2019-02-27,20,0,multiclass_probability_sum,0.5909090909090909,0.3291139240506329,0.6973684210526315
rolling,2019-02-28,20,0,multiclass_probability_sum,0.5909090909090909,0.3291139240506329,0.6973684210526315
rolling,2019-03-01,20,0,multiclass_probability_sum,0.5909090909090909,0.3333333333333333,0.6842105263157895
rolling,2019-03-04,20,0,multiclass_probability_sum,0.5909090909090909,0.33766233766233766,0.6710526315789473
rolling,2019-03-05,20,0,multiclass_probability_sum,0.5909090909090909,0.34210526315789475,0.6578947368421053
rolling,2019-03-06,20,0,multiclass_probability_sum,0.5909090909090909,0.3466666666666667,0.6447368421052632
rolling,2019-03-07,20,0,multiclass_probability_sum,0.5909090909090909,0.3466666666666667,0.6447368421052632
rolling,2019-03-08,20,0,multiclass_probability_sum,0.5909090909090909,0.34210526315789475,0.6578947368421053
rolling,2019-03-11,20,0,multiclass_probability_sum,0.6046511627906976,0.33766233766233766,0.6623376623376623
rolling,2019-03-12,20,0,multiclass_probability_sum,0.6190476190476191,0.33766233766233766,0.6538461538461539
rolling,2019-03-13,20,0,multiclass_probability_sum,0.5952380952380952,0.32894736842105265,0.6538461538461539
rolling,2019-03-14,20,0,multiclass_probability_sum,0.5952380952380952,0.32894736842105265,0.6538461538461539
rolling,2019-03-15,20,0,multiclass_probability_sum,0.6190476190476191,0.33766233766233766,0.6538461538461539
rolling,2019-03-18,20,0,multiclass_probability_sum,0.6428571428571429,0.34615384615384615,0.6538461538461539
rolling,2019-03-19,20,0,multiclass_probability_sum,0.6428571428571429,0.34615384615384615,0.6538461538461539
rolling,2019-03-20,20,0,multiclass_probability_sum,0.6666666666666666,0.35443037974683544,0.6538461538461539
rolling,2019-03-21,20,0,multiclass_probability_sum,0.6585365853658537,0.34177215189873417,0.6582278481012658
rolling,2019-03-22,20,0,multiclass_probability_sum,0.6585365853658537,0.34177215189873417,0.6582278481012658
rolling,2019-03-25,20,0,multiclass_probability_sum,0.65,0.3291139240506329,0.6625
rolling,2019-03-26,20,0,multiclass_probability_sum,0.6410256410256411,0.31645569620253167,0.6666666666666666
rolling,2019-03-27,20,0,multiclass_probability_sum,0.631578947368421,0.3037974683544304,0.6707317073170732
rolling,2019-03-28,20,0,multiclass_probability_sum,0.6216216216216216,0.2911392405063291,0.6746987951807228
rolling,2019-03-29,20,0,multiclass_probability_sum,0.6111111111111112,0.27848101265822783,0.6785714285714286
rolling,2019-04-01,20,0,multiclass_probability_sum,0.6285714285714286,0.27848101265822783,0.6705882352941176
rolling,2019-04-02,20,0,multiclass_probability_sum,0.6285714285714286,0.27848101265822783,0.6705882352941176
rolling,2019-04-03,20,0,multiclass_probability_sum,0.6285714285714286,0.27848101265822783,0.6705882352941176
rolling,2019-04-04,20,0,multiclass_probability_sum,0.6285714285714286,0.27848101265822783,0.6705882352941176
rolling,2019-04-05,20,0,multiclass_probability_sum,0.6285714285714286,0.27848101265822783,0.6705882352941176
rolling,2019-04-08,20,0,multiclass_probability_sum,0.6388888888888888,0.2911392405063291,0.6666666666666666
rolling,2019-04-09,20,0,multiclass_probability_sum,0.6666666666666666,0.3,0.6666666666666666
rolling,2019-04-10,20,0,multiclass_probability_sum,0.6857142857142857,0.2962962962962963,0.6705882352941176
rolling,2019-04-11,20,0,multiclass_probability_sum,0.7058823529411765,0.2926829268292683,0.6744186046511628
rolling,2019-04-12,20,0,multiclass_probability_sum,0.7272727272727273,0.2891566265060241,0.6781609195402298
rolling,2019-04-16,20,0,multiclass_probability_sum,0.75,0.2857142857142857,0.6818181818181818
rolling,2019-04-17,20,0,multiclass_probability_sum,0.7741935483870968,0.2823529411764706,0.6853932584269663
rolling,2019-04-18,20,0,multiclass_probability_sum,0.7666666666666667,0.27058823529411763,0.6888888888888889
rolling,2019-04-19,20,0,multiclass_probability_sum,0.7666666666666667,0.26744186046511625,0.7
rolling,2019-04-22,20,0,multiclass_probability_sum,0.7666666666666667,0.26744186046511625,0.7
rolling,2019-04-23,20,0,multiclass_probability_sum,0.7666666666666667,0.26744186046511625,0.7
rolling,2019-04-24,20,0,multiclass_probability_sum,0.7666666666666667,0.26744186046511625,0.7
rolling,2019-04-25,20,0,multiclass_probability_sum,0.7666666666666667,0.26744186046511625,0.7
rolling,2019-04-26,20,0,multiclass_probability_sum,0.7666666666666667,0.26744186046511625,0.7
rolling,2019-05-02,20,0,multiclass_probability_sum,0.7666666666666667,0.26436781609195403,0.7111111111111111
rolling,2019-05-03,20,0,multiclass_probability_sum,0.7666666666666667,0.26136363636363635,0.7222222222222222
rolling,2019-05-06,20,0,multiclass_probability_sum,0.7666666666666667,0.25842696629213485,0.7333333333333333
rolling,2019-05-07,20,0,multiclass_probability_sum,0.7666666666666667,0.25555555555555554,0.7444444444444445
rolling,2019-05-08,20,0,multiclass_probability_sum,0.7666666666666667,0.25274725274725274,0.7555555555555555
rolling,2019-05-09,20,0,multiclass_probability_sum,0.7666666666666667,0.25274725274725274,0.7555555555555555
rolling,2019-05-10,20,0,multiclass_probability_sum,0.7666666666666667,0.25274725274725274,0.7555555555555555
rolling,2019-05-13,20,0,multiclass_probability_sum,0.7666666666666667,0.25274725274725274,0.7555555555555555
rolling,2019-05-14,20,0,multiclass_probability_sum,0.7666666666666667,0.25274725274725274,0.7555555555555555
rolling,2019-05-15,20,0,multiclass_probability_sum,0.7741935483870968,0.26373626373626374,0.7528089887640449
rolling,2019-05-16,20,0,multiclass_probability_sum,0.78125,0.27472527472527475,0.75
rolling,2019-05-17,20,0,multiclass_probability_sum,0.7878787878787878,0.2857142857142857,0.7471264367816092
rolling,2019-05-20,20,0,multiclass_probability_sum,0.7647058823529411,0.28888888888888886,0.7441860465116279
rolling,2019-05-21,20,0,multiclass_probability_sum,0.7714285714285715,0.3,0.7411764705882353
rolling,2019-05-22,20,0,multiclass_probability_sum,0.7777777777777778,0.3111111111111111,0.7380952380952381
rolling,2019-05-23,20,0,multiclass_probability_sum,0.7837837837837838,0.32222222222222224,0.7349397590361446
rolling,2019-05-24,20,0,multiclass_probability_sum,0.7837837837837838,0.32222222222222224,0.7349397590361446
rolling,2019-05-27,20,0,multiclass_probability_sum,0.7837837837837838,0.32222222222222224,0.7349397590361446
rolling,2019-05-28,20,0,multiclass_probability_sum,0.7837837837837838,0.32222222222222224,0.7349397590361446
rolling,2019-05-29,20,0,multiclass_probability_sum,0.7777777777777778,0.3111111111111111,0.7380952380952381
rolling,2019-05-30,20,0,multiclass_probability_sum,0.7777777777777778,0.3111111111111111,0.7380952380952381
rolling,2019-05-31,20,0,multiclass_probability_sum,0.7714285714285715,0.3,0.7411764705882353
rolling,2019-06-03,20,0,multiclass_probability_sum,0.7647058823529411,0.28888888888888886,0.7441860465116279
rolling,2019-06-04,20,0,multiclass_probability_sum,0.7878787878787878,0.2857142857142857,0.7471264367816092
rolling,2019-06-05,20,0,multiclass_probability_sum,0.8125,0.2826086956521739,0.75
rolling,2019-06-06,20,0,multiclass_probability_sum,0.8387096774193549,0.27956989247311825,0.7528089887640449
rolling,2019-06-07,20,0,multiclass_probability_sum,0.8333333333333334,0.26881720430107525,0.7555555555555555
rolling,2019-06-10,20,0,multiclass_probability_sum,0.8275862068965517,0.25806451612903225,0.7582417582417582
rolling,2019-06-11,20,0,multiclass_probability_sum,0.8214285714285714,0.24731182795698925,0.7608695652173914
rolling,2019-06-12,20,0,multiclass_probability_sum,0.8148148148148148,0.23655913978494625,0.7634408602150538
rolling,2019-06-13,20,0,multiclass_probability_sum,0.8461538461538461,0.23404255319148937,0.7659574468085106
rolling,2019-06-14,20,0,multiclass_probability_sum,0.84,0.22340425531914893,0.7684210526315789
rolling,2019-06-17,20,0,multiclass_probability_sum,0.8333333333333334,0.2127659574468085,0.7708333333333334
rolling,2019-06-18,20,0,multiclass_probability_sum,0.8260869565217391,0.20212765957446807,0.7731958762886598
rolling,2019-06-19,20,0,multiclass_probability_sum,0.8181818181818182,0.19148936170212766,0.7755102040816326
rolling,2019-06-20,20,0,multiclass_probability_sum,0.8181818181818182,0.19148936170212766,0.7755102040816326
rolling,2019-06-21,20,0,multiclass_probability_sum,0.8181818181818182,0.19148936170212766,0.7755102040816326
rolling,2019-06-24,20,0,multiclass_probability_sum,0.8181818181818182,0.19148936170212766,0.7755102040816326
rolling,2019-06-25,20,0,multiclass_probability_sum,0.8181818181818182,0.19148936170212766,0.7755102040816326
rolling,2019-06-26,20,0,multiclass_probability_sum,0.8181818181818182,0.19148936170212766,0.7755102040816326
rolling,2019-06-27,20,0,multiclass_probability_sum,0.8181818181818182,0.19148936170212766,0.7755102040816326
rolling,2019-06-28,20,0,multiclass_probability_sum,0.8181818181818182,0.19148936170212766,0.7755102040816326
rolling,2019-07-01,20,0,multiclass_probability_sum,0.8181818181818182,0.1935483870967742,0.7653061224489796
rolling,2019-07-02,20,0,multiclass_probability_sum,0.8181818181818182,0.1935483870967742,0.7653061224489796
rolling,2019-07-03,20,0,multiclass_probability_sum,0.8181818181818182,0.1935483870967742,0.7653061224489796
rolling,2019-07-04,20,0,multiclass_probability_sum,0.8181818181818182,0.1956521739130435,0.7551020408163265
rolling,2019-07-05,20,0,multiclass_probability_sum,0.8181818181818182,0.1978021978021978,0.7448979591836735
rolling,2019-07-08,20,0,multiclass_probability_sum,0.8181818181818182,0.1978021978021978,0.7448979591836735
rolling,2019-07-09,20,0,multiclass_probability_sum,0.8181818181818182,0.1978021978021978,0.7448979591836735
rolling,2019-07-10,20,0,multiclass_probability_sum,0.8181818181818182,0.1978021978021978,0.7448979591836735
rolling,2019-07-11,20,0,multiclass_probability_sum,0.8181818181818182,0.1978021978021978,0.7448979591836735
rolling,2019-07-12,20,0,multiclass_probability_sum,0.8181818181818182,0.1978021978021978,0.7448979591836735
rolling,2019-07-15,20,0,multiclass_probability_sum,0.8181818181818182,0.1956521739130435,0.7551020408163265
rolling,2019-07-16,20,0,multiclass_probability_sum,0.8181818181818182,0.1978021978021978,0.7448979591836735
rolling,2019-07-17,20,0,multiclass_probability_sum,0.8181818181818182,0.1978021978021978,0.7448979591836735
rolling,2019-07-18,20,0,multiclass_probability_sum,0.8181818181818182,0.1978021978021978,0.7448979591836735
rolling,2019-07-19,20,0,multiclass_probability_sum,0.8181818181818182,0.1956521739130435,0.7551020408163265
rolling,2019-07-22,20,0,multiclass_probability_sum,0.8181818181818182,0.1956521739130435,0.7551020408163265
rolling,2019-07-23,20,0,multiclass_probability_sum,0.8181818181818182,0.1978021978021978,0.7448979591836735
rolling,2019-07-24,20,0,multiclass_probability_sum,0.8181818181818182,0.1978021978021978,0.7448979591836735
rolling,2019-07-25,20,0,multiclass_probability_sum,0.8181818181818182,0.2,0.7346938775510204
rolling,2019-07-26,20,0,multiclass_probability_sum,0.8181818181818182,0.1978021978021978,0.7448979591836735
rolling,2019-07-29,20,0,multiclass_probability_sum,0.782608695652174,0.1978021978021978,0.7525773195876289
rolling,2019-07-30,20,0,multiclass_probability_sum,0.782608695652174,0.1956521739130435,0.7628865979381443
rolling,2019-07-31,20,0,multiclass_probability_sum,0.782608695652174,0.1956521739130435,0.7628865979381443
rolling,2019-08-01,20,0,multiclass_probability_sum,0.75,0.1978021978021978,0.7604166666666666
rolling,2019-08-02,20,0,multiclass_probability_sum,0.75,0.1956521739130435,0.7708333333333334
rolling,2019-08-05,20,0,multiclass_probability_sum,0.75,0.1935483870967742,0.78125
rolling,2019-08-06,20,0,multiclass_probability_sum,0.75,0.19148936170212766,0.7916666666666666
rolling,2019-08-07,20,0,multiclass_probability_sum,0.75,0.18947368421052632,0.8020833333333334
rolling,2019-08-08,20,0,multiclass_probability_sum,0.75,0.1875,0.8125
rolling,2019-08-09,20,0,multiclass_probability_sum,0.75,0.18556701030927836,0.8229166666666666
rolling,2019-08-12,20,0,multiclass_probability_sum,0.75,0.1836734693877551,0.8333333333333334
rolling,2019-08-13,20,0,multiclass_probability_sum,0.75,0.18181818181818182,0.84375
rolling,2019-08-14,20,0,multiclass_probability_sum,0.75,0.18,0.8541666666666666
rolling,2019-08-15,20,0,multiclass_probability_sum,0.75,0.18,0.8541666666666666
rolling,2019-08-16,20,0,multiclass_probability_sum,0.782608695652174,0.18,0.845360824742268
rolling,2019-08-19,20,0,multiclass_probability_sum,0.782608695652174,0.18181818181818182,0.8350515463917526
rolling,2019-08-20,20,0,multiclass_probability_sum,0.782608695652174,0.1836734693877551,0.8247422680412371
rolling,2019-08-21,20,0,multiclass_probability_sum,0.782608695652174,0.18556701030927836,0.8144329896907216
rolling,2019-08-22,20,0,multiclass_probability_sum,0.782608695652174,0.18556701030927836,0.8144329896907216
rolling,2019-08-23,20,0,multiclass_probability_sum,0.782608695652174,0.1836734693877551,0.8247422680412371
rolling,2019-08-26,20,0,multiclass_probability_sum,0.782608695652174,0.18181818181818182,0.8350515463917526
rolling,2019-08-27,20,0,multiclass_probability_sum,0.782608695652174,0.18,0.845360824742268
rolling,2019-08-28,20,0,multiclass_probability_sum,0.782608695652174,0.1782178217821782,0.8556701030927835
rolling,2019-08-29,20,0,multiclass_probability_sum,0.782608695652174,0.1782178217821782,0.8556701030927835
rolling,2019-08-30,20,0,multiclass_probability_sum,0.782608695652174,0.1782178217821782,0.8556701030927835
rolling,2019-09-03,20,0,multiclass_probability_sum,0.782608695652174,0.17647058823529413,0.865979381443299
rolling,2019-09-04,20,0,multiclass_probability_sum,0.8181818181818182,0.17475728155339806,0.8673469387755102
rolling,2019-09-05,20,0,multiclass_probability_sum,0.8571428571428571,0.17307692307692307,0.8686868686868687
rolling,2019-09-06,20,0,multiclass_probability_sum,0.85,0.16346153846153846,0.87
rolling,2019-09-09,20,0,multiclass_probability_sum,0.8421052631578947,0.15384615384615385,0.8712871287128713
rolling,2019-09-10,20,0,multiclass_probability_sum,0.8333333333333334,0.14423076923076922,0.8725490196078431
rolling,2019-09-11,20,0,multiclass_probability_sum,0.8235294117647058,0.1346153846153846,0.8737864077669902
rolling,2019-09-12,20,0,multiclass_probability_sum,0.8235294117647058,0.1346153846153846,0.8737864077669902
rolling,2019-09-13,20,0,multiclass_probability_sum,0.8125,0.1262135922330097,0.8653846153846154
rolling,2019-09-16,20,0,multiclass_probability_sum,0.8125,0.1262135922330097,0.8653846153846154
rolling,2019-09-17,20,0,multiclass_probability_sum,0.8125,0.12745098039215685,0.8557692307692307
rolling,2019-09-18,20,0,multiclass_probability_sum,0.8125,0.12745098039215685,0.8557692307692307
rolling,2019-09-19,20,0,multiclass_probability_sum,0.8125,0.12871287128712872,0.8461538461538461
rolling,2019-09-20,20,0,multiclass_probability_sum,0.8125,0.12871287128712872,0.8461538461538461
rolling,2019-09-23,20,0,multiclass_probability_sum,0.8125,0.12745098039215685,0.8557692307692307
rolling,2019-09-24,20,0,multiclass_probability_sum,0.8,0.11764705882352941,0.8571428571428571
rolling,2019-09-25,20,0,multiclass_probability_sum,0.7857142857142857,0.10784313725490197,0.8584905660377359
rolling,2019-09-26,20,0,multiclass_probability_sum,0.7692307692307693,0.09803921568627451,0.8598130841121495
rolling,2019-09-27,20,0,multiclass_probability_sum,0.75,0.08823529411764706,0.8611111111111112
rolling,2019-09-30,20,0,multiclass_probability_sum,0.7272727272727273,0.0784313725490196,0.8623853211009175
rolling,2019-10-01,20,0,multiclass_probability_sum,0.7,0.06930693069306931,0.8545454545454545
rolling,2019-10-02,20,0,multiclass_probability_sum,0.7,0.06930693069306931,0.8545454545454545
rolling,2019-10-03,20,0,multiclass_probability_sum,0.7,0.06930693069306931,0.8545454545454545
rolling,2019-10-04,20,0,multiclass_probability_sum,0.7,0.06930693069306931,0.8545454545454545
rolling,2019-10-07,20,0,multiclass_probability_sum,0.7,0.06930693069306931,0.8545454545454545
rolling,2019-10-08,20,0,multiclass_probability_sum,0.7,0.06930693069306931,0.8545454545454545
rolling,2019-10-09,20,0,multiclass_probability_sum,0.7,0.06930693069306931,0.8545454545454545
rolling,2019-10-10,20,0,multiclass_probability_sum,0.7,0.06930693069306931,0.8545454545454545
rolling,2019-10-11,20,0,multiclass_probability_sum,0.7,0.07,0.8454545454545455
rolling,2019-10-14,20,0,multiclass_probability_sum,0.7,0.0707070707070707,0.8363636363636363
rolling,2019-10-15,20,0,multiclass_probability_sum,0.7,0.07142857142857142,0.8272727272727273
rolling,2019-10-16,20,0,multiclass_probability_sum,0.7,0.07216494845360824,0.8181818181818182
rolling,2019-10-17,20,0,multiclass_probability_sum,0.7,0.07216494845360824,0.8181818181818182
rolling,2019-10-18,20,0,multiclass_probability_sum,0.7,0.07291666666666667,0.8090909090909091
rolling,2019-10-21,20,0,multiclass_probability_sum,0.7,0.07291666666666667,0.8090909090909091
rolling,2019-10-22,20,0,multiclass_probability_sum,0.7,0.07368421052631578,0.8
rolling,2019-10-23,20,0,multiclass_probability_sum,0.7,0.07446808510638298,0.7909090909090909
rolling,2019-10-24,20,0,multiclass_probability_sum,0.7,0.07526881720430108,0.7818181818181819
rolling,2019-10-25,20,0,multiclass_probability_sum,0.6363636363636364,0.07608695652173914,0.7798165137614679
rolling,2019-10-28,20,0,multiclass_probability_sum,0.5833333333333334,0.07692307692307693,0.7777777777777778
rolling,2019-10-29,20,0,multiclass_probability_sum,0.5384615384615384,0.07777777777777778,0.7757009345794392
rolling,2019-10-30,20,0,multiclass_probability_sum,0.5,0.07865168539325842,0.7735849056603774
rolling,2019-10-31,20,0,multiclass_probability_sum,0.42857142857142855,0.06818181818181818,0.7735849056603774
rolling,2019-11-01,20,0,multiclass_probability_sum,0.35714285714285715,0.05747126436781609,0.7735849056603774
rolling,2019-11-04,20,0,multiclass_probability_sum,0.2857142857142857,0.046511627906976744,0.7735849056603774
rolling,2019-11-05,20,0,multiclass_probability_sum,0.2857142857142857,0.046511627906976744,0.7735849056603774
rolling,2019-11-06,20,0,multiclass_probability_sum,0.21428571428571427,0.03529411764705882,0.7735849056603774
rolling,2019-11-07,20,0,multiclass_probability_sum,0.14285714285714285,0.023809523809523808,0.7735849056603774
rolling,2019-11-08,20,0,multiclass_probability_sum,0.07142857142857142,0.012048192771084338,0.7735849056603774
rolling,2019-11-11,20,0,multiclass_probability_sum,0.13333333333333333,0.024096385542168676,0.7714285714285715
rolling,2019-11-12,20,0,multiclass_probability_sum,0.1875,0.03614457831325301,0.7692307692307693
rolling,2019-11-13,20,0,multiclass_probability_sum,0.23529411764705882,0.04819277108433735,0.7669902912621359
rolling,2019-11-14,20,0,multiclass_probability_sum,0.2777777777777778,0.060240963855421686,0.7647058823529411
rolling,2019-11-15,20,0,multiclass_probability_sum,0.2777777777777778,0.060240963855421686,0.7647058823529411
rolling,2019-11-18,20,0,multiclass_probability_sum,0.3157894736842105,0.07228915662650602,0.7623762376237624
rolling,2019-11-19,20,0,multiclass_probability_sum,0.35,0.08433734939759036,0.76
rolling,2019-11-20,20,0,multiclass_probability_sum,0.38095238095238093,0.0963855421686747,0.7575757575757576
rolling,2019-11-21,20,0,multiclass_probability_sum,0.4090909090909091,0.10843373493975904,0.7551020408163265
rolling,2019-11-22,20,0,multiclass_probability_sum,0.43478260869565216,0.12048192771084337,0.7525773195876289
rolling,2019-11-25,20,0,multiclass_probability_sum,0.4583333333333333,0.13253012048192772,0.75
rolling,2019-11-26,20,0,multiclass_probability_sum,0.48,0.14457831325301204,0.7473684210526316
rolling,2019-11-27,20,0,multiclass_probability_sum,0.5,0.1566265060240964,0.7446808510638298
rolling,2019-11-28,20,0,multiclass_probability_sum,0.5,0.1566265060240964,0.7446808510638298
rolling,2019-11-29,20,0,multiclass_probability_sum,0.5,0.1566265060240964,0.7446808510638298
rolling,2019-12-02,20,0,multiclass_probability_sum,0.5,0.1566265060240964,0.7446808510638298
rolling,2019-12-03,20,0,multiclass_probability_sum,0.5,0.1566265060240964,0.7446808510638298
rolling,2019-12-04,20,0,multiclass_probability_sum,0.5,0.1566265060240964,0.7446808510638298
rolling,2019-12-05,20,0,multiclass_probability_sum,0.5,0.1566265060240964,0.7446808510638298
rolling,2019-12-06,20,0,multiclass_probability_sum,0.5,0.1566265060240964,0.7446808510638298
rolling,2019-12-09,20,0,multiclass_probability_sum,0.5,0.1566265060240964,0.7446808510638298
rolling,2019-12-10,20,0,multiclass_probability_sum,0.5,0.1566265060240964,0.7446808510638298
rolling,2019-12-11,20,0,multiclass_probability_sum,0.5,0.1566265060240964,0.7446808510638298
rolling,2019-12-12,20,0,multiclass_probability_sum,0.5,0.1566265060240964,0.7446808510638298
rolling,2019-12-13,20,0,multiclass_probability_sum,0.5,0.1566265060240964,0.7446808510638298
rolling,2019-12-16,20,0,multiclass_probability_sum,0.5,0.1566265060240964,0.7446808510638298
rolling,2019-12-17,20,0,multiclass_probability_sum,0.5,0.15476190476190477,0.7553191489361702
rolling,2019-12-18,20,0,multiclass_probability_sum,0.5,0.15476190476190477,0.7553191489361702
rolling,2019-12-19,20,0,multiclass_probability_sum,0.5,0.15476190476190477,0.7553191489361702
rolling,2019-12-20,20,0,multiclass_probability_sum,0.5,0.15294117647058825,0.7659574468085106
rolling,2019-12-23,20,0,multiclass_probability_sum,0.5,0.1511627906976744,0.776595744680851
rolling,2019-12-24,20,0,multiclass_probability_sum,0.5,0.1511627906976744,0.776595744680851
rolling,2019-12-25,20,0,multiclass_probability_sum,0.5,0.1511627906976744,0.776595744680851
rolling,2019-12-26,20,0,multiclass_probability_sum,0.5185185185185185,0.16279069767441862,0.7741935483870968
rolling,2019-12-27,20,0,multiclass_probability_sum,0.5,0.16470588235294117,0.7717391304347826
rolling,2019-12-30,20,0,multiclass_probability_sum,0.4827586206896552,0.16666666666666666,0.7692307692307693
rolling,2019-12-31,20,0,multiclass_probability_sum,0.5,0.17857142857142858,0.7666666666666667
rolling,2020-01-02,20,0,multiclass_probability_sum,0.4838709677419355,0.17857142857142858,0.7752808988764045
rolling,2020-01-03,20,0,multiclass_probability_sum,0.46875,0.18072289156626506,0.7727272727272727
rolling,2020-01-06,20,0,multiclass_probability_sum,0.48484848484848486,0.1927710843373494,0.7701149425287356
rolling,2020-01-07,20,0,multiclass_probability_sum,0.5,0.20481927710843373,0.7674418604651163
rolling,2020-01-08,20,0,multiclass_probability_sum,0.5,0.20481927710843373,0.7674418604651163
rolling,2020-01-09,20,0,multiclass_probability_sum,0.5142857142857142,0.21428571428571427,0.7764705882352941
rolling,2020-01-10,20,0,multiclass_probability_sum,0.5,0.21686746987951808,0.7738095238095238
rolling,2020-01-13,20,0,multiclass_probability_sum,0.5135135135135135,0.2261904761904762,0.7831325301204819
rolling,2020-01-14,20,0,multiclass_probability_sum,0.5263157894736842,0.23809523809523808,0.7804878048780488
rolling,2020-01-15,20,0,multiclass_probability_sum,0.5263157894736842,0.23809523809523808,0.7804878048780488
rolling,2020-01-16,20,0,multiclass_probability_sum,0.5128205128205128,0.24096385542168675,0.7777777777777778
rolling,2020-01-17,20,0,multiclass_probability_sum,0.5,0.24390243902439024,0.775
rolling,2020-01-20,20,0,multiclass_probability_sum,0.5,0.24390243902439024,0.775
rolling,2020-01-21,20,0,multiclass_probability_sum,0.4878048780487805,0.24691358024691357,0.7721518987341772
rolling,2020-01-22,20,0,multiclass_probability_sum,0.47619047619047616,0.25,0.7692307692307693
rolling,2020-01-30,20,0,multiclass_probability_sum,0.4883720930232558,0.2625,0.7662337662337663
rolling,2020-01-31,20,0,multiclass_probability_sum,0.4772727272727273,0.26582278481012656,0.7631578947368421
rolling,2020-02-03,20,0,multiclass_probability_sum,0.4666666666666667,0.2692307692307692,0.76
rolling,2020-02-04,20,0,multiclass_probability_sum,0.45652173913043476,0.2727272727272727,0.7567567567567568
rolling,2020-02-05,20,0,multiclass_probability_sum,0.44680851063829785,0.27631578947368424,0.7534246575342466
rolling,2020-02-06,20,0,multiclass_probability_sum,0.4375,0.28,0.75
rolling,2020-02-07,20,0,multiclass_probability_sum,0.42857142857142855,0.28378378378378377,0.7464788732394366
rolling,2020-02-10,20,0,multiclass_probability_sum,0.42,0.28378378378378377,0.7571428571428571
rolling,2020-02-11,20,0,multiclass_probability_sum,0.4117647058823529,0.28378378378378377,0.7681159420289855
rolling,2020-02-12,20,0,multiclass_probability_sum,0.40384615384615385,0.28378378378378377,0.7794117647058824
rolling,2020-02-13,20,0,multiclass_probability_sum,0.39622641509433965,0.28378378378378377,0.7910447761194029
rolling,2020-02-14,20,0,multiclass_probability_sum,0.3888888888888889,0.28378378378378377,0.803030303030303
rolling,2020-02-17,20,0,multiclass_probability_sum,0.38181818181818183,0.28378378378378377,0.8153846153846154
rolling,2020-02-18,20,0,multiclass_probability_sum,0.39285714285714285,0.2972972972972973,0.8125
rolling,2020-02-19,20,0,multiclass_probability_sum,0.40350877192982454,0.3108108108108108,0.8095238095238095
rolling,2020-02-20,20,0,multiclass_probability_sum,0.39655172413793105,0.3150684931506849,0.8064516129032258
rolling,2020-02-21,20,0,multiclass_probability_sum,0.4067796610169492,0.3287671232876712,0.8032786885245902
rolling,2020-02-24,20,0,multiclass_probability_sum,0.4,0.3333333333333333,0.8
rolling,2020-02-25,20,0,multiclass_probability_sum,0.39344262295081966,0.3380281690140845,0.7966101694915254
rolling,2020-02-26,20,0,multiclass_probability_sum,0.4032258064516129,0.352112676056338,0.7931034482758621
rolling,2020-02-27,20,0,multiclass_probability_sum,0.3968253968253968,0.35714285714285715,0.7894736842105263
rolling,2020-02-28,20,0,multiclass_probability_sum,0.40625,0.37142857142857144,0.7857142857142857
rolling,2020-03-02,20,0,multiclass_probability_sum,0.4,0.37681159420289856,0.7818181818181819
rolling,2020-03-03,20,0,multiclass_probability_sum,0.3939393939393939,0.38235294117647056,0.7777777777777778
rolling,2020-03-04,20,0,multiclass_probability_sum,0.3880597014925373,0.3880597014925373,0.7735849056603774
rolling,2020-03-05,20,0,multiclass_probability_sum,0.38235294117647056,0.3939393939393939,0.7692307692307693
rolling,2020-03-06,20,0,multiclass_probability_sum,0.37681159420289856,0.4,0.7647058823529411
rolling,2020-03-09,20,0,multiclass_probability_sum,0.38571428571428573,0.4090909090909091,0.78
rolling,2020-03-10,20,0,multiclass_probability_sum,0.38028169014084506,0.4153846153846154,0.7755102040816326
rolling,2020-03-11,20,0,multiclass_probability_sum,0.375,0.4153846153846154,0.7916666666666666
rolling,2020-03-12,20,0,multiclass_probability_sum,0.3698630136986301,0.421875,0.7872340425531915
rolling,2020-03-13,20,0,multiclass_probability_sum,0.36486486486486486,0.421875,0.8043478260869565
rolling,2020-03-16,20,0,multiclass_probability_sum,0.36,0.42857142857142855,0.8
rolling,2020-03-17,20,0,multiclass_probability_sum,0.35526315789473684,0.43548387096774194,0.7954545454545454
rolling,2020-03-18,20,0,multiclass_probability_sum,0.35064935064935066,0.4426229508196721,0.7906976744186046
rolling,2020-03-19,20,0,multiclass_probability_sum,0.35064935064935066,0.45,0.7674418604651163
rolling,2020-03-20,20,0,multiclass_probability_sum,0.35064935064935066,0.45,0.7674418604651163
rolling,2020-03-23,20,0,multiclass_probability_sum,0.35064935064935066,0.45,0.7674418604651163
rolling,2020-03-24,20,0,multiclass_probability_sum,0.35064935064935066,0.45,0.7674418604651163
rolling,2020-03-25,20,0,multiclass_probability_sum,0.35064935064935066,0.45,0.7674418604651163
rolling,2020-03-26,20,0,multiclass_probability_sum,0.35064935064935066,0.45,0.7674418604651163
rolling,2020-03-27,20,0,multiclass_probability_sum,0.35064935064935066,0.4576271186440678,0.7441860465116279
rolling,2020-03-30,20,0,multiclass_probability_sum,0.35064935064935066,0.4576271186440678,0.7441860465116279
rolling,2020-03-31,20,0,multiclass_probability_sum,0.35064935064935066,0.46551724137931033,0.7209302325581395
rolling,2020-04-01,20,0,multiclass_probability_sum,0.35064935064935066,0.47368421052631576,0.6976744186046512
rolling,2020-04-03,20,0,multiclass_probability_sum,0.35064935064935066,0.48214285714285715,0.6744186046511628
rolling,2020-04-06,20,0,multiclass_probability_sum,0.35064935064935066,0.4909090909090909,0.6511627906976745
rolling,2020-04-07,20,0,multiclass_probability_sum,0.35064935064935066,0.4909090909090909,0.6511627906976745
rolling,2020-04-08,20,0,multiclass_probability_sum,0.35064935064935066,0.4909090909090909,0.6511627906976745
rolling,2020-04-09,20,0,multiclass_probability_sum,0.35064935064935066,0.4909090909090909,0.6511627906976745
rolling,2020-04-10,20,0,multiclass_probability_sum,0.35064935064935066,0.4909090909090909,0.6511627906976745
rolling,2020-04-13,20,0,multiclass_probability_sum,0.35064935064935066,0.5,0.627906976744186
rolling,2020-04-14,20,0,multiclass_probability_sum,0.35064935064935066,0.5,0.627906976744186
rolling,2020-04-15,20,0,multiclass_probability_sum,0.35064935064935066,0.5094339622641509,0.6046511627906976
rolling,2020-04-16,20,0,multiclass_probability_sum,0.35064935064935066,0.5094339622641509,0.6046511627906976
rolling,2020-04-17,20,0,multiclass_probability_sum,0.35064935064935066,0.5094339622641509,0.6046511627906976
rolling,2020-04-20,20,0,multiclass_probability_sum,0.35064935064935066,0.5094339622641509,0.6046511627906976
rolling,2020-04-21,20,0,multiclass_probability_sum,0.35526315789473684,0.5094339622641509,0.5909090909090909
rolling,2020-04-22,20,0,multiclass_probability_sum,0.36,0.5094339622641509,0.5777777777777777
rolling,2020-04-23,20,0,multiclass_probability_sum,0.36486486486486486,0.5094339622641509,0.5652173913043478
rolling,2020-04-24,20,0,multiclass_probability_sum,0.3698630136986301,0.5094339622641509,0.5531914893617021
rolling,2020-04-27,20,0,multiclass_probability_sum,0.375,0.5,0.5625
rolling,2020-04-28,20,0,multiclass_probability_sum,0.38028169014084506,0.4909090909090909,0.5714285714285714
rolling,2020-04-29,20,0,multiclass_probability_sum,0.38571428571428573,0.48214285714285715,0.58
rolling,2020-05-04,20,0,multiclass_probability_sum,0.391304347826087,0.47368421052631576,0.5882352941176471
rolling,2020-05-05,20,0,multiclass_probability_sum,0.39705882352941174,0.46551724137931033,0.5961538461538461
rolling,2020-05-06,20,0,multiclass_probability_sum,0.40298507462686567,0.46551724137931033,0.5849056603773585
rolling,2020-05-07,20,0,multiclass_probability_sum,0.4090909090909091,0.46551724137931033,0.5740740740740741
rolling,2020-05-08,20,0,multiclass_probability_sum,0.4,0.45614035087719296,0.5636363636363636
rolling,2020-05-11,20,0,multiclass_probability_sum,0.390625,0.44642857142857145,0.5535714285714286
rolling,2020-05-12,20,0,multiclass_probability_sum,0.38095238095238093,0.43636363636363634,0.543859649122807
rolling,2020-05-13,20,0,multiclass_probability_sum,0.3709677419354839,0.42592592592592593,0.5344827586206896
rolling,2020-05-14,20,0,multiclass_probability_sum,0.36065573770491804,0.41509433962264153,0.5254237288135594
rolling,2020-05-15,20,0,multiclass_probability_sum,0.35,0.39622641509433965,0.5333333333333333
rolling,2020-05-18,20,0,multiclass_probability_sum,0.3389830508474576,0.38461538461538464,0.5245901639344263
rolling,2020-05-19,20,0,multiclass_probability_sum,0.3275862068965517,0.37254901960784315,0.5161290322580645
rolling,2020-05-20,20,0,multiclass_probability_sum,0.3157894736842105,0.36,0.5079365079365079
rolling,2020-05-21,20,0,multiclass_probability_sum,0.30357142857142855,0.3469387755102041,0.5
rolling,2020-05-22,20,0,multiclass_probability_sum,0.2909090909090909,0.32653061224489793,0.5076923076923077
rolling,2020-05-25,20,0,multiclass_probability_sum,0.2777777777777778,0.3125,0.5
rolling,2020-05-26,20,0,multiclass_probability_sum,0.2641509433962264,0.2978723404255319,0.4925373134328358
rolling,2020-05-27,20,0,multiclass_probability_sum,0.2641509433962264,0.30434782608695654,0.47761194029850745
rolling,2020-05-28,20,0,multiclass_probability_sum,0.2641509433962264,0.3111111111111111,0.4626865671641791
rolling,2020-05-29,20,0,multiclass_probability_sum,0.2641509433962264,0.3181818181818182,0.44776119402985076
rolling,2020-06-01,20,0,multiclass_probability_sum,0.25925925925925924,0.32558139534883723,0.4393939393939394
rolling,2020-06-02,20,0,multiclass_probability_sum,0.2545454545454545,0.3333333333333333,0.4307692307692308
rolling,2020-06-03,20,0,multiclass_probability_sum,0.25,0.34146341463414637,0.421875
rolling,2020-06-04,20,0,multiclass_probability_sum,0.24561403508771928,0.35,0.4126984126984127
rolling,2020-06-05,20,0,multiclass_probability_sum,0.2413793103448276,0.358974358974359,0.4032258064516129
rolling,2020-06-08,20,0,multiclass_probability_sum,0.23728813559322035,0.3684210526315789,0.39344262295081966
rolling,2020-06-09,20,0,multiclass_probability_sum,0.23333333333333334,0.3783783783783784,0.38333333333333336
rolling,2020-06-10,20,0,multiclass_probability_sum,0.22950819672131148,0.3888888888888889,0.3728813559322034
rolling,2020-06-11,20,0,multiclass_probability_sum,0.22950819672131148,0.4,0.3559322033898305
rolling,2020-06-12,20,0,multiclass_probability_sum,0.22950819672131148,0.4117647058823529,0.3389830508474576
rolling,2020-06-15,20,0,multiclass_probability_sum,0.22950819672131148,0.42424242424242425,0.3220338983050847
rolling,2020-06-16,20,0,multiclass_probability_sum,0.22950819672131148,0.4375,0.3050847457627119
rolling,2020-06-17,20,0,multiclass_probability_sum,0.22950819672131148,0.45161290322580644,0.288135593220339
rolling,2020-06-18,20,0,multiclass_probability_sum,0.22950819672131148,0.4666666666666667,0.2711864406779661
rolling,2020-06-19,20,0,multiclass_probability_sum,0.22950819672131148,0.4827586206896552,0.2542372881355932
rolling,2020-06-22,20,0,multiclass_probability_sum,0.22950819672131148,0.5,0.23728813559322035
rolling,2020-06-23,20,0,multiclass_probability_sum,0.22950819672131148,0.5185185185185185,0.22033898305084745
rolling,2020-06-24,20,0,multiclass_probability_sum,0.21666666666666667,0.5,0.21666666666666667
rolling,2020-06-25,20,0,multiclass_probability_sum,0.22033898305084745,0.5,0.21311475409836064
rolling,2020-06-26,20,0,multiclass_probability_sum,0.22413793103448276,0.5,0.20967741935483872
rolling,2020-06-29,20,0,multiclass_probability_sum,0.22413793103448276,0.5,0.20967741935483872
rolling,2020-06-30,20,0,multiclass_probability_sum,0.22807017543859648,0.5,0.20634920634920634
rolling,2020-07-01,20,0,multiclass_probability_sum,0.22807017543859648,0.5,0.20634920634920634
rolling,2020-07-02,20,0,multiclass_probability_sum,0.21052631578947367,0.48,0.20634920634920634
rolling,2020-07-03,20,0,multiclass_probability_sum,0.19298245614035087,0.4583333333333333,0.20634920634920634
rolling,2020-07-06,20,0,multiclass_probability_sum,0.1896551724137931,0.4782608695652174,0.1935483870967742
rolling,2020-07-07,20,0,multiclass_probability_sum,0.1724137931034483,0.45454545454545453,0.1935483870967742
rolling,2020-07-08,20,0,multiclass_probability_sum,0.17543859649122806,0.45454545454545453,0.19047619047619047
rolling,2020-07-09,20,0,multiclass_probability_sum,0.15789473684210525,0.42857142857142855,0.19047619047619047
rolling,2020-07-10,20,0,multiclass_probability_sum,0.15789473684210525,0.42857142857142855,0.19047619047619047
rolling,2020-07-13,20,0,multiclass_probability_sum,0.17543859649122806,0.45454545454545453,0.19047619047619047
rolling,2020-07-14,20,0,multiclass_probability_sum,0.19298245614035087,0.4782608695652174,0.19047619047619047
rolling,2020-07-15,20,0,multiclass_probability_sum,0.21052631578947367,0.5,0.19047619047619047
rolling,2020-07-16,20,0,multiclass_probability_sum,0.22807017543859648,0.52,0.19047619047619047
rolling,2020-07-17,20,0,multiclass_probability_sum,0.24561403508771928,0.5384615384615384,0.19047619047619047
rolling,2020-07-20,20,0,multiclass_probability_sum,0.2631578947368421,0.5555555555555556,0.19047619047619047
rolling,2020-07-21,20,0,multiclass_probability_sum,0.2631578947368421,0.5555555555555556,0.19047619047619047
rolling,2020-07-22,20,0,multiclass_probability_sum,0.2807017543859649,0.5714285714285714,0.19047619047619047
rolling,2020-07-23,20,0,multiclass_probability_sum,0.2982456140350877,0.5862068965517241,0.19047619047619047
rolling,2020-07-24,20,0,multiclass_probability_sum,0.30357142857142855,0.5666666666666667,0.203125
rolling,2020-07-27,20,0,multiclass_probability_sum,0.3090909090909091,0.5483870967741935,0.2153846153846154
rolling,2020-07-28,20,0,multiclass_probability_sum,0.3148148148148148,0.53125,0.22727272727272727
rolling,2020-07-29,20,0,multiclass_probability_sum,0.32075471698113206,0.5151515151515151,0.23880597014925373
rolling,2020-07-30,20,0,multiclass_probability_sum,0.3269230769230769,0.5,0.25
rolling,2020-07-31,20,0,multiclass_probability_sum,0.3333333333333333,0.4857142857142857,0.2608695652173913
rolling,2020-08-03,20,0,multiclass_probability_sum,0.34,0.4857142857142857,0.2571428571428571
rolling,2020-08-04,20,0,multiclass_probability_sum,0.3469387755102041,0.4857142857142857,0.2535211267605634
rolling,2020-08-05,20,0,multiclass_probability_sum,0.3541666666666667,0.4857142857142857,0.25
rolling,2020-08-06,20,0,multiclass_probability_sum,0.3617021276595745,0.4857142857142857,0.2465753424657534
rolling,2020-08-07,20,0,multiclass_probability_sum,0.34782608695652173,0.47058823529411764,0.24324324324324326
rolling,2020-08-10,20,0,multiclass_probability_sum,0.3333333333333333,0.45454545454545453,0.24
rolling,2020-08-11,20,0,multiclass_probability_sum,0.3409090909090909,0.45454545454545453,0.23684210526315788
rolling,2020-08-12,20,0,multiclass_probability_sum,0.32558139534883723,0.4375,0.23376623376623376
rolling,2020-08-13,20,0,multiclass_probability_sum,0.3333333333333333,0.4375,0.23076923076923078
rolling,2020-08-14,20,0,multiclass_probability_sum,0.34146341463414637,0.4375,0.22784810126582278
rolling,2020-08-17,20,0,multiclass_probability_sum,0.325,0.41935483870967744,0.225
rolling,2020-08-18,20,0,multiclass_probability_sum,0.3333333333333333,0.41935483870967744,0.2222222222222222
rolling,2020-08-19,20,0,multiclass_probability_sum,0.3157894736842105,0.4,0.21951219512195122
rolling,2020-08-20,20,0,multiclass_probability_sum,0.32432432432432434,0.4,0.21686746987951808
rolling,2020-08-21,20,0,multiclass_probability_sum,0.3333333333333333,0.4,0.21428571428571427
rolling,2020-08-24,20,0,multiclass_probability_sum,0.34285714285714286,0.4,0.21176470588235294
rolling,2020-08-25,20,0,multiclass_probability_sum,0.35294117647058826,0.4,0.20930232558139536
rolling,2020-08-26,20,0,multiclass_probability_sum,0.36363636363636365,0.4,0.20689655172413793
rolling,2020-08-27,20,0,multiclass_probability_sum,0.34375,0.3793103448275862,0.20454545454545456
rolling,2020-08-28,20,0,multiclass_probability_sum,0.3548387096774194,0.3793103448275862,0.20224719101123595
rolling,2020-08-31,20,0,multiclass_probability_sum,0.36666666666666664,0.3793103448275862,0.2
rolling,2020-09-01,20,0,multiclass_probability_sum,0.3793103448275862,0.3793103448275862,0.1978021978021978
rolling,2020-09-03,20,0,multiclass_probability_sum,0.39285714285714285,0.3793103448275862,0.1956521739130435
rolling,2020-09-04,20,0,multiclass_probability_sum,0.4074074074074074,0.36666666666666664,0.20430107526881722
rolling,2020-09-07,20,0,multiclass_probability_sum,0.4230769230769231,0.3548387096774194,0.2127659574468085
rolling,2020-09-08,20,0,multiclass_probability_sum,0.44,0.34375,0.22105263157894736
rolling,2020-09-09,20,0,multiclass_probability_sum,0.44,0.3333333333333333,0.23157894736842105
rolling,2020-09-10,20,0,multiclass_probability_sum,0.44,0.3333333333333333,0.23157894736842105
rolling,2020-09-11,20,0,multiclass_probability_sum,0.44,0.3333333333333333,0.23157894736842105
rolling,2020-09-14,20,0,multiclass_probability_sum,0.44,0.3333333333333333,0.23157894736842105
rolling,2020-09-15,20,0,multiclass_probability_sum,0.44,0.3235294117647059,0.24210526315789474
rolling,2020-09-16,20,0,multiclass_probability_sum,0.44,0.3235294117647059,0.24210526315789474
rolling,2020-09-17,20,0,multiclass_probability_sum,0.44,0.3142857142857143,0.25263157894736843
rolling,2020-09-18,20,0,multiclass_probability_sum,0.44,0.3142857142857143,0.25263157894736843
rolling,2020-09-21,20,0,multiclass_probability_sum,0.44,0.3142857142857143,0.25263157894736843
rolling,2020-09-22,20,0,multiclass_probability_sum,0.44,0.3055555555555556,0.2631578947368421
rolling,2020-09-23,20,0,multiclass_probability_sum,0.44,0.2972972972972973,0.2736842105263158
rolling,2020-09-24,20,0,multiclass_probability_sum,0.44,0.2894736842105263,0.28421052631578947
rolling,2020-09-25,20,0,multiclass_probability_sum,0.44,0.28205128205128205,0.29473684210526313
rolling,2020-09-28,20,0,multiclass_probability_sum,0.44,0.275,0.30526315789473685
rolling,2020-09-29,20,0,multiclass_probability_sum,0.44,0.2682926829268293,0.3157894736842105
rolling,2020-09-30,20,0,multiclass_probability_sum,0.44,0.2619047619047619,0.3263157894736842
rolling,2020-10-01,20,0,multiclass_probability_sum,0.44,0.2619047619047619,0.3263157894736842
rolling,2020-10-02,20,0,multiclass_probability_sum,0.44,0.2558139534883721,0.3368421052631579
rolling,2020-10-05,20,0,multiclass_probability_sum,0.44,0.25,0.3473684210526316
rolling,2020-10-06,20,0,multiclass_probability_sum,0.44,0.24444444444444444,0.35789473684210527
rolling,2020-10-07,20,0,multiclass_probability_sum,0.44,0.24444444444444444,0.35789473684210527
rolling,2020-10-08,20,0,multiclass_probability_sum,0.44,0.2391304347826087,0.3684210526315789
rolling,2020-10-09,20,0,multiclass_probability_sum,0.44,0.2391304347826087,0.3684210526315789
rolling,2020-10-12,20,0,multiclass_probability_sum,0.44,0.2391304347826087,0.3684210526315789
rolling,2020-10-13,20,0,multiclass_probability_sum,0.44,0.2391304347826087,0.3684210526315789
rolling,2020-10-14,20,0,multiclass_probability_sum,0.44,0.2391304347826087,0.3684210526315789
rolling,2020-10-15,20,0,multiclass_probability_sum,0.44,0.2391304347826087,0.3684210526315789
rolling,2020-10-16,20,0,multiclass_probability_sum,0.44,0.2391304347826087,0.3684210526315789
rolling,2020-10-19,20,0,multiclass_probability_sum,0.44,0.2391304347826087,0.3684210526315789
rolling,2020-10-20,20,0,multiclass_probability_sum,0.44,0.24444444444444444,0.35789473684210527
rolling,2020-10-21,20,0,multiclass_probability_sum,0.44,0.24444444444444444,0.35789473684210527
rolling,2020-10-22,20,0,multiclass_probability_sum,0.44,0.24444444444444444,0.35789473684210527
rolling,2020-10-23,20,0,multiclass_probability_sum,0.44,0.24444444444444444,0.35789473684210527
rolling,2020-10-26,20,0,multiclass_probability_sum,0.44,0.2391304347826087,0.3684210526315789
rolling,2020-10-27,20,0,multiclass_probability_sum,0.44,0.23404255319148937,0.37894736842105264
rolling,2020-10-28,20,0,multiclass_probability_sum,0.44,0.22916666666666666,0.3894736842105263
rolling,2020-10-29,20,0,multiclass_probability_sum,0.44,0.22448979591836735,0.4
rolling,2020-10-30,20,0,multiclass_probability_sum,0.44,0.22,0.4105263157894737
rolling,2020-11-02,20,0,multiclass_probability_sum,0.44,0.22448979591836735,0.4
rolling,2020-11-03,20,0,multiclass_probability_sum,0.44,0.22,0.4105263157894737
rolling,2020-11-04,20,0,multiclass_probability_sum,0.44,0.22,0.4105263157894737
rolling,2020-11-05,20,0,multiclass_probability_sum,0.44,0.21568627450980393,0.42105263157894735
rolling,2020-11-06,20,0,multiclass_probability_sum,0.44,0.21153846153846154,0.43157894736842106
rolling,2020-11-09,20,0,multiclass_probability_sum,0.44,0.21568627450980393,0.42105263157894735
rolling,2020-11-10,20,0,multiclass_probability_sum,0.44,0.21153846153846154,0.43157894736842106
rolling,2020-11-11,20,0,multiclass_probability_sum,0.44,0.20754716981132076,0.4421052631578947
rolling,2020-11-12,20,0,multiclass_probability_sum,0.44,0.20754716981132076,0.4421052631578947
rolling,2020-11-13,20,0,multiclass_probability_sum,0.44,0.20754716981132076,0.4421052631578947
rolling,2020-11-16,20,0,multiclass_probability_sum,0.44,0.2037037037037037,0.45263157894736844
rolling,2020-11-17,20,0,multiclass_probability_sum,0.4583333333333333,0.2,0.4583333333333333
rolling,2020-11-18,20,0,multiclass_probability_sum,0.4782608695652174,0.19642857142857142,0.4639175257731959
rolling,2020-11-19,20,0,multiclass_probability_sum,0.5,0.19642857142857142,0.45918367346938777
rolling,2020-11-20,20,0,multiclass_probability_sum,0.5238095238095238,0.19642857142857142,0.45454545454545453
rolling,2020-11-23,20,0,multiclass_probability_sum,0.55,0.19298245614035087,0.46
rolling,2020-11-24,20,0,multiclass_probability_sum,0.5789473684210527,0.19298245614035087,0.45544554455445546
rolling,2020-11-25,20,0,multiclass_probability_sum,0.6111111111111112,0.1896551724137931,0.46078431372549017
rolling,2020-11-26,20,0,multiclass_probability_sum,0.6470588235294118,0.1896551724137931,0.4563106796116505
rolling,2020-11-27,20,0,multiclass_probability_sum,0.6470588235294118,0.1896551724137931,0.4563106796116505
rolling,2020-11-30,20,0,multiclass_probability_sum,0.6470588235294118,0.1864406779661017,0.46601941747572817
rolling,2020-12-01,20,0,multiclass_probability_sum,0.6470588235294118,0.1864406779661017,0.46601941747572817
rolling,2020-12-02,20,0,multiclass_probability_sum,0.6470588235294118,0.18333333333333332,0.47572815533980584
rolling,2020-12-03,20,0,multiclass_probability_sum,0.6470588235294118,0.18032786885245902,0.4854368932038835
rolling,2020-12-04,20,0,multiclass_probability_sum,0.6470588235294118,0.1774193548387097,0.49514563106796117
rolling,2020-12-07,20,0,multiclass_probability_sum,0.6470588235294118,0.1774193548387097,0.49514563106796117
rolling,2020-12-08,20,0,multiclass_probability_sum,0.6470588235294118,0.1746031746031746,0.5048543689320388
rolling,2020-12-09,20,0,multiclass_probability_sum,0.6470588235294118,0.1746031746031746,0.5048543689320388
rolling,2020-12-10,20,0,multiclass_probability_sum,0.6470588235294118,0.171875,0.5145631067961165
rolling,2020-12-11,20,0,multiclass_probability_sum,0.6470588235294118,0.16923076923076924,0.5242718446601942
rolling,2020-12-14,20,0,multiclass_probability_sum,0.6470588235294118,0.16923076923076924,0.5242718446601942
rolling,2020-12-15,20,0,multiclass_probability_sum,0.625,0.15384615384615385,0.5288461538461539
rolling,2020-12-16,20,0,multiclass_probability_sum,0.625,0.15151515151515152,0.5384615384615384
rolling,2020-12-17,20,0,multiclass_probability_sum,0.6666666666666666,0.14925373134328357,0.5428571428571428
rolling,2020-12-18,20,0,multiclass_probability_sum,0.7142857142857143,0.14705882352941177,0.5471698113207547
rolling,2020-12-21,20,0,multiclass_probability_sum,0.7692307692307693,0.14705882352941177,0.5420560747663551
rolling,2020-12-22,20,0,multiclass_probability_sum,0.8333333333333334,0.14705882352941177,0.5370370370370371
rolling,2020-12-23,20,0,multiclass_probability_sum,0.9090909090909091,0.14492753623188406,0.5412844036697247
rolling,2020-12-24,20,0,multiclass_probability_sum,0.9090909090909091,0.14285714285714285,0.5504587155963303
rolling,2020-12-25,20,0,multiclass_probability_sum,1.0,0.14285714285714285,0.5454545454545454
rolling,2020-12-28,20,0,multiclass_probability_sum,1.0,0.13043478260869565,0.5405405405405406
rolling,2020-12-29,20,0,multiclass_probability_sum,1.0,0.11594202898550725,0.5446428571428571
rolling,2020-12-30,20,0,multiclass_probability_sum,1.0,0.11594202898550725,0.5446428571428571
rolling,2020-12-31,20,0,multiclass_probability_sum,1.0,0.11594202898550725,0.5446428571428571
rolling,2021-01-04,20,0,multiclass_probability_sum,0.875,0.10294117647058823,0.5446428571428571
rolling,2021-01-05,20,0,multiclass_probability_sum,0.75,0.08955223880597014,0.5446428571428571
rolling,2021-01-06,20,0,multiclass_probability_sum,0.625,0.07575757575757576,0.5446428571428571
rolling,2021-01-07,20,0,multiclass_probability_sum,0.5,0.06153846153846154,0.5446428571428571
rolling,2021-01-08,20,0,multiclass_probability_sum,0.375,0.046875,0.5446428571428571
rolling,2021-01-11,20,0,multiclass_probability_sum,0.25,0.031746031746031744,0.5446428571428571
rolling,2021-01-12,20,0,multiclass_probability_sum,0.2222222222222222,0.03225806451612903,0.5405405405405406
rolling,2021-01-13,20,0,multiclass_probability_sum,0.3,0.04838709677419355,0.5363636363636364
rolling,2021-01-14,20,0,multiclass_probability_sum,0.2727272727272727,0.04918032786885246,0.5321100917431193
rolling,2021-01-15,20,0,multiclass_probability_sum,0.3333333333333333,0.06557377049180328,0.5277777777777778
rolling,2021-01-18,20,0,multiclass_probability_sum,0.38461538461538464,0.08196721311475409,0.5233644859813084
rolling,2021-01-19,20,0,multiclass_probability_sum,0.42857142857142855,0.09836065573770492,0.5188679245283019
rolling,2021-01-20,20,0,multiclass_probability_sum,0.4,0.09836065573770492,0.5238095238095238
rolling,2021-01-21,20,0,multiclass_probability_sum,0.375,0.09836065573770492,0.5288461538461539
rolling,2021-01-22,20,0,multiclass_probability_sum,0.35294117647058826,0.09836065573770492,0.5339805825242718
rolling,2021-01-25,20,0,multiclass_probability_sum,0.3333333333333333,0.09836065573770492,0.5392156862745098
rolling,2021-01-26,20,0,multiclass_probability_sum,0.3157894736842105,0.09836065573770492,0.5445544554455446
rolling,2021-01-27,20,0,multiclass_probability_sum,0.3157894736842105,0.09836065573770492,0.5445544554455446
rolling,2021-01-28,20,0,multiclass_probability_sum,0.3157894736842105,0.09836065573770492,0.5445544554455446
rolling,2021-01-29,20,0,multiclass_probability_sum,0.3157894736842105,0.09836065573770492,0.5445544554455446
rolling,2021-02-01,20,0,multiclass_probability_sum,0.3157894736842105,0.09836065573770492,0.5445544554455446
rolling,2021-02-02,20,0,multiclass_probability_sum,0.3157894736842105,0.09836065573770492,0.5445544554455446
rolling,2021-02-03,20,0,multiclass_probability_sum,0.3157894736842105,0.09836065573770492,0.5445544554455446
rolling,2021-02-04,20,0,multiclass_probability_sum,0.3157894736842105,0.09836065573770492,0.5445544554455446
rolling,2021-02-05,20,0,multiclass_probability_sum,0.3157894736842105,0.09836065573770492,0.5445544554455446
rolling,2021-02-08,20,0,multiclass_probability_sum,0.3157894736842105,0.09836065573770492,0.5445544554455446
rolling,2021-02-09,20,0,multiclass_probability_sum,0.3157894736842105,0.09836065573770492,0.5445544554455446
rolling,2021-02-17,20,0,multiclass_probability_sum,0.3157894736842105,0.09836065573770492,0.5445544554455446
rolling,2021-02-18,20,0,multiclass_probability_sum,0.3157894736842105,0.09836065573770492,0.5445544554455446
rolling,2021-02-19,20,0,multiclass_probability_sum,0.3157894736842105,0.09836065573770492,0.5445544554455446
rolling,2021-02-22,20,0,multiclass_probability_sum,0.3157894736842105,0.09836065573770492,0.5445544554455446
rolling,2021-02-23,20,0,multiclass_probability_sum,0.3157894736842105,0.09836065573770492,0.5445544554455446
rolling,2021-02-24,20,0,multiclass_probability_sum,0.3157894736842105,0.09836065573770492,0.5445544554455446
rolling,2021-02-25,20,0,multiclass_probability_sum,0.3157894736842105,0.09836065573770492,0.5445544554455446
rolling,2021-02-26,20,0,multiclass_probability_sum,0.3157894736842105,0.09836065573770492,0.5445544554455446
rolling,2021-03-01,20,0,multiclass_probability_sum,0.3157894736842105,0.1,0.5346534653465347
rolling,2021-03-02,20,0,multiclass_probability_sum,0.3157894736842105,0.1016949152542373,0.5247524752475248
rolling,2021-03-03,20,0,multiclass_probability_sum,0.3157894736842105,0.10344827586206896,0.5148514851485149
rolling,2021-03-04,20,0,multiclass_probability_sum,0.3157894736842105,0.10344827586206896,0.5148514851485149
rolling,2017-05-11,20,0,candidate_risk_off,0.0,0.0,0.3142857142857143
rolling,2017-05-12,20,0,candidate_risk_off,0.0,0.0,0.3055555555555556
rolling,2017-05-15,20,0,candidate_risk_off,0.0,0.0,0.2972972972972973
rolling,2017-05-16,20,0,candidate_risk_off,0.0,0.0,0.2894736842105263
rolling,2017-05-17,20,0,candidate_risk_off,0.0,0.0,0.28205128205128205
rolling,2017-05-18,20,0,candidate_risk_off,0.0,0.0,0.275
rolling,2017-05-19,20,0,candidate_risk_off,0.0,0.0,0.2682926829268293
rolling,2017-05-22,20,0,candidate_risk_off,0.0,0.0,0.2857142857142857
rolling,2017-05-23,20,0,candidate_risk_off,0.0,0.0,0.3023255813953488
rolling,2017-05-24,20,0,candidate_risk_off,0.0,0.0,0.3181818181818182
rolling,2017-05-25,20,0,candidate_risk_off,0.0,0.0,0.3333333333333333
rolling,2017-05-26,20,0,candidate_risk_off,0.0,0.0,0.32608695652173914
rolling,2017-05-29,20,0,candidate_risk_off,0.0,0.0,0.3191489361702128
rolling,2017-05-30,20,0,candidate_risk_off,0.0,0.0,0.3333333333333333
rolling,2017-05-31,20,0,candidate_risk_off,0.0,0.0,0.3469387755102041
rolling,2017-06-01,20,0,candidate_risk_off,0.0,0.0,0.34
rolling,2017-06-02,20,0,candidate_risk_off,0.0,0.0,0.3333333333333333
rolling,2017-06-05,20,0,candidate_risk_off,0.0,0.0,0.3269230769230769
rolling,2017-06-06,20,0,candidate_risk_off,0.0,0.0,0.32075471698113206
rolling,2017-06-07,20,0,candidate_risk_off,0.0,0.0,0.3148148148148148
rolling,2017-06-08,20,0,candidate_risk_off,0.0,0.0,0.3090909090909091
rolling,2017-06-09,20,0,candidate_risk_off,0.0,0.0,0.30357142857142855
rolling,2017-06-12,20,0,candidate_risk_off,0.0,0.0,0.2982456140350877
rolling,2017-06-13,20,0,candidate_risk_off,0.0,0.0,0.29310344827586204
rolling,2017-06-14,20,0,candidate_risk_off,0.0,0.0,0.288135593220339
rolling,2017-06-15,20,0,candidate_risk_off,0.0,0.0,0.2833333333333333
rolling,2017-06-16,20,0,candidate_risk_off,0.0,0.0,0.2786885245901639
rolling,2017-06-19,20,0,candidate_risk_off,0.0,0.0,0.27419354838709675
rolling,2017-06-20,20,0,candidate_risk_off,0.0,0.0,0.2698412698412698
rolling,2017-06-21,20,0,candidate_risk_off,0.0,0.0,0.265625
rolling,2017-06-22,20,0,candidate_risk_off,0.0,0.0,0.26153846153846155
rolling,2017-06-23,20,0,candidate_risk_off,0.0,0.0,0.25757575757575757
rolling,2017-06-26,20,0,candidate_risk_off,0.0,0.0,0.25757575757575757
rolling,2017-06-27,20,0,candidate_risk_off,0.0,0.0,0.2537313432835821
rolling,2017-06-28,20,0,candidate_risk_off,0.0,0.0,0.25
rolling,2017-06-29,20,0,candidate_risk_off,0.0,0.0,0.2463768115942029
rolling,2017-06-30,20,0,candidate_risk_off,0.0,0.0,0.24285714285714285
rolling,2017-07-03,20,0,candidate_risk_off,0.0,0.0,0.23943661971830985
rolling,2017-07-04,20,0,candidate_risk_off,0.0,0.0,0.2361111111111111
rolling,2017-07-05,20,0,candidate_risk_off,0.0,0.0,0.2328767123287671
rolling,2017-07-06,20,0,candidate_risk_off,0.0,0.0,0.2328767123287671
rolling,2017-07-07,20,0,candidate_risk_off,0.0,0.0,0.22972972972972974
rolling,2017-07-10,20,0,candidate_risk_off,0.0,0.0,0.22666666666666666
rolling,2017-07-11,20,0,candidate_risk_off,0.0,0.0,0.2236842105263158
rolling,2017-07-12,20,0,candidate_risk_off,0.0,0.0,0.22077922077922077
rolling,2017-07-13,20,0,candidate_risk_off,0.0,0.0,0.21794871794871795
rolling,2017-07-14,20,0,candidate_risk_off,0.0,0.0,0.21518987341772153
rolling,2017-07-17,20,0,candidate_risk_off,0.0,0.0,0.2125
rolling,2017-07-18,20,0,candidate_risk_off,0.0,0.0,0.20987654320987653
rolling,2017-07-19,20,0,candidate_risk_off,0.0,0.0,0.2073170731707317
rolling,2017-07-20,20,0,candidate_risk_off,0.0,0.0,0.20481927710843373
rolling,2017-07-21,20,0,candidate_risk_off,0.0,0.0,0.21428571428571427
rolling,2017-07-24,20,0,candidate_risk_off,0.0,0.0,0.2235294117647059
rolling,2017-07-25,20,0,candidate_risk_off,0.0,0.0,0.23255813953488372
rolling,2017-07-26,20,0,candidate_risk_off,0.0,0.0,0.2413793103448276
rolling,2017-07-27,20,0,candidate_risk_off,0.0,0.0,0.25
rolling,2017-07-28,20,0,candidate_risk_off,0.0,0.0,0.25842696629213485
rolling,2017-07-31,20,0,candidate_risk_off,0.0,0.0,0.25555555555555554
rolling,2017-08-01,20,0,candidate_risk_off,0.0,0.0,0.25555555555555554
rolling,2017-08-02,20,0,candidate_risk_off,0.0,0.0,0.25274725274725274
rolling,2017-08-03,20,0,candidate_risk_off,0.0,0.0,0.25
rolling,2017-08-04,20,0,candidate_risk_off,0.0,0.0,0.24731182795698925
rolling,2017-08-07,20,0,candidate_risk_off,0.0,0.0,0.24731182795698925
rolling,2017-08-08,20,0,candidate_risk_off,0.0,0.0,0.24731182795698925
rolling,2017-08-09,20,0,candidate_risk_off,0.0,0.0,0.24468085106382978
rolling,2017-08-10,20,0,candidate_risk_off,0.0,0.0,0.24210526315789474
rolling,2017-08-11,20,0,candidate_risk_off,0.0,0.0,0.23958333333333334
rolling,2017-08-14,20,0,candidate_risk_off,0.0,0.0,0.23711340206185566
rolling,2017-08-15,20,0,candidate_risk_off,0.0,0.0,0.23469387755102042
rolling,2017-08-16,20,0,candidate_risk_off,0.0,0.0,0.23232323232323232
rolling,2017-08-17,20,0,candidate_risk_off,0.0,0.0,0.23
rolling,2017-08-18,20,0,candidate_risk_off,0.0,0.0,0.22772277227722773
rolling,2017-08-21,20,0,candidate_risk_off,0.0,0.0,0.22549019607843138
rolling,2017-08-22,20,0,candidate_risk_off,0.0,0.0,0.22330097087378642
rolling,2017-08-23,20,0,candidate_risk_off,0.0,0.0,0.22115384615384615
rolling,2017-08-24,20,0,candidate_risk_off,0.0,0.0,0.21904761904761905
rolling,2017-08-25,20,0,candidate_risk_off,0.0,0.0,0.2169811320754717
rolling,2017-08-28,20,0,candidate_risk_off,0.0,0.0,0.21495327102803738
rolling,2017-08-29,20,0,candidate_risk_off,0.0,0.0,0.21296296296296297
rolling,2017-08-30,20,0,candidate_risk_off,0.0,0.0,0.21100917431192662
rolling,2017-08-31,20,0,candidate_risk_off,0.0,0.0,0.20909090909090908
rolling,2017-09-01,20,0,candidate_risk_off,0.0,0.0,0.20909090909090908
rolling,2017-09-05,20,0,candidate_risk_off,0.0,0.0,0.20909090909090908
rolling,2017-09-06,20,0,candidate_risk_off,0.0,0.0,0.20909090909090908
rolling,2017-09-07,20,0,candidate_risk_off,0.0,0.0,0.20909090909090908
rolling,2017-09-08,20,0,candidate_risk_off,0.0,0.0,0.20909090909090908
rolling,2017-09-11,20,0,candidate_risk_off,0.0,0.0,0.20909090909090908
rolling,2017-09-12,20,0,candidate_risk_off,0.0,0.0,0.20909090909090908
rolling,2017-09-13,20,0,candidate_risk_off,0.0,0.0,0.20909090909090908
rolling,2017-09-14,20,0,candidate_risk_off,0.0,0.0,0.2072072072072072
rolling,2017-09-15,20,0,candidate_risk_off,0.0,0.0,0.20535714285714285
rolling,2017-09-18,20,0,candidate_risk_off,0.0,0.0,0.20353982300884957
rolling,2017-09-19,20,0,candidate_risk_off,0.0,0.0,0.20353982300884957
rolling,2017-09-20,20,0,candidate_risk_off,0.0,0.0,0.20353982300884957
rolling,2017-09-21,20,0,candidate_risk_off,0.0,0.0,0.20353982300884957
rolling,2017-09-22,20,0,candidate_risk_off,0.0,0.0,0.20353982300884957
rolling,2017-09-25,20,0,candidate_risk_off,0.0,0.0,0.20353982300884957
rolling,2017-09-26,20,0,candidate_risk_off,0.0,0.0,0.20353982300884957
rolling,2017-09-27,20,0,candidate_risk_off,0.0,0.0,0.20353982300884957
rolling,2017-09-28,20,0,candidate_risk_off,0.0,0.0,0.20175438596491227
rolling,2017-09-29,20,0,candidate_risk_off,0.0,0.0,0.2
rolling,2017-10-02,20,0,candidate_risk_off,0.0,0.0,0.2
rolling,2017-10-03,20,0,candidate_risk_off,0.0,0.0,0.19130434782608696
rolling,2017-10-04,20,0,candidate_risk_off,0.0,0.0,0.1826086956521739
rolling,2017-10-05,20,0,candidate_risk_off,0.0,0.0,0.17391304347826086
rolling,2017-10-06,20,0,candidate_risk_off,0.0,0.0,0.16521739130434782
rolling,2017-10-09,20,0,candidate_risk_off,0.0,0.0,0.1565217391304348
rolling,2017-10-10,20,0,candidate_risk_off,0.0,0.0,0.14782608695652175
rolling,2017-10-11,20,0,candidate_risk_off,0.0,0.0,0.1391304347826087
rolling,2017-10-12,20,0,candidate_risk_off,0.0,0.0,0.13043478260869565
rolling,2017-10-13,20,0,candidate_risk_off,0.0,0.0,0.12173913043478261
rolling,2017-10-16,20,0,candidate_risk_off,0.0,0.0,0.11304347826086956
rolling,2017-10-17,20,0,candidate_risk_off,0.0,0.0,0.10434782608695652
rolling,2017-10-18,20,0,candidate_risk_off,0.0,0.0,0.10434782608695652
rolling,2017-10-19,20,0,candidate_risk_off,0.0,0.0,0.10434782608695652
rolling,2017-10-20,20,0,candidate_risk_off,0.0,0.0,0.10434782608695652
rolling,2017-10-23,20,0,candidate_risk_off,0.0,0.0,0.10434782608695652
rolling,2017-10-24,20,0,candidate_risk_off,0.0,0.0,0.10434782608695652
rolling,2017-10-25,20,0,candidate_risk_off,0.0,0.0,0.10434782608695652
rolling,2017-10-26,20,0,candidate_risk_off,0.0,0.0,0.10434782608695652
rolling,2017-10-27,20,0,candidate_risk_off,0.0,0.0,0.10434782608695652
rolling,2017-10-30,20,0,candidate_risk_off,0.0,0.0,0.10434782608695652
rolling,2017-10-31,20,0,candidate_risk_off,0.0,0.0,0.10434782608695652
rolling,2017-11-01,20,0,candidate_risk_off,0.0,0.0,0.10434782608695652
rolling,2017-11-02,20,0,candidate_risk_off,0.0,0.0,0.10434782608695652
rolling,2017-11-03,20,0,candidate_risk_off,0.0,0.0,0.10434782608695652
rolling,2017-11-06,20,0,candidate_risk_off,0.0,0.0,0.10434782608695652
rolling,2017-11-07,20,0,candidate_risk_off,0.0,0.0,0.09565217391304348
rolling,2017-11-08,20,0,candidate_risk_off,0.0,0.0,0.08695652173913043
rolling,2017-11-09,20,0,candidate_risk_off,0.0,0.0,0.0782608695652174
rolling,2017-11-10,20,0,candidate_risk_off,0.0,0.0,0.06956521739130435
rolling,2017-11-13,20,0,candidate_risk_off,0.0,0.0,0.06956521739130435
rolling,2017-11-14,20,0,candidate_risk_off,0.0,0.0,0.06956521739130435
rolling,2017-11-15,20,0,candidate_risk_off,0.0,0.0,0.06086956521739131
rolling,2017-11-16,20,0,candidate_risk_off,0.0,0.0,0.05217391304347826
rolling,2017-11-17,20,0,candidate_risk_off,0.0,0.0,0.05217391304347826
rolling,2017-11-20,20,0,candidate_risk_off,0.0,0.0,0.05217391304347826
rolling,2017-11-21,20,0,candidate_risk_off,0.0,0.0,0.05217391304347826
rolling,2017-11-22,20,0,candidate_risk_off,0.0,0.0,0.05217391304347826
rolling,2017-11-23,20,0,candidate_risk_off,0.0,0.0,0.05217391304347826
rolling,2017-11-24,20,0,candidate_risk_off,0.0,0.0,0.05217391304347826
rolling,2017-11-27,20,0,candidate_risk_off,0.0,0.0,0.06086956521739131
rolling,2017-11-28,20,0,candidate_risk_off,0.0,0.0,0.06086956521739131
rolling,2017-11-29,20,0,candidate_risk_off,0.0,0.0,0.06086956521739131
rolling,2017-11-30,20,0,candidate_risk_off,0.0,0.0,0.06086956521739131
rolling,2017-12-01,20,0,candidate_risk_off,0.0,0.0,0.06140350877192982
rolling,2017-12-04,20,0,candidate_risk_off,0.0,0.0,0.061946902654867256
rolling,2017-12-05,20,0,candidate_risk_off,0.0,0.0,0.061946902654867256
rolling,2017-12-06,20,0,candidate_risk_off,0.0,0.0,0.061946902654867256
rolling,2017-12-07,20,0,candidate_risk_off,0.0,0.0,0.061946902654867256
rolling,2017-12-08,20,0,candidate_risk_off,0.0,0.0,0.061946902654867256
rolling,2017-12-11,20,0,candidate_risk_off,0.0,0.0,0.061946902654867256
rolling,2017-12-12,20,0,candidate_risk_off,0.0,0.0,0.06140350877192982
rolling,2017-12-13,20,0,candidate_risk_off,0.0,0.0,0.06140350877192982
rolling,2017-12-14,20,0,candidate_risk_off,0.0,0.0,0.06140350877192982
rolling,2017-12-15,20,0,candidate_risk_off,0.0,0.0,0.06140350877192982
rolling,2017-12-18,20,0,candidate_risk_off,0.0,0.0,0.06140350877192982
rolling,2017-12-19,20,0,candidate_risk_off,0.0,0.0,0.06140350877192982
rolling,2017-12-20,20,0,candidate_risk_off,0.0,0.0,0.06140350877192982
rolling,2017-12-21,20,0,candidate_risk_off,0.0,0.0,0.06140350877192982
rolling,2017-12-22,20,0,candidate_risk_off,0.0,0.0,0.06086956521739131
rolling,2017-12-25,20,0,candidate_risk_off,0.0,0.0,0.06086956521739131
rolling,2017-12-26,20,0,candidate_risk_off,0.0,0.0,0.06086956521739131
rolling,2017-12-27,20,0,candidate_risk_off,0.0,0.0,0.06086956521739131
rolling,2017-12-28,20,0,candidate_risk_off,0.0,0.0,0.06956521739130435
rolling,2017-12-29,20,0,candidate_risk_off,0.0,0.0,0.0782608695652174
rolling,2018-01-02,20,0,candidate_risk_off,0.0,0.0,0.08695652173913043
rolling,2018-01-03,20,0,candidate_risk_off,0.0,0.0,0.09565217391304348
rolling,2018-01-04,20,0,candidate_risk_off,0.0,0.0,0.10434782608695652
rolling,2018-01-05,20,0,candidate_risk_off,0.0,0.0,0.11304347826086956
rolling,2018-01-08,20,0,candidate_risk_off,0.0,0.0,0.12173913043478261
rolling,2018-01-09,20,0,candidate_risk_off,0.0,0.0,0.11304347826086956
rolling,2018-01-10,20,0,candidate_risk_off,0.0,0.0,0.10526315789473684
rolling,2018-01-11,20,0,candidate_risk_off,0.0,0.0,0.09649122807017543
rolling,2018-01-12,20,0,candidate_risk_off,0.0,0.0,0.08771929824561403
rolling,2018-01-15,20,0,candidate_risk_off,0.0,0.0,0.07964601769911504
rolling,2018-01-16,20,0,candidate_risk_off,0.0,0.0,0.07142857142857142
rolling,2018-01-17,20,0,candidate_risk_off,0.0,0.0,0.07142857142857142
rolling,2018-01-18,20,0,candidate_risk_off,0.0,0.0,0.07079646017699115
rolling,2018-01-19,20,0,candidate_risk_off,0.0,0.0,0.07079646017699115
rolling,2018-01-22,20,0,candidate_risk_off,0.0,0.0,0.07142857142857142
rolling,2018-01-25,20,0,candidate_risk_off,0.0,0.0,0.07207207207207207
rolling,2018-01-26,20,0,candidate_risk_off,0.0,0.0,0.07207207207207207
rolling,2018-01-29,20,0,candidate_risk_off,0.0,0.0,0.07207207207207207
rolling,2018-01-30,20,0,candidate_risk_off,0.0,0.0,0.07272727272727272
rolling,2018-01-31,20,0,candidate_risk_off,0.0,0.0,0.07339449541284404
rolling,2018-02-01,20,0,candidate_risk_off,0.0,0.0,0.07407407407407407
rolling,2018-02-02,20,0,candidate_risk_off,0.0,0.0,0.07476635514018691
rolling,2018-02-05,20,0,candidate_risk_off,0.0,0.0,0.07476635514018691
rolling,2018-02-06,20,0,candidate_risk_off,0.0,0.0,0.07476635514018691
rolling,2018-02-07,20,0,candidate_risk_off,0.0,0.0,0.07476635514018691
rolling,2018-02-08,20,0,candidate_risk_off,0.0,0.0,0.07476635514018691
rolling,2018-02-09,20,0,candidate_risk_off,0.0,0.0,0.07476635514018691
rolling,2018-02-12,20,0,candidate_risk_off,0.0,0.0,0.07476635514018691
rolling,2018-02-13,20,0,candidate_risk_off,0.0,0.0,0.07476635514018691
rolling,2018-02-21,20,0,candidate_risk_off,0.0,0.0,0.07476635514018691
rolling,2018-02-22,20,0,candidate_risk_off,0.0,0.0,0.07476635514018691
rolling,2018-02-23,20,0,candidate_risk_off,0.0,0.0,0.07476635514018691
rolling,2018-02-26,20,0,candidate_risk_off,0.0,0.0,0.07476635514018691
rolling,2018-02-27,20,0,candidate_risk_off,0.0,0.0,0.07476635514018691
rolling,2018-02-28,20,0,candidate_risk_off,0.0,0.0,0.07476635514018691
rolling,2018-03-01,20,0,candidate_risk_off,0.0,0.0,0.07476635514018691
rolling,2018-03-02,20,0,candidate_risk_off,0.0,0.0,0.07476635514018691
rolling,2018-03-05,20,0,candidate_risk_off,0.0,0.0,0.07476635514018691
rolling,2018-03-06,20,0,candidate_risk_off,0.0,0.0,0.07476635514018691
rolling,2018-03-07,20,0,candidate_risk_off,0.0,0.0,0.07476635514018691
rolling,2018-03-08,20,0,candidate_risk_off,0.0,0.0,0.07476635514018691
rolling,2018-03-09,20,0,candidate_risk_off,0.0,0.0,0.07476635514018691
rolling,2018-03-12,20,0,candidate_risk_off,0.0,0.0,0.07476635514018691
rolling,2018-03-13,20,0,candidate_risk_off,0.0,0.0,0.07476635514018691
rolling,2018-03-14,20,0,candidate_risk_off,0.0,0.0,0.07476635514018691
rolling,2018-03-15,20,0,candidate_risk_off,0.0,0.0,0.07476635514018691
rolling,2018-03-16,20,0,candidate_risk_off,0.0,0.0,0.07476635514018691
rolling,2018-03-19,20,0,candidate_risk_off,0.0,0.0,0.07476635514018691
rolling,2018-03-20,20,0,candidate_risk_off,0.0,0.0,0.07476635514018691
rolling,2018-03-21,20,0,candidate_risk_off,0.0,0.0,0.07476635514018691
rolling,2018-03-22,20,0,candidate_risk_off,0.0,0.0,0.07547169811320754
rolling,2018-03-23,20,0,candidate_risk_off,0.0,0.0,0.07547169811320754
rolling,2018-03-26,20,0,candidate_risk_off,0.0,0.0,0.0761904761904762
rolling,2018-03-27,20,0,candidate_risk_off,0.0,0.0,0.07692307692307693
rolling,2018-03-28,20,0,candidate_risk_off,0.0,0.0,0.07766990291262135
rolling,2018-03-29,20,0,candidate_risk_off,0.0,0.0,0.0784313725490196
rolling,2018-03-30,20,0,candidate_risk_off,0.0,0.0,0.07920792079207921
rolling,2018-04-02,20,0,candidate_risk_off,0.0,0.0,0.08
rolling,2018-04-03,20,0,candidate_risk_off,0.047619047619047616,0.1111111111111111,0.08080808080808081
rolling,2018-04-04,20,0,candidate_risk_off,0.09090909090909091,0.2,0.08163265306122448
rolling,2018-04-05,20,0,candidate_risk_off,0.13043478260869565,0.2727272727272727,0.08247422680412371
rolling,2018-04-06,20,0,candidate_risk_off,0.16666666666666666,0.3333333333333333,0.08333333333333333
rolling,2018-04-09,20,0,candidate_risk_off,0.2,0.38461538461538464,0.08421052631578947
rolling,2018-04-10,20,0,candidate_risk_off,0.23076923076923078,0.42857142857142855,0.0851063829787234
rolling,2018-04-11,20,0,candidate_risk_off,0.25925925925925924,0.4666666666666667,0.08602150537634409
rolling,2018-04-12,20,0,candidate_risk_off,0.2857142857142857,0.5,0.08695652173913043
rolling,2018-04-13,20,0,candidate_risk_off,0.3103448275862069,0.5294117647058824,0.08791208791208792
rolling,2018-04-16,20,0,candidate_risk_off,0.3,0.5294117647058824,0.08888888888888889
rolling,2018-04-17,20,0,candidate_risk_off,0.2903225806451613,0.5294117647058824,0.0898876404494382
rolling,2018-04-18,20,0,candidate_risk_off,0.28125,0.5294117647058824,0.09090909090909091
rolling,2018-04-19,20,0,candidate_risk_off,0.2727272727272727,0.5294117647058824,0.09195402298850575
rolling,2018-04-20,20,0,candidate_risk_off,0.2647058823529412,0.5294117647058824,0.09302325581395349
rolling,2018-04-23,20,0,candidate_risk_off,0.2571428571428571,0.5294117647058824,0.09411764705882353
rolling,2018-04-24,20,0,candidate_risk_off,0.25,0.5294117647058824,0.09523809523809523
rolling,2018-04-26,20,0,candidate_risk_off,0.24324324324324326,0.5294117647058824,0.0963855421686747
rolling,2018-04-27,20,0,candidate_risk_off,0.23684210526315788,0.5294117647058824,0.0975609756097561
rolling,2018-05-02,20,0,candidate_risk_off,0.23076923076923078,0.5294117647058824,0.09876543209876543
rolling,2018-05-03,20,0,candidate_risk_off,0.225,0.5294117647058824,0.1
rolling,2018-05-04,20,0,candidate_risk_off,0.225,0.5294117647058824,0.1
rolling,2018-05-07,20,0,candidate_risk_off,0.21951219512195122,0.5294117647058824,0.10126582278481013
rolling,2018-05-08,20,0,candidate_risk_off,0.21428571428571427,0.5294117647058824,0.10256410256410256
rolling,2018-05-09,20,0,candidate_risk_off,0.20930232558139536,0.5294117647058824,0.1038961038961039
rolling,2018-05-10,20,0,candidate_risk_off,0.20930232558139536,0.5294117647058824,0.1038961038961039
rolling,2018-05-11,20,0,candidate_risk_off,0.20930232558139536,0.5294117647058824,0.1038961038961039
rolling,2018-05-14,20,0,candidate_risk_off,0.20454545454545456,0.5294117647058824,0.10526315789473684
rolling,2018-05-15,20,0,candidate_risk_off,0.2,0.5294117647058824,0.10666666666666667
rolling,2018-05-16,20,0,candidate_risk_off,0.1956521739130435,0.5294117647058824,0.10810810810810811
rolling,2018-05-17,20,0,candidate_risk_off,0.1956521739130435,0.5294117647058824,0.10810810810810811
rolling,2018-05-18,20,0,candidate_risk_off,0.1956521739130435,0.5294117647058824,0.10810810810810811
rolling,2018-05-21,20,0,candidate_risk_off,0.1956521739130435,0.5294117647058824,0.10810810810810811
rolling,2018-05-22,20,0,candidate_risk_off,0.1956521739130435,0.5294117647058824,0.10810810810810811
rolling,2018-05-23,20,0,candidate_risk_off,0.1956521739130435,0.5294117647058824,0.10810810810810811
rolling,2018-05-24,20,0,candidate_risk_off,0.1956521739130435,0.5294117647058824,0.10810810810810811
rolling,2018-05-25,20,0,candidate_risk_off,0.1956521739130435,0.5294117647058824,0.10810810810810811
rolling,2018-05-28,20,0,candidate_risk_off,0.1956521739130435,0.5294117647058824,0.10810810810810811
rolling,2018-05-29,20,0,candidate_risk_off,0.1956521739130435,0.5625,0.0945945945945946
rolling,2018-05-30,20,0,candidate_risk_off,0.1956521739130435,0.5625,0.0945945945945946
rolling,2018-05-31,20,0,candidate_risk_off,0.1956521739130435,0.5625,0.0945945945945946
rolling,2018-06-01,20,0,candidate_risk_off,0.1956521739130435,0.5625,0.0945945945945946
rolling,2018-06-04,20,0,candidate_risk_off,0.1956521739130435,0.5625,0.0945945945945946
rolling,2018-06-05,20,0,candidate_risk_off,0.1956521739130435,0.5625,0.0945945945945946
rolling,2018-06-06,20,0,candidate_risk_off,0.2127659574468085,0.5882352941176471,0.0958904109589041
rolling,2018-06-07,20,0,candidate_risk_off,0.20833333333333334,0.5882352941176471,0.09722222222222222
rolling,2018-06-08,20,0,candidate_risk_off,0.20408163265306123,0.5882352941176471,0.09859154929577464
rolling,2018-06-11,20,0,candidate_risk_off,0.2,0.5882352941176471,0.1
rolling,2018-06-12,20,0,candidate_risk_off,0.19607843137254902,0.5882352941176471,0.10144927536231885
rolling,2018-06-13,20,0,candidate_risk_off,0.19230769230769232,0.5882352941176471,0.10294117647058823
rolling,2018-06-14,20,0,candidate_risk_off,0.18867924528301888,0.5882352941176471,0.1044776119402985
rolling,2018-06-15,20,0,candidate_risk_off,0.18518518518518517,0.5882352941176471,0.10606060606060606
rolling,2018-06-18,20,0,candidate_risk_off,0.18181818181818182,0.5882352941176471,0.1076923076923077
rolling,2018-06-19,20,0,candidate_risk_off,0.17857142857142858,0.5882352941176471,0.109375
rolling,2018-06-20,20,0,candidate_risk_off,0.17857142857142858,0.5882352941176471,0.109375
rolling,2018-06-21,20,0,candidate_risk_off,0.17857142857142858,0.5882352941176471,0.109375
rolling,2018-06-22,20,0,candidate_risk_off,0.19298245614035087,0.6111111111111112,0.1111111111111111
rolling,2018-06-25,20,0,candidate_risk_off,0.1896551724137931,0.6111111111111112,0.11290322580645161
rolling,2018-06-26,20,0,candidate_risk_off,0.1864406779661017,0.6111111111111112,0.11475409836065574
rolling,2018-06-27,20,0,candidate_risk_off,0.18333333333333332,0.6111111111111112,0.11666666666666667
rolling,2018-06-28,20,0,candidate_risk_off,0.18333333333333332,0.5789473684210527,0.13333333333333333
rolling,2018-06-29,20,0,candidate_risk_off,0.18333333333333332,0.5789473684210527,0.13333333333333333
rolling,2018-07-02,20,0,candidate_risk_off,0.18333333333333332,0.5789473684210527,0.13333333333333333
rolling,2018-07-03,20,0,candidate_risk_off,0.18333333333333332,0.5789473684210527,0.13333333333333333
rolling,2018-07-04,20,0,candidate_risk_off,0.18333333333333332,0.5789473684210527,0.13333333333333333
rolling,2018-07-05,20,0,candidate_risk_off,0.18333333333333332,0.5789473684210527,0.13333333333333333
rolling,2018-07-06,20,0,candidate_risk_off,0.18333333333333332,0.5789473684210527,0.13333333333333333
rolling,2018-07-09,20,0,candidate_risk_off,0.18333333333333332,0.5789473684210527,0.13333333333333333
rolling,2018-07-10,20,0,candidate_risk_off,0.18333333333333332,0.55,0.15
rolling,2018-07-11,20,0,candidate_risk_off,0.1864406779661017,0.5238095238095238,0.16393442622950818
rolling,2018-07-12,20,0,candidate_risk_off,0.1864406779661017,0.5,0.18032786885245902
rolling,2018-07-13,20,0,candidate_risk_off,0.1864406779661017,0.4782608695652174,0.19672131147540983
rolling,2018-07-16,20,0,candidate_risk_off,0.1896551724137931,0.4782608695652174,0.1935483870967742
rolling,2018-07-17,20,0,candidate_risk_off,0.19298245614035087,0.4782608695652174,0.19047619047619047
rolling,2018-07-18,20,0,candidate_risk_off,0.19298245614035087,0.4782608695652174,0.19047619047619047
rolling,2018-07-19,20,0,candidate_risk_off,0.19298245614035087,0.4782608695652174,0.19047619047619047
rolling,2018-07-20,20,0,candidate_risk_off,0.19298245614035087,0.4583333333333333,0.20634920634920634
rolling,2018-07-23,20,0,candidate_risk_off,0.19642857142857142,0.4583333333333333,0.203125
rolling,2018-07-24,20,0,candidate_risk_off,0.2,0.4583333333333333,0.2
rolling,2018-07-25,20,0,candidate_risk_off,0.2037037037037037,0.4583333333333333,0.19696969696969696
rolling,2018-07-26,20,0,candidate_risk_off,0.20754716981132076,0.4583333333333333,0.19402985074626866
rolling,2018-07-27,20,0,candidate_risk_off,0.21153846153846154,0.4583333333333333,0.19117647058823528
rolling,2018-07-30,20,0,candidate_risk_off,0.21568627450980393,0.4583333333333333,0.18840579710144928
rolling,2018-07-31,20,0,candidate_risk_off,0.22,0.44,0.2
rolling,2018-08-01,20,0,candidate_risk_off,0.22448979591836735,0.4230769230769231,0.2112676056338028
rolling,2018-08-02,20,0,candidate_risk_off,0.22448979591836735,0.4074074074074074,0.22535211267605634
rolling,2018-08-03,20,0,candidate_risk_off,0.22448979591836735,0.39285714285714285,0.23943661971830985
rolling,2018-08-06,20,0,candidate_risk_off,0.22448979591836735,0.3793103448275862,0.2535211267605634
rolling,2018-08-07,20,0,candidate_risk_off,0.22448979591836735,0.36666666666666664,0.2676056338028169
rolling,2018-08-08,20,0,candidate_risk_off,0.22448979591836735,0.3548387096774194,0.28169014084507044
rolling,2018-08-09,20,0,candidate_risk_off,0.22448979591836735,0.34375,0.29577464788732394
rolling,2018-08-10,20,0,candidate_risk_off,0.22448979591836735,0.3333333333333333,0.30985915492957744
rolling,2018-08-13,20,0,candidate_risk_off,0.22448979591836735,0.3235294117647059,0.323943661971831
rolling,2018-08-14,20,0,candidate_risk_off,0.22448979591836735,0.3142857142857143,0.3380281690140845
rolling,2018-08-15,20,0,candidate_risk_off,0.22448979591836735,0.3055555555555556,0.352112676056338
rolling,2018-08-16,20,0,candidate_risk_off,0.22448979591836735,0.2972972972972973,0.36619718309859156
rolling,2018-08-17,20,0,candidate_risk_off,0.22448979591836735,0.2894736842105263,0.38028169014084506
rolling,2018-08-20,20,0,candidate_risk_off,0.22448979591836735,0.28205128205128205,0.39436619718309857
rolling,2018-08-21,20,0,candidate_risk_off,0.22448979591836735,0.28205128205128205,0.39436619718309857
rolling,2018-08-22,20,0,candidate_risk_off,0.22448979591836735,0.275,0.4084507042253521
rolling,2018-08-23,20,0,candidate_risk_off,0.22448979591836735,0.275,0.4084507042253521
rolling,2018-08-24,20,0,candidate_risk_off,0.22448979591836735,0.275,0.4084507042253521
rolling,2018-08-27,20,0,candidate_risk_off,0.22448979591836735,0.275,0.4084507042253521
rolling,2018-08-28,20,0,candidate_risk_off,0.22448979591836735,0.275,0.4084507042253521
rolling,2018-08-29,20,0,candidate_risk_off,0.22448979591836735,0.275,0.4084507042253521
rolling,2018-08-30,20,0,candidate_risk_off,0.22448979591836735,0.275,0.4084507042253521
rolling,2018-08-31,20,0,candidate_risk_off,0.22448979591836735,0.2682926829268293,0.4225352112676056
rolling,2018-09-04,20,0,candidate_risk_off,0.22448979591836735,0.2682926829268293,0.4225352112676056
rolling,2018-09-05,20,0,candidate_risk_off,0.22448979591836735,0.2682926829268293,0.4225352112676056
rolling,2018-09-06,20,0,candidate_risk_off,0.22448979591836735,0.2682926829268293,0.4225352112676056
rolling,2018-09-07,20,0,candidate_risk_off,0.22448979591836735,0.2682926829268293,0.4225352112676056
rolling,2018-09-10,20,0,candidate_risk_off,0.22448979591836735,0.2682926829268293,0.4225352112676056
rolling,2018-09-11,20,0,candidate_risk_off,0.22448979591836735,0.2682926829268293,0.4225352112676056
rolling,2018-09-12,20,0,candidate_risk_off,0.22916666666666666,0.2682926829268293,0.4166666666666667
rolling,2018-09-13,20,0,candidate_risk_off,0.22448979591836735,0.2682926829268293,0.4225352112676056
rolling,2018-09-14,20,0,candidate_risk_off,0.22448979591836735,0.2682926829268293,0.4225352112676056
rolling,2018-09-17,20,0,candidate_risk_off,0.22448979591836735,0.2682926829268293,0.4225352112676056
rolling,2018-09-18,20,0,candidate_risk_off,0.22448979591836735,0.2682926829268293,0.4225352112676056
rolling,2018-09-19,20,0,candidate_risk_off,0.22448979591836735,0.2682926829268293,0.4225352112676056
rolling,2018-09-20,20,0,candidate_risk_off,0.22448979591836735,0.2682926829268293,0.4225352112676056
rolling,2018-09-21,20,0,candidate_risk_off,0.22448979591836735,0.2682926829268293,0.4225352112676056
rolling,2018-09-24,20,0,candidate_risk_off,0.20408163265306123,0.25,0.4225352112676056
rolling,2018-09-25,20,0,candidate_risk_off,0.1836734693877551,0.23076923076923078,0.4225352112676056
rolling,2018-09-26,20,0,candidate_risk_off,0.1836734693877551,0.23076923076923078,0.4225352112676056
rolling,2018-09-27,20,0,candidate_risk_off,0.1836734693877551,0.23076923076923078,0.4225352112676056
rolling,2018-09-28,20,0,candidate_risk_off,0.1836734693877551,0.23076923076923078,0.4225352112676056
rolling,2018-10-01,20,0,candidate_risk_off,0.1836734693877551,0.23076923076923078,0.4225352112676056
rolling,2018-10-02,20,0,candidate_risk_off,0.1836734693877551,0.23076923076923078,0.4225352112676056
rolling,2018-10-03,20,0,candidate_risk_off,0.1836734693877551,0.23076923076923078,0.4225352112676056
rolling,2018-10-04,20,0,candidate_risk_off,0.1836734693877551,0.23076923076923078,0.4225352112676056
rolling,2018-10-05,20,0,candidate_risk_off,0.20408163265306123,0.25,0.4225352112676056
rolling,2018-10-08,20,0,candidate_risk_off,0.22448979591836735,0.2682926829268293,0.4225352112676056
rolling,2018-10-09,20,0,candidate_risk_off,0.24489795918367346,0.2857142857142857,0.4225352112676056
rolling,2018-10-10,20,0,candidate_risk_off,0.2653061224489796,0.3023255813953488,0.4225352112676056
rolling,2018-10-11,20,0,candidate_risk_off,0.2708333333333333,0.3023255813953488,0.4166666666666667
rolling,2018-10-12,20,0,candidate_risk_off,0.2708333333333333,0.3023255813953488,0.4166666666666667
rolling,2018-10-15,20,0,candidate_risk_off,0.2708333333333333,0.3023255813953488,0.4166666666666667
rolling,2018-10-16,20,0,candidate_risk_off,0.2708333333333333,0.3023255813953488,0.4166666666666667
rolling,2018-10-17,20,0,candidate_risk_off,0.2708333333333333,0.3023255813953488,0.4166666666666667
rolling,2018-10-18,20,0,candidate_risk_off,0.2708333333333333,0.3023255813953488,0.4166666666666667
rolling,2018-10-19,20,0,candidate_risk_off,0.2708333333333333,0.3023255813953488,0.4166666666666667
rolling,2018-10-22,20,0,candidate_risk_off,0.2653061224489796,0.3023255813953488,0.4225352112676056
rolling,2018-10-23,20,0,candidate_risk_off,0.2708333333333333,0.3023255813953488,0.4166666666666667
rolling,2018-10-24,20,0,candidate_risk_off,0.2765957446808511,0.3023255813953488,0.410958904109589
rolling,2018-10-25,20,0,candidate_risk_off,0.2826086956521739,0.3023255813953488,0.40540540540540543
rolling,2018-10-26,20,0,candidate_risk_off,0.2826086956521739,0.3023255813953488,0.40540540540540543
rolling,2018-10-29,20,0,candidate_risk_off,0.2826086956521739,0.3023255813953488,0.40540540540540543
rolling,2018-10-30,20,0,candidate_risk_off,0.28888888888888886,0.3023255813953488,0.4
rolling,2018-10-31,20,0,candidate_risk_off,0.29545454545454547,0.3023255813953488,0.39473684210526316
rolling,2018-11-01,20,0,candidate_risk_off,0.3023255813953488,0.3023255813953488,0.38961038961038963
rolling,2018-11-02,20,0,candidate_risk_off,0.3023255813953488,0.3023255813953488,0.38961038961038963
rolling,2018-11-05,20,0,candidate_risk_off,0.3023255813953488,0.3023255813953488,0.38961038961038963
rolling,2018-11-06,20,0,candidate_risk_off,0.3023255813953488,0.3023255813953488,0.38961038961038963
rolling,2018-11-07,20,0,candidate_risk_off,0.3023255813953488,0.3023255813953488,0.38961038961038963
rolling,2018-11-08,20,0,candidate_risk_off,0.3023255813953488,0.3023255813953488,0.38961038961038963
rolling,2018-11-09,20,0,candidate_risk_off,0.3023255813953488,0.3023255813953488,0.38961038961038963
rolling,2018-11-12,20,0,candidate_risk_off,0.3023255813953488,0.3023255813953488,0.38961038961038963
rolling,2018-11-13,20,0,candidate_risk_off,0.3023255813953488,0.3023255813953488,0.38961038961038963
rolling,2018-11-14,20,0,candidate_risk_off,0.3023255813953488,0.3023255813953488,0.38961038961038963
rolling,2018-11-15,20,0,candidate_risk_off,0.3023255813953488,0.3023255813953488,0.38961038961038963
rolling,2018-11-16,20,0,candidate_risk_off,0.3023255813953488,0.3023255813953488,0.38961038961038963
rolling,2018-11-19,20,0,candidate_risk_off,0.3023255813953488,0.3023255813953488,0.38961038961038963
rolling,2018-11-20,20,0,candidate_risk_off,0.30952380952380953,0.3023255813953488,0.38461538461538464
rolling,2018-11-21,20,0,candidate_risk_off,0.3170731707317073,0.3023255813953488,0.379746835443038
rolling,2018-11-22,20,0,candidate_risk_off,0.3,0.2857142857142857,0.375
rolling,2018-11-23,20,0,candidate_risk_off,0.3076923076923077,0.2857142857142857,0.37037037037037035
rolling,2018-11-26,20,0,candidate_risk_off,0.3157894736842105,0.2857142857142857,0.36585365853658536
rolling,2018-11-27,20,0,candidate_risk_off,0.3157894736842105,0.2857142857142857,0.36585365853658536
rolling,2018-11-28,20,0,candidate_risk_off,0.3157894736842105,0.2857142857142857,0.36585365853658536
rolling,2018-11-29,20,0,candidate_risk_off,0.3157894736842105,0.2857142857142857,0.36585365853658536
rolling,2018-11-30,20,0,candidate_risk_off,0.3157894736842105,0.2857142857142857,0.36585365853658536
rolling,2018-12-03,20,0,candidate_risk_off,0.3157894736842105,0.2857142857142857,0.36585365853658536
rolling,2018-12-04,20,0,candidate_risk_off,0.3157894736842105,0.2857142857142857,0.36585365853658536
rolling,2018-12-05,20,0,candidate_risk_off,0.3157894736842105,0.2857142857142857,0.36585365853658536
rolling,2018-12-06,20,0,candidate_risk_off,0.3076923076923077,0.2857142857142857,0.37037037037037035
rolling,2018-12-07,20,0,candidate_risk_off,0.3,0.2857142857142857,0.375
rolling,2018-12-10,20,0,candidate_risk_off,0.275,0.2682926829268293,0.375
rolling,2018-12-11,20,0,candidate_risk_off,0.275,0.2682926829268293,0.375
rolling,2018-12-12,20,0,candidate_risk_off,0.275,0.2682926829268293,0.375
rolling,2018-12-13,20,0,candidate_risk_off,0.275,0.2682926829268293,0.375
rolling,2018-12-14,20,0,candidate_risk_off,0.2682926829268293,0.275,0.3670886075949367
rolling,2018-12-17,20,0,candidate_risk_off,0.2619047619047619,0.28205128205128205,0.358974358974359
rolling,2018-12-18,20,0,candidate_risk_off,0.2558139534883721,0.2894736842105263,0.35064935064935066
rolling,2018-12-19,20,0,candidate_risk_off,0.2558139534883721,0.2972972972972973,0.33766233766233766
rolling,2018-12-20,20,0,candidate_risk_off,0.2558139534883721,0.3055555555555556,0.3246753246753247
rolling,2018-12-21,20,0,candidate_risk_off,0.2558139534883721,0.3142857142857143,0.3116883116883117
rolling,2018-12-24,20,0,candidate_risk_off,0.2558139534883721,0.3235294117647059,0.2987012987012987
rolling,2018-12-25,20,0,candidate_risk_off,0.2558139534883721,0.3333333333333333,0.2857142857142857
rolling,2018-12-26,20,0,candidate_risk_off,0.2558139534883721,0.34375,0.2727272727272727
rolling,2018-12-27,20,0,candidate_risk_off,0.2558139534883721,0.3548387096774194,0.2597402597402597
rolling,2018-12-28,20,0,candidate_risk_off,0.2558139534883721,0.36666666666666664,0.24675324675324675
rolling,2019-01-02,20,0,candidate_risk_off,0.2558139534883721,0.3793103448275862,0.23376623376623376
rolling,2019-01-03,20,0,candidate_risk_off,0.2558139534883721,0.3793103448275862,0.23376623376623376
rolling,2019-01-04,20,0,candidate_risk_off,0.2558139534883721,0.3793103448275862,0.23376623376623376
rolling,2019-01-07,20,0,candidate_risk_off,0.2558139534883721,0.3793103448275862,0.23376623376623376
rolling,2019-01-08,20,0,candidate_risk_off,0.2558139534883721,0.3793103448275862,0.23376623376623376
rolling,2019-01-09,20,0,candidate_risk_off,0.2558139534883721,0.39285714285714285,0.22077922077922077
rolling,2019-01-10,20,0,candidate_risk_off,0.2558139534883721,0.39285714285714285,0.22077922077922077
rolling,2019-01-11,20,0,candidate_risk_off,0.2558139534883721,0.39285714285714285,0.22077922077922077
rolling,2019-01-14,20,0,candidate_risk_off,0.2558139534883721,0.39285714285714285,0.22077922077922077
rolling,2019-01-15,20,0,candidate_risk_off,0.2558139534883721,0.3793103448275862,0.23376623376623376
rolling,2019-01-16,20,0,candidate_risk_off,0.2558139534883721,0.36666666666666664,0.24675324675324675
rolling,2019-01-17,20,0,candidate_risk_off,0.2558139534883721,0.3548387096774194,0.2597402597402597
rolling,2019-01-18,20,0,candidate_risk_off,0.2558139534883721,0.3548387096774194,0.2597402597402597
rolling,2019-01-21,20,0,candidate_risk_off,0.2558139534883721,0.3548387096774194,0.2597402597402597
rolling,2019-01-22,20,0,candidate_risk_off,0.2558139534883721,0.3548387096774194,0.2597402597402597
rolling,2019-01-23,20,0,candidate_risk_off,0.2558139534883721,0.3548387096774194,0.2597402597402597
rolling,2019-01-24,20,0,candidate_risk_off,0.2558139534883721,0.3548387096774194,0.2597402597402597
rolling,2019-01-25,20,0,candidate_risk_off,0.2558139534883721,0.3548387096774194,0.2597402597402597
rolling,2019-01-28,20,0,candidate_risk_off,0.2558139534883721,0.3548387096774194,0.2597402597402597
rolling,2019-01-29,20,0,candidate_risk_off,0.2558139534883721,0.3548387096774194,0.2597402597402597
rolling,2019-01-30,20,0,candidate_risk_off,0.2558139534883721,0.3548387096774194,0.2597402597402597
rolling,2019-01-31,20,0,candidate_risk_off,0.2558139534883721,0.3548387096774194,0.2597402597402597
rolling,2019-02-01,20,0,candidate_risk_off,0.2558139534883721,0.3548387096774194,0.2597402597402597
rolling,2019-02-11,20,0,candidate_risk_off,0.2558139534883721,0.3548387096774194,0.2597402597402597
rolling,2019-02-12,20,0,candidate_risk_off,0.2558139534883721,0.3548387096774194,0.2597402597402597
rolling,2019-02-13,20,0,candidate_risk_off,0.2558139534883721,0.3548387096774194,0.2597402597402597
rolling,2019-02-14,20,0,candidate_risk_off,0.2558139534883721,0.3548387096774194,0.2597402597402597
rolling,2019-02-15,20,0,candidate_risk_off,0.2558139534883721,0.34375,0.2727272727272727
rolling,2019-02-18,20,0,candidate_risk_off,0.2558139534883721,0.34375,0.2727272727272727
rolling,2019-02-19,20,0,candidate_risk_off,0.2558139534883721,0.3333333333333333,0.2857142857142857
rolling,2019-02-20,20,0,candidate_risk_off,0.2558139534883721,0.3235294117647059,0.2987012987012987
rolling,2019-02-21,20,0,candidate_risk_off,0.2558139534883721,0.3142857142857143,0.3116883116883117
rolling,2019-02-22,20,0,candidate_risk_off,0.2558139534883721,0.3055555555555556,0.3246753246753247
rolling,2019-02-25,20,0,candidate_risk_off,0.2727272727272727,0.32432432432432434,0.32894736842105265
rolling,2019-02-26,20,0,candidate_risk_off,0.2727272727272727,0.3157894736842105,0.34210526315789475
rolling,2019-02-27,20,0,candidate_risk_off,0.2727272727272727,0.3157894736842105,0.34210526315789475
rolling,2019-02-28,20,0,candidate_risk_off,0.2727272727272727,0.3157894736842105,0.34210526315789475
rolling,2019-03-01,20,0,candidate_risk_off,0.2727272727272727,0.3157894736842105,0.34210526315789475
rolling,2019-03-04,20,0,candidate_risk_off,0.2727272727272727,0.3157894736842105,0.34210526315789475
rolling,2019-03-05,20,0,candidate_risk_off,0.2727272727272727,0.3157894736842105,0.34210526315789475
rolling,2019-03-06,20,0,candidate_risk_off,0.2727272727272727,0.3157894736842105,0.34210526315789475
rolling,2019-03-07,20,0,candidate_risk_off,0.2727272727272727,0.3157894736842105,0.34210526315789475
rolling,2019-03-08,20,0,candidate_risk_off,0.2727272727272727,0.3157894736842105,0.34210526315789475
rolling,2019-03-11,20,0,candidate_risk_off,0.27906976744186046,0.3157894736842105,0.33766233766233766
rolling,2019-03-12,20,0,candidate_risk_off,0.2857142857142857,0.3157894736842105,0.3333333333333333
rolling,2019-03-13,20,0,candidate_risk_off,0.2857142857142857,0.3157894736842105,0.3333333333333333
rolling,2019-03-14,20,0,candidate_risk_off,0.2857142857142857,0.3157894736842105,0.3333333333333333
rolling,2019-03-15,20,0,candidate_risk_off,0.2857142857142857,0.3157894736842105,0.3333333333333333
rolling,2019-03-18,20,0,candidate_risk_off,0.30952380952380953,0.3333333333333333,0.3333333333333333
rolling,2019-03-19,20,0,candidate_risk_off,0.3333333333333333,0.35,0.3333333333333333
rolling,2019-03-20,20,0,candidate_risk_off,0.35714285714285715,0.36585365853658536,0.3333333333333333
rolling,2019-03-21,20,0,candidate_risk_off,0.36585365853658536,0.35714285714285715,0.34177215189873417
rolling,2019-03-22,20,0,candidate_risk_off,0.36585365853658536,0.35714285714285715,0.34177215189873417
rolling,2019-03-25,20,0,candidate_risk_off,0.35,0.34146341463414637,0.3375
rolling,2019-03-26,20,0,candidate_risk_off,0.3333333333333333,0.325,0.3333333333333333
rolling,2019-03-27,20,0,candidate_risk_off,0.3157894736842105,0.3076923076923077,0.32926829268292684
rolling,2019-03-28,20,0,candidate_risk_off,0.2972972972972973,0.2894736842105263,0.3253012048192771
rolling,2019-03-29,20,0,candidate_risk_off,0.2777777777777778,0.2702702702702703,0.32142857142857145
rolling,2019-04-01,20,0,candidate_risk_off,0.2571428571428571,0.24324324324324326,0.32941176470588235
rolling,2019-04-02,20,0,candidate_risk_off,0.2571428571428571,0.24324324324324326,0.32941176470588235
rolling,2019-04-03,20,0,candidate_risk_off,0.2571428571428571,0.24324324324324326,0.32941176470588235
rolling,2019-04-04,20,0,candidate_risk_off,0.2571428571428571,0.24324324324324326,0.32941176470588235
rolling,2019-04-05,20,0,candidate_risk_off,0.2571428571428571,0.24324324324324326,0.32941176470588235
rolling,2019-04-08,20,0,candidate_risk_off,0.2777777777777778,0.2631578947368421,0.3333333333333333
rolling,2019-04-09,20,0,candidate_risk_off,0.3055555555555556,0.28205128205128205,0.3333333333333333
rolling,2019-04-10,20,0,candidate_risk_off,0.3142857142857143,0.275,0.3411764705882353
rolling,2019-04-11,20,0,candidate_risk_off,0.3235294117647059,0.2682926829268293,0.3488372093023256
rolling,2019-04-12,20,0,candidate_risk_off,0.3333333333333333,0.2619047619047619,0.3563218390804598
rolling,2019-04-16,20,0,candidate_risk_off,0.34375,0.2558139534883721,0.36363636363636365
rolling,2019-04-17,20,0,candidate_risk_off,0.3548387096774194,0.25,0.3707865168539326
rolling,2019-04-18,20,0,candidate_risk_off,0.36666666666666664,0.24444444444444444,0.37777777777777777
rolling,2019-04-19,20,0,candidate_risk_off,0.36666666666666664,0.2391304347826087,0.3888888888888889
rolling,2019-04-22,20,0,candidate_risk_off,0.36666666666666664,0.23404255319148937,0.4
rolling,2019-04-23,20,0,candidate_risk_off,0.36666666666666664,0.22916666666666666,0.4111111111111111
rolling,2019-04-24,20,0,candidate_risk_off,0.36666666666666664,0.22448979591836735,0.4222222222222222
rolling,2019-04-25,20,0,candidate_risk_off,0.36666666666666664,0.22,0.43333333333333335
rolling,2019-04-26,20,0,candidate_risk_off,0.36666666666666664,0.21568627450980393,0.4444444444444444
rolling,2019-05-02,20,0,candidate_risk_off,0.36666666666666664,0.21153846153846154,0.45555555555555555
rolling,2019-05-03,20,0,candidate_risk_off,0.36666666666666664,0.20754716981132076,0.4666666666666667
rolling,2019-05-06,20,0,candidate_risk_off,0.36666666666666664,0.2037037037037037,0.4777777777777778
rolling,2019-05-07,20,0,candidate_risk_off,0.36666666666666664,0.2,0.4888888888888889
rolling,2019-05-08,20,0,candidate_risk_off,0.36666666666666664,0.19642857142857142,0.5
rolling,2019-05-09,20,0,candidate_risk_off,0.36666666666666664,0.19298245614035087,0.5111111111111111
rolling,2019-05-10,20,0,candidate_risk_off,0.36666666666666664,0.1896551724137931,0.5222222222222223
rolling,2019-05-13,20,0,candidate_risk_off,0.36666666666666664,0.1864406779661017,0.5333333333333333
rolling,2019-05-14,20,0,candidate_risk_off,0.36666666666666664,0.18333333333333332,0.5444444444444444
rolling,2019-05-15,20,0,candidate_risk_off,0.3870967741935484,0.19672131147540983,0.550561797752809
rolling,2019-05-16,20,0,candidate_risk_off,0.40625,0.20967741935483872,0.5568181818181818
rolling,2019-05-17,20,0,candidate_risk_off,0.42424242424242425,0.2222222222222222,0.5632183908045977
rolling,2019-05-20,20,0,candidate_risk_off,0.4411764705882353,0.234375,0.5697674418604651
rolling,2019-05-21,20,0,candidate_risk_off,0.45714285714285713,0.24615384615384617,0.5764705882352941
rolling,2019-05-22,20,0,candidate_risk_off,0.4722222222222222,0.25757575757575757,0.5833333333333334
rolling,2019-05-23,20,0,candidate_risk_off,0.4864864864864865,0.26865671641791045,0.5903614457831325
rolling,2019-05-24,20,0,candidate_risk_off,0.4864864864864865,0.2647058823529412,0.6024096385542169
rolling,2019-05-27,20,0,candidate_risk_off,0.4864864864864865,0.2608695652173913,0.6144578313253012
rolling,2019-05-28,20,0,candidate_risk_off,0.4864864864864865,0.2571428571428571,0.6265060240963856
rolling,2019-05-29,20,0,candidate_risk_off,0.5,0.2535211267605634,0.6309523809523809
rolling,2019-05-30,20,0,candidate_risk_off,0.5277777777777778,0.2638888888888889,0.6309523809523809
rolling,2019-05-31,20,0,candidate_risk_off,0.5428571428571428,0.2602739726027397,0.6352941176470588
rolling,2019-06-03,20,0,candidate_risk_off,0.5588235294117647,0.25675675675675674,0.6395348837209303
rolling,2019-06-04,20,0,candidate_risk_off,0.5757575757575758,0.25333333333333335,0.6436781609195402
rolling,2019-06-05,20,0,candidate_risk_off,0.59375,0.25,0.6477272727272727
rolling,2019-06-06,20,0,candidate_risk_off,0.6129032258064516,0.24675324675324675,0.651685393258427
rolling,2019-06-07,20,0,candidate_risk_off,0.6333333333333333,0.24358974358974358,0.6555555555555556
rolling,2019-06-10,20,0,candidate_risk_off,0.6551724137931034,0.24050632911392406,0.6593406593406593
rolling,2019-06-11,20,0,candidate_risk_off,0.6785714285714286,0.2375,0.6630434782608695
rolling,2019-06-12,20,0,candidate_risk_off,0.7037037037037037,0.2345679012345679,0.6666666666666666
rolling,2019-06-13,20,0,candidate_risk_off,0.7307692307692307,0.23170731707317074,0.6702127659574468
rolling,2019-06-14,20,0,candidate_risk_off,0.76,0.23170731707317074,0.6631578947368421
rolling,2019-06-17,20,0,candidate_risk_off,0.7916666666666666,0.2289156626506024,0.6666666666666666
rolling,2019-06-18,20,0,candidate_risk_off,0.8260869565217391,0.2261904761904762,0.6701030927835051
rolling,2019-06-19,20,0,candidate_risk_off,0.8636363636363636,0.2235294117647059,0.673469387755102
rolling,2019-06-20,20,0,candidate_risk_off,0.8636363636363636,0.22093023255813954,0.6836734693877551
rolling,2019-06-21,20,0,candidate_risk_off,0.8636363636363636,0.21839080459770116,0.6938775510204082
rolling,2019-06-24,20,0,candidate_risk_off,0.8636363636363636,0.2159090909090909,0.7040816326530612
rolling,2019-06-25,20,0,candidate_risk_off,0.8636363636363636,0.21348314606741572,0.7142857142857143
rolling,2019-06-26,20,0,candidate_risk_off,0.8636363636363636,0.2111111111111111,0.7244897959183674
rolling,2019-06-27,20,0,candidate_risk_off,0.8636363636363636,0.2087912087912088,0.7346938775510204
rolling,2019-06-28,20,0,candidate_risk_off,0.8636363636363636,0.20652173913043478,0.7448979591836735
rolling,2019-07-01,20,0,candidate_risk_off,0.8636363636363636,0.20430107526881722,0.7551020408163265
rolling,2019-07-02,20,0,candidate_risk_off,0.8636363636363636,0.20212765957446807,0.7653061224489796
rolling,2019-07-03,20,0,candidate_risk_off,0.8636363636363636,0.2,0.7755102040816326
rolling,2019-07-04,20,0,candidate_risk_off,0.8636363636363636,0.19791666666666666,0.7857142857142857
rolling,2019-07-05,20,0,candidate_risk_off,0.8636363636363636,0.1958762886597938,0.7959183673469388
rolling,2019-07-08,20,0,candidate_risk_off,0.8636363636363636,0.19387755102040816,0.8061224489795918
rolling,2019-07-09,20,0,candidate_risk_off,0.8636363636363636,0.1919191919191919,0.8163265306122449
rolling,2019-07-10,20,0,candidate_risk_off,0.8636363636363636,0.19,0.826530612244898
rolling,2019-07-11,20,0,candidate_risk_off,0.8636363636363636,0.18811881188118812,0.8367346938775511
rolling,2019-07-12,20,0,candidate_risk_off,0.8636363636363636,0.18627450980392157,0.8469387755102041
rolling,2019-07-15,20,0,candidate_risk_off,0.8636363636363636,0.18627450980392157,0.8469387755102041
rolling,2019-07-16,20,0,candidate_risk_off,0.8636363636363636,0.18627450980392157,0.8469387755102041
rolling,2019-07-17,20,0,candidate_risk_off,0.8636363636363636,0.18627450980392157,0.8469387755102041
rolling,2019-07-18,20,0,candidate_risk_off,0.8636363636363636,0.18627450980392157,0.8469387755102041
rolling,2019-07-19,20,0,candidate_risk_off,0.8636363636363636,0.18627450980392157,0.8469387755102041
rolling,2019-07-22,20,0,candidate_risk_off,0.8636363636363636,0.18627450980392157,0.8469387755102041
rolling,2019-07-23,20,0,candidate_risk_off,0.8636363636363636,0.18627450980392157,0.8469387755102041
rolling,2019-07-24,20,0,candidate_risk_off,0.8636363636363636,0.18627450980392157,0.8469387755102041
rolling,2019-07-25,20,0,candidate_risk_off,0.8636363636363636,0.18627450980392157,0.8469387755102041
rolling,2019-07-26,20,0,candidate_risk_off,0.8636363636363636,0.18627450980392157,0.8469387755102041
rolling,2019-07-29,20,0,candidate_risk_off,0.8695652173913043,0.19607843137254902,0.845360824742268
rolling,2019-07-30,20,0,candidate_risk_off,0.8695652173913043,0.19607843137254902,0.845360824742268
rolling,2019-07-31,20,0,candidate_risk_off,0.8695652173913043,0.19607843137254902,0.845360824742268
rolling,2019-08-01,20,0,candidate_risk_off,0.875,0.20588235294117646,0.84375
rolling,2019-08-02,20,0,candidate_risk_off,0.875,0.20588235294117646,0.84375
rolling,2019-08-05,20,0,candidate_risk_off,0.875,0.20588235294117646,0.84375
rolling,2019-08-06,20,0,candidate_risk_off,0.875,0.20588235294117646,0.84375
rolling,2019-08-07,20,0,candidate_risk_off,0.875,0.20588235294117646,0.84375
rolling,2019-08-08,20,0,candidate_risk_off,0.875,0.2079207920792079,0.8333333333333334
rolling,2019-08-09,20,0,candidate_risk_off,0.875,0.21,0.8229166666666666
rolling,2019-08-12,20,0,candidate_risk_off,0.875,0.21212121212121213,0.8125
rolling,2019-08-13,20,0,candidate_risk_off,0.875,0.21428571428571427,0.8020833333333334
rolling,2019-08-14,20,0,candidate_risk_off,0.875,0.21428571428571427,0.8020833333333334
rolling,2019-08-15,20,0,candidate_risk_off,0.875,0.21649484536082475,0.7916666666666666
rolling,2019-08-16,20,0,candidate_risk_off,0.8695652173913043,0.20833333333333334,0.7835051546391752
rolling,2019-08-19,20,0,candidate_risk_off,0.8695652173913043,0.21052631578947367,0.7731958762886598
rolling,2019-08-20,20,0,candidate_risk_off,0.8695652173913043,0.2127659574468085,0.7628865979381443
rolling,2019-08-21,20,0,candidate_risk_off,0.8695652173913043,0.2127659574468085,0.7628865979381443
rolling,2019-08-22,20,0,candidate_risk_off,0.8695652173913043,0.2127659574468085,0.7628865979381443
rolling,2019-08-23,20,0,candidate_risk_off,0.8695652173913043,0.2127659574468085,0.7628865979381443
rolling,2019-08-26,20,0,candidate_risk_off,0.8695652173913043,0.21052631578947367,0.7731958762886598
rolling,2019-08-27,20,0,candidate_risk_off,0.8695652173913043,0.20833333333333334,0.7835051546391752
rolling,2019-08-28,20,0,candidate_risk_off,0.8695652173913043,0.20618556701030927,0.7938144329896907
rolling,2019-08-29,20,0,candidate_risk_off,0.8695652173913043,0.20408163265306123,0.8041237113402062
rolling,2019-08-30,20,0,candidate_risk_off,0.8695652173913043,0.20202020202020202,0.8144329896907216
rolling,2019-09-03,20,0,candidate_risk_off,0.8695652173913043,0.2,0.8247422680412371
rolling,2019-09-04,20,0,candidate_risk_off,0.9090909090909091,0.19801980198019803,0.826530612244898
rolling,2019-09-05,20,0,candidate_risk_off,0.9523809523809523,0.19607843137254902,0.8282828282828283
rolling,2019-09-06,20,0,candidate_risk_off,1.0,0.1941747572815534,0.83
rolling,2019-09-09,20,0,candidate_risk_off,1.0,0.18446601941747573,0.8316831683168316
rolling,2019-09-10,20,0,candidate_risk_off,1.0,0.17475728155339806,0.8333333333333334
rolling,2019-09-11,20,0,candidate_risk_off,1.0,0.1650485436893204,0.8349514563106796
rolling,2019-09-12,20,0,candidate_risk_off,1.0,0.1650485436893204,0.8349514563106796
rolling,2019-09-13,20,0,candidate_risk_off,1.0,0.1553398058252427,0.8365384615384616
rolling,2019-09-16,20,0,candidate_risk_off,1.0,0.15384615384615385,0.8461538461538461
rolling,2019-09-17,20,0,candidate_risk_off,1.0,0.1523809523809524,0.8557692307692307
rolling,2019-09-18,20,0,candidate_risk_off,1.0,0.1509433962264151,0.8653846153846154
rolling,2019-09-19,20,0,candidate_risk_off,1.0,0.14953271028037382,0.875
rolling,2019-09-20,20,0,candidate_risk_off,1.0,0.14814814814814814,0.8846153846153846
rolling,2019-09-23,20,0,candidate_risk_off,1.0,0.14814814814814814,0.8846153846153846
rolling,2019-09-24,20,0,candidate_risk_off,1.0,0.1388888888888889,0.8857142857142857
rolling,2019-09-25,20,0,candidate_risk_off,1.0,0.12962962962962962,0.8867924528301887
rolling,2019-09-26,20,0,candidate_risk_off,1.0,0.12037037037037036,0.8878504672897196
rolling,2019-09-27,20,0,candidate_risk_off,1.0,0.11214953271028037,0.8796296296296297
rolling,2019-09-30,20,0,candidate_risk_off,1.0,0.102803738317757,0.8807339449541285
rolling,2019-10-01,20,0,candidate_risk_off,1.0,0.09345794392523364,0.8818181818181818
rolling,2019-10-02,20,0,candidate_risk_off,1.0,0.09345794392523364,0.8818181818181818
rolling,2019-10-03,20,0,candidate_risk_off,1.0,0.09345794392523364,0.8818181818181818
rolling,2019-10-04,20,0,candidate_risk_off,1.0,0.09345794392523364,0.8818181818181818
rolling,2019-10-07,20,0,candidate_risk_off,1.0,0.09345794392523364,0.8818181818181818
rolling,2019-10-08,20,0,candidate_risk_off,1.0,0.09345794392523364,0.8818181818181818
rolling,2019-10-09,20,0,candidate_risk_off,1.0,0.09345794392523364,0.8818181818181818
rolling,2019-10-10,20,0,candidate_risk_off,1.0,0.09345794392523364,0.8818181818181818
rolling,2019-10-11,20,0,candidate_risk_off,1.0,0.09345794392523364,0.8818181818181818
rolling,2019-10-14,20,0,candidate_risk_off,1.0,0.09433962264150944,0.8727272727272727
rolling,2019-10-15,20,0,candidate_risk_off,1.0,0.09433962264150944,0.8727272727272727
rolling,2019-10-16,20,0,candidate_risk_off,1.0,0.09523809523809523,0.8636363636363636
rolling,2019-10-17,20,0,candidate_risk_off,1.0,0.09615384615384616,0.8545454545454545
rolling,2019-10-18,20,0,candidate_risk_off,1.0,0.09615384615384616,0.8545454545454545
rolling,2019-10-21,20,0,candidate_risk_off,1.0,0.09615384615384616,0.8545454545454545
rolling,2019-10-22,20,0,candidate_risk_off,1.0,0.09615384615384616,0.8545454545454545
rolling,2019-10-23,20,0,candidate_risk_off,1.0,0.09615384615384616,0.8545454545454545
rolling,2019-10-24,20,0,candidate_risk_off,1.0,0.0970873786407767,0.8454545454545455
rolling,2019-10-25,20,0,candidate_risk_off,0.9090909090909091,0.09803921568627451,0.8440366972477065
rolling,2019-10-28,20,0,candidate_risk_off,0.8333333333333334,0.09900990099009901,0.8425925925925926
rolling,2019-10-29,20,0,candidate_risk_off,0.8461538461538461,0.10891089108910891,0.8411214953271028
rolling,2019-10-30,20,0,candidate_risk_off,0.8571428571428571,0.1188118811881188,0.839622641509434
rolling,2019-10-31,20,0,candidate_risk_off,0.8571428571428571,0.1188118811881188,0.839622641509434
rolling,2019-11-01,20,0,candidate_risk_off,0.8571428571428571,0.1188118811881188,0.839622641509434
rolling,2019-11-04,20,0,candidate_risk_off,0.8571428571428571,0.1188118811881188,0.839622641509434
rolling,2019-11-05,20,0,candidate_risk_off,0.8571428571428571,0.1188118811881188,0.839622641509434
rolling,2019-11-06,20,0,candidate_risk_off,0.8571428571428571,0.1188118811881188,0.839622641509434
rolling,2019-11-07,20,0,candidate_risk_off,0.8571428571428571,0.1188118811881188,0.839622641509434
rolling,2019-11-08,20,0,candidate_risk_off,0.8571428571428571,0.1188118811881188,0.839622641509434
rolling,2019-11-11,20,0,candidate_risk_off,0.8666666666666667,0.12871287128712872,0.8380952380952381
rolling,2019-11-12,20,0,candidate_risk_off,0.875,0.13861386138613863,0.8365384615384616
rolling,2019-11-13,20,0,candidate_risk_off,0.8823529411764706,0.1485148514851485,0.8349514563106796
rolling,2019-11-14,20,0,candidate_risk_off,0.8888888888888888,0.15841584158415842,0.8333333333333334
rolling,2019-11-15,20,0,candidate_risk_off,0.8888888888888888,0.15841584158415842,0.8333333333333334
rolling,2019-11-18,20,0,candidate_risk_off,0.8947368421052632,0.16831683168316833,0.8316831683168316
rolling,2019-11-19,20,0,candidate_risk_off,0.9,0.1782178217821782,0.83
rolling,2019-11-20,20,0,candidate_risk_off,0.9047619047619048,0.18811881188118812,0.8282828282828283
rolling,2019-11-21,20,0,candidate_risk_off,0.9090909090909091,0.19801980198019803,0.826530612244898
rolling,2019-11-22,20,0,candidate_risk_off,0.9130434782608695,0.2079207920792079,0.8247422680412371
rolling,2019-11-25,20,0,candidate_risk_off,0.9166666666666666,0.21782178217821782,0.8229166666666666
rolling,2019-11-26,20,0,candidate_risk_off,0.92,0.22772277227722773,0.8210526315789474
rolling,2019-11-27,20,0,candidate_risk_off,0.8846153846153846,0.23,0.8191489361702128
rolling,2019-11-28,20,0,candidate_risk_off,0.8846153846153846,0.23232323232323232,0.8085106382978723
rolling,2019-11-29,20,0,candidate_risk_off,0.8846153846153846,0.23469387755102042,0.7978723404255319
rolling,2019-12-02,20,0,candidate_risk_off,0.8846153846153846,0.23469387755102042,0.7978723404255319
rolling,2019-12-03,20,0,candidate_risk_off,0.8846153846153846,0.23711340206185566,0.7872340425531915
rolling,2019-12-04,20,0,candidate_risk_off,0.8846153846153846,0.23958333333333334,0.776595744680851
rolling,2019-12-05,20,0,candidate_risk_off,0.8846153846153846,0.24210526315789474,0.7659574468085106
rolling,2019-12-06,20,0,candidate_risk_off,0.8846153846153846,0.24468085106382978,0.7553191489361702
rolling,2019-12-09,20,0,candidate_risk_off,0.8846153846153846,0.24731182795698925,0.7446808510638298
rolling,2019-12-10,20,0,candidate_risk_off,0.8846153846153846,0.25,0.7340425531914894
rolling,2019-12-11,20,0,candidate_risk_off,0.8846153846153846,0.25274725274725274,0.723404255319149
rolling,2019-12-12,20,0,candidate_risk_off,0.8846153846153846,0.25555555555555554,0.7127659574468085
rolling,2019-12-13,20,0,candidate_risk_off,0.8846153846153846,0.25842696629213485,0.7021276595744681
rolling,2019-12-16,20,0,candidate_risk_off,0.8846153846153846,0.26136363636363635,0.6914893617021277
rolling,2019-12-17,20,0,candidate_risk_off,0.8846153846153846,0.26436781609195403,0.6808510638297872
rolling,2019-12-18,20,0,candidate_risk_off,0.8846153846153846,0.26744186046511625,0.6702127659574468
rolling,2019-12-19,20,0,candidate_risk_off,0.8846153846153846,0.27058823529411763,0.6595744680851063
rolling,2019-12-20,20,0,candidate_risk_off,0.8846153846153846,0.27380952380952384,0.648936170212766
rolling,2019-12-23,20,0,candidate_risk_off,0.8846153846153846,0.27710843373493976,0.6382978723404256
rolling,2019-12-24,20,0,candidate_risk_off,0.8846153846153846,0.2804878048780488,0.6276595744680851
rolling,2019-12-25,20,0,candidate_risk_off,0.8846153846153846,0.2839506172839506,0.6170212765957447
rolling,2019-12-26,20,0,candidate_risk_off,0.8518518518518519,0.2875,0.6129032258064516
rolling,2019-12-27,20,0,candidate_risk_off,0.8214285714285714,0.2911392405063291,0.6086956521739131
rolling,2019-12-30,20,0,candidate_risk_off,0.7931034482758621,0.2948717948717949,0.6043956043956044
rolling,2019-12-31,20,0,candidate_risk_off,0.7666666666666667,0.2987012987012987,0.6
rolling,2020-01-02,20,0,candidate_risk_off,0.7419354838709677,0.3026315789473684,0.5955056179775281
rolling,2020-01-03,20,0,candidate_risk_off,0.71875,0.30666666666666664,0.5909090909090909
rolling,2020-01-06,20,0,candidate_risk_off,0.7272727272727273,0.32,0.5862068965517241
rolling,2020-01-07,20,0,candidate_risk_off,0.7352941176470589,0.3333333333333333,0.5813953488372093
rolling,2020-01-08,20,0,candidate_risk_off,0.7352941176470589,0.3333333333333333,0.5813953488372093
rolling,2020-01-09,20,0,candidate_risk_off,0.7428571428571429,0.3466666666666667,0.5764705882352941
rolling,2020-01-10,20,0,candidate_risk_off,0.75,0.36,0.5714285714285714
rolling,2020-01-13,20,0,candidate_risk_off,0.7567567567567568,0.37333333333333335,0.5662650602409639
rolling,2020-01-14,20,0,candidate_risk_off,0.7631578947368421,0.38666666666666666,0.5609756097560976
rolling,2020-01-15,20,0,candidate_risk_off,0.7368421052631579,0.3783783783783784,0.5609756097560976
rolling,2020-01-16,20,0,candidate_risk_off,0.717948717948718,0.3835616438356164,0.5555555555555556
rolling,2020-01-17,20,0,candidate_risk_off,0.7,0.3888888888888889,0.55
rolling,2020-01-20,20,0,candidate_risk_off,0.675,0.38028169014084506,0.55
rolling,2020-01-21,20,0,candidate_risk_off,0.6585365853658537,0.38571428571428573,0.5443037974683544
rolling,2020-01-22,20,0,candidate_risk_off,0.6428571428571429,0.391304347826087,0.5384615384615384
rolling,2020-01-30,20,0,candidate_risk_off,0.627906976744186,0.39705882352941174,0.5324675324675324
rolling,2020-01-31,20,0,candidate_risk_off,0.6136363636363636,0.40298507462686567,0.5263157894736842
rolling,2020-02-03,20,0,candidate_risk_off,0.6,0.40298507462686567,0.5333333333333333
rolling,2020-02-04,20,0,candidate_risk_off,0.5869565217391305,0.40298507462686567,0.5405405405405406
rolling,2020-02-05,20,0,candidate_risk_off,0.574468085106383,0.40298507462686567,0.547945205479452
rolling,2020-02-06,20,0,candidate_risk_off,0.5625,0.40298507462686567,0.5555555555555556
rolling,2020-02-07,20,0,candidate_risk_off,0.5510204081632653,0.4090909090909091,0.5492957746478874
rolling,2020-02-10,20,0,candidate_risk_off,0.54,0.4090909090909091,0.5571428571428572
rolling,2020-02-11,20,0,candidate_risk_off,0.5294117647058824,0.4090909090909091,0.5652173913043478
rolling,2020-02-12,20,0,candidate_risk_off,0.5192307692307693,0.4090909090909091,0.5735294117647058
rolling,2020-02-13,20,0,candidate_risk_off,0.5094339622641509,0.4090909090909091,0.582089552238806
rolling,2020-02-14,20,0,candidate_risk_off,0.5,0.4090909090909091,0.5909090909090909
rolling,2020-02-17,20,0,candidate_risk_off,0.4909090909090909,0.4090909090909091,0.6
rolling,2020-02-18,20,0,candidate_risk_off,0.48214285714285715,0.4090909090909091,0.609375
rolling,2020-02-19,20,0,candidate_risk_off,0.47368421052631576,0.4153846153846154,0.6031746031746031
rolling,2020-02-20,20,0,candidate_risk_off,0.46551724137931033,0.421875,0.5967741935483871
rolling,2020-02-21,20,0,candidate_risk_off,0.4576271186440678,0.42857142857142855,0.5901639344262295
rolling,2020-02-24,20,0,candidate_risk_off,0.45,0.43548387096774194,0.5833333333333334
rolling,2020-02-25,20,0,candidate_risk_off,0.4426229508196721,0.4426229508196721,0.576271186440678
rolling,2020-02-26,20,0,candidate_risk_off,0.43548387096774194,0.45,0.5689655172413793
rolling,2020-02-27,20,0,candidate_risk_off,0.42857142857142855,0.4576271186440678,0.5614035087719298
rolling,2020-02-28,20,0,candidate_risk_off,0.421875,0.46551724137931033,0.5535714285714286
rolling,2020-03-02,20,0,candidate_risk_off,0.4153846153846154,0.47368421052631576,0.5454545454545454
rolling,2020-03-03,20,0,candidate_risk_off,0.4090909090909091,0.48214285714285715,0.5370370370370371
rolling,2020-03-04,20,0,candidate_risk_off,0.40298507462686567,0.4909090909090909,0.5283018867924528
rolling,2020-03-05,20,0,candidate_risk_off,0.39705882352941174,0.5,0.5192307692307693
rolling,2020-03-06,20,0,candidate_risk_off,0.391304347826087,0.5094339622641509,0.5098039215686274
rolling,2020-03-09,20,0,candidate_risk_off,0.38571428571428573,0.5192307692307693,0.5
rolling,2020-03-10,20,0,candidate_risk_off,0.38028169014084506,0.5294117647058824,0.4897959183673469
rolling,2020-03-11,20,0,candidate_risk_off,0.375,0.54,0.4791666666666667
rolling,2020-03-12,20,0,candidate_risk_off,0.3698630136986301,0.5510204081632653,0.46808510638297873
rolling,2020-03-13,20,0,candidate_risk_off,0.36486486486486486,0.5625,0.45652173913043476
rolling,2020-03-16,20,0,candidate_risk_off,0.36,0.574468085106383,0.4444444444444444
rolling,2020-03-17,20,0,candidate_risk_off,0.35526315789473684,0.5869565217391305,0.4318181818181818
rolling,2020-03-18,20,0,candidate_risk_off,0.35064935064935066,0.6,0.4186046511627907
rolling,2020-03-19,20,0,candidate_risk_off,0.35064935064935066,0.6136363636363636,0.3953488372093023
rolling,2020-03-20,20,0,candidate_risk_off,0.35064935064935066,0.627906976744186,0.37209302325581395
rolling,2020-03-23,20,0,candidate_risk_off,0.35064935064935066,0.627906976744186,0.37209302325581395
rolling,2020-03-24,20,0,candidate_risk_off,0.35064935064935066,0.6428571428571429,0.3488372093023256
rolling,2020-03-25,20,0,candidate_risk_off,0.35064935064935066,0.6585365853658537,0.32558139534883723
rolling,2020-03-26,20,0,candidate_risk_off,0.35064935064935066,0.675,0.3023255813953488
rolling,2020-03-27,20,0,candidate_risk_off,0.35064935064935066,0.6923076923076923,0.27906976744186046
rolling,2020-03-30,20,0,candidate_risk_off,0.35064935064935066,0.7105263157894737,0.2558139534883721
rolling,2020-03-31,20,0,candidate_risk_off,0.35064935064935066,0.7297297297297297,0.23255813953488372
rolling,2020-04-01,20,0,candidate_risk_off,0.35064935064935066,0.75,0.20930232558139536
rolling,2020-04-03,20,0,candidate_risk_off,0.35064935064935066,0.7714285714285715,0.18604651162790697
rolling,2020-04-06,20,0,candidate_risk_off,0.35064935064935066,0.7941176470588235,0.16279069767441862
rolling,2020-04-07,20,0,candidate_risk_off,0.35064935064935066,0.8181818181818182,0.13953488372093023
rolling,2020-04-08,20,0,candidate_risk_off,0.35064935064935066,0.8181818181818182,0.13953488372093023
rolling,2020-04-09,20,0,candidate_risk_off,0.35064935064935066,0.84375,0.11627906976744186
rolling,2020-04-10,20,0,candidate_risk_off,0.35064935064935066,0.84375,0.11627906976744186
rolling,2020-04-13,20,0,candidate_risk_off,0.35064935064935066,0.84375,0.11627906976744186
rolling,2020-04-14,20,0,candidate_risk_off,0.35064935064935066,0.8709677419354839,0.09302325581395349
rolling,2020-04-15,20,0,candidate_risk_off,0.35064935064935066,0.9,0.06976744186046512
rolling,2020-04-16,20,0,candidate_risk_off,0.35064935064935066,0.9310344827586207,0.046511627906976744
rolling,2020-04-17,20,0,candidate_risk_off,0.35064935064935066,0.9642857142857143,0.023255813953488372
rolling,2020-04-20,20,0,candidate_risk_off,0.35064935064935066,0.9642857142857143,0.023255813953488372
rolling,2020-04-21,20,0,candidate_risk_off,0.35526315789473684,0.9642857142857143,0.022727272727272728
rolling,2020-04-22,20,0,candidate_risk_off,0.36,0.9642857142857143,0.022222222222222223
rolling,2020-04-23,20,0,candidate_risk_off,0.35135135135135137,0.9629629629629629,0.021739130434782608
rolling,2020-04-24,20,0,candidate_risk_off,0.3424657534246575,0.9615384615384616,0.02127659574468085
rolling,2020-04-27,20,0,candidate_risk_off,0.3333333333333333,0.96,0.020833333333333332
rolling,2020-04-28,20,0,candidate_risk_off,0.323943661971831,0.9583333333333334,0.02040816326530612
rolling,2020-04-29,20,0,candidate_risk_off,0.3142857142857143,0.9565217391304348,0.02
rolling,2020-05-04,20,0,candidate_risk_off,0.30434782608695654,0.9545454545454546,0.0196078431372549
rolling,2020-05-05,20,0,candidate_risk_off,0.29411764705882354,0.9523809523809523,0.019230769230769232
rolling,2020-05-06,20,0,candidate_risk_off,0.2835820895522388,0.95,0.018867924528301886
rolling,2020-05-07,20,0,candidate_risk_off,0.2727272727272727,0.9473684210526315,0.018518518518518517
rolling,2020-05-08,20,0,candidate_risk_off,0.26153846153846155,0.9444444444444444,0.01818181818181818
rolling,2020-05-11,20,0,candidate_risk_off,0.25,0.9411764705882353,0.017857142857142856
rolling,2020-05-12,20,0,candidate_risk_off,0.23809523809523808,0.8823529411764706,0.03508771929824561
rolling,2020-05-13,20,0,candidate_risk_off,0.22580645161290322,0.8235294117647058,0.05172413793103448
rolling,2020-05-14,20,0,candidate_risk_off,0.21311475409836064,0.7647058823529411,0.06779661016949153
rolling,2020-05-15,20,0,candidate_risk_off,0.2,0.75,0.06666666666666667
rolling,2020-05-18,20,0,candidate_risk_off,0.1864406779661017,0.7333333333333333,0.06557377049180328
rolling,2020-05-19,20,0,candidate_risk_off,0.1724137931034483,0.7142857142857143,0.06451612903225806
rolling,2020-05-20,20,0,candidate_risk_off,0.15789473684210525,0.6923076923076923,0.06349206349206349
rolling,2020-05-21,20,0,candidate_risk_off,0.14285714285714285,0.6666666666666666,0.0625
rolling,2020-05-22,20,0,candidate_risk_off,0.12727272727272726,0.5833333333333334,0.07692307692307693
rolling,2020-05-25,20,0,candidate_risk_off,0.1111111111111111,0.5454545454545454,0.07575757575757576
rolling,2020-05-26,20,0,candidate_risk_off,0.11320754716981132,0.5454545454545454,0.07462686567164178
rolling,2020-05-27,20,0,candidate_risk_off,0.11320754716981132,0.5,0.08955223880597014
rolling,2020-05-28,20,0,candidate_risk_off,0.11320754716981132,0.46153846153846156,0.1044776119402985
rolling,2020-05-29,20,0,candidate_risk_off,0.11320754716981132,0.46153846153846156,0.1044776119402985
rolling,2020-06-01,20,0,candidate_risk_off,0.1111111111111111,0.46153846153846156,0.10606060606060606
rolling,2020-06-02,20,0,candidate_risk_off,0.10909090909090909,0.46153846153846156,0.1076923076923077
rolling,2020-06-03,20,0,candidate_risk_off,0.125,0.5,0.109375
rolling,2020-06-04,20,0,candidate_risk_off,0.12280701754385964,0.5,0.1111111111111111
rolling,2020-06-05,20,0,candidate_risk_off,0.1206896551724138,0.5,0.11290322580645161
rolling,2020-06-08,20,0,candidate_risk_off,0.11864406779661017,0.5,0.11475409836065574
rolling,2020-06-09,20,0,candidate_risk_off,0.11666666666666667,0.5,0.11666666666666667
rolling,2020-06-10,20,0,candidate_risk_off,0.13114754098360656,0.5333333333333333,0.11864406779661017
rolling,2020-06-11,20,0,candidate_risk_off,0.13114754098360656,0.5,0.13559322033898305
rolling,2020-06-12,20,0,candidate_risk_off,0.13114754098360656,0.47058823529411764,0.15254237288135594
rolling,2020-06-15,20,0,candidate_risk_off,0.13114754098360656,0.4444444444444444,0.1694915254237288
rolling,2020-06-16,20,0,candidate_risk_off,0.13114754098360656,0.4444444444444444,0.1694915254237288
rolling,2020-06-17,20,0,candidate_risk_off,0.13114754098360656,0.4444444444444444,0.1694915254237288
rolling,2020-06-18,20,0,candidate_risk_off,0.13114754098360656,0.4444444444444444,0.1694915254237288
rolling,2020-06-19,20,0,candidate_risk_off,0.13114754098360656,0.4444444444444444,0.1694915254237288
rolling,2020-06-22,20,0,candidate_risk_off,0.13114754098360656,0.4444444444444444,0.1694915254237288
rolling,2020-06-23,20,0,candidate_risk_off,0.13114754098360656,0.4444444444444444,0.1694915254237288
rolling,2020-06-24,20,0,candidate_risk_off,0.13333333333333333,0.4444444444444444,0.16666666666666666
rolling,2020-06-25,20,0,candidate_risk_off,0.13559322033898305,0.4444444444444444,0.16393442622950818
rolling,2020-06-26,20,0,candidate_risk_off,0.13793103448275862,0.4444444444444444,0.16129032258064516
rolling,2020-06-29,20,0,candidate_risk_off,0.13793103448275862,0.4444444444444444,0.16129032258064516
rolling,2020-06-30,20,0,candidate_risk_off,0.14035087719298245,0.4444444444444444,0.15873015873015872
rolling,2020-07-01,20,0,candidate_risk_off,0.14035087719298245,0.4444444444444444,0.15873015873015872
rolling,2020-07-02,20,0,candidate_risk_off,0.12280701754385964,0.4117647058823529,0.15873015873015872
rolling,2020-07-03,20,0,candidate_risk_off,0.10526315789473684,0.375,0.15873015873015872
rolling,2020-07-06,20,0,candidate_risk_off,0.10344827586206896,0.4,0.14516129032258066
rolling,2020-07-07,20,0,candidate_risk_off,0.08620689655172414,0.35714285714285715,0.14516129032258066
rolling,2020-07-08,20,0,candidate_risk_off,0.07017543859649122,0.3076923076923077,0.14285714285714285
rolling,2020-07-09,20,0,candidate_risk_off,0.05263157894736842,0.25,0.14285714285714285
rolling,2020-07-10,20,0,candidate_risk_off,0.03508771929824561,0.18181818181818182,0.14285714285714285
rolling,2020-07-13,20,0,candidate_risk_off,0.03508771929824561,0.18181818181818182,0.14285714285714285
rolling,2020-07-14,20,0,candidate_risk_off,0.03508771929824561,0.18181818181818182,0.14285714285714285
rolling,2020-07-15,20,0,candidate_risk_off,0.03508771929824561,0.18181818181818182,0.14285714285714285
rolling,2020-07-16,20,0,candidate_risk_off,0.03508771929824561,0.18181818181818182,0.14285714285714285
rolling,2020-07-17,20,0,candidate_risk_off,0.03508771929824561,0.18181818181818182,0.14285714285714285
rolling,2020-07-20,20,0,candidate_risk_off,0.05263157894736842,0.25,0.14285714285714285
rolling,2020-07-21,20,0,candidate_risk_off,0.05263157894736842,0.25,0.14285714285714285
rolling,2020-07-22,20,0,candidate_risk_off,0.05263157894736842,0.25,0.14285714285714285
rolling,2020-07-23,20,0,candidate_risk_off,0.05263157894736842,0.25,0.14285714285714285
rolling,2020-07-24,20,0,candidate_risk_off,0.05357142857142857,0.25,0.140625
rolling,2020-07-27,20,0,candidate_risk_off,0.05454545454545454,0.25,0.13846153846153847
rolling,2020-07-28,20,0,candidate_risk_off,0.05555555555555555,0.25,0.13636363636363635
rolling,2020-07-29,20,0,candidate_risk_off,0.05660377358490566,0.23076923076923078,0.14925373134328357
rolling,2020-07-30,20,0,candidate_risk_off,0.057692307692307696,0.23076923076923078,0.14705882352941177
rolling,2020-07-31,20,0,candidate_risk_off,0.058823529411764705,0.23076923076923078,0.14492753623188406
rolling,2020-08-03,20,0,candidate_risk_off,0.06,0.23076923076923078,0.14285714285714285
rolling,2020-08-04,20,0,candidate_risk_off,0.061224489795918366,0.23076923076923078,0.14084507042253522
rolling,2020-08-05,20,0,candidate_risk_off,0.0625,0.23076923076923078,0.1388888888888889
rolling,2020-08-06,20,0,candidate_risk_off,0.06382978723404255,0.23076923076923078,0.136986301369863
rolling,2020-08-07,20,0,candidate_risk_off,0.06521739130434782,0.23076923076923078,0.13513513513513514
rolling,2020-08-10,20,0,candidate_risk_off,0.06666666666666667,0.23076923076923078,0.13333333333333333
rolling,2020-08-11,20,0,candidate_risk_off,0.06818181818181818,0.23076923076923078,0.13157894736842105
rolling,2020-08-12,20,0,candidate_risk_off,0.06976744186046512,0.23076923076923078,0.12987012987012986
rolling,2020-08-13,20,0,candidate_risk_off,0.07142857142857142,0.23076923076923078,0.1282051282051282
rolling,2020-08-14,20,0,candidate_risk_off,0.07317073170731707,0.23076923076923078,0.12658227848101267
rolling,2020-08-17,20,0,candidate_risk_off,0.075,0.23076923076923078,0.125
rolling,2020-08-18,20,0,candidate_risk_off,0.07692307692307693,0.23076923076923078,0.12345679012345678
rolling,2020-08-19,20,0,candidate_risk_off,0.07894736842105263,0.23076923076923078,0.12195121951219512
rolling,2020-08-20,20,0,candidate_risk_off,0.08108108108108109,0.23076923076923078,0.12048192771084337
rolling,2020-08-21,20,0,candidate_risk_off,0.08333333333333333,0.23076923076923078,0.11904761904761904
rolling,2020-08-24,20,0,candidate_risk_off,0.08571428571428572,0.23076923076923078,0.11764705882352941
rolling,2020-08-25,20,0,candidate_risk_off,0.08823529411764706,0.23076923076923078,0.11627906976744186
rolling,2020-08-26,20,0,candidate_risk_off,0.09090909090909091,0.21428571428571427,0.12643678160919541
rolling,2020-08-27,20,0,candidate_risk_off,0.09375,0.2,0.13636363636363635
rolling,2020-08-28,20,0,candidate_risk_off,0.0967741935483871,0.1875,0.14606741573033707
rolling,2020-08-31,20,0,candidate_risk_off,0.1,0.1875,0.14444444444444443
rolling,2020-09-01,20,0,candidate_risk_off,0.10344827586206896,0.1875,0.14285714285714285
rolling,2020-09-03,20,0,candidate_risk_off,0.10714285714285714,0.1875,0.14130434782608695
rolling,2020-09-04,20,0,candidate_risk_off,0.1111111111111111,0.1875,0.13978494623655913
rolling,2020-09-07,20,0,candidate_risk_off,0.11538461538461539,0.17647058823529413,0.14893617021276595
rolling,2020-09-08,20,0,candidate_risk_off,0.12,0.17647058823529413,0.14736842105263157
rolling,2020-09-09,20,0,candidate_risk_off,0.12,0.17647058823529413,0.14736842105263157
rolling,2020-09-10,20,0,candidate_risk_off,0.12,0.17647058823529413,0.14736842105263157
rolling,2020-09-11,20,0,candidate_risk_off,0.12,0.17647058823529413,0.14736842105263157
rolling,2020-09-14,20,0,candidate_risk_off,0.12,0.17647058823529413,0.14736842105263157
rolling,2020-09-15,20,0,candidate_risk_off,0.12,0.17647058823529413,0.14736842105263157
rolling,2020-09-16,20,0,candidate_risk_off,0.12,0.17647058823529413,0.14736842105263157
rolling,2020-09-17,20,0,candidate_risk_off,0.12,0.17647058823529413,0.14736842105263157
rolling,2020-09-18,20,0,candidate_risk_off,0.12,0.17647058823529413,0.14736842105263157
rolling,2020-09-21,20,0,candidate_risk_off,0.12,0.17647058823529413,0.14736842105263157
rolling,2020-09-22,20,0,candidate_risk_off,0.12,0.17647058823529413,0.14736842105263157
rolling,2020-09-23,20,0,candidate_risk_off,0.12,0.17647058823529413,0.14736842105263157
rolling,2020-09-24,20,0,candidate_risk_off,0.12,0.17647058823529413,0.14736842105263157
rolling,2020-09-25,20,0,candidate_risk_off,0.12,0.17647058823529413,0.14736842105263157
rolling,2020-09-28,20,0,candidate_risk_off,0.12,0.17647058823529413,0.14736842105263157
rolling,2020-09-29,20,0,candidate_risk_off,0.12,0.17647058823529413,0.14736842105263157
rolling,2020-09-30,20,0,candidate_risk_off,0.12,0.17647058823529413,0.14736842105263157
rolling,2020-10-01,20,0,candidate_risk_off,0.12,0.17647058823529413,0.14736842105263157
rolling,2020-10-02,20,0,candidate_risk_off,0.12,0.17647058823529413,0.14736842105263157
rolling,2020-10-05,20,0,candidate_risk_off,0.12,0.17647058823529413,0.14736842105263157
rolling,2020-10-06,20,0,candidate_risk_off,0.12,0.17647058823529413,0.14736842105263157
rolling,2020-10-07,20,0,candidate_risk_off,0.12,0.17647058823529413,0.14736842105263157
rolling,2020-10-08,20,0,candidate_risk_off,0.12,0.17647058823529413,0.14736842105263157
rolling,2020-10-09,20,0,candidate_risk_off,0.12,0.17647058823529413,0.14736842105263157
rolling,2020-10-12,20,0,candidate_risk_off,0.12,0.17647058823529413,0.14736842105263157
rolling,2020-10-13,20,0,candidate_risk_off,0.12,0.17647058823529413,0.14736842105263157
rolling,2020-10-14,20,0,candidate_risk_off,0.12,0.17647058823529413,0.14736842105263157
rolling,2020-10-15,20,0,candidate_risk_off,0.12,0.17647058823529413,0.14736842105263157
rolling,2020-10-16,20,0,candidate_risk_off,0.12,0.17647058823529413,0.14736842105263157
rolling,2020-10-19,20,0,candidate_risk_off,0.12,0.17647058823529413,0.14736842105263157
rolling,2020-10-20,20,0,candidate_risk_off,0.12,0.17647058823529413,0.14736842105263157
rolling,2020-10-21,20,0,candidate_risk_off,0.12,0.17647058823529413,0.14736842105263157
rolling,2020-10-22,20,0,candidate_risk_off,0.12,0.16666666666666666,0.15789473684210525
rolling,2020-10-23,20,0,candidate_risk_off,0.12,0.15789473684210525,0.16842105263157894
rolling,2020-10-26,20,0,candidate_risk_off,0.12,0.15,0.17894736842105263
rolling,2020-10-27,20,0,candidate_risk_off,0.12,0.14285714285714285,0.18947368421052632
rolling,2020-10-28,20,0,candidate_risk_off,0.12,0.15,0.17894736842105263
rolling,2020-10-29,20,0,candidate_risk_off,0.12,0.15789473684210525,0.16842105263157894
rolling,2020-10-30,20,0,candidate_risk_off,0.12,0.16666666666666666,0.15789473684210525
rolling,2020-11-02,20,0,candidate_risk_off,0.12,0.16666666666666666,0.15789473684210525
rolling,2020-11-03,20,0,candidate_risk_off,0.12,0.16666666666666666,0.15789473684210525
rolling,2020-11-04,20,0,candidate_risk_off,0.12,0.16666666666666666,0.15789473684210525
rolling,2020-11-05,20,0,candidate_risk_off,0.12,0.16666666666666666,0.15789473684210525
rolling,2020-11-06,20,0,candidate_risk_off,0.12,0.16666666666666666,0.15789473684210525
rolling,2020-11-09,20,0,candidate_risk_off,0.12,0.17647058823529413,0.14736842105263157
rolling,2020-11-10,20,0,candidate_risk_off,0.12,0.17647058823529413,0.14736842105263157
rolling,2020-11-11,20,0,candidate_risk_off,0.12,0.17647058823529413,0.14736842105263157
rolling,2020-11-12,20,0,candidate_risk_off,0.12,0.1875,0.1368421052631579
rolling,2020-11-13,20,0,candidate_risk_off,0.12,0.2,0.12631578947368421
rolling,2020-11-16,20,0,candidate_risk_off,0.12,0.2,0.12631578947368421
rolling,2020-11-17,20,0,candidate_risk_off,0.125,0.2,0.125
rolling,2020-11-18,20,0,candidate_risk_off,0.13043478260869565,0.2,0.12371134020618557
rolling,2020-11-19,20,0,candidate_risk_off,0.09090909090909091,0.14285714285714285,0.12244897959183673
rolling,2020-11-20,20,0,candidate_risk_off,0.09523809523809523,0.14285714285714285,0.12121212121212122
rolling,2020-11-23,20,0,candidate_risk_off,0.1,0.14285714285714285,0.12
rolling,2020-11-24,20,0,candidate_risk_off,0.10526315789473684,0.14285714285714285,0.1188118811881188
rolling,2020-11-25,20,0,candidate_risk_off,0.1111111111111111,0.14285714285714285,0.11764705882352941
rolling,2020-11-26,20,0,candidate_risk_off,0.058823529411764705,0.07692307692307693,0.11650485436893204
rolling,2020-11-27,20,0,candidate_risk_off,0.058823529411764705,0.08333333333333333,0.10679611650485436
rolling,2020-11-30,20,0,candidate_risk_off,0.058823529411764705,0.09090909090909091,0.0970873786407767
rolling,2020-12-01,20,0,candidate_risk_off,0.058823529411764705,0.1,0.08737864077669903
rolling,2020-12-02,20,0,candidate_risk_off,0.058823529411764705,0.1,0.08737864077669903
rolling,2020-12-03,20,0,candidate_risk_off,0.058823529411764705,0.1,0.08737864077669903
rolling,2020-12-04,20,0,candidate_risk_off,0.058823529411764705,0.1,0.08737864077669903
rolling,2020-12-07,20,0,candidate_risk_off,0.058823529411764705,0.1,0.08737864077669903
rolling,2020-12-08,20,0,candidate_risk_off,0.058823529411764705,0.1,0.08737864077669903
rolling,2020-12-09,20,0,candidate_risk_off,0.058823529411764705,0.1,0.08737864077669903
rolling,2020-12-10,20,0,candidate_risk_off,0.058823529411764705,0.09090909090909091,0.0970873786407767
rolling,2020-12-11,20,0,candidate_risk_off,0.058823529411764705,0.08333333333333333,0.10679611650485436
rolling,2020-12-14,20,0,candidate_risk_off,0.058823529411764705,0.08333333333333333,0.10679611650485436
rolling,2020-12-15,20,0,candidate_risk_off,0.0625,0.07692307692307693,0.11538461538461539
rolling,2020-12-16,20,0,candidate_risk_off,0.0625,0.07142857142857142,0.125
rolling,2020-12-17,20,0,candidate_risk_off,0.06666666666666667,0.06666666666666667,0.13333333333333333
rolling,2020-12-18,20,0,candidate_risk_off,0.07142857142857142,0.0625,0.14150943396226415
rolling,2020-12-21,20,0,candidate_risk_off,0.07692307692307693,0.0625,0.14018691588785046
rolling,2020-12-22,20,0,candidate_risk_off,0.08333333333333333,0.0625,0.1388888888888889
rolling,2020-12-23,20,0,candidate_risk_off,0.09090909090909091,0.058823529411764705,0.14678899082568808
rolling,2020-12-24,20,0,candidate_risk_off,0.09090909090909091,0.05555555555555555,0.1559633027522936
rolling,2020-12-25,20,0,candidate_risk_off,0.1,0.05555555555555555,0.15454545454545454
rolling,2020-12-28,20,0,candidate_risk_off,0.1111111111111111,0.05263157894736842,0.16216216216216217
rolling,2020-12-29,20,0,candidate_risk_off,0.125,0.05263157894736842,0.16071428571428573
rolling,2020-12-30,20,0,candidate_risk_off,0.25,0.1,0.16071428571428573
rolling,2020-12-31,20,0,candidate_risk_off,0.375,0.14285714285714285,0.16071428571428573
rolling,2021-01-04,20,0,candidate_risk_off,0.375,0.14285714285714285,0.16071428571428573
rolling,2021-01-05,20,0,candidate_risk_off,0.375,0.14285714285714285,0.16071428571428573
rolling,2021-01-06,20,0,candidate_risk_off,0.25,0.1,0.16071428571428573
rolling,2021-01-07,20,0,candidate_risk_off,0.25,0.1,0.16071428571428573
rolling,2021-01-08,20,0,candidate_risk_off,0.25,0.1,0.16071428571428573
rolling,2021-01-11,20,0,candidate_risk_off,0.25,0.1,0.16071428571428573
rolling,2021-01-12,20,0,candidate_risk_off,0.2222222222222222,0.1,0.16216216216216217
rolling,2021-01-13,20,0,candidate_risk_off,0.2,0.1,0.16363636363636364
rolling,2021-01-14,20,0,candidate_risk_off,0.18181818181818182,0.1,0.1651376146788991
rolling,2021-01-15,20,0,candidate_risk_off,0.16666666666666666,0.10526315789473684,0.1574074074074074
rolling,2021-01-18,20,0,candidate_risk_off,0.15384615384615385,0.10526315789473684,0.1588785046728972
rolling,2021-01-19,20,0,candidate_risk_off,0.14285714285714285,0.10526315789473684,0.16037735849056603
rolling,2021-01-20,20,0,candidate_risk_off,0.13333333333333333,0.10526315789473684,0.1619047619047619
rolling,2021-01-21,20,0,candidate_risk_off,0.125,0.10526315789473684,0.16346153846153846
rolling,2021-01-22,20,0,candidate_risk_off,0.11764705882352941,0.10526315789473684,0.1650485436893204
rolling,2021-01-25,20,0,candidate_risk_off,0.1111111111111111,0.10526315789473684,0.16666666666666666
rolling,2021-01-26,20,0,candidate_risk_off,0.10526315789473684,0.10526315789473684,0.16831683168316833
rolling,2021-01-27,20,0,candidate_risk_off,0.10526315789473684,0.10526315789473684,0.16831683168316833
rolling,2021-01-28,20,0,candidate_risk_off,0.10526315789473684,0.10526315789473684,0.16831683168316833
rolling,2021-01-29,20,0,candidate_risk_off,0.10526315789473684,0.10526315789473684,0.16831683168316833
rolling,2021-02-01,20,0,candidate_risk_off,0.10526315789473684,0.10526315789473684,0.16831683168316833
rolling,2021-02-02,20,0,candidate_risk_off,0.10526315789473684,0.10526315789473684,0.16831683168316833
rolling,2021-02-03,20,0,candidate_risk_off,0.10526315789473684,0.10526315789473684,0.16831683168316833
rolling,2021-02-04,20,0,candidate_risk_off,0.10526315789473684,0.10526315789473684,0.16831683168316833
rolling,2021-02-05,20,0,candidate_risk_off,0.10526315789473684,0.10526315789473684,0.16831683168316833
rolling,2021-02-08,20,0,candidate_risk_off,0.10526315789473684,0.10526315789473684,0.16831683168316833
rolling,2021-02-09,20,0,candidate_risk_off,0.10526315789473684,0.10526315789473684,0.16831683168316833
rolling,2021-02-17,20,0,candidate_risk_off,0.10526315789473684,0.10526315789473684,0.16831683168316833
rolling,2021-02-18,20,0,candidate_risk_off,0.10526315789473684,0.10526315789473684,0.16831683168316833
rolling,2021-02-19,20,0,candidate_risk_off,0.10526315789473684,0.1111111111111111,0.15841584158415842
rolling,2021-02-22,20,0,candidate_risk_off,0.10526315789473684,0.11764705882352941,0.1485148514851485
rolling,2021-02-23,20,0,candidate_risk_off,0.10526315789473684,0.125,0.13861386138613863
rolling,2021-02-24,20,0,candidate_risk_off,0.10526315789473684,0.125,0.13861386138613863
rolling,2021-02-25,20,0,candidate_risk_off,0.10526315789473684,0.125,0.13861386138613863
rolling,2021-02-26,20,0,candidate_risk_off,0.10526315789473684,0.125,0.13861386138613863
rolling,2021-03-01,20,0,candidate_risk_off,0.10526315789473684,0.125,0.13861386138613863
rolling,2021-03-02,20,0,candidate_risk_off,0.10526315789473684,0.13333333333333333,0.12871287128712872
rolling,2021-03-03,20,0,candidate_risk_off,0.10526315789473684,0.13333333333333333,0.12871287128712872
rolling,2021-03-04,20,0,candidate_risk_off,0.10526315789473684,0.13333333333333333,0.12871287128712872
