date,horizon,fold,model,actual_risk_off,probability,threshold,alert,forward_return,future_mae,baseline_exposure
2017-03-14,20,0,multiclass_probability_sum,0,0.4518063220170447,0.49,0,0.01509446901248456,-0.005851621678872168,
2017-03-15,20,0,multiclass_probability_sum,0,0.4841629757795465,0.49,0,0.015596946411992458,-0.0036525102417857428,
2017-03-16,20,0,multiclass_probability_sum,0,0.44855090249017554,0.49,0,0.004925465353037955,-0.006145403988295327,
2017-03-17,20,0,multiclass_probability_sum,0,0.4938560503601772,0.49,1,0.0004080570210768779,0.0004080570210768779,
2017-03-20,20,0,multiclass_probability_sum,0,0.4579499514715885,0.49,0,-0.0001958041964299736,-0.005947138644852871,
2017-03-21,20,0,multiclass_probability_sum,0,0.44522587579383355,0.49,0,0.0008234760924535129,-0.0074982306588886345,
2017-03-22,20,0,multiclass_probability_sum,0,0.4697183830237709,0.49,0,-0.0003928170645349613,-0.0029639640457520384,
2017-03-23,20,0,multiclass_probability_sum,0,0.4297615979556446,0.49,0,-0.009986325719664652,-0.01220661273952597,
2017-03-24,20,0,multiclass_probability_sum,1,0.4271987128665727,0.49,0,-0.01781358009204111,-0.01781358009204111,
2017-03-27,20,0,multiclass_probability_sum,1,0.4351242083238807,0.49,0,-0.022277491759671322,-0.022277491759671322,
2017-03-28,20,0,multiclass_probability_sum,1,0.4761230941175628,0.49,0,-0.012901599229970945,-0.016372208376640208,
2017-03-29,20,0,multiclass_probability_sum,0,0.4583193773909739,0.49,0,-0.005483660227073459,-0.01805307949120649,
2017-03-30,20,0,multiclass_probability_sum,0,0.44259207129769984,0.49,0,-0.008504549764059552,-0.022747306191615753,
2017-03-31,20,0,multiclass_probability_sum,0,0.4746325687858547,0.49,0,-0.0038422906791098967,-0.02060371229391333,
2017-04-03,20,0,multiclass_probability_sum,0,0.4693335639829955,0.49,0,-0.0004984768865333976,-0.0207006188967898,
2017-04-04,20,0,multiclass_probability_sum,0,0.43724228347389266,0.49,0,-0.005733531847760569,-0.023134046527927766,
2017-04-05,20,0,multiclass_probability_sum,0,0.46909186525164526,0.49,0,-0.006046839682971941,-0.021862766232900864,
2017-04-07,20,0,multiclass_probability_sum,0,0.43808809941115634,0.49,0,-0.008054882660650534,-0.028381667189401216,
2017-04-10,20,0,multiclass_probability_sum,1,0.4417181020579467,0.49,0,-0.007646958552369185,-0.031015738762205963,
2017-04-11,20,0,multiclass_probability_sum,1,0.43237174782662846,0.49,0,-0.008706932615436674,-0.03301409694160374,
2017-04-12,20,0,multiclass_probability_sum,0,0.4854587701854655,0.49,0,-0.0002894655246098968,-0.025120637695305433,
2017-04-13,20,0,multiclass_probability_sum,0,0.49567446766271084,0.49,1,0.0013795959972505922,-0.023424003657726924,
2017-04-14,20,0,multiclass_probability_sum,0,0.5007962449109785,0.49,1,0.009116919633703919,-0.015245416345282042,
2017-04-17,20,0,multiclass_probability_sum,0,0.5137004180717271,0.49,1,0.022768241508309816,-0.0045826040250256765,
2017-04-18,20,0,multiclass_probability_sum,0,0.47056500917053257,0.49,0,0.01672808647734972,-0.010333938473448524,
2017-04-19,20,0,multiclass_probability_sum,0,0.47096440286651237,0.49,0,0.023508758826397212,-0.012904310776367712,
2017-04-20,20,0,multiclass_probability_sum,0,0.5107247954034171,0.49,1,0.04317098606703919,-0.007153751006242704,
2017-04-21,20,0,multiclass_probability_sum,0,0.5063643270160998,0.49,1,0.03925256552241183,-0.006802891044886987,
2017-04-24,20,0,multiclass_probability_sum,0,0.5213201547835015,0.49,1,0.045940604951117285,-0.002554748490722803,
2017-04-25,20,0,multiclass_probability_sum,0,0.5060222170173182,0.49,1,0.04737724468021973,0.0034706091466691637,
2017-04-26,20,0,multiclass_probability_sum,0,0.4785517477005825,0.49,0,0.045926403004442215,0.00909881011746366,
2017-04-27,20,0,multiclass_probability_sum,0,0.4532501978048096,0.49,0,0.04064054811274515,0.001673337163423305,
2017-04-28,20,0,multiclass_probability_sum,0,0.44891973740938906,0.49,0,0.028134883211028517,0.0015731701223726357,
2017-05-03,20,0,multiclass_probability_sum,0,0.43444402418838357,0.49,0,0.02508777346767372,-0.0009454950648745226,
2017-05-04,20,0,multiclass_probability_sum,0,0.4336345686654398,0.49,0,0.027026825715300153,-0.004386215460327544,
2017-05-05,20,0,multiclass_probability_sum,0,0.4696668921806812,0.49,0,0.025789571686293138,-0.0015845881302382454,
2017-05-08,20,0,multiclass_probability_sum,0,0.45782770760056235,0.49,0,0.03368869203077069,0.0045108579788218,
2017-05-09,20,0,multiclass_probability_sum,0,0.4286604812458297,0.49,0,0.039640867690061865,0.003041995681085968,
2017-05-10,20,0,multiclass_probability_sum,0,0.45168244866322776,0.49,0,0.03945645351715847,0.00093838411633024,
2017-05-11,20,0,multiclass_probability_sum,0,0.45126035630653316,0.49,0,0.034088663187102027,5.517165281878687e-05,
2017-05-12,20,0,multiclass_probability_sum,0,0.44934595730065163,0.49,0,0.03301793399015503,-0.0004688361917097426,
2017-05-15,20,0,multiclass_probability_sum,0,0.43972190738222083,0.49,0,0.03487118781200823,-0.0004412636759916707,
2017-05-16,20,0,multiclass_probability_sum,0,0.4531161523859826,0.49,0,0.04300489913401364,0.0026996889718125046,
2017-05-17,20,0,multiclass_probability_sum,0,0.44693597414872865,0.49,0,0.045129535413786594,-0.00028882058253710576,
2017-05-18,20,0,multiclass_probability_sum,0,0.4701667434899811,0.49,0,0.04515542989019079,0.009351044651966725,
2017-05-19,20,0,multiclass_probability_sum,0,0.45176601363958374,0.49,0,0.03668491571612807,0.005436125479712309,
2017-05-22,20,0,multiclass_probability_sum,0,0.4598108162659977,0.49,0,0.030089699633637643,-0.008475541990804582,
2017-05-23,20,0,multiclass_probability_sum,0,0.4889494804706617,0.49,0,0.03587055833233459,-0.004206261484821539,
2017-05-24,20,0,multiclass_probability_sum,0,0.47437185428052975,0.49,0,0.03267515796998809,-0.0066461583593629865,
2017-05-25,20,0,multiclass_probability_sum,0,0.49377120784140915,0.49,1,0.032345795966205265,-0.0055280495977424226,
2017-05-26,20,0,multiclass_probability_sum,0,0.4791254948887768,0.49,0,0.03385626384121915,-0.0075478170686343465,
2017-05-29,20,0,multiclass_probability_sum,0,0.47274052643541387,0.49,0,0.03459723369758668,-0.011360772294400927,
2017-05-30,20,0,multiclass_probability_sum,0,0.5145415964946433,0.49,1,0.0389231717239137,-0.00052844455610758,
2017-05-31,20,0,multiclass_probability_sum,0,0.509904462727381,0.49,1,0.04144309134514971,0.001340891283983128,
2017-06-01,20,0,multiclass_probability_sum,0,0.45370862852630733,0.49,0,0.03958099832677824,-0.004038881359096297,
2017-06-02,20,0,multiclass_probability_sum,0,0.5118541662751743,0.49,1,0.04971722324580763,0.006314532214239113,
2017-06-05,20,0,multiclass_probability_sum,0,0.4936159875657233,0.49,1,0.04650167444847444,0.008344487580150882,
2017-06-06,20,0,multiclass_probability_sum,0,0.4561660824610099,0.49,0,0.031741211363711726,-0.002118546057961942,
2017-06-07,20,0,multiclass_probability_sum,0,0.45769447270985897,0.49,0,0.0324618196102433,-0.004976127566144698,
2017-06-08,20,0,multiclass_probability_sum,0,0.4794123826687975,0.49,0,0.04243907249102904,-0.000546721352418587,
2017-06-09,20,0,multiclass_probability_sum,0,0.4960695043014367,0.49,1,0.034104718003584104,0.0018256813061350763,
2017-06-12,20,0,multiclass_probability_sum,0,0.4817059848418145,0.49,0,0.02038748833789258,0.007692447646013735,
2017-06-13,20,0,multiclass_probability_sum,0,0.455707858754962,0.49,0,0.016341067961293126,0.004850219727989682,
2017-06-14,20,0,multiclass_probability_sum,0,0.47533140888105985,0.49,0,0.01746040943861787,-0.00026292610613291357,
2017-06-15,20,0,multiclass_probability_sum,0,0.4692276556657098,0.49,0,0.023043901794419574,0.0008805304779039211,
2017-06-16,20,0,multiclass_probability_sum,0,0.44882272284878877,0.49,0,0.021263570497402684,0.006625055327531917,
2017-06-19,20,0,multiclass_probability_sum,0,0.46415138758818303,0.49,0,0.0027087935091146946,-0.0006913960604945375,
2017-06-20,20,0,multiclass_probability_sum,0,0.466036728059984,0.49,0,-0.0006512621690580479,-0.0022029742532085135,
2017-06-21,20,0,multiclass_probability_sum,0,0.4762583477030547,0.49,0,0.005056194198191486,-0.0014474707654033993,
2017-06-22,20,0,multiclass_probability_sum,0,0.501896633617736,0.49,1,0.0027497068885404628,0.00033923515845335294,
2017-06-23,20,0,multiclass_probability_sum,0,0.46994453990703233,0.49,0,-0.009341161549617805,-0.009341161549617805,
2017-06-26,20,0,multiclass_probability_sum,1,0.46952738252319204,0.49,0,-0.0166816289185349,-0.0166816289185349,
2017-06-27,20,0,multiclass_probability_sum,0,0.5285616618815032,0.49,1,-0.0003127484094870101,-0.010175239206568643,
2017-06-28,20,0,multiclass_probability_sum,0,0.491431679894185,0.49,1,0.006273839052725626,-0.012166714271696924,
2017-06-29,20,0,multiclass_probability_sum,0,0.4865234925403592,0.49,0,-0.0003239915790531232,-0.015684393896404997,
2017-06-30,20,0,multiclass_probability_sum,0,0.4827193530162892,0.49,0,0.0007981668334859861,-0.021781737456337928,
2017-07-03,20,0,multiclass_probability_sum,0,0.49564864093829375,0.49,1,0.005977885610117217,-0.024880720873243986,
2017-07-04,20,0,multiclass_probability_sum,0,0.4856710298560324,0.49,0,0.014427235231896946,-0.02058329142659432,
2017-07-05,20,0,multiclass_probability_sum,0,0.4723515087173153,0.49,0,0.010111619822039083,-0.024161481181308543,
2017-07-06,20,0,multiclass_probability_sum,1,0.4739995827412108,0.49,0,0.007434126680260058,-0.02970932784836818,
2017-07-07,20,0,multiclass_probability_sum,0,0.5249886437867964,0.49,1,0.0165561404036985,-0.020828252008504806,
2017-07-10,20,0,multiclass_probability_sum,0,0.5318238536174894,0.49,1,0.033885027501030944,-0.00893670364894821,
2017-07-11,20,0,multiclass_probability_sum,0,0.4907720225386595,0.49,1,0.028459314677793245,-0.01258273091836263,
2017-07-12,20,0,multiclass_probability_sum,0,0.5009966674756976,0.49,1,-0.0006589871219141771,-0.018815218229809826,
2017-07-13,20,0,multiclass_probability_sum,0,0.4850633063225771,0.49,0,-0.006276885784945605,-0.02413578447947874,
2017-07-14,20,0,multiclass_probability_sum,0,0.5205285969352366,0.49,1,-0.007124081547348708,-0.023235983660365663,
2017-07-17,20,0,multiclass_probability_sum,0,0.5303512995689225,0.49,1,0.00939764080939654,-0.011997658060104098,
2017-07-18,20,0,multiclass_probability_sum,0,0.5299821736655567,0.49,1,0.00464074148659576,-0.01014918057464532,
2017-07-19,20,0,multiclass_probability_sum,0,0.5293991286867408,0.49,1,0.0029387607160508704,-0.015101133454089746,
2017-07-20,20,0,multiclass_probability_sum,0,0.5288411650002899,0.49,1,-0.0010677084347656745,-0.01134717537903535,
2017-07-21,20,0,multiclass_probability_sum,0,0.5528240857498511,0.49,1,0.009289145268510204,-0.0027865422867828166,
2017-07-24,20,0,multiclass_probability_sum,0,0.5364041392429146,0.49,1,0.011841580801544464,0.009862490797081545,
2017-07-25,20,0,multiclass_probability_sum,0,0.5081070583710479,0.49,1,-0.007863805056120412,-0.007863805056120412,
2017-07-26,20,0,multiclass_probability_sum,0,0.48412863758276126,0.49,0,-0.01026076307113248,-0.016441867583461448,
2017-07-27,20,0,multiclass_probability_sum,0,0.5230001077513616,0.49,1,-0.002244902874305816,-0.013361716576390745,
2017-07-28,20,0,multiclass_probability_sum,0,0.4784756878528662,0.49,0,-0.007051013251097357,-0.02058121854886282,
2017-07-31,20,0,multiclass_probability_sum,0,0.4476915682068737,0.49,0,-0.008059961239855227,-0.028859920742400173,
2017-08-01,20,0,multiclass_probability_sum,1,0.44632009201822254,0.49,0,-0.01637616361584269,-0.033011840917530046,
2017-08-02,20,0,multiclass_probability_sum,0,0.4965885829575867,0.49,1,-0.009687719547863669,-0.03227441526238653,
2017-08-03,20,0,multiclass_probability_sum,0,0.4937641436930048,0.49,1,-0.00729358841848695,-0.03514476878766704,
2017-08-04,20,0,multiclass_probability_sum,0,0.48337602951531755,0.49,0,6.339505901032641e-05,-0.035385706671242086,
2017-08-07,20,0,multiclass_probability_sum,1,0.48945497917647174,0.49,0,-0.0008452712625350231,-0.04082304540901806,
2017-08-08,20,0,multiclass_probability_sum,1,0.5104319963225987,0.49,1,0.0024982348715479968,-0.03904335985519471,
2017-08-09,20,0,multiclass_probability_sum,0,0.5456070131162571,0.49,1,0.02937079902962483,-0.016157545366934492,
2017-08-10,20,0,multiclass_probability_sum,0,0.5443992383324638,0.49,1,0.035275435611266386,-0.01586021295357208,
2017-08-11,20,0,multiclass_probability_sum,0,0.5482854056849331,0.49,1,0.03235604479770209,-0.014113216372055796,
2017-08-14,20,0,multiclass_probability_sum,0,0.5273609185860331,0.49,1,0.03016515649992234,-0.0193966131285396,
2017-08-15,20,0,multiclass_probability_sum,0,0.5526773376644325,0.49,1,0.04031451225956736,-0.01279123632027987,
2017-08-16,20,0,multiclass_probability_sum,0,0.521536607267894,0.49,1,0.041464522390618264,-0.016041208429179346,
2017-08-17,20,0,multiclass_probability_sum,0,0.553445381139064,0.49,1,0.048604656073705274,-0.00828078120330861,
2017-08-18,20,0,multiclass_probability_sum,0,0.5298858909323911,0.49,1,0.04934919744647005,-0.010077001814331825,
2017-08-21,20,0,multiclass_probability_sum,0,0.5389719526592183,0.49,1,0.04717903981242315,-0.009842895060583362,
2017-08-22,20,0,multiclass_probability_sum,0,0.5366896667726577,0.49,1,0.0569350749222141,0.006181104512328893,
2017-08-23,20,0,multiclass_probability_sum,0,0.5220793050708232,0.49,1,0.04835614097284656,0.004935709189755941,
2017-08-24,20,0,multiclass_probability_sum,0,0.5091890923442264,0.49,1,0.04739297682585266,0.002413391595680737,
2017-08-25,20,0,multiclass_probability_sum,0,0.5062217429745618,0.49,1,0.043057354355102065,0.0031054720039218474,
2017-08-28,20,0,multiclass_probability_sum,0,0.47406345018967627,0.49,0,0.03550205080731853,-0.004164282200857504,
2017-08-29,20,0,multiclass_probability_sum,0,0.5192361562090424,0.49,1,0.03770252607298487,0.005951018412835604,
2017-08-30,20,0,multiclass_probability_sum,0,0.4843784646669211,0.49,0,0.03305699898998097,0.005264484654657145,
2017-08-31,20,0,multiclass_probability_sum,0,0.4867549563345914,0.49,0,0.02729538524551992,0.007597921361072353,
2017-09-01,20,0,multiclass_probability_sum,0,0.4686622042826548,0.49,0,0.016971292837434915,0.004528672416230451,
2017-09-05,20,0,multiclass_probability_sum,0,0.48900727211298967,0.49,0,0.007155868076500874,0.0015638205802595974,
2017-09-06,20,0,multiclass_probability_sum,0,0.47181799839639005,0.49,0,0.015145267326841943,0.003986749669816703,
2017-09-07,20,0,multiclass_probability_sum,0,0.485124475574207,0.49,0,0.010624651272339903,0.0009409167731986523,
2017-09-08,20,0,multiclass_probability_sum,0,0.49145469398411984,0.49,1,0.008203899337649154,-0.0046663873950804164,
2017-09-11,20,0,multiclass_probability_sum,0,0.5161797843982217,0.49,1,0.0143052556818004,0.000664381053225999,
2017-09-12,20,0,multiclass_probability_sum,0,0.5024056220888589,0.49,1,0.013299670140791496,-0.0024281274054779637,
2017-09-13,20,0,multiclass_probability_sum,0,0.49595819589957296,0.49,1,0.013818235247846807,-0.0059721063568633085,
2017-09-14,20,0,multiclass_probability_sum,0,0.49922267632813655,0.49,1,0.011774342500214705,-0.010372088596813812,
2017-09-15,20,0,multiclass_probability_sum,0,0.5017195647872018,0.49,1,0.018601813754198334,-0.009751795054029832,
2017-09-18,20,0,multiclass_probability_sum,0,0.48442863536603,0.49,0,0.01420782211017087,-0.012292557037818017,
2017-09-19,20,0,multiclass_probability_sum,0,0.5231323909402693,0.49,1,0.027366444511069152,-0.009888292650022626,
2017-09-20,20,0,multiclass_probability_sum,0,0.5073430485265376,0.49,1,0.026764902794589214,-0.009801432699230157,
2017-09-21,20,0,multiclass_probability_sum,0,0.5166034625500058,0.49,1,0.030623511774881516,-0.0074036032621916815,
2017-09-22,20,0,multiclass_probability_sum,0,0.4990651802772301,0.49,1,0.024126460176272974,-0.011376148304953575,
2017-09-25,20,0,multiclass_probability_sum,0,0.5043414916612418,0.49,1,0.017790604676681924,-0.009453917429883623,
2017-09-26,20,0,multiclass_probability_sum,0,0.4945491095466196,0.49,1,0.024397287583056863,-0.009168368086879443,
2017-09-27,20,0,multiclass_probability_sum,0,0.49185926950655007,0.49,1,0.032943522130864024,-0.007204561151688256,
2017-09-28,20,0,multiclass_probability_sum,0,0.4833880768897964,0.49,0,0.030939572198456344,-0.008510052481519854,
2017-09-29,20,0,multiclass_probability_sum,0,0.47295698022819826,0.49,0,0.04372075020515102,-0.008012923391715962,
2017-10-02,20,0,multiclass_probability_sum,0,0.48960893069648875,0.49,0,0.05217793594738935,-0.00528675234470351,
2017-10-03,20,0,multiclass_probability_sum,0,0.49053481466955284,0.49,1,0.048049945174088816,0.009019353445915153,
2017-10-04,20,0,multiclass_probability_sum,0,0.46766440146970023,0.49,0,0.044961072046690656,-0.0005338663846853598,
2017-10-05,20,0,multiclass_probability_sum,0,0.48932586369615183,0.49,0,0.034013728652157516,0.0031865522335884668,
2017-10-06,20,0,multiclass_probability_sum,0,0.4670166483598212,0.49,0,0.04351803507278628,0.0014349689490708367,
2017-10-09,20,0,multiclass_probability_sum,0,0.4605898982277794,0.49,0,0.04841571568174974,0.0020869229176949076,
2017-10-10,20,0,multiclass_probability_sum,0,0.4323960800871588,0.49,0,0.04778811443858014,0.0040625440584408905,
2017-10-11,20,0,multiclass_probability_sum,0,0.43515349553607785,0.49,0,0.05468455212587943,0.0023560894923181953,
2017-10-12,20,0,multiclass_probability_sum,0,0.4350993725881783,0.49,0,0.05314236884673774,0.004353948050960436,
2017-10-13,20,0,multiclass_probability_sum,0,0.4156658034177508,0.49,0,0.05597141462451456,-0.0018532296602393758,
2017-10-16,20,0,multiclass_probability_sum,0,0.45926454231492314,0.49,0,0.07056264948375038,0.0007441429585766548,
2017-10-17,20,0,multiclass_probability_sum,0,0.4327240109096323,0.49,0,0.06158077750484932,-0.01001021505452634,
2017-10-18,20,0,multiclass_probability_sum,0,0.4574525878323667,0.49,0,0.06418583366674384,-0.009321813387253717,
2017-10-19,20,0,multiclass_probability_sum,0,0.4533645569211363,0.49,0,0.07422687914016433,-0.010782592930507647,
2017-10-20,20,0,multiclass_probability_sum,0,0.4812100736616536,0.49,0,0.07438523731903064,-0.008258086374660925,
2017-10-23,20,0,multiclass_probability_sum,0,0.5003329028030293,0.49,1,0.09697832928779866,0.006321133563370733,
2017-10-24,20,0,multiclass_probability_sum,0,0.46114583726813196,0.49,0,0.10684988149973147,0.005883969010039807,
2017-10-25,20,0,multiclass_probability_sum,0,0.4628399380439601,0.49,0,0.11578403783657823,-0.0006984586025760792,
2017-10-26,20,0,multiclass_probability_sum,0,0.48615035303901233,0.49,0,0.11759696536009517,0.0035834574180967,
2017-10-27,20,0,multiclass_probability_sum,0,0.47409948878140373,0.49,0,0.10731369816421926,-0.008700591498794185,
2017-10-30,20,0,multiclass_probability_sum,0,0.4842317175753945,0.49,0,0.10482677172743919,-0.014431606194020018,
2017-10-31,20,0,multiclass_probability_sum,0,0.5200250778867174,0.49,1,0.11700773890724928,-0.005016863076016063,
2017-11-01,20,0,multiclass_probability_sum,0,0.4661316198617047,0.49,0,0.1220891934757057,-0.011481209779218507,
2017-11-02,20,0,multiclass_probability_sum,0,0.5261936758572872,0.49,1,0.1312466181213637,0.012690858654217072,
2017-11-03,20,0,multiclass_probability_sum,0,0.4913068986720829,0.49,1,0.1294444371912882,0.006332649558034385,
2017-11-06,20,0,multiclass_probability_sum,0,0.48904973395255646,0.49,0,0.1331515020814369,0.0014593216745251917,
2017-11-07,20,0,multiclass_probability_sum,0,0.4935141430924398,0.49,1,0.1143051400648742,0.01095898174574021,
2017-11-08,20,0,multiclass_probability_sum,0,0.48837259033039904,0.49,0,0.0973911921170914,0.0008139062131764306,
2017-11-09,20,0,multiclass_probability_sum,0,0.499845844415182,0.49,1,0.08704527537679613,0.009036223488976682,
2017-11-10,20,0,multiclass_probability_sum,0,0.500027176502451,0.49,1,0.07961645266290615,0.012738005198996446,
2017-11-13,20,0,multiclass_probability_sum,0,0.48987972169869975,0.49,0,0.04242645644941449,0.0017724860342018419,
2017-11-14,20,0,multiclass_probability_sum,0,0.4921737689430911,0.49,1,0.05127910425395015,0.0019166544946218964,
2017-11-15,20,0,multiclass_probability_sum,0,0.49250150835917134,0.49,1,0.046284111789853755,0.009135676639694001,
2017-11-16,20,0,multiclass_probability_sum,0,0.4760657416034255,0.49,0,0.04709261559785866,-0.00236614837698056,
2017-11-17,20,0,multiclass_probability_sum,0,0.5058009197269584,0.49,1,0.048721194393403985,0.014335005594107077,
2017-11-20,20,0,multiclass_probability_sum,0,0.4793601124838038,0.49,0,0.05857895764564794,0.015266633686789648,
2017-11-21,20,0,multiclass_probability_sum,0,0.4635024192822579,0.49,0,0.03543147081005461,-0.0009260520885138314,
2017-11-22,20,0,multiclass_probability_sum,0,0.4347360898632697,0.49,0,0.022109194093518712,-0.016442636037976684,
2017-11-23,20,0,multiclass_probability_sum,0,0.4422760690803438,0.49,0,0.013150804497866889,-0.017557104958917647,
2017-11-24,20,0,multiclass_probability_sum,0,0.4391738110045229,0.49,0,0.017745143553722587,-0.019557886679932367,
2017-11-27,20,0,multiclass_probability_sum,0,0.4426916618928254,0.49,0,0.020771258971500003,-0.02280197493837821,
2017-11-28,20,0,multiclass_probability_sum,0,0.43401096834432334,0.49,0,0.02592508628762928,-0.02556819900018431,
2017-11-29,20,0,multiclass_probability_sum,0,0.42348119896488334,0.49,0,0.016995098210437452,-0.03711400027184329,
2017-11-30,20,0,multiclass_probability_sum,0,0.46810216963996687,0.49,0,0.02781172169135468,-0.034790215138282746,
2017-12-01,20,0,multiclass_probability_sum,1,0.415590978539677,0.49,0,0.024592794358526612,-0.04567889286242426,
2017-12-04,20,0,multiclass_probability_sum,1,0.42473114521352306,0.49,0,0.026199617381267252,-0.05571860731060735,
2017-12-05,20,0,multiclass_probability_sum,0,0.5001262294946726,0.49,1,0.05347961553680419,-0.038331566968569715,
2017-12-06,20,0,multiclass_probability_sum,0,0.4950725396491573,0.49,1,0.073338094900178,-0.03237660076652726,
2017-12-07,20,0,multiclass_probability_sum,0,0.5237938817950424,0.49,1,0.07588326338561806,-0.022844590239408505,
2017-12-08,20,0,multiclass_probability_sum,0,0.5028393127138188,0.49,1,0.08434693591750393,-0.02445199101449514,
2017-12-11,20,0,multiclass_probability_sum,0,0.5319749767099431,0.49,1,0.11916635005811989,0.00754679586926295,
2017-12-12,20,0,multiclass_probability_sum,0,0.48424422809732415,0.49,0,0.11293381476643753,-0.0030783379694745215,
2017-12-13,20,0,multiclass_probability_sum,0,0.514711412937838,0.49,1,0.12565618706599366,0.011572759243244145,
2017-12-14,20,0,multiclass_probability_sum,0,0.49396796150624833,0.49,1,0.11519499234428067,-0.0007375695814352092,
2017-12-15,20,0,multiclass_probability_sum,0,0.5276982077276593,0.49,1,0.12857478785423704,0.01158835434427728,
2017-12-18,20,0,multiclass_probability_sum,0,0.4559346971423859,0.49,0,0.10390234179323155,-0.012604414502073672,
2017-12-19,20,0,multiclass_probability_sum,0,0.4992523436093861,0.49,1,0.0839015384975781,-0.005649613441783947,
2017-12-20,20,0,multiclass_probability_sum,0,0.4870325190727265,0.49,0,0.09663359738703338,-0.007843920674710807,
2017-12-21,20,0,multiclass_probability_sum,0,0.5025967129261287,0.49,1,0.11566912101294423,0.006595120776870579,
2017-12-22,20,0,multiclass_probability_sum,0,0.4808925585226006,0.49,0,0.13266208427392442,0.006270203676223206,
2017-12-25,20,0,multiclass_probability_sum,0,0.47914357920022,0.49,0,0.14204008150479525,0.007920051377935255,
2017-12-26,20,0,multiclass_probability_sum,0,0.45240316402489544,0.49,0,0.1440921424369906,0.002615813194467048,
2017-12-27,20,0,multiclass_probability_sum,0,0.4744638277995562,0.49,0,0.13622791687855754,0.00849283834735672,
2017-12-28,20,0,multiclass_probability_sum,0,0.45898855856521015,0.49,0,0.12841965223067353,0.007669750391313547,
2017-12-29,20,0,multiclass_probability_sum,0,0.4768453070733375,0.49,0,0.1205697962970256,0.011646537470923812,
2018-01-02,20,0,multiclass_probability_sum,0,0.45452411030094386,0.49,0,0.09924910655462262,0.00989295781349941,
2018-01-03,20,0,multiclass_probability_sum,0,0.45454921292533734,0.49,0,0.09422754735536777,0.006916671119652445,
2018-01-04,20,0,multiclass_probability_sum,0,0.440576996503061,0.49,0,0.028003338212752034,-0.006986842041678716,
2018-01-05,20,0,multiclass_probability_sum,0,0.4751444474771943,0.49,0,-0.001037421360179052,-0.001037421360179052,
2018-01-08,20,0,multiclass_probability_sum,0,0.4427571615146506,0.49,0,0.017107689036458262,-0.011108494667151532,
2018-01-09,20,0,multiclass_probability_sum,0,0.4240857321321994,0.49,0,-0.010025317216570129,-0.02147591779327238,
2018-01-10,20,0,multiclass_probability_sum,1,0.4369460019397143,0.49,0,-0.03346949362639554,-0.03346949362639554,
2018-01-11,20,0,multiclass_probability_sum,0,0.428664885770895,0.49,0,-0.0061053989725540474,-0.04311352795647718,
2018-01-12,20,0,multiclass_probability_sum,0,0.4371737731522551,0.49,0,0.009119238109914893,-0.04496266205944362,
2018-01-15,20,0,multiclass_probability_sum,1,0.40589842889657135,0.49,0,0.022022446583360916,-0.05760488798796472,
2018-01-16,20,0,multiclass_probability_sum,1,0.45031683131291167,0.49,0,0.0122208730909004,-0.057125210773310314,
2018-01-17,20,0,multiclass_probability_sum,0,0.4899422757816872,0.49,0,0.06379587333148774,-0.03016960641736702,
2018-01-18,20,0,multiclass_probability_sum,0,0.4360984402954802,0.49,0,0.05940456031455574,-0.04509597253974928,
2018-01-19,20,0,multiclass_probability_sum,0,0.4405563950853929,0.49,0,0.05276057636206231,-0.056287575490949183,
2018-01-22,20,0,multiclass_probability_sum,1,0.4216921674883478,0.49,0,0.030894822803741808,-0.07987565952879998,
2018-01-25,20,0,multiclass_probability_sum,1,0.41530837309864077,0.49,0,0.010106555246028994,-0.09552386043589407,
2018-01-26,20,0,multiclass_probability_sum,1,0.41215092074383813,0.49,0,0.004980228010432831,-0.10549597274602475,
2018-01-29,20,0,multiclass_probability_sum,1,0.45554178305076987,0.49,0,-0.014814547837073599,-0.10024756038205868,
2018-01-30,20,0,multiclass_probability_sum,1,0.42771801838094686,0.49,0,0.008723187753078022,-0.1009321340815314,
2018-01-31,20,0,multiclass_probability_sum,1,0.4554651344150984,0.49,0,0.0017096943812411475,-0.10075202853919697,
2018-02-01,20,0,multiclass_probability_sum,1,0.46276401983101906,0.49,0,0.022017059729551546,-0.09107787626771777,
2018-02-02,20,0,multiclass_probability_sum,1,0.48045300801143975,0.49,0,0.016487169215878967,-0.09594927488196217,
2018-02-05,20,0,multiclass_probability_sum,0,0.47806637764777316,0.49,0,0.07136820797467609,-0.0436285789006776,
2018-02-06,20,0,multiclass_probability_sum,0,0.4519542912586988,0.49,0,0.11360931869309825,-0.0076009772860679715,
2018-02-07,20,0,multiclass_probability_sum,0,0.45564812380006897,0.49,0,0.08960199917570717,-0.03581716098967773,
2018-02-08,20,0,multiclass_probability_sum,0,0.4664169130114212,0.49,0,0.10695611472182465,-0.01905157786277016,
2018-02-09,20,0,multiclass_probability_sum,0,0.4455823013103464,0.49,0,0.13599488759196782,0.0370081289839232,
2018-02-12,20,0,multiclass_probability_sum,0,0.44819051478416966,0.49,0,0.10680697764209406,0.017073771185435394,
2018-02-13,20,0,multiclass_probability_sum,0,0.43587276453219714,0.49,0,0.08987984603839477,0.015264183694852204,
2018-02-21,20,0,multiclass_probability_sum,0,0.4223189092407599,0.49,0,0.07289699749996931,-0.010281250707115008,
2018-02-22,20,0,multiclass_probability_sum,0,0.4326898624235117,0.49,0,0.08574046883230295,0.016086928680774316,
2018-02-23,20,0,multiclass_probability_sum,0,0.390661752890086,0.49,0,0.04498108071856595,-0.008532467203869581,
2018-02-26,20,0,multiclass_probability_sum,0,0.40188677004146184,0.49,0,0.04961314919993055,-0.019067520309319866,
2018-02-27,20,0,multiclass_probability_sum,0,0.37979191715770927,0.49,0,0.04550087880708821,-0.023615139308026497,
2018-02-28,20,0,multiclass_probability_sum,0,0.3920466944572003,0.49,0,0.044213707487485675,-0.025337469787556775,
2018-03-01,20,0,multiclass_probability_sum,0,0.3948909755898943,0.49,0,0.044899385705346996,-0.02019740313693796,
2018-03-02,20,0,multiclass_probability_sum,0,0.4278863014696143,0.49,0,0.04640000820726203,-0.025043188211472528,
2018-03-05,20,0,multiclass_probability_sum,0,0.46867576707970904,0.49,0,0.09012728787781708,0.017028710375452893,
2018-03-06,20,0,multiclass_probability_sum,0,0.4316628751602578,0.49,0,0.0589277185328987,-0.007193598914171405,
2018-03-07,20,0,multiclass_probability_sum,0,0.4643292843324398,0.49,0,0.06885260667394809,0.00997472117740315,
2018-03-08,20,0,multiclass_probability_sum,0,0.4523880735233865,0.49,0,0.059586436343485254,-0.0006584918994282104,
2018-03-09,20,0,multiclass_probability_sum,0,0.47056350052437157,0.49,0,0.06591952027960717,0.0025603427775125758,
2018-03-12,20,0,multiclass_probability_sum,0,0.4670913975128045,0.49,0,0.06699435030759855,0.006213509103812301,
2018-03-13,20,0,multiclass_probability_sum,0,0.4597307691324235,0.49,0,0.05561110711502103,0.004208864186218814,
2018-03-14,20,0,multiclass_probability_sum,0,0.4744276522090066,0.49,0,0.025179188952553506,0.0005885324192099278,
2018-03-15,20,0,multiclass_probability_sum,0,0.4605335561131783,0.49,0,0.02964166871216398,0.009987195007372954,
2018-03-16,20,0,multiclass_probability_sum,0,0.45422897237839094,0.49,0,0.006024297364655982,0.002951672875452636,
2018-03-19,20,0,multiclass_probability_sum,0,0.4691871167902024,0.49,0,-0.009299329053655036,-0.009299329053655036,
2018-03-20,20,0,multiclass_probability_sum,0,0.46917880839426257,0.49,0,-0.00528394817763191,-0.009445968635391247,
2018-03-21,20,0,multiclass_probability_sum,0,0.4534252172292989,0.49,0,-0.026718633963277158,-0.026718633963277158,
2018-03-22,20,0,multiclass_probability_sum,1,0.4669437103163778,0.49,0,-0.06860240459994743,-0.06860240459994743,
2018-03-23,20,0,multiclass_probability_sum,0,0.4930638420132202,0.49,1,-0.029675141501173643,-0.0524624123708544,
2018-03-26,20,0,multiclass_probability_sum,1,0.4907442865788335,0.49,1,-0.0840708343972678,-0.0840708343972678,
2018-03-27,20,0,multiclass_probability_sum,1,0.47971120304514275,0.49,0,-0.08083529749858885,-0.08450618300313215,
2018-03-28,20,0,multiclass_probability_sum,1,0.49434494475693375,0.49,1,-0.11503354319767954,-0.11503354319767954,
2018-03-29,20,0,multiclass_probability_sum,1,0.5174162384475858,0.49,1,-0.10542430735036053,-0.11057915476492207,
2018-03-30,20,0,multiclass_probability_sum,1,0.49279543479906085,0.49,1,-0.13214326827756026,-0.13214326827756026,
2018-04-02,20,0,multiclass_probability_sum,1,0.4840598256885035,0.49,0,-0.1533765695976356,-0.1533765695976356,
2018-04-03,20,0,multiclass_probability_sum,1,0.5294042383571872,0.49,1,-0.14606812888026513,-0.14639930954234157,
2018-04-04,20,0,multiclass_probability_sum,1,0.5242105563598344,0.49,1,-0.11484787417375864,-0.14913059876921933,
2018-04-05,20,0,multiclass_probability_sum,1,0.49549190273718596,0.49,1,-0.11792028452914134,-0.15049764151558792,
2018-04-06,20,0,multiclass_probability_sum,1,0.4991499169557898,0.49,1,-0.12688189863354815,-0.15617223355228166,
2018-04-09,20,0,multiclass_probability_sum,1,0.49707872660870156,0.49,1,-0.1574622830885261,-0.15980740635778554,
2018-04-10,20,0,multiclass_probability_sum,1,0.5141804127522263,0.49,1,-0.13688032717782234,-0.15463767226902048,
2018-04-11,20,0,multiclass_probability_sum,1,0.5334870448643119,0.49,1,-0.08969837964405644,-0.12841461829277193,
2018-04-12,20,0,multiclass_probability_sum,1,0.48566105176149676,0.49,0,-0.08865728148766527,-0.13346563047159213,
2018-04-13,20,0,multiclass_probability_sum,1,0.5242077265443976,0.49,1,-0.09277093101350425,-0.11983545413145733,
2018-04-16,20,0,multiclass_probability_sum,1,0.5300252157925086,0.49,1,-0.10826806759883494,-0.11233204674719556,
2018-04-17,20,0,multiclass_probability_sum,1,0.5171820029405456,0.49,1,-0.10287024738886705,-0.11649406720495487,
2018-04-18,20,0,multiclass_probability_sum,1,0.5369872137105428,0.49,1,-0.11486904876950481,-0.11486904876950481,
2018-04-19,20,0,multiclass_probability_sum,1,0.5062027665376961,0.49,1,-0.10460661306021968,-0.10460661306021968,
2018-04-20,20,0,multiclass_probability_sum,1,0.4632769166304679,0.49,0,-0.12432529403436259,-0.12739388392990034,
2018-04-23,20,0,multiclass_probability_sum,1,0.4742115758454853,0.49,0,-0.08815516975840673,-0.08816531262062108,
2018-04-24,20,0,multiclass_probability_sum,1,0.45321267043781716,0.49,0,-0.11441371588133067,-0.11441371588133067,
2018-04-26,20,0,multiclass_probability_sum,1,0.46060793942613587,0.49,0,-0.11457364577272237,-0.11457364577272237,
2018-04-27,20,0,multiclass_probability_sum,1,0.44495008668850267,0.49,0,-0.09803893899757857,-0.11972849318728397,
2018-05-02,20,0,multiclass_probability_sum,1,0.45185495679450416,0.49,0,-0.08153868882083272,-0.09935593983653379,
2018-05-03,20,0,multiclass_probability_sum,1,0.44799851391309364,0.49,0,-0.05528736665305167,-0.09680672997554111,
2018-05-04,20,0,multiclass_probability_sum,0,0.4504617619176104,0.49,0,-0.03360270993701885,-0.09713791063761752,
2018-05-07,20,0,multiclass_probability_sum,1,0.41715828874548755,0.49,0,-0.04671279484366944,-0.1310894545710018,
2018-05-08,20,0,multiclass_probability_sum,1,0.4425588332313495,0.49,0,-0.0362080461201468,-0.12938408696198758,
2018-05-09,20,0,multiclass_probability_sum,1,0.4554981478078146,0.49,0,-0.02148810606804465,-0.12609706489427452,
2018-05-10,20,0,multiclass_probability_sum,0,0.46742384956658606,0.49,0,0.0075718326862850086,-0.09915185324480039,
2018-05-11,20,0,multiclass_probability_sum,0,0.4419020572287653,0.49,0,-0.005604997734120035,-0.11456407506673918,
2018-05-14,20,0,multiclass_probability_sum,1,0.4385141102374351,0.49,0,-0.026554266791509823,-0.13552296862425645,
2018-05-15,20,0,multiclass_probability_sum,1,0.45805969809608027,0.49,0,-0.05037689044903865,-0.14161507895946793,
2018-05-16,20,0,multiclass_probability_sum,1,0.4966356485679532,0.49,1,-0.02310727946458271,-0.12387125309349405,
2018-05-17,20,0,multiclass_probability_sum,0,0.49161650333385126,0.49,1,-0.014582247878077688,-0.10087070912390161,
2018-05-18,20,0,multiclass_probability_sum,0,0.4610518520239139,0.49,0,-0.023364617452677143,-0.11043054979162888,
2018-05-21,20,0,multiclass_probability_sum,0,0.49905617159313176,0.49,1,-0.027609728516953636,-0.08555964848888746,
2018-05-22,20,0,multiclass_probability_sum,0,0.5001821182179526,0.49,1,-0.024384315543727518,-0.056500534186720845,
2018-05-23,20,0,multiclass_probability_sum,0,0.4793652167513196,0.49,0,-0.008112172574788558,-0.0595691240822586,
2018-05-24,20,0,multiclass_probability_sum,0,0.4767103143902409,0.49,0,-0.016897891997027476,-0.05651067704893523,
2018-05-25,20,0,multiclass_probability_sum,0,0.5063897366793592,0.49,1,0.019794490384503788,-0.03392301643055465,
2018-05-28,20,0,multiclass_probability_sum,0,0.48490742745567295,0.49,0,0.06116551939769773,0.017817251015701044,
2018-05-29,20,0,multiclass_probability_sum,0,0.4645073123940978,0.49,0,0.03187537327107802,-0.003872303174004328,
2018-05-30,20,0,multiclass_probability_sum,0,0.46245690683265095,0.49,0,0.021289938945186052,0.01429896762729227,
2018-05-31,20,0,multiclass_probability_sum,0,0.4515088064318077,0.49,0,-0.014414850862643071,-0.014414850862643071,
2018-06-01,20,0,multiclass_probability_sum,0,0.4080296535745232,0.49,0,-0.032854284497526136,-0.03643068824075227,
2018-06-04,20,0,multiclass_probability_sum,1,0.42022952211827036,0.49,0,-0.06798372251241235,-0.06798372251241235,
2018-06-05,20,0,multiclass_probability_sum,1,0.43297150675937074,0.49,0,-0.1211902356915485,-0.1211902356915485,
2018-06-06,20,0,multiclass_probability_sum,1,0.424599686014203,0.49,0,-0.12276036093154652,-0.13262315367593766,
2018-06-07,20,0,multiclass_probability_sum,1,0.434912216745636,0.49,0,-0.1420603499538463,-0.1420603499538463,
2018-06-08,20,0,multiclass_probability_sum,1,0.4293059634575577,0.49,0,-0.12436013664009588,-0.1442957413553799,
2018-06-11,20,0,multiclass_probability_sum,1,0.4462967833068795,0.49,0,-0.12697803597469642,-0.14430536585550743,
2018-06-12,20,0,multiclass_probability_sum,1,0.4675884012631477,0.49,0,-0.11362811490370138,-0.1265748525331901,
2018-06-13,20,0,multiclass_probability_sum,1,0.44838942696941037,0.49,0,-0.14306277582845955,-0.14306277582845955,
2018-06-14,20,0,multiclass_probability_sum,1,0.47489606375116095,0.49,0,-0.1226151637829668,-0.1285872634453721,
2018-06-15,20,0,multiclass_probability_sum,1,0.4677653805096872,0.49,0,-0.11099361084210675,-0.12936473453850006,
2018-06-18,20,0,multiclass_probability_sum,1,0.5166596752699988,0.49,1,-0.0803508219281153,-0.10024872217148204,
2018-06-19,20,0,multiclass_probability_sum,1,0.5009509093909142,0.49,1,-0.043427604100815566,-0.07441502084254152,
2018-06-20,20,0,multiclass_probability_sum,0,0.4712612120699169,0.49,0,-0.04010228823124781,-0.0937557537070182,
2018-06-21,20,0,multiclass_probability_sum,0,0.49234738256097443,0.49,1,-0.02658293743177595,-0.08191158725145603,
2018-06-22,20,0,multiclass_probability_sum,1,0.47131307902721,0.49,0,-0.05195892523656402,-0.09601630901460667,
2018-06-25,20,0,multiclass_probability_sum,1,0.4679487275760063,0.49,0,-0.05582429534708127,-0.10346432159724586,
2018-06-26,20,0,multiclass_probability_sum,1,0.45761025618555107,0.49,0,-0.05106737815440127,-0.0958637296603316,
2018-06-27,20,0,multiclass_probability_sum,1,0.47637578208755155,0.49,0,-0.043592684189000426,-0.08140599216043537,
2018-06-28,20,0,multiclass_probability_sum,0,0.4693827978609315,0.49,0,-0.028812436458861435,-0.06940331465939453,
2018-06-29,20,0,multiclass_probability_sum,0,0.4554246727624578,0.49,0,-0.026642930135080033,-0.07297971840262069,
2018-07-02,20,0,multiclass_probability_sum,0,0.48337154323796616,0.49,0,0.002720258098517188,-0.05869173941446819,
2018-07-03,20,0,multiclass_probability_sum,0,0.4853340086338708,0.49,0,0.05411543614364413,-0.01428460734984051,
2018-07-04,20,0,multiclass_probability_sum,0,0.44237277585594437,0.49,0,0.04046039514524429,-0.024147400094231553,
2018-07-05,20,0,multiclass_probability_sum,0,0.4954343490182642,0.49,1,0.05846398771392039,-0.006962138176787398,
2018-07-06,20,0,multiclass_probability_sum,0,0.46083877769422754,0.49,0,0.04485305191364855,-0.026897742892071363,
2018-07-09,20,0,multiclass_probability_sum,0,0.4734475803599887,0.49,0,0.048117634882293626,-0.0242894680575984,
2018-07-10,20,0,multiclass_probability_sum,0,0.48246738492021846,0.49,0,0.04890931967063742,-0.019908875806276073,
2018-07-11,20,0,multiclass_probability_sum,0,0.49968931108448333,0.49,1,0.07867756210457225,0.005972099662405361,
2018-07-12,20,0,multiclass_probability_sum,0,0.4724467189434099,0.49,0,0.0698346520321962,0.012399024033988104,
2018-07-13,20,0,multiclass_probability_sum,0,0.4610078320457748,0.49,0,0.06258064677540606,0.0015267765469735056,
2018-07-16,20,0,multiclass_probability_sum,0,0.45475844111931385,0.49,0,0.07088693259075818,0.011089516498359106,
2018-07-17,20,0,multiclass_probability_sum,0,0.43458040981658647,0.49,0,0.0600325526515943,0.0068258912297089695,
2018-07-18,20,0,multiclass_probability_sum,0,0.44566250767439647,0.49,0,0.01994014884395281,-0.015840157504335543,
2018-07-19,20,0,multiclass_probability_sum,0,0.44237728123887254,0.49,0,0.021287322888278285,-0.017515341848245103,
2018-07-20,20,0,multiclass_probability_sum,0,0.4706938922332581,0.49,0,0.03731764527493286,-0.006244075806607737,
2018-07-23,20,0,multiclass_probability_sum,0,0.45474780560380784,0.49,0,0.0344984797550371,-0.009826718278729689,
2018-07-24,20,0,multiclass_probability_sum,0,0.4685485256641726,0.49,0,0.04718403645846598,-0.006983043534495506,
2018-07-25,20,0,multiclass_probability_sum,0,0.4851866316975673,0.49,0,0.057165002049030744,0.0027775702290980973,
2018-07-26,20,0,multiclass_probability_sum,0,0.4680104090719926,0.49,0,0.059678100212404016,0.005745910067007752,
2018-07-27,20,0,multiclass_probability_sum,0,0.47473413081469173,0.49,0,0.053618172284316395,0.015075209245444598,
2018-07-30,20,0,multiclass_probability_sum,0,0.43987213622157645,0.49,0,0.04346472519878142,0.003195797726490435,
2018-07-31,20,0,multiclass_probability_sum,0,0.4500595351606994,0.49,0,0.03976789404961575,-0.0037922482540086702,
2018-08-01,20,0,multiclass_probability_sum,0,0.44888859730221964,0.49,0,0.03648121632445428,0.0008183306512319301,
2018-08-02,20,0,multiclass_probability_sum,0,0.45274290260030786,0.49,0,0.045631552081783315,0.0033920695862057464,
2018-08-03,20,0,multiclass_probability_sum,0,0.4552418687132495,0.49,0,0.030723657716830898,-0.0029325993288064106,
2018-08-06,20,0,multiclass_probability_sum,0,0.4562815100720743,0.49,0,0.01622827001385438,-0.003588907462978462,
2018-08-07,20,0,multiclass_probability_sum,0,0.47591021144919365,0.49,0,0.012102597819898421,0.004775418842809872,
2018-08-08,20,0,multiclass_probability_sum,0,0.4471269771351216,0.49,0,-0.008397210104434618,-0.008397210104434618,
2018-08-09,20,0,multiclass_probability_sum,0,0.4866828832667942,0.49,0,0.0055889195365372325,-0.0055263996944636936,
2018-08-10,20,0,multiclass_probability_sum,0,0.45104947814305196,0.49,0,0.0019290189135330892,-0.010671418471661451,
2018-08-13,20,0,multiclass_probability_sum,0,0.43507585069789556,0.49,0,0.007151984028563735,-0.0205044808339871,
2018-08-14,20,0,multiclass_probability_sum,0,0.44674760575585115,0.49,0,0.008894465541275634,-0.02073961739318251,
2018-08-15,20,0,multiclass_probability_sum,0,0.49227964076410347,0.49,1,0.027272738700283617,-0.0033132623195855264,
2018-08-16,20,0,multiclass_probability_sum,0,0.46654321867543924,0.49,0,0.027675854411163322,-0.006335620707820541,
2018-08-17,20,0,multiclass_probability_sum,0,0.48487736032336426,0.49,0,0.019147117763872006,-0.01109467705283765,
2018-08-20,20,0,multiclass_probability_sum,0,0.4868822974385806,0.49,0,0.02431975435092923,-0.011858154005063938,
2018-08-21,20,0,multiclass_probability_sum,0,0.4613738877172713,0.49,0,0.016539179386469222,-0.021700035964258575,
2018-08-22,20,0,multiclass_probability_sum,0,0.4765849524683238,0.49,0,0.022740034374938153,-0.0246979580203279,
2018-08-23,20,0,multiclass_probability_sum,0,0.4746300853841622,0.49,0,0.01568616267266533,-0.029988626412799344,
2018-08-24,20,0,multiclass_probability_sum,0,0.47590407875561824,0.49,0,0.024261325884926403,-0.029674608551719446,
2018-08-27,20,0,multiclass_probability_sum,0,0.4619435378113742,0.49,0,0.018795555957017193,-0.03459637071162923,
2018-08-28,20,0,multiclass_probability_sum,0,0.43783423092808016,0.49,0,0.01438572294781209,-0.03788758554296256,
2018-08-29,20,0,multiclass_probability_sum,0,0.4995790674466998,0.49,1,0.027153609346188032,-0.030808659563792404,
2018-08-30,20,0,multiclass_probability_sum,0,0.4573892005181338,0.49,0,0.018916800689068064,-0.04077732597235326,
2018-08-31,20,0,multiclass_probability_sum,0,0.5117239244240203,0.49,1,0.023312848529627426,-0.032194100522413074,
2018-09-04,20,0,multiclass_probability_sum,0,0.5146447154515718,0.49,1,0.0429698184743845,-0.018355020953608678,
2018-09-05,20,0,multiclass_probability_sum,0,0.5154129742855825,0.49,1,0.05226345681102483,-0.010640441296674111,
2018-09-06,20,0,multiclass_probability_sum,0,0.526142457972032,0.49,1,0.06605455481717076,0.011115319231001118,
2018-09-07,20,0,multiclass_probability_sum,0,0.4945615541258508,0.49,1,0.03994887117391322,0.001485118154193626,
2018-09-10,20,0,multiclass_probability_sum,0,0.4966688346815736,0.49,1,0.026221206709792624,0.01505602747735622,
2018-09-11,20,0,multiclass_probability_sum,0,0.4802174900213193,0.49,0,0.011235449421341623,0.0019776180719074457,
2018-09-12,20,0,multiclass_probability_sum,0,0.48200202170339823,0.49,0,0.007016793303757711,0.0006077118822513878,
2018-09-13,20,0,multiclass_probability_sum,1,0.4717653869357219,0.49,0,-0.04350580595865082,-0.04350580595865082,
2018-09-14,20,0,multiclass_probability_sum,1,0.4788253573360722,0.49,0,-0.021679020955520652,-0.046931280057765506,
2018-09-17,20,0,multiclass_probability_sum,1,0.49550360953821704,0.49,1,-0.037101070963023876,-0.04316159975549125,
2018-09-18,20,0,multiclass_probability_sum,1,0.4525551647747814,0.49,0,-0.030786442518195747,-0.04909771329477497,
2018-09-19,20,0,multiclass_probability_sum,1,0.47666935748430833,0.49,0,-0.024341106382667694,-0.051159020289509485,
2018-09-20,20,0,multiclass_probability_sum,1,0.45697334529811706,0.49,0,-0.04194272966713021,-0.060357797334047766,
2018-09-21,20,0,multiclass_probability_sum,1,0.49720896554253197,0.49,1,-0.04549738698226281,-0.05859459402424649,
2018-09-24,20,0,multiclass_probability_sum,1,0.4850143139977311,0.49,0,-0.05883210993414523,-0.0668557393754275,
2018-09-25,20,0,multiclass_probability_sum,1,0.5146975124767017,0.49,1,-0.07289862305439439,-0.07289862305439439,
2018-09-26,20,0,multiclass_probability_sum,1,0.516760654967625,0.49,1,-0.08998272931851264,-0.08998272931851264,
2018-09-27,20,0,multiclass_probability_sum,1,0.5060593748927313,0.49,1,-0.10937696181963945,-0.10937696181963945,
2018-09-28,20,0,multiclass_probability_sum,1,0.49323348646020815,0.49,1,-0.12143475519574588,-0.12143475519574588,
2018-10-01,20,0,multiclass_probability_sum,1,0.5091975940346435,0.49,1,-0.13065829688952427,-0.13065829688952427,
2018-10-02,20,0,multiclass_probability_sum,1,0.5121850891209452,0.49,1,-0.1366224592979626,-0.1366224592979626,
2018-10-03,20,0,multiclass_probability_sum,1,0.49753046505931803,0.49,1,-0.10928825047947362,-0.13820151797766847,
2018-10-04,20,0,multiclass_probability_sum,1,0.4828210321041283,0.49,0,-0.11990031820962685,-0.1413521746871404,
2018-10-05,20,0,multiclass_probability_sum,1,0.5453667103876152,0.49,1,-0.08646790385856941,-0.12636181027488375,
2018-10-08,20,0,multiclass_probability_sum,1,0.5588211155727616,0.49,1,-0.0735011858558853,-0.11411926396495667,
2018-10-09,20,0,multiclass_probability_sum,1,0.5394947134463597,0.49,1,-0.07733855042272161,-0.11418953415386185,
2018-10-10,20,0,multiclass_probability_sum,1,0.5483418831809289,0.49,1,-0.07497822010541602,-0.1119484961081853,
2018-10-11,20,0,multiclass_probability_sum,0,0.4957632726723741,0.49,1,-0.020949718471412953,-0.062377814931187894,
2018-10-12,20,0,multiclass_probability_sum,1,0.44403115546551764,0.49,0,-0.05923073454195697,-0.08763007403343273,
2018-10-15,20,0,multiclass_probability_sum,1,0.48428857753207044,0.49,0,-0.03585871098188221,-0.06843834372365518,
2018-10-16,20,0,multiclass_probability_sum,1,0.461031546787225,0.49,0,-0.06208280892399484,-0.08068908570776695,
2018-10-17,20,0,multiclass_probability_sum,1,0.457311076650334,0.49,0,-0.07551663399175701,-0.08919572883802962,
2018-10-18,20,0,multiclass_probability_sum,1,0.4753476758329516,0.49,0,-0.07131827872941754,-0.08079288259810541,
2018-10-19,20,0,multiclass_probability_sum,1,0.4810074481058418,0.49,0,-0.06484186304936494,-0.07547502197317144,
2018-10-22,20,0,multiclass_probability_sum,1,0.49185700694554907,0.49,1,-0.040068047950095984,-0.07040144437247012,
2018-10-23,20,0,multiclass_probability_sum,0,0.48268872436616395,0.49,0,-0.022231506869691726,-0.055790923484221495,
2018-10-24,20,0,multiclass_probability_sum,0,0.510458984264882,0.49,1,-0.00018425288218226255,-0.037588199042231665,
2018-10-25,20,0,multiclass_probability_sum,0,0.5164190490141677,0.49,1,0.01553511857144019,-0.023882926960310503,
2018-10-26,20,0,multiclass_probability_sum,0,0.524458884147512,0.49,1,0.018859250722301248,-0.01355699133564508,
2018-10-29,20,0,multiclass_probability_sum,0,0.5210144442432338,0.49,1,0.035597868692237564,-0.00014627203248569678,
2018-10-30,20,0,multiclass_probability_sum,0,0.5114104412873026,0.49,1,0.03801076859642448,0.009474603868687818,
2018-10-31,20,0,multiclass_probability_sum,0,0.47107357187611515,0.49,0,0.016737881001814,-0.019438663629506997,
2018-11-01,20,0,multiclass_probability_sum,0,0.45854915094916127,0.49,0,0.020526677918094198,-0.011977252608825628,
2018-11-02,20,0,multiclass_probability_sum,0,0.4568693460112632,0.49,0,0.0018148433197708474,-0.0304193025476266,
2018-11-05,20,0,multiclass_probability_sum,0,0.43225397241834096,0.49,0,0.027767723357461513,-0.031143474240383544,
2018-11-06,20,0,multiclass_probability_sum,0,0.482494480490749,0.49,0,0.039124768484081376,-0.02737637986245241,
2018-11-07,20,0,multiclass_probability_sum,0,0.5092722155228647,0.49,1,0.037230926951904754,-0.027495672134081408,
2018-11-08,20,0,multiclass_probability_sum,0,0.5116888047106527,0.49,1,0.030346276290671607,-0.03195349259108707,
2018-11-09,20,0,multiclass_probability_sum,0,0.5567906196070519,0.49,1,0.047315647009830215,-0.018924735622787892,
2018-11-12,20,0,multiclass_probability_sum,0,0.5344906214059275,0.49,1,0.04031474263790672,-0.02310502887308509,
2018-11-13,20,0,multiclass_probability_sum,0,0.5738956056338407,0.49,1,0.052916708094815156,-0.009131672915084306,
2018-11-14,20,0,multiclass_probability_sum,0,0.5845356203262553,0.49,1,0.06483816655939996,-0.004204490977584781,
2018-11-15,20,0,multiclass_probability_sum,0,0.5859190997331718,0.49,1,0.06797059506733841,0.0011585550551187845,
2018-11-16,20,0,multiclass_probability_sum,0,0.5727854577619318,0.49,1,0.0582254235016123,0.019700237498567513,
2018-11-19,20,0,multiclass_probability_sum,0,0.536755459019532,0.49,1,0.01901977095272687,0.002082845635572233,
2018-11-20,20,0,multiclass_probability_sum,0,0.5208239154494713,0.49,1,0.008915331465182539,-0.0011431745565835061,
2018-11-21,20,0,multiclass_probability_sum,0,0.5137078998828186,0.49,1,-0.0036051727613321044,-0.00498770410210321,
2018-11-22,20,0,multiclass_probability_sum,0,0.5245875176570978,0.49,1,-0.006707719461686144,-0.007001803473804419,
2018-11-23,20,0,multiclass_probability_sum,0,0.5499660382577474,0.49,1,-0.006239673184086433,-0.006239673184086433,
2018-11-26,20,0,multiclass_probability_sum,0,0.5346890784610248,0.49,1,-0.013631680431320174,-0.013631680431320174,
2018-11-27,20,0,multiclass_probability_sum,1,0.5255812890922884,0.49,1,-0.02765598596121003,-0.02765598596121003,
2018-11-28,20,0,multiclass_probability_sum,1,0.5160354083532649,0.49,1,-0.042213792550995805,-0.042213792550995805,
2018-11-29,20,0,multiclass_probability_sum,1,0.5371688999830937,0.49,1,-0.028432644118448668,-0.03854117844659452,
2018-11-30,20,0,multiclass_probability_sum,1,0.5288104426188199,0.49,1,-0.0373858874494014,-0.038271393787072186,
2018-12-03,20,0,multiclass_probability_sum,1,0.45892335092125935,0.49,0,-0.06494844551751984,-0.06494844551751984,
2018-12-04,20,0,multiclass_probability_sum,1,0.4528502800953551,0.49,0,-0.08782708878129887,-0.08782708878129887,
2018-12-05,20,0,multiclass_probability_sum,1,0.48668093593583006,0.49,0,-0.08300555912891192,-0.0860525395207514,
2018-12-06,20,0,multiclass_probability_sum,1,0.5098333730511595,0.49,1,-0.07070595452619106,-0.08362570931652384,
2018-12-07,20,0,multiclass_probability_sum,1,0.4955719011171509,0.49,1,-0.07712254136088952,-0.08756632306738318,
2018-12-10,20,0,multiclass_probability_sum,1,0.5102227825239164,0.49,1,-0.06359812994503182,-0.08474571194575702,
2018-12-11,20,0,multiclass_probability_sum,1,0.49828441616376024,0.49,1,-0.060767364933414385,-0.08337432144466467,
2018-12-12,20,0,multiclass_probability_sum,1,0.47429393419636534,0.49,0,-0.06286437957543185,-0.09036859797175,
2018-12-13,20,0,multiclass_probability_sum,1,0.5049668283650652,0.49,1,-0.06280090123903047,-0.0892965355021036,
2018-12-14,20,0,multiclass_probability_sum,1,0.5335384174855808,0.49,1,-0.04551416139893934,-0.0807099189914961,
2018-12-17,20,0,multiclass_probability_sum,1,0.5433128342372424,0.49,1,-0.0270866289637876,-0.061204503941178455,
2018-12-18,20,0,multiclass_probability_sum,1,0.537333626228879,0.49,1,-0.027730654963243277,-0.05432608464578968,
2018-12-19,20,0,multiclass_probability_sum,0,0.5423364257467553,0.49,1,-0.01860018268825031,-0.04565010996479472,
2018-12-20,20,0,multiclass_probability_sum,0,0.5433362276054311,0.49,1,-0.007861013864164858,-0.044561662636141905,
2018-12-21,20,0,multiclass_probability_sum,0,0.5615926604216595,0.49,1,-0.006278851292029867,-0.03802790543993709,
2018-12-24,20,0,multiclass_probability_sum,0,0.5625046272422094,0.49,1,-0.0004183317431682654,-0.03396379685948027,
2018-12-25,20,0,multiclass_probability_sum,0,0.5482645399779382,0.49,1,0.012010793460018678,-0.02220611920129178,
2018-12-26,20,0,multiclass_probability_sum,0,0.5732688073475823,0.49,1,0.019027248022648265,-0.015288692515090354,
2018-12-27,20,0,multiclass_probability_sum,0,0.5600618517533658,0.49,1,0.012542980453652866,-0.02539722684323625,
2018-12-28,20,0,multiclass_probability_sum,0,0.5668616073353612,0.49,1,0.025868611963387883,-0.01617419885276119,
2019-01-02,20,0,multiclass_probability_sum,0,0.5419677957768894,0.49,1,0.02665585268903059,-0.015288692515090354,
2019-01-03,20,0,multiclass_probability_sum,0,0.5600433767059296,0.49,1,0.03626149852064215,0.0030469803918394887,
2019-01-04,20,0,multiclass_probability_sum,0,0.5248970748328033,0.49,1,0.03103787984446641,0.00739680131465438,
2019-01-07,20,0,multiclass_probability_sum,0,0.520609143048871,0.49,1,0.04016533366198005,-0.002475973083838974,
2019-01-08,20,0,multiclass_probability_sum,0,0.5431171694820361,0.49,1,0.05491851017063191,0.010703800294231512,
2019-01-09,20,0,multiclass_probability_sum,0,0.5065287749833984,0.49,1,0.05240472904640646,0.0014593745105250825,
2019-01-10,20,0,multiclass_probability_sum,0,0.5108214803527149,0.49,1,0.05841802565301778,0.003888677751822909,
2019-01-11,20,0,multiclass_probability_sum,0,0.5146219390812666,0.49,1,0.05199703801694382,-0.00100858413324493,
2019-01-14,20,0,multiclass_probability_sum,0,0.5289202719442954,0.49,1,0.06389376908478661,9.979541947313105e-05,
2019-01-15,20,0,multiclass_probability_sum,0,0.4893769423846422,0.49,0,0.05836140993933816,-0.0086003279100105,
2019-01-16,20,0,multiclass_probability_sum,0,0.527146607413068,0.49,1,0.06587882424667316,-0.007522445294844456,
2019-01-17,20,0,multiclass_probability_sum,0,0.5516503862204651,0.49,1,0.0907548189324703,0.0004544975939980683,
2019-01-18,20,0,multiclass_probability_sum,0,0.5420353851487352,0.49,1,0.0916562674702916,0.00469912687136281,
2019-01-21,20,0,multiclass_probability_sum,0,0.48367412933373544,0.49,0,0.08757192819163838,-0.004951594624069967,
2019-01-22,20,0,multiclass_probability_sum,0,0.5428891838586087,0.49,1,0.08508464198756634,0.0017964109684048546,
2019-01-23,20,0,multiclass_probability_sum,0,0.5329097871003647,0.49,1,0.086535036377818,0.0005393951199936799,
2019-01-24,20,0,multiclass_probability_sum,0,0.5103693844943931,0.49,1,0.06050098501717585,-0.00013205242500450264,
2019-01-25,20,0,multiclass_probability_sum,0,0.5009225385224513,0.49,1,0.07496187709222937,-0.0002310803014327476,
2019-01-28,20,0,multiclass_probability_sum,0,0.4819158850628028,0.49,0,0.08588980722299562,-0.0038553470605831577,
2019-01-29,20,0,multiclass_probability_sum,0,0.4548517792355047,0.49,0,0.08023669091852725,-0.007957950579843092,
2019-01-30,20,0,multiclass_probability_sum,0,0.4715264446481994,0.49,0,0.08238836601126752,-0.007859684967815035,
2019-01-31,20,0,multiclass_probability_sum,0,0.5101649591686075,0.49,1,0.08760875704310059,-0.002176638284336294,
2019-02-01,20,0,multiclass_probability_sum,0,0.49919635675982577,0.49,1,0.08091342411489673,0.01900022821600692,
2019-02-11,20,0,multiclass_probability_sum,0,0.459191310191294,0.49,0,0.061253247147876826,0.012277203424812862,
2019-02-12,20,0,multiclass_probability_sum,0,0.44766139368910096,0.49,0,0.06581498494699882,0.008190019170006169,
2019-02-13,20,0,multiclass_probability_sum,0,0.43931099636057747,0.49,0,0.061701254728002454,0.005948945366130347,
2019-02-14,20,0,multiclass_probability_sum,0,0.44119311645860687,0.49,0,0.057237747437769,-0.0015237257510060576,
2019-02-15,20,0,multiclass_probability_sum,0,0.46715237173244123,0.49,0,0.054468426884677824,0.010888146934597942,
2019-02-18,20,0,multiclass_probability_sum,0,0.4447015805265784,0.49,0,0.051258965284842334,0.0031677641840349323,
2019-02-19,20,0,multiclass_probability_sum,0,0.4568315326677912,0.49,0,0.04286936060436351,0.0011607301465913179,
2019-02-20,20,0,multiclass_probability_sum,0,0.4708688869132118,0.49,0,0.0321588070828459,-0.005278801545577757,
2019-02-21,20,0,multiclass_probability_sum,0,0.4398659199285965,0.49,0,-0.005880129670068056,-0.022632350936530366,
2019-02-22,20,0,multiclass_probability_sum,0,0.45293035439008267,0.49,0,-0.0002022633273144508,-0.023988297068349693,
2019-02-25,20,0,multiclass_probability_sum,1,0.46452681292651243,0.49,0,-0.02480147484540841,-0.029554679285129094,
2019-02-26,20,0,multiclass_probability_sum,0,0.4990649998470514,0.49,1,-0.01765127464570828,-0.022115798456987197,
2019-02-27,20,0,multiclass_probability_sum,0,0.4984156325686372,0.49,1,-0.014607264171592969,-0.02536260381564388,
2019-02-28,20,0,multiclass_probability_sum,0,0.5078097162980987,0.49,1,0.017973744657830287,0.004464523811278856,
2019-03-01,20,0,multiclass_probability_sum,0,0.45019216467981643,0.49,0,0.0011528319621601103,-0.0100953961402028,
2019-03-04,20,0,multiclass_probability_sum,0,0.44221606279620695,0.49,0,-0.0055081550799885685,-0.024647593030119538,
2019-03-05,20,0,multiclass_probability_sum,0,0.4661318098686893,0.49,0,-0.006712995193314494,-0.023097080244911024,
2019-03-06,20,0,multiclass_probability_sum,0,0.4581571747125976,0.49,0,-0.010136775446830072,-0.025150489725623334,
2019-03-07,20,0,multiclass_probability_sum,0,0.4818625042233307,0.49,0,-0.0071885374221483745,-0.024687834073977594,
2019-03-08,20,0,multiclass_probability_sum,0,0.5104306266055022,0.49,1,0.004061772807511421,-0.015815862861437328,
2019-03-11,20,0,multiclass_probability_sum,0,0.5017499258410993,0.49,1,0.013076830006896847,-0.015155914110424558,
2019-03-12,20,0,multiclass_probability_sum,0,0.4653859276458999,0.49,0,-0.012905998817817973,-0.031994855334359175,
2019-03-13,20,0,multiclass_probability_sum,1,0.4776778758522331,0.49,0,-0.023651043039169678,-0.03607114428536898,
2019-03-14,20,0,multiclass_probability_sum,1,0.48196364482961074,0.49,0,-0.02255421794825248,-0.039080308112271776,
2019-03-15,20,0,multiclass_probability_sum,1,0.5037875663567876,0.49,1,-0.0213594294492668,-0.0347872618081748,
2019-03-18,20,0,multiclass_probability_sum,1,0.49473960642651704,0.49,1,-0.034884861403347504,-0.0424659471429371,
2019-03-19,20,0,multiclass_probability_sum,1,0.5140222727762078,0.49,1,-0.034864980033145636,-0.037244106646493275,
2019-03-20,20,0,multiclass_probability_sum,1,0.5160844064354826,0.49,1,-0.04072638566846536,-0.04072638566846536,
2019-03-21,20,0,multiclass_probability_sum,0,0.5434636886032866,0.49,1,-0.015986048778058932,-0.020040998306504042,
2019-03-22,20,0,multiclass_probability_sum,1,0.5051715735007563,0.49,1,-0.02338216697015611,-0.027074810781076968,
2019-03-25,20,0,multiclass_probability_sum,0,0.5259040450959359,0.49,1,-0.0021361465655404914,-0.008041981479762468,
2019-03-26,20,0,multiclass_probability_sum,0,0.5220378135339594,0.49,1,0.00732521216021091,-0.007753300851320556,
2019-03-27,20,0,multiclass_probability_sum,0,0.5247500919162982,0.49,1,-0.001825604084398054,-0.014044116684092623,
2019-03-28,20,0,multiclass_probability_sum,0,0.5009183399969701,0.49,1,-0.003403616822799927,-0.021262521697871975,
2019-03-29,20,0,multiclass_probability_sum,0,0.5431021560083107,0.49,1,-0.0023069944799077734,-0.01900152895368352,
2019-04-01,20,0,multiclass_probability_sum,0,0.4761211491611441,0.49,0,-0.01466396068414377,-0.02689273880145155,
2019-04-02,20,0,multiclass_probability_sum,1,0.5221330302395228,0.49,1,-0.028647176024827494,-0.028647176024827494,
2019-04-03,20,0,multiclass_probability_sum,1,0.5233720565285267,0.49,1,-0.027704885215544834,-0.027704885215544834,
2019-04-04,20,0,multiclass_probability_sum,1,0.5292933021063794,0.49,1,-0.036833478637647875,-0.036833478637647875,
2019-04-05,20,0,multiclass_probability_sum,1,0.518346804718469,0.49,1,-0.04364753609020824,-0.04364753609020824,
2019-04-08,20,0,multiclass_probability_sum,1,0.4907551264388579,0.49,1,-0.04616969826955311,-0.05200264453858076,
2019-04-09,20,0,multiclass_probability_sum,1,0.5390090582259994,0.49,1,-0.03075711624255034,-0.042858756937800675,
2019-04-10,20,0,multiclass_probability_sum,0,0.5537912640738869,0.49,1,-0.01701928356887639,-0.036190001667458734,
2019-04-11,20,0,multiclass_probability_sum,0,0.5402165218551512,0.49,1,-0.010511977466419494,-0.04029599058527876,
2019-04-12,20,0,multiclass_probability_sum,0,0.5605561687136237,0.49,1,-0.007362472563163788,-0.03719773278016744,
2019-04-16,20,0,multiclass_probability_sum,0,0.5666567190908858,0.49,1,-0.0007063701570803637,-0.03135098616084908,
2019-04-17,20,0,multiclass_probability_sum,0,0.5986464639432603,0.49,1,0.015343063192532069,-0.02614902703460707,
2019-04-18,20,0,multiclass_probability_sum,0,0.6131703840037742,0.49,1,0.024624176643222914,-0.01601659956993887,
2019-04-19,20,0,multiclass_probability_sum,0,0.5801419436272067,0.49,1,0.01802109292856459,-0.020071549098384066,
2019-04-22,20,0,multiclass_probability_sum,0,0.563537037478036,0.49,1,0.017295165188918448,-0.01970924338085979,
2019-04-23,20,0,multiclass_probability_sum,0,0.5572675480221851,0.49,1,0.0020949115776473766,-0.0219224344841608,
2019-04-24,20,0,multiclass_probability_sum,0,0.529979468734735,0.49,1,-0.0018237149404701958,-0.031095112581470474,
2019-04-25,20,0,multiclass_probability_sum,0,0.5440958907224946,0.49,1,-0.0021889605016105975,-0.028235112169633415,
2019-04-26,20,0,multiclass_probability_sum,0,0.5139520938547134,0.49,1,-0.008302715824406072,-0.03387550444501092,
2019-05-02,20,0,multiclass_probability_sum,0,0.5279041593720543,0.49,1,-0.009405359295388887,-0.032711134043714715,
2019-05-03,20,0,multiclass_probability_sum,0,0.5503374882963054,0.49,1,-0.014746753830931983,-0.02824537768724655,
2019-05-06,20,0,multiclass_probability_sum,0,0.5741597835948463,0.49,1,-0.012077187814464822,-0.012077187814464822,
2019-05-07,20,0,multiclass_probability_sum,0,0.576970194216874,0.49,1,-0.006706089929227731,-0.01164910785094423,
2019-05-08,20,0,multiclass_probability_sum,0,0.6025088531154437,0.49,1,0.00019972354123654819,-0.005006096801877058,
2019-05-09,20,0,multiclass_probability_sum,0,0.609063936021284,0.49,1,0.0012663439182393392,-0.0005703783664362699,
2019-05-10,20,0,multiclass_probability_sum,0,0.5863309590767247,0.49,1,0.0059974117793444815,-0.00640332463546395,
2019-05-13,20,0,multiclass_probability_sum,0,0.5544913611553167,0.49,1,0.004538270758571721,-0.012672019061686622,
2019-05-14,20,0,multiclass_probability_sum,0,0.5244864522661676,0.49,1,-0.0033931577997764646,-0.0197410964650186,
2019-05-15,20,0,multiclass_probability_sum,1,0.5300156946664611,0.49,1,-0.02225181327321052,-0.03035439148529555,
2019-05-16,20,0,multiclass_probability_sum,1,0.5321933957267102,0.49,1,-0.02659872143402485,-0.030405638583439917,
2019-05-17,20,0,multiclass_probability_sum,1,0.5128529846384415,0.49,1,-0.023699485962902042,-0.031214994370204897,
2019-05-20,20,0,multiclass_probability_sum,1,0.4848141720808367,0.49,0,-0.04155544953781099,-0.04206246859357543,
2019-05-21,20,0,multiclass_probability_sum,1,0.5206775354605295,0.49,1,-0.04381366969584617,-0.04381366969584617,
2019-05-22,20,0,multiclass_probability_sum,1,0.5160969530678647,0.49,1,-0.03526667926683431,-0.04126553550963306,
2019-05-23,20,0,multiclass_probability_sum,1,0.5115348691311452,0.49,1,-0.024235308575192974,-0.04017730205246241,
2019-05-24,20,0,multiclass_probability_sum,0,0.5525611275467136,0.49,1,-0.01122739514091981,-0.02719023954449249,
2019-05-27,20,0,multiclass_probability_sum,0,0.5343548897787713,0.49,1,-0.01268341400751953,-0.03244429112368448,
2019-05-28,20,0,multiclass_probability_sum,0,0.5502706170152372,0.49,1,-0.01228711249989959,-0.029219045150707192,
2019-05-29,20,0,multiclass_probability_sum,0,0.5531156414950895,0.49,1,-0.01285581784393675,-0.028745682103289087,
2019-05-30,20,0,multiclass_probability_sum,1,0.559310515622384,0.49,1,-0.027432502717672363,-0.027432502717672363,
2019-05-31,20,0,multiclass_probability_sum,0,0.5748800117206004,0.49,1,-0.010409451943424842,-0.017625351825661176,
2019-06-03,20,0,multiclass_probability_sum,0,0.5925276414654326,0.49,1,0.020020751558894285,-0.003556349602910216,
2019-06-04,20,0,multiclass_probability_sum,0,0.541670924711755,0.49,1,0.011311368081104486,-0.008499367524626801,
2019-06-05,20,0,multiclass_probability_sum,0,0.5517027158951964,0.49,1,0.009394357195599288,-0.008762169946023994,
2019-06-06,20,0,multiclass_probability_sum,0,0.5599890167270913,0.49,1,0.025849194599525394,-0.005393071887585847,
2019-06-07,20,0,multiclass_probability_sum,0,0.53413546599767,0.49,1,0.017646117317804345,-0.01595708601771863,
2019-06-10,20,0,multiclass_probability_sum,0,0.5121709627760751,0.49,1,0.0035765231852384212,-0.020766639423168518,
2019-06-11,20,0,multiclass_probability_sum,0,0.5318891390991443,0.49,1,0.007228997055534427,-0.01990428826815241,
2019-06-12,20,0,multiclass_probability_sum,0,0.5645907769260012,0.49,1,0.02021004350952242,-0.011658927814995286,
2019-06-13,20,0,multiclass_probability_sum,0,0.5426417696334471,0.49,1,0.029607442848981105,-0.007363266752325355,
2019-06-14,20,0,multiclass_probability_sum,0,0.5330306092077141,0.49,1,0.02259286044266944,-0.011071858010213096,
2019-06-17,20,0,multiclass_probability_sum,0,0.5472502515151608,0.49,1,0.02665462986410589,-0.004063368658674628,
2019-06-18,20,0,multiclass_probability_sum,0,0.5574158170340615,0.49,1,0.03956655906465657,-0.0009538344866621582,
2019-06-19,20,0,multiclass_probability_sum,0,0.5392493578056297,0.49,1,0.03403597247229007,-0.00695269072946088,
2019-06-20,20,0,multiclass_probability_sum,0,0.5137483961585115,0.49,1,0.017435061822101347,-0.016895827963931614,
2019-06-21,20,0,multiclass_probability_sum,0,0.5142434314470927,0.49,1,0.02383787689585791,-0.016916678890234862,
2019-06-24,20,0,multiclass_probability_sum,0,0.5020064088149815,0.49,1,0.01973440429655077,-0.0207147116028272,
2019-06-25,20,0,multiclass_probability_sum,0,0.5211818068611869,0.49,1,0.030090647808194284,-0.0178857671374698,
2019-06-26,20,0,multiclass_probability_sum,0,0.5210963034572763,0.49,1,0.030070967855582786,-0.016843698746014463,
2019-06-27,20,0,multiclass_probability_sum,0,0.5612087296143382,0.49,1,0.05350955981660503,0.007215899882236328,
2019-06-28,20,0,multiclass_probability_sum,0,0.5271621916854786,0.49,1,0.04468424450876656,0.010940627259386904,
2019-07-01,20,0,multiclass_probability_sum,0,0.47701632669838256,0.49,0,0.032933128278814804,-0.005420574020181379,
2019-07-02,20,0,multiclass_probability_sum,0,0.5332119219743854,0.49,1,0.024682977943776628,-0.001654208464108109,
2019-07-03,20,0,multiclass_probability_sum,0,0.536271094965425,0.49,1,0.03204085463525454,0.006186635466783984,
2019-07-04,20,0,multiclass_probability_sum,0,0.4843216534722511,0.49,0,0.024716675683803712,-0.006899103878704171,
2019-07-05,20,0,multiclass_probability_sum,0,0.4885650144451473,0.49,0,0.016029309254069923,-0.009260040727115981,
2019-07-08,20,0,multiclass_probability_sum,0,0.5320150368194464,0.49,1,0.007012145257107346,0.0027901227152799146,
2019-07-09,20,0,multiclass_probability_sum,0,0.49337159361733385,0.49,1,-0.004592335574122841,-0.004592335574122841,
2019-07-10,20,0,multiclass_probability_sum,0,0.49144777400009354,0.49,1,-0.007960528328810895,-0.009328021574953538,
2019-07-11,20,0,multiclass_probability_sum,0,0.4932413733121428,0.49,1,-0.0034700398712623924,-0.01442975985174241,
2019-07-12,20,0,multiclass_probability_sum,0,0.5308819240446152,0.49,1,-0.0010873245709010061,-0.01112376870331856,
2019-07-15,20,0,multiclass_probability_sum,0,0.5262080701742403,0.49,1,0.0028544458349634583,-0.008177048773216549,
2019-07-16,20,0,multiclass_probability_sum,0,0.48367204292317245,0.49,0,-0.01568063982375659,-0.017979443801754702,
2019-07-17,20,0,multiclass_probability_sum,0,0.49710072381033343,0.49,1,-0.013999859704565746,-0.018447713452186966,
2019-07-18,20,0,multiclass_probability_sum,0,0.5374019266121854,0.49,1,0.003405903784895885,-0.011789940036469056,
2019-07-19,20,0,multiclass_probability_sum,0,0.4992583589317913,0.49,1,-0.0023849089445449113,-0.018213606036528794,
2019-07-22,20,0,multiclass_probability_sum,0,0.5073968377783719,0.49,1,-0.0010290005849197044,-0.01790816614981403,
2019-07-23,20,0,multiclass_probability_sum,0,0.481643164026341,0.49,0,-0.004852780110896147,-0.025435465196099967,
2019-07-24,20,0,multiclass_probability_sum,0,0.5043967028217091,0.49,1,0.006021835938840579,-0.02437371685203324,
2019-07-25,20,0,multiclass_probability_sum,0,0.477870315743514,0.49,0,0.0023190336713990733,-0.030968610067041064,
2019-07-26,20,0,multiclass_probability_sum,0,0.5076582094583446,0.49,1,-0.0009064357554858315,-0.029359194641438796,
2019-07-29,20,0,multiclass_probability_sum,1,0.4701910727634941,0.49,0,-0.015206116848071697,-0.03396927969105533,
2019-07-30,20,0,multiclass_probability_sum,0,0.5286393412378754,0.49,1,-0.009404953138723878,-0.021952763799943823,
2019-07-31,20,0,multiclass_probability_sum,0,0.5034915104353455,0.49,1,-0.0146275691831264,-0.027656432027313653,
2019-08-01,20,0,multiclass_probability_sum,1,0.4600671900008112,0.49,0,-0.019029106870918973,-0.03341799242135085,
2019-08-02,20,0,multiclass_probability_sum,0,0.5246068933784812,0.49,1,-0.007128566609590218,-0.027091562840029063,
2019-08-05,20,0,multiclass_probability_sum,0,0.5389628858867215,0.49,1,0.006361064414175718,-0.008814358115950334,
2019-08-06,20,0,multiclass_probability_sum,0,0.5358997445412491,0.49,1,0.01340740077155723,0.0013674932461426568,
2019-08-07,20,0,multiclass_probability_sum,0,0.5268806821471526,0.49,1,0.01118031741507729,0.0009313107318555851,
2019-08-08,20,0,multiclass_probability_sum,0,0.5030050118624274,0.49,1,-0.00119015875990205,-0.008660916002481898,
2019-08-09,20,0,multiclass_probability_sum,0,0.5333740691035949,0.49,1,-0.0002258193659966304,-0.0077376401544193545,
2019-08-12,20,0,multiclass_probability_sum,0,0.5218391193961454,0.49,1,-0.00519129236290615,-0.008732690630181707,
2019-08-13,20,0,multiclass_probability_sum,0,0.5542628204180255,0.49,1,0.002561799618121973,0.0021490497696231656,
2019-08-14,20,0,multiclass_probability_sum,0,0.5357939782516841,0.49,1,0.007362576832462625,0.0004127498484988585,
2019-08-15,20,0,multiclass_probability_sum,0,0.48857136203603624,0.49,0,0.007973193871194455,-0.010335240225244824,
2019-08-16,20,0,multiclass_probability_sum,0,0.4739433301037705,0.49,0,0.010010947322681447,-0.010968093495863791,
2019-08-19,20,0,multiclass_probability_sum,0,0.4815934468913036,0.49,0,0.01588691346764021,-0.012018561968774068,
2019-08-20,20,0,multiclass_probability_sum,0,0.46653342819959687,0.49,0,0.010586919907391995,-0.015722081489083668,
2019-08-21,20,0,multiclass_probability_sum,0,0.4576272285590902,0.49,0,0.002731638471239634,-0.025534949194753777,
2019-08-22,20,0,multiclass_probability_sum,0,0.4739940655856999,0.49,0,-0.006943004918480505,-0.02842704014231994,
2019-08-23,20,0,multiclass_probability_sum,0,0.5302514794506541,0.49,1,-0.006773860700850078,-0.023592155289832883,
2019-08-26,20,0,multiclass_probability_sum,0,0.5431881359619593,0.49,1,0.005327230623868615,-0.013902559246863446,
2019-08-27,20,0,multiclass_probability_sum,0,0.5582945445740479,0.49,1,0.01070225938355022,-0.007687207065099888,
2019-08-28,20,0,multiclass_probability_sum,0,0.5457056175327346,0.49,1,0.013709494653723314,-0.008168259248067179,
2019-08-29,20,0,multiclass_probability_sum,0,0.5234743261784958,0.49,1,0.019480182694388205,-0.0095282819543117,
2019-08-30,20,0,multiclass_probability_sum,0,0.5221124070833854,0.49,1,0.012622477774764659,-0.015102392634318701,
2019-09-03,20,0,multiclass_probability_sum,0,0.5468733189739323,0.49,1,0.020445897806396704,-0.010314818934005938,
2019-09-04,20,0,multiclass_probability_sum,0,0.5409799030908593,0.49,1,0.013774966138574454,-0.008546797175437177,
2019-09-05,20,0,multiclass_probability_sum,0,0.557653682833749,0.49,1,0.015904948224733054,-0.007687207065099888,
2019-09-06,20,0,multiclass_probability_sum,0,0.5538626206710328,0.49,1,0.013774196069643417,-0.004908957624457802,
2019-09-09,20,0,multiclass_probability_sum,0,0.5168481163516959,0.49,1,0.009166173076892128,-0.00495002117030078,
2019-09-10,20,0,multiclass_probability_sum,0,0.545922712712432,0.49,1,0.01834126820699308,-0.0009795986491536375,
2019-09-11,20,0,multiclass_probability_sum,0,0.533819519893428,0.49,1,0.018926139996944067,0.00694982698396375,
2019-09-12,20,0,multiclass_probability_sum,0,0.5134576445561068,0.49,1,0.011520665251187211,0.007166367263228878,
2019-09-13,20,0,multiclass_probability_sum,0,0.4700884997856405,0.49,0,0.004668891688416335,-0.00419223984924644,
2019-09-16,20,0,multiclass_probability_sum,0,0.4973167121875868,0.49,1,0.0037409984993754387,-0.006862846571352442,
2019-09-17,20,0,multiclass_probability_sum,0,0.4528954364727258,0.49,0,-0.0037089383603675636,-0.013789281189221448,
2019-09-18,20,0,multiclass_probability_sum,0,0.4956208903109582,0.49,1,-0.0006936032967891672,-0.012192807149282826,
2019-09-19,20,0,multiclass_probability_sum,0,0.4821912184375179,0.49,0,-0.007327957418859179,-0.014150393418800658,
2019-09-20,20,0,multiclass_probability_sum,0,0.5328035091244097,0.49,1,-0.0011719777453319577,-0.007367840976646597,
2019-09-23,20,0,multiclass_probability_sum,0,0.5458419989587351,0.49,1,-0.0022241301804010833,-0.002702100341789909,
2019-09-24,20,0,multiclass_probability_sum,0,0.522390999836801,0.49,1,-0.000951744599311199,-0.005113595623539197,
2019-09-25,20,0,multiclass_probability_sum,0,0.5245579077675773,0.49,1,0.000496179931094838,-0.004273272201457231,
2019-09-26,20,0,multiclass_probability_sum,0,0.5094675863558975,0.49,1,0.0028724791086700095,-0.007761559654597735,
2019-09-27,20,0,multiclass_probability_sum,0,0.4910129985427366,0.49,1,-0.0012735597712173708,-0.014892270401507134,
2019-09-30,20,0,multiclass_probability_sum,0,0.5086592281552333,0.49,1,-8.027937225833665e-05,-0.013608676161890565,
2019-10-01,20,0,multiclass_probability_sum,0,0.4586801164406714,0.49,0,-0.0037284679316605357,-0.016644522493209732,
2019-10-02,20,0,multiclass_probability_sum,0,0.5279084502967165,0.49,1,0.009738641684204477,-0.008205569066818796,
2019-10-03,20,0,multiclass_probability_sum,0,0.4953479893879952,0.49,1,0.006397948775387942,-0.009475961042640094,
2019-10-04,20,0,multiclass_probability_sum,0,0.5396770069473351,0.49,1,0.027957371522973378,-0.004566959446908403,
2019-10-07,20,0,multiclass_probability_sum,0,0.5379812832626509,0.49,1,0.03923675349983921,0.00047797016138885837,
2019-10-08,20,0,multiclass_probability_sum,0,0.49580627126189714,0.49,1,0.03589843671437548,-0.004726702447565098,
2019-10-09,20,0,multiclass_probability_sum,0,0.5087833153087082,0.49,1,0.03684946467368815,-0.0043319755883622635,
2019-10-10,20,0,multiclass_probability_sum,0,0.5077185412773795,0.49,1,0.036446131641403194,-0.00387632782656924,
2019-10-11,20,0,multiclass_probability_sum,0,0.47455343138531303,0.49,0,0.030434303964423207,-0.008383161376273785,
2019-10-14,20,0,multiclass_probability_sum,0,0.4633834668946263,0.49,0,0.023062027300659454,-0.010125874909338915,
2019-10-15,20,0,multiclass_probability_sum,0,0.47440719564888056,0.49,0,0.025138294365005955,-0.009602372667464984,
2019-10-16,20,0,multiclass_probability_sum,0,0.46185406872290063,0.49,0,0.018244553829684738,-0.01102123369110477,
2019-10-17,20,0,multiclass_probability_sum,0,0.4992645328367781,0.49,1,0.022457140188817885,-0.006344465838552557,
2019-10-18,20,0,multiclass_probability_sum,0,0.4898425082670191,0.49,0,0.020838776717216387,-0.0057178930699256225,
2019-10-21,20,0,multiclass_probability_sum,0,0.5190535890623901,0.49,1,0.01948241055097286,0.003683880862839207,
2019-10-22,20,0,multiclass_probability_sum,0,0.4841044162647671,0.49,0,0.021208087145676114,0.0006076011083239475,
2019-10-23,20,0,multiclass_probability_sum,0,0.48891369815082764,0.49,0,0.012844997692152495,0.0058645866307156,
2019-10-24,20,0,multiclass_probability_sum,0,0.4600652324194524,0.49,0,-0.005763355662051321,-0.005763355662051321,
2019-10-25,20,0,multiclass_probability_sum,1,0.4500424869472023,0.49,0,-0.019034687191467826,-0.019034687191467826,
2019-10-28,20,0,multiclass_probability_sum,1,0.47358293349817937,0.49,0,-0.02040794051907282,-0.02040794051907282,
2019-10-29,20,0,multiclass_probability_sum,1,0.47867778038456926,0.49,0,-0.019345041743642023,-0.019795598290989695,
2019-10-30,20,0,multiclass_probability_sum,1,0.4591211472092016,0.49,0,-0.022961404106937134,-0.024823754480463905,
2019-10-31,20,0,multiclass_probability_sum,1,0.4748669327782922,0.49,0,-0.028876529686085554,-0.028876529686085554,
2019-11-01,20,0,multiclass_probability_sum,1,0.44041097939243545,0.49,0,-0.0451560347740516,-0.04552695083793924,
2019-11-04,20,0,multiclass_probability_sum,1,0.46333070821036093,0.49,0,-0.06372314987852101,-0.06372314987852101,
2019-11-05,20,0,multiclass_probability_sum,1,0.46098409812005314,0.49,0,-0.07173777313257965,-0.07173777313257965,
2019-11-06,20,0,multiclass_probability_sum,1,0.4683268526061012,0.49,0,-0.059299773654135655,-0.07229407423268945,
2019-11-07,20,0,multiclass_probability_sum,1,0.4839152705821352,0.49,0,-0.06116735571280441,-0.07143509343861161,
2019-11-08,20,0,multiclass_probability_sum,1,0.4854334915085474,0.49,0,-0.05936134903933681,-0.06993009931133606,
2019-11-11,20,0,multiclass_probability_sum,1,0.5137670739306202,0.49,1,-0.05114060070243183,-0.06430053618063745,
2019-11-12,20,0,multiclass_probability_sum,1,0.4950161731135535,0.49,1,-0.05867357396587948,-0.06585330100311007,
2019-11-13,20,0,multiclass_probability_sum,1,0.5164156272321265,0.49,1,-0.05165869581470659,-0.060378421491428545,
2019-11-14,20,0,multiclass_probability_sum,1,0.5123933465497211,0.49,1,-0.04457255691277613,-0.0599142399980095,
2019-11-15,20,0,multiclass_probability_sum,1,0.5149907456062428,0.49,1,-0.044385160106518,-0.05766930375778117,
2019-11-18,20,0,multiclass_probability_sum,1,0.5389617933139218,0.49,1,-0.042197689834292985,-0.05059504452161208,
2019-11-19,20,0,multiclass_probability_sum,1,0.49631754862470434,0.49,1,-0.05537549309111586,-0.0560046019791544,
2019-11-20,20,0,multiclass_probability_sum,1,0.5314445647692615,0.49,1,-0.0506643708252021,-0.0506643708252021,
2019-11-21,20,0,multiclass_probability_sum,1,0.5454079998395016,0.49,1,-0.036733248769640806,-0.03792060410171401,
2019-11-22,20,0,multiclass_probability_sum,1,0.5304482230756311,0.49,1,-0.022098004449058774,-0.02763394443931946,
2019-11-25,20,0,multiclass_probability_sum,1,0.5343125587964951,0.49,1,-0.01748177056395988,-0.026170377271056977,
2019-11-26,20,0,multiclass_probability_sum,1,0.5303489708529143,0.49,1,-0.01850574852397862,-0.02662093381840462,
2019-11-27,20,0,multiclass_probability_sum,1,0.5310631941965914,0.49,1,-0.017792320173038584,-0.028032727644583803,
2019-11-28,20,0,multiclass_probability_sum,0,0.545933139818775,0.49,1,-0.012234597756595312,-0.02004730113244007,
2019-11-29,20,0,multiclass_probability_sum,0,0.528118694013616,0.49,1,-0.007486101984022797,-0.020418217196327627,
2019-12-02,20,0,multiclass_probability_sum,0,0.5448770445028572,0.49,1,0.005944912901398243,-0.008563524621815647,
2019-12-03,20,0,multiclass_probability_sum,0,0.5490960122395074,0.49,1,0.00789799448219189,-0.0024152571912474463,
2019-12-04,20,0,multiclass_probability_sum,0,0.5026261404010327,0.49,1,0.0007968663911221969,-0.0154095577698012,
2019-12-05,20,0,multiclass_probability_sum,0,0.5273621784036729,0.49,1,0.0019394222039348507,-0.012682994917054598,
2019-12-06,20,0,multiclass_probability_sum,0,0.5216002161370106,0.49,1,-0.008096535229210621,-0.012984007463246674,
2019-12-09,20,0,multiclass_probability_sum,0,0.49449522831060444,0.49,1,-0.007460007375027002,-0.015575192669453064,
2019-12-10,20,0,multiclass_probability_sum,0,0.541560518343442,0.49,1,-0.011858012071671517,-0.011858012071671517,
2019-12-11,20,0,multiclass_probability_sum,0,0.5085188499825177,0.49,1,-0.0016962120272963719,-0.013398010711162983,
2019-12-12,20,0,multiclass_probability_sum,0,0.4940109058697829,0.49,1,0.0003820912831569795,-0.02001996811967432,
2019-12-13,20,0,multiclass_probability_sum,0,0.5361751426973014,0.49,1,-0.0003519632338276393,-0.01796242868570413,
2019-12-16,20,0,multiclass_probability_sum,0,0.5545093457100359,0.49,1,0.005735132159278753,-0.01307563972175996,
2019-12-17,20,0,multiclass_probability_sum,0,0.5617489760879361,0.49,1,0.01408232099019604,-0.005307393922479388,
2019-12-18,20,0,multiclass_probability_sum,0,0.5742689482767135,0.49,1,0.02407877674229779,-0.0022630278431935848,
2019-12-19,20,0,multiclass_probability_sum,0,0.550869950493715,0.49,1,0.027652676929890565,-0.003450383175266673,
2019-12-20,20,0,multiclass_probability_sum,0,0.548636305124779,0.49,1,0.02296694301866631,-0.0077989678334543355,
2019-12-23,20,0,multiclass_probability_sum,0,0.5265143004267729,0.49,1,0.02769217963978047,-0.010951634550290749,
2019-12-24,20,0,multiclass_probability_sum,0,0.5207181111722935,0.49,1,0.033412667521402754,-0.010378213137619656,
2019-12-25,20,0,multiclass_probability_sum,0,0.5017348468640744,0.49,1,-0.001395470156159926,-0.012503435314738784,
2019-12-26,20,0,multiclass_probability_sum,1,0.5295504504426682,0.49,1,-0.02318580443682919,-0.02318580443682919,
2019-12-27,20,0,multiclass_probability_sum,1,0.47817153330895956,0.49,0,-0.03740028315112539,-0.03740028315112539,
2019-12-30,20,0,multiclass_probability_sum,1,0.4879983462838975,0.49,0,-0.03795357645339801,-0.03897660546203451,
2019-12-31,20,0,multiclass_probability_sum,1,0.5024731377184605,0.49,1,-0.03718696539080122,-0.03718696539080122,
2020-01-02,20,0,multiclass_probability_sum,1,0.4662491690814463,0.49,0,-0.029531699254017642,-0.0430801378782855,
2020-01-03,20,0,multiclass_probability_sum,1,0.4893219340930864,0.49,0,-0.025595739062891847,-0.04149613083835147,
2020-01-06,20,0,multiclass_probability_sum,1,0.5429336336648543,0.49,1,-0.026568999174803952,-0.03176118595139813,
2020-01-07,20,0,multiclass_probability_sum,1,0.5162585991252568,0.49,1,-0.025572410896054644,-0.03498889901178817,
2020-01-08,20,0,multiclass_probability_sum,0,0.5493504442504218,0.49,1,-0.011978984157330745,-0.02461068587416849,
2020-01-09,20,0,multiclass_probability_sum,1,0.5142667871677153,0.49,1,-0.023083742437944792,-0.03631248455803503,
2020-01-10,20,0,multiclass_probability_sum,1,0.48730658962773876,0.49,0,-0.03262635988612694,-0.04501274527699979,
2020-01-13,20,0,multiclass_probability_sum,1,0.4994097689369694,0.49,1,-0.032697679300589505,-0.042221151326044946,
2020-01-14,20,0,multiclass_probability_sum,1,0.49302860040875485,0.49,1,-0.04124219654664014,-0.043421457755207345,
2020-01-15,20,0,multiclass_probability_sum,1,0.45710970107149607,0.49,0,-0.040927075350765944,-0.04400040078684389,
2020-01-16,20,0,multiclass_probability_sum,1,0.45432503871875457,0.49,0,-0.03784099600407702,-0.050952490459659744,
2020-01-17,20,0,multiclass_probability_sum,1,0.45556942012676105,0.49,0,-0.04798912445981898,-0.05571374597932573,
2020-01-20,20,0,multiclass_probability_sum,1,0.4569240137434356,0.49,0,-0.08005462917217106,-0.08005462917217106,
2020-01-21,20,0,multiclass_probability_sum,1,0.4328631340963568,0.49,0,-0.08094964138289742,-0.08793253251012165,
2020-01-22,20,0,multiclass_probability_sum,1,0.42908969995659274,0.49,0,-0.10127167395974397,-0.10127167395974397,
2020-01-30,20,0,multiclass_probability_sum,1,0.5026563186650846,0.49,1,-0.06583576270024019,-0.06858875845930046,
2020-01-31,20,0,multiclass_probability_sum,1,0.48941639311060736,0.49,0,-0.059870198045988476,-0.059870198045988476,
2020-02-03,20,0,multiclass_probability_sum,1,0.475384575454296,0.49,0,-0.04823921376607366,-0.05077513116815243,
2020-02-04,20,0,multiclass_probability_sum,1,0.47209516221203274,0.49,0,-0.04229899127534261,-0.05179816017678885,
2020-02-05,20,0,multiclass_probability_sum,1,0.4846579895235038,0.49,0,-0.04026369079528272,-0.04836958538961088,
2020-02-06,20,0,multiclass_probability_sum,1,0.4546571983787545,0.49,0,-0.04939181122966478,-0.06191802401387862,
2020-02-07,20,0,multiclass_probability_sum,1,0.46471022355056724,0.49,0,-0.05383929673474806,-0.06426997716507049,
2020-02-10,20,0,multiclass_probability_sum,1,0.48764698871188805,0.49,0,-0.10795084539177008,-0.10795084539177008,
2020-02-11,20,0,multiclass_probability_sum,1,0.4691335278138161,0.49,0,-0.10977226211459891,-0.11217514673090936,
2020-02-12,20,0,multiclass_probability_sum,1,0.4495238809417686,0.49,0,-0.1447092124293791,-0.1447092124293791,
2020-02-13,20,0,multiclass_probability_sum,1,0.4564130584763786,0.49,0,-0.1985897656160261,-0.1985897656160261,
2020-02-14,20,0,multiclass_probability_sum,1,0.48436749121476375,0.49,0,-0.20750562299895964,-0.20750562299895964,
2020-02-17,20,0,multiclass_probability_sum,1,0.4813039093422604,0.49,0,-0.22308471504216587,-0.22308471504216587,
2020-02-18,20,0,multiclass_probability_sum,1,0.5178154211831882,0.49,1,-0.2185256483624878,-0.2185256483624878,
2020-02-19,20,0,multiclass_probability_sum,1,0.5073614729872364,0.49,1,-0.21690203395133387,-0.21941971258999862,
2020-02-20,20,0,multiclass_probability_sum,1,0.4657269123791371,0.49,0,-0.2564211653722282,-0.2564211653722282,
2020-02-21,20,0,multiclass_probability_sum,1,0.5248405773077081,0.49,1,-0.27361704319779195,-0.27361704319779195,
2020-02-24,20,0,multiclass_probability_sum,1,0.47932123042131497,0.49,0,-0.30392384099123926,-0.30392384099123926,
2020-02-25,20,0,multiclass_probability_sum,1,0.4430275163698463,0.49,0,-0.32203974799631657,-0.32203974799631657,
2020-02-26,20,0,multiclass_probability_sum,1,0.49878110333746134,0.49,1,-0.26085307946127,-0.30686478188842115,
2020-02-27,20,0,multiclass_probability_sum,1,0.4885191537273491,0.49,0,-0.2578854176360755,-0.30961777764748144,
2020-02-28,20,0,multiclass_probability_sum,1,0.4910186711064449,0.49,1,-0.23697158879310576,-0.2913653039253633,
2020-03-02,20,0,multiclass_probability_sum,1,0.4834271190213367,0.49,0,-0.28928514163463015,-0.29390122132744195,
2020-03-03,20,0,multiclass_probability_sum,1,0.473032341078455,0.49,0,-0.29584078135592223,-0.3008644728268095,
2020-03-04,20,0,multiclass_probability_sum,1,0.48794702646830934,0.49,0,-0.26808237062719614,-0.2994711985196914,
2020-03-05,20,0,multiclass_probability_sum,1,0.47750070346568946,0.49,0,-0.24128520194357536,-0.30389151670957726,
2020-03-06,20,0,multiclass_probability_sum,1,0.4789921410533863,0.49,0,-0.19058951112099445,-0.3017959843556858,
2020-03-09,20,0,multiclass_probability_sum,1,0.49069419251631996,0.49,1,-0.11236827339020633,-0.2369762306997983,
2020-03-10,20,0,multiclass_probability_sum,1,0.44975876450869684,0.49,0,-0.11299154811428287,-0.23937911531610864,
2020-03-11,20,0,multiclass_probability_sum,1,0.4649478946821418,0.49,0,-0.064946977420964,-0.20765737860243288,
2020-03-12,20,0,multiclass_probability_sum,1,0.4811592498458024,0.49,0,-0.014811787365578347,-0.15437386581903836,
2020-03-13,20,0,multiclass_probability_sum,1,0.4699761472589135,0.49,0,0.005250180628185085,-0.14461565170688745,
2020-03-16,20,0,multiclass_probability_sum,1,0.46640857121901114,0.49,0,0.025805414060385345,-0.12617364629826378,
2020-03-17,20,0,multiclass_probability_sum,1,0.4721832062366848,0.49,0,0.04129280002997624,-0.12338850216105357,
2020-03-18,20,0,multiclass_probability_sum,1,0.4584036211294535,0.49,0,0.043242623943414084,-0.12590618079971838,
2020-03-19,20,0,multiclass_probability_sum,0,0.47223509184346285,0.49,0,0.08405912133783035,-0.0964252183983288,
2020-03-20,20,0,multiclass_probability_sum,0,0.49857284694059356,0.49,1,0.11341976207345843,-0.07384246763668896,
2020-03-23,20,0,multiclass_probability_sum,0,0.508965911452242,0.49,1,0.14010301039088294,-0.01113301587785287,
2020-03-24,20,0,multiclass_probability_sum,0,0.5192247725578514,0.49,1,0.15394478450154675,0.004616079692811852,
2020-03-25,20,0,multiclass_probability_sum,0,0.4873269636824732,0.49,0,0.11440173694876062,-0.0413956227343391,
2020-03-26,20,0,multiclass_probability_sum,0,0.49055546805071,0.49,1,0.1122281657692905,-0.04711628031859396,
2020-03-27,20,0,multiclass_probability_sum,0,0.46999889742259837,0.49,0,0.1019541516654428,-0.04977763543944564,
2020-03-30,20,0,multiclass_probability_sum,0,0.5146858971160602,0.49,1,0.14710232981920116,0.0004076117780754718,
2020-03-31,20,0,multiclass_probability_sum,0,0.4779460439337004,0.49,0,0.14916816233485578,0.02636513642160784,
2020-04-01,20,0,multiclass_probability_sum,0,0.45015743073613945,0.49,0,0.1141321871696578,0.031217486873506554,
2020-04-03,20,0,multiclass_probability_sum,0,0.4693818501488201,0.49,0,0.08512872817501313,0.04860015846868941,
2020-04-06,20,0,multiclass_probability_sum,0,0.48143971142522146,0.49,0,0.06036031015711503,0.013401484074900733,
2020-04-07,20,0,multiclass_probability_sum,0,0.47212735094761904,0.49,0,0.0646272421076676,0.001779609892233747,
2020-04-08,20,0,multiclass_probability_sum,0,0.45838631525539575,0.49,0,0.08419890006284235,0.013174511251634418,
2020-04-09,20,0,multiclass_probability_sum,0,0.46317209757035005,0.49,0,0.08565907614507168,-0.0031483227280086983,
2020-04-10,20,0,multiclass_probability_sum,0,0.47277397963734324,0.49,0,0.0972106581320026,0.0059589366086929925,
2020-04-13,20,0,multiclass_probability_sum,0,0.45972800472392883,0.49,0,0.08557718850577557,-0.0043448172729193555,
2020-04-14,20,0,multiclass_probability_sum,0,0.4439034108542862,0.49,0,0.08129188577771748,-0.006458045296496103,
2020-04-15,20,0,multiclass_probability_sum,0,0.4527636232567753,0.49,0,0.06211751948688585,-0.01916028712887666,
2020-04-16,20,0,multiclass_probability_sum,0,0.4423511305918517,0.49,0,0.06964506472316237,-0.023627789680979516,
2020-04-17,20,0,multiclass_probability_sum,0,0.4521363887796348,0.49,0,0.06889830436786809,-0.03496332467400597,
2020-04-20,20,0,multiclass_probability_sum,0,0.4364069670069163,0.49,0,0.07034965386702097,-0.04174121464799436,
2020-04-21,20,0,multiclass_probability_sum,0,0.4675635897774884,0.49,0,0.11782360537109689,-0.005715011206582887,
2020-04-22,20,0,multiclass_probability_sum,0,0.4465037580675004,0.49,0,0.10346776157899244,-0.008423769439393675,
2020-04-23,20,0,multiclass_probability_sum,0,0.4437071332347604,0.49,0,0.10435989891523492,-0.014892424313758633,
2020-04-24,20,0,multiclass_probability_sum,0,0.43705793662263376,0.49,0,0.11249003715123657,-0.018439510718543498,
2020-04-27,20,0,multiclass_probability_sum,0,0.49201323193338425,0.49,1,0.10660783997212185,-0.010826851735547193,
2020-04-28,20,0,multiclass_probability_sum,0,0.49756423301473396,0.49,1,0.11578680564890859,-0.006197394449860097,
2020-04-29,20,0,multiclass_probability_sum,0,0.503700540844002,0.49,1,0.11688260019239091,-0.008670838743590035,
2020-05-04,20,0,multiclass_probability_sum,0,0.5252014961957965,0.49,1,0.1418462371285337,0.002214027878861953,
2020-05-05,20,0,multiclass_probability_sum,0,0.4999438787869042,0.49,1,0.13521809747848498,0.023831740450791252,
2020-05-06,20,0,multiclass_probability_sum,0,0.45794860358371686,0.49,0,0.11864163808894873,0.01766841602545312,
2020-05-07,20,0,multiclass_probability_sum,0,0.4488479791807027,0.49,0,0.1040665862665298,0.021351267847408446,
2020-05-08,20,0,multiclass_probability_sum,0,0.44556452028384963,0.49,0,0.0853366111319626,0.016212354413247452,
2020-05-11,20,0,multiclass_probability_sum,0,0.4204925875636333,0.49,0,0.08289424477491707,-0.0015706556486250554,
2020-05-12,20,0,multiclass_probability_sum,0,0.42718669536190657,0.49,0,0.07311213508070045,-0.009973914907547192,
2020-05-13,20,0,multiclass_probability_sum,0,0.44795548256149476,0.49,0,0.07590959410034999,-0.008644199162932398,
2020-05-14,20,0,multiclass_probability_sum,0,0.48080028726698354,0.49,0,0.041152550164235475,-0.006472124458451059,
2020-05-15,20,0,multiclass_probability_sum,0,0.4998652115003701,0.49,1,0.04317608880930429,0.011995047788379242,
2020-05-18,20,0,multiclass_probability_sum,0,0.4706799393176998,0.49,0,-0.005438832680158219,-0.005438832680158219,
2020-05-19,20,0,multiclass_probability_sum,0,0.46626431070135366,0.49,0,0.011997441282527362,-0.016027607317890682,
2020-05-20,20,0,multiclass_probability_sum,0,0.4456834121433577,0.49,0,0.0017922516291927603,-0.02425684679103178,
2020-05-21,20,0,multiclass_probability_sum,0,0.4345666854143735,0.49,0,-0.008684571463502423,-0.03570459485369639,
2020-05-22,20,0,multiclass_probability_sum,0,0.49095370324534254,0.49,1,0.018381973459944724,-0.02405750929440259,
2020-05-25,20,0,multiclass_probability_sum,0,0.44808481921733545,0.49,0,0.014147908093171692,-0.03141830150500998,
2020-05-26,20,0,multiclass_probability_sum,0,0.434011079514131,0.49,0,-0.0010706084495526861,-0.04309552614579654,
2020-05-27,20,0,multiclass_probability_sum,0,0.48458019686641407,0.49,0,0.002597267924451547,-0.029600669983685587,
2020-05-28,20,0,multiclass_probability_sum,0,0.46905966667750326,0.49,0,-0.007925541783334425,-0.03415017837478513,
2020-05-29,20,0,multiclass_probability_sum,0,0.45355392930292493,0.49,0,-0.014553550005857573,-0.03771941721199737,
2020-06-01,20,0,multiclass_probability_sum,1,0.4015578298971484,0.49,0,-0.05775508155894278,-0.05775508155894278,
2020-06-02,20,0,multiclass_probability_sum,1,0.4565793492622575,0.49,0,-0.058478578022697215,-0.058478578022697215,
2020-06-03,20,0,multiclass_probability_sum,1,0.44088806236713396,0.49,0,-0.04370252331267277,-0.06573385908395246,
2020-06-04,20,0,multiclass_probability_sum,1,0.4659847128684961,0.49,0,-0.04811271521938328,-0.06882722328698682,
2020-06-05,20,0,multiclass_probability_sum,1,0.4571963178737255,0.49,0,-0.044544602437262416,-0.07144851599982781,
2020-06-08,20,0,multiclass_probability_sum,1,0.4514890643236553,0.49,0,-0.044025552891442235,-0.08678915970465494,
2020-06-09,20,0,multiclass_probability_sum,1,0.4782185635650481,0.49,0,-0.04002577296176352,-0.08541030926936052,
2020-06-10,20,0,multiclass_probability_sum,1,0.45537919149557626,0.49,0,-0.040243458200965504,-0.08687805254439529,
2020-06-11,20,0,multiclass_probability_sum,0,0.48965486933986624,0.49,0,0.010425422583736658,-0.04994893390379931,
2020-06-12,20,0,multiclass_probability_sum,0,0.47394786813030493,0.49,0,0.008865991103110784,-0.04550034809041714,
2020-06-15,20,0,multiclass_probability_sum,0,0.4881000183405041,0.49,0,0.04262367873939578,-0.008880474389333908,
2020-06-16,20,0,multiclass_probability_sum,0,0.4521508984058019,0.49,0,0.013896200971953305,-0.036905522989751825,
2020-06-17,20,0,multiclass_probability_sum,0,0.45742047586638557,0.49,0,0.017943474432151364,-0.03492957280955852,
2020-06-18,20,0,multiclass_probability_sum,0,0.44477304555521074,0.49,0,0.024895922377443987,-0.035900497779527744,
2020-06-19,20,0,multiclass_probability_sum,0,0.41779793328574144,0.49,0,0.003975691502178534,-0.051319957143681184,
2020-06-22,20,0,multiclass_probability_sum,0,0.4230203016881863,0.49,0,-0.011404422147420734,-0.05444668398751552,
2020-06-23,20,0,multiclass_probability_sum,0,0.43427146929524474,0.49,0,-0.0075265256540360155,-0.05090539208557772,
2020-06-24,20,0,multiclass_probability_sum,0,0.458467671098473,0.49,0,-0.005400091266306481,-0.04107841229747105,
2020-06-25,20,0,multiclass_probability_sum,0,0.473014020519835,0.49,0,0.0025243389940182125,-0.035105110980784546,
2020-06-26,20,0,multiclass_probability_sum,0,0.47876715789235375,0.49,0,-0.027149912244078624,-0.03204634159547372,
2020-06-29,20,0,multiclass_probability_sum,1,0.5012321052601473,0.49,1,-0.054754064168736356,-0.054754064168736356,
2020-06-30,20,0,multiclass_probability_sum,0,0.48898578806611775,0.49,0,-0.01434289481300984,-0.04961645593379521,
2020-07-01,20,0,multiclass_probability_sum,1,0.43776134164196245,0.49,0,-0.06445237484451533,-0.07164779170507486,
2020-07-02,20,0,multiclass_probability_sum,1,0.47062117228320877,0.49,0,-0.0502079878193247,-0.07033096400139868,
2020-07-03,20,0,multiclass_probability_sum,1,0.4699552648471998,0.49,0,-0.05982342447376609,-0.07652036949636067,
2020-07-06,20,0,multiclass_probability_sum,1,0.43597285400731123,0.49,0,-0.055521744444164155,-0.09238006274700784,
2020-07-07,20,0,multiclass_probability_sum,1,0.4374836525804804,0.49,0,-0.042407551268993024,-0.0950009922413921,
2020-07-08,20,0,multiclass_probability_sum,0,0.4612498245603173,0.49,0,-0.031371896610410795,-0.09625105027722493,
2020-07-09,20,0,multiclass_probability_sum,1,0.4592689203594842,0.49,0,-0.04244155751622403,-0.10999081242133117,
2020-07-10,20,0,multiclass_probability_sum,1,0.4913135241796679,0.49,1,-0.03474457163754822,-0.10398279512732322,
2020-07-13,20,0,multiclass_probability_sum,1,0.5172680090320277,0.49,1,-0.02981668612154714,-0.10112060906252483,
2020-07-14,20,0,multiclass_probability_sum,1,0.5113433151129869,0.49,1,-0.029256582072774193,-0.10041817989550032,
2020-07-15,20,0,multiclass_probability_sum,1,0.5166947384126828,0.49,1,-0.026783518833889824,-0.10248950317550512,
2020-07-16,20,0,multiclass_probability_sum,1,0.499521128116198,0.49,1,-0.025153184177824535,-0.110412876090767,
2020-07-17,20,0,multiclass_probability_sum,1,0.5447680607092991,0.49,1,-0.024705800448253625,-0.10491210457965491,
2020-07-20,20,0,multiclass_probability_sum,1,0.5602877992764645,0.49,1,-0.013146168116515367,-0.09265871777388993,
2020-07-21,20,0,multiclass_probability_sum,1,0.533225304056092,0.49,1,-0.017868072501149843,-0.09299532236533689,
2020-07-22,20,0,multiclass_probability_sum,1,0.5599728246118125,0.49,1,-0.0045361651724079135,-0.08529477696495968,
2020-07-23,20,0,multiclass_probability_sum,1,0.5388188456204027,0.49,1,-0.010017914111478362,-0.08724590590859797,
2020-07-24,20,0,multiclass_probability_sum,0,0.5422292496956465,0.49,1,0.03043098575404653,-0.05451288528519017,
2020-07-27,20,0,multiclass_probability_sum,0,0.5224106492645415,0.49,1,0.10107456324693004,0.007195416860559414,
2020-07-28,20,0,multiclass_probability_sum,0,0.4919095166031567,0.49,1,0.07204385003504597,-0.028078144260225833,
2020-07-29,20,0,multiclass_probability_sum,0,0.5128606828985841,0.49,1,0.09937811268691556,0.00950152816203515,
2020-07-30,20,0,multiclass_probability_sum,0,0.5013256799733283,0.49,1,0.08786917182340435,-0.003426031159479446,
2020-07-31,20,0,multiclass_probability_sum,0,0.51042857606037,0.49,1,0.09616494442905064,0.020161373280249105,
2020-08-03,20,0,multiclass_probability_sum,0,0.4681959864275864,0.49,0,0.07903657870496847,0.015735122669555505,
2020-08-04,20,0,multiclass_probability_sum,0,0.449024026667309,0.49,0,0.07466970035848934,0.01228571269441494,
2020-08-05,20,0,multiclass_probability_sum,0,0.445386376098472,0.49,0,0.0760167654878719,0.0026701012382930574,
2020-08-06,20,0,multiclass_probability_sum,0,0.4413461270602457,0.49,0,0.07065490240142493,0.001688968584667946,
2020-08-07,20,0,multiclass_probability_sum,0,0.4430807806413359,0.49,0,0.0541147565652411,0.001923374332951165,
2020-08-10,20,0,multiclass_probability_sum,0,0.4517240862378905,0.49,0,0.05417457593899623,-0.00014232511825147527,
2020-08-11,20,0,multiclass_probability_sum,0,0.4540393551664259,0.49,0,0.053395273082421486,0.003965652041461004,
2020-08-12,20,0,multiclass_probability_sum,0,0.4664024485748133,0.49,0,0.04828850113473797,-0.0005787344774281068,
2020-08-13,20,0,multiclass_probability_sum,0,0.4498713236069207,0.49,0,0.03890354240366291,-0.010132442048755397,
2020-08-14,20,0,multiclass_probability_sum,0,0.4824382222803891,0.49,0,0.05023659691835415,-0.005079054267214231,
2020-08-17,20,0,multiclass_probability_sum,0,0.4787263787965902,0.49,0,0.05281774494920558,-0.00438529979318745,
2020-08-18,20,0,multiclass_probability_sum,0,0.48961855896763684,0.49,0,0.05855218890961531,0.002100741932932413,
2020-08-19,20,0,multiclass_probability_sum,0,0.47706326975257407,0.49,0,0.04909165026322235,-0.0035306199954322566,
2020-08-20,20,0,multiclass_probability_sum,0,0.489728218691287,0.49,0,0.060321515529583404,0.007715879242117009,
2020-08-21,20,0,multiclass_probability_sum,0,0.4726155369190121,0.49,0,0.06033417123744946,0.01613069220769349,
2020-08-24,20,0,multiclass_probability_sum,0,0.45934670775936937,0.49,0,0.04227417898750917,0.005498966300545092,
2020-08-25,20,0,multiclass_probability_sum,0,0.4676778399239243,0.49,0,0.042970419454695076,-0.0007438816083562064,
2020-08-26,20,0,multiclass_probability_sum,0,0.4896037561859047,0.49,0,0.03940915680302379,0.001418618458003321,
2020-08-27,20,0,multiclass_probability_sum,0,0.4769819601134931,0.49,0,0.03764928837610901,0.0048697414461668625,
2020-08-28,20,0,multiclass_probability_sum,0,0.47267656461948043,0.49,0,0.03742594115888105,0.0030330075561669596,
2020-08-31,20,0,multiclass_probability_sum,0,0.4659586870245986,0.49,0,0.025012084399701727,0.007458083047203916,
2020-09-01,20,0,multiclass_probability_sum,0,0.44729329180503347,0.49,0,0.015003564803721335,-0.0039101612758723975,
2020-09-03,20,0,multiclass_probability_sum,0,0.47180554761314886,0.49,0,0.01113286087699656,-0.017542939099669877,
2020-09-04,20,0,multiclass_probability_sum,0,0.4978441644732702,0.49,1,0.00924128136830604,-0.014851177251515989,
2020-09-07,20,0,multiclass_probability_sum,0,0.5270360400099283,0.49,1,0.029321042429757638,0.000641505421337044,
2020-09-08,20,0,multiclass_probability_sum,0,0.5131832206440198,0.49,1,0.028277284029354907,-0.0014840134036206187,
2020-09-09,20,0,multiclass_probability_sum,0,0.5240665002263529,0.49,1,0.03361215014253243,-0.0005623854287944385,
2020-09-10,20,0,multiclass_probability_sum,0,0.5279243626564916,0.49,1,0.03321726459055883,0.00016874884025224797,
2020-09-11,20,0,multiclass_probability_sum,0,0.5252653284207252,0.49,1,0.03864858247895843,0.005687027739168962,
2020-09-14,20,0,multiclass_probability_sum,0,0.496555586050087,0.49,1,0.03434747658328235,-0.0005926389939811708,
2020-09-15,20,0,multiclass_probability_sum,0,0.5068705874482815,0.49,1,0.03680348772826581,-0.0024800325508057674,
2020-09-16,20,0,multiclass_probability_sum,0,0.4938628519141343,0.49,1,0.04649165267408138,-0.003829176718028059,
2020-09-17,20,0,multiclass_probability_sum,0,0.5125687125820887,0.49,1,0.05306122644629259,0.007699245270928868,
2020-09-18,20,0,multiclass_probability_sum,0,0.4956358833610688,0.49,1,0.045934603482984115,0.003357474080811035,
2020-09-21,20,0,multiclass_probability_sum,0,0.4863297877471757,0.49,0,0.03861942526043811,-0.004371060869172105,
2020-09-22,20,0,multiclass_probability_sum,0,0.516029096236775,0.49,1,0.041321985373733855,-0.002441760826925267,
2020-09-23,20,0,multiclass_probability_sum,0,0.5091224646612837,0.49,1,0.0286593421230509,-0.009380849203012276,
2020-09-24,20,0,multiclass_probability_sum,0,0.523961186962956,0.49,1,0.04447377469951765,-0.005075704942984885,
2020-09-25,20,0,multiclass_probability_sum,0,0.5194048344589904,0.49,1,0.0567032326589702,-0.0047344549740734486,
2020-09-28,20,0,multiclass_probability_sum,0,0.5011281613025229,0.49,1,0.04111565002939229,-0.009380849203012276,
2020-09-29,20,0,multiclass_probability_sum,0,0.5294706951757027,0.49,1,0.04593203817234574,0.0013597247270958413,
2020-09-30,20,0,multiclass_probability_sum,0,0.5154337447530015,0.49,1,0.017347362617496014,0.005178732540228374,
2020-10-01,20,0,multiclass_probability_sum,0,0.46302626495039734,0.49,0,0.005444134831699642,-0.004583341356844453,
2020-10-02,20,0,multiclass_probability_sum,0,0.5148087320634862,0.49,1,0.016956023056360327,0.005228583809935716,
2020-10-05,20,0,multiclass_probability_sum,0,0.5132214703798175,0.49,1,0.020559489773204043,0.0010817604245548903,
2020-10-06,20,0,multiclass_probability_sum,0,0.4975900337744552,0.49,1,0.02132889809283388,0.003455967157583461,
2020-10-07,20,0,multiclass_probability_sum,0,0.4855947124693514,0.49,0,0.021555247621830288,-0.0009572709807678487,
2020-10-08,20,0,multiclass_probability_sum,0,0.5091442980449249,0.49,1,0.020371384048964384,0.00026116479647007846,
2020-10-09,20,0,multiclass_probability_sum,0,0.48053272968607724,0.49,0,0.01534699802532249,-0.005338901932181662,
2020-10-12,20,0,multiclass_probability_sum,0,0.4767745470760434,0.49,0,0.027863898055356953,-0.007317462769655638,
2020-10-13,20,0,multiclass_probability_sum,0,0.4788155713123917,0.49,0,0.023425950076293504,-0.011660867471463558,
2020-10-14,20,0,multiclass_probability_sum,0,0.4845576811969134,0.49,0,0.01272475423659199,-0.02269817658450156,
2020-10-15,20,0,multiclass_probability_sum,0,0.5004659585754052,0.49,1,0.017371259722990647,-0.02543857363868452,
2020-10-16,20,0,multiclass_probability_sum,0,0.49937572739989333,0.49,1,0.024079630542931402,-0.02601119594630493,
2020-10-19,20,0,multiclass_probability_sum,0,0.5017036259790056,0.49,1,0.007495495588503665,-0.026424552673741986,
2020-10-20,20,0,multiclass_probability_sum,0,0.47813980191169403,0.49,0,0.025590424936665124,-0.027197812744790814,
2020-10-21,20,0,multiclass_probability_sum,0,0.5198754159409168,0.49,1,0.03608121339872021,-0.021474257870194836,
2020-10-22,20,0,multiclass_probability_sum,0,0.48184899132452796,0.49,0,0.03451686571748417,-0.03298354618663422,
2020-10-23,20,0,multiclass_probability_sum,0,0.48483913121778044,0.49,0,0.029460019241957718,-0.0448717541771754,
2020-10-26,20,0,multiclass_probability_sum,0,0.5375689732035569,0.49,1,0.044624599785585466,-0.03393056577653635,
2020-10-27,20,0,multiclass_probability_sum,0,0.5459185877997499,0.49,1,0.05076699026674213,-0.02936610471647746,
2020-10-28,20,0,multiclass_probability_sum,0,0.5380429651025256,0.49,1,0.08218095358383898,-0.0021411538887236036,
2020-10-29,20,0,multiclass_probability_sum,0,0.5085227068849812,0.49,1,0.09033435943196624,0.00692854686781607,
2020-10-30,20,0,multiclass_probability_sum,0,0.49634750089510093,0.49,1,0.08762169132044462,0.00883205052677949,
2020-11-02,20,0,multiclass_probability_sum,0,0.4873146963140947,0.49,0,0.07169677839496684,0.0018511687441846105,
2020-11-03,20,0,multiclass_probability_sum,0,0.5038333205636425,0.49,1,0.07560123576860878,0.002498453113713965,
2020-11-04,20,0,multiclass_probability_sum,0,0.4883992715716205,0.49,0,0.0763491927040621,-0.002141134553633845,
2020-11-05,20,0,multiclass_probability_sum,0,0.5196032200770432,0.49,1,0.08387841965905866,0.0005756807050099062,
2020-11-06,20,0,multiclass_probability_sum,0,0.5061831877257769,0.49,1,0.08495855501754455,0.013234148304741454,
2020-11-09,20,0,multiclass_probability_sum,0,0.4709530866353956,0.49,0,0.0787401330249165,-0.001261312562767111,
2020-11-10,20,0,multiclass_probability_sum,0,0.49913016020056333,0.49,1,0.0781353891580411,-0.0011667692855114582,
2020-11-11,20,0,multiclass_probability_sum,0,0.5082425187930246,0.49,1,0.08734300304972722,-0.0015028825588478435,
2020-11-12,20,0,multiclass_probability_sum,0,0.4819268983698518,0.49,0,0.07201418324602112,-0.00888978509942968,
2020-11-13,20,0,multiclass_probability_sum,0,0.4785585499991458,0.49,0,0.07922640677714483,-0.016170778226990798,
2020-11-16,20,0,multiclass_probability_sum,0,0.5298409750761799,0.49,1,0.1125820348187735,0.018868189419210448,
2020-11-17,20,0,multiclass_probability_sum,0,0.49649462812700135,0.49,1,0.08539052994682028,0.004767233587459033,
2020-11-18,20,0,multiclass_probability_sum,0,0.4904982815499589,0.49,1,0.09166823820818998,0.009944940635203504,
2020-11-19,20,0,multiclass_probability_sum,0,0.4897923033521665,0.49,0,0.06735615660204668,0.00683136151501463,
2020-11-20,20,0,multiclass_probability_sum,0,0.48574110418386435,0.49,0,0.07533233054610348,0.004223392142988823,
2020-11-23,20,0,multiclass_probability_sum,0,0.49260511674936097,0.49,1,0.08378748517972445,0.0015779294210976843,
2020-11-24,20,0,multiclass_probability_sum,0,0.4786390934930433,0.49,0,0.08439940847224336,0.004189012489342879,
2020-11-25,20,0,multiclass_probability_sum,0,0.4971407207171302,0.49,1,0.07600200537522936,0.003135268317000039,
2020-11-26,20,0,multiclass_probability_sum,0,0.47366127930592117,0.49,0,0.05938595114880374,-0.002876983642403693,
2020-11-27,20,0,multiclass_probability_sum,0,0.48431160992596944,0.49,0,0.0708771529354972,-0.007092862398698215,
2020-11-30,20,0,multiclass_probability_sum,0,0.5312791739628309,0.49,1,0.0843218693914949,0.005755626117826618,
2020-12-01,20,0,multiclass_probability_sum,0,0.47110264571195404,0.49,0,0.0860155432933625,0.005387544602800859,
2020-12-02,20,0,multiclass_probability_sum,0,0.5114306152307615,0.49,1,0.07885287453472573,0.005388092401362768,
2020-12-03,20,0,multiclass_probability_sum,0,0.49868457619448764,0.49,1,0.07921565765929468,0.0016558160634956485,
2020-12-04,20,0,multiclass_probability_sum,0,0.5105488204519458,0.49,1,0.09248589443629367,0.007577751730749735,
2020-12-07,20,0,multiclass_probability_sum,0,0.4818035210464451,0.49,0,0.09493234293354519,-0.0006992871441310618,
2020-12-08,20,0,multiclass_probability_sum,0,0.5228380618383064,0.49,1,0.10499999753788625,0.0016018099018983414,
2020-12-09,20,0,multiclass_probability_sum,0,0.48610896684300103,0.49,0,0.10700573127471243,-0.007941917263124128,
2020-12-10,20,0,multiclass_probability_sum,0,0.5524970027014958,0.49,1,0.12458553088434743,0.014493216658684761,
2020-12-11,20,0,multiclass_probability_sum,0,0.5039419034104661,0.49,1,0.1247148192804355,0.005539335239784134,
2020-12-14,20,0,multiclass_probability_sum,0,0.4757966485259447,0.49,0,0.11374746657910484,-0.01164551457485387,
2020-12-15,20,0,multiclass_probability_sum,0,0.5159399299800664,0.49,1,0.11683179984726685,-0.003322199122111105,
2020-12-16,20,0,multiclass_probability_sum,0,0.4949649969196619,0.49,1,0.10692444264996757,-0.014367140970939841,
2020-12-17,20,0,multiclass_probability_sum,0,0.5284587202043334,0.49,1,0.12700204589722436,0.014807535459071354,
2020-12-18,20,0,multiclass_probability_sum,0,0.5071732077698856,0.49,1,0.11030023711320881,5.620661553331797e-05,
2020-12-21,20,0,multiclass_probability_sum,0,0.46949377554467053,0.49,0,0.04514165566477168,-0.012622340161076299,
2020-12-22,20,0,multiclass_probability_sum,0,0.46736468146487875,0.49,0,0.04620027867246464,-0.014812192874692983,
2020-12-23,20,0,multiclass_probability_sum,0,0.5117852665816968,0.49,1,0.07610074183286797,-0.010603802267021933,
2020-12-24,20,0,multiclass_probability_sum,0,0.5237566740940145,0.49,1,0.08890961665820386,0.015707080542987972,
2020-12-25,20,0,multiclass_probability_sum,0,0.4841218646303439,0.49,0,0.07257668680444085,0.00635185405729938,
2020-12-28,20,0,multiclass_probability_sum,0,0.4820891133981038,0.49,0,0.04022181261449624,0.005674175863858344,
2020-12-29,20,0,multiclass_probability_sum,0,0.49093246244198946,0.49,1,-0.0021122985465347782,-0.0021122985465347782,
2020-12-30,20,0,multiclass_probability_sum,1,0.5124185062475364,0.49,1,-0.06941338062164591,-0.06941338062164591,
2020-12-31,20,0,multiclass_probability_sum,1,0.5074071816931977,0.49,1,-0.04375651727540552,-0.07516425614757766,
2021-01-04,20,0,multiclass_probability_sum,1,0.46931963232255136,0.49,0,-0.07885418116138684,-0.09009030898807227,
2021-01-05,20,0,multiclass_probability_sum,1,0.4604548387382128,0.49,0,-0.05165816417143326,-0.10081379636020453,
2021-01-06,20,0,multiclass_probability_sum,1,0.4597383476257085,0.49,0,-0.028318592272332636,-0.1101821638204146,
2021-01-07,20,0,multiclass_probability_sum,1,0.44452405736882855,0.49,0,-0.03905851133062791,-0.12173162472226316,
2021-01-08,20,0,multiclass_probability_sum,1,0.4519413079652505,0.49,0,-0.0355480643807609,-0.13136950706877412,
2021-01-11,20,0,multiclass_probability_sum,1,0.4562700587129467,0.49,0,-0.08974878407969741,-0.14599201212354693,
2021-01-12,20,0,multiclass_probability_sum,1,0.45299597096873434,0.49,0,-0.06707581771522907,-0.1522095092368541,
2021-01-13,20,0,multiclass_probability_sum,1,0.500371614121513,0.49,1,-0.02585301748292398,-0.14697052705227343,
2021-01-14,20,0,multiclass_probability_sum,1,0.48329039901516113,0.49,0,-0.011025694094087617,-0.14810811170380284,
2021-01-15,20,0,multiclass_probability_sum,1,0.4984827274456147,0.49,1,-0.01748576882181387,-0.15381857398011975,
2021-01-18,20,0,multiclass_probability_sum,1,0.532586276587905,0.49,1,-0.014280042235931732,-0.15192430065517565,
2021-01-19,20,0,multiclass_probability_sum,1,0.503435616597536,0.49,1,0.04041023867291708,-0.09944426598334809,
2021-01-20,20,0,multiclass_probability_sum,1,0.4481381761708258,0.49,0,0.023800591389375528,-0.10269274170465785,
2021-01-21,20,0,multiclass_probability_sum,1,0.3921730065144935,0.49,0,0.001047372221911758,-0.12838481425739015,
2021-01-22,20,0,multiclass_probability_sum,1,0.41467015933246676,0.49,0,0.0014473827599051786,-0.1305898868157041,
2021-01-25,20,0,multiclass_probability_sum,1,0.4340735488157772,0.49,0,0.017107660602391814,-0.129964037504929,
2021-01-26,20,0,multiclass_probability_sum,1,0.4423834715253018,0.49,0,0.04348155372371964,-0.10396101737228385,
2021-01-27,20,0,multiclass_probability_sum,0,0.46599627911116437,0.49,0,0.07865285435959254,-0.06907620623094714,
2021-01-28,20,0,multiclass_probability_sum,0,0.48938128599259634,0.49,0,0.1320800596602972,0.011236127826685352,
2021-01-29,20,0,multiclass_probability_sum,0,0.470568200100248,0.49,0,0.10081779338177309,-0.020171611045486714,
2021-02-01,20,0,multiclass_probability_sum,0,0.4601531229353564,0.49,0,0.12062996309790702,0.037919504362086,
2021-02-02,20,0,multiclass_probability_sum,0,0.46947665930742977,0.49,0,0.07730327720109596,0.007087595855078095,
2021-02-03,20,0,multiclass_probability_sum,0,0.4762039777360737,0.49,0,0.05155061984178683,-0.025620343504232476,
2021-02-04,20,0,multiclass_probability_sum,0,0.45756054638141197,0.49,0,0.06064842195241408,-0.02642988534778579,
2021-02-05,20,0,multiclass_probability_sum,0,0.4406536168877251,0.49,0,0.047356225419858185,-0.03957821464416376,
2021-02-08,20,0,multiclass_probability_sum,0,0.471521721197953,0.49,0,0.08947023842384169,0.028890463477775487,
2021-02-09,20,0,multiclass_probability_sum,0,0.442744862782561,0.49,0,0.05663806645147633,0.03598381804772441,
2021-02-17,20,0,multiclass_probability_sum,0,0.4302396323618167,0.49,0,0.02588674230523963,0.005341399820517963,
2021-02-18,20,0,multiclass_probability_sum,0,0.41424923110775996,0.49,0,0.022364234721508655,-0.01062350821984786,
2021-02-19,20,0,multiclass_probability_sum,0,0.46329421013304556,0.49,0,0.01736015383159309,-0.00987389576843857,
2021-02-22,20,0,multiclass_probability_sum,0,0.44993794900051065,0.49,0,0.016366894571196194,-0.011185349029376531,
2021-02-23,20,0,multiclass_probability_sum,0,0.4402202785826019,0.49,0,0.0049214657017826674,-0.013395595266397713,
2021-02-24,20,0,multiclass_probability_sum,0,0.4780567102082456,0.49,0,-0.00017213037196843028,-0.00017213037196843028,
2021-02-25,20,0,multiclass_probability_sum,0,0.4625871123269406,0.49,0,-0.002001263267081093,-0.003110983757236932,
2021-02-26,20,0,multiclass_probability_sum,0,0.4594267113356217,0.49,0,-0.005371835733373184,-0.00571606685354416,
2021-03-01,20,0,multiclass_probability_sum,0,0.4456862470460142,0.49,0,-0.008882925653387068,-0.020750495385256022,
2021-03-02,20,0,multiclass_probability_sum,0,0.47517222227122347,0.49,0,-0.00021070641510421759,-0.021121368373938607,
2021-03-03,20,0,multiclass_probability_sum,0,0.4809996445106395,0.49,0,0.0037756678543000594,-0.02140785786847481,
2021-03-04,20,0,multiclass_probability_sum,0,0.5099423602397719,0.49,1,0.039911026193884314,-0.005758856938232196,
2017-03-14,20,0,candidate_risk_off,0,0.521880095021598,0.62,0,0.01509446901248456,-0.005851621678872168,0.4538334242913507
2017-03-15,20,0,candidate_risk_off,0,0.559658325859668,0.62,0,0.015596946411992458,-0.0036525102417857428,0.42986861046924674
2017-03-16,20,0,candidate_risk_off,0,0.469660721367523,0.62,0,0.004925465353037955,-0.006145403988295327,0.4602377618551294
2017-03-17,20,0,candidate_risk_off,0,0.5150282069576709,0.62,0,0.0004080570210768779,0.0004080570210768779,0.4204178019791792
2017-03-20,20,0,candidate_risk_off,0,0.48034026800804575,0.62,0,-0.0001958041964299736,-0.005947138644852871,0.45000303211583687
2017-03-21,20,0,candidate_risk_off,0,0.47976916337570863,0.62,0,0.0008234760924535129,-0.0074982306588886345,0.46250710177131454
2017-03-22,20,0,candidate_risk_off,0,0.5858337803246957,0.62,0,-0.0003928170645349613,-0.0029639640457520384,0.4372791145478592
2017-03-23,20,0,candidate_risk_off,0,0.5727395436592672,0.62,0,-0.009986325719664652,-0.01220661273952597,0.47572747173128227
2017-03-24,20,0,candidate_risk_off,1,0.5885584556686131,0.62,0,-0.01781358009204111,-0.01781358009204111,0.4831451679279085
2017-03-27,20,0,candidate_risk_off,1,0.5635241320274536,0.62,0,-0.022277491759671322,-0.022277491759671322,0.4788280888483881
2017-03-28,20,0,candidate_risk_off,1,0.617675121523,0.62,0,-0.012901599229970945,-0.016372208376640208,0.44415007683355734
2017-03-29,20,0,candidate_risk_off,0,0.5832376080184964,0.62,0,-0.005483660227073459,-0.01805307949120649,0.45485935579162007
2017-03-30,20,0,candidate_risk_off,0,0.5873055906824574,0.62,0,-0.008504549764059552,-0.022747306191615753,0.46925622005618695
2017-03-31,20,0,candidate_risk_off,0,0.598954686741091,0.62,0,-0.0038422906791098967,-0.02060371229391333,0.4415532965927346
2017-04-03,20,0,candidate_risk_off,0,0.6177223683343551,0.62,0,-0.0004984768865333976,-0.0207006188967898,0.44514756349580636
2017-04-04,20,0,candidate_risk_off,0,0.5765900561514155,0.62,0,-0.005733531847760569,-0.023134046527927766,0.46636884065572104
2017-04-05,20,0,candidate_risk_off,0,0.585913379701361,0.62,0,-0.006046839682971941,-0.021862766232900864,0.43734619062061364
2017-04-07,20,0,candidate_risk_off,0,0.5866796409065306,0.62,0,-0.008054882660650534,-0.028381667189401216,0.4713905115666186
2017-04-10,20,0,candidate_risk_off,1,0.5898836359860484,0.62,0,-0.007646958552369185,-0.031015738762205963,0.4683640479626774
2017-04-11,20,0,candidate_risk_off,1,0.57336286060861,0.62,0,-0.008706932615436674,-0.03301409694160374,0.4762025163581884
2017-04-12,20,0,candidate_risk_off,0,0.6128860133274475,0.62,0,-0.0002894655246098968,-0.025120637695305433,0.4378818539934644
2017-04-13,20,0,candidate_risk_off,0,0.657009897075314,0.62,1,0.0013795959972505922,-0.023424003657726924,0.4239593919020895
2017-04-14,20,0,candidate_risk_off,0,0.657134917745026,0.62,1,0.009116919633703919,-0.015245416345282042,0.4211792230718572
2017-04-17,20,0,candidate_risk_off,0,0.6680436030204235,0.62,1,0.022768241508309816,-0.0045826040250256765,0.40268532706410043
2017-04-18,20,0,candidate_risk_off,0,0.6861070357898555,0.62,1,0.01672808647734972,-0.010333938473448524,0.4466155873416706
2017-04-19,20,0,candidate_risk_off,0,0.6645935283318029,0.62,1,0.023508758826397212,-0.012904310776367712,0.4508123829605371
2017-04-20,20,0,candidate_risk_off,0,0.6731182490996167,0.62,1,0.04317098606703919,-0.007153751006242704,0.41212402187181013
2017-04-21,20,0,candidate_risk_off,0,0.6860083199227233,0.62,1,0.03925256552241183,-0.006802891044886987,0.41675240401222186
2017-04-24,20,0,candidate_risk_off,0,0.6792448677684555,0.62,1,0.045940604951117285,-0.002554748490722803,0.39998980411191065
2017-04-25,20,0,candidate_risk_off,0,0.6821076415561738,0.62,1,0.04737724468021973,0.0034706091466691637,0.4107472240736218
2017-04-26,20,0,candidate_risk_off,0,0.6882697398303926,0.62,1,0.045926403004442215,0.00909881011746366,0.43967387778935535
2017-04-27,20,0,candidate_risk_off,0,0.6333675958668027,0.62,1,0.04064054811274515,0.001673337163423305,0.4656507311847742
2017-04-28,20,0,candidate_risk_off,0,0.6158191752385536,0.62,0,0.028134883211028517,0.0015731701223726357,0.4681831270480603
2017-05-03,20,0,candidate_risk_off,0,0.5664681942320018,0.62,0,0.02508777346767372,-0.0009454950648745226,0.48128163043356964
2017-05-04,20,0,candidate_risk_off,0,0.5684377331170265,0.62,0,0.027026825715300153,-0.004386215460327544,0.4788652234213442
2017-05-05,20,0,candidate_risk_off,0,0.5869660016763323,0.62,0,0.025789571686293138,-0.0015845881302382454,0.445454271614927
2017-05-08,20,0,candidate_risk_off,0,0.5811791254433306,0.62,0,0.03368869203077069,0.0045108579788218,0.45044016021369915
2017-05-09,20,0,candidate_risk_off,0,0.5591070166679268,0.62,0,0.039640867690061865,0.003041995681085968,0.4749858503337733
2017-05-10,20,0,candidate_risk_off,0,0.5680755765454527,0.62,0,0.03945645351715847,0.00093838411633024,0.45767136853317186
2017-05-11,20,0,candidate_risk_off,0,0.5305179386324527,0.62,0,0.034088663187102027,5.517165281878687e-05,0.45850340881892704
2017-05-12,20,0,candidate_risk_off,0,0.49550166484803515,0.62,0,0.03301793399015503,-0.0004688361917097426,0.45737422274774453
2017-05-15,20,0,candidate_risk_off,0,0.4584932515893798,0.62,0,0.03487118781200823,-0.0004412636759916707,0.45912041375319634
2017-05-16,20,0,candidate_risk_off,0,0.5230394125515091,0.62,0,0.04300489913401364,0.0026996889718125046,0.4416565561968748
2017-05-17,20,0,candidate_risk_off,0,0.5445179118025346,0.62,0,0.045129535413786594,-0.00028882058253710576,0.4516130297132517
2017-05-18,20,0,candidate_risk_off,0,0.5739850805684864,0.62,0,0.04515542989019079,0.009351044651966725,0.42888070595135336
2017-05-19,20,0,candidate_risk_off,0,0.572205379166946,0.62,0,0.03668491571612807,0.005436125479712309,0.46007566789812154
2017-05-22,20,0,candidate_risk_off,0,0.645656265525328,0.62,1,0.030089699633637643,-0.008475541990804582,0.4611764350976756
2017-05-23,20,0,candidate_risk_off,0,0.6923700527028898,0.62,1,0.03587055833233459,-0.004206261484821539,0.43826069923467337
2017-05-24,20,0,candidate_risk_off,0,0.6772821861687489,0.62,1,0.03267515796998809,-0.0066461583593629865,0.45108544595853795
2017-05-25,20,0,candidate_risk_off,0,0.6600805912613472,0.62,1,0.032345795966205265,-0.0055280495977424226,0.4300801855367923
2017-05-26,20,0,candidate_risk_off,0,0.6192391551960772,0.62,0,0.03385626384121915,-0.0075478170686343465,0.4374617723409623
2017-05-29,20,0,candidate_risk_off,0,0.5961221293703368,0.62,0,0.03459723369758668,-0.011360772294400927,0.44150569522402594
2017-05-30,20,0,candidate_risk_off,0,0.6206880041346556,0.62,1,0.0389231717239137,-0.00052844455610758,0.4126822875837588
2017-05-31,20,0,candidate_risk_off,0,0.6394614379072097,0.62,1,0.04144309134514971,0.001340891283983128,0.41533771473971004
2017-06-01,20,0,candidate_risk_off,0,0.5251152407588289,0.62,0,0.03958099832677824,-0.004038881359096297,0.4456924424020696
2017-06-02,20,0,candidate_risk_off,0,0.5888168683897975,0.62,0,0.04971722324580763,0.006314532214239113,0.40631695289660064
2017-06-05,20,0,candidate_risk_off,0,0.5914050903921638,0.62,0,0.04650167444847444,0.008344487580150882,0.42197071420030585
2017-06-06,20,0,candidate_risk_off,0,0.5814880340301648,0.62,0,0.031741211363711726,-0.002118546057961942,0.4556451060388472
2017-06-07,20,0,candidate_risk_off,0,0.5748938178849422,0.62,0,0.0324618196102433,-0.004976127566144698,0.4542680108463634
2017-06-08,20,0,candidate_risk_off,0,0.5759140778067161,0.62,0,0.04243907249102904,-0.000546721352418587,0.4339575664338289
2017-06-09,20,0,candidate_risk_off,0,0.5888528118106005,0.62,0,0.034104718003584104,0.0018256813061350763,0.4139088622353057
2017-06-12,20,0,candidate_risk_off,0,0.5863228072485072,0.62,0,0.02038748833789258,0.007692447646013735,0.42574308606916933
2017-06-13,20,0,candidate_risk_off,0,0.5654990965528621,0.62,0,0.016341067961293126,0.004850219727989682,0.45342426867197816
2017-06-14,20,0,candidate_risk_off,0,0.5709064865244357,0.62,0,0.01746040943861787,-0.00026292610613291357,0.4382812826793249
2017-06-15,20,0,candidate_risk_off,0,0.5595631114405636,0.62,0,0.023043901794419574,0.0008805304779039211,0.43803469555487157
2017-06-16,20,0,candidate_risk_off,0,0.49916589175700643,0.62,0,0.021263570497402684,0.006625055327531917,0.45271488326282455
2017-06-19,20,0,candidate_risk_off,0,0.5274787760901735,0.62,0,0.0027087935091146946,-0.0006913960604945375,0.45037741262799375
2017-06-20,20,0,candidate_risk_off,0,0.5341580258414861,0.62,0,-0.0006512621690580479,-0.0022029742532085135,0.4470984343251456
2017-06-21,20,0,candidate_risk_off,0,0.5140637452040064,0.62,0,0.005056194198191486,-0.0014474707654033993,0.43675727785123436
2017-06-22,20,0,candidate_risk_off,0,0.5145932536838573,0.62,0,0.0027497068885404628,0.00033923515845335294,0.4121111435710716
2017-06-23,20,0,candidate_risk_off,0,0.4930593696567036,0.62,0,-0.009341161549617805,-0.009341161549617805,0.4410224236966841
2017-06-26,20,0,candidate_risk_off,1,0.4949140518138732,0.62,0,-0.0166816289185349,-0.0166816289185349,0.44248531381570533
2017-06-27,20,0,candidate_risk_off,0,0.5581738760464513,0.62,0,-0.0003127484094870101,-0.010175239206568643,0.39595816135659134
2017-06-28,20,0,candidate_risk_off,0,0.5610130810396899,0.62,0,0.006273839052725626,-0.012166714271696924,0.4255650236291482
2017-06-29,20,0,candidate_risk_off,0,0.5204276931256595,0.62,0,-0.0003239915790531232,-0.015684393896404997,0.43022921746552234
2017-06-30,20,0,candidate_risk_off,0,0.5380432929440112,0.62,0,0.0007981668334859861,-0.021781737456337928,0.44126930594642344
2017-07-03,20,0,candidate_risk_off,0,0.5792760513006986,0.62,0,0.005977885610117217,-0.024880720873243986,0.43055339868071263
2017-07-04,20,0,candidate_risk_off,0,0.5777129239968128,0.62,0,0.014427235231896946,-0.02058329142659432,0.43818399338665803
2017-07-05,20,0,candidate_risk_off,0,0.5429541122687699,0.62,0,0.010111619822039083,-0.024161481181308543,0.444880285212647
2017-07-06,20,0,candidate_risk_off,1,0.5161288201027427,0.62,0,0.007434126680260058,-0.02970932784836818,0.44239206638908113
2017-07-07,20,0,candidate_risk_off,0,0.5918445055555044,0.62,0,0.0165561404036985,-0.020828252008504806,0.40220214406625615
2017-07-10,20,0,candidate_risk_off,0,0.6099334055860949,0.62,0,0.033885027501030944,-0.00893670364894821,0.394864623648421
2017-07-11,20,0,candidate_risk_off,0,0.5773137627347088,0.62,0,0.028459314677793245,-0.01258273091836263,0.42999503100517195
2017-07-12,20,0,candidate_risk_off,0,0.5982321745192768,0.62,0,-0.0006589871219141771,-0.018815218229809826,0.4244548305447243
2017-07-13,20,0,candidate_risk_off,0,0.580908860936062,0.62,0,-0.006276885784945605,-0.02413578447947874,0.4396066581666864
2017-07-14,20,0,candidate_risk_off,0,0.577978407007474,0.62,0,-0.007124081547348708,-0.023235983660365663,0.4071926271685856
2017-07-17,20,0,candidate_risk_off,0,0.5651250240663342,0.62,0,0.00939764080939654,-0.011997658060104098,0.39589949570572625
2017-07-18,20,0,candidate_risk_off,0,0.5818791284461042,0.62,0,0.00464074148659576,-0.01014918057464532,0.3937875175229911
2017-07-19,20,0,candidate_risk_off,0,0.5992641556375458,0.62,0,0.0029387607160508704,-0.015101133454089746,0.3973436507842385
2017-07-20,20,0,candidate_risk_off,0,0.6078857050418501,0.62,0,-0.0010677084347656745,-0.01134717537903535,0.39395339921446004
2017-07-21,20,0,candidate_risk_off,0,0.6235169211482756,0.62,1,0.009289145268510204,-0.0027865422867828166,0.3703781647949672
2017-07-24,20,0,candidate_risk_off,0,0.632704055906977,0.62,1,0.011841580801544464,0.009862490797081545,0.3883409765905287
2017-07-25,20,0,candidate_risk_off,0,0.6620269083761146,0.62,1,-0.007863805056120412,-0.007863805056120412,0.42353949918007766
2017-07-26,20,0,candidate_risk_off,0,0.6501543381138984,0.62,1,-0.01026076307113248,-0.016441867583461448,0.44632612708690467
2017-07-27,20,0,candidate_risk_off,0,0.6454317932448534,0.62,1,-0.002244902874305816,-0.013361716576390745,0.40920933301024814
2017-07-28,20,0,candidate_risk_off,0,0.6258967318439775,0.62,1,-0.007051013251097357,-0.02058121854886282,0.444235684938847
2017-07-31,20,0,candidate_risk_off,0,0.5941905905179463,0.62,0,-0.008059961239855227,-0.028859920742400173,0.47243191073005036
2017-08-01,20,0,candidate_risk_off,1,0.55632757495291,0.62,0,-0.01637616361584269,-0.033011840917530046,0.46680726675188733
2017-08-02,20,0,candidate_risk_off,0,0.6196797769929357,0.62,0,-0.009687719547863669,-0.03227441526238653,0.4323395100890552
2017-08-03,20,0,candidate_risk_off,0,0.5527424160989991,0.62,0,-0.00729358841848695,-0.03514476878766704,0.4302022189139837
2017-08-04,20,0,candidate_risk_off,0,0.5103497059231438,0.62,0,6.339505901032641e-05,-0.035385706671242086,0.43577940944709864
2017-08-07,20,0,candidate_risk_off,1,0.48914572710818244,0.62,0,-0.0008452712625350231,-0.04082304540901806,0.43267170303585667
2017-08-08,20,0,candidate_risk_off,1,0.5189979439582607,0.62,0,0.0024982348715479968,-0.03904335985519471,0.4127974990710336
2017-08-09,20,0,candidate_risk_off,0,0.47997389662255,0.62,0,0.02937079902962483,-0.016157545366934492,0.38202245746530317
2017-08-10,20,0,candidate_risk_off,0,0.5235651216973317,0.62,0,0.035275435611266386,-0.01586021295357208,0.37894766862633833
2017-08-11,20,0,candidate_risk_off,0,0.47554439610993215,0.62,0,0.03235604479770209,-0.014113216372055796,0.37504344597292516
2017-08-14,20,0,candidate_risk_off,0,0.41591654444112364,0.62,0,0.03016515649992234,-0.0193966131285396,0.3970085628835054
2017-08-15,20,0,candidate_risk_off,0,0.4231536238681912,0.62,0,0.04031451225956736,-0.01279123632027987,0.3755493210654207
2017-08-16,20,0,candidate_risk_off,0,0.4000032345306861,0.62,0,0.041464522390618264,-0.016041208429179346,0.404870670767707
2017-08-17,20,0,candidate_risk_off,0,0.4399326036859943,0.62,0,0.048604656073705274,-0.00828078120330861,0.3763073858278228
2017-08-18,20,0,candidate_risk_off,0,0.43754209721777704,0.62,0,0.04934919744647005,-0.010077001814331825,0.39095027394530457
2017-08-21,20,0,candidate_risk_off,0,0.4175548135539694,0.62,0,0.04717903981242315,-0.009842895060583362,0.38586897536845416
2017-08-22,20,0,candidate_risk_off,0,0.38891251122313075,0.62,0,0.0569350749222141,0.006181104512328893,0.38225807200040196
2017-08-23,20,0,candidate_risk_off,0,0.4408646222578238,0.62,0,0.04835614097284656,0.004935709189755941,0.40300674901355577
2017-08-24,20,0,candidate_risk_off,0,0.42143004490589786,0.62,0,0.04739297682585266,0.002413391595680737,0.41325366116502327
2017-08-25,20,0,candidate_risk_off,0,0.39725612917325737,0.62,0,0.043057354355102065,0.0031054720039218474,0.4149125526259567
2017-08-28,20,0,candidate_risk_off,0,0.374969109466666,0.62,0,0.03550205080731853,-0.004164282200857504,0.4459621117717561
2017-08-29,20,0,candidate_risk_off,0,0.3977813757461329,0.62,0,0.03770252607298487,0.005951018412835604,0.40509813540297224
2017-08-30,20,0,candidate_risk_off,0,0.3894171408130747,0.62,0,0.03305699898998097,0.005264484654657145,0.43310021131963644
2017-08-31,20,0,candidate_risk_off,0,0.38447821456400477,0.62,0,0.02729538524551992,0.007597921361072353,0.4366481286795016
2017-09-01,20,0,candidate_risk_off,0,0.3632828958408271,0.62,0,0.016971292837434915,0.004528672416230451,0.4432155383630907
2017-09-05,20,0,candidate_risk_off,0,0.3824148535562578,0.62,0,0.007155868076500874,0.0015638205802595974,0.43728914896641125
2017-09-06,20,0,candidate_risk_off,0,0.35918372658506253,0.62,0,0.015145267326841943,0.003986749669816703,0.45150489772680097
2017-09-07,20,0,candidate_risk_off,0,0.36089084215476247,0.62,0,0.010624651272339903,0.0009409167731986523,0.4380396603598284
2017-09-08,20,0,candidate_risk_off,0,0.3919162732052292,0.62,0,0.008203899337649154,-0.0046663873950804164,0.43338330762529076
2017-09-11,20,0,candidate_risk_off,0,0.41277362502909193,0.62,0,0.0143052556818004,0.000664381053225999,0.40939248470939826
2017-09-12,20,0,candidate_risk_off,0,0.38721760162936575,0.62,0,0.013299670140791496,-0.0024281274054779637,0.42082030592348985
2017-09-13,20,0,candidate_risk_off,0,0.35900226808086166,0.62,0,0.013818235247846807,-0.0059721063568633085,0.4318568892862669
2017-09-14,20,0,candidate_risk_off,0,0.3828206956393289,0.62,0,0.011774342500214705,-0.010372088596813812,0.4287935297117009
2017-09-15,20,0,candidate_risk_off,0,0.3943675517022804,0.62,0,0.018601813754198334,-0.009751795054029832,0.4160583266585888
2017-09-18,20,0,candidate_risk_off,0,0.37869354220245194,0.62,0,0.01420782211017087,-0.012292557037818017,0.4262183217609643
2017-09-19,20,0,candidate_risk_off,0,0.4149771283648459,0.62,0,0.027366444511069152,-0.009888292650022626,0.3946834068412176
2017-09-20,20,0,candidate_risk_off,0,0.3893539201423077,0.62,0,0.026764902794589214,-0.009801432699230157,0.40570604951702366
2017-09-21,20,0,candidate_risk_off,0,0.4095899207016354,0.62,0,0.030623511774881516,-0.0074036032621916815,0.39131031994629617
2017-09-22,20,0,candidate_risk_off,0,0.4025429709726108,0.62,0,0.024126460176272974,-0.011376148304953575,0.41184428234669007
2017-09-25,20,0,candidate_risk_off,0,0.39730586478331675,0.62,0,0.017790604676681924,-0.009453917429883623,0.39930878911701106
2017-09-26,20,0,candidate_risk_off,0,0.3836429939679728,0.62,0,0.024397287583056863,-0.009168368086879443,0.40925231753094127
2017-09-27,20,0,candidate_risk_off,0,0.38569083153955885,0.62,0,0.032943522130864024,-0.007204561151688256,0.4073138489440507
2017-09-28,20,0,candidate_risk_off,0,0.3742710655530794,0.62,0,0.030939572198456344,-0.008510052481519854,0.414558310760339
2017-09-29,20,0,candidate_risk_off,0,0.3552630221108559,0.62,0,0.04372075020515102,-0.008012923391715962,0.4120601251420223
2017-10-02,20,0,candidate_risk_off,0,0.37885318483855723,0.62,0,0.05217793594738935,-0.00528675234470351,0.4040148562471484
2017-10-03,20,0,candidate_risk_off,0,0.3217209790822477,0.62,0,0.048049945174088816,0.009019353445915153,0.4127740737938195
2017-10-04,20,0,candidate_risk_off,0,0.3635496048325634,0.62,0,0.044961072046690656,-0.0005338663846853598,0.44437341049525325
2017-10-05,20,0,candidate_risk_off,0,0.3744686543826265,0.62,0,0.034013728652157516,0.0031865522335884668,0.42564539858746436
2017-10-06,20,0,candidate_risk_off,0,0.31076859870308915,0.62,0,0.04351803507278628,0.0014349689490708367,0.44304195963163795
2017-10-09,20,0,candidate_risk_off,0,0.2869988894079525,0.62,0,0.04841571568174974,0.0020869229176949076,0.45032499252038305
2017-10-10,20,0,candidate_risk_off,0,0.2165373218342002,0.62,0,0.04778811443858014,0.0040625440584408905,0.4685223209835264
2017-10-11,20,0,candidate_risk_off,0,0.20673411085368848,0.62,0,0.05468455212587943,0.0023560894923181953,0.46278700379917015
2017-10-12,20,0,candidate_risk_off,0,0.2161805417874736,0.62,0,0.05314236884673774,0.004353948050960436,0.4615538838499502
2017-10-13,20,0,candidate_risk_off,0,0.1961323895418228,0.62,0,0.05597141462451456,-0.0018532296602393758,0.48346541179803904
2017-10-16,20,0,candidate_risk_off,0,0.18949453611763273,0.62,0,0.07056264948375038,0.0007441429585766548,0.44674377632200146
2017-10-17,20,0,candidate_risk_off,0,0.19239281755012294,0.62,0,0.06158077750484932,-0.01001021505452634,0.47660075425107723
2017-10-18,20,0,candidate_risk_off,0,0.21518840341467793,0.62,0,0.06418583366674384,-0.009321813387253717,0.45776167115631333
2017-10-19,20,0,candidate_risk_off,0,0.1788936049200071,0.62,0,0.07422687914016433,-0.010782592930507647,0.4554138332403453
2017-10-20,20,0,candidate_risk_off,0,0.19260138122927004,0.62,0,0.07438523731903064,-0.008258086374660925,0.4299714676235547
2017-10-23,20,0,candidate_risk_off,0,0.2228054893851985,0.62,0,0.09697832928779866,0.006321133563370733,0.4172105096434056
2017-10-24,20,0,candidate_risk_off,0,0.21852082329757985,0.62,0,0.10684988149973147,0.005883969010039807,0.4493275443538652
2017-10-25,20,0,candidate_risk_off,0,0.22393534227422407,0.62,0,0.11578403783657823,-0.0006984586025760792,0.4521804196395729
2017-10-26,20,0,candidate_risk_off,0,0.23910142123802466,0.62,0,0.11759696536009517,0.0035834574180967,0.4349139336688159
2017-10-27,20,0,candidate_risk_off,0,0.2735893079213751,0.62,0,0.10731369816421926,-0.008700591498794185,0.4462880352284445
2017-10-30,20,0,candidate_risk_off,0,0.28776507813461877,0.62,0,0.10482677172743919,-0.014431606194020018,0.44176093420703016
2017-10-31,20,0,candidate_risk_off,0,0.3282715583477237,0.62,0,0.11700773890724928,-0.005016863076016063,0.4112593828067793
2017-11-01,20,0,candidate_risk_off,0,0.26895265323445094,0.62,0,0.1220891934757057,-0.011481209779218507,0.44528816301024043
2017-11-02,20,0,candidate_risk_off,0,0.589341898635442,0.62,0,0.1312466181213637,0.012690858654217072,0.40252173226499116
2017-11-03,20,0,candidate_risk_off,0,0.5503891845590636,0.62,0,0.1294444371912882,0.006332649558034385,0.4344683749010438
2017-11-06,20,0,candidate_risk_off,0,0.5437207473587548,0.62,0,0.1331515020814369,0.0014593216745251917,0.4388406846210953
2017-11-07,20,0,candidate_risk_off,0,0.5407939749836229,0.62,0,0.1143051400648742,0.01095898174574021,0.4369285805686333
2017-11-08,20,0,candidate_risk_off,0,0.5141936487304812,0.62,0,0.0973911921170914,0.0008139062131764306,0.44556899432601427
2017-11-09,20,0,candidate_risk_off,0,0.50622978321509,0.62,0,0.08704527537679613,0.009036223488976682,0.4324057416367167
2017-11-10,20,0,candidate_risk_off,0,0.4869533404586995,0.62,0,0.07961645266290615,0.012738005198996446,0.43738457387698837
2017-11-13,20,0,candidate_risk_off,0,0.4986466071630348,0.62,0,0.04242645644941449,0.0017724860342018419,0.4469824899346698
2017-11-14,20,0,candidate_risk_off,0,0.5083625096164953,0.62,0,0.05127910425395015,0.0019166544946218964,0.4499540163518272
2017-11-15,20,0,candidate_risk_off,0,0.4961520993663796,0.62,0,0.046284111789853755,0.009135676639694001,0.4494363041505044
2017-11-16,20,0,candidate_risk_off,0,0.4826004492294651,0.62,0,0.04709261559785866,-0.00236614837698056,0.46107119052009077
2017-11-17,20,0,candidate_risk_off,0,0.5017345800358023,0.62,0,0.048721194393403985,0.014335005594107077,0.4323284790805373
2017-11-20,20,0,candidate_risk_off,0,0.48373689312513574,0.62,0,0.05857895764564794,0.015266633686789648,0.46517077660520667
2017-11-21,20,0,candidate_risk_off,0,0.4805265675424514,0.62,0,0.03543147081005461,-0.0009260520885138314,0.47753839729283537
2017-11-22,20,0,candidate_risk_off,0,0.5533544293360662,0.62,0,0.022109194093518712,-0.016442636037976684,0.5044956462786906
2017-11-23,20,0,candidate_risk_off,0,0.5628811197027508,0.62,0,0.013150804497866889,-0.017557104958917647,0.4981716849030309
2017-11-24,20,0,candidate_risk_off,0,0.5671638645676736,0.62,0,0.017745143553722587,-0.019557886679932367,0.4972031671734279
2017-11-27,20,0,candidate_risk_off,0,0.6264989223547831,0.62,1,0.020771258971500003,-0.02280197493837821,0.49270089729972333
2017-11-28,20,0,candidate_risk_off,0,0.5703931878906737,0.62,0,0.02592508628762928,-0.02556819900018431,0.5021672919961115
2017-11-29,20,0,candidate_risk_off,0,0.49426270019343715,0.62,0,0.016995098210437452,-0.03711400027184329,0.5154650060251511
2017-11-30,20,0,candidate_risk_off,0,0.5394972316870755,0.62,0,0.02781172169135468,-0.034790215138282746,0.4717144210311485
2017-12-01,20,0,candidate_risk_off,1,0.46280507968387835,0.62,0,0.024592794358526612,-0.04567889286242426,0.5194546368636358
2017-12-04,20,0,candidate_risk_off,1,0.5340439702866114,0.62,0,0.026199617381267252,-0.05571860731060735,0.5185859577350596
2017-12-05,20,0,candidate_risk_off,0,0.525513007108401,0.62,0,0.05347961553680419,-0.038331566968569715,0.4441900178472281
2017-12-06,20,0,candidate_risk_off,0,0.5000718223633258,0.62,0,0.073338094900178,-0.03237660076652726,0.4427042712523883
2017-12-07,20,0,candidate_risk_off,0,0.5403467739307243,0.62,0,0.07588326338561806,-0.022844590239408505,0.40866721463161426
2017-12-08,20,0,candidate_risk_off,0,0.49760208051661803,0.62,0,0.08434693591750393,-0.02445199101449514,0.4241448973104009
2017-12-11,20,0,candidate_risk_off,0,0.46912743728814427,0.62,0,0.11916635005811989,0.00754679586926295,0.38682227323970053
2017-12-12,20,0,candidate_risk_off,0,0.4285754212590133,0.62,0,0.11293381476643753,-0.0030783379694745215,0.4290778125461265
2017-12-13,20,0,candidate_risk_off,0,0.46034109411116664,0.62,0,0.12565618706599366,0.011572759243244145,0.3981952666073027
2017-12-14,20,0,candidate_risk_off,0,0.4752510985011603,0.62,0,0.11519499234428067,-0.0007375695814352092,0.42006438783131494
2017-12-15,20,0,candidate_risk_off,0,0.4870074753956255,0.62,0,0.12857478785423704,0.01158835434427728,0.39020434213760985
2017-12-18,20,0,candidate_risk_off,0,0.5051360465282837,0.62,0,0.10390234179323155,-0.012604414502073672,0.4589761243065209
2017-12-19,20,0,candidate_risk_off,0,0.5700696334738073,0.62,0,0.0839015384975781,-0.005649613441783947,0.41827037450774124
2017-12-20,20,0,candidate_risk_off,0,0.5606187536795044,0.62,0,0.09663359738703338,-0.007843920674710807,0.42752717857968714
2017-12-21,20,0,candidate_risk_off,0,0.5566948117406464,0.62,0,0.11566912101294423,0.006595120776870579,0.4065157734305477
2017-12-22,20,0,candidate_risk_off,0,0.5220065117717457,0.62,0,0.13266208427392442,0.006270203676223206,0.4263382994901852
2017-12-25,20,0,candidate_risk_off,0,0.5438740539868897,0.62,0,0.14204008150479525,0.007920051377935255,0.4311399991540238
2017-12-26,20,0,candidate_risk_off,0,0.5572965427394384,0.62,0,0.1440921424369906,0.002615813194467048,0.4620298758799593
2017-12-27,20,0,candidate_risk_off,0,0.5881995304710814,0.62,0,0.13622791687855754,0.00849283834735672,0.44287246628448407
2017-12-28,20,0,candidate_risk_off,0,0.6551002730060704,0.62,1,0.12841965223067353,0.007669750391313547,0.45322428359807887
2017-12-29,20,0,candidate_risk_off,0,0.6736628589045077,0.62,1,0.1205697962970256,0.011646537470923812,0.4418648021988179
2018-01-02,20,0,candidate_risk_off,0,0.6538495082676447,0.62,1,0.09924910655462262,0.00989295781349941,0.45986007077016
2018-01-03,20,0,candidate_risk_off,0,0.6666869455399407,0.62,1,0.09422754735536777,0.006916671119652445,0.46285051112421494
2018-01-04,20,0,candidate_risk_off,0,0.6541895133420235,0.62,1,0.028003338212752034,-0.006986842041678716,0.4743556731991987
2018-01-05,20,0,candidate_risk_off,0,0.6695161245687165,0.62,1,-0.001037421360179052,-0.001037421360179052,0.4452041121765722
2018-01-08,20,0,candidate_risk_off,0,0.6516325479529899,0.62,1,0.017107689036458262,-0.011108494667151532,0.4806335136548617
2018-01-09,20,0,candidate_risk_off,0,0.5679997665046099,0.62,0,-0.010025317216570129,-0.02147591779327238,0.4984880797711062
2018-01-10,20,0,candidate_risk_off,1,0.5965546592507233,0.62,0,-0.03346949362639554,-0.03346949362639554,0.4872730715666811
2018-01-11,20,0,candidate_risk_off,0,0.5237183660733414,0.62,0,-0.0061053989725540474,-0.04311352795647718,0.499466212179896
2018-01-12,20,0,candidate_risk_off,0,0.5450550847594476,0.62,0,0.009119238109914893,-0.04496266205944362,0.48506806264734614
2018-01-15,20,0,candidate_risk_off,1,0.533213542408842,0.62,0,0.022022446583360916,-0.05760488798796472,0.5255558165144947
2018-01-16,20,0,candidate_risk_off,1,0.5632988075154249,0.62,0,0.0122208730909004,-0.057125210773310314,0.4785413142163617
2018-01-17,20,0,candidate_risk_off,0,0.6064415474983812,0.62,0,0.06379587333148774,-0.03016960641736702,0.4347721502647554
2018-01-18,20,0,candidate_risk_off,0,0.5953907859705637,0.62,0,0.05940456031455574,-0.04509597253974928,0.4878041880559433
2018-01-19,20,0,candidate_risk_off,0,0.5838461723366226,0.62,0,0.05276057636206231,-0.056287575490949183,0.4836473751020086
2018-01-22,20,0,candidate_risk_off,1,0.5575319945153043,0.62,0,0.030894822803741808,-0.07987565952879998,0.5064434184835608
2018-01-25,20,0,candidate_risk_off,1,0.5481053275989107,0.62,0,0.010106555246028994,-0.09552386043589407,0.5092692581088705
2018-01-26,20,0,candidate_risk_off,1,0.5830125695877051,0.62,0,0.004980228010432831,-0.10549597274602475,0.5146293201568735
2018-01-29,20,0,candidate_risk_off,1,0.6152152142758766,0.62,0,-0.014814547837073599,-0.10024756038205868,0.47395644785340824
2018-01-30,20,0,candidate_risk_off,1,0.5468446269500769,0.62,0,0.008723187753078022,-0.1009321340815314,0.4944059829140084
2018-01-31,20,0,candidate_risk_off,1,0.5583841218676762,0.62,0,0.0017096943812411475,-0.10075202853919697,0.4706582204114522
2018-02-01,20,0,candidate_risk_off,1,0.4500395521501456,0.62,0,0.022017059729551546,-0.09107787626771777,0.45473863743144777
2018-02-02,20,0,candidate_risk_off,1,0.4967051376264437,0.62,0,0.016487169215878967,-0.09594927488196217,0.4486392079163598
2018-02-05,20,0,candidate_risk_off,0,0.308055795750313,0.62,0,0.07136820797467609,-0.0436285789006776,0.420048493319113
2018-02-06,20,0,candidate_risk_off,0,0.3585699826090577,0.62,0,0.11360931869309825,-0.0076009772860679715,0.42908671349497834
2018-02-07,20,0,candidate_risk_off,0,0.41572967934492244,0.62,0,0.08960199917570717,-0.03581716098967773,0.4291318166999323
2018-02-08,20,0,candidate_risk_off,0,0.3741814232476912,0.62,0,0.10695611472182465,-0.01905157786277016,0.40878495568755563
2018-02-09,20,0,candidate_risk_off,0,0.3897940797109677,0.62,0,0.13599488759196782,0.0370081289839232,0.421795744417095
2018-02-12,20,0,candidate_risk_off,0,0.4356776308470156,0.62,0,0.10680697764209406,0.017073771185435394,0.43443209200238314
2018-02-13,20,0,candidate_risk_off,0,0.4256286216930279,0.62,0,0.08987984603839477,0.015264183694852204,0.44110829097231796
2018-02-21,20,0,candidate_risk_off,0,0.43998514949057593,0.62,0,0.07289699749996931,-0.010281250707115008,0.4568609360601614
2018-02-22,20,0,candidate_risk_off,0,0.4516439781391041,0.62,0,0.08574046883230295,0.016086928680774316,0.44137849837483584
2018-02-23,20,0,candidate_risk_off,0,0.4831046374200713,0.62,0,0.04498108071856595,-0.008532467203869581,0.4919160485776508
2018-02-26,20,0,candidate_risk_off,0,0.4266417338312835,0.62,0,0.04961314919993055,-0.019067520309319866,0.4795115248174147
2018-02-27,20,0,candidate_risk_off,0,0.32980615968554206,0.62,0,0.04550087880708821,-0.023615139308026497,0.49588479451041545
2018-02-28,20,0,candidate_risk_off,0,0.35928439130154566,0.62,0,0.044213707487485675,-0.025337469787556775,0.4925420244874706
2018-03-01,20,0,candidate_risk_off,0,0.2771362148220612,0.62,0,0.044899385705346996,-0.02019740313693796,0.4733412217980818
2018-03-02,20,0,candidate_risk_off,0,0.30004774676768986,0.62,0,0.04640000820726203,-0.025043188211472528,0.45626639849636685
2018-03-05,20,0,candidate_risk_off,0,0.36360259012552354,0.62,0,0.09012728787781708,0.017028710375452893,0.4233434187927444
2018-03-06,20,0,candidate_risk_off,0,0.33799081381228374,0.62,0,0.0589277185328987,-0.007193598914171405,0.4640326766040372
2018-03-07,20,0,candidate_risk_off,0,0.3876176184839864,0.62,0,0.06885260667394809,0.00997472117740315,0.43682406609075863
2018-03-08,20,0,candidate_risk_off,0,0.3762809799313998,0.62,0,0.059586436343485254,-0.0006584918994282104,0.4496610410906883
2018-03-09,20,0,candidate_risk_off,0,0.3783717015117774,0.62,0,0.06591952027960717,0.0025603427775125758,0.4323629218254563
2018-03-12,20,0,candidate_risk_off,0,0.420779591431551,0.62,0,0.06699435030759855,0.006213509103812301,0.438307414172664
2018-03-13,20,0,candidate_risk_off,0,0.4859566545128235,0.62,0,0.05561110711502103,0.004208864186218814,0.4545047191501942
2018-03-14,20,0,candidate_risk_off,0,0.5052316620133258,0.62,0,0.025179188952553506,0.0005885324192099278,0.4387897720092697
2018-03-15,20,0,candidate_risk_off,0,0.4304049376539755,0.62,0,0.02964166871216398,0.009987195007372954,0.4493633593667381
2018-03-16,20,0,candidate_risk_off,0,0.4035087866179944,0.62,0,0.006024297364655982,0.002951672875452636,0.46074285111827845
2018-03-19,20,0,candidate_risk_off,0,0.47032096449897676,0.62,0,-0.009299329053655036,-0.009299329053655036,0.45052625554220854
2018-03-20,20,0,candidate_risk_off,0,0.4384544986902426,0.62,0,-0.00528394817763191,-0.009445968635391247,0.4380469264890957
2018-03-21,20,0,candidate_risk_off,0,0.44926064091036433,0.62,0,-0.026718633963277158,-0.026718633963277158,0.45905401211661256
2018-03-22,20,0,candidate_risk_off,1,0.44093213851862983,0.62,0,-0.06860240459994743,-0.06860240459994743,0.4403429968465075
2018-03-23,20,0,candidate_risk_off,0,0.5147545617264663,0.62,0,-0.029675141501173643,-0.0524624123708544,0.41689448192094103
2018-03-26,20,0,candidate_risk_off,1,0.5571333652432358,0.62,0,-0.0840708343972678,-0.0840708343972678,0.42644086338781806
2018-03-27,20,0,candidate_risk_off,1,0.550373874961125,0.62,0,-0.08083529749858885,-0.08450618300313215,0.4284055422209131
2018-03-28,20,0,candidate_risk_off,1,0.5438826989509109,0.62,0,-0.11503354319767954,-0.11503354319767954,0.41517454220602246
2018-03-29,20,0,candidate_risk_off,1,0.5357313409299872,0.62,0,-0.10542430735036053,-0.11057915476492207,0.39252880530981704
2018-03-30,20,0,candidate_risk_off,1,0.5427400742237722,0.62,0,-0.13214326827756026,-0.13214326827756026,0.4170634790782263
2018-04-02,20,0,candidate_risk_off,1,0.6136038181923671,0.62,0,-0.1533765695976356,-0.1533765695976356,0.4347718038796811
2018-04-03,20,0,candidate_risk_off,1,0.6882360745749235,0.62,1,-0.14606812888026513,-0.14639930954234157,0.3934209030847141
2018-04-04,20,0,candidate_risk_off,1,0.6849584781568474,0.62,1,-0.11484787417375864,-0.14913059876921933,0.39651678487207404
2018-04-05,20,0,candidate_risk_off,1,0.6404957326178805,0.62,1,-0.11792028452914134,-0.15049764151558792,0.4163330486600102
2018-04-06,20,0,candidate_risk_off,1,0.6311388782604578,0.62,1,-0.12688189863354815,-0.15617223355228166,0.41717840007205464
2018-04-09,20,0,candidate_risk_off,1,0.6659118202577965,0.62,1,-0.1574622830885261,-0.15980740635778554,0.4255637628781711
2018-04-10,20,0,candidate_risk_off,1,0.6815383455235404,0.62,1,-0.13688032717782234,-0.15463767226902048,0.4058479077160354
2018-04-11,20,0,candidate_risk_off,1,0.7144657062772225,0.62,1,-0.08969837964405644,-0.12841461829277193,0.3835401761431634
2018-04-12,20,0,candidate_risk_off,1,0.6503823964903767,0.62,1,-0.08865728148766527,-0.13346563047159213,0.417470907687502
2018-04-13,20,0,candidate_risk_off,1,0.6517552657060652,0.62,1,-0.09277093101350425,-0.11983545413145733,0.3828426922423832
2018-04-16,20,0,candidate_risk_off,1,0.593204397420797,0.62,0,-0.10826806759883494,-0.11233204674719556,0.3771620874160587
2018-04-17,20,0,candidate_risk_off,1,0.5563951111158375,0.62,0,-0.10287024738886705,-0.11649406720495487,0.3894003198206306
2018-04-18,20,0,candidate_risk_off,1,0.5799536299868114,0.62,0,-0.11486904876950481,-0.11486904876950481,0.3701407450966396
2018-04-19,20,0,candidate_risk_off,1,0.6076836723636679,0.62,0,-0.10460661306021968,-0.10460661306021968,0.3850020094099441
2018-04-20,20,0,candidate_risk_off,1,0.5300933569192974,0.62,0,-0.12432529403436259,-0.12739388392990034,0.4219490582626634
2018-04-23,20,0,candidate_risk_off,1,0.5911015676043203,0.62,0,-0.08815516975840673,-0.08816531262062108,0.40460105176265715
2018-04-24,20,0,candidate_risk_off,1,0.5577876462402338,0.62,0,-0.11441371588133067,-0.11441371588133067,0.417093762156229
2018-04-26,20,0,candidate_risk_off,1,0.5793570499920155,0.62,0,-0.11457364577272237,-0.11457364577272237,0.413956159922351
2018-04-27,20,0,candidate_risk_off,1,0.5762018754908702,0.62,0,-0.09803893899757857,-0.11972849318728397,0.41819766168181083
2018-05-02,20,0,candidate_risk_off,1,0.5828719315708654,0.62,0,-0.08153868882083272,-0.09935593983653379,0.41885560479834727
2018-05-03,20,0,candidate_risk_off,1,0.5644030079944645,0.62,0,-0.05528736665305167,-0.09680672997554111,0.4267745122443461
2018-05-04,20,0,candidate_risk_off,0,0.5972221205162701,0.62,0,-0.03360270993701885,-0.09713791063761752,0.4201828851243574
2018-05-07,20,0,candidate_risk_off,1,0.5215308720350168,0.62,0,-0.04671279484366944,-0.1310894545710018,0.45712796179382387
2018-05-08,20,0,candidate_risk_off,1,0.5223300979538475,0.62,0,-0.0362080461201468,-0.12938408696198758,0.4253106064190343
2018-05-09,20,0,candidate_risk_off,1,0.5160495105655565,0.62,0,-0.02148810606804465,-0.12609706489427452,0.4198772468038932
2018-05-10,20,0,candidate_risk_off,0,0.4944905699373217,0.62,0,0.0075718326862850086,-0.09915185324480039,0.4132666411055726
2018-05-11,20,0,candidate_risk_off,0,0.4807708678602415,0.62,0,-0.005604997734120035,-0.11456407506673918,0.4359900177139982
2018-05-14,20,0,candidate_risk_off,1,0.5080226949490814,0.62,0,-0.026554266791509823,-0.13552296862425645,0.44066974328209507
2018-05-15,20,0,candidate_risk_off,1,0.5518065928739695,0.62,0,-0.05037689044903865,-0.14161507895946793,0.4216783604419505
2018-05-16,20,0,candidate_risk_off,1,0.5421544487087157,0.62,0,-0.02310727946458271,-0.12387125309349405,0.3915451056999221
2018-05-17,20,0,candidate_risk_off,0,0.5385858539945888,0.62,0,-0.014582247878077688,-0.10087070912390161,0.38779653889181864
2018-05-18,20,0,candidate_risk_off,0,0.5178265455191785,0.62,0,-0.023364617452677143,-0.11043054979162888,0.41393753430697433
2018-05-21,20,0,candidate_risk_off,0,0.5318356923414235,0.62,0,-0.027609728516953636,-0.08555964848888746,0.38900541672222644
2018-05-22,20,0,candidate_risk_off,0,0.5416057324363873,0.62,0,-0.024384315543727518,-0.056500534186720845,0.39823324741857646
2018-05-23,20,0,candidate_risk_off,0,0.5110488328722204,0.62,0,-0.008112172574788558,-0.0595691240822586,0.4079964158028343
2018-05-24,20,0,candidate_risk_off,0,0.5095067089083327,0.62,0,-0.016897891997027476,-0.05651067704893523,0.4057205453579862
2018-05-25,20,0,candidate_risk_off,0,0.5577152436454937,0.62,0,0.019794490384503788,-0.03392301643055465,0.38874792306495703
2018-05-28,20,0,candidate_risk_off,0,0.5807288132553922,0.62,0,0.06116551939769773,0.017817251015701044,0.40856472753306716
2018-05-29,20,0,candidate_risk_off,0,0.5102078827222474,0.62,0,0.03187537327107802,-0.003872303174004328,0.4268044518055396
2018-05-30,20,0,candidate_risk_off,0,0.49002944511001045,0.62,0,0.021289938945186052,0.01429896762729227,0.4256719335394268
2018-05-31,20,0,candidate_risk_off,0,0.5339961395186796,0.62,0,-0.014414850862643071,-0.014414850862643071,0.4454553742149706
2018-06-01,20,0,candidate_risk_off,0,0.44103369797004444,0.62,0,-0.032854284497526136,-0.03643068824075227,0.4635819924250555
2018-06-04,20,0,candidate_risk_off,1,0.5582522442605039,0.62,0,-0.06798372251241235,-0.06798372251241235,0.465654803400089
2018-06-05,20,0,candidate_risk_off,1,0.5707927154577086,0.62,0,-0.1211902356915485,-0.1211902356915485,0.4514664333821595
2018-06-06,20,0,candidate_risk_off,1,0.6335514116340765,0.62,1,-0.12276036093154652,-0.13262315367593766,0.4620311217009285
2018-06-07,20,0,candidate_risk_off,1,0.6013988575146678,0.62,0,-0.1420603499538463,-0.1420603499538463,0.44701290936267923
2018-06-08,20,0,candidate_risk_off,1,0.5299312366882564,0.62,0,-0.12436013664009588,-0.1442957413553799,0.4481618960128565
2018-06-11,20,0,candidate_risk_off,1,0.5727492369015843,0.62,0,-0.12697803597469642,-0.14430536585550743,0.43706625013580697
2018-06-12,20,0,candidate_risk_off,1,0.532457885004993,0.62,0,-0.11362811490370138,-0.1265748525331901,0.4183937705051193
2018-06-13,20,0,candidate_risk_off,1,0.48530632481705116,0.62,0,-0.14306277582845955,-0.14306277582845955,0.43401400235590004
2018-06-14,20,0,candidate_risk_off,1,0.5248557574314527,0.62,0,-0.1226151637829668,-0.1285872634453721,0.40546071666676453
2018-06-15,20,0,candidate_risk_off,1,0.5055127249356769,0.62,0,-0.11099361084210675,-0.12936473453850006,0.4121844302132201
2018-06-18,20,0,candidate_risk_off,1,0.5394195272814905,0.62,0,-0.0803508219281153,-0.10024872217148204,0.3757076242233843
2018-06-19,20,0,candidate_risk_off,1,0.5398871813422108,0.62,0,-0.043427604100815566,-0.07441502084254152,0.3904954626647309
2018-06-20,20,0,candidate_risk_off,0,0.5651202573409124,0.62,0,-0.04010228823124781,-0.0937557537070182,0.411320156997179
2018-06-21,20,0,candidate_risk_off,0,0.5907345621067762,0.62,0,-0.02658293743177595,-0.08191158725145603,0.3908604558887956
2018-06-22,20,0,candidate_risk_off,1,0.6339348464606184,0.62,1,-0.05195892523656402,-0.09601630901460667,0.4165016328705069
2018-06-25,20,0,candidate_risk_off,1,0.6119537913645146,0.62,0,-0.05582429534708127,-0.10346432159724586,0.41969062617328606
2018-06-26,20,0,candidate_risk_off,1,0.6192652266618034,0.62,0,-0.05106737815440127,-0.0958637296603316,0.42691857625684293
2018-06-27,20,0,candidate_risk_off,1,0.5990291823871948,0.62,0,-0.043592684189000426,-0.08140599216043537,0.4067863147227452
2018-06-28,20,0,candidate_risk_off,0,0.6704758252605344,0.62,1,-0.028812436458861435,-0.06940331465939453,0.40969035362785555
2018-06-29,20,0,candidate_risk_off,0,0.6524810924247371,0.62,1,-0.026642930135080033,-0.07297971840262069,0.41358366500032095
2018-07-02,20,0,candidate_risk_off,0,0.712118072367261,0.62,1,0.002720258098517188,-0.05869173941446819,0.40021305662055984
2018-07-03,20,0,candidate_risk_off,0,0.7381371662148972,0.62,1,0.05411543614364413,-0.01428460734984051,0.4078060383270935
2018-07-04,20,0,candidate_risk_off,0,0.7547468453693409,0.62,1,0.04046039514524429,-0.024147400094231553,0.4377603823258347
2018-07-05,20,0,candidate_risk_off,0,0.7783271131141151,0.62,1,0.05846398771392039,-0.006962138176787398,0.39894240799760405
2018-07-06,20,0,candidate_risk_off,0,0.7411165776626782,0.62,1,0.04485305191364855,-0.026897742892071363,0.4314145658791685
2018-07-09,20,0,candidate_risk_off,0,0.7227935461298146,0.62,1,0.048117634882293626,-0.0242894680575984,0.4150250398145137
2018-07-10,20,0,candidate_risk_off,0,0.7179018769836434,0.62,1,0.04890931967063742,-0.019908875806276073,0.4155735192149838
2018-07-11,20,0,candidate_risk_off,0,0.7025676960122301,0.62,1,0.07867756210457225,0.005972099662405361,0.4071949309836542
2018-07-12,20,0,candidate_risk_off,0,0.7100998534565922,0.62,1,0.0698346520321962,0.012399024033988104,0.42169367009079484
2018-07-13,20,0,candidate_risk_off,0,0.6810793343747419,0.62,1,0.06258064677540606,0.0015267765469735056,0.4381641373991895
2018-07-16,20,0,candidate_risk_off,0,0.6115837707357911,0.62,0,0.07088693259075818,0.011089516498359106,0.43933375322226503
2018-07-17,20,0,candidate_risk_off,0,0.6076973464408166,0.62,0,0.0600325526515943,0.0068258912297089695,0.4592660367047835
2018-07-18,20,0,candidate_risk_off,0,0.6106295082870915,0.62,0,0.01994014884395281,-0.015840157504335543,0.44477271704963706
2018-07-19,20,0,candidate_risk_off,0,0.6056350232429577,0.62,0,0.021287322888278285,-0.017515341848245103,0.43891508281411673
2018-07-20,20,0,candidate_risk_off,0,0.6297101370378809,0.62,1,0.03731764527493286,-0.006244075806607737,0.4201100577413662
2018-07-23,20,0,candidate_risk_off,0,0.6053862858747643,0.62,0,0.0344984797550371,-0.009826718278729689,0.4293834885560114
2018-07-24,20,0,candidate_risk_off,0,0.5583321515752793,0.62,0,0.04718403645846598,-0.006983043534495506,0.41559682730053693
2018-07-25,20,0,candidate_risk_off,0,0.564599011775698,0.62,0,0.057165002049030744,0.0027775702290980973,0.4002433996754488
2018-07-26,20,0,candidate_risk_off,0,0.561391265532839,0.62,0,0.059678100212404016,0.005745910067007752,0.41215241515283263
2018-07-27,20,0,candidate_risk_off,0,0.5980895035605572,0.62,0,0.053618172284316395,0.015075209245444598,0.4075000785694126
2018-07-30,20,0,candidate_risk_off,0,0.6049627108841539,0.62,0,0.04346472519878142,0.003195797726490435,0.4461267541048035
2018-07-31,20,0,candidate_risk_off,0,0.6475402091672957,0.62,1,0.03976789404961575,-0.0037922482540086702,0.4391794520655812
2018-08-01,20,0,candidate_risk_off,0,0.6367950409942059,0.62,1,0.03648121632445428,0.0008183306512319301,0.4247865289882017
2018-08-02,20,0,candidate_risk_off,0,0.6444504659502241,0.62,1,0.045631552081783315,0.0033920695862057464,0.4220645976850561
2018-08-03,20,0,candidate_risk_off,0,0.7020831733226074,0.62,1,0.030723657716830898,-0.0029325993288064106,0.4218586938103845
2018-08-06,20,0,candidate_risk_off,0,0.7044147815165611,0.62,1,0.01622827001385438,-0.003588907462978462,0.42205288071363384
2018-08-07,20,0,candidate_risk_off,0,0.7096341944146951,0.62,1,0.012102597819898421,0.004775418842809872,0.4003609033252931
2018-08-08,20,0,candidate_risk_off,0,0.6790372055758436,0.62,1,-0.008397210104434618,-0.008397210104434618,0.42924406556218986
2018-08-09,20,0,candidate_risk_off,0,0.7287864470091653,0.62,1,0.0055889195365372325,-0.0055263996944636936,0.3923566084235913
2018-08-10,20,0,candidate_risk_off,0,0.7194066330361222,0.62,1,0.0019290189135330892,-0.010671418471661451,0.42586097899141373
2018-08-13,20,0,candidate_risk_off,0,0.7152790965991866,0.62,1,0.007151984028563735,-0.0205044808339871,0.4458836554651947
2018-08-14,20,0,candidate_risk_off,0,0.6872168679949222,0.62,1,0.008894465541275634,-0.02073961739318251,0.43163207862630615
2018-08-15,20,0,candidate_risk_off,0,0.7128841759276662,0.62,1,0.027272738700283617,-0.0033132623195855264,0.3945282408120931
2018-08-16,20,0,candidate_risk_off,0,0.6825053911632428,0.62,1,0.027675854411163322,-0.006335620707820541,0.41567393326366675
2018-08-17,20,0,candidate_risk_off,0,0.6746792074076844,0.62,1,0.019147117763872006,-0.01109467705283765,0.40029403764143656
2018-08-20,20,0,candidate_risk_off,0,0.6201368453813145,0.62,1,0.02431975435092923,-0.011858154005063938,0.4021564156652598
2018-08-21,20,0,candidate_risk_off,0,0.5833216329144622,0.62,0,0.016539179386469222,-0.021700035964258575,0.43009559945633535
2018-08-22,20,0,candidate_risk_off,0,0.6504549831884089,0.62,1,0.022740034374938153,-0.0246979580203279,0.4164335543945984
2018-08-23,20,0,candidate_risk_off,0,0.6194729977144044,0.62,0,0.01568616267266533,-0.029988626412799344,0.4226307851502598
2018-08-24,20,0,candidate_risk_off,0,0.5656359097159415,0.62,0,0.024261325884926403,-0.029674608551719446,0.4160051244532384
2018-08-27,20,0,candidate_risk_off,0,0.562581195379219,0.62,0,0.018795555957017193,-0.03459637071162923,0.42240423152707085
2018-08-28,20,0,candidate_risk_off,0,0.555226000868845,0.62,0,0.01438572294781209,-0.03788758554296256,0.4419591952191484
2018-08-29,20,0,candidate_risk_off,0,0.5925514956916587,0.62,0,0.027153609346188032,-0.030808659563792404,0.39604617104395157
2018-08-30,20,0,candidate_risk_off,0,0.5711864267510268,0.62,0,0.018916800689068064,-0.04077732597235326,0.4390284724631625
2018-08-31,20,0,candidate_risk_off,0,0.6465020234219995,0.62,1,0.023312848529627426,-0.032194100522413074,0.3956259480792685
2018-09-04,20,0,candidate_risk_off,0,0.589744297421794,0.62,0,0.0429698184743845,-0.018355020953608678,0.3852418485963175
2018-09-05,20,0,candidate_risk_off,0,0.5480053523847629,0.62,0,0.05226345681102483,-0.010640441296674111,0.38182077483352067
2018-09-06,20,0,candidate_risk_off,0,0.5536219355938771,0.62,0,0.06605455481717076,0.011115319231001118,0.3696637388536467
2018-09-07,20,0,candidate_risk_off,0,0.5347444417425924,0.62,0,0.03994887117391322,0.001485118154193626,0.4021024541463599
2018-09-10,20,0,candidate_risk_off,0,0.5198177161329979,0.62,0,0.026221206709792624,0.01505602747735622,0.40227958405108877
2018-09-11,20,0,candidate_risk_off,0,0.4890025887020461,0.62,0,0.011235449421341623,0.0019776180719074457,0.42985870374726687
2018-09-12,20,0,candidate_risk_off,0,0.44933358110001703,0.62,0,0.007016793303757711,0.0006077118822513878,0.4220528976730962
2018-09-13,20,0,candidate_risk_off,1,0.4560820165222938,0.62,0,-0.04350580595865082,-0.04350580595865082,0.4342168821842457
2018-09-14,20,0,candidate_risk_off,1,0.5392353826486128,0.62,0,-0.021679020955520652,-0.046931280057765506,0.4283604730118481
2018-09-17,20,0,candidate_risk_off,1,0.5583312615342875,0.62,0,-0.037101070963023876,-0.04316159975549125,0.4112007578029221
2018-09-18,20,0,candidate_risk_off,1,0.522109439564833,0.62,0,-0.030786442518195747,-0.04909771329477497,0.4474010056778364
2018-09-19,20,0,candidate_risk_off,1,0.4801296824998307,0.62,0,-0.024341106382667694,-0.051159020289509485,0.42544185413034175
2018-09-20,20,0,candidate_risk_off,1,0.44992282683604207,0.62,0,-0.04194272966713021,-0.060357797334047766,0.4529088119931499
2018-09-21,20,0,candidate_risk_off,1,0.44790632913470346,0.62,0,-0.04549738698226281,-0.05859459402424649,0.4137336083467482
2018-09-24,20,0,candidate_risk_off,1,0.466326132870723,0.62,0,-0.05883210993414523,-0.0668557393754275,0.4275857752040436
2018-09-25,20,0,candidate_risk_off,1,0.4501572891633611,0.62,0,-0.07289862305439439,-0.07289862305439439,0.4008789083902086
2018-09-26,20,0,candidate_risk_off,1,0.6738401767515242,0.62,1,-0.08998272931851264,-0.08998272931851264,0.39683740997032196
2018-09-27,20,0,candidate_risk_off,1,0.6679889045565072,0.62,1,-0.10937696181963945,-0.10937696181963945,0.4067448696167708
2018-09-28,20,0,candidate_risk_off,1,0.6589887453068761,0.62,1,-0.12143475519574588,-0.12143475519574588,0.4167437074760168
2018-10-01,20,0,candidate_risk_off,1,0.6818087922107062,0.62,1,-0.13065829688952427,-0.13065829688952427,0.4020425458436673
2018-10-02,20,0,candidate_risk_off,1,0.7050540223635431,0.62,1,-0.1366224592979626,-0.1366224592979626,0.4081231710603605
2018-10-03,20,0,candidate_risk_off,1,0.7208260907417737,0.62,1,-0.10928825047947362,-0.13820151797766847,0.4200038225684309
2018-10-04,20,0,candidate_risk_off,1,0.7255220216418322,0.62,1,-0.11990031820962685,-0.1413521746871404,0.43580392996696754
2018-10-05,20,0,candidate_risk_off,1,0.7632995568760789,0.62,1,-0.08646790385856941,-0.12636181027488375,0.38263815904971377
2018-10-08,20,0,candidate_risk_off,1,0.736278917760969,0.62,1,-0.0735011858558853,-0.11411926396495667,0.36572590386419535
2018-10-09,20,0,candidate_risk_off,1,0.7187115845474723,0.62,1,-0.07733855042272161,-0.11418953415386185,0.3794108194023878
2018-10-10,20,0,candidate_risk_off,1,0.6789303797038331,0.62,1,-0.07497822010541602,-0.1119484961081853,0.3720447740015061
2018-10-11,20,0,candidate_risk_off,0,0.17770964749672197,0.62,0,-0.020949718471412953,-0.062377814931187894,0.40435538364856594
2018-10-12,20,0,candidate_risk_off,1,0.17876311971722383,0.62,0,-0.05923073454195697,-0.08763007403343273,0.4398980390792854
2018-10-15,20,0,candidate_risk_off,1,0.18301231802151974,0.62,0,-0.03585871098188221,-0.06843834372365518,0.4003896578987668
2018-10-16,20,0,candidate_risk_off,1,0.20884373998389066,0.62,0,-0.06208280892399484,-0.08068908570776695,0.42957738348621344
2018-10-17,20,0,candidate_risk_off,1,0.2174097423925184,0.62,0,-0.07551663399175701,-0.08919572883802962,0.43338025141439956
2018-10-18,20,0,candidate_risk_off,1,0.21968117008976418,0.62,0,-0.07131827872941754,-0.08079288259810541,0.4154214450536306
2018-10-19,20,0,candidate_risk_off,1,0.23133902894612926,0.62,0,-0.06484186304936494,-0.07547502197317144,0.41318126310265607
2018-10-22,20,0,candidate_risk_off,1,0.2469764773859144,0.62,0,-0.040068047950095984,-0.07040144437247012,0.4012641723242827
2018-10-23,20,0,candidate_risk_off,0,0.25113319072540824,0.62,0,-0.022231506869691726,-0.055790923484221495,0.40946534635808696
2018-10-24,20,0,candidate_risk_off,0,0.309689492580418,0.62,0,-0.00018425288218226255,-0.037588199042231665,0.3853853385105896
2018-10-25,20,0,candidate_risk_off,0,0.3666387911358622,0.62,0,0.01553511857144019,-0.023882926960310503,0.3872414579199853
2018-10-26,20,0,candidate_risk_off,0,0.31537544470657536,0.62,0,0.018859250722301248,-0.01355699133564508,0.3754730899243382
2018-10-29,20,0,candidate_risk_off,0,0.3247910249395709,0.62,0,0.035597868692237564,-0.00014627203248569678,0.38168145202028425
2018-10-30,20,0,candidate_risk_off,0,0.31066779774720465,0.62,0,0.03801076859642448,0.009474603868687818,0.3917946984770635
2018-10-31,20,0,candidate_risk_off,0,0.45205431755456976,0.62,0,0.016737881001814,-0.019438663629506997,0.43050635444343227
2018-11-01,20,0,candidate_risk_off,0,0.38760062411038737,0.62,0,0.020526677918094198,-0.011977252608825628,0.42437950109424316
2018-11-02,20,0,candidate_risk_off,0,0.4317877479533713,0.62,0,0.0018148433197708474,-0.0304193025476266,0.4355736915875938
2018-11-05,20,0,candidate_risk_off,0,0.4021092549640917,0.62,0,0.027767723357461513,-0.031143474240383544,0.4514406222680592
2018-11-06,20,0,candidate_risk_off,0,0.36971210231399654,0.62,0,0.039124768484081376,-0.02737637986245241,0.40905615786763183
2018-11-07,20,0,candidate_risk_off,0,0.3891593133713291,0.62,0,0.037230926951904754,-0.027495672134081408,0.399955964022443
2018-11-08,20,0,candidate_risk_off,0,0.38141524154439255,0.62,0,0.030346276290671607,-0.03195349259108707,0.39703757079864455
2018-11-09,20,0,candidate_risk_off,0,0.4649273899086671,0.62,0,0.047315647009830215,-0.018924735622787892,0.36094196709653087
2018-11-12,20,0,candidate_risk_off,0,0.4126324454266303,0.62,0,0.04031474263790672,-0.02310502887308509,0.3838601302368094
2018-11-13,20,0,candidate_risk_off,0,0.486361594045691,0.62,0,0.052916708094815156,-0.009131672915084306,0.35308199332303986
2018-11-14,20,0,candidate_risk_off,0,0.4625763267520268,0.62,0,0.06483816655939996,-0.004204490977584781,0.34338810363835465
2018-11-15,20,0,candidate_risk_off,0,0.4286180224068644,0.62,0,0.06797059506733841,0.0011585550551187845,0.3397276005939762
2018-11-16,20,0,candidate_risk_off,0,0.4021087738142355,0.62,0,0.0582254235016123,0.019700237498567513,0.34638945914144825
2018-11-19,20,0,candidate_risk_off,0,0.4651219126635739,0.62,0,0.01901977095272687,0.002082845635572233,0.38914857920554624
2018-11-20,20,0,candidate_risk_off,0,0.4457846518787096,0.62,0,0.008915331465182539,-0.0011431745565835061,0.393341166246421
2018-11-21,20,0,candidate_risk_off,0,0.43624345082084265,0.62,0,-0.0036051727613321044,-0.00498770410210321,0.39834327703526895
2018-11-22,20,0,candidate_risk_off,0,0.45115670121490653,0.62,0,-0.006707719461686144,-0.007001803473804419,0.38769344935841
2018-11-23,20,0,candidate_risk_off,0,0.4574116850215647,0.62,0,-0.006239673184086433,-0.006239673184086433,0.3669249585570419
2018-11-26,20,0,candidate_risk_off,0,0.4512713842212989,0.62,0,-0.013631680431320174,-0.013631680431320174,0.37505669359261906
2018-11-27,20,0,candidate_risk_off,1,0.44660201389182347,0.62,0,-0.02765598596121003,-0.02765598596121003,0.3824143842186445
2018-11-28,20,0,candidate_risk_off,1,0.44049895334992784,0.62,0,-0.042213792550995805,-0.042213792550995805,0.3981684807909388
2018-11-29,20,0,candidate_risk_off,1,0.44303743323191996,0.62,0,-0.028432644118448668,-0.03854117844659452,0.3734311548213075
2018-11-30,20,0,candidate_risk_off,1,0.43639920228617185,0.62,0,-0.0373858874494014,-0.038271393787072186,0.37810261574235493
2018-12-03,20,0,candidate_risk_off,1,0.46239238576502883,0.62,0,-0.06494844551751984,-0.06494844551751984,0.4373850635323989
2018-12-04,20,0,candidate_risk_off,1,0.4856179738304063,0.62,0,-0.08782708878129887,-0.08782708878129887,0.4449501395277764
2018-12-05,20,0,candidate_risk_off,1,0.5200953775150914,0.62,0,-0.08300555912891192,-0.0860525395207514,0.42405424867274494
2018-12-06,20,0,candidate_risk_off,1,0.5448721364749438,0.62,0,-0.07070595452619106,-0.08362570931652384,0.41302995446002166
2018-12-07,20,0,candidate_risk_off,1,0.4917942528417072,0.62,0,-0.07712254136088952,-0.08756632306738318,0.414366504996721
2018-12-10,20,0,candidate_risk_off,1,0.536493918531861,0.62,0,-0.06359812994503182,-0.08474571194575702,0.40210897250488287
2018-12-11,20,0,candidate_risk_off,1,0.556006223087357,0.62,0,-0.060767364933414385,-0.08337432144466467,0.40375905882693686
2018-12-12,20,0,candidate_risk_off,1,0.5727736995218984,0.62,0,-0.06286437957543185,-0.09036859797175,0.4323331262825254
2018-12-13,20,0,candidate_risk_off,1,0.5739666984460099,0.62,0,-0.06280090123903047,-0.0892965355021036,0.4062923051851728
2018-12-14,20,0,candidate_risk_off,1,0.5344950617136255,0.62,0,-0.04551416139893934,-0.0807099189914961,0.3790552454023796
2018-12-17,20,0,candidate_risk_off,1,0.5683295709514549,0.62,0,-0.0270866289637876,-0.061204503941178455,0.3713747892609476
2018-12-18,20,0,candidate_risk_off,1,0.5339049216510295,0.62,0,-0.027730654963243277,-0.05432608464578968,0.375548459398544
2018-12-19,20,0,candidate_risk_off,0,0.5092542726137295,0.62,0,-0.01860018268825031,-0.04565010996479472,0.3666465746738423
2018-12-20,20,0,candidate_risk_off,0,0.47627550259203305,0.62,0,-0.007861013864164858,-0.044561662636141905,0.36089093726717947
2018-12-21,20,0,candidate_risk_off,0,0.4971501049985437,0.62,0,-0.006278851292029867,-0.03802790543993709,0.35346957885715147
2018-12-24,20,0,candidate_risk_off,0,0.5383455912475719,0.62,0,-0.0004183317431682654,-0.03396379685948027,0.34903557537719054
2018-12-25,20,0,candidate_risk_off,0,0.5006849551259572,0.62,0,0.012010793460018678,-0.02220611920129178,0.3686764025030098
2018-12-26,20,0,candidate_risk_off,0,0.5195040754147687,0.62,0,0.019027248022648265,-0.015288692515090354,0.3431534677764948
2018-12-27,20,0,candidate_risk_off,0,0.5747080049510052,0.62,0,0.012542980453652866,-0.02539722684323625,0.36286594009994716
2018-12-28,20,0,candidate_risk_off,0,0.5456921630925694,0.62,0,0.025868611963387883,-0.01617419885276119,0.35505435331793833
2019-01-02,20,0,candidate_risk_off,0,0.5474512282708391,0.62,0,0.02665585268903059,-0.015288692515090354,0.369616174923468
2019-01-03,20,0,candidate_risk_off,0,0.4756893898377116,0.62,0,0.03626149852064215,0.0030469803918394887,0.3586232802284397
2019-01-04,20,0,candidate_risk_off,0,0.43808262246724233,0.62,0,0.03103787984446641,0.00739680131465438,0.3797685824755518
2019-01-07,20,0,candidate_risk_off,0,0.5836965966586827,0.62,0,0.04016533366198005,-0.002475973083838974,0.39505976265007753
2019-01-08,20,0,candidate_risk_off,0,0.5358373552022321,0.62,0,0.05491851017063191,0.010703800294231512,0.37418341700130364
2019-01-09,20,0,candidate_risk_off,0,0.5198456687769027,0.62,0,0.05240472904640646,0.0014593745105250825,0.40679757640625397
2019-01-10,20,0,candidate_risk_off,0,0.5492328001240093,0.62,0,0.05841802565301778,0.003888677751822909,0.39996831033779034
2019-01-11,20,0,candidate_risk_off,0,0.5321762882058756,0.62,0,0.05199703801694382,-0.00100858413324493,0.39719506930891035
2019-01-14,20,0,candidate_risk_off,0,0.5955144440405716,0.62,0,0.06389376908478661,9.979541947313105e-05,0.38539427485437244
2019-01-15,20,0,candidate_risk_off,0,0.6612510040776728,0.62,1,0.05836140993933816,-0.0086003279100105,0.4193023539951334
2019-01-16,20,0,candidate_risk_off,0,0.7181288115440886,0.62,1,0.06587882424667316,-0.007522445294844456,0.3835931276870917
2019-01-17,20,0,candidate_risk_off,0,0.731605074762086,0.62,1,0.0907548189324703,0.0004544975939980683,0.3633574371190106
2019-01-18,20,0,candidate_risk_off,0,0.7370971298311438,0.62,1,0.0916562674702916,0.00469912687136281,0.3703330615850217
2019-01-21,20,0,candidate_risk_off,0,0.6889378771716014,0.62,1,0.08757192819163838,-0.004951594624069967,0.41644675550458626
2019-01-22,20,0,candidate_risk_off,0,0.7124433687999536,0.62,1,0.08508464198756634,0.0017964109684048546,0.3752069511433965
2019-01-23,20,0,candidate_risk_off,0,0.7226783835305043,0.62,1,0.086535036377818,0.0005393951199936799,0.38248045898066635
2019-01-24,20,0,candidate_risk_off,0,0.7287954159097755,0.62,1,0.06050098501717585,-0.00013205242500450264,0.39639186033533014
2019-01-25,20,0,candidate_risk_off,0,0.7094337910912725,0.62,1,0.07496187709222937,-0.0002310803014327476,0.3976590347426148
2019-01-28,20,0,candidate_risk_off,0,0.68851410959013,0.62,1,0.08588980722299562,-0.0038553470605831577,0.41579690688101334
2019-01-29,20,0,candidate_risk_off,0,0.6593286439826384,0.62,1,0.08023669091852725,-0.007957950579843092,0.4376056813588447
2019-01-30,20,0,candidate_risk_off,0,0.6692984607000059,0.62,1,0.08238836601126752,-0.007859684967815035,0.42488810204167304
2019-01-31,20,0,candidate_risk_off,0,0.6996367830391246,0.62,1,0.08760875704310059,-0.002176638284336294,0.3987284723944261
2019-02-01,20,0,candidate_risk_off,0,0.6842601294260462,0.62,1,0.08091342411489673,0.01900022821600692,0.39868671631805797
2019-02-11,20,0,candidate_risk_off,0,0.7487966350978039,0.62,1,0.061253247147876826,0.012277203424812862,0.44968233067003394
2019-02-12,20,0,candidate_risk_off,0,0.7544754205142923,0.62,1,0.06581498494699882,0.008190019170006169,0.4670847868321436
2019-02-13,20,0,candidate_risk_off,0,0.7383936311697522,0.62,1,0.061701254728002454,0.005948945366130347,0.4734739043246283
2019-02-14,20,0,candidate_risk_off,0,0.7323203429364306,0.62,1,0.057237747437769,-0.0015237257510060576,0.46968382006444764
2019-02-15,20,0,candidate_risk_off,0,0.7329319916428537,0.62,1,0.054468426884677824,0.010888146934597942,0.44456512293919914
2019-02-18,20,0,candidate_risk_off,0,0.7264045619264684,0.62,1,0.051258965284842334,0.0031677641840349323,0.46744728797688706
2019-02-19,20,0,candidate_risk_off,0,0.7447217486598228,0.62,1,0.04286936060436351,0.0011607301465913179,0.45715521742211107
2019-02-20,20,0,candidate_risk_off,0,0.7140759779208952,0.62,1,0.0321588070828459,-0.005278801545577757,0.4549066517948078
2019-02-21,20,0,candidate_risk_off,0,0.6861526882229223,0.62,1,-0.005880129670068056,-0.022632350936530366,0.49017461957545916
2019-02-22,20,0,candidate_risk_off,0,0.6962915624987247,0.62,1,-0.0002022633273144508,-0.023988297068349693,0.4770859248470213
2019-02-25,20,0,candidate_risk_off,1,0.6808652977262878,0.62,1,-0.02480147484540841,-0.029554679285129094,0.4674203311258542
2019-02-26,20,0,candidate_risk_off,0,0.6734769157837338,0.62,1,-0.01765127464570828,-0.022115798456987197,0.43711579342529716
2019-02-27,20,0,candidate_risk_off,0,0.6630963236950043,0.62,1,-0.014607264171592969,-0.02536260381564388,0.4342337459917298
2019-02-28,20,0,candidate_risk_off,0,0.5316572429994925,0.62,0,0.017973744657830287,0.004464523811278856,0.42149183795967077
2019-03-01,20,0,candidate_risk_off,0,0.43898420508184965,0.62,0,0.0011528319621601103,-0.0100953961402028,0.4632583229687701
2019-03-04,20,0,candidate_risk_off,0,0.5005588157314745,0.62,0,-0.0055081550799885685,-0.024647593030119538,0.4791697556723561
2019-03-05,20,0,candidate_risk_off,0,0.5507723205281089,0.62,0,-0.006712995193314494,-0.023097080244911024,0.45662641479018407
2019-03-06,20,0,candidate_risk_off,0,0.4726393619409567,0.62,0,-0.010136775446830072,-0.025150489725623334,0.46574488412639203
2019-03-07,20,0,candidate_risk_off,0,0.5406518726563024,0.62,0,-0.0071885374221483745,-0.024687834073977594,0.43982966174703925
2019-03-08,20,0,candidate_risk_off,0,0.561537903743956,0.62,0,0.004061772807511421,-0.015815862861437328,0.41059170724031757
2019-03-11,20,0,candidate_risk_off,0,0.5760578596895979,0.62,0,0.013076830006896847,-0.015155914110424558,0.4111085766807616
2019-03-12,20,0,candidate_risk_off,0,0.552999727812135,0.62,0,-0.012905998817817973,-0.031994855334359175,0.46021013811869366
2019-03-13,20,0,candidate_risk_off,1,0.5574780727095006,0.62,0,-0.023651043039169678,-0.03607114428536898,0.44762938622458603
2019-03-14,20,0,candidate_risk_off,1,0.5459410483746404,0.62,0,-0.02255421794825248,-0.039080308112271776,0.44246720071465995
2019-03-15,20,0,candidate_risk_off,1,0.6026491597444854,0.62,0,-0.0213594294492668,-0.0347872618081748,0.421985172778757
2019-03-18,20,0,candidate_risk_off,1,0.6504966762448541,0.62,1,-0.034884861403347504,-0.0424659471429371,0.42379025913733065
2019-03-19,20,0,candidate_risk_off,1,0.6960301283541025,0.62,1,-0.034864980033145636,-0.037244106646493275,0.4052620980385303
2019-03-20,20,0,candidate_risk_off,1,0.6967999021251915,0.62,1,-0.04072638566846536,-0.04072638566846536,0.4010189780487611
2019-03-21,20,0,candidate_risk_off,0,0.6419575414250498,0.62,1,-0.015986048778058932,-0.020040998306504042,0.37478318048820136
2019-03-22,20,0,candidate_risk_off,1,0.6542085086914263,0.62,1,-0.02338216697015611,-0.027074810781076968,0.4095326225740315
2019-03-25,20,0,candidate_risk_off,0,0.5707279665682116,0.62,0,-0.0021361465655404914,-0.008041981479762468,0.38849488555451067
2019-03-26,20,0,candidate_risk_off,0,0.5562560374189315,0.62,0,0.00732521216021091,-0.007753300851320556,0.38536813748909415
2019-03-27,20,0,candidate_risk_off,0,0.578240194999049,0.62,0,-0.001825604084398054,-0.014044116684092623,0.3909911070580316
2019-03-28,20,0,candidate_risk_off,0,0.554557228612311,0.62,0,-0.003403616822799927,-0.021262521697871975,0.4127270141822109
2019-03-29,20,0,candidate_risk_off,0,0.6091406309784806,0.62,0,-0.0023069944799077734,-0.01900152895368352,0.37720719932492236
2019-04-01,20,0,candidate_risk_off,0,0.644427957111526,0.62,1,-0.01466396068414377,-0.02689273880145155,0.4280726134746453
2019-04-02,20,0,candidate_risk_off,1,0.7156765038669617,0.62,1,-0.028647176024827494,-0.028647176024827494,0.3932942478171076
2019-04-03,20,0,candidate_risk_off,1,0.6872724692582699,0.62,1,-0.027704885215544834,-0.027704885215544834,0.38908853063195964
2019-04-04,20,0,candidate_risk_off,1,0.6802734435946963,0.62,1,-0.036833478637647875,-0.036833478637647875,0.3848477856930658
2019-04-05,20,0,candidate_risk_off,1,0.6237200439388305,0.62,1,-0.04364753609020824,-0.04364753609020824,0.3901444252417244
2019-04-08,20,0,candidate_risk_off,1,0.62984266384682,0.62,1,-0.04616969826955311,-0.05200264453858076,0.41676487845541843
2019-04-09,20,0,candidate_risk_off,1,0.6844451110453992,0.62,1,-0.03075711624255034,-0.042858756937800675,0.37820185856931055
2019-04-10,20,0,candidate_risk_off,0,0.6815100224590679,0.62,1,-0.01701928356887639,-0.036190001667458734,0.3609702562356536
2019-04-11,20,0,candidate_risk_off,0,0.7041381687461309,0.62,1,-0.010511977466419494,-0.04029599058527876,0.3771049837061575
2019-04-12,20,0,candidate_risk_off,0,0.6925708837344136,0.62,1,-0.007362472563163788,-0.03719773278016744,0.3583039159939779
2019-04-16,20,0,candidate_risk_off,0,0.7083096209836255,0.62,1,-0.0007063701570803637,-0.03135098616084908,0.35408806566561024
2019-04-17,20,0,candidate_risk_off,0,0.7133407924650823,0.62,1,0.015343063192532069,-0.02614902703460707,0.33021364435378153
2019-04-18,20,0,candidate_risk_off,0,0.7433447295910146,0.62,1,0.024624176643222914,-0.01601659956993887,0.31885975010850875
2019-04-19,20,0,candidate_risk_off,0,0.7715523894603378,0.62,1,0.01802109292856459,-0.020071549098384066,0.34392829775013467
2019-04-22,20,0,candidate_risk_off,0,0.7443893957454196,0.62,1,0.017295165188918448,-0.01970924338085979,0.36140998925014456
2019-04-23,20,0,candidate_risk_off,0,0.7260968445918656,0.62,1,0.0020949115776473766,-0.0219224344841608,0.366077609473619
2019-04-24,20,0,candidate_risk_off,0,0.7116850134441558,0.62,1,-0.0018237149404701958,-0.031095112581470474,0.3930330550866765
2019-04-25,20,0,candidate_risk_off,0,0.7202745082429638,0.62,1,-0.0021889605016105975,-0.028235112169633415,0.37896542526591265
2019-04-26,20,0,candidate_risk_off,0,0.7272244572486426,0.62,1,-0.008302715824406072,-0.03387550444501092,0.4041167216030628
2019-05-02,20,0,candidate_risk_off,0,0.7007479900857039,0.62,1,-0.009405359295388887,-0.032711134043714715,0.3928888622945292
2019-05-03,20,0,candidate_risk_off,0,0.7013861642225279,0.62,1,-0.014746753830931983,-0.02824537768724655,0.3731517985224425
2019-05-06,20,0,candidate_risk_off,0,0.7315343108590848,0.62,1,-0.012077187814464822,-0.012077187814464822,0.3557251453217192
2019-05-07,20,0,candidate_risk_off,0,0.7421698697248759,0.62,1,-0.006706089929227731,-0.01164910785094423,0.35177844353621673
2019-05-08,20,0,candidate_risk_off,0,0.7439707007375949,0.62,1,0.00019972354123654819,-0.005006096801877058,0.330446565153176
2019-05-09,20,0,candidate_risk_off,0,0.7225587180258196,0.62,1,0.0012663439182393392,-0.0005703783664362699,0.32356625812196455
2019-05-10,20,0,candidate_risk_off,0,0.7211894643040389,0.62,1,0.0059974117793444815,-0.00640332463546395,0.3504004813603646
2019-05-13,20,0,candidate_risk_off,0,0.7107052966273552,0.62,1,0.004538270758571721,-0.012672019061686622,0.3791673651234187
2019-05-14,20,0,candidate_risk_off,0,0.6933221686643003,0.62,1,-0.0033931577997764646,-0.0197410964650186,0.403064994573632
2019-05-15,20,0,candidate_risk_off,1,0.6855800675241194,0.62,1,-0.02225181327321052,-0.03035439148529555,0.3994390814608469
2019-05-16,20,0,candidate_risk_off,1,0.7095997649686653,0.62,1,-0.02659872143402485,-0.030405638583439917,0.39335555466331046
2019-05-17,20,0,candidate_risk_off,1,0.6811907950738266,0.62,1,-0.023699485962902042,-0.031214994370204897,0.4089643375223678
2019-05-20,20,0,candidate_risk_off,1,0.6662592217512348,0.62,1,-0.04155544953781099,-0.04206246859357543,0.43577189512460845
2019-05-21,20,0,candidate_risk_off,1,0.6739610686861389,0.62,1,-0.04381366969584617,-0.04381366969584617,0.40058095673311367
2019-05-22,20,0,candidate_risk_off,1,0.642592536593334,0.62,1,-0.03526667926683431,-0.04126553550963306,0.4029260368656397
2019-05-23,20,0,candidate_risk_off,1,0.6377321007555968,0.62,1,-0.024235308575192974,-0.04017730205246241,0.40510221058298623
2019-05-24,20,0,candidate_risk_off,0,0.7071806683663184,0.62,1,-0.01122739514091981,-0.02719023954449249,0.3751448997326464
2019-05-27,20,0,candidate_risk_off,0,0.6962226660837564,0.62,1,-0.01268341400751953,-0.03244429112368448,0.3927719028344975
2019-05-28,20,0,candidate_risk_off,0,0.6865213106148487,0.62,1,-0.01228711249989959,-0.029219045150707192,0.3796918463717526
2019-05-29,20,0,candidate_risk_off,0,0.6908694394988654,0.62,1,-0.01285581784393675,-0.028745682103289087,0.37507224076427764
2019-05-30,20,0,candidate_risk_off,1,0.6871280546829982,0.62,1,-0.027432502717672363,-0.027432502717672363,0.3683408461732924
2019-05-31,20,0,candidate_risk_off,0,0.7086513046240853,0.62,1,-0.010409451943424842,-0.017625351825661176,0.3547736760047625
2019-06-03,20,0,candidate_risk_off,0,0.7027981949283296,0.62,1,0.020020751558894285,-0.003556349602910216,0.3412220188194949
2019-06-04,20,0,candidate_risk_off,0,0.6879494297370949,0.62,1,0.011311368081104486,-0.008499367524626801,0.3804477121573857
2019-06-05,20,0,candidate_risk_off,0,0.6719036467508419,0.62,1,0.009394357195599288,-0.008762169946023994,0.3735743899611799
2019-06-06,20,0,candidate_risk_off,0,0.6260723760455511,0.62,1,0.025849194599525394,-0.005393071887585847,0.3704616146299951
2019-06-07,20,0,candidate_risk_off,0,0.6651820984132595,0.62,1,0.017646117317804345,-0.01595708601771863,0.3952183508603947
2019-06-10,20,0,candidate_risk_off,0,0.6452148436330294,0.62,1,0.0035765231852384212,-0.020766639423168518,0.41397082360741466
2019-06-11,20,0,candidate_risk_off,0,0.6431211992556437,0.62,1,0.007228997055534427,-0.01990428826815241,0.39414964455365076
2019-06-12,20,0,candidate_risk_off,0,0.6632313342331648,0.62,1,0.02021004350952242,-0.011658927814995286,0.3696221652521436
2019-06-13,20,0,candidate_risk_off,0,0.6216950128320694,0.62,1,0.029607442848981105,-0.007363266752325355,0.378537844351169
2019-06-14,20,0,candidate_risk_off,0,0.5950377772154896,0.62,0,0.02259286044266944,-0.011071858010213096,0.3855652239059141
2019-06-17,20,0,candidate_risk_off,0,0.6245386352059912,0.62,1,0.02665462986410589,-0.004063368658674628,0.3735731351504279
2019-06-18,20,0,candidate_risk_off,0,0.6362350679519405,0.62,1,0.03956655906465657,-0.0009538344866621582,0.36621827418523345
2019-06-19,20,0,candidate_risk_off,0,0.6545671886162193,0.62,1,0.03403597247229007,-0.00695269072946088,0.3864521617844892
2019-06-20,20,0,candidate_risk_off,0,0.6220078672014375,0.62,1,0.017435061822101347,-0.016895827963931614,0.41010894904795686
2019-06-21,20,0,candidate_risk_off,0,0.6346290730683074,0.62,1,0.02383787689585791,-0.016916678890234862,0.40557919536918646
2019-06-24,20,0,candidate_risk_off,0,0.6495405008649339,0.62,1,0.01973440429655077,-0.0207147116028272,0.4152030015251773
2019-06-25,20,0,candidate_risk_off,0,0.6372086292642114,0.62,1,0.030090647808194284,-0.0178857671374698,0.4000586290717531
2019-06-26,20,0,candidate_risk_off,0,0.6291629188026874,0.62,1,0.030070967855582786,-0.016843698746014463,0.3960796405440449
2019-06-27,20,0,candidate_risk_off,0,0.6349192046568543,0.62,1,0.05350955981660503,0.007215899882236328,0.3615451184045698
2019-06-28,20,0,candidate_risk_off,0,0.6702372208229487,0.62,1,0.04468424450876656,0.010940627259386904,0.39664922457168017
2019-07-01,20,0,candidate_risk_off,0,0.6935343342719605,0.62,1,0.032933128278814804,-0.005420574020181379,0.44022749285973556
2019-07-02,20,0,candidate_risk_off,0,0.7665394325747311,0.62,1,0.024682977943776628,-0.001654208464108109,0.3975148063923937
2019-07-03,20,0,candidate_risk_off,0,0.7393047687368572,0.62,1,0.03204085463525454,0.006186635466783984,0.39567633107448674
2019-07-04,20,0,candidate_risk_off,0,0.7240669619221073,0.62,1,0.024716675683803712,-0.006899103878704171,0.43677336920155
2019-07-05,20,0,candidate_risk_off,0,0.7385298146158527,0.62,1,0.016029309254069923,-0.009260040727115981,0.4304527176230098
2019-07-08,20,0,candidate_risk_off,0,0.7465943627446318,0.62,1,0.007012145257107346,0.0027901227152799146,0.39648929279872536
2019-07-09,20,0,candidate_risk_off,0,0.6957015332102774,0.62,1,-0.004592335574122841,-0.004592335574122841,0.42020249354012973
2019-07-10,20,0,candidate_risk_off,0,0.6535706242818548,0.62,1,-0.007960528328810895,-0.009328021574953538,0.4225636166218313
2019-07-11,20,0,candidate_risk_off,0,0.657957907820459,0.62,1,-0.0034700398712623924,-0.01442975985174241,0.4232455236747965
2019-07-12,20,0,candidate_risk_off,0,0.7009242100197561,0.62,1,-0.0010873245709010061,-0.01112376870331856,0.3947957199452988
2019-07-15,20,0,candidate_risk_off,0,0.7031973249930601,0.62,1,0.0028544458349634583,-0.008177048773216549,0.39291125784929176
2019-07-16,20,0,candidate_risk_off,0,0.6751385380361262,0.62,1,-0.01568063982375659,-0.017979443801754702,0.43080407045937125
2019-07-17,20,0,candidate_risk_off,0,0.6674753893198474,0.62,1,-0.013999859704565746,-0.018447713452186966,0.42158530516971665
2019-07-18,20,0,candidate_risk_off,0,0.7021172421090239,0.62,1,0.003405903784895885,-0.011789940036469056,0.3841445052962905
2019-07-19,20,0,candidate_risk_off,0,0.661872967842696,0.62,1,-0.0023849089445449113,-0.018213606036528794,0.41706946365926284
2019-07-22,20,0,candidate_risk_off,0,0.6706201101738531,0.62,1,-0.0010290005849197044,-0.01790816614981403,0.40864933186960095
2019-07-23,20,0,candidate_risk_off,0,0.665294964653909,0.62,1,-0.004852780110896147,-0.025435465196099967,0.4337082074417494
2019-07-24,20,0,candidate_risk_off,0,0.6854466729750227,0.62,1,0.006021835938840579,-0.02437371685203324,0.4149886823442302
2019-07-25,20,0,candidate_risk_off,0,0.6807434269099917,0.62,1,0.0023190336713990733,-0.030968610067041064,0.4353756208530498
2019-07-26,20,0,candidate_risk_off,0,0.7050311632042179,0.62,1,-0.0009064357554858315,-0.029359194641438796,0.4082643914954938
2019-07-29,20,0,candidate_risk_off,1,0.6522643387519994,0.62,1,-0.015206116848071697,-0.03396927969105533,0.43969237343326606
2019-07-30,20,0,candidate_risk_off,0,0.7143479846245068,0.62,1,-0.009404953138723878,-0.021952763799943823,0.3934498781252087
2019-07-31,20,0,candidate_risk_off,0,0.7281951207070833,0.62,1,-0.0146275691831264,-0.027656432027313653,0.4171024088506754
2019-08-01,20,0,candidate_risk_off,1,0.6469109739548242,0.62,1,-0.019029106870918973,-0.03341799242135085,0.44398692770314363
2019-08-02,20,0,candidate_risk_off,0,0.702169557207543,0.62,1,-0.007128566609590218,-0.027091562840029063,0.39691480791513517
2019-08-05,20,0,candidate_risk_off,0,0.6663317138361399,0.62,1,0.006361064414175718,-0.008814358115950334,0.37760052885790507
2019-08-06,20,0,candidate_risk_off,0,0.6913750607944765,0.62,1,0.01340740077155723,0.0013674932461426568,0.3798533457146226
2019-08-07,20,0,candidate_risk_off,0,0.6587796993302013,0.62,1,0.01118031741507729,0.0009313107318555851,0.3847944854647037
2019-08-08,20,0,candidate_risk_off,0,0.5928876386662264,0.62,0,-0.00119015875990205,-0.008660916002481898,0.4099960108772159
2019-08-09,20,0,candidate_risk_off,0,0.6158593066526694,0.62,0,-0.0002258193659966304,-0.0077376401544193545,0.38340846917143795
2019-08-12,20,0,candidate_risk_off,0,0.6064932635579481,0.62,0,-0.00519129236290615,-0.008732690630181707,0.39602954342695695
2019-08-13,20,0,candidate_risk_off,0,0.6182150705490339,0.62,0,0.002561799618121973,0.0021490497696231656,0.37143545190744787
2019-08-14,20,0,candidate_risk_off,0,0.6263699093602717,0.62,1,0.007362576832462625,0.0004127498484988585,0.3807784075311864
2019-08-15,20,0,candidate_risk_off,0,0.6011344708389048,0.62,0,0.007973193871194455,-0.010335240225244824,0.42874828605952703
2019-08-16,20,0,candidate_risk_off,0,0.5494623431717378,0.62,0,0.010010947322681447,-0.010968093495863791,0.4351176369819685
2019-08-19,20,0,candidate_risk_off,0,0.5398492651124034,0.62,0,0.01588691346764021,-0.012018561968774068,0.4283556793915053
2019-08-20,20,0,candidate_risk_off,0,0.5069601749859333,0.62,0,0.010586919907391995,-0.015722081489083668,0.4403696312049472
2019-08-21,20,0,candidate_risk_off,0,0.5201821737190027,0.62,0,0.002731638471239634,-0.025534949194753777,0.45171153740790815
2019-08-22,20,0,candidate_risk_off,0,0.5634455326640099,0.62,0,-0.006943004918480505,-0.02842704014231994,0.4386395042474466
2019-08-23,20,0,candidate_risk_off,0,0.5904413688180756,0.62,0,-0.006773860700850078,-0.023592155289832883,0.3946809586295802
2019-08-26,20,0,candidate_risk_off,0,0.641998706597784,0.62,1,0.005327230623868615,-0.013902559246863446,0.3862522424247756
2019-08-27,20,0,candidate_risk_off,0,0.6752899008231288,0.62,1,0.01070225938355022,-0.007687207065099888,0.37211853497892344
2019-08-28,20,0,candidate_risk_off,0,0.6762049854816806,0.62,1,0.013709494653723314,-0.008168259248067179,0.3777888580010782
2019-08-29,20,0,candidate_risk_off,0,0.6376409268879236,0.62,1,0.019480182694388205,-0.0095282819543117,0.39544168704840044
2019-08-30,20,0,candidate_risk_off,0,0.6277934945175848,0.62,1,0.012622477774764659,-0.015102392634318701,0.4042714243660295
2019-09-03,20,0,candidate_risk_off,0,0.6484745137650724,0.62,1,0.020445897806396704,-0.010314818934005938,0.3831303499870642
2019-09-04,20,0,candidate_risk_off,0,0.6543707170428799,0.62,1,0.013774966138574454,-0.008546797175437177,0.38242949269677917
2019-09-05,20,0,candidate_risk_off,0,0.6679299525844873,0.62,1,0.015904948224733054,-0.007687207065099888,0.36715949458999236
2019-09-06,20,0,candidate_risk_off,0,0.667369910494591,0.62,1,0.013774196069643417,-0.004908957624457802,0.36704088466516066
2019-09-09,20,0,candidate_risk_off,0,0.6410327714553351,0.62,1,0.009166173076892128,-0.00495002117030078,0.3916297746242817
2019-09-10,20,0,candidate_risk_off,0,0.6590745178072989,0.62,1,0.01834126820699308,-0.0009795986491536375,0.37163439269992327
2019-09-11,20,0,candidate_risk_off,0,0.6716189508204664,0.62,1,0.018926139996944067,0.00694982698396375,0.37494561250419356
2019-09-12,20,0,candidate_risk_off,0,0.6627854966847936,0.62,1,0.011520665251187211,0.007166367263228878,0.4086193260391368
2019-09-13,20,0,candidate_risk_off,0,0.6685550839720844,0.62,1,0.004668891688416335,-0.00419223984924644,0.4448256052148175
2019-09-16,20,0,candidate_risk_off,0,0.7038385595627027,0.62,1,0.0037409984993754387,-0.006862846571352442,0.4257275205847241
2019-09-17,20,0,candidate_risk_off,0,0.6530733503702413,0.62,1,-0.0037089383603675636,-0.013789281189221448,0.46434028713619835
2019-09-18,20,0,candidate_risk_off,0,0.6627427443987602,0.62,1,-0.0006936032967891672,-0.012192807149282826,0.42684590532875966
2019-09-19,20,0,candidate_risk_off,0,0.633111730897076,0.62,1,-0.007327957418859179,-0.014150393418800658,0.4345573668973126
2019-09-20,20,0,candidate_risk_off,0,0.6518324771706233,0.62,1,-0.0011719777453319577,-0.007367840976646597,0.39385637298786136
2019-09-23,20,0,candidate_risk_off,0,0.6849070036914446,0.62,1,-0.0022241301804010833,-0.002702100341789909,0.38475224126044855
2019-09-24,20,0,candidate_risk_off,0,0.6399888469582596,0.62,1,-0.000951744599311199,-0.005113595623539197,0.40110621090615584
2019-09-25,20,0,candidate_risk_off,0,0.6433810085154794,0.62,1,0.000496179931094838,-0.004273272201457231,0.4007047570573958
2019-09-26,20,0,candidate_risk_off,0,0.6463886923230509,0.62,1,0.0028724791086700095,-0.007761559654597735,0.41250579120983977
2019-09-27,20,0,candidate_risk_off,0,0.6150249291122858,0.62,0,-0.0012735597712173708,-0.014892270401507134,0.42859282692522954
2019-09-30,20,0,candidate_risk_off,0,0.6556482112745962,0.62,1,-8.027937225833665e-05,-0.013608676161890565,0.4162279350343758
2019-10-01,20,0,candidate_risk_off,0,0.632508971218781,0.62,1,-0.0037284679316605357,-0.016644522493209732,0.45086359714366075
2019-10-02,20,0,candidate_risk_off,0,0.6810814057741803,0.62,1,0.009738641684204477,-0.008205569066818796,0.40231207695175913
2019-10-03,20,0,candidate_risk_off,0,0.6549041305680615,0.62,1,0.006397948775387942,-0.009475961042640094,0.42559995465364986
2019-10-04,20,0,candidate_risk_off,0,0.666607435238113,0.62,1,0.027957371522973378,-0.004566959446908403,0.38731651558567853
2019-10-07,20,0,candidate_risk_off,0,0.6620476042441286,0.62,1,0.03923675349983921,0.00047797016138885837,0.38887949100893093
2019-10-08,20,0,candidate_risk_off,0,0.6557362826554497,0.62,1,0.03589843671437548,-0.004726702447565098,0.42327219709571995
2019-10-09,20,0,candidate_risk_off,0,0.6612624553045507,0.62,1,0.03684946467368815,-0.0043319755883622635,0.4149411462644945
2019-10-10,20,0,candidate_risk_off,0,0.655711518659226,0.62,1,0.036446131641403194,-0.00387632782656924,0.41138360434902455
2019-10-11,20,0,candidate_risk_off,0,0.6437514047306354,0.62,1,0.030434303964423207,-0.008383161376273785,0.44148605921779216
2019-10-14,20,0,candidate_risk_off,0,0.6081057841555438,0.62,0,0.023062027300659454,-0.010125874909338915,0.44671377809844454
2019-10-15,20,0,candidate_risk_off,0,0.6267313975809038,0.62,1,0.025138294365005955,-0.009602372667464984,0.4332356208998127
2019-10-16,20,0,candidate_risk_off,0,0.5869642835975054,0.62,0,0.018244553829684738,-0.01102123369110477,0.4427247693492112
2019-10-17,20,0,candidate_risk_off,0,0.6167125407270144,0.62,0,0.022457140188817885,-0.006344465838552557,0.4119066004857735
2019-10-18,20,0,candidate_risk_off,0,0.6211081631341137,0.62,1,0.020838776717216387,-0.0057178930699256225,0.4153792721384909
2019-10-21,20,0,candidate_risk_off,0,0.6667432238948244,0.62,1,0.01948241055097286,0.003683880862839207,0.3978302187702708
2019-10-22,20,0,candidate_risk_off,0,0.6269072542444427,0.62,1,0.021208087145676114,0.0006076011083239475,0.4276585938860563
2019-10-23,20,0,candidate_risk_off,0,0.6369119795079855,0.62,1,0.012844997692152495,0.0058645866307156,0.430242128845564
2019-10-24,20,0,candidate_risk_off,0,0.6057006653153739,0.62,0,-0.005763355662051321,-0.005763355662051321,0.4550430599136261
2019-10-25,20,0,candidate_risk_off,1,0.5856700685183475,0.62,0,-0.019034687191467826,-0.019034687191467826,0.4618734026383693
2019-10-28,20,0,candidate_risk_off,1,0.6136947420466994,0.62,0,-0.02040794051907282,-0.02040794051907282,0.43951124825071797
2019-10-29,20,0,candidate_risk_off,1,0.6867767960725497,0.62,1,-0.019345041743642023,-0.019795598290989695,0.43145420587009187
2019-10-30,20,0,candidate_risk_off,1,0.6827412614515672,0.62,1,-0.022961404106937134,-0.024823754480463905,0.4441676010492006
2019-10-31,20,0,candidate_risk_off,1,0.6931493729086716,0.62,1,-0.028876529686085554,-0.028876529686085554,0.4305746272352755
2019-11-01,20,0,candidate_risk_off,1,0.6356006478375837,0.62,1,-0.0451560347740516,-0.04552695083793924,0.4636553239084972
2019-11-04,20,0,candidate_risk_off,1,0.7182987302951102,0.62,1,-0.06372314987852101,-0.06372314987852101,0.45763520845552635
2019-11-05,20,0,candidate_risk_off,1,0.688737931820067,0.62,1,-0.07173777313257965,-0.07173777313257965,0.4608406236115891
2019-11-06,20,0,candidate_risk_off,1,0.6798779359608802,0.62,1,-0.059299773654135655,-0.07229407423268945,0.4562972085547842
2019-11-07,20,0,candidate_risk_off,1,0.666974547827124,0.62,1,-0.06116735571280441,-0.07143509343861161,0.43631786213300905
2019-11-08,20,0,candidate_risk_off,1,0.6726356355487305,0.62,1,-0.05936134903933681,-0.06993009931133606,0.4286487020114871
2019-11-11,20,0,candidate_risk_off,1,0.6815043826944188,0.62,1,-0.05114060070243183,-0.06430053618063745,0.41174064297241036
2019-11-12,20,0,candidate_risk_off,1,0.680563441361195,0.62,1,-0.05867357396587948,-0.06585330100311007,0.4272917535095251
2019-11-13,20,0,candidate_risk_off,1,0.691924540524631,0.62,1,-0.05165869581470659,-0.060378421491428545,0.41116420577370255
2019-11-14,20,0,candidate_risk_off,1,0.6603233385893661,0.62,1,-0.04457255691277613,-0.0599142399980095,0.4096449572077706
2019-11-15,20,0,candidate_risk_off,1,0.6502970178160943,0.62,1,-0.044385160106518,-0.05766930375778117,0.4033124319840952
2019-11-18,20,0,candidate_risk_off,1,0.6663693405813724,0.62,1,-0.042197689834292985,-0.05059504452161208,0.3843678777413557
2019-11-19,20,0,candidate_risk_off,1,0.6802937553422284,0.62,1,-0.05537549309111586,-0.0560046019791544,0.42660626844253924
2019-11-20,20,0,candidate_risk_off,1,0.684755063736366,0.62,1,-0.0506643708252021,-0.0506643708252021,0.397410121636374
2019-11-21,20,0,candidate_risk_off,1,0.6740247737588733,0.62,1,-0.036733248769640806,-0.03792060410171401,0.38276594731976765
2019-11-22,20,0,candidate_risk_off,1,0.6358952756703012,0.62,1,-0.022098004449058774,-0.02763394443931946,0.39649214109443986
2019-11-25,20,0,candidate_risk_off,1,0.6287106069603753,0.62,1,-0.01748177056395988,-0.026170377271056977,0.3912390534497848
2019-11-26,20,0,candidate_risk_off,1,0.6295218267150784,0.62,1,-0.01850574852397862,-0.02662093381840462,0.3911045390924464
2019-11-27,20,0,candidate_risk_off,1,0.5870448831042355,0.62,0,-0.017792320173038584,-0.028032727644583803,0.39651150700128346
2019-11-28,20,0,candidate_risk_off,0,0.5928604045796478,0.62,0,-0.012234597756595312,-0.02004730113244007,0.38099604597871134
2019-11-29,20,0,candidate_risk_off,0,0.5967754255200732,0.62,0,-0.007486101984022797,-0.020418217196327627,0.3939084125427374
2019-12-02,20,0,candidate_risk_off,0,0.5601773286651803,0.62,0,0.005944912901398243,-0.008563524621815647,0.3812057184059862
2019-12-03,20,0,candidate_risk_off,0,0.5965036714595543,0.62,0,0.00789799448219189,-0.0024152571912474463,0.3768895445860094
2019-12-04,20,0,candidate_risk_off,0,0.5786900499419975,0.62,0,0.0007968663911221969,-0.0154095577698012,0.4298685786016594
2019-12-05,20,0,candidate_risk_off,0,0.6002977896840876,0.62,0,0.0019394222039348507,-0.012682994917054598,0.40406727759801553
2019-12-06,20,0,candidate_risk_off,0,0.5669176689094066,0.62,0,-0.008096535229210621,-0.012984007463246674,0.4092745697953624
2019-12-09,20,0,candidate_risk_off,0,0.5051225843204011,0.62,0,-0.007460007375027002,-0.015575192669453064,0.4322948456569633
2019-12-10,20,0,candidate_risk_off,0,0.506903790370779,0.62,0,-0.011858012071671517,-0.011858012071671517,0.3911188223393522
2019-12-11,20,0,candidate_risk_off,0,0.5199554897962018,0.62,0,-0.0016962120272963719,-0.013398010711162983,0.4130387614831109
2019-12-12,20,0,candidate_risk_off,0,0.5117005951397383,0.62,0,0.0003820912831569795,-0.02001996811967432,0.4294456708742882
2019-12-13,20,0,candidate_risk_off,0,0.5475021014562748,0.62,0,-0.0003519632338276393,-0.01796242868570413,0.39504385473449566
2019-12-16,20,0,candidate_risk_off,0,0.5672771854164053,0.62,0,0.005735132159278753,-0.01307563972175996,0.38245046716715647
2019-12-17,20,0,candidate_risk_off,0,0.5744700161637539,0.62,0,0.01408232099019604,-0.005307393922479388,0.3715948716892073
2019-12-18,20,0,candidate_risk_off,0,0.6178549225618304,0.62,0,0.02407877674229779,-0.0022630278431935848,0.35774308650329384
2019-12-19,20,0,candidate_risk_off,0,0.5924622979441643,0.62,0,0.027652676929890565,-0.003450383175266673,0.3736603903678992
2019-12-20,20,0,candidate_risk_off,0,0.5846591072267866,0.62,0,0.02296694301866631,-0.0077989678334543355,0.3815774192933736
2019-12-23,20,0,candidate_risk_off,0,0.5732007554176372,0.62,0,0.02769217963978047,-0.010951634550290749,0.40103112863853185
2019-12-24,20,0,candidate_risk_off,0,0.5561826767473992,0.62,0,0.033412667521402754,-0.010378213137619656,0.40186995972392503
2019-12-25,20,0,candidate_risk_off,0,0.5409150233393725,0.62,0,-0.001395470156159926,-0.012503435314738784,0.4163906983546236
2019-12-26,20,0,candidate_risk_off,1,0.5522719655335628,0.62,0,-0.02318580443682919,-0.02318580443682919,0.39065467352095845
2019-12-27,20,0,candidate_risk_off,1,0.5647707606712946,0.62,0,-0.03740028315112539,-0.03740028315112539,0.4368464408784796
2019-12-30,20,0,candidate_risk_off,1,0.5642114686352728,0.62,0,-0.03795357645339801,-0.03897660546203451,0.4286032841777653
2019-12-31,20,0,candidate_risk_off,1,0.5531215517960091,0.62,0,-0.03718696539080122,-0.03718696539080122,0.4172549337288002
2020-01-02,20,0,candidate_risk_off,1,0.57365183600682,0.62,0,-0.029531699254017642,-0.0430801378782855,0.4451223884030774
2020-01-03,20,0,candidate_risk_off,1,0.5965186363797169,0.62,0,-0.025595739062891847,-0.04149613083835147,0.4200086920280325
2020-01-06,20,0,candidate_risk_off,1,0.6441387428048674,0.62,1,-0.026568999174803952,-0.03176118595139813,0.3803224226055125
2020-01-07,20,0,candidate_risk_off,1,0.6362563987352691,0.62,1,-0.025572410896054644,-0.03498889901178817,0.4066338742710223
2020-01-08,20,0,candidate_risk_off,0,0.6540605465386687,0.62,1,-0.011978984157330745,-0.02461068587416849,0.37904912101309274
2020-01-09,20,0,candidate_risk_off,1,0.6722908308565209,0.62,1,-0.023083742437944792,-0.03631248455803503,0.4138073583934627
2020-01-10,20,0,candidate_risk_off,1,0.6464280349267707,0.62,1,-0.03262635988612694,-0.04501274527699979,0.43614359579727874
2020-01-13,20,0,candidate_risk_off,1,0.6587100187016306,0.62,1,-0.032697679300589505,-0.042221151326044946,0.421670714552872
2020-01-14,20,0,candidate_risk_off,1,0.6453616531401222,0.62,1,-0.04124219654664014,-0.043421457755207345,0.4262998129779658
2020-01-15,20,0,candidate_risk_off,1,0.5909518158762922,0.62,0,-0.040927075350765944,-0.04400040078684389,0.4524051542016806
2020-01-16,20,0,candidate_risk_off,1,0.592855386393558,0.62,0,-0.03784099600407702,-0.050952490459659744,0.45707183610326824
2020-01-17,20,0,candidate_risk_off,1,0.606535231432288,0.62,0,-0.04798912445981898,-0.05571374597932573,0.4574006508809191
2020-01-20,20,0,candidate_risk_off,1,0.5718690929852046,0.62,0,-0.08005462917217106,-0.08005462917217106,0.45333736827546345
2020-01-21,20,0,candidate_risk_off,1,0.5488201576616237,0.62,0,-0.08094964138289742,-0.08793253251012165,0.4745739557883887
2020-01-22,20,0,candidate_risk_off,1,0.5725922886836219,0.62,0,-0.10127167395974397,-0.10127167395974397,0.47641961345276024
2020-01-30,20,0,candidate_risk_off,1,0.41502800702822834,0.62,0,-0.06583576270024019,-0.06858875845930046,0.40590796017264874
2020-01-31,20,0,candidate_risk_off,1,0.4881677723974352,0.62,0,-0.059870198045988476,-0.059870198045988476,0.4081147738805142
2020-02-03,20,0,candidate_risk_off,1,0.3144837818082104,0.62,0,-0.04823921376607366,-0.05077513116815243,0.4156540711987894
2020-02-04,20,0,candidate_risk_off,1,0.26360338895263336,0.62,0,-0.04229899127534261,-0.05179816017678885,0.413281155261212
2020-02-05,20,0,candidate_risk_off,1,0.24118877277879822,0.62,0,-0.04026369079528272,-0.04836958538961088,0.40396231947767436
2020-02-06,20,0,candidate_risk_off,1,0.2388268918644896,0.62,0,-0.04939181122966478,-0.06191802401387862,0.43839256825628203
2020-02-07,20,0,candidate_risk_off,1,0.2803731049538191,0.62,0,-0.05383929673474806,-0.06426997716507049,0.42764902130125815
2020-02-10,20,0,candidate_risk_off,1,0.3191764842237099,0.62,0,-0.10795084539177008,-0.10795084539177008,0.4076229574905098
2020-02-11,20,0,candidate_risk_off,1,0.3003071967854355,0.62,0,-0.10977226211459891,-0.11217514673090936,0.4225791845293949
2020-02-12,20,0,candidate_risk_off,1,0.3140782488164505,0.62,0,-0.1447092124293791,-0.1447092124293791,0.43800050414095265
2020-02-13,20,0,candidate_risk_off,1,0.37863402365950494,0.62,0,-0.1985897656160261,-0.1985897656160261,0.4315496290222288
2020-02-14,20,0,candidate_risk_off,1,0.4593505240034113,0.62,0,-0.20750562299895964,-0.20750562299895964,0.40683068445302717
2020-02-17,20,0,candidate_risk_off,1,0.4634287133952155,0.62,0,-0.22308471504216587,-0.22308471504216587,0.40289634088642234
2020-02-18,20,0,candidate_risk_off,1,0.4821486602672169,0.62,0,-0.2185256483624878,-0.2185256483624878,0.3814662254231419
2020-02-19,20,0,candidate_risk_off,1,0.4537511235024738,0.62,0,-0.21690203395133387,-0.21941971258999862,0.3893983107360043
2020-02-20,20,0,candidate_risk_off,1,0.423582267212864,0.62,0,-0.2564211653722282,-0.2564211653722282,0.4311171258887081
2020-02-21,20,0,candidate_risk_off,1,0.43613698708660026,0.62,0,-0.27361704319779195,-0.27361704319779195,0.3818384699185544
2020-02-24,20,0,candidate_risk_off,1,0.371126636104641,0.62,0,-0.30392384099123926,-0.30392384099123926,0.4141374332381863
2020-02-25,20,0,candidate_risk_off,1,0.3646982637525738,0.62,0,-0.32203974799631657,-0.32203974799631657,0.43546207420147465
2020-02-26,20,0,candidate_risk_off,1,0.42821182542060243,0.62,0,-0.26085307946127,-0.30686478188842115,0.3973351491336258
2020-02-27,20,0,candidate_risk_off,1,0.35490477600983605,0.62,0,-0.2578854176360755,-0.30961777764748144,0.4050215462217921
2020-02-28,20,0,candidate_risk_off,1,0.38396593571315113,0.62,0,-0.23697158879310576,-0.2913653039253633,0.40767363733628015
2020-03-02,20,0,candidate_risk_off,1,0.3827200987690521,0.62,0,-0.28928514163463015,-0.29390122132744195,0.41036607719673507
2020-03-03,20,0,candidate_risk_off,1,0.3798570249259705,0.62,0,-0.29584078135592223,-0.3008644728268095,0.42090888373771385
2020-03-04,20,0,candidate_risk_off,1,0.39198042665889216,0.62,0,-0.26808237062719614,-0.2994711985196914,0.4144646227100772
2020-03-05,20,0,candidate_risk_off,1,0.38223842115580237,0.62,0,-0.24128520194357536,-0.30389151670957726,0.4178546789925046
2020-03-06,20,0,candidate_risk_off,1,0.39390415964414244,0.62,0,-0.19058951112099445,-0.3017959843556858,0.4194024656420361
2020-03-09,20,0,candidate_risk_off,1,0.2622931742617575,0.62,0,-0.11236827339020633,-0.2369762306997983,0.4054164550612264
2020-03-10,20,0,candidate_risk_off,1,0.17825008993531166,0.62,0,-0.11299154811428287,-0.23937911531610864,0.42834956179725797
2020-03-11,20,0,candidate_risk_off,1,0.22361048765579022,0.62,0,-0.064946977420964,-0.20765737860243288,0.4280104017348848
2020-03-12,20,0,candidate_risk_off,1,0.38622884554233544,0.62,0,-0.014811787365578347,-0.15437386581903836,0.419781920293593
2020-03-13,20,0,candidate_risk_off,1,0.20008658815656846,0.62,0,0.005250180628185085,-0.14461565170688745,0.4263520891906185
2020-03-16,20,0,candidate_risk_off,1,0.19181789610988434,0.62,0,0.025805414060385345,-0.12617364629826378,0.4314766607796993
2020-03-17,20,0,candidate_risk_off,1,0.22683915734413926,0.62,0,0.04129280002997624,-0.12338850216105357,0.4257039851492467
2020-03-18,20,0,candidate_risk_off,1,0.19575637305652302,0.62,0,0.043242623943414084,-0.12590618079971838,0.43566263107801273
2020-03-19,20,0,candidate_risk_off,0,0.28673267292681315,0.62,0,0.08405912133783035,-0.0964252183983288,0.42855927774735625
2020-03-20,20,0,candidate_risk_off,0,0.2582284518144855,0.62,0,0.11341976207345843,-0.07384246763668896,0.40863688123928626
2020-03-23,20,0,candidate_risk_off,0,0.47460394672968154,0.62,0,0.14010301039088294,-0.01113301587785287,0.40525563854013685
2020-03-24,20,0,candidate_risk_off,0,0.3793270681637518,0.62,0,0.15394478450154675,0.004616079692811852,0.3949499071787013
2020-03-25,20,0,candidate_risk_off,0,0.36007105037953585,0.62,0,0.11440173694876062,-0.0413956227343391,0.42661994630312416
2020-03-26,20,0,candidate_risk_off,0,0.34299390561104504,0.62,0,0.1122281657692905,-0.04711628031859396,0.4183620343473842
2020-03-27,20,0,candidate_risk_off,0,0.32082724152228304,0.62,0,0.1019541516654428,-0.04977763543944564,0.43461508051354236
2020-03-30,20,0,candidate_risk_off,0,0.36440302891659104,0.62,0,0.14710232981920116,0.0004076117780754718,0.39872225239991554
2020-03-31,20,0,candidate_risk_off,0,0.23465835473138025,0.62,0,0.14916816233485578,0.02636513642160784,0.4258999718971639
2020-04-01,20,0,candidate_risk_off,0,0.2899093564019444,0.62,0,0.1141321871696578,0.031217486873506554,0.44198536543903216
2020-04-03,20,0,candidate_risk_off,0,0.29947906205693503,0.62,0,0.08512872817501313,0.04860015846868941,0.43883942860567465
2020-04-06,20,0,candidate_risk_off,0,0.2749973305958915,0.62,0,0.06036031015711503,0.013401484074900733,0.4305364434795589
2020-04-07,20,0,candidate_risk_off,0,0.2886867070113749,0.62,0,0.0646272421076676,0.001779609892233747,0.43594512845667893
2020-04-08,20,0,candidate_risk_off,0,0.37001673530872436,0.62,0,0.08419890006284235,0.013174511251634418,0.4496399566699414
2020-04-09,20,0,candidate_risk_off,0,0.4379567090281761,0.62,0,0.08565907614507168,-0.0031483227280086983,0.4431651082122189
2020-04-10,20,0,candidate_risk_off,0,0.35217683454293575,0.62,0,0.0972106581320026,0.0059589366086929925,0.4269283741119704
2020-04-13,20,0,candidate_risk_off,0,0.40850615208284513,0.62,0,0.08557718850577557,-0.0043448172729193555,0.43754791755662814
2020-04-14,20,0,candidate_risk_off,0,0.3924228345293805,0.62,0,0.08129188577771748,-0.006458045296496103,0.4543680797905376
2020-04-15,20,0,candidate_risk_off,0,0.42237979229819816,0.62,0,0.06211751948688585,-0.01916028712887666,0.4476235372233396
2020-04-16,20,0,candidate_risk_off,0,0.4167321111240743,0.62,0,0.06964506472316237,-0.023627789680979516,0.4557253726744951
2020-04-17,20,0,candidate_risk_off,0,0.3720488441225519,0.62,0,0.06889830436786809,-0.03496332467400597,0.45450899873913597
2020-04-20,20,0,candidate_risk_off,0,0.32226721206321374,0.62,0,0.07034965386702097,-0.04174121464799436,0.4702967474785018
2020-04-21,20,0,candidate_risk_off,0,0.4732595339359423,0.62,0,0.11782360537109689,-0.005715011206582887,0.43921695028377405
2020-04-22,20,0,candidate_risk_off,0,0.38278084584150185,0.62,0,0.10346776157899244,-0.008423769439393675,0.45337099954578364
2020-04-23,20,0,candidate_risk_off,0,0.38478796069625937,0.62,0,0.10435989891523492,-0.014892424313758633,0.4556749251493596
2020-04-24,20,0,candidate_risk_off,0,0.3030280726094474,0.62,0,0.11249003715123657,-0.018439510718543498,0.4658924578971916
2020-04-27,20,0,candidate_risk_off,0,0.3289816950815343,0.62,0,0.10660783997212185,-0.010826851735547193,0.40938539623854786
2020-04-28,20,0,candidate_risk_off,0,0.45524496053467867,0.62,0,0.11578680564890859,-0.006197394449860097,0.40523914183475535
2020-04-29,20,0,candidate_risk_off,0,0.47519639686050286,0.62,0,0.11688260019239091,-0.008670838743590035,0.39716711686969725
2020-05-04,20,0,candidate_risk_off,0,0.5065579534160866,0.62,0,0.1418462371285337,0.002214027878861953,0.3778758132486324
2020-05-05,20,0,candidate_risk_off,0,0.44035231778723255,0.62,0,0.13521809747848498,0.023831740450791252,0.3910247139803269
2020-05-06,20,0,candidate_risk_off,0,0.4907920621103275,0.62,0,0.11864163808894873,0.01766841602545312,0.4403594235662718
2020-05-07,20,0,candidate_risk_off,0,0.5455918360028158,0.62,0,0.1040665862665298,0.021351267847408446,0.4488443245725028
2020-05-08,20,0,candidate_risk_off,0,0.5848030735894127,0.62,0,0.0853366111319626,0.016212354413247452,0.44848971065028076
2020-05-11,20,0,candidate_risk_off,0,0.5759906593933259,0.62,0,0.08289424477491707,-0.0015706556486250554,0.4772473460060651
2020-05-12,20,0,candidate_risk_off,0,0.6334137529812286,0.62,1,0.07311213508070045,-0.009973914907547192,0.47175951444268494
2020-05-13,20,0,candidate_risk_off,0,0.6230228620459045,0.62,1,0.07590959410034999,-0.008644199162932398,0.44931432330931104
2020-05-14,20,0,candidate_risk_off,0,0.625747213234624,0.62,1,0.041152550164235475,-0.006472124458451059,0.4220435798951781
2020-05-15,20,0,candidate_risk_off,0,0.6196174393502732,0.62,0,0.04317608880930429,0.011995047788379242,0.403959224529988
2020-05-18,20,0,candidate_risk_off,0,0.5905889722326146,0.62,0,-0.005438832680158219,-0.005438832680158219,0.43389370422057116
2020-05-19,20,0,candidate_risk_off,0,0.602824419908133,0.62,0,0.011997441282527362,-0.016027607317890682,0.43727799989275973
2020-05-20,20,0,candidate_risk_off,0,0.5827335291550603,0.62,0,0.0017922516291927603,-0.02425684679103178,0.4586380952408021
2020-05-21,20,0,candidate_risk_off,0,0.5893526001740489,0.62,0,-0.008684571463502423,-0.03570459485369639,0.4698873997827133
2020-05-22,20,0,candidate_risk_off,0,0.6317241536032754,0.62,1,0.018381973459944724,-0.02405750929440259,0.42141426927154485
2020-05-25,20,0,candidate_risk_off,0,0.6165174528437313,0.62,0,0.014147908093171692,-0.03141830150500998,0.4596009903042336
2020-05-26,20,0,candidate_risk_off,0,0.6150584221646009,0.62,0,-0.0010706084495526861,-0.04309552614579654,0.4738809804404884
2020-05-27,20,0,candidate_risk_off,0,0.654625047967886,0.62,1,0.002597267924451547,-0.029600669983685587,0.43042459978941444
2020-05-28,20,0,candidate_risk_off,0,0.637638411524292,0.62,1,-0.007925541783334425,-0.03415017837478513,0.44433310388210784
2020-05-29,20,0,candidate_risk_off,0,0.6003736150771375,0.62,0,-0.014553550005857573,-0.03771941721199737,0.4569219741020982
2020-06-01,20,0,candidate_risk_off,1,0.5460080933702216,0.62,0,-0.05775508155894278,-0.05775508155894278,0.5049668429410389
2020-06-02,20,0,candidate_risk_off,1,0.5877184999637578,0.62,0,-0.058478578022697215,-0.058478578022697215,0.460287090494371
2020-06-03,20,0,candidate_risk_off,1,0.6292961818184761,0.62,1,-0.04370252331267277,-0.06573385908395246,0.4820404999485186
2020-06-04,20,0,candidate_risk_off,1,0.6029229135497692,0.62,0,-0.04811271521938328,-0.06882722328698682,0.4568167953050511
2020-06-05,20,0,candidate_risk_off,1,0.5619255802973596,0.62,0,-0.044544602437262416,-0.07144851599982781,0.4619666765110858
2020-06-08,20,0,candidate_risk_off,1,0.571411632170958,0.62,0,-0.044025552891442235,-0.08678915970465494,0.4785530281531249
2020-06-09,20,0,candidate_risk_off,1,0.6147933744008742,0.62,0,-0.04002577296176352,-0.08541030926936052,0.4427068786944024
2020-06-10,20,0,candidate_risk_off,1,0.6294209868201441,0.62,1,-0.040243458200965504,-0.08687805254439529,0.463961081286793
2020-06-11,20,0,candidate_risk_off,0,0.7398622077546454,0.62,1,0.010425422583736658,-0.04994893390379931,0.4172934850515938
2020-06-12,20,0,candidate_risk_off,0,0.7086583415129444,0.62,1,0.008865991103110784,-0.04550034809041714,0.42579652597421475
2020-06-15,20,0,candidate_risk_off,0,0.6347564110452919,0.62,1,0.04262367873939578,-0.008880474389333908,0.403563819661625
2020-06-16,20,0,candidate_risk_off,0,0.4921131753817152,0.62,0,0.013896200971953305,-0.036905522989751825,0.43679879212842754
2020-06-17,20,0,candidate_risk_off,0,0.48950872395967693,0.62,0,0.017943474432151364,-0.03492957280955852,0.4245252037313557
2020-06-18,20,0,candidate_risk_off,0,0.49302851705234707,0.62,0,0.024895922377443987,-0.035900497779527744,0.43679912548040734
2020-06-19,20,0,candidate_risk_off,0,0.4889815829948918,0.62,0,0.003975691502178534,-0.051319957143681184,0.46530695369726593
2020-06-22,20,0,candidate_risk_off,0,0.4552375133191678,0.62,0,-0.011404422147420734,-0.05444668398751552,0.4607601318316039
2020-06-23,20,0,candidate_risk_off,0,0.44906790885997033,0.62,0,-0.0075265256540360155,-0.05090539208557772,0.45125779032571356
2020-06-24,20,0,candidate_risk_off,0,0.45538986022832173,0.62,0,-0.005400091266306481,-0.04107841229747105,0.4279190585384347
2020-06-25,20,0,candidate_risk_off,0,0.5022062233972289,0.62,0,0.0025243389940182125,-0.035105110980784546,0.4142577876276433
2020-06-26,20,0,candidate_risk_off,0,0.46531950376338344,0.62,0,-0.027149912244078624,-0.03204634159547372,0.407797775732477
2020-06-29,20,0,candidate_risk_off,1,0.5873699958056628,0.62,0,-0.054754064168736356,-0.054754064168736356,0.38814420860384446
2020-06-30,20,0,candidate_risk_off,0,0.5039066363058311,0.62,0,-0.01434289481300984,-0.04961645593379521,0.39256139940995916
2020-07-01,20,0,candidate_risk_off,1,0.5006773891268724,0.62,0,-0.06445237484451533,-0.07164779170507486,0.4386572346121658
2020-07-02,20,0,candidate_risk_off,1,0.5195888774096845,0.62,0,-0.0502079878193247,-0.07033096400139868,0.41227852686200744
2020-07-03,20,0,candidate_risk_off,1,0.502613722732261,0.62,0,-0.05982342447376609,-0.07652036949636067,0.4187169815966024
2020-07-06,20,0,candidate_risk_off,1,0.5152088193372355,0.62,0,-0.055521744444164155,-0.09238006274700784,0.45500572430697994
2020-07-07,20,0,candidate_risk_off,1,0.5462173870493603,0.62,0,-0.042407551268993024,-0.0950009922413921,0.4446964073490343
2020-07-08,20,0,candidate_risk_off,0,0.523125259141837,0.62,0,-0.031371896610410795,-0.09625105027722493,0.4347192805666619
2020-07-09,20,0,candidate_risk_off,1,0.4790467201226777,0.62,0,-0.04244155751622403,-0.10999081242133117,0.44798077263584546
2020-07-10,20,0,candidate_risk_off,1,0.4797822744865038,0.62,0,-0.03474457163754822,-0.10398279512732322,0.41676978477800275
2020-07-13,20,0,candidate_risk_off,1,0.5537307397406673,0.62,0,-0.02981668612154714,-0.10112060906252483,0.3955277269934151
2020-07-14,20,0,candidate_risk_off,1,0.5389855079974036,0.62,0,-0.029256582072774193,-0.10041817989550032,0.3975948808042645
2020-07-15,20,0,candidate_risk_off,1,0.5840361011015878,0.62,0,-0.026783518833889824,-0.10248950317550512,0.38933432854753885
2020-07-16,20,0,candidate_risk_off,1,0.572302714961465,0.62,0,-0.025153184177824535,-0.110412876090767,0.4104576605257607
2020-07-17,20,0,candidate_risk_off,1,0.5984422500424587,0.62,0,-0.024705800448253625,-0.10491210457965491,0.37098492989699994
2020-07-20,20,0,candidate_risk_off,1,0.6207068219464303,0.62,1,-0.013146168116515367,-0.09265871777388993,0.3574528032391957
2020-07-21,20,0,candidate_risk_off,1,0.5949526440460076,0.62,0,-0.017868072501149843,-0.09299532236533689,0.37454469396346185
2020-07-22,20,0,candidate_risk_off,1,0.6126979725868423,0.62,0,-0.0045361651724079135,-0.08529477696495968,0.3540223355423818
2020-07-23,20,0,candidate_risk_off,1,0.580542990152701,0.62,0,-0.010017914111478362,-0.08724590590859797,0.36744192636359374
2020-07-24,20,0,candidate_risk_off,0,0.5702914837652882,0.62,0,0.03043098575404653,-0.05451288528519017,0.3653262845836046
2020-07-27,20,0,candidate_risk_off,0,0.6009387097709982,0.62,0,0.10107456324693004,0.007195416860559414,0.37746193707359643
2020-07-28,20,0,candidate_risk_off,0,0.5153283803883594,0.62,0,0.07204385003504597,-0.028078144260225833,0.4002557260579299
2020-07-29,20,0,candidate_risk_off,0,0.6234191944037859,0.62,1,0.09937811268691556,0.00950152816203515,0.38822392554600865
2020-07-30,20,0,candidate_risk_off,0,0.575683404877011,0.62,0,0.08786917182340435,-0.003426031159479446,0.39252556422271
2020-07-31,20,0,candidate_risk_off,0,0.5490966820614163,0.62,0,0.09616494442905064,0.020161373280249105,0.38707122454556514
2020-08-03,20,0,candidate_risk_off,0,0.4501266628269566,0.62,0,0.07903657870496847,0.015735122669555505,0.4233555443269176
2020-08-04,20,0,candidate_risk_off,0,0.43712625108926656,0.62,0,0.07466970035848934,0.01228571269441494,0.43513897536004464
2020-08-05,20,0,candidate_risk_off,0,0.49362938737056794,0.62,0,0.0760167654878719,0.0026701012382930574,0.44185796964871527
2020-08-06,20,0,candidate_risk_off,0,0.5378053774347942,0.62,0,0.07065490240142493,0.001688968584667946,0.4402229278667916
2020-08-07,20,0,candidate_risk_off,0,0.5071379244157361,0.62,0,0.0541147565652411,0.001923374332951165,0.43960349162453716
2020-08-10,20,0,candidate_risk_off,0,0.45293282863265866,0.62,0,0.05417457593899623,-0.00014232511825147527,0.4292526968369481
2020-08-11,20,0,candidate_risk_off,0,0.40968155951617374,0.62,0,0.053395273082421486,0.003965652041461004,0.4254739670223411
2020-08-12,20,0,candidate_risk_off,0,0.44416115077158014,0.62,0,0.04828850113473797,-0.0005787344774281068,0.4168819726029446
2020-08-13,20,0,candidate_risk_off,0,0.4217117533221732,0.62,0,0.03890354240366291,-0.010132442048755397,0.433975022788497
2020-08-14,20,0,candidate_risk_off,0,0.40086991731967164,0.62,0,0.05023659691835415,-0.005079054267214231,0.41084405493675646
2020-08-17,20,0,candidate_risk_off,0,0.4041158691616618,0.62,0,0.05281774494920558,-0.00438529979318745,0.4112388501591407
2020-08-18,20,0,candidate_risk_off,0,0.4162304704934278,0.62,0,0.05855218890961531,0.002100741932932413,0.4003477516836823
2020-08-19,20,0,candidate_risk_off,0,0.4213113877316626,0.62,0,0.04909165026322235,-0.0035306199954322566,0.41211449700207625
2020-08-20,20,0,candidate_risk_off,0,0.4630696734047828,0.62,0,0.060321515529583404,0.007715879242117009,0.39666551480952583
2020-08-21,20,0,candidate_risk_off,0,0.424152714176941,0.62,0,0.06033417123744946,0.01613069220769349,0.4199162608234347
2020-08-24,20,0,candidate_risk_off,0,0.5339491470904747,0.62,0,0.04227417898750917,0.005498966300545092,0.44801457882281537
2020-08-25,20,0,candidate_risk_off,0,0.5910576275783483,0.62,0,0.042970419454695076,-0.0007438816083562064,0.4401231751168063
2020-08-26,20,0,candidate_risk_off,0,0.6389244621586546,0.62,1,0.03940915680302379,0.001418618458003321,0.4235204103917857
2020-08-27,20,0,candidate_risk_off,0,0.6385386878278477,0.62,1,0.03764928837610901,0.0048697414461668625,0.42886165684329114
2020-08-28,20,0,candidate_risk_off,0,0.6423075411006537,0.62,1,0.03742594115888105,0.0030330075561669596,0.4311102025193617
2020-08-31,20,0,candidate_risk_off,0,0.6196880330848004,0.62,0,0.025012084399701727,0.007458083047203916,0.4324735978867194
2020-09-01,20,0,candidate_risk_off,0,0.5686128582058534,0.62,0,0.015003564803721335,-0.0039101612758723975,0.4477066058253816
2020-09-03,20,0,candidate_risk_off,0,0.6186777426428544,0.62,0,0.01113286087699656,-0.017542939099669877,0.4421821962099654
2020-09-04,20,0,candidate_risk_off,0,0.5927011074325353,0.62,0,0.00924128136830604,-0.014851177251515989,0.4189184845336401
2020-09-07,20,0,candidate_risk_off,0,0.6279236707960402,0.62,1,0.029321042429757638,0.000641505421337044,0.3920560298418833
2020-09-08,20,0,candidate_risk_off,0,0.5613422046774945,0.62,0,0.028277284029354907,-0.0014840134036206187,0.4020909612995214
2020-09-09,20,0,candidate_risk_off,0,0.5286660173916543,0.62,0,0.03361215014253243,-0.0005623854287944385,0.3881194014324121
2020-09-10,20,0,candidate_risk_off,0,0.5138771250815569,0.62,0,0.03321726459055883,0.00016874884025224797,0.3782393979275263
2020-09-11,20,0,candidate_risk_off,0,0.4969728748133758,0.62,0,0.03864858247895843,0.005687027739168962,0.38235793882627955
2020-09-14,20,0,candidate_risk_off,0,0.48239832653258785,0.62,0,0.03434747658328235,-0.0005926389939811708,0.4051992867474813
2020-09-15,20,0,candidate_risk_off,0,0.4891935863341871,0.62,0,0.03680348772826581,-0.0024800325508057674,0.39708017021831754
2020-09-16,20,0,candidate_risk_off,0,0.47509584285958095,0.62,0,0.04649165267408138,-0.003829176718028059,0.4055681653607114
2020-09-17,20,0,candidate_risk_off,0,0.4231960562055679,0.62,0,0.05306122644629259,0.007699245270928868,0.387615516247502
2020-09-18,20,0,candidate_risk_off,0,0.40753750854681814,0.62,0,0.045934603482984115,0.003357474080811035,0.40351655421261046
2020-09-21,20,0,candidate_risk_off,0,0.4142063948104471,0.62,0,0.03861942526043811,-0.004371060869172105,0.41893049578343233
2020-09-22,20,0,candidate_risk_off,0,0.40758433342279904,0.62,0,0.041321985373733855,-0.002441760826925267,0.3982736236619138
2020-09-23,20,0,candidate_risk_off,0,0.40340131637697496,0.62,0,0.0286593421230509,-0.009380849203012276,0.40509508426346075
2020-09-24,20,0,candidate_risk_off,0,0.39337065165716717,0.62,0,0.04447377469951765,-0.005075704942984885,0.3894179239347373
2020-09-25,20,0,candidate_risk_off,0,0.42677153397320083,0.62,0,0.0567032326589702,-0.0047344549740734486,0.38962706987511286
2020-09-28,20,0,candidate_risk_off,0,0.49425992230723303,0.62,0,0.04111565002939229,-0.009380849203012276,0.4047043902549177
2020-09-29,20,0,candidate_risk_off,0,0.5452842166346811,0.62,0,0.04593203817234574,0.0013597247270958413,0.38580255120649976
2020-09-30,20,0,candidate_risk_off,0,0.5411341886279348,0.62,0,0.017347362617496014,0.005178732540228374,0.39875488873109477
2020-10-01,20,0,candidate_risk_off,0,0.5056279232735639,0.62,0,0.005444134831699642,-0.004583341356844453,0.4435385791909895
2020-10-02,20,0,candidate_risk_off,0,0.527167152128511,0.62,0,0.016956023056360327,0.005228583809935716,0.405404720078101
2020-10-05,20,0,candidate_risk_off,0,0.541746793663504,0.62,0,0.020559489773204043,0.0010817604245548903,0.40687054309976234
2020-10-06,20,0,candidate_risk_off,0,0.5186251025486283,0.62,0,0.02132889809283388,0.003455967157583461,0.4177374462532998
2020-10-07,20,0,candidate_risk_off,0,0.5273656134902035,0.62,0,0.021555247621830288,-0.0009572709807678487,0.42816714829647445
2020-10-08,20,0,candidate_risk_off,0,0.5231200771684743,0.62,0,0.020371384048964384,0.00026116479647007846,0.40967147483666055
2020-10-09,20,0,candidate_risk_off,0,0.502994150189335,0.62,0,0.01534699802532249,-0.005338901932181662,0.43162810415045566
2020-10-12,20,0,candidate_risk_off,0,0.5022857960467167,0.62,0,0.027863898055356953,-0.007317462769655638,0.4349884210961763
2020-10-13,20,0,candidate_risk_off,0,0.4463438318825462,0.62,0,0.023425950076293504,-0.011660867471463558,0.4342830657783366
2020-10-14,20,0,candidate_risk_off,0,0.46205644990732886,0.62,0,0.01272475423659199,-0.02269817658450156,0.437673415685841
2020-10-15,20,0,candidate_risk_off,0,0.4492458607627433,0.62,0,0.017371259722990647,-0.02543857363868452,0.42447317533341017
2020-10-16,20,0,candidate_risk_off,0,0.41080511980900514,0.62,0,0.024079630542931402,-0.02601119594630493,0.4288979327424449
2020-10-19,20,0,candidate_risk_off,0,0.2843818477261661,0.62,0,0.007495495588503665,-0.026424552673741986,0.42122011352455113
2020-10-20,20,0,candidate_risk_off,0,0.6111068951577006,0.62,0,0.025590424936665124,-0.027197812744790814,0.44164648352660574
2020-10-21,20,0,candidate_risk_off,0,0.5451653027231044,0.62,0,0.03608121339872021,-0.021474257870194836,0.40076934979218837
2020-10-22,20,0,candidate_risk_off,0,0.7189981742783808,0.62,1,0.03451686571748417,-0.03298354618663422,0.4472202963329962
2020-10-23,20,0,candidate_risk_off,0,0.7181177559425079,0.62,1,0.029460019241957718,-0.0448717541771754,0.45347321822541087
2020-10-26,20,0,candidate_risk_off,0,0.7702747733165494,0.62,1,0.044624599785585466,-0.03393056577653635,0.4061894625019976
2020-10-27,20,0,candidate_risk_off,0,0.7652948723119823,0.62,1,0.05076699026674213,-0.02936610471647746,0.3945805512527246
2020-10-28,20,0,candidate_risk_off,0,0.46190090980067816,0.62,0,0.08218095358383898,-0.0021411538887236036,0.3891815197637077
2020-10-29,20,0,candidate_risk_off,0,0.45949876184256083,0.62,0,0.09033435943196624,0.00692854686781607,0.4024673925849058
2020-10-30,20,0,candidate_risk_off,0,0.5234972691103404,0.62,0,0.08762169132044462,0.00883205052677949,0.4155722734083721
2020-11-02,20,0,candidate_risk_off,0,0.5436334542194942,0.62,0,0.07169677839496684,0.0018511687441846105,0.43275486592210705
2020-11-03,20,0,candidate_risk_off,0,0.5598817835026365,0.62,0,0.07560123576860878,0.002498453113713965,0.42055595540537904
2020-11-04,20,0,candidate_risk_off,0,0.5878094505911962,0.62,0,0.0763491927040621,-0.002141134553633845,0.43474034763544983
2020-11-05,20,0,candidate_risk_off,0,0.6003942249331511,0.62,0,0.08387841965905866,0.0005756807050099062,0.4027774918826922
2020-11-06,20,0,candidate_risk_off,0,0.5277922328666369,0.62,0,0.08495855501754455,0.013234148304741454,0.41057773498759964
2020-11-09,20,0,candidate_risk_off,0,0.5265691207884501,0.62,0,0.0787401330249165,-0.001261312562767111,0.45236448638533905
2020-11-10,20,0,candidate_risk_off,0,0.5523993533975899,0.62,0,0.0781353891580411,-0.0011667692855114582,0.42472376839075104
2020-11-11,20,0,candidate_risk_off,0,0.5451534822284024,0.62,0,0.08734300304972722,-0.0015028825588478435,0.41554644963070503
2020-11-12,20,0,candidate_risk_off,0,0.49456223178092235,0.62,0,0.07201418324602112,-0.00888978509942968,0.43909078221794495
2020-11-13,20,0,candidate_risk_off,0,0.49743688804659475,0.62,0,0.07922640677714483,-0.016170778226990798,0.4426890987679508
2020-11-16,20,0,candidate_risk_off,0,0.5711957288423991,0.62,0,0.1125820348187735,0.018868189419210448,0.4005293814102103
2020-11-17,20,0,candidate_risk_off,0,0.5282921975318899,0.62,0,0.08539052994682028,0.004767233587459033,0.43677854067160027
2020-11-18,20,0,candidate_risk_off,0,0.5679846472517827,0.62,0,0.09166823820818998,0.009944940635203504,0.4388835318104049
2020-11-19,20,0,candidate_risk_off,0,0.5572707138769613,0.62,0,0.06735615660204668,0.00683136151501463,0.44081490939025814
2020-11-20,20,0,candidate_risk_off,0,0.5454108499241105,0.62,0,0.07533233054610348,0.004223392142988823,0.44684815145762335
2020-11-23,20,0,candidate_risk_off,0,0.5640296170095824,0.62,0,0.08378748517972445,0.0015779294210976843,0.4424862596996608
2020-11-24,20,0,candidate_risk_off,0,0.5266076719375581,0.62,0,0.08439940847224336,0.004189012489342879,0.450226814078851
2020-11-25,20,0,candidate_risk_off,0,0.5839670096026349,0.62,0,0.07600200537522936,0.003135268317000039,0.4387570220578916
2020-11-26,20,0,candidate_risk_off,0,0.5569048451710839,0.62,0,0.05938595114880374,-0.002876983642403693,0.4603213389017041
2020-11-27,20,0,candidate_risk_off,0,0.5521004856557304,0.62,0,0.0708771529354972,-0.007092862398698215,0.4524162179201292
2020-11-30,20,0,candidate_risk_off,0,0.556635499592864,0.62,0,0.0843218693914949,0.005755626117826618,0.414283268544654
2020-12-01,20,0,candidate_risk_off,0,0.5009394762151734,0.62,0,0.0860155432933625,0.005387544602800859,0.45280140258789586
2020-12-02,20,0,candidate_risk_off,0,0.5277947076071107,0.62,0,0.07885287453472573,0.005388092401362768,0.42590296306966907
2020-12-03,20,0,candidate_risk_off,0,0.5305906314379936,0.62,0,0.07921565765929468,0.0016558160634956485,0.43942797615721707
2020-12-04,20,0,candidate_risk_off,0,0.5087372824810081,0.62,0,0.09248589443629367,0.007577751730749735,0.42652374940880255
2020-12-07,20,0,candidate_risk_off,0,0.5263952704316204,0.62,0,0.09493234293354519,-0.0006992871441310618,0.45361516318549033
2020-12-08,20,0,candidate_risk_off,0,0.5548424715578082,0.62,0,0.10499999753788625,0.0016018099018983414,0.41349263357632815
2020-12-09,20,0,candidate_risk_off,0,0.5324454579855054,0.62,0,0.10700573127471243,-0.007941917263124128,0.449101429814599
2020-12-10,20,0,candidate_risk_off,0,0.6467108759075285,0.62,1,0.12458553088434743,0.014493216658684761,0.3887964214644412
2020-12-11,20,0,candidate_risk_off,0,0.6550735405344212,0.62,1,0.1247148192804355,0.005539335239784134,0.43633464431601504
2020-12-14,20,0,candidate_risk_off,0,0.5535870675755361,0.62,0,0.11374746657910484,-0.01164551457485387,0.47001418751865043
2020-12-15,20,0,candidate_risk_off,0,0.6977668182649794,0.62,1,0.11683179984726685,-0.003322199122111105,0.43172747682305157
2020-12-16,20,0,candidate_risk_off,0,0.6553710194724279,0.62,1,0.10692444264996757,-0.014367140970939841,0.449953795125076
2020-12-17,20,0,candidate_risk_off,0,0.685813231816595,0.62,1,0.12700204589722436,0.014807535459071354,0.4153914255970783
2020-12-18,20,0,candidate_risk_off,0,0.6249911776108026,0.62,1,0.11030023711320881,5.620661553331797e-05,0.43458481921924796
2020-12-21,20,0,candidate_risk_off,0,0.6127591705680097,0.62,0,0.04514165566477168,-0.012622340161076299,0.465616055687624
2020-12-22,20,0,candidate_risk_off,0,0.5984352506733542,0.62,0,0.04620027867246464,-0.014812192874692983,0.46785339926636826
2020-12-23,20,0,candidate_risk_off,0,0.6843191715083141,0.62,1,0.07610074183286797,-0.010603802267021933,0.4270824925424929
2020-12-24,20,0,candidate_risk_off,0,0.6560128340130315,0.62,1,0.08890961665820386,0.015707080542987972,0.4147938046019679
2020-12-25,20,0,candidate_risk_off,0,0.5973636793053151,0.62,0,0.07257668680444085,0.00635185405729938,0.45458947221299684
2020-12-28,20,0,candidate_risk_off,0,0.6218204777325916,0.62,1,0.04022181261449624,0.005674175863858344,0.45675987709961774
2020-12-29,20,0,candidate_risk_off,0,0.6105110359276048,0.62,0,-0.0021122985465347782,-0.0021122985465347782,0.44957131564288927
2020-12-30,20,0,candidate_risk_off,1,0.6415116407400838,0.62,1,-0.06941338062164591,-0.06941338062164591,0.4279579365242357
2020-12-31,20,0,candidate_risk_off,1,0.6717586158172547,0.62,1,-0.04375651727540552,-0.07516425614757766,0.43066696408227617
2021-01-04,20,0,candidate_risk_off,1,0.6063397469881342,0.62,0,-0.07885418116138684,-0.09009030898807227,0.4647997331720228
2021-01-05,20,0,candidate_risk_off,1,0.6023331666967952,0.62,0,-0.05165816417143326,-0.10081379636020453,0.4724132709128961
2021-01-06,20,0,candidate_risk_off,1,0.6137558389165472,0.62,0,-0.028318592272332636,-0.1101821638204146,0.47646007307365
2021-01-07,20,0,candidate_risk_off,1,0.5606514191365713,0.62,0,-0.03905851133062791,-0.12173162472226316,0.48881763097343583
2021-01-08,20,0,candidate_risk_off,1,0.5678148101052019,0.62,0,-0.0355480643807609,-0.13136950706877412,0.4809937644587303
2021-01-11,20,0,candidate_risk_off,1,0.5419415796517797,0.62,0,-0.08974878407969741,-0.14599201212354693,0.478861723677534
2021-01-12,20,0,candidate_risk_off,1,0.5471942072382697,0.62,0,-0.06707581771522907,-0.1522095092368541,0.4813433376165762
2021-01-13,20,0,candidate_risk_off,1,0.5390429026136416,0.62,0,-0.02585301748292398,-0.14697052705227343,0.44125268225358866
2021-01-14,20,0,candidate_risk_off,1,0.4848027936532495,0.62,0,-0.011025694094087617,-0.14810811170380284,0.4562881899241357
2021-01-15,20,0,candidate_risk_off,1,0.4877531403847907,0.62,0,-0.01748576882181387,-0.15381857398011975,0.44497823415825444
2021-01-18,20,0,candidate_risk_off,1,0.504945250544536,0.62,0,-0.014280042235931732,-0.15192430065517565,0.40955217545571204
2021-01-19,20,0,candidate_risk_off,1,0.24976303034678307,0.62,0,0.04041023867291708,-0.09944426598334809,0.4158769013968011
2021-01-20,20,0,candidate_risk_off,1,0.17703956686099537,0.62,0,0.023800591389375528,-0.10269274170465785,0.4428927169195186
2021-01-21,20,0,candidate_risk_off,1,0.1073187400886763,0.62,0,0.001047372221911758,-0.12838481425739015,0.49678134375451566
2021-01-22,20,0,candidate_risk_off,1,0.10846716748469944,0.62,0,0.0014473827599051786,-0.1305898868157041,0.4744363918536518
2021-01-25,20,0,candidate_risk_off,1,0.09033640816345177,0.62,0,0.017107660602391814,-0.129964037504929,0.45448402422381184
2021-01-26,20,0,candidate_risk_off,1,0.12737714315415813,0.62,0,0.04348155372371964,-0.10396101737228385,0.44013911102833747
2021-01-27,20,0,candidate_risk_off,0,0.22311897076247425,0.62,0,0.07865285435959254,-0.06907620623094714,0.414193388464838
2021-01-28,20,0,candidate_risk_off,0,0.35371447738303197,0.62,0,0.1320800596602972,0.011236127826685352,0.38970524814476093
2021-01-29,20,0,candidate_risk_off,0,0.37194302256051615,0.62,0,0.10081779338177309,-0.020171611045486714,0.40752373789323737
2021-02-01,20,0,candidate_risk_off,0,0.340281695593115,0.62,0,0.12062996309790702,0.037919504362086,0.4059614351212671
2021-02-02,20,0,candidate_risk_off,0,0.37690932881220673,0.62,0,0.07730327720109596,0.007087595855078095,0.4214198787527549
2021-02-03,20,0,candidate_risk_off,0,0.4363280012774571,0.62,0,0.05155061984178683,-0.025620343504232476,0.41658474385891964
2021-02-04,20,0,candidate_risk_off,0,0.2892570483072562,0.62,0,0.06064842195241408,-0.02642988534778579,0.4256967294335424
2021-02-05,20,0,candidate_risk_off,0,0.3192016908296439,0.62,0,0.047356225419858185,-0.03957821464416376,0.4431800687875488
2021-02-08,20,0,candidate_risk_off,0,0.3662436922434321,0.62,0,0.08947023842384169,0.028890463477775487,0.41412869564492294
2021-02-09,20,0,candidate_risk_off,0,0.3317171863548767,0.62,0,0.05663806645147633,0.03598381804772441,0.44355919233751695
2021-02-17,20,0,candidate_risk_off,0,0.299112261104053,0.62,0,0.02588674230523963,0.005341399820517963,0.46270435726512693
2021-02-18,20,0,candidate_risk_off,0,0.2379032015438551,0.62,0,0.022364234721508655,-0.01062350821984786,0.4798689802241448
2021-02-19,20,0,candidate_risk_off,0,0.2767186325346393,0.62,0,0.01736015383159309,-0.00987389576843857,0.4354767994581893
2021-02-22,20,0,candidate_risk_off,0,0.2698819694528782,0.62,0,0.016366894571196194,-0.011185349029376531,0.4495216538118312
2021-02-23,20,0,candidate_risk_off,0,0.3140612016784416,0.62,0,0.0049214657017826674,-0.013395595266397713,0.45909478848948854
2021-02-24,20,0,candidate_risk_off,0,0.3517275481235229,0.62,0,-0.00017213037196843028,-0.00017213037196843028,0.42772001988239344
2021-02-25,20,0,candidate_risk_off,0,0.3272701831325368,0.62,0,-0.002001263267081093,-0.003110983757236932,0.43589772402783555
2021-02-26,20,0,candidate_risk_off,0,0.30141761833710706,0.62,0,-0.005371835733373184,-0.00571606685354416,0.43751900302052676
2021-03-01,20,0,candidate_risk_off,0,0.24730947790983937,0.62,0,-0.008882925653387068,-0.020750495385256022,0.457683419923937
2021-03-02,20,0,candidate_risk_off,0,0.28257451548303064,0.62,0,-0.00021070641510421759,-0.021121368373938607,0.4388271241062598
2021-03-03,20,0,candidate_risk_off,0,0.22954730262596196,0.62,0,0.0037756678543000594,-0.02140785786847481,0.437076472760935
2021-03-04,20,0,candidate_risk_off,0,0.2681031470214312,0.62,0,0.039911026193884314,-0.005758856938232196,0.40686278045838625
