date,strategy,drawdown
2017-03-14,baseline_no_overlay,0.0
2017-03-15,baseline_no_overlay,-0.0014508102539643186
2017-03-16,baseline_no_overlay,-0.0004041300585853058
2017-03-17,baseline_no_overlay,-0.0032576103058393757
2017-03-20,baseline_no_overlay,-0.0006307114545169856
2017-03-21,baseline_no_overlay,0.0
2017-03-22,baseline_no_overlay,-0.0021074108645429135
2017-03-23,baseline_no_overlay,0.0
2017-03-24,baseline_no_overlay,0.0
2017-03-27,baseline_no_overlay,0.0
2017-03-28,baseline_no_overlay,-0.002827926496855704
2017-03-29,baseline_no_overlay,-0.00211780589069277
2017-03-30,baseline_no_overlay,0.0
2017-03-31,baseline_no_overlay,-0.0010197713135013942
2017-04-03,baseline_no_overlay,-0.0010047000781037152
2017-04-04,baseline_no_overlay,0.0
2017-04-05,baseline_no_overlay,-0.0006139182695162893
2017-04-07,baseline_no_overlay,0.0
2017-04-10,baseline_no_overlay,0.0
2017-04-11,baseline_no_overlay,0.0
2017-04-12,baseline_no_overlay,-0.0037596384196171284
2017-04-13,baseline_no_overlay,-0.00453764319162997
2017-04-14,baseline_no_overlay,-0.007997132335122337
2017-04-17,baseline_no_overlay,-0.012444929421977391
2017-04-18,baseline_no_overlay,-0.010173428983103028
2017-04-19,baseline_no_overlay,-0.009080019288676744
2017-04-20,baseline_no_overlay,-0.01164972455643487
2017-04-21,baseline_no_overlay,-0.011830858902187269
2017-04-24,baseline_no_overlay,-0.013583354670845038
2017-04-25,baseline_no_overlay,-0.014607350587106716
2017-04-26,baseline_no_overlay,-0.013212244548969077
2017-04-27,baseline_no_overlay,-0.009285342748515113
2017-04-28,baseline_no_overlay,-0.008538841674557984
2017-05-03,baseline_no_overlay,-0.007371538248564291
2017-05-04,baseline_no_overlay,-0.0057394513378711265
2017-05-05,baseline_no_overlay,-0.00707485810800168
2017-05-08,baseline_no_overlay,-0.007808629101331732
2017-05-09,baseline_no_overlay,-0.005795531127372078
2017-05-10,baseline_no_overlay,-0.004382400309126622
2017-05-11,baseline_no_overlay,-0.003971964909313952
2017-05-12,baseline_no_overlay,-0.0037334600124816486
2017-05-15,baseline_no_overlay,-0.003747148764177366
2017-05-16,baseline_no_overlay,-0.003950701629087616
2017-05-17,baseline_no_overlay,-0.0026525709856254354
2017-05-18,baseline_no_overlay,-0.002792580370447273
2017-05-19,baseline_no_overlay,0.0
2017-05-22,baseline_no_overlay,0.0
2017-05-23,baseline_no_overlay,-0.001968053170074535
2017-05-24,baseline_no_overlay,-0.0009231707723719174
2017-05-25,baseline_no_overlay,-0.0014397470613570773
2017-05-26,baseline_no_overlay,-0.0005929519193231814
2017-05-29,baseline_no_overlay,0.0
2017-05-30,baseline_no_overlay,-0.004775140901867814
2017-05-31,baseline_no_overlay,-0.005020834688087561
2017-06-01,baseline_no_overlay,-0.002797793240641888
2017-06-02,baseline_no_overlay,-0.004621456060731166
2017-06-05,baseline_no_overlay,-0.0021036262762890168
2017-06-06,baseline_no_overlay,0.0
2017-06-07,baseline_no_overlay,0.0
2017-06-08,baseline_no_overlay,-0.002011488884380408
2017-06-09,baseline_no_overlay,-0.0022685020085301266
2017-06-12,baseline_no_overlay,-0.00153428377048348
2017-06-13,baseline_no_overlay,0.0
2017-06-14,baseline_no_overlay,0.0
2017-06-15,baseline_no_overlay,-0.00013037007812122248
2017-06-16,baseline_no_overlay,0.0
2017-06-19,baseline_no_overlay,0.0
2017-06-20,baseline_no_overlay,0.0
2017-06-21,baseline_no_overlay,-0.00034100524931623966
2017-06-22,baseline_no_overlay,-0.0009831143786626084
2017-06-23,baseline_no_overlay,0.0
2017-06-26,baseline_no_overlay,0.0
2017-06-27,baseline_no_overlay,-0.0028763002828401385
2017-06-28,baseline_no_overlay,-0.002136146315988241
2017-06-29,baseline_no_overlay,-0.000670811485878664
2017-06-30,baseline_no_overlay,0.0
2017-07-03,baseline_no_overlay,0.0
2017-07-04,baseline_no_overlay,-0.001859258195214486
2017-07-05,baseline_no_overlay,-0.00030066867011435683
2017-07-06,baseline_no_overlay,0.0
2017-07-07,baseline_no_overlay,-0.003923687853268243
2017-07-10,baseline_no_overlay,-0.008716193681976736
2017-07-11,baseline_no_overlay,-0.007295311296669271
2017-07-12,baseline_no_overlay,-0.004666322775528808
2017-07-13,baseline_no_overlay,-0.0024215076110736256
2017-07-14,baseline_no_overlay,-0.0028311392060765828
2017-07-17,baseline_no_overlay,-0.007416095860487859
2017-07-18,baseline_no_overlay,-0.008153415375906747
2017-07-19,baseline_no_overlay,-0.006219509282014535
2017-07-20,baseline_no_overlay,-0.007704267355678307
2017-07-21,baseline_no_overlay,-0.011048491398596205
2017-07-24,baseline_no_overlay,-0.012091926867164648
2017-07-25,baseline_no_overlay,-0.00831878823787957
2017-07-26,baseline_no_overlay,-0.004744342554015124
2017-07-27,baseline_no_overlay,-0.0061342791791880735
2017-07-28,baseline_no_overlay,-0.003230770169703745
2017-07-31,baseline_no_overlay,0.0
2017-08-01,baseline_no_overlay,0.0
2017-08-02,baseline_no_overlay,-0.00034979910451093943
2017-08-03,baseline_no_overlay,0.0
2017-08-04,baseline_no_overlay,0.0
2017-08-07,baseline_no_overlay,0.0
2017-08-08,baseline_no_overlay,-0.0007728284999571899
2017-08-09,baseline_no_overlay,-0.010187956050641822
2017-08-10,baseline_no_overlay,-0.010330837676995941
2017-08-11,baseline_no_overlay,-0.010988842916009212
2017-08-14,baseline_no_overlay,-0.009031040102085552
2017-08-15,baseline_no_overlay,-0.011648053402673275
2017-08-16,baseline_no_overlay,-0.010462243815736016
2017-08-17,baseline_no_overlay,-0.01359538504831126
2017-08-18,baseline_no_overlay,-0.012956611726892109
2017-08-21,baseline_no_overlay,-0.013061397587584955
2017-08-22,baseline_no_overlay,-0.016807743802721098
2017-08-23,baseline_no_overlay,-0.014485491660992778
2017-08-24,baseline_no_overlay,-0.0125437186671703
2017-08-25,baseline_no_overlay,-0.011568523294567257
2017-08-28,baseline_no_overlay,-0.008584248983642184
2017-08-29,baseline_no_overlay,-0.010454436014093349
2017-08-30,baseline_no_overlay,-0.00810654830238322
2017-08-31,baseline_no_overlay,-0.0058702401016160755
2017-09-01,baseline_no_overlay,-0.0025701589327964403
2017-09-05,baseline_no_overlay,-0.0005726928369194084
2017-09-06,baseline_no_overlay,0.0
2017-09-07,baseline_no_overlay,0.0
2017-09-08,baseline_no_overlay,0.0
2017-09-11,baseline_no_overlay,-0.0020249377982550776
2017-09-12,baseline_no_overlay,-0.0007846238792730276
2017-09-13,baseline_no_overlay,0.0
2017-09-14,baseline_no_overlay,0.0
2017-09-15,baseline_no_overlay,-0.00026900502889948275
2017-09-18,baseline_no_overlay,0.0
2017-09-19,baseline_no_overlay,-0.0010343662016381039
2017-09-20,baseline_no_overlay,-0.001100113055217622
2017-09-21,baseline_no_overlay,-0.002082383998516124
2017-09-22,baseline_no_overlay,-0.000544304844976029
2017-09-25,baseline_no_overlay,-0.0013557269610331435
2017-09-26,baseline_no_overlay,-0.0014821052415030511
2017-09-27,baseline_no_overlay,-0.002294204993421034
2017-09-28,baseline_no_overlay,-0.0017654741977218835
2017-09-29,baseline_no_overlay,-0.0019784083067300173
2017-10-02,baseline_no_overlay,-0.003101393223040705
2017-10-03,baseline_no_overlay,-0.005236426138053751
2017-10-04,baseline_no_overlay,-0.0013147569663493064
2017-10-05,baseline_no_overlay,-0.0015832027905140489
2017-10-06,baseline_no_overlay,-0.0002468136332318682
2017-10-09,baseline_no_overlay,0.0
2017-10-10,baseline_no_overlay,0.0
2017-10-11,baseline_no_overlay,0.0
2017-10-12,baseline_no_overlay,0.0
2017-10-13,baseline_no_overlay,0.0
2017-10-16,baseline_no_overlay,-0.0009174628421603215
2017-10-17,baseline_no_overlay,0.0
2017-10-18,baseline_no_overlay,-0.0003578856754169468
2017-10-19,baseline_no_overlay,0.0
2017-10-20,baseline_no_overlay,-0.001151379698724253
2017-10-23,baseline_no_overlay,-0.004717066461168984
2017-10-24,baseline_no_overlay,-0.002101533212356399
2017-10-25,baseline_no_overlay,0.0
2017-10-26,baseline_no_overlay,-0.0003186314055274586
2017-10-27,baseline_no_overlay,0.0
2017-10-30,baseline_no_overlay,0.0
2017-10-31,baseline_no_overlay,-0.004154937080733667
2017-11-01,baseline_no_overlay,-0.0015343927460337303
2017-11-02,baseline_no_overlay,-0.006659771492186217
2017-11-03,baseline_no_overlay,-0.0016151609666965605
2017-11-06,baseline_no_overlay,0.0
2017-11-07,baseline_no_overlay,0.0
2017-11-08,baseline_no_overlay,0.0
2017-11-09,baseline_no_overlay,0.0
2017-11-10,baseline_no_overlay,0.0
2017-11-13,baseline_no_overlay,0.0
2017-11-14,baseline_no_overlay,0.0
2017-11-15,baseline_no_overlay,0.0
2017-11-16,baseline_no_overlay,0.0
2017-11-17,baseline_no_overlay,-0.0011019900979551966
2017-11-20,baseline_no_overlay,0.0
2017-11-21,baseline_no_overlay,0.0
2017-11-22,baseline_no_overlay,0.0
2017-11-23,baseline_no_overlay,0.0
2017-11-24,baseline_no_overlay,0.0
2017-11-27,baseline_no_overlay,0.0
2017-11-28,baseline_no_overlay,0.0
2017-11-29,baseline_no_overlay,0.0
2017-11-30,baseline_no_overlay,-0.0012103945128275617
2017-12-01,baseline_no_overlay,0.0
2017-12-04,baseline_no_overlay,0.0
2017-12-05,baseline_no_overlay,-0.00897700753725561
2017-12-06,baseline_no_overlay,-0.011668465344835899
2017-12-07,baseline_no_overlay,-0.015831762673312544
2017-12-08,baseline_no_overlay,-0.015218577681159307
2017-12-11,baseline_no_overlay,-0.025394235260988496
2017-12-12,baseline_no_overlay,-0.021416849079252787
2017-12-13,baseline_no_overlay,-0.02274984907572808
2017-12-14,baseline_no_overlay,-0.017978019767083242
2017-12-15,baseline_no_overlay,-0.01830369835261947
2017-12-18,baseline_no_overlay,-0.009022074800625224
2017-12-19,baseline_no_overlay,-0.012248251587987258
2017-12-20,baseline_no_overlay,-0.01138150660973547
2017-12-21,baseline_no_overlay,-0.014700396153226714
2017-12-22,baseline_no_overlay,-0.012076001214255228
2017-12-25,baseline_no_overlay,-0.009451157447590397
2017-12-26,baseline_no_overlay,-0.006067770082770596
2017-12-27,baseline_no_overlay,-0.004896532545842658
2017-12-28,baseline_no_overlay,-0.0011657929185323601
2017-12-29,baseline_no_overlay,0.0
2018-01-02,baseline_no_overlay,0.0
2018-01-03,baseline_no_overlay,0.0
2018-01-04,baseline_no_overlay,0.0
2018-01-05,baseline_no_overlay,-0.003320229130441388
2018-01-08,baseline_no_overlay,0.0
2018-01-09,baseline_no_overlay,0.0
2018-01-10,baseline_no_overlay,0.0
2018-01-11,baseline_no_overlay,0.0
2018-01-12,baseline_no_overlay,0.0
2018-01-15,baseline_no_overlay,0.0
2018-01-16,baseline_no_overlay,-0.00029254210528939506
2018-01-17,baseline_no_overlay,-0.013151720036944092
2018-01-18,baseline_no_overlay,-0.006770149185169383
2018-01-19,baseline_no_overlay,-0.0013859305667287547
2018-01-22,baseline_no_overlay,0.0
2018-01-25,baseline_no_overlay,0.0
2018-01-26,baseline_no_overlay,0.0
2018-01-29,baseline_no_overlay,-0.0027026880933702646
2018-01-30,baseline_no_overlay,-0.002419629667781864
2018-01-31,baseline_no_overlay,-0.0025288535438477977
2018-02-01,baseline_no_overlay,-0.007083814214936313
2018-02-02,baseline_no_overlay,-0.004897696941170815
2018-02-05,baseline_no_overlay,-0.027989765247627973
2018-02-06,baseline_no_overlay,-0.042616154517654325
2018-02-07,baseline_no_overlay,-0.03096323261616374
2018-02-08,baseline_no_overlay,-0.037910131637234445
2018-02-09,baseline_no_overlay,-0.04539320827005844
2018-02-12,baseline_no_overlay,-0.030387623465628844
2018-02-13,baseline_no_overlay,-0.023181230801582187
2018-02-21,baseline_no_overlay,-0.012118487130977407
2018-02-22,baseline_no_overlay,-0.01676327522949783
2018-02-23,baseline_no_overlay,-0.006036088765863479
2018-02-26,baseline_no_overlay,-0.0009221300217350237
2018-02-27,baseline_no_overlay,0.0
2018-02-28,baseline_no_overlay,0.0
2018-03-01,baseline_no_overlay,-0.0025318310996456095
2018-03-02,baseline_no_overlay,-0.0002604986433922818
2018-03-05,baseline_no_overlay,-0.011635747633540583
2018-03-06,baseline_no_overlay,-0.0014814420282471819
2018-03-07,baseline_no_overlay,-0.0048494976958367575
2018-03-08,baseline_no_overlay,-0.0002436302208423946
2018-03-09,baseline_no_overlay,-0.0005524423790376209
2018-03-12,baseline_no_overlay,0.0
2018-03-13,baseline_no_overlay,0.0
2018-03-14,baseline_no_overlay,0.0
2018-03-15,baseline_no_overlay,0.0
2018-03-16,baseline_no_overlay,0.0
2018-03-19,baseline_no_overlay,0.0
2018-03-20,baseline_no_overlay,0.0
2018-03-21,baseline_no_overlay,0.0
2018-03-22,baseline_no_overlay,0.0
2018-03-23,baseline_no_overlay,-0.00710051493758479
2018-03-26,baseline_no_overlay,-0.0008258615697253058
2018-03-27,baseline_no_overlay,-0.0006498874589806469
2018-03-28,baseline_no_overlay,-0.0004655304174197017
2018-03-29,baseline_no_overlay,-0.002325510290240196
2018-03-30,baseline_no_overlay,0.0
2018-04-02,baseline_no_overlay,0.0
2018-04-03,baseline_no_overlay,-0.0030465740112793904
2018-04-04,baseline_no_overlay,-0.0020159940404729237
2018-04-05,baseline_no_overlay,-0.0014779760949320542
2018-04-06,baseline_no_overlay,0.0
2018-04-09,baseline_no_overlay,0.0
2018-04-10,baseline_no_overlay,-0.0022060000522013956
2018-04-11,baseline_no_overlay,-0.012788250738713591
2018-04-12,baseline_no_overlay,-0.01089597009623311
2018-04-13,baseline_no_overlay,-0.016541559469557265
2018-04-16,baseline_no_overlay,-0.019396569742900938
2018-04-17,baseline_no_overlay,-0.017861631660997412
2018-04-18,baseline_no_overlay,-0.022784144207106505
2018-04-19,baseline_no_overlay,-0.03692258536382931
2018-04-20,baseline_no_overlay,-0.028450634315229206
2018-04-23,baseline_no_overlay,-0.04443510792187266
2018-04-24,baseline_no_overlay,-0.04303140792441973
2018-04-26,baseline_no_overlay,-0.05642513836177376
2018-04-27,baseline_no_overlay,-0.0544124791367846
2018-05-02,baseline_no_overlay,-0.062438407988109734
2018-05-03,baseline_no_overlay,-0.06343957210442952
2018-05-04,baseline_no_overlay,-0.06331460735321925
2018-05-07,baseline_no_overlay,-0.04986248032898055
2018-05-08,baseline_no_overlay,-0.05063796645551155
2018-05-09,baseline_no_overlay,-0.05199441587349962
2018-05-10,baseline_no_overlay,-0.06266449789745909
2018-05-11,baseline_no_overlay,-0.056681455570040895
2018-05-14,baseline_no_overlay,-0.04804366269861493
2018-05-15,baseline_no_overlay,-0.04548906579009804
2018-05-16,baseline_no_overlay,-0.05262223591753412
2018-05-17,baseline_no_overlay,-0.06114407204766048
2018-05-18,baseline_no_overlay,-0.05766054938931797
2018-05-21,baseline_no_overlay,-0.06733654774637454
2018-05-22,baseline_no_overlay,-0.07784314382564705
2018-05-23,baseline_no_overlay,-0.07672408581369616
2018-05-24,baseline_no_overlay,-0.07788446650750858
2018-05-25,baseline_no_overlay,-0.08629846560184873
2018-05-28,baseline_no_overlay,-0.09828410828353684
2018-05-29,baseline_no_overlay,-0.09027599298357081
2018-05-30,baseline_no_overlay,-0.09179483242263797
2018-05-31,baseline_no_overlay,-0.08258631426036989
2018-06-01,baseline_no_overlay,-0.07356323709341595
2018-06-04,baseline_no_overlay,-0.06458583527730244
2018-06-05,baseline_no_overlay,-0.06074708366858572
2018-06-06,baseline_no_overlay,-0.055899917859595694
2018-06-07,baseline_no_overlay,-0.054986999265213
2018-06-08,baseline_no_overlay,-0.05405643067903698
2018-06-11,baseline_no_overlay,-0.0540534373800613
2018-06-12,baseline_no_overlay,-0.06136604856953154
2018-06-13,baseline_no_overlay,-0.05763522729138171
2018-06-14,baseline_no_overlay,-0.06355177333229933
2018-06-15,baseline_no_overlay,-0.06328327321324234
2018-06-18,baseline_no_overlay,-0.0744640024356289
2018-06-19,baseline_no_overlay,-0.08343715904827442
2018-06-20,baseline_no_overlay,-0.0765022975619295
2018-06-21,baseline_no_overlay,-0.08100953889935736
2018-06-22,baseline_no_overlay,-0.07594807964064154
2018-06-25,baseline_no_overlay,-0.07310088586415286
2018-06-26,baseline_no_overlay,-0.07605583440480956
2018-06-27,baseline_no_overlay,-0.08174774696832376
2018-06-28,baseline_no_overlay,-0.08623860543130646
2018-06-29,baseline_no_overlay,-0.08490142182957683
2018-07-02,baseline_no_overlay,-0.09029658650529782
2018-07-03,baseline_no_overlay,-0.10633325029782592
2018-07-04,baseline_no_overlay,-0.1027384021524056
2018-07-05,baseline_no_overlay,-0.1094898731438888
2018-07-06,baseline_no_overlay,-0.10241411000537182
2018-07-09,baseline_no_overlay,-0.10345266177207668
2018-07-10,baseline_no_overlay,-0.10509582095021242
2018-07-11,baseline_no_overlay,-0.11246984346449806
2018-07-12,baseline_no_overlay,-0.11031636780435417
2018-07-13,baseline_no_overlay,-0.1056653613480556
2018-07-16,baseline_no_overlay,-0.10508161017736217
2018-07-17,baseline_no_overlay,-0.10071198225638711
2018-07-18,baseline_no_overlay,-0.09131984012524563
2018-07-19,baseline_no_overlay,-0.09065573130919491
2018-07-20,baseline_no_overlay,-0.09514856535848781
2018-07-23,baseline_no_overlay,-0.09380268553358284
2018-07-24,baseline_no_overlay,-0.09491689491698585
2018-07-25,baseline_no_overlay,-0.09755219845975827
2018-07-26,baseline_no_overlay,-0.09656225659685125
2018-07-27,baseline_no_overlay,-0.09443099283587497
2018-07-30,baseline_no_overlay,-0.08885506414965094
2018-07-31,baseline_no_overlay,-0.086045391693926
2018-08-01,baseline_no_overlay,-0.08757263460275866
2018-08-02,baseline_no_overlay,-0.08726854223494951
2018-08-03,baseline_no_overlay,-0.08483131584932713
2018-08-06,baseline_no_overlay,-0.08457808715232396
2018-08-07,baseline_no_overlay,-0.08596381259660113
2018-08-08,baseline_no_overlay,-0.08236860822739978
2018-08-09,baseline_no_overlay,-0.08352516015178368
2018-08-10,baseline_no_overlay,-0.08170709428606315
2018-08-13,baseline_no_overlay,-0.07788455950699247
2018-08-14,baseline_no_overlay,-0.07780634155396648
2018-08-15,baseline_no_overlay,-0.08472989561830746
2018-08-16,baseline_no_overlay,-0.08367187127643361
2018-08-17,baseline_no_overlay,-0.08187679703652706
2018-08-20,baseline_no_overlay,-0.08161028652977131
2018-08-21,baseline_no_overlay,-0.07796983623018905
2018-08-22,baseline_no_overlay,-0.07680600377798719
2018-08-23,baseline_no_overlay,-0.07478240997811159
2018-08-24,baseline_no_overlay,-0.07491092381002618
2018-08-27,baseline_no_overlay,-0.07302102549992928
2018-08-28,baseline_no_overlay,-0.07173736180294055
2018-08-29,baseline_no_overlay,-0.07465507800403526
2018-08-30,baseline_no_overlay,-0.0710371992258716
2018-08-31,baseline_no_overlay,-0.07457098209562829
2018-09-04,baseline_no_overlay,-0.07966389796163664
2018-09-05,baseline_no_overlay,-0.08240458543147244
2018-09-06,baseline_no_overlay,-0.08612810225843726
2018-09-07,baseline_no_overlay,-0.08237649665783253
2018-09-10,baseline_no_overlay,-0.08185813992268598
2018-09-11,baseline_no_overlay,-0.07628048931117615
2018-09-12,baseline_no_overlay,-0.07552040155629336
2018-09-13,baseline_no_overlay,-0.07515612738993571
2018-09-14,baseline_no_overlay,-0.07379075874610308
2018-09-17,baseline_no_overlay,-0.0752905933789293
2018-09-18,baseline_no_overlay,-0.07304658775811934
2018-09-19,baseline_no_overlay,-0.07222491473370529
2018-09-20,baseline_no_overlay,-0.06860736412408674
2018-09-21,baseline_no_overlay,-0.06937641148362106
2018-09-24,baseline_no_overlay,-0.06622676002103556
2018-09-25,baseline_no_overlay,-0.06645687142338363
2018-09-26,baseline_no_overlay,-0.06690032722619665
2018-09-27,baseline_no_overlay,-0.06479516854357992
2018-09-28,baseline_no_overlay,-0.06414542747882868
2018-10-01,baseline_no_overlay,-0.06578639202465686
2018-10-02,baseline_no_overlay,-0.0636124380349612
2018-10-03,baseline_no_overlay,-0.06301448564746592
2018-10-04,baseline_no_overlay,-0.06178491002726261
2018-10-05,baseline_no_overlay,-0.06790888768998893
2018-10-08,baseline_no_overlay,-0.07231434761893119
2018-10-09,baseline_no_overlay,-0.07230619566310537
2018-10-10,baseline_no_overlay,-0.07310733894429555
2018-10-11,baseline_no_overlay,-0.09005160583044214
2018-10-12,baseline_no_overlay,-0.08074232944695603
2018-10-15,baseline_no_overlay,-0.08850280449639425
2018-10-16,baseline_no_overlay,-0.08405705159636367
2018-10-17,baseline_no_overlay,-0.0807306652817632
2018-10-18,baseline_no_overlay,-0.08407569699286255
2018-10-19,baseline_no_overlay,-0.08611329331820672
2018-10-22,baseline_no_overlay,-0.08802911694886595
2018-10-23,baseline_no_overlay,-0.0933708714562117
2018-10-24,baseline_no_overlay,-0.10011058695419073
2018-10-25,baseline_no_overlay,-0.10487265734250117
2018-10-26,baseline_no_overlay,-0.10844644896049216
2018-10-29,baseline_no_overlay,-0.11293490150171204
2018-10-30,baseline_no_overlay,-0.11298993125886558
2018-10-31,baseline_no_overlay,-0.10289376799463723
2018-11-01,baseline_no_overlay,-0.10580543219270844
2018-11-02,baseline_no_overlay,-0.0987851468372003
2018-11-05,baseline_no_overlay,-0.09851092317060683
2018-11-06,baseline_no_overlay,-0.10005698959482512
2018-11-07,baseline_no_overlay,-0.10005121844527598
2018-11-08,baseline_no_overlay,-0.09845344410972556
2018-11-09,baseline_no_overlay,-0.10310763575134696
2018-11-12,baseline_no_overlay,-0.10178576646502702
2018-11-13,baseline_no_overlay,-0.10661119785781059
2018-11-14,baseline_no_overlay,-0.10819152312502878
2018-11-15,baseline_no_overlay,-0.10948679494514446
2018-11-16,baseline_no_overlay,-0.1091394870836887
2018-11-19,baseline_no_overlay,-0.10304548145616932
2018-11-20,baseline_no_overlay,-0.10195713693347563
2018-11-21,baseline_no_overlay,-0.10060184945729844
2018-11-22,baseline_no_overlay,-0.09988447261791034
2018-11-23,baseline_no_overlay,-0.10233413088053867
2018-11-26,baseline_no_overlay,-0.10125599713164102
2018-11-27,baseline_no_overlay,-0.10049895199623038
2018-11-28,baseline_no_overlay,-0.09787359216176961
2018-11-29,baseline_no_overlay,-0.09920601614319702
2018-11-30,baseline_no_overlay,-0.09931904367388178
2018-12-03,baseline_no_overlay,-0.09019245607453819
2018-12-04,baseline_no_overlay,-0.08722123417682459
2018-12-05,baseline_no_overlay,-0.08794856676289431
2018-12-06,baseline_no_overlay,-0.0889057214095339
2018-12-07,baseline_no_overlay,-0.08743168514257715
2018-12-10,baseline_no_overlay,-0.08849885988610329
2018-12-11,baseline_no_overlay,-0.08901253371521589
2018-12-12,baseline_no_overlay,-0.0864377743037662
2018-12-13,baseline_no_overlay,-0.08688719314999371
2018-12-14,baseline_no_overlay,-0.09009089294174732
2018-12-17,baseline_no_overlay,-0.09681821520623923
2018-12-18,baseline_no_overlay,-0.0991293422039935
2018-12-19,baseline_no_overlay,-0.10206357403885358
2018-12-20,baseline_no_overlay,-0.10242983706129238
2018-12-21,baseline_no_overlay,-0.10454894455524522
2018-12-24,baseline_no_overlay,-0.10584100708900068
2018-12-25,baseline_no_overlay,-0.10950692872129275
2018-12-26,baseline_no_overlay,-0.11179249794675827
2018-12-27,baseline_no_overlay,-0.10872890107870858
2018-12-28,baseline_no_overlay,-0.1117242627996966
2019-01-02,baseline_no_overlay,-0.11201043198638383
2019-01-03,baseline_no_overlay,-0.11702712117733083
2019-01-04,baseline_no_overlay,-0.11607147037353926
2019-01-07,baseline_no_overlay,-0.11276983581364941
2019-01-08,baseline_no_overlay,-0.11365081562977286
2019-01-09,baseline_no_overlay,-0.11011228266383088
2019-01-10,baseline_no_overlay,-0.10961286586287189
2019-01-11,baseline_no_overlay,-0.10787320385655408
2019-01-14,baseline_no_overlay,-0.10823299550651555
2019-01-15,baseline_no_overlay,-0.10524846101419993
2019-01-16,baseline_no_overlay,-0.10568308548521732
2019-01-17,baseline_no_overlay,-0.10829181221280826
2019-01-18,baseline_no_overlay,-0.10816258596011097
2019-01-21,baseline_no_overlay,-0.10497571648632009
2019-01-22,baseline_no_overlay,-0.1068606094695963
2019-01-23,baseline_no_overlay,-0.10629526444510495
2019-01-24,baseline_no_overlay,-0.10607221969836145
2019-01-25,baseline_no_overlay,-0.10604956509765462
2019-01-28,baseline_no_overlay,-0.10476138924343259
2019-01-29,baseline_no_overlay,-0.10324920861016174
2019-01-30,baseline_no_overlay,-0.10330732547258437
2019-01-31,baseline_no_overlay,-0.10548129660641914
2019-02-01,baseline_no_overlay,-0.10628068122992507
2019-02-11,baseline_no_overlay,-0.09948496423069741
2019-02-12,baseline_no_overlay,-0.09454578986570594
2019-02-13,baseline_no_overlay,-0.09109121887119676
2019-02-14,baseline_no_overlay,-0.0878755272857259
2019-02-15,baseline_no_overlay,-0.08853152781475626
2019-02-18,baseline_no_overlay,-0.08413188388455661
2019-02-19,baseline_no_overlay,-0.08279568374168544
2019-02-20,baseline_no_overlay,-0.08010104699527942
2019-02-21,baseline_no_overlay,-0.07281248486845804
2019-02-22,baseline_no_overlay,-0.07222874567590576
2019-02-25,baseline_no_overlay,-0.06977381790631221
2019-02-26,baseline_no_overlay,-0.07301163578831926
2019-02-27,baseline_no_overlay,-0.07172322359123051
2019-02-28,baseline_no_overlay,-0.08189316830176963
2019-03-01,baseline_no_overlay,-0.07625329639699907
2019-03-04,baseline_no_overlay,-0.07004372993800145
2019-03-05,baseline_no_overlay,-0.0707491783934665
2019-03-06,baseline_no_overlay,-0.06989843393549655
2019-03-07,baseline_no_overlay,-0.07010730940379561
2019-03-08,baseline_no_overlay,-0.07375282959313378
2019-03-11,baseline_no_overlay,-0.07403085414931987
2019-03-12,baseline_no_overlay,-0.06759895253778114
2019-03-13,baseline_no_overlay,-0.06589404077212124
2019-03-14,baseline_no_overlay,-0.06464672896765278
2019-03-15,baseline_no_overlay,-0.06642659548445984
2019-03-18,baseline_no_overlay,-0.0634158226704793
2019-03-19,baseline_no_overlay,-0.06548784604343916
2019-03-20,baseline_no_overlay,-0.06712126310975375
2019-03-21,baseline_no_overlay,-0.07483162756580608
2019-03-22,baseline_no_overlay,-0.07241385950900436
2019-03-25,baseline_no_overlay,-0.07964786699967608
2019-03-26,baseline_no_overlay,-0.07977043932695205
2019-03-27,baseline_no_overlay,-0.07753972318821178
2019-03-28,baseline_no_overlay,-0.07493775807252434
2019-03-29,baseline_no_overlay,-0.07582068642246931
2019-04-01,baseline_no_overlay,-0.07309858036193939
2019-04-02,baseline_no_overlay,-0.07423829830321405
2019-04-03,baseline_no_overlay,-0.07476928999033816
2019-04-04,baseline_no_overlay,-0.073877950833932
2019-04-05,baseline_no_overlay,-0.0730338156853122
2019-04-08,baseline_no_overlay,-0.07001218062114734
2019-04-09,baseline_no_overlay,-0.0735741436827535
2019-04-10,baseline_no_overlay,-0.07594340635076746
2019-04-11,baseline_no_overlay,-0.0745887562284756
2019-04-12,baseline_no_overlay,-0.07568425985376959
2019-04-16,baseline_no_overlay,-0.07763593493866872
2019-04-17,baseline_no_overlay,-0.07933720259841692
2019-04-18,baseline_no_overlay,-0.08243437579112689
2019-04-19,baseline_no_overlay,-0.08125766402776535
2019-04-22,baseline_no_overlay,-0.08139516717270512
2019-04-23,baseline_no_overlay,-0.08067618084112183
2019-04-24,baseline_no_overlay,-0.07758828901202164
2019-04-25,baseline_no_overlay,-0.07864940189388392
2019-04-26,baseline_no_overlay,-0.07669088495983012
2019-05-02,baseline_no_overlay,-0.07714844926742426
2019-05-03,baseline_no_overlay,-0.07877655849165399
2019-05-06,baseline_no_overlay,-0.08453068126880336
2019-05-07,baseline_no_overlay,-0.08468602822906457
2019-05-08,baseline_no_overlay,-0.08682610297428006
2019-05-09,baseline_no_overlay,-0.08818307446723672
2019-05-10,baseline_no_overlay,-0.08646682212890888
2019-05-13,baseline_no_overlay,-0.08448255967446139
2019-05-14,baseline_no_overlay,-0.08205175543888776
2019-05-15,baseline_no_overlay,-0.07813853201203291
2019-05-16,baseline_no_overlay,-0.07812300388010907
2019-05-17,baseline_no_overlay,-0.07783507419238622
2019-05-20,baseline_no_overlay,-0.07374950853860773
2019-05-21,baseline_no_overlay,-0.07411788500245187
2019-05-22,baseline_no_overlay,-0.07509503105839721
2019-05-23,baseline_no_overlay,-0.0755026602874963
2019-05-24,baseline_no_overlay,-0.0803557510136178
2019-05-27,baseline_no_overlay,-0.07856892045421926
2019-05-28,baseline_no_overlay,-0.07975165878748469
2019-05-29,baseline_no_overlay,-0.07992907674023486
2019-05-30,baseline_no_overlay,-0.08071532173209028
2019-05-31,baseline_no_overlay,-0.08403629700264315
2019-06-03,baseline_no_overlay,-0.08860913154058736
2019-06-04,baseline_no_overlay,-0.08708299355537763
2019-06-05,baseline_no_overlay,-0.08702752587530793
2019-06-06,baseline_no_overlay,-0.08818214544618352
2019-06-07,baseline_no_overlay,-0.08460954759030026
2019-06-10,baseline_no_overlay,-0.08289060181925845
2019-06-11,baseline_no_overlay,-0.08323513240677827
2019-06-12,baseline_no_overlay,-0.08622780802947994
2019-06-13,baseline_no_overlay,-0.08769989500027475
2019-06-14,baseline_no_overlay,-0.08642641544454921
2019-06-17,baseline_no_overlay,-0.08889817138343259
2019-06-18,baseline_no_overlay,-0.08996684106039221
2019-06-19,baseline_no_overlay,-0.08797210779793052
2019-06-20,baseline_no_overlay,-0.0844793808414871
2019-06-21,baseline_no_overlay,-0.08449321025806744
2019-06-24,baseline_no_overlay,-0.08308602747506166
2019-06-25,baseline_no_overlay,-0.08417120354150609
2019-06-26,baseline_no_overlay,-0.08456678618473679
2019-06-27,baseline_no_overlay,-0.09065734093006506
2019-06-28,baseline_no_overlay,-0.08831336899563769
2019-07-01,baseline_no_overlay,-0.08240980674937581
2019-07-02,baseline_no_overlay,-0.08396988347735723
2019-07-03,baseline_no_overlay,-0.08461114110986678
2019-07-04,baseline_no_overlay,-0.07986091657941419
2019-07-05,baseline_no_overlay,-0.07894943820227662
2019-07-08,baseline_no_overlay,-0.08261924589541858
2019-07-09,baseline_no_overlay,-0.08163501976495857
2019-07-10,baseline_no_overlay,-0.07982752304168683
2019-07-11,baseline_no_overlay,-0.0778438444880919
2019-07-12,baseline_no_overlay,-0.07913389338486199
2019-07-15,baseline_no_overlay,-0.0802307299191225
2019-07-16,baseline_no_overlay,-0.0766831742565025
2019-07-17,baseline_no_overlay,-0.07653188594957094
2019-07-18,baseline_no_overlay,-0.07912874928823999
2019-07-19,baseline_no_overlay,-0.0768881493918473
2019-07-22,baseline_no_overlay,-0.0770361258446951
2019-07-23,baseline_no_overlay,-0.07420048961792147
2019-07-24,baseline_no_overlay,-0.07464990046253683
2019-07-25,baseline_no_overlay,-0.07213129749055824
2019-07-26,baseline_no_overlay,-0.07280013054294954
2019-07-29,baseline_no_overlay,-0.07107855778888039
2019-07-30,baseline_no_overlay,-0.07600267631143298
2019-07-31,baseline_no_overlay,-0.07396962149390218
2019-08-01,baseline_no_overlay,-0.07176350092552464
2019-08-02,baseline_no_overlay,-0.07439200645883037
2019-08-05,baseline_no_overlay,-0.08112578022542605
2019-08-06,baseline_no_overlay,-0.08419667948974274
2019-08-07,baseline_no_overlay,-0.08372290893988354
2019-08-08,baseline_no_overlay,-0.08033919219005337
2019-08-09,baseline_no_overlay,-0.08071042196376099
2019-08-12,baseline_no_overlay,-0.0803840868215695
2019-08-13,baseline_no_overlay,-0.08357056287206599
2019-08-14,baseline_no_overlay,-0.0828613028327333
2019-08-15,baseline_no_overlay,-0.07910873130530027
2019-08-16,baseline_no_overlay,-0.0789030135665243
2019-08-19,baseline_no_overlay,-0.07848777420909503
2019-08-20,baseline_no_overlay,-0.07703094632969376
2019-08-21,baseline_no_overlay,-0.07304503685682395
2019-08-22,baseline_no_overlay,-0.07184380715474104
2019-08-23,baseline_no_overlay,-0.07382223566064183
2019-08-26,baseline_no_overlay,-0.07739800937131347
2019-08-27,baseline_no_overlay,-0.0796179953417594
2019-08-28,baseline_no_overlay,-0.0794662351004376
2019-08-29,baseline_no_overlay,-0.0789983644042681
2019-08-30,baseline_no_overlay,-0.07698231464840433
2019-09-03,baseline_no_overlay,-0.07877520269044269
2019-09-04,baseline_no_overlay,-0.0794184755036973
2019-09-05,baseline_no_overlay,-0.07972169591885436
2019-09-06,baseline_no_overlay,-0.08067399520410568
2019-09-09,baseline_no_overlay,-0.08066024806078864
2019-09-10,baseline_no_overlay,-0.08211122155865691
2019-09-11,baseline_no_overlay,-0.08246366716256381
2019-09-12,baseline_no_overlay,-0.08007267267685758
2019-09-13,baseline_no_overlay,-0.07582416833067496
2019-09-16,baseline_no_overlay,-0.0747591374846972
2019-09-17,baseline_no_overlay,-0.07204450721367761
2019-09-18,baseline_no_overlay,-0.07276795609087838
2019-09-19,baseline_no_overlay,-0.07202764302739295
2019-09-20,baseline_no_overlay,-0.07476586444146194
2019-09-23,baseline_no_overlay,-0.0765021307993643
2019-09-24,baseline_no_overlay,-0.07565330120620417
2019-09-25,baseline_no_overlay,-0.07597991954705907
2019-09-26,baseline_no_overlay,-0.07468781726723628
2019-09-27,baseline_no_overlay,-0.07197299380641198
2019-09-30,baseline_no_overlay,-0.07249831838218745
2019-10-01,baseline_no_overlay,-0.0713370656083705
2019-10-02,baseline_no_overlay,-0.074895786747051
2019-10-03,baseline_no_overlay,-0.074467787742171
2019-10-04,baseline_no_overlay,-0.07642096507367757
2019-10-07,baseline_no_overlay,-0.07808849658994621
2019-10-08,baseline_no_overlay,-0.07622211077130947
2019-10-09,baseline_no_overlay,-0.07640820519651925
2019-10-10,baseline_no_overlay,-0.07659050242764764
2019-10-11,baseline_no_overlay,-0.07488016974397371
2019-10-14,baseline_no_overlay,-0.07419599310783154
2019-10-15,baseline_no_overlay,-0.07441731100420113
2019-10-16,baseline_no_overlay,-0.07386066210400233
2019-10-17,baseline_no_overlay,-0.07578503924106206
2019-10-18,baseline_no_overlay,-0.07605201342579038
2019-10-21,baseline_no_overlay,-0.07824707397054798
2019-10-22,baseline_no_overlay,-0.07691139964431115
2019-10-23,baseline_no_overlay,-0.07669904872735511
2019-10-24,baseline_no_overlay,-0.07436883276759465
2019-10-25,baseline_no_overlay,-0.07313381623345316
2019-10-28,baseline_no_overlay,-0.07317880884407413
2019-10-29,baseline_no_overlay,-0.07344893178047718
2019-10-30,baseline_no_overlay,-0.07144415367882784
2019-10-31,baseline_no_overlay,-0.07230941875163266
2019-11-01,baseline_no_overlay,-0.0656473769512963
2019-11-04,baseline_no_overlay,-0.06276591264042275
2019-11-05,baseline_no_overlay,-0.06197071661245701
2019-11-06,baseline_no_overlay,-0.06173321437177259
2019-11-07,baseline_no_overlay,-0.06210515773761427
2019-11-08,baseline_no_overlay,-0.06273955571822598
2019-11-11,baseline_no_overlay,-0.06500570748896661
2019-11-12,baseline_no_overlay,-0.06442355940146072
2019-11-13,baseline_no_overlay,-0.06662417676481946
2019-11-14,baseline_no_overlay,-0.06681734910578119
2019-11-15,baseline_no_overlay,-0.06767655084073343
2019-11-18,baseline_no_overlay,-0.07033869307795793
2019-11-19,baseline_no_overlay,-0.06842132290135605
2019-11-20,baseline_no_overlay,-0.0715376126348245
2019-11-21,baseline_no_overlay,-0.07625489526266571
2019-11-22,baseline_no_overlay,-0.0798983567752114
2019-11-25,baseline_no_overlay,-0.08044475240048565
2019-11-26,baseline_no_overlay,-0.08028747456330487
2019-11-27,baseline_no_overlay,-0.07977963059546744
2019-11-28,baseline_no_overlay,-0.08269368864475657
2019-11-29,baseline_no_overlay,-0.08257828233210751
2019-12-02,baseline_no_overlay,-0.08686413654111036
2019-12-03,baseline_no_overlay,-0.08901336901906343
2019-12-04,baseline_no_overlay,-0.08454489704423918
2019-12-05,baseline_no_overlay,-0.0856656820196714
2019-12-06,baseline_no_overlay,-0.08557805897491733
2019-12-09,baseline_no_overlay,-0.08461256113484317
2019-12-10,baseline_no_overlay,-0.08699699444283115
2019-12-11,baseline_no_overlay,-0.08648452229229131
2019-12-12,baseline_no_overlay,-0.08400260193890052
2019-12-13,baseline_no_overlay,-0.08482663633636478
2019-12-16,baseline_no_overlay,-0.0866230929291274
2019-12-17,baseline_no_overlay,-0.08934414889046449
2019-12-18,baseline_no_overlay,-0.09038363926809256
2019-12-19,baseline_no_overlay,-0.09000978620359912
2019-12-20,baseline_no_overlay,-0.08854445477482253
2019-12-23,baseline_no_overlay,-0.08745455101695598
2019-12-24,baseline_no_overlay,-0.08768212383190621
2019-12-25,baseline_no_overlay,-0.08690338004093323
2019-12-26,baseline_no_overlay,-0.08783918410052383
2019-12-27,baseline_no_overlay,-0.08603663016205043
2019-12-30,baseline_no_overlay,-0.08544929406843271
2019-12-31,baseline_no_overlay,-0.0870997683511584
2020-01-02,baseline_no_overlay,-0.08486261067936962
2020-01-03,baseline_no_overlay,-0.08553310980194395
2020-01-06,baseline_no_overlay,-0.08928738482686494
2020-01-07,baseline_no_overlay,-0.08820491982995782
2020-01-08,baseline_no_overlay,-0.09206859775115828
2020-01-09,baseline_no_overlay,-0.08805762815132068
2020-01-10,baseline_no_overlay,-0.08480031816193989
2020-01-13,baseline_no_overlay,-0.0859343455081627
2020-01-14,baseline_no_overlay,-0.08548482440519423
2020-01-15,baseline_no_overlay,-0.08526332559756067
2020-01-16,baseline_no_overlay,-0.08240575667171879
2020-01-17,baseline_no_overlay,-0.08041097222538984
2020-01-20,baseline_no_overlay,-0.0805530755469599
2020-01-21,baseline_no_overlay,-0.07726728943267358
2020-01-22,baseline_no_overlay,-0.07503025211609282
2020-01-30,baseline_no_overlay,-0.08932288579780978
2020-01-31,baseline_no_overlay,-0.09829483536819661
2020-02-03,baseline_no_overlay,-0.10163759118922966
2020-02-04,baseline_no_overlay,-0.10126227862589843
2020-02-05,baseline_no_overlay,-0.10253698662902089
2020-02-06,baseline_no_overlay,-0.09762006202681117
2020-02-07,baseline_no_overlay,-0.09672025806522089
2020-02-10,baseline_no_overlay,-0.10085689858638525
2020-02-11,baseline_no_overlay,-0.09932534751077948
2020-02-12,baseline_no_overlay,-0.09811427396612016
2020-02-13,baseline_no_overlay,-0.09789230820155803
2020-02-14,baseline_no_overlay,-0.09822599890015915
2020-02-17,baseline_no_overlay,-0.09929796727424633
2020-02-18,baseline_no_overlay,-0.10196269872504038
2020-02-19,baseline_no_overlay,-0.10167561750462162
2020-02-20,baseline_no_overlay,-0.09816448751238893
2020-02-21,baseline_no_overlay,-0.10029399146293361
2020-02-24,baseline_no_overlay,-0.11140088521401781
2020-02-25,baseline_no_overlay,-0.10885623046537662
2020-02-26,baseline_no_overlay,-0.11474448124027237
2020-02-27,baseline_no_overlay,-0.11380939243995047
2020-02-28,baseline_no_overlay,-0.12034329040691405
2020-03-02,baseline_no_overlay,-0.11943574292917425
2020-03-03,baseline_no_overlay,-0.1169183254637971
2020-03-04,baseline_no_overlay,-0.11744535406477641
2020-03-05,baseline_no_overlay,-0.11583267192356073
2020-03-06,baseline_no_overlay,-0.11660952948294623
2020-03-09,baseline_no_overlay,-0.14030282982526632
2020-03-10,baseline_no_overlay,-0.13947696683183175
2020-03-11,baseline_no_overlay,-0.15111013273818397
2020-03-12,baseline_no_overlay,-0.17025102068744058
2020-03-13,baseline_no_overlay,-0.17364978716692314
2020-03-16,baseline_no_overlay,-0.1801271129568245
2020-03-17,baseline_no_overlay,-0.18111597912065913
2020-03-18,baseline_no_overlay,-0.18024257253391385
2020-03-19,baseline_no_overlay,-0.19071206856592515
2020-03-20,baseline_no_overlay,-0.19851230991934832
2020-03-23,baseline_no_overlay,-0.21880539249572328
2020-03-24,baseline_no_overlay,-0.22232461246206603
2020-03-25,baseline_no_overlay,-0.2080714213209116
2020-03-26,baseline_no_overlay,-0.20616146360232035
2020-03-27,baseline_no_overlay,-0.20528366637155804
2020-03-30,baseline_no_overlay,-0.22230464429070973
2020-03-31,baseline_no_overlay,-0.22220615766930063
2020-04-01,baseline_no_overlay,-0.21344453755949966
2020-04-03,baseline_no_overlay,-0.20252951465291402
2020-04-06,baseline_no_overlay,-0.18534122479407267
2020-04-07,baseline_no_overlay,-0.1806340010892863
2020-04-08,baseline_no_overlay,-0.18000251537376166
2020-04-09,baseline_no_overlay,-0.17397340010949003
2020-04-10,baseline_no_overlay,-0.17513043184564814
2020-04-13,baseline_no_overlay,-0.17150731900291316
2020-04-14,baseline_no_overlay,-0.17074971479011414
2020-04-15,baseline_no_overlay,-0.1659638932953732
2020-04-16,baseline_no_overlay,-0.16429998948906122
2020-04-17,baseline_no_overlay,-0.159978489994835
2020-04-20,baseline_no_overlay,-0.1573877445253382
2020-04-21,baseline_no_overlay,-0.17155694635539476
2020-04-22,baseline_no_overlay,-0.17059651224990313
2020-04-23,baseline_no_overlay,-0.1681723237902546
2020-04-24,baseline_no_overlay,-0.16682865788083856
2020-04-27,baseline_no_overlay,-0.16978689910926448
2020-04-28,baseline_no_overlay,-0.17140567838678555
2020-04-29,baseline_no_overlay,-0.1705781707283488
2020-05-04,baseline_no_overlay,-0.17343626984021343
2020-05-05,baseline_no_overlay,-0.17276041315097856
2020-05-06,baseline_no_overlay,-0.16502648177777246
2020-05-07,baseline_no_overlay,-0.15854618462847514
2020-05-08,baseline_no_overlay,-0.1504506444737469
2020-05-11,baseline_no_overlay,-0.14364827850330097
2020-05-12,baseline_no_overlay,-0.14023176658969672
2020-05-13,baseline_no_overlay,-0.14077565056944563
2020-05-14,baseline_no_overlay,-0.14163306302283762
2020-05-15,baseline_no_overlay,-0.14399785308205337
2020-05-18,baseline_no_overlay,-0.13985557596907916
2020-05-19,baseline_no_overlay,-0.13592050019109603
2020-05-20,baseline_no_overlay,-0.13280847368618032
2020-05-21,baseline_no_overlay,-0.12826204136846409
2020-05-22,baseline_no_overlay,-0.1330296268277127
2020-05-25,baseline_no_overlay,-0.13037831323468219
2020-05-26,baseline_no_overlay,-0.12573201157654001
2020-05-27,baseline_no_overlay,-0.1313174827230401
2020-05-28,baseline_no_overlay,-0.12965256730551844
2020-05-29,baseline_no_overlay,-0.12828328559846047
2020-06-01,baseline_no_overlay,-0.12178059785529671
2020-06-02,baseline_no_overlay,-0.12377805036171097
2020-06-03,baseline_no_overlay,-0.12088628451574768
2020-06-04,baseline_no_overlay,-0.11959358869740355
2020-06-05,baseline_no_overlay,-0.11856094755243429
2020-06-08,baseline_no_overlay,-0.11229669157927435
2020-06-09,baseline_no_overlay,-0.11289696602757227
2020-06-10,baseline_no_overlay,-0.11235217619169136
2020-06-11,baseline_no_overlay,-0.12744984078207533
2020-06-12,baseline_no_overlay,-0.12910875395837873
2020-06-15,baseline_no_overlay,-0.14259019487448543
2020-06-16,baseline_no_overlay,-0.13285721401863992
2020-06-17,baseline_no_overlay,-0.13363410982348556
2020-06-18,baseline_no_overlay,-0.13328757342510877
2020-06-19,baseline_no_overlay,-0.1274410936092063
2020-06-22,baseline_no_overlay,-0.12619560505212268
2020-06-23,baseline_no_overlay,-0.1276241835287143
2020-06-24,baseline_no_overlay,-0.131492423131913
2020-06-25,baseline_no_overlay,-0.13372978927101042
2020-06-26,baseline_no_overlay,-0.13483858088866651
2020-06-29,baseline_no_overlay,-0.1442859046537066
2020-06-30,baseline_no_overlay,-0.14600739616373692
2020-07-01,baseline_no_overlay,-0.13859328507809932
2020-07-02,baseline_no_overlay,-0.13913040434174784
2020-07-03,baseline_no_overlay,-0.13695363381842762
2020-07-06,baseline_no_overlay,-0.13120890373085548
2020-07-07,baseline_no_overlay,-0.13020378376540664
2020-07-08,baseline_no_overlay,-0.1297291047791299
2020-07-09,baseline_no_overlay,-0.12452420928832586
2020-07-10,baseline_no_overlay,-0.12688894225083502
2020-07-13,baseline_no_overlay,-0.1279570493687101
2020-07-14,baseline_no_overlay,-0.12821781423742262
2020-07-15,baseline_no_overlay,-0.1275013680442677
2020-07-16,baseline_no_overlay,-0.1248129222587443
2020-07-17,baseline_no_overlay,-0.12680516511593476
2020-07-20,baseline_no_overlay,-0.13079985524143078
2020-07-21,baseline_no_overlay,-0.13070703002876738
2020-07-22,baseline_no_overlay,-0.13322544620523114
2020-07-23,baseline_no_overlay,-0.1326443210928281
2020-07-24,baseline_no_overlay,-0.14302544286681662
2020-07-27,baseline_no_overlay,-0.1599250413203127
2020-07-28,baseline_no_overlay,-0.14867546301375834
2020-07-29,baseline_no_overlay,-0.15820864752083263
2020-07-30,baseline_no_overlay,-0.15398343511580725
2020-07-31,baseline_no_overlay,-0.15512403195621804
2020-08-03,baseline_no_overlay,-0.1485095655227261
2020-08-04,baseline_no_overlay,-0.1428494848893146
2020-08-05,baseline_no_overlay,-0.13826504859491373
2020-08-06,baseline_no_overlay,-0.13725356577922598
2020-08-07,baseline_no_overlay,-0.13661326736608403
2020-08-10,baseline_no_overlay,-0.13582941484367106
2020-08-11,baseline_no_overlay,-0.1358911526451455
2020-08-12,baseline_no_overlay,-0.13422203777011465
2020-08-13,baseline_no_overlay,-0.1307744372210876
2020-08-14,baseline_no_overlay,-0.1326934235172813
2020-08-17,baseline_no_overlay,-0.13296064795362228
2020-08-18,baseline_no_overlay,-0.1345232042246285
2020-08-19,baseline_no_overlay,-0.1325792301636003
2020-08-20,baseline_no_overlay,-0.1338506185213516
2020-08-21,baseline_no_overlay,-0.13120902272749124
2020-08-24,baseline_no_overlay,-0.12532459391374573
2020-08-25,baseline_no_overlay,-0.12289944684649534
2020-08-26,baseline_no_overlay,-0.12319348141831721
2020-08-27,baseline_no_overlay,-0.12268109165432683
2020-08-28,baseline_no_overlay,-0.120851640198122
2020-08-31,baseline_no_overlay,-0.11970332804313422
2020-09-01,baseline_no_overlay,-0.11536592935013268
2020-09-03,baseline_no_overlay,-0.1099636258793123
2020-09-04,baseline_no_overlay,-0.11102727178997063
2020-09-07,baseline_no_overlay,-0.11656133929759394
2020-09-08,baseline_no_overlay,-0.11584859397843872
2020-09-09,baseline_no_overlay,-0.11618504964924992
2020-09-10,baseline_no_overlay,-0.11639028676122387
2020-09-11,baseline_no_overlay,-0.11634261697907167
2020-09-14,baseline_no_overlay,-0.11422198338656087
2020-09-15,baseline_no_overlay,-0.11356455498085882
2020-09-16,baseline_no_overlay,-0.11309674888292243
2020-09-17,baseline_no_overlay,-0.11448055005338165
2020-09-18,baseline_no_overlay,-0.1118498503038079
2020-09-21,baseline_no_overlay,-0.10908991564825332
2020-09-22,baseline_no_overlay,-0.1098234174695989
2020-09-23,baseline_no_overlay,-0.10737831206584891
2020-09-24,baseline_no_overlay,-0.10893975952459534
2020-09-25,baseline_no_overlay,-0.10907213096024648
2020-09-28,baseline_no_overlay,-0.10745795574362504
2020-09-29,baseline_no_overlay,-0.11085344759428106
2020-09-30,baseline_no_overlay,-0.11040370721269477
2020-10-01,baseline_no_overlay,-0.1069456167125058
2020-10-02,baseline_no_overlay,-0.10879916495998199
2020-10-05,baseline_no_overlay,-0.10694214603481966
2020-10-06,baseline_no_overlay,-0.10655030184581982
2020-10-07,baseline_no_overlay,-0.10491136811743385
2020-10-08,baseline_no_overlay,-0.10528749633114809
2020-10-09,baseline_no_overlay,-0.10324908779842168
2020-10-12,baseline_no_overlay,-0.10250263944130888
2020-10-13,baseline_no_overlay,-0.10080838880135878
2020-10-14,baseline_no_overlay,-0.096488569780951
2020-10-15,baseline_no_overlay,-0.09540731588444518
2020-10-16,baseline_no_overlay,-0.09519935998660678
2020-10-19,baseline_no_overlay,-0.09504293983427503
2020-10-20,baseline_no_overlay,-0.09475508615680939
2020-10-21,baseline_no_overlay,-0.09705890758736002
2020-10-22,baseline_no_overlay,-0.09292148794110022
2020-10-23,baseline_no_overlay,-0.08812838632919906
2020-10-26,baseline_no_overlay,-0.09264713855590478
2020-10-27,baseline_no_overlay,-0.09437066745383038
2020-10-28,baseline_no_overlay,-0.10405766550008888
2020-10-29,baseline_no_overlay,-0.10480877423018342
2020-10-30,baseline_no_overlay,-0.10232096366465482
2020-11-02,baseline_no_overlay,-0.09903191584839466
2020-11-03,baseline_no_overlay,-0.09832535231956252
2020-11-04,baseline_no_overlay,-0.09657530245177792
2020-11-05,baseline_no_overlay,-0.0974286553592476
2020-11-06,baseline_no_overlay,-0.09724820575256388
2020-11-09,baseline_no_overlay,-0.0918665302293814
2020-11-10,baseline_no_overlay,-0.09194331400201328
2020-11-11,baseline_no_overlay,-0.09183877742302071
2020-11-12,baseline_no_overlay,-0.08905516184896223
2020-11-13,baseline_no_overlay,-0.08615971144666901
2020-11-16,baseline_no_overlay,-0.09268145872407674
2020-11-17,baseline_no_overlay,-0.08583717952944714
2020-11-18,baseline_no_overlay,-0.08396490952637203
2020-11-19,baseline_no_overlay,-0.07995991660997481
2020-11-20,baseline_no_overlay,-0.07718694567778739
2020-11-23,baseline_no_overlay,-0.07544933274945731
2020-11-24,baseline_no_overlay,-0.07480761048409434
2020-11-25,baseline_no_overlay,-0.07306822081601971
2020-11-26,baseline_no_overlay,-0.07063048282830442
2020-11-27,baseline_no_overlay,-0.06884522227814227
2020-11-30,baseline_no_overlay,-0.07183577729350021
2020-12-01,baseline_no_overlay,-0.06965544395419931
2020-12-02,baseline_no_overlay,-0.06741903123514337
2020-12-03,baseline_no_overlay,-0.06530162505482173
2020-12-04,baseline_no_overlay,-0.06463393083302149
2020-12-07,baseline_no_overlay,-0.061338034812307374
2020-12-08,baseline_no_overlay,-0.061661159245687824
2020-12-09,baseline_no_overlay,-0.05798871003667816
2020-12-10,baseline_no_overlay,-0.061376045638005916
2020-12-11,baseline_no_overlay,-0.05612897554640639
2020-12-14,baseline_no_overlay,-0.04907011014126328
2020-12-15,baseline_no_overlay,-0.05281485457597912
2020-12-16,baseline_no_overlay,-0.048323944018155096
2020-12-17,baseline_no_overlay,-0.05447349203280216
2020-12-18,baseline_no_overlay,-0.048672588549491747
2020-12-21,baseline_no_overlay,-0.043434758535251805
2020-12-22,baseline_no_overlay,-0.042488631169184665
2020-12-23,baseline_no_overlay,-0.044374168071964926
2020-12-24,baseline_no_overlay,-0.04873090930840962
2020-12-25,baseline_no_overlay,-0.04252473383244271
2020-12-28,baseline_no_overlay,-0.03979425485521937
2020-12-29,baseline_no_overlay,-0.03652364162934674
2020-12-30,baseline_no_overlay,-0.03729915275885887
2020-12-31,baseline_no_overlay,-0.03494775835305686
2021-01-04,baseline_no_overlay,-0.028726900050949356
2021-01-05,baseline_no_overlay,-0.02390704131638155
2021-01-06,baseline_no_overlay,-0.01958499745754838
2021-01-07,baseline_no_overlay,-0.014179031890289129
2021-01-08,baseline_no_overlay,-0.00953594725656648
2021-01-11,baseline_no_overlay,-0.002552931361248789
2021-01-12,baseline_no_overlay,0.0
2021-01-13,baseline_no_overlay,-0.00252104759278593
2021-01-14,baseline_no_overlay,-0.002060233959536917
2021-01-15,baseline_no_overlay,0.0
2021-01-18,baseline_no_overlay,-0.0008538556125693431
2021-01-19,baseline_no_overlay,-0.022134318913231255
2021-01-20,baseline_no_overlay,-0.02081855592472326
2021-01-21,baseline_no_overlay,-0.009639738445848978
2021-01-22,baseline_no_overlay,-0.008607691065062317
2021-01-25,baseline_no_overlay,-0.008924162999982665
2021-01-26,baseline_no_overlay,-0.020587259621472342
2021-01-27,baseline_no_overlay,-0.035524304600869305
2021-01-28,baseline_no_overlay,-0.06275213355614617
2021-01-29,baseline_no_overlay,-0.05123318512262631
2021-02-01,baseline_no_overlay,-0.05901723582299101
2021-02-02,baseline_no_overlay,-0.04442130813558964
2021-02-03,baseline_no_overlay,-0.031173607411632775
2021-02-04,baseline_no_overlay,-0.030851508579372466
2021-02-05,baseline_no_overlay,-0.025420660857967348
2021-02-08,baseline_no_overlay,-0.04238274638962758
2021-02-09,baseline_no_overlay,-0.030884800052081385
2021-02-17,baseline_no_overlay,-0.015321676218887359
2021-02-18,baseline_no_overlay,-0.008039884485419146
2021-02-19,baseline_no_overlay,-0.008413664356659134
2021-02-22,baseline_no_overlay,-0.007891243102804313
2021-02-23,baseline_no_overlay,-0.006918987866059156
2021-02-24,baseline_no_overlay,-0.01300139449834381
2021-02-25,baseline_no_overlay,-0.011790956135024788
2021-02-26,baseline_no_overlay,-0.010676248614419404
2021-03-01,baseline_no_overlay,-0.004148791649810968
2021-03-02,baseline_no_overlay,-0.0039998230759249465
2021-03-03,baseline_no_overlay,-0.0038933817569011264
2021-03-04,baseline_no_overlay,-0.010685046444352975
2017-03-14,baseline_risk_overlay,0.0
2017-03-15,baseline_risk_overlay,-0.0007256684243132083
2017-03-16,baseline_risk_overlay,-0.0005773105080288943
2017-03-17,baseline_risk_overlay,-0.002112068869880357
2017-03-20,baseline_risk_overlay,-0.0007979751646212119
2017-03-21,baseline_risk_overlay,-0.00046398060433616717
2017-03-22,baseline_risk_overlay,-0.0015177526131775476
2017-03-23,baseline_risk_overlay,-0.0006302363470384043
2017-03-24,baseline_risk_overlay,-0.00021435368762745544
2017-03-27,baseline_risk_overlay,0.0
2017-03-28,baseline_risk_overlay,-0.0007077325979290006
2017-03-29,baseline_risk_overlay,-0.0005298724711769731
2017-03-30,baseline_risk_overlay,0.0
2017-03-31,baseline_risk_overlay,-0.00025504038018031583
2017-04-03,baseline_risk_overlay,-0.0002512697083619786
2017-04-04,baseline_risk_overlay,0.0
2017-04-05,baseline_risk_overlay,-0.00015351491400461548
2017-04-07,baseline_risk_overlay,0.0
2017-04-10,baseline_risk_overlay,0.0
2017-04-11,baseline_risk_overlay,0.0
2017-04-12,baseline_risk_overlay,-0.0009412376637406572
2017-04-13,baseline_risk_overlay,-0.00113634625519754
2017-04-14,baseline_risk_overlay,-0.0020053069076619856
2017-04-17,baseline_risk_overlay,-0.0031258583220049596
2017-04-18,baseline_risk_overlay,-0.0025531182331888225
2017-04-19,baseline_risk_overlay,-0.002277775402381499
2017-04-20,baseline_risk_overlay,-0.002925241684375468
2017-04-21,baseline_risk_overlay,-0.0029709281434314727
2017-04-24,baseline_risk_overlay,-0.0034132746007315973
2017-04-25,baseline_risk_overlay,-0.00367201370695025
2017-04-26,baseline_risk_overlay,-0.0033195537435704026
2017-04-27,baseline_risk_overlay,-0.0023294626482471825
2017-04-28,baseline_risk_overlay,-0.0021415801501378784
2017-05-03,baseline_risk_overlay,-0.00184800091500803
2017-05-04,baseline_risk_overlay,-0.001437961461965176
2017-05-05,baseline_risk_overlay,-0.001773426514375842
2017-05-08,baseline_risk_overlay,-0.0019578998312727025
2017-05-09,baseline_risk_overlay,-0.0014520423619603928
2017-05-10,baseline_risk_overlay,-0.0010974052033115855
2017-05-11,baseline_risk_overlay,-0.000994473711003252
2017-05-12,baseline_risk_overlay,-0.000989183134351146
2017-05-15,baseline_risk_overlay,-0.0009960463870248848
2017-05-16,baseline_risk_overlay,-0.0010981090835933127
2017-05-17,baseline_risk_overlay,-0.0004473968451005339
2017-05-18,baseline_risk_overlay,-0.0005175587830724693
2017-05-19,baseline_risk_overlay,0.0
2017-05-22,baseline_risk_overlay,0.0
2017-05-23,baseline_risk_overlay,-0.0004923768255715721
2017-05-24,baseline_risk_overlay,-0.00023087263404752978
2017-05-25,baseline_risk_overlay,-0.00036013126042355736
2017-05-26,baseline_risk_overlay,-0.00014827095298453052
2017-05-29,baseline_risk_overlay,0.0
2017-05-30,baseline_risk_overlay,-0.0011959288843507165
2017-05-31,baseline_risk_overlay,-0.0012575789409690064
2017-06-01,baseline_risk_overlay,-0.0007001833520405842
2017-06-02,baseline_risk_overlay,-0.0017180123604648712
2017-06-05,baseline_risk_overlay,-0.0011986125365425204
2017-06-06,baseline_risk_overlay,-9.946649603154167e-05
2017-06-07,baseline_risk_overlay,0.0
2017-06-08,baseline_risk_overlay,-0.0005032519875006747
2017-06-09,baseline_risk_overlay,-0.000567608588551205
2017-06-12,baseline_risk_overlay,-0.0003837918303487564
2017-06-13,baseline_risk_overlay,0.0
2017-06-14,baseline_risk_overlay,0.0
2017-06-15,baseline_risk_overlay,-3.2594113060002705e-05
2017-06-16,baseline_risk_overlay,0.0
2017-06-19,baseline_risk_overlay,0.0
2017-06-20,baseline_risk_overlay,0.0
2017-06-21,baseline_risk_overlay,-0.0001705171627095492
2017-06-22,baseline_risk_overlay,-0.0004916780629902195
2017-06-23,baseline_risk_overlay,0.0
2017-06-26,baseline_risk_overlay,0.0
2017-06-27,baseline_risk_overlay,-0.0014391857692592769
2017-06-28,baseline_risk_overlay,-0.0013644086540666178
2017-06-29,baseline_risk_overlay,-0.0009979933425688925
2017-06-30,baseline_risk_overlay,0.0
2017-07-03,baseline_risk_overlay,0.0
2017-07-04,baseline_risk_overlay,-0.000575398911281555
2017-07-05,baseline_risk_overlay,-0.0001854785932053904
2017-07-06,baseline_risk_overlay,0.0
2017-07-07,baseline_risk_overlay,-0.0019637721271179576
2017-07-10,baseline_risk_overlay,-0.003276669876128069
2017-07-11,baseline_risk_overlay,-0.002919691883246256
2017-07-12,baseline_risk_overlay,-0.0022602023437505725
2017-07-13,baseline_risk_overlay,-0.0016981170599144058
2017-07-14,baseline_risk_overlay,-0.0018006150038625268
2017-07-17,baseline_risk_overlay,-0.0029500225059441165
2017-07-18,baseline_risk_overlay,-0.0031352333667773458
2017-07-19,baseline_risk_overlay,-0.0026496656174871402
2017-07-20,baseline_risk_overlay,-0.0030223974125050956
2017-07-21,baseline_risk_overlay,-0.0038634618220431127
2017-07-24,baseline_risk_overlay,-0.004126319932406197
2017-07-25,baseline_risk_overlay,-0.0031767883538269537
2017-07-26,baseline_risk_overlay,-0.0022797550143928147
2017-07-27,baseline_risk_overlay,-0.0026282822389053218
2017-07-28,baseline_risk_overlay,-0.0019006410283043396
2017-07-31,baseline_risk_overlay,-0.0009912907379188152
2017-08-01,baseline_risk_overlay,-0.0005083273104604658
2017-08-02,baseline_risk_overlay,-0.0005957441011826825
2017-08-03,baseline_risk_overlay,-0.00029425345610722964
2017-08-04,baseline_risk_overlay,-0.0002688819216851712
2017-08-07,baseline_risk_overlay,0.0
2017-08-08,baseline_risk_overlay,-0.0003864889368275781
2017-08-09,baseline_risk_overlay,-0.00510701884606779
2017-08-10,baseline_risk_overlay,-0.005178828973264937
2017-08-11,baseline_risk_overlay,-0.0055095993002289845
2017-08-14,baseline_risk_overlay,-0.0045257613087544835
2017-08-15,baseline_risk_overlay,-0.005841085843250604
2017-08-16,baseline_risk_overlay,-0.005244876271419119
2017-08-17,baseline_risk_overlay,-0.0068209552393441175
2017-08-18,baseline_risk_overlay,-0.006499427140020053
2017-08-21,baseline_risk_overlay,-0.006552164221786949
2017-08-22,baseline_risk_overlay,-0.008439484349402226
2017-08-23,baseline_risk_overlay,-0.006773927501633414
2017-08-24,baseline_risk_overlay,-0.005870304840732921
2017-08-25,baseline_risk_overlay,-0.005379533017890292
2017-08-28,baseline_risk_overlay,-0.0032311467609502653
2017-08-29,baseline_risk_overlay,-0.004641693309822337
2017-08-30,baseline_risk_overlay,-0.002870958449368355
2017-08-31,baseline_risk_overlay,-0.0011853489683461005
2017-09-01,baseline_risk_overlay,0.0
2017-09-05,baseline_risk_overlay,0.0
2017-09-06,baseline_risk_overlay,0.0
2017-09-07,baseline_risk_overlay,0.0
2017-09-08,baseline_risk_overlay,0.0
2017-09-11,baseline_risk_overlay,-0.0015190880833743092
2017-09-12,baseline_risk_overlay,-0.0010070520273387507
2017-09-13,baseline_risk_overlay,0.0
2017-09-14,baseline_risk_overlay,0.0
2017-09-15,baseline_risk_overlay,-0.0002017605565323155
2017-09-18,baseline_risk_overlay,0.0
2017-09-19,baseline_risk_overlay,-0.0007758749988685532
2017-09-20,baseline_risk_overlay,-0.0009152202044773183
2017-09-21,baseline_risk_overlay,-0.0017506533547609893
2017-09-22,baseline_risk_overlay,-0.0010829761380922731
2017-09-25,baseline_risk_overlay,-0.0014885508667973335
2017-09-26,baseline_risk_overlay,-0.001667344515863256
2017-09-27,baseline_risk_overlay,-0.002276368267721929
2017-09-28,baseline_risk_overlay,-0.0018798393448987705
2017-09-29,baseline_risk_overlay,-0.0020395258882933698
2017-10-02,baseline_risk_overlay,-0.0028818315082439483
2017-10-03,baseline_risk_overlay,-0.0044838880206544696
2017-10-04,baseline_risk_overlay,-0.0015418592223486183
2017-10-05,baseline_risk_overlay,-0.001743154570823191
2017-10-06,baseline_risk_overlay,-0.000741190852138307
2017-10-09,baseline_risk_overlay,-0.0002776609443222444
2017-10-10,baseline_risk_overlay,0.0
2017-10-11,baseline_risk_overlay,0.0
2017-10-12,baseline_risk_overlay,0.0
2017-10-13,baseline_risk_overlay,0.0
2017-10-16,baseline_risk_overlay,-0.0009174628421603215
2017-10-17,baseline_risk_overlay,0.0
2017-10-18,baseline_risk_overlay,-0.0003578856754168358
2017-10-19,baseline_risk_overlay,0.0
2017-10-20,baseline_risk_overlay,-0.001151379698724253
2017-10-23,baseline_risk_overlay,-0.004717066461168873
2017-10-24,baseline_risk_overlay,-0.00210153321235651
2017-10-25,baseline_risk_overlay,0.0
2017-10-26,baseline_risk_overlay,-0.00031863140552768066
2017-10-27,baseline_risk_overlay,0.0
2017-10-30,baseline_risk_overlay,0.0
2017-10-31,baseline_risk_overlay,-0.003117824072347397
2017-11-01,baseline_risk_overlay,-0.0011510154221140434
2017-11-02,baseline_risk_overlay,-0.004998998252905729
2017-11-03,baseline_risk_overlay,-0.003959922875127031
2017-11-06,baseline_risk_overlay,-0.0032825374549606545
2017-11-07,baseline_risk_overlay,-0.0030738013567424005
2017-11-08,baseline_risk_overlay,-0.0006851102746049387
2017-11-09,baseline_risk_overlay,-0.0005082104076549188
2017-11-10,baseline_risk_overlay,0.0
2017-11-13,baseline_risk_overlay,0.0
2017-11-14,baseline_risk_overlay,0.0
2017-11-15,baseline_risk_overlay,0.0
2017-11-16,baseline_risk_overlay,0.0
2017-11-17,baseline_risk_overlay,-0.0005511469304472216
2017-11-20,baseline_risk_overlay,0.0
2017-11-21,baseline_risk_overlay,0.0
2017-11-22,baseline_risk_overlay,0.0
2017-11-23,baseline_risk_overlay,0.0
2017-11-24,baseline_risk_overlay,0.0
2017-11-27,baseline_risk_overlay,0.0
2017-11-28,baseline_risk_overlay,0.0
2017-11-29,baseline_risk_overlay,0.0
2017-11-30,baseline_risk_overlay,-0.0007308384463411421
2017-12-01,baseline_risk_overlay,0.0
2017-12-04,baseline_risk_overlay,0.0
2017-12-05,baseline_risk_overlay,-0.004498622571146638
2017-12-06,baseline_risk_overlay,-0.005851351831546503
2017-12-07,baseline_risk_overlay,-0.007947462416084017
2017-12-08,baseline_risk_overlay,-0.007638461890606907
2017-12-11,baseline_risk_overlay,-0.012778766061521951
2017-12-12,baseline_risk_overlay,-0.010766382030641397
2017-12-13,baseline_risk_overlay,-0.011440365519473694
2017-12-14,baseline_risk_overlay,-0.009029778331903437
2017-12-15,baseline_risk_overlay,-0.009194115052105434
2017-12-18,baseline_risk_overlay,-0.004521258288568641
2017-12-19,baseline_risk_overlay,-0.006142993981522293
2017-12-20,baseline_risk_overlay,-0.006039097738161914
2017-12-21,baseline_risk_overlay,-0.006874356125458392
2017-12-22,baseline_risk_overlay,-0.006213705640841449
2017-12-25,baseline_risk_overlay,-0.0049954980639743685
2017-12-26,baseline_risk_overlay,-0.003297643443463505
2017-12-27,baseline_risk_overlay,-0.003096206058886497
2017-12-28,baseline_risk_overlay,-0.002163144531513339
2017-12-29,baseline_risk_overlay,-0.0012982027855145128
2018-01-02,baseline_risk_overlay,-1.533718952295704e-05
2018-01-03,baseline_risk_overlay,0.0
2018-01-04,baseline_risk_overlay,0.0
2018-01-05,baseline_risk_overlay,-0.0008310927814986213
2018-01-08,baseline_risk_overlay,0.0
2018-01-09,baseline_risk_overlay,0.0
2018-01-10,baseline_risk_overlay,0.0
2018-01-11,baseline_risk_overlay,0.0
2018-01-12,baseline_risk_overlay,0.0
2018-01-15,baseline_risk_overlay,0.0
2018-01-16,baseline_risk_overlay,-0.00014628175182018754
2018-01-17,baseline_risk_overlay,-0.0035081097689511065
2018-01-18,baseline_risk_overlay,-0.0019010186034128518
2018-01-19,baseline_risk_overlay,-0.0005511062294900615
2018-01-22,baseline_risk_overlay,0.0
2018-01-25,baseline_risk_overlay,0.0
2018-01-26,baseline_risk_overlay,0.0
2018-01-29,baseline_risk_overlay,-0.0008009031264506472
2018-01-30,baseline_risk_overlay,-0.0007300111211919758
2018-01-31,baseline_risk_overlay,-0.0009031061713271615
2018-02-01,baseline_risk_overlay,-0.0021690017854500976
2018-02-02,baseline_risk_overlay,-0.0011727674264112586
2018-02-05,baseline_risk_overlay,-0.012830047286101598
2018-02-06,baseline_risk_overlay,-0.024059624167302895
2018-02-07,baseline_risk_overlay,-0.01516402181592491
2018-02-08,baseline_risk_overlay,-0.018805667775206314
2018-02-09,baseline_risk_overlay,-0.024609879676104063
2018-02-12,baseline_risk_overlay,-0.013133117247197346
2018-02-13,baseline_risk_overlay,-0.009564519128606674
2018-02-21,baseline_risk_overlay,-0.003971830879536786
2018-02-22,baseline_risk_overlay,-0.00631613560606159
2018-02-23,baseline_risk_overlay,-0.000910257471223308
2018-02-26,baseline_risk_overlay,0.0
2018-02-27,baseline_risk_overlay,0.0
2018-02-28,baseline_risk_overlay,0.0
2018-03-01,baseline_risk_overlay,-0.0018994749129194188
2018-03-02,baseline_risk_overlay,-0.00019538034506716428
2018-03-05,baseline_risk_overlay,-0.008739565539839345
2018-03-06,baseline_risk_overlay,-0.0011112873986521832
2018-03-07,baseline_risk_overlay,-0.0036393325167110024
2018-03-08,baseline_risk_overlay,-0.00018272823079212852
2018-03-09,baseline_risk_overlay,-0.00041436040267095464
2018-03-12,baseline_risk_overlay,0.0
2018-03-13,baseline_risk_overlay,0.0
2018-03-14,baseline_risk_overlay,0.0
2018-03-15,baseline_risk_overlay,0.0
2018-03-16,baseline_risk_overlay,0.0
2018-03-19,baseline_risk_overlay,0.0
2018-03-20,baseline_risk_overlay,0.0
2018-03-21,baseline_risk_overlay,0.0
2018-03-22,baseline_risk_overlay,0.0
2018-03-23,baseline_risk_overlay,-0.003556582106933992
2018-03-26,baseline_risk_overlay,-0.0004130160760021928
2018-03-27,baseline_risk_overlay,-0.00046841606583059026
2018-03-28,baseline_risk_overlay,-0.0004223216247567496
2018-03-29,baseline_risk_overlay,-0.0014465238267828973
2018-03-30,baseline_risk_overlay,-0.00021329727773866658
2018-04-02,baseline_risk_overlay,0.0
2018-04-03,baseline_risk_overlay,-0.0008578496101191435
2018-04-04,baseline_risk_overlay,-0.0005997390149250492
2018-04-05,baseline_risk_overlay,-0.000465070873109652
2018-04-06,baseline_risk_overlay,0.0
2018-04-09,baseline_risk_overlay,0.0
2018-04-10,baseline_risk_overlay,-0.000551956829428768
2018-04-11,baseline_risk_overlay,-0.00321250988715982
2018-04-12,baseline_risk_overlay,-0.0027351940046460577
2018-04-13,baseline_risk_overlay,-0.004161292415793216
2018-04-16,baseline_risk_overlay,-0.004884818192387397
2018-04-17,baseline_risk_overlay,-0.0044956332346622885
2018-04-18,baseline_risk_overlay,-0.005745360424226131
2018-04-19,baseline_risk_overlay,-0.009361278193132372
2018-04-20,baseline_risk_overlay,-0.007189828018991706
2018-04-23,baseline_risk_overlay,-0.015485598508664045
2018-04-24,baseline_risk_overlay,-0.015228127358764443
2018-04-26,baseline_risk_overlay,-0.01869207755807789
2018-04-27,baseline_risk_overlay,-0.018169209503091643
2018-05-02,baseline_risk_overlay,-0.020259262115299936
2018-05-03,baseline_risk_overlay,-0.020520918071218253
2018-05-04,baseline_risk_overlay,-0.02048824686491113
2018-05-07,baseline_risk_overlay,-0.01699023601231664
2018-05-08,baseline_risk_overlay,-0.017494689247682382
2018-05-09,baseline_risk_overlay,-0.01819684242934405
2018-05-10,baseline_risk_overlay,-0.02373771943203995
2018-05-11,baseline_risk_overlay,-0.02062691902390479
2018-05-14,baseline_risk_overlay,-0.016153168226436865
2018-05-15,baseline_risk_overlay,-0.01483396476674137
2018-05-16,baseline_risk_overlay,-0.016788034115484796
2018-05-17,baseline_risk_overlay,-0.02129379510089835
2018-05-18,baseline_risk_overlay,-0.019479784829640745
2018-05-21,baseline_risk_overlay,-0.024526794384824857
2018-05-22,baseline_risk_overlay,-0.030036783292535785
2018-05-23,baseline_risk_overlay,-0.029448425683765822
2018-05-24,baseline_risk_overlay,-0.030058516000038282
2018-05-25,baseline_risk_overlay,-0.034493854468181206
2018-05-28,baseline_risk_overlay,-0.03777345361882556
2018-05-29,baseline_risk_overlay,-0.03564415468823845
2018-05-30,baseline_risk_overlay,-0.03654792944208307
2018-05-31,baseline_risk_overlay,-0.03167590782683971
2018-06-01,baseline_risk_overlay,-0.02692566011769637
2018-06-04,baseline_risk_overlay,-0.022222360934320173
2018-06-05,baseline_risk_overlay,-0.021333165565881274
2018-06-06,baseline_risk_overlay,-0.020072959842120652
2018-06-07,baseline_risk_overlay,-0.01983615512640058
2018-06-08,baseline_risk_overlay,-0.019594948639583776
2018-06-11,baseline_risk_overlay,-0.01970295494730745
2018-06-12,baseline_risk_overlay,-0.021712625034617905
2018-06-13,baseline_risk_overlay,-0.019859135560577723
2018-06-14,baseline_risk_overlay,-0.022940840011328123
2018-06-15,baseline_risk_overlay,-0.022800777970884978
2018-06-18,baseline_risk_overlay,-0.028650251156654982
2018-06-19,baseline_risk_overlay,-0.033370382119335296
2018-06-20,baseline_risk_overlay,-0.029720435753145424
2018-06-21,baseline_risk_overlay,-0.030991012626578773
2018-06-22,baseline_risk_overlay,-0.029659523788906572
2018-06-25,baseline_risk_overlay,-0.028912931306500522
2018-06-26,baseline_risk_overlay,-0.02968781315757063
2018-06-27,baseline_risk_overlay,-0.031185668029446778
2018-06-28,baseline_risk_overlay,-0.032372381766753944
2018-06-29,baseline_risk_overlay,-0.032018573226827884
2018-07-02,baseline_risk_overlay,-0.03344847526586614
2018-07-03,baseline_risk_overlay,-0.03773662988866222
2018-07-04,baseline_risk_overlay,-0.036770390285576826
2018-07-05,baseline_risk_overlay,-0.038587487959076516
2018-07-06,baseline_risk_overlay,-0.03668336843169351
2018-07-09,baseline_risk_overlay,-0.03696214079899962
2018-07-10,baseline_risk_overlay,-0.03740369953566314
2018-07-11,baseline_risk_overlay,-0.039392808113298594
2018-07-12,baseline_risk_overlay,-0.03881064067487505
2018-07-13,baseline_risk_overlay,-0.03755689145933705
2018-07-16,baseline_risk_overlay,-0.037399878133261844
2018-07-17,baseline_risk_overlay,-0.036226998949653755
2018-07-18,baseline_risk_overlay,-0.03372038938243038
2018-07-19,baseline_risk_overlay,-0.033543886406604106
2018-07-20,baseline_risk_overlay,-0.03473985677379321
2018-07-23,baseline_risk_overlay,-0.034381123806727754
2018-07-24,baseline_risk_overlay,-0.03467807846195747
2018-07-25,baseline_risk_overlay,-0.03538152177966447
2018-07-26,baseline_risk_overlay,-0.035117095501652984
2018-07-27,baseline_risk_overlay,-0.03454854407804275
2018-07-30,baseline_risk_overlay,-0.03306580151914329
2018-07-31,baseline_risk_overlay,-0.032321234900936524
2018-08-01,baseline_risk_overlay,-0.032725742825686965
2018-08-02,baseline_risk_overlay,-0.03264515998261652
2018-08-03,baseline_risk_overlay,-0.03200003442157895
2018-08-06,baseline_risk_overlay,-0.03193307956851266
2018-08-07,baseline_risk_overlay,-0.03229964200201274
2018-08-08,baseline_risk_overlay,-0.031349471563380193
2018-08-09,baseline_risk_overlay,-0.031654829609543356
2018-08-10,baseline_risk_overlay,-0.031174945418304456
2018-08-13,baseline_risk_overlay,-0.03016829478903671
2018-08-14,baseline_risk_overlay,-0.030147729078237262
2018-08-15,baseline_risk_overlay,-0.031973216769775714
2018-08-16,baseline_risk_overlay,-0.03169358559388835
2018-08-17,baseline_risk_overlay,-0.031219708824023584
2018-08-20,baseline_risk_overlay,-0.031149412695677947
2018-08-21,baseline_risk_overlay,-0.030190717940888234
2018-08-22,baseline_risk_overlay,-0.029884827284766935
2018-08-23,baseline_risk_overlay,-0.02935365304868176
2018-08-24,baseline_risk_overlay,-0.029387360789671857
2018-08-27,baseline_risk_overlay,-0.02889201509774142
2018-08-28,baseline_risk_overlay,-0.02855599635182615
2018-08-29,baseline_risk_overlay,-0.02932025875885169
2018-08-30,baseline_risk_overlay,-0.028372864874108283
2018-08-31,baseline_risk_overlay,-0.029298205519339593
2018-09-04,baseline_risk_overlay,-0.030636486970607835
2018-09-05,baseline_risk_overlay,-0.03135896607567368
2018-09-06,baseline_risk_overlay,-0.03341608107035454
2018-09-07,baseline_risk_overlay,-0.03251796070168278
2018-09-10,baseline_risk_overlay,-0.03233417048342346
2018-09-11,baseline_risk_overlay,-0.029399368204007348
2018-09-12,baseline_risk_overlay,-0.029000118244862372
2018-09-13,baseline_risk_overlay,-0.02880883477215379
2018-09-14,baseline_risk_overlay,-0.028092203051590214
2018-09-17,baseline_risk_overlay,-0.02887943962317252
2018-09-18,baseline_risk_overlay,-0.028394871830615842
2018-09-19,baseline_risk_overlay,-0.02806426086064162
2018-09-20,baseline_risk_overlay,-0.02617123417090672
2018-09-21,baseline_risk_overlay,-0.026573360551980563
2018-09-24,baseline_risk_overlay,-0.02492749378452208
2018-09-25,baseline_risk_overlay,-0.025047645614320824
2018-09-26,baseline_risk_overlay,-0.025279236218965107
2018-09-27,baseline_risk_overlay,-0.024827672206920615
2018-09-28,baseline_risk_overlay,-0.02465833911668347
2018-10-01,baseline_risk_overlay,-0.025086171229606546
2018-10-02,baseline_risk_overlay,-0.024519499216355767
2018-10-03,baseline_risk_overlay,-0.024363807467480125
2018-10-04,baseline_risk_overlay,-0.024043890943417967
2018-10-05,baseline_risk_overlay,-0.025640384866653876
2018-10-08,baseline_risk_overlay,-0.02679374082666075
2018-10-09,baseline_risk_overlay,-0.02679160284267046
2018-10-10,baseline_risk_overlay,-0.02700178318106572
2018-10-11,baseline_risk_overlay,-0.03147937369004017
2018-10-12,baseline_risk_overlay,-0.021843847406466166
2018-10-15,baseline_risk_overlay,-0.030101549963454044
2018-10-16,baseline_risk_overlay,-0.025370949728745762
2018-10-17,baseline_risk_overlay,-0.021831435897360918
2018-10-18,baseline_risk_overlay,-0.025390789769125455
2018-10-19,baseline_risk_overlay,-0.027558938533049693
2018-10-22,baseline_risk_overlay,-0.029597512408082838
2018-10-23,baseline_risk_overlay,-0.035281522674606824
2018-10-24,baseline_risk_overlay,-0.04074962349992972
2018-10-25,baseline_risk_overlay,-0.04455929673414749
2018-10-26,baseline_risk_overlay,-0.04742167121847174
2018-10-29,baseline_risk_overlay,-0.05102069697660139
2018-10-30,baseline_risk_overlay,-0.05106485030788677
2018-10-31,baseline_risk_overlay,-0.04297556444986439
2018-11-01,baseline_risk_overlay,-0.044586492090584184
2018-11-02,baseline_risk_overlay,-0.03906090635840209
2018-11-05,baseline_risk_overlay,-0.03900592245580847
2018-11-06,baseline_risk_overlay,-0.03983033524533264
2018-11-07,baseline_risk_overlay,-0.03987303676482712
2018-11-08,baseline_risk_overlay,-0.03859485900488946
2018-11-09,baseline_risk_overlay,-0.042319672856879875
2018-11-12,baseline_risk_overlay,-0.041709326482097575
2018-11-13,baseline_risk_overlay,-0.04428688148447535
2018-11-14,baseline_risk_overlay,-0.045132541341841415
2018-11-15,baseline_risk_overlay,-0.04582622297843153
2018-11-16,baseline_risk_overlay,-0.045640173099030346
2018-11-19,baseline_risk_overlay,-0.04238154733660915
2018-11-20,baseline_risk_overlay,-0.041800747074906885
2018-11-21,baseline_risk_overlay,-0.04107798321317879
2018-11-22,baseline_risk_overlay,-0.040695632344592614
2018-11-23,baseline_risk_overlay,-0.042001891837840866
2018-11-26,baseline_risk_overlay,-0.04142676684450464
2018-11-27,baseline_risk_overlay,-0.04102313107742672
2018-11-28,baseline_risk_overlay,-0.039624675249013475
2018-11-29,baseline_risk_overlay,-0.04033416559780778
2018-11-30,baseline_risk_overlay,-0.04039437473787799
2018-12-03,baseline_risk_overlay,-0.03554479373244801
2018-12-04,baseline_risk_overlay,-0.03397123311847372
2018-12-05,baseline_risk_overlay,-0.034356191802847325
2018-12-06,baseline_risk_overlay,-0.03486302346065384
2018-12-07,baseline_risk_overlay,-0.03408260370149252
2018-12-10,baseline_risk_overlay,-0.034647550001549066
2018-12-11,baseline_risk_overlay,-0.03491959912453546
2018-12-12,baseline_risk_overlay,-0.03433469333688155
2018-12-13,baseline_risk_overlay,-0.03445347787612196
2018-12-14,baseline_risk_overlay,-0.035301510949838355
2018-12-17,baseline_risk_overlay,-0.038945771665348405
2018-12-18,baseline_risk_overlay,-0.03965217683129696
2018-12-19,baseline_risk_overlay,-0.041306442860204795
2018-12-20,baseline_risk_overlay,-0.04150198555307172
2018-12-21,baseline_risk_overlay,-0.04263413136599736
2018-12-24,baseline_risk_overlay,-0.04332508097101473
2018-12-25,baseline_risk_overlay,-0.04528820908426168
2018-12-26,baseline_risk_overlay,-0.04651419381988953
2018-12-27,baseline_risk_overlay,-0.04487123223534306
2018-12-28,baseline_risk_overlay,-0.04574720004304533
2019-01-02,baseline_risk_overlay,-0.04598002089620745
2019-01-03,baseline_risk_overlay,-0.048678701544349945
2019-01-04,baseline_risk_overlay,-0.04816402825830257
2019-01-07,baseline_risk_overlay,-0.04638804448679734
2019-01-08,baseline_risk_overlay,-0.04670807890788353
2019-01-09,baseline_risk_overlay,-0.0448814773135896
2019-01-10,baseline_risk_overlay,-0.044613502308641584
2019-01-11,baseline_risk_overlay,-0.04368062801123007
2019-01-14,baseline_risk_overlay,-0.04387348760493359
2019-01-15,baseline_risk_overlay,-0.043169523803030074
2019-01-16,baseline_risk_overlay,-0.04328573978438932
2019-01-17,baseline_risk_overlay,-0.04398418928811887
2019-01-18,baseline_risk_overlay,-0.04394955474368678
2019-01-21,baseline_risk_overlay,-0.04309661516893737
2019-01-22,baseline_risk_overlay,-0.043600815636171686
2019-01-23,baseline_risk_overlay,-0.043449504645809656
2019-01-24,baseline_risk_overlay,-0.0433898278897028
2019-01-25,baseline_risk_overlay,-0.043383767160859565
2019-01-28,baseline_risk_overlay,-0.04303933402765647
2019-01-29,baseline_risk_overlay,-0.0426354803396537
2019-01-30,baseline_risk_overlay,-0.04265099199987854
2019-01-31,baseline_risk_overlay,-0.043231777379671765
2019-02-01,baseline_risk_overlay,-0.04344560249116314
2019-02-11,baseline_risk_overlay,-0.041632388075098836
2019-02-12,baseline_risk_overlay,-0.040320960843539866
2019-02-13,baseline_risk_overlay,-0.0394069039586874
2019-02-14,baseline_risk_overlay,-0.038558391605081344
2019-02-15,baseline_risk_overlay,-0.038731305608496025
2019-02-18,baseline_risk_overlay,-0.03757339226265888
2019-02-19,baseline_risk_overlay,-0.03722255255833151
2019-02-20,baseline_risk_overlay,-0.03651619898530378
2019-02-21,baseline_risk_overlay,-0.03461336976974849
2019-02-22,baseline_risk_overlay,-0.03446145847742221
2019-02-25,baseline_risk_overlay,-0.033823375816835144
2019-02-26,baseline_risk_overlay,-0.034665212875886975
2019-02-27,baseline_risk_overlay,-0.034329960181789576
2019-02-28,baseline_risk_overlay,-0.036985800219503706
2019-03-01,baseline_risk_overlay,-0.034125012534736765
2019-03-04,baseline_risk_overlay,-0.0308840703299762
2019-03-05,baseline_risk_overlay,-0.03125171720775344
2019-03-06,baseline_risk_overlay,-0.031146135350381243
2019-03-07,baseline_risk_overlay,-0.031365512883157254
2019-03-08,baseline_risk_overlay,-0.033266078556952516
2019-03-11,baseline_risk_overlay,-0.033444916755154375
2019-03-12,baseline_risk_overlay,-0.03177081696204931
2019-03-13,baseline_risk_overlay,-0.03132851409517523
2019-03-14,baseline_risk_overlay,-0.031005309101915235
2019-03-15,baseline_risk_overlay,-0.03203102070304609
2019-03-18,baseline_risk_overlay,-0.03135869206277042
2019-03-19,baseline_risk_overlay,-0.03189487309087302
2019-03-20,baseline_risk_overlay,-0.032318184059228594
2019-03-21,baseline_risk_overlay,-0.03432391553132763
2019-03-22,baseline_risk_overlay,-0.03369362588315006
2019-03-25,baseline_risk_overlay,-0.03558315505676213
2019-03-26,baseline_risk_overlay,-0.03561526687491967
2019-03-27,baseline_risk_overlay,-0.035031359373012716
2019-03-28,baseline_risk_overlay,-0.03435161105798534
2019-03-29,baseline_risk_overlay,-0.03458211005359213
2019-04-01,baseline_risk_overlay,-0.0338720010576431
2019-04-02,baseline_risk_overlay,-0.03416912583231679
2019-04-03,baseline_risk_overlay,-0.034307649199002976
2019-04-04,baseline_risk_overlay,-0.03407515350641854
2019-04-05,baseline_risk_overlay,-0.03385512511844302
2019-04-08,baseline_risk_overlay,-0.033068749227544325
2019-04-09,baseline_risk_overlay,-0.03399594721189203
2019-04-10,baseline_risk_overlay,-0.034614160628767654
2019-04-11,baseline_risk_overlay,-0.034260545456174074
2019-04-12,baseline_risk_overlay,-0.03454648348260114
2019-04-16,baseline_risk_overlay,-0.03505652169052098
2019-04-17,baseline_risk_overlay,-0.035501780750810896
2019-04-18,baseline_risk_overlay,-0.03631396570675616
2019-04-19,baseline_risk_overlay,-0.03600514971385704
2019-04-22,baseline_risk_overlay,-0.036041220698743937
2019-04-23,baseline_risk_overlay,-0.0358526548893352
2019-04-24,baseline_risk_overlay,-0.035044060576369995
2019-04-25,baseline_risk_overlay,-0.035321693972627966
2019-04-26,baseline_risk_overlay,-0.03480944743949099
2019-05-02,baseline_risk_overlay,-0.03492904954149567
2019-05-03,baseline_risk_overlay,-0.03535497977081781
2019-05-06,baseline_risk_overlay,-0.03686485638347048
2019-05-07,baseline_risk_overlay,-0.03690571783991459
2019-05-08,baseline_risk_overlay,-0.03746915929454875
2019-05-09,baseline_risk_overlay,-0.03782693763893785
2019-05-10,baseline_risk_overlay,-0.037374498276363854
2019-05-13,baseline_risk_overlay,-0.03685219984650079
2019-05-14,baseline_risk_overlay,-0.03621351832856523
2019-05-15,baseline_risk_overlay,-0.03518799821843632
2019-05-16,baseline_risk_overlay,-0.035183935342957606
2019-05-17,baseline_risk_overlay,-0.03510860895493695
2019-05-20,baseline_risk_overlay,-0.0340416646286269
2019-05-21,baseline_risk_overlay,-0.03413772109523505
2019-05-22,baseline_risk_overlay,-0.03439265696873883
2019-05-23,baseline_risk_overlay,-0.03449906650796308
2019-05-24,baseline_risk_overlay,-0.03576865260724449
2019-05-27,baseline_risk_overlay,-0.03530062811670598
2019-05-28,baseline_risk_overlay,-0.0356103464920865
2019-05-29,baseline_risk_overlay,-0.03565683188136315
2019-05-30,baseline_risk_overlay,-0.03586291737461378
2019-05-31,baseline_risk_overlay,-0.036734851353910414
2019-06-03,baseline_risk_overlay,-0.03793935397992321
2019-06-04,baseline_risk_overlay,-0.03753686030882353
2019-06-05,baseline_risk_overlay,-0.03752224113183056
2019-06-06,baseline_risk_overlay,-0.0378266925572045
2019-06-07,baseline_risk_overlay,-0.03688560021899734
2019-06-10,baseline_risk_overlay,-0.03643377747840437
2019-06-11,baseline_risk_overlay,-0.036524285986850646
2019-06-12,baseline_risk_overlay,-0.037311539835922725
2019-06-13,baseline_risk_overlay,-0.037699497058606424
2019-06-14,baseline_risk_overlay,-0.03736385392851793
2019-06-17,baseline_risk_overlay,-0.038015640385805516
2019-06-18,baseline_risk_overlay,-0.03829785253281348
2019-06-19,baseline_risk_overlay,-0.037771288080587606
2019-06-20,baseline_risk_overlay,-0.03685136379415899
2019-06-21,baseline_risk_overlay,-0.03685500103041872
2019-06-24,baseline_risk_overlay,-0.036485112850815016
2019-06-25,baseline_risk_overlay,-0.0367703216309434
2019-06-26,baseline_risk_overlay,-0.03687435272239259
2019-06-27,baseline_risk_overlay,-0.03848033056464084
2019-06-28,baseline_risk_overlay,-0.0378613120293122
2019-07-01,baseline_risk_overlay,-0.03630751477723981
2019-07-02,baseline_risk_overlay,-0.03671739102913951
2019-07-03,baseline_risk_overlay,-0.03688601936872693
2019-07-04,baseline_risk_overlay,-0.03563897239960079
2019-07-05,baseline_risk_overlay,-0.03540024004149933
2019-07-08,baseline_risk_overlay,-0.03636250997299262
2019-07-09,baseline_risk_overlay,-0.03610415054785865
2019-07-10,baseline_risk_overlay,-0.03563022291034512
2019-07-11,baseline_risk_overlay,-0.03511090312509224
2019-07-12,baseline_risk_overlay,-0.03544853782121604
2019-07-15,baseline_risk_overlay,-0.0357358836551499
2019-07-16,baseline_risk_overlay,-0.03480743233031014
2019-07-17,baseline_risk_overlay,-0.03476789731538288
2019-07-18,baseline_risk_overlay,-0.03544719079164016
2019-07-19,baseline_risk_overlay,-0.034861004664294426
2019-07-22,baseline_risk_overlay,-0.03489968535910282
2019-07-23,baseline_risk_overlay,-0.034159264699519354
2019-07-24,baseline_risk_overlay,-0.034276498056378224
2019-07-25,baseline_risk_overlay,-0.033620045036358515
2019-07-26,baseline_risk_overlay,-0.03379424038343781
2019-07-29,baseline_risk_overlay,-0.03334605314996564
2019-07-30,baseline_risk_overlay,-0.034629641216601614
2019-07-31,baseline_risk_overlay,-0.03409905701222049
2019-08-01,baseline_risk_overlay,-0.03352429377169308
2019-08-02,baseline_risk_overlay,-0.03420921858140846
2019-08-05,baseline_risk_overlay,-0.0359705566462144
2019-08-06,baseline_risk_overlay,-0.03677702032984498
2019-08-07,baseline_risk_overlay,-0.03665246897507024
2019-08-08,baseline_risk_overlay,-0.03576431222536103
2019-08-09,baseline_risk_overlay,-0.035861632669502264
2019-08-12,baseline_risk_overlay,-0.0357760800961916
2019-08-13,baseline_risk_overlay,-0.03661242839673273
2019-08-14,baseline_risk_overlay,-0.03642608178375395
2019-08-15,baseline_risk_overlay,-0.03544194895021324
2019-08-16,baseline_risk_overlay,-0.035388085348816656
2019-08-19,baseline_risk_overlay,-0.0352740933825616
2019-08-20,baseline_risk_overlay,-0.03451182212468362
2019-08-21,baseline_risk_overlay,-0.03242930236819508
2019-08-22,baseline_risk_overlay,-0.031802573774881826
2019-08-23,baseline_risk_overlay,-0.03242820349299813
2019-08-26,baseline_risk_overlay,-0.033363455434669564
2019-08-27,baseline_risk_overlay,-0.033945466596285834
2019-08-28,baseline_risk_overlay,-0.033905646281466084
2019-08-29,baseline_risk_overlay,-0.03378291283889234
2019-08-30,baseline_risk_overlay,-0.03325459000872666
2019-09-03,baseline_risk_overlay,-0.03372438876486927
2019-09-04,baseline_risk_overlay,-0.03389311567671516
2019-09-05,baseline_risk_overlay,-0.03397267938542803
2019-09-06,baseline_risk_overlay,-0.03422268645454829
2019-09-09,baseline_risk_overlay,-0.034219076036529295
2019-09-10,baseline_risk_overlay,-0.034600369422744914
2019-09-11,baseline_risk_overlay,-0.03469305490589114
2019-09-12,baseline_risk_overlay,-0.03406479870332657
2019-09-13,baseline_risk_overlay,-0.032951479293123254
2019-09-16,baseline_risk_overlay,-0.03267299015818126
2019-09-17,baseline_risk_overlay,-0.03196424201840342
2019-09-18,baseline_risk_overlay,-0.03215297122600669
2019-09-19,baseline_risk_overlay,-0.03195984390226947
2019-09-20,baseline_risk_overlay,-0.032674748398920817
2019-09-23,baseline_risk_overlay,-0.03312888142146486
2019-09-24,baseline_risk_overlay,-0.03290678397127689
2019-09-25,baseline_risk_overlay,-0.0329922260044363
2019-09-26,baseline_risk_overlay,-0.0326543496124182
2019-09-27,baseline_risk_overlay,-0.03194559200356173
2019-09-30,baseline_risk_overlay,-0.03208261677608215
2019-10-01,baseline_risk_overlay,-0.031779795382982146
2019-10-02,baseline_risk_overlay,-0.03270870838281714
2019-10-03,baseline_risk_overlay,-0.03259684857896894
2019-10-04,baseline_risk_overlay,-0.03310763767736613
2019-10-07,baseline_risk_overlay,-0.033544367027861455
2019-10-08,baseline_risk_overlay,-0.03305559687284543
2019-10-09,baseline_risk_overlay,-0.03310429812455473
2019-10-10,baseline_risk_overlay,-0.03315201278002933
2019-10-11,baseline_risk_overlay,-0.03270462611423797
2019-10-14,baseline_risk_overlay,-0.03252583375314355
2019-10-15,baseline_risk_overlay,-0.032583658774205104
2019-10-16,baseline_risk_overlay,-0.03243823961207559
2019-10-17,baseline_risk_overlay,-0.0329412433817976
2019-10-18,baseline_risk_overlay,-0.03301108852228252
2019-10-21,baseline_risk_overlay,-0.03358592955551376
2019-10-22,baseline_risk_overlay,-0.0332360218976574
2019-10-23,baseline_risk_overlay,-0.033180427150412695
2019-10-24,baseline_risk_overlay,-0.03257099169493216
2019-10-25,baseline_risk_overlay,-0.032248456778978474
2019-10-28,baseline_risk_overlay,-0.03226020131712193
2019-10-29,baseline_risk_overlay,-0.03233072120107616
2019-10-30,baseline_risk_overlay,-0.03180770898693319
2019-10-31,baseline_risk_overlay,-0.032033337815960405
2019-11-01,baseline_risk_overlay,-0.030300178951109924
2019-11-04,baseline_risk_overlay,-0.029553423976982907
2019-11-05,baseline_risk_overlay,-0.0293476456487044
2019-11-06,baseline_risk_overlay,-0.02928621093978878
2019-11-07,baseline_risk_overlay,-0.029382426708097653
2019-11-08,baseline_risk_overlay,-0.02954660131775866
2019-11-11,baseline_risk_overlay,-0.030133735745387136
2019-11-12,baseline_risk_overlay,-0.029982805943665314
2019-11-13,baseline_risk_overlay,-0.030553716573096135
2019-11-14,baseline_risk_overlay,-0.03060387984581181
2019-11-15,baseline_risk_overlay,-0.03082709299716846
2019-11-18,baseline_risk_overlay,-0.03151967544005463
2019-11-19,baseline_risk_overlay,-0.031020703174217346
2019-11-20,baseline_risk_overlay,-0.031832071995513966
2019-11-21,baseline_risk_overlay,-0.03306417610024892
2019-11-22,baseline_risk_overlay,-0.03401904348516305
2019-11-25,baseline_risk_overlay,-0.03416248561229118
2019-11-26,baseline_risk_overlay,-0.03412118980823198
2019-11-27,baseline_risk_overlay,-0.03398788342790349
2019-11-28,baseline_risk_overlay,-0.03475355992449536
2019-11-29,baseline_risk_overlay,-0.03472320194157541
2019-12-02,baseline_risk_overlay,-0.03585253615978379
2019-12-03,baseline_risk_overlay,-0.03642036199192
2019-12-04,baseline_risk_overlay,-0.03524091790040307
2019-12-05,baseline_risk_overlay,-0.03553634043535292
2019-12-06,baseline_risk_overlay,-0.03551323449809185
2019-12-09,baseline_risk_overlay,-0.03525874546922336
2019-12-10,baseline_risk_overlay,-0.03661463803233456
2019-12-11,baseline_risk_overlay,-0.036344299980544004
2019-12-12,baseline_risk_overlay,-0.03503611503480386
2019-12-13,baseline_risk_overlay,-0.03547025510366619
2019-12-16,baseline_risk_overlay,-0.036417390941575145
2019-12-17,baseline_risk_overlay,-0.037230938921993695
2019-12-18,baseline_risk_overlay,-0.03750580067406073
2019-12-19,baseline_risk_overlay,-0.03740691943806018
2019-12-20,baseline_risk_overlay,-0.037019644133331586
2019-12-23,baseline_risk_overlay,-0.03673189406109734
2019-12-24,baseline_risk_overlay,-0.03679195521699896
2019-12-25,baseline_risk_overlay,-0.03658647521870739
2019-12-26,baseline_risk_overlay,-0.037177025179179535
2019-12-27,baseline_risk_overlay,-0.036801981844760356
2019-12-30,baseline_risk_overlay,-0.03664727523913758
2019-12-31,baseline_risk_overlay,-0.037082206308599375
2020-01-02,baseline_risk_overlay,-0.036492814932295725
2020-01-03,baseline_risk_overlay,-0.036669348069506835
2020-01-06,baseline_risk_overlay,-0.03765959427480137
2020-01-07,baseline_risk_overlay,-0.03737376431032746
2020-01-08,baseline_risk_overlay,-0.038395156766889094
2020-01-09,baseline_risk_overlay,-0.03733489092503017
2020-01-10,baseline_risk_overlay,-0.03647641910014121
2020-01-13,baseline_risk_overlay,-0.03677503430922979
2020-01-14,baseline_risk_overlay,-0.036656631949810725
2020-01-15,baseline_risk_overlay,-0.03659830595497515
2020-01-16,baseline_risk_overlay,-0.035846787064728436
2020-01-17,baseline_risk_overlay,-0.035323213619405824
2020-01-20,baseline_risk_overlay,-0.035360483452981484
2020-01-21,baseline_risk_overlay,-0.034499813785034084
2020-01-22,baseline_risk_overlay,-0.033439712391642784
2020-01-30,baseline_risk_overlay,-0.03730870315533019
2020-01-31,baseline_risk_overlay,-0.0421091846476086
2020-02-03,baseline_risk_overlay,-0.043886355449461956
2020-02-04,baseline_risk_overlay,-0.04368436805231646
2020-02-05,baseline_risk_overlay,-0.04470182793862709
2020-02-06,baseline_risk_overlay,-0.03954937915592094
2020-02-07,baseline_risk_overlay,-0.038591670282773105
2020-02-10,baseline_risk_overlay,-0.04200069860975264
2020-02-11,baseline_risk_overlay,-0.040777106379935035
2020-02-12,baseline_risk_overlay,-0.03980991946001222
2020-02-13,baseline_risk_overlay,-0.03963268849565382
2020-02-14,baseline_risk_overlay,-0.03989913156713887
2020-02-17,baseline_risk_overlay,-0.040573468599485296
2020-02-18,baseline_risk_overlay,-0.04199375394425042
2020-02-19,baseline_risk_overlay,-0.04184064024528811
2020-02-20,baseline_risk_overlay,-0.03996996788756968
2020-02-21,baseline_risk_overlay,-0.041104097114981086
2020-02-24,baseline_risk_overlay,-0.04704127492880883
2020-02-25,baseline_risk_overlay,-0.04508644714873544
2020-02-26,baseline_risk_overlay,-0.049822574666671726
2020-02-27,baseline_risk_overlay,-0.04942436499689762
2020-02-28,baseline_risk_overlay,-0.054779578799990625
2020-03-02,baseline_risk_overlay,-0.05404828059714373
2020-03-03,baseline_risk_overlay,-0.052020740833544354
2020-03-04,baseline_risk_overlay,-0.05244509240643658
2020-03-05,baseline_risk_overlay,-0.05114679650455567
2020-03-06,baseline_risk_overlay,-0.05177213467388053
2020-03-09,baseline_risk_overlay,-0.07091103041991009
2020-03-10,baseline_risk_overlay,-0.07024171790796196
2020-03-11,baseline_risk_overlay,-0.08290381161627192
2020-03-12,baseline_risk_overlay,-0.10358262527341422
2020-03-13,baseline_risk_overlay,-0.10643354385322823
2020-03-16,baseline_risk_overlay,-0.11353077833057401
2020-03-17,baseline_risk_overlay,-0.11459996775303571
2020-03-18,baseline_risk_overlay,-0.11365561641590916
2020-03-19,baseline_risk_overlay,-0.12497552483761487
2020-03-20,baseline_risk_overlay,-0.13140316274914898
2020-03-23,baseline_risk_overlay,-0.1479501018652678
2020-03-24,baseline_risk_overlay,-0.14995832097494655
2020-03-25,baseline_risk_overlay,-0.13837422900513519
2020-03-26,baseline_risk_overlay,-0.13681615936657898
2020-03-27,baseline_risk_overlay,-0.1361004007436274
2020-03-30,baseline_risk_overlay,-0.15001493016758383
2020-03-31,baseline_risk_overlay,-0.14993420045246053
2020-04-01,baseline_risk_overlay,-0.14044414316829024
2020-04-03,baseline_risk_overlay,-0.13158504983988806
2020-04-06,baseline_risk_overlay,-0.1175844912013253
2020-04-07,baseline_risk_overlay,-0.11376319716658456
2020-04-08,baseline_risk_overlay,-0.11325097919741944
2020-04-09,baseline_risk_overlay,-0.1083655251393455
2020-04-10,baseline_risk_overlay,-0.10909036172925224
2020-04-13,baseline_risk_overlay,-0.10623433941452276
2020-04-14,baseline_risk_overlay,-0.1059117239117181
2020-04-15,baseline_risk_overlay,-0.10214271440194
2020-04-16,baseline_risk_overlay,-0.10134963235614203
2020-04-17,baseline_risk_overlay,-0.0990291169362999
2020-04-20,baseline_risk_overlay,-0.09704711067292993
2020-04-21,baseline_risk_overlay,-0.10845912563649052
2020-04-22,baseline_risk_overlay,-0.10804735963497059
2020-04-23,baseline_risk_overlay,-0.10619096673782069
2020-04-24,baseline_risk_overlay,-0.1051083461158524
2020-04-27,baseline_risk_overlay,-0.10749244341392039
2020-04-28,baseline_risk_overlay,-0.10879794421503364
2020-04-29,baseline_risk_overlay,-0.10844429076651962
2020-05-04,baseline_risk_overlay,-0.10998171927891398
2020-05-05,baseline_risk_overlay,-0.10961792283188176
2020-05-06,baseline_risk_overlay,-0.10546547777038795
2020-05-07,baseline_risk_overlay,-0.1020009095122375
2020-05-08,baseline_risk_overlay,-0.09769147166486025
2020-05-11,baseline_risk_overlay,-0.09599211269063967
2020-05-12,baseline_risk_overlay,-0.09509179814586177
2020-05-13,baseline_risk_overlay,-0.09523494191728865
2020-05-14,baseline_risk_overlay,-0.09546074071278376
2020-05-15,baseline_risk_overlay,-0.09608438393740071
2020-05-18,baseline_risk_overlay,-0.09499282899260042
2020-05-19,baseline_risk_overlay,-0.09395952043506972
2020-05-20,baseline_risk_overlay,-0.09314483213424574
2020-05-21,baseline_risk_overlay,-0.09195856750210218
2020-05-22,baseline_risk_overlay,-0.09320265472755229
2020-05-25,baseline_risk_overlay,-0.092510170887807
2020-05-26,baseline_risk_overlay,-0.09130043516996633
2020-05-27,baseline_risk_overlay,-0.0927552867114928
2020-05-28,baseline_risk_overlay,-0.092320892882367
2020-05-29,baseline_risk_overlay,-0.0919640997888237
2020-06-01,baseline_risk_overlay,-0.09027541245070114
2020-06-02,baseline_risk_overlay,-0.09141434998606868
2020-06-03,baseline_risk_overlay,-0.09078042097385508
2020-06-04,baseline_risk_overlay,-0.09044636385075677
2020-06-05,baseline_risk_overlay,-0.09017977399533428
2020-06-08,baseline_risk_overlay,-0.08856757509188007
2020-06-09,baseline_risk_overlay,-0.0887216942612824
2020-06-10,baseline_risk_overlay,-0.08858181736734438
2020-06-11,baseline_risk_overlay,-0.09248227570793932
2020-06-12,baseline_risk_overlay,-0.092913932169571
2020-06-15,baseline_risk_overlay,-0.09644493095745299
2020-06-16,baseline_risk_overlay,-0.09389157370262746
2020-06-17,baseline_risk_overlay,-0.09438894030040079
2020-06-18,baseline_risk_overlay,-0.09420784140040162
2020-06-19,baseline_risk_overlay,-0.0911579284373244
2020-06-22,baseline_risk_overlay,-0.09050952020751046
2020-06-23,baseline_risk_overlay,-0.09125328506619257
2020-06-24,baseline_risk_overlay,-0.09327028015581806
2020-06-25,baseline_risk_overlay,-0.0944389484778293
2020-06-26,baseline_risk_overlay,-0.09501867521421414
2020-06-29,baseline_risk_overlay,-0.09997331122494146
2020-06-30,baseline_risk_overlay,-0.10051801893433354
2020-07-01,baseline_risk_overlay,-0.09670959460284456
2020-07-02,baseline_risk_overlay,-0.09699125617090765
2020-07-03,baseline_risk_overlay,-0.09585031576190584
2020-07-06,baseline_risk_overlay,-0.09284614279483228
2020-07-07,baseline_risk_overlay,-0.09232154321561292
2020-07-08,baseline_risk_overlay,-0.09207390065615584
2020-07-09,baseline_risk_overlay,-0.089362896670102
2020-07-10,baseline_risk_overlay,-0.09059358157452757
2020-07-13,baseline_risk_overlay,-0.09115000604730528
2020-07-14,baseline_risk_overlay,-0.09131263975606141
2020-07-15,baseline_risk_overlay,-0.09102921390709251
2020-07-16,baseline_risk_overlay,-0.09042023007654176
2020-07-17,baseline_risk_overlay,-0.09093830580568185
2020-07-20,baseline_risk_overlay,-0.09197978766784942
2020-07-21,baseline_risk_overlay,-0.09195554589956267
2020-07-22,baseline_risk_overlay,-0.09261393224363157
2020-07-23,baseline_risk_overlay,-0.09246188223630847
2020-07-24,baseline_risk_overlay,-0.09518966932885886
2020-07-27,baseline_risk_overlay,-0.09968377205380807
2020-07-28,baseline_risk_overlay,-0.09668472090982527
2020-07-29,baseline_risk_overlay,-0.1018414090134705
2020-07-30,baseline_risk_overlay,-0.10080647124278619
2020-07-31,baseline_risk_overlay,-0.10110969705236938
2020-08-03,baseline_risk_overlay,-0.09768151499152089
2020-08-04,baseline_risk_overlay,-0.09468750821818428
2020-08-05,baseline_risk_overlay,-0.0922697223858624
2020-08-06,baseline_risk_overlay,-0.09173714313559433
2020-08-07,baseline_risk_overlay,-0.09140016613980839
2020-08-10,baseline_risk_overlay,-0.09098780938938189
2020-08-11,baseline_risk_overlay,-0.09102028064997314
2020-08-12,baseline_risk_overlay,-0.09014281039303262
2020-08-13,baseline_risk_overlay,-0.08833304639407014
2020-08-14,baseline_risk_overlay,-0.08933994443711046
2020-08-17,baseline_risk_overlay,-0.08948024624856077
2020-08-18,baseline_risk_overlay,-0.09030107400667353
2020-08-19,baseline_risk_overlay,-0.08927999567973588
2020-08-20,baseline_risk_overlay,-0.0899476666885215
2020-08-21,baseline_risk_overlay,-0.0885609773222451
2020-08-24,baseline_risk_overlay,-0.0854795416015478
2020-08-25,baseline_risk_overlay,-0.08421260794514729
2020-08-26,baseline_risk_overlay,-0.08439192571635645
2020-08-27,baseline_risk_overlay,-0.08425818884865621
2020-08-28,baseline_risk_overlay,-0.08378116825982851
2020-08-31,baseline_risk_overlay,-0.08348213162160001
2020-09-01,baseline_risk_overlay,-0.08235524468638078
2020-09-03,baseline_risk_overlay,-0.0809574681486247
2020-09-04,baseline_risk_overlay,-0.08123216878015194
2020-09-07,baseline_risk_overlay,-0.08266540625972829
2020-09-08,baseline_risk_overlay,-0.08248043919623149
2020-09-09,baseline_risk_overlay,-0.0825677400589594
2020-09-10,baseline_risk_overlay,-0.08275366024913922
2020-09-11,baseline_risk_overlay,-0.08272891836206597
2020-09-14,baseline_risk_overlay,-0.08162892742295169
2020-09-15,baseline_risk_overlay,-0.08128818107828184
2020-09-16,baseline_risk_overlay,-0.0810457932621238
2020-09-17,baseline_risk_overlay,-0.08176297764457119
2020-09-18,baseline_risk_overlay,-0.08040004061628303
2020-09-21,baseline_risk_overlay,-0.07897231631011625
2020-09-22,baseline_risk_overlay,-0.07935154346553197
2020-09-23,baseline_risk_overlay,-0.07808800829669982
2020-09-24,baseline_risk_overlay,-0.07889470347217797
2020-09-25,baseline_risk_overlay,-0.07906894403114373
2020-09-28,baseline_risk_overlay,-0.0783245950215612
2020-09-29,baseline_risk_overlay,-0.08007942743824936
2020-09-30,baseline_risk_overlay,-0.07984680373595276
2020-10-01,baseline_risk_overlay,-0.07806010185753243
2020-10-02,baseline_risk_overlay,-0.07901734910207625
2020-10-05,baseline_risk_overlay,-0.07805831039153466
2020-10-06,baseline_risk_overlay,-0.07785607384336302
2020-10-07,baseline_risk_overlay,-0.07701067631942815
2020-10-08,baseline_risk_overlay,-0.07720462292507912
2020-10-09,baseline_risk_overlay,-0.07615402633704482
2020-10-12,baseline_risk_overlay,-0.07576960528182386
2020-10-13,baseline_risk_overlay,-0.07489765862956932
2020-10-14,baseline_risk_overlay,-0.07267817254058528
2020-10-15,baseline_risk_overlay,-0.07212346426288407
2020-10-16,baseline_risk_overlay,-0.0720168160923651
2020-10-19,baseline_risk_overlay,-0.07193660560644599
2020-10-20,baseline_risk_overlay,-0.07180405160977266
2020-10-21,baseline_risk_overlay,-0.07258104431882462
2020-10-22,baseline_risk_overlay,-0.07052331516812071
2020-10-23,baseline_risk_overlay,-0.06936950722669033
2020-10-26,baseline_risk_overlay,-0.07052458374956483
2020-10-27,baseline_risk_overlay,-0.07096628625330204
2020-10-28,baseline_risk_overlay,-0.0734606492842188
2020-10-29,baseline_risk_overlay,-0.07393546644752569
2020-10-30,baseline_risk_overlay,-0.072649554219264
2020-11-02,baseline_risk_overlay,-0.07095222639317922
2020-11-03,baseline_risk_overlay,-0.07058800559692158
2020-11-04,baseline_risk_overlay,-0.07023795742057226
2020-11-05,baseline_risk_overlay,-0.0704575928643485
2020-11-06,baseline_risk_overlay,-0.07041113587550063
2020-11-09,baseline_risk_overlay,-0.06773830018376403
2020-11-10,baseline_risk_overlay,-0.06777771293857215
2020-11-11,baseline_risk_overlay,-0.06785630759548245
2020-11-12,baseline_risk_overlay,-0.06651939372864435
2020-11-13,baseline_risk_overlay,-0.06503703040008857
2020-11-16,baseline_risk_overlay,-0.06837925023269287
2020-11-17,baseline_risk_overlay,-0.06673059092262668
2020-11-18,baseline_risk_overlay,-0.06586892035411074
2020-11-19,baseline_risk_overlay,-0.06495068623259503
2020-11-20,baseline_risk_overlay,-0.06424692908057239
2020-11-23,baseline_risk_overlay,-0.06346956905629109
2020-11-24,baseline_risk_overlay,-0.06341173603792971
2020-11-25,baseline_risk_overlay,-0.06263544078908845
2020-11-26,baseline_risk_overlay,-0.0621253238887991
2020-11-27,baseline_risk_overlay,-0.06167524836498928
2020-11-30,baseline_risk_overlay,-0.06242955307660025
2020-12-01,baseline_risk_overlay,-0.06187943011459551
2020-12-02,baseline_risk_overlay,-0.060849827945870794
2020-12-03,baseline_risk_overlay,-0.0597842717223005
2020-12-04,baseline_risk_overlay,-0.05944851392380568
2020-12-07,baseline_risk_overlay,-0.05779288731140797
2020-12-08,baseline_risk_overlay,-0.05795507367676145
2020-12-09,baseline_risk_overlay,-0.05714161467872125
2020-12-10,baseline_risk_overlay,-0.058935617981920374
2020-12-11,baseline_risk_overlay,-0.05772898768120727
2020-12-14,baseline_risk_overlay,-0.05597218209751198
2020-12-15,baseline_risk_overlay,-0.05690294878122648
2020-12-16,baseline_risk_overlay,-0.05578704899561704
2020-12-17,baseline_risk_overlay,-0.05731608985357528
2020-12-18,baseline_risk_overlay,-0.055873538488102614
2020-12-21,baseline_risk_overlay,-0.05457666731441624
2020-12-22,baseline_risk_overlay,-0.0543429772151367
2020-12-23,baseline_risk_overlay,-0.0548088697098037
2020-12-24,baseline_risk_overlay,-0.05588800864763177
2020-12-25,baseline_risk_overlay,-0.05435189126589823
2020-12-28,baseline_risk_overlay,-0.05367842332546047
2020-12-29,baseline_risk_overlay,-0.05287362019404873
2020-12-30,baseline_risk_overlay,-0.05306426546798626
2020-12-31,baseline_risk_overlay,-0.0524865722899831
2021-01-04,baseline_risk_overlay,-0.050963299390974215
2021-01-05,baseline_risk_overlay,-0.04978810592748428
2021-01-06,baseline_risk_overlay,-0.04873798674582264
2021-01-07,baseline_risk_overlay,-0.0474293851716302
2021-01-08,baseline_risk_overlay,-0.046309740769906904
2021-01-11,baseline_risk_overlay,-0.04463322882097731
2021-01-12,baseline_risk_overlay,-0.043323978496129456
2021-01-13,baseline_risk_overlay,-0.04453065238718301
2021-01-14,baseline_risk_overlay,-0.044309974817634434
2021-01-15,baseline_risk_overlay,-0.04307127654893761
2021-01-18,baseline_risk_overlay,-0.04347990327529494
2021-01-19,baseline_risk_overlay,-0.05372102028628989
2021-01-20,baseline_risk_overlay,-0.05264177482412302
2021-01-21,baseline_risk_overlay,-0.04182626688079949
2021-01-22,baseline_risk_overlay,-0.04082776085224327
2021-01-25,baseline_risk_overlay,-0.04113394750681909
2021-01-26,baseline_risk_overlay,-0.052417995608673995
2021-01-27,baseline_risk_overlay,-0.06686958934206788
2021-01-28,baseline_risk_overlay,-0.09321251880681403
2021-01-29,baseline_risk_overlay,-0.084961611434759
2021-02-01,baseline_risk_overlay,-0.09059790282669822
2021-02-02,baseline_risk_overlay,-0.08003873299511155
2021-02-03,baseline_risk_overlay,-0.07048977641023702
2021-02-04,baseline_risk_overlay,-0.0704332150578606
2021-02-05,baseline_risk_overlay,-0.06662637576704655
2021-02-08,baseline_risk_overlay,-0.07883676618498459
2021-02-09,baseline_risk_overlay,-0.07055396730420749
2021-02-17,baseline_risk_overlay,-0.05938173574985295
2021-02-18,baseline_risk_overlay,-0.05416957096500541
2021-02-19,baseline_risk_overlay,-0.054635331150966415
2021-02-22,baseline_risk_overlay,-0.054375254660157246
2021-02-23,baseline_risk_overlay,-0.05368031368738069
2021-02-24,baseline_risk_overlay,-0.05803065297771426
2021-02-25,baseline_risk_overlay,-0.05716437429606225
2021-02-26,baseline_risk_overlay,-0.05636684224901012
2021-03-01,baseline_risk_overlay,-0.05170118648402011
2021-03-02,baseline_risk_overlay,-0.05166306576490065
2021-03-03,baseline_risk_overlay,-0.051695568087042676
2021-03-04,baseline_risk_overlay,-0.05826133051897997
2017-03-14,buy_and_hold,0.0
2017-03-15,buy_and_hold,-0.0031939997325166614
2017-03-16,buy_and_hold,-0.0007059683775568759
2017-03-17,buy_and_hold,-0.006828202835267194
2017-03-20,buy_and_hold,-0.0004963028139364223
2017-03-21,buy_and_hold,0.0
2017-03-22,buy_and_hold,-0.004524002345778877
2017-03-23,buy_and_hold,0.0
2017-03-24,buy_and_hold,0.0
2017-03-27,buy_and_hold,0.0
2017-03-28,buy_and_hold,-0.00588788146837671
2017-03-29,buy_and_hold,-0.004215501990269543
2017-03-30,buy_and_hold,0.0
2017-03-31,buy_and_hold,-0.002141298041057782
2017-04-03,buy_and_hold,-0.0020445942585582966
2017-04-04,buy_and_hold,0.0
2017-04-05,buy_and_hold,-0.0012704725605545697
2017-04-07,buy_and_hold,0.0
2017-04-10,buy_and_hold,0.0
2017-04-11,buy_and_hold,0.0
2017-04-12,buy_and_hold,-0.007862387704593021
2017-04-13,buy_and_hold,-0.009544254987488565
2017-04-14,buy_and_hold,-0.01761174845828828
2017-04-17,buy_and_hold,-0.028031121381592472
2017-04-18,buy_and_hold,-0.022424897105274177
2017-04-19,buy_and_hold,-0.019908933039804344
2017-04-20,buy_and_hold,-0.025528831033869936
2017-04-21,buy_and_hold,-0.02587067397754783
2017-04-24,buy_and_hold,-0.030000136737177496
2017-04-25,buy_and_hold,-0.03247507964940577
2017-04-26,buy_and_hold,-0.029111345083614792
2017-04-27,buy_and_hold,-0.020237102265735163
2017-04-28,buy_and_hold,-0.018596256136080846
2017-05-03,buy_and_hold,-0.016121313223852685
2017-05-04,buy_and_hold,-0.012730231222567334
2017-05-05,buy_and_hold,-0.015492322207485087
2017-05-08,buy_and_hold,-0.017051126030656616
2017-05-09,buy_and_hold,-0.012607167762843097
2017-05-10,buy_and_hold,-0.009598949858477202
2017-05-11,buy_and_hold,-0.00866913705167327
2017-05-12,buy_and_hold,-0.008149535777282835
2017-05-15,buy_and_hold,-0.008176883212776986
2017-05-16,buy_and_hold,-0.008614442180684856
2017-05-17,buy_and_hold,-0.005647245429560188
2017-05-18,buy_and_hold,-0.00593439350224978
2017-05-19,buy_and_hold,0.0
2017-05-22,buy_and_hold,0.0
2017-05-23,buy_and_hold,-0.004260180083322185
2017-05-24,buy_and_hold,-0.0018277113291225167
2017-05-25,buy_and_hold,-0.0029431528020430475
2017-05-26,buy_and_hold,-0.0009272947184519875
2017-05-29,buy_and_hold,0.0
2017-05-30,buy_and_hold,-0.010773869346733744
2017-05-31,buy_and_hold,-0.011296482412060271
2017-06-01,buy_and_hold,-0.00596314907872697
2017-06-02,buy_and_hold,-0.009969849246231344
2017-06-05,buy_and_hold,-0.0036984924623115756
2017-06-06,buy_and_hold,0.0
2017-06-07,buy_and_hold,0.0
2017-06-08,buy_and_hold,-0.004419610861890466
2017-06-09,buy_and_hold,-0.004963767154195331
2017-06-12,buy_and_hold,-0.003145488811615582
2017-06-13,buy_and_hold,0.0
2017-06-14,buy_and_hold,0.0
2017-06-15,buy_and_hold,-0.0002628915440935353
2017-06-16,buy_and_hold,0.0
2017-06-19,buy_and_hold,0.0
2017-06-20,buy_and_hold,0.0
2017-06-21,buy_and_hold,-0.0007552181669031599
2017-06-22,buy_and_hold,-0.0022005494863216457
2017-06-23,buy_and_hold,0.0
2017-06-26,buy_and_hold,0.0
2017-06-27,buy_and_hold,-0.006485268989799509
2017-06-28,buy_and_hold,-0.004504737741417797
2017-06-29,buy_and_hold,-0.000996737948532056
2017-06-30,buy_and_hold,0.0
2017-07-03,buy_and_hold,0.0
2017-07-04,buy_and_hold,-0.004288208709942509
2017-07-05,buy_and_hold,-0.0007189811010681613
2017-07-06,buy_and_hold,0.0
2017-07-07,buy_and_hold,-0.008841755574011345
2017-07-10,buy_and_hold,-0.02055835941991968
2017-07-11,buy_and_hold,-0.01698077045933688
2017-07-12,buy_and_hold,-0.010834983709193224
2017-07-13,buy_and_hold,-0.005558039992333841
2017-07-14,buy_and_hold,-0.006452437232479458
2017-07-17,buy_and_hold,-0.0175557401137163
2017-07-18,buy_and_hold,-0.019370088800868768
2017-07-19,buy_and_hold,-0.014502012393790231
2017-07-20,buy_and_hold,-0.018194595285248805
2017-07-21,buy_and_hold,-0.026563598032325997
2017-07-24,buy_and_hold,-0.029272343959624414
2017-07-25,buy_and_hold,-0.019651185076343336
2017-07-26,buy_and_hold,-0.011205519708681999
2017-07-27,buy_and_hold,-0.01424647032517734
2017-07-28,buy_and_hold,-0.00710406950744269
2017-07-31,buy_and_hold,0.0
2017-08-01,buy_and_hold,0.0
2017-08-02,buy_and_hold,-0.00073715382366768
2017-08-03,buy_and_hold,0.0
2017-08-04,buy_and_hold,0.0
2017-08-07,buy_and_hold,0.0
2017-08-08,buy_and_hold,-0.0017781028525307718
2017-08-09,buy_and_hold,-0.02436379227723262
2017-08-10,buy_and_hold,-0.024653837423390224
2017-08-11,buy_and_hold,-0.026356276324749683
2017-08-14,buy_and_hold,-0.02119851698655706
2017-08-15,buy_and_hold,-0.02764256349466576
2017-08-16,buy_and_hold,-0.024477288203989866
2017-08-17,buy_and_hold,-0.03201846200408576
2017-08-18,buy_and_hold,-0.030278191127140586
2017-08-21,buy_and_hold,-0.03050518298065541
2017-08-22,buy_and_hold,-0.04000100885268243
2017-08-23,buy_and_hold,-0.03404877802718875
2017-08-24,buy_and_hold,-0.0292693384448538
2017-08-25,buy_and_hold,-0.026923755958536244
2017-08-28,buy_and_hold,-0.019823955206941024
2017-08-29,buy_and_hold,-0.023897197911674994
2017-08-30,buy_and_hold,-0.018071073671467097
2017-08-31,buy_and_hold,-0.012888093016217406
2017-09-01,buy_and_hold,-0.00535952987465016
2017-09-05,buy_and_hold,-0.0008449141214157407
2017-09-06,buy_and_hold,0.0
2017-09-07,buy_and_hold,0.0
2017-09-08,buy_and_hold,0.0
2017-09-11,buy_and_hold,-0.004655516724912601
2017-09-12,buy_and_hold,-0.0015726410384422351
2017-09-13,buy_and_hold,0.0
2017-09-14,buy_and_hold,0.0
2017-09-15,buy_and_hold,-0.0006201012005160322
2017-09-18,buy_and_hold,0.0
2017-09-19,buy_and_hold,-0.0024013764590837816
2017-09-20,buy_and_hold,-0.0024880240632774164
2017-09-21,buy_and_hold,-0.004877022293190758
2017-09-22,buy_and_hold,-0.0009159889586195513
2017-09-25,buy_and_hold,-0.0028346144800522888
2017-09-26,buy_and_hold,-0.0031193137509746283
2017-09-27,buy_and_hold,-0.005075073959919241
2017-09-28,buy_and_hold,-0.003775359897013164
2017-09-29,buy_and_hold,-0.004270489063834537
2017-10-02,buy_and_hold,-0.006981321252181538
2017-10-03,buy_and_hold,-0.01221731219131783
2017-10-04,buy_and_hold,-0.002735588646688103
2017-10-05,buy_and_hold,-0.00326785250102124
2017-10-06,buy_and_hold,-8.664760419374584e-05
2017-10-09,buy_and_hold,0.0
2017-10-10,buy_and_hold,0.0
2017-10-11,buy_and_hold,0.0
2017-10-12,buy_and_hold,0.0
2017-10-13,buy_and_hold,0.0
2017-10-16,buy_and_hold,-0.001851513490468304
2017-10-17,buy_and_hold,0.0
2017-10-18,buy_and_hold,-0.0006881647732074336
2017-10-19,buy_and_hold,0.0
2017-10-20,buy_and_hold,-0.0025213226689828616
2017-10-23,buy_and_hold,-0.010724669151798039
2017-10-24,buy_and_hold,-0.0044515218414099555
2017-10-25,buy_and_hold,0.0
2017-10-26,buy_and_hold,-0.0006982147371463743
2017-10-27,buy_and_hold,0.0
2017-10-30,buy_and_hold,0.0
2017-10-31,buy_and_hold,-0.009370563180312597
2017-11-01,buy_and_hold,-0.002946048272598256
2017-11-02,buy_and_hold,-0.014327969711310895
2017-11-03,buy_and_hold,-0.0017392333175579866
2017-11-06,buy_and_hold,0.0
2017-11-07,buy_and_hold,0.0
2017-11-08,buy_and_hold,0.0
2017-11-09,buy_and_hold,0.0
2017-11-10,buy_and_hold,0.0
2017-11-13,buy_and_hold,0.0
2017-11-14,buy_and_hold,0.0
2017-11-15,buy_and_hold,0.0
2017-11-16,buy_and_hold,0.0
2017-11-17,buy_and_hold,-0.0023633512544802837
2017-11-20,buy_and_hold,0.0
2017-11-21,buy_and_hold,0.0
2017-11-22,buy_and_hold,0.0
2017-11-23,buy_and_hold,0.0
2017-11-24,buy_and_hold,0.0
2017-11-27,buy_and_hold,0.0
2017-11-28,buy_and_hold,0.0
2017-11-29,buy_and_hold,0.0
2017-11-30,buy_and_hold,-0.002321087235070629
2017-12-01,buy_and_hold,0.0
2017-12-04,buy_and_hold,0.0
2017-12-05,buy_and_hold,-0.017236758004989694
2017-12-06,buy_and_hold,-0.023071689243520765
2017-12-07,buy_and_hold,-0.03233953939094025
2017-12-08,buy_and_hold,-0.030782870456279143
2017-12-11,buy_and_hold,-0.05419475887095104
2017-12-12,buy_and_hold,-0.04409187439434237
2017-12-13,buy_and_hold,-0.04702995814519284
2017-12-14,buy_and_hold,-0.035226077812828493
2017-12-15,buy_and_hold,-0.03593740335250806
2017-12-18,buy_and_hold,-0.012329642687779474
2017-12-19,buy_and_hold,-0.01917486237397159
2017-12-20,buy_and_hold,-0.01702026762334774
2017-12-21,buy_and_hold,-0.024700521638728934
2017-12-22,buy_and_hold,-0.018247046452650184
2017-12-25,buy_and_hold,-0.012071916042967978
2017-12-26,buy_and_hold,-0.004216407909115039
2017-12-27,buy_and_hold,-0.001608214263623231
2017-12-28,buy_and_hold,0.0
2017-12-29,buy_and_hold,0.0
2018-01-02,buy_and_hold,0.0
2018-01-03,buy_and_hold,0.0
2018-01-04,buy_and_hold,0.0
2018-01-05,buy_and_hold,-0.006962490806570409
2018-01-08,buy_and_hold,0.0
2018-01-09,buy_and_hold,0.0
2018-01-10,buy_and_hold,0.0
2018-01-11,buy_and_hold,0.0
2018-01-12,buy_and_hold,0.0
2018-01-15,buy_and_hold,0.0
2018-01-16,buy_and_hold,-0.0004795621879318812
2018-01-17,buy_and_hold,-0.027062352487611352
2018-01-18,buy_and_hold,-0.012431004165608939
2018-01-19,buy_and_hold,-0.0013164452217740985
2018-01-22,buy_and_hold,0.0
2018-01-25,buy_and_hold,0.0
2018-01-26,buy_and_hold,0.0
2018-01-29,buy_and_hold,-0.005234663511527127
2018-01-30,buy_and_hold,-0.004553440177835211
2018-01-31,buy_and_hold,-0.004732709476175323
2018-02-01,buy_and_hold,-0.014314653472446426
2018-02-02,buy_and_hold,-0.009501272812018513
2018-02-05,buy_and_hold,-0.05999247068946989
2018-02-06,buy_and_hold,-0.09325588899645065
2018-02-07,buy_and_hold,-0.06730665806174052
2018-02-08,buy_and_hold,-0.08281345236814752
2018-02-09,buy_and_hold,-0.10012190312287117
2018-02-12,buy_and_hold,-0.06619518841203276
2018-02-13,buy_and_hold,-0.05011473235093755
2018-02-21,buy_and_hold,-0.02553691154852822
2018-02-22,buy_and_hold,-0.035504284536230446
2018-02-23,buy_and_hold,-0.011464271628841005
2018-02-26,buy_and_hold,-0.0009949446057869737
2018-02-27,buy_and_hold,0.0
2018-02-28,buy_and_hold,0.0
2018-03-01,buy_and_hold,-0.00512687911264853
2018-03-02,buy_and_hold,-0.0002942382795083631
2018-03-05,buy_and_hold,-0.025019170069725427
2018-03-06,buy_and_hold,-0.0011145389375322168
2018-03-07,buy_and_hold,-0.008274337072240012
2018-03-08,buy_and_hold,0.0
2018-03-09,buy_and_hold,-0.0006582751412178567
2018-03-12,buy_and_hold,0.0
2018-03-13,buy_and_hold,0.0
2018-03-14,buy_and_hold,0.0
2018-03-15,buy_and_hold,0.0
2018-03-16,buy_and_hold,0.0
2018-03-19,buy_and_hold,0.0
2018-03-20,buy_and_hold,0.0
2018-03-21,buy_and_hold,0.0
2018-03-22,buy_and_hold,0.0
2018-03-23,buy_and_hold,-0.016010440479033772
2018-03-26,buy_and_hold,-0.0009723975570643528
2018-03-27,buy_and_hold,-0.0005373775973248618
2018-03-28,buy_and_hold,-0.0001023576375855928
2018-03-29,buy_and_hold,-0.004546385069432501
2018-03-30,buy_and_hold,0.0
2018-04-02,buy_and_hold,0.0
2018-04-03,buy_and_hold,-0.006952975489089908
2018-04-04,buy_and_hold,-0.00423696943866414
2018-04-05,buy_and_hold,-0.0028747879426043177
2018-04-06,buy_and_hold,0.0
2018-04-09,buy_and_hold,0.0
2018-04-10,buy_and_hold,-0.0051563940116082785
2018-04-11,buy_and_hold,-0.03090515058165122
2018-04-12,buy_and_hold,-0.025997857730024165
2018-04-13,buy_and_hold,-0.039183612465022
2018-04-16,buy_and_hold,-0.0463660292444763
2018-04-17,buy_and_hold,-0.04238871405677869
2018-04-18,buy_and_hold,-0.054636187755847776
2018-04-19,buy_and_hold,-0.09108799083307739
2018-04-20,buy_and_hold,-0.07013858327866962
2018-04-23,buy_and_hold,-0.10590950985195102
2018-04-24,buy_and_hold,-0.10262137454020082
2018-04-26,buy_and_hold,-0.13241387327393672
2018-04-27,buy_and_hold,-0.12793005239427746
2018-05-02,buy_and_hold,-0.14551659428894093
2018-05-03,buy_and_hold,-0.14769207775277537
2018-05-04,buy_and_hold,-0.14740976310479703
2018-05-07,buy_and_hold,-0.1179660059950347
2018-05-08,buy_and_hold,-0.11946891632692047
2018-05-09,buy_and_hold,-0.12235848978270092
2018-05-10,buy_and_hold,-0.14569096510092772
2018-05-11,buy_and_hold,-0.13242217664593603
2018-05-14,buy_and_hold,-0.11404681441133246
2018-05-15,buy_and_hold,-0.1086330158677441
2018-05-16,buy_and_hold,-0.12430978220255262
2018-05-17,buy_and_hold,-0.14422126825703918
2018-05-18,buy_and_hold,-0.136000929977664
2018-05-21,buy_and_hold,-0.15722434880805092
2018-05-22,buy_and_hold,-0.18136225121021654
2018-05-23,buy_and_hold,-0.1788463294944077
2018-05-24,buy_and_hold,-0.18135394783821723
2018-05-25,buy_and_hold,-0.19963797298082764
2018-05-28,buy_and_hold,-0.22633331395879874
2018-05-29,buy_and_hold,-0.20936952496408823
2018-05-30,buy_and_hold,-0.21242516585985594
2018-05-31,buy_and_hold,-0.19353499456129153
2018-06-01,buy_and_hold,-0.17558310429865587
2018-06-04,buy_and_hold,-0.1582207534479756
2018-06-05,buy_and_hold,-0.15078093213654098
2018-06-06,buy_and_hold,-0.14101616666528305
2018-06-07,buy_and_hold,-0.13919772819742116
2018-06-08,buy_and_hold,-0.1372713458935676
2018-06-11,buy_and_hold,-0.1372630425215684
2018-06-12,buy_and_hold,-0.15242499979241597
2018-06-13,buy_and_hold,-0.14431260534903256
2018-06-14,buy_and_hold,-0.15660989928009783
2018-06-15,buy_and_hold,-0.15595393289214776
2018-06-18,buy_and_hold,-0.1801748690143069
2018-06-19,buy_and_hold,-0.20108275970871803
2018-06-20,buy_and_hold,-0.18548072372190383
2018-06-21,buy_and_hold,-0.19507111838117497
2018-06-22,buy_and_hold,-0.18363737513804412
2018-06-25,buy_and_hold,-0.1775343967185079
2018-06-26,buy_and_hold,-0.1837619257180345
2018-06-27,buy_and_hold,-0.19547798360914415
2018-06-28,buy_and_hold,-0.20507668164041448
2018-06-29,buy_and_hold,-0.20222862504463102
2018-07-02,buy_and_hold,-0.213546121079771
2018-07-03,buy_and_hold,-0.24770619348517475
2018-07-04,buy_and_hold,-0.24024976542974152
2018-07-05,buy_and_hold,-0.25319472237675766
2018-07-06,buy_and_hold,-0.2381573156859007
2018-07-09,buy_and_hold,-0.24014182159374986
2018-07-10,buy_and_hold,-0.2434631703934974
2018-07-11,buy_and_hold,-0.258376026504364
2018-07-12,buy_and_hold,-0.2539337224847016
2018-07-13,buy_and_hold,-0.2446256424734089
2018-07-16,buy_and_hold,-0.2434714737654966
2018-07-17,buy_and_hold,-0.23503524781413776
2018-07-18,buy_and_hold,-0.2174985261514707
2018-07-19,buy_and_hold,-0.21618659337557034
2018-07-20,buy_and_hold,-0.22497156095090265
2018-07-23,buy_and_hold,-0.2221899313311141
2018-07-24,buy_and_hold,-0.2243986282829462
2018-07-25,buy_and_hold,-0.22979582008253607
2018-07-26,buy_and_hold,-0.22765355010669897
2018-07-27,buy_and_hold,-0.22320294271503716
2018-07-30,buy_and_hold,-0.2114038511039339
2018-07-31,buy_and_hold,-0.20587380535235422
2018-08-01,buy_and_hold,-0.20887962601612575
2018-08-02,buy_and_hold,-0.2082319630001751
2018-08-03,buy_and_hold,-0.20320842294055674
2018-08-06,buy_and_hold,-0.20268531050459648
2018-08-07,buy_and_hold,-0.2055416704723796
2018-08-08,buy_and_hold,-0.19767007381697776
2018-08-09,buy_and_hold,-0.19997010786080294
2018-08-10,buy_and_hold,-0.19584333197711656
2018-08-13,buy_and_hold,-0.18789700497372042
2018-08-14,buy_and_hold,-0.187706027417735
2018-08-15,buy_and_hold,-0.20173872609666843
2018-08-16,buy_and_hold,-0.19932244484485195
2018-08-17,buy_and_hold,-0.19550289372514218
2018-08-20,buy_and_hold,-0.19488844419718887
2018-08-21,buy_and_hold,-0.186925510449794
2018-08-22,buy_and_hold,-0.1844843190819796
2018-08-23,buy_and_hold,-0.1801582622703084
2018-08-24,buy_and_hold,-0.18041566680228904
2018-08-27,buy_and_hold,-0.1763719246385963
2018-08-28,buy_and_hold,-0.17365672199480275
2018-08-29,buy_and_hold,-0.17948568913835983
2018-08-30,buy_and_hold,-0.17126535085898442
2018-08-31,buy_and_hold,-0.17834812717444626
2018-09-04,buy_and_hold,-0.18964071309358788
2018-09-05,buy_and_hold,-0.1958682420931146
2018-09-06,buy_and_hold,-0.20437919839246776
2018-09-07,buy_and_hold,-0.19548628698114356
2018-09-10,buy_and_hold,-0.1942906014132343
2018-09-11,buy_and_hold,-0.18206803783016334
2018-09-12,buy_and_hold,-0.18044888029028616
2018-09-13,buy_and_hold,-0.1796683633223457
2018-09-14,buy_and_hold,-0.17685352021455947
2018-09-17,buy_and_hold,-0.17995067797032405
2018-09-18,buy_and_hold,-0.17506829523469503
2018-09-19,buy_and_hold,-0.17336610397482444
2018-09-20,buy_and_hold,-0.1657270017354049
2018-09-21,buy_and_hold,-0.1671966985792932
2018-09-24,buy_and_hold,-0.16028829307581827
2018-09-25,buy_and_hold,-0.1607449785357834
2018-09-26,buy_and_hold,-0.16168325957171215
2018-09-27,buy_and_hold,-0.1569005173000756
2018-09-28,buy_and_hold,-0.1554391238281867
2018-10-01,buy_and_hold,-0.1589680569279186
2018-10-02,buy_and_hold,-0.15406076407629155
2018-10-03,buy_and_hold,-0.15272392118439304
2018-10-04,buy_and_hold,-0.15005023540059614
2018-10-05,buy_and_hold,-0.1626962709556351
2018-10-08,buy_and_hold,-0.17288450839886083
2018-10-09,buy_and_hold,-0.17282638479486512
2018-10-10,buy_and_hold,-0.17467803675072457
2018-10-11,buy_and_hold,-0.21459234595169108
2018-10-12,buy_and_hold,-0.19450648908521762
2018-10-15,buy_and_hold,-0.20981790705205383
2018-10-16,buy_and_hold,-0.20007805169679416
2018-10-17,buy_and_hold,-0.19324437654131366
2018-10-18,buy_and_hold,-0.19999501797680053
2018-10-19,buy_and_hold,-0.2042380410684781
2018-10-22,buy_and_hold,-0.2082651764881721
2018-10-23,buy_and_hold,-0.21974873996329936
2018-10-24,buy_and_hold,-0.23382295550222965
2018-10-25,buy_and_hold,-0.24425199073343717
2018-10-26,buy_and_hold,-0.252015643552847
2018-10-29,buy_and_hold,-0.26197968995208976
2018-10-30,buy_and_hold,-0.26208763378808153
2018-10-31,buy_and_hold,-0.24044074298572682
2018-11-01,buy_and_hold,-0.24608703594529757
2018-11-02,buy_and_hold,-0.23205433726636415
2018-11-05,buy_and_hold,-0.23149801134240655
2018-11-06,buy_and_hold,-0.234387584798187
2018-11-07,buy_and_hold,-0.23429624770619395
2018-11-08,buy_and_hold,-0.23087525844245393
2018-11-09,buy_and_hold,-0.24083100146969716
2018-11-12,buy_and_hold,-0.23765080999393895
2018-11-13,buy_and_hold,-0.2482293059211349
2018-11-14,buy_and_hold,-0.2519243064608542
2018-11-15,buy_and_hold,-0.2550629810766156
2018-11-16,buy_and_hold,-0.2541994303886811
2018-11-19,buy_and_hold,-0.23936130462580896
2018-11-20,buy_and_hold,-0.23690350651399572
2018-11-21,buy_and_hold,-0.23396411282621932
2018-11-22,buy_and_hold,-0.2324196856343368
2018-11-23,buy_and_hold,-0.23777536057392956
2018-11-26,buy_and_hold,-0.2352345287421228
2018-11-27,buy_and_hold,-0.23349912399425465
2018-11-28,buy_and_hold,-0.2276203366187013
2018-11-29,buy_and_hold,-0.23045178647048625
2018-11-30,buy_and_hold,-0.2306593707704705
2018-12-03,buy_and_hold,-0.20985942391205126
2018-12-04,buy_and_hold,-0.20383947921250878
2018-12-05,buy_and_hold,-0.2052510524524015
2018-12-06,buy_and_hold,-0.20717743475625505
2018-12-07,buy_and_hold,-0.20404706351249302
2018-12-10,buy_and_hold,-0.2062889739523227
2018-12-11,buy_and_hold,-0.20737671568424
2018-12-12,buy_and_hold,-0.20181345644466275
2018-12-13,buy_and_hold,-0.20266870376059776
2018-12-14,buy_and_hold,-0.20948577217207964
2018-12-17,buy_and_hold,-0.2247556732789191
2018-12-18,buy_and_hold,-0.2300698313585151
2018-12-19,buy_and_hold,-0.23672083233000973
2018-12-20,buy_and_hold,-0.2375511695299466
2018-12-21,buy_and_hold,-0.24251658598556924
2018-12-24,buy_and_hold,-0.2455888336253359
2018-12-25,buy_and_hold,-0.25440701468866556
2018-12-26,buy_and_hold,-0.259546801956275
2018-12-27,buy_and_hold,-0.25202394692484686
2018-12-28,buy_and_hold,-0.25889083556832493
2019-01-02,buy_and_hold,-0.259546801956275
2019-01-03,buy_and_hold,-0.27078126427142124
2019-01-04,buy_and_hold,-0.2685559605755904
2019-01-07,buy_and_hold,-0.2612988134481419
2019-01-08,buy_and_hold,-0.26312555528800297
2019-01-09,buy_and_hold,-0.25519583502860577
2019-01-10,buy_and_hold,-0.2541080932966884
2019-01-11,buy_and_hold,-0.25044630624496667
2019-01-14,buy_and_hold,-0.2512019130969093
2019-01-15,buy_and_hold,-0.24465885596140668
2019-01-16,buy_and_hold,-0.2454725864173446
2019-01-17,buy_and_hold,-0.2511271827489149
2019-01-18,buy_and_hold,-0.2507867444969408
2019-01-21,buy_and_hold,-0.243521293997493
2019-01-22,buy_and_hold,-0.24725781139720915
2019-01-23,buy_and_hold,-0.24590436176131203
2019-01-24,buy_and_hold,-0.2453978560693505
2019-01-25,buy_and_hold,-0.24532312572135595
2019-01-28,buy_and_hold,-0.24258301296156448
2019-01-29,buy_and_hold,-0.23946924846180095
2019-01-30,buy_and_hold,-0.2395439788097954
2019-01-31,buy_and_hold,-0.24385342887746775
2019-02-01,buy_and_hold,-0.24549749653334285
2019-02-11,buy_and_hold,-0.2310247191384427
2019-02-12,buy_and_hold,-0.2215256615711647
2019-02-13,buy_and_hold,-0.2151237617596512
2019-02-14,buy_and_hold,-0.20923667101209842
2019-02-15,buy_and_hold,-0.2104406599520069
2019-02-18,buy_and_hold,-0.20179684970066392
2019-02-19,buy_and_hold,-0.19926432124085636
2019-02-20,buy_and_hold,-0.19409132048524946
2019-02-21,buy_and_hold,-0.1799838914583215
2019-02-22,buy_and_hold,-0.17887123961040619
2019-02-25,buy_and_hold,-0.17428777826675446
2019-02-26,buy_and_hold,-0.1804073634302894
2019-02-27,buy_and_hold,-0.1777419810184918
2019-02-28,buy_and_hold,-0.1983343435769267
2019-03-01,buy_and_hold,-0.1865767688258203
2019-03-04,buy_and_hold,-0.17465312663472654
2019-03-05,buy_and_hold,-0.17593184592262945
2019-03-06,buy_and_hold,-0.17423795803475817
2019-03-07,buy_and_hold,-0.1746199131467292
2019-03-08,buy_and_hold,-0.18191027376217517
2019-03-11,buy_and_hold,-0.18244999294213404
2019-03-12,buy_and_hold,-0.16856675495918927
2019-03-13,buy_and_hold,-0.1651706758114474
2019-03-14,buy_and_hold,-0.16265475409563845
2019-03-15,buy_and_hold,-0.16624181079936595
2019-03-18,buy_and_hold,-0.15981500087185452
2019-03-19,buy_and_hold,-0.1641908779155219
2019-03-20,buy_and_hold,-0.16775302450325125
2019-03-21,buy_and_hold,-0.1847915438459563
2019-03-22,buy_and_hold,-0.17903730705039345
2019-03-25,buy_and_hold,-0.19451479245721726
2019-03-26,buy_and_hold,-0.19474728687319953
2019-03-27,buy_and_hold,-0.1896656232095858
2019-03-28,buy_and_hold,-0.18379513920603197
2019-03-29,buy_and_hold,-0.1856384877898919
2019-04-01,buy_and_hold,-0.1791867677463821
2019-04-02,buy_and_hold,-0.1814452849302105
2019-04-03,buy_and_hold,-0.18256624015012535
2019-04-04,buy_and_hold,-0.18053191401028001
2019-04-05,buy_and_hold,-0.1785806215904283
2019-04-08,buy_and_hold,-0.17168882283095221
2019-04-09,buy_and_hold,-0.17922828460637907
2019-04-10,buy_and_hold,-0.18468360000996464
2019-04-11,buy_and_hold,-0.18132903772221942
2019-04-12,buy_and_hold,-0.18386156618202698
2019-04-16,buy_and_hold,-0.1886193983376655
2019-04-17,buy_and_hold,-0.1928292079413455
2019-04-18,buy_and_hold,-0.20096651250072706
2019-04-19,buy_and_hold,-0.19771989404897383
2019-04-22,buy_and_hold,-0.19801051206895182
2019-04-23,buy_and_hold,-0.1962335904610868
2019-04-24,buy_and_hold,-0.18882698263764974
2019-04-25,buy_and_hold,-0.19114362342547364
2019-04-26,buy_and_hold,-0.18656846545382133
2019-05-02,buy_and_hold,-0.1875150498617495
2019-05-03,buy_and_hold,-0.19113532005347422
2019-05-06,buy_and_hold,-0.20456187257645386
2019-05-07,buy_and_hold,-0.20490231082842814
2019-05-08,buy_and_hold,-0.21016664867602797
2019-05-09,buy_and_hold,-0.2136623682877622
2019-05-10,buy_and_hold,-0.20906230020011185
2019-05-13,buy_and_hold,-0.2040885803724899
2019-05-14,buy_and_hold,-0.1984422874129188
2019-05-15,buy_and_hold,-0.18988981425356888
2019-05-16,buy_and_hold,-0.189848297393572
2019-05-17,buy_and_hold,-0.18919233100562183
2019-05-20,buy_and_hold,-0.18034923982629392
2019-05-21,buy_and_hold,-0.18104672307424097
2019-05-22,buy_and_hold,-0.18313086944608248
2019-05-23,buy_and_hold,-0.18401933025001505
2019-05-24,buy_and_hold,-0.19454800594521493
2019-05-27,buy_and_hold,-0.19030498285353725
2019-05-28,buy_and_hold,-0.19291224166133902
2019-05-29,buy_and_hold,-0.19329419677331006
2019-05-30,buy_and_hold,-0.19512093861317126
2019-05-31,buy_and_hold,-0.20297592852457413
2019-06-03,buy_and_hold,-0.2141107503757279
2019-06-04,buy_and_hold,-0.2102164689080238
2019-06-05,buy_and_hold,-0.21000888460803957
2019-06-06,buy_and_hold,-0.21266596364783763
2019-06-07,buy_and_hold,-0.20430446804447322
2019-06-10,buy_and_hold,-0.20046831018076483
2019-06-11,buy_and_hold,-0.20115749005671235
2019-06-12,buy_and_hold,-0.20771715393621393
2019-06-13,buy_and_hold,-0.2111132330839557
2019-06-14,buy_and_hold,-0.20818214276817848
2019-06-17,buy_and_hold,-0.21371218851975815
2019-06-18,buy_and_hold,-0.21615337988757266
2019-06-19,buy_and_hold,-0.21143706459193112
2019-06-20,buy_and_hold,-0.20355716456453
2019-06-21,buy_and_hold,-0.20354055782053104
2019-06-24,buy_and_hold,-0.20050982704076137
2019-06-25,buy_and_hold,-0.20276834422458978
2019-06-26,buy_and_hold,-0.20359868142452664
2019-06-27,buy_and_hold,-0.21690068336751567
2019-06-28,buy_and_hold,-0.21122948029194655
2019-07-01,buy_and_hold,-0.1982180963689355
2019-07-02,buy_and_hold,-0.20123222040470645
2019-07-03,buy_and_hold,-0.20255245655260612
2019-07-04,buy_and_hold,-0.19204869097340438
2019-07-05,buy_and_hold,-0.19013891541354966
2019-07-08,buy_and_hold,-0.1976036468409823
2019-07-09,buy_and_hold,-0.19536173640115262
2019-07-10,buy_and_hold,-0.19154218528144296
2019-07-11,buy_and_hold,-0.18740710602575728
2019-07-12,buy_and_hold,-0.19008909518155348
2019-07-15,buy_and_hold,-0.19247216294537228
2019-07-16,buy_and_hold,-0.18451753256997683
2019-07-17,buy_and_hold,-0.18413557745800568
2019-07-18,buy_and_hold,-0.1895493760015945
2019-07-19,buy_and_hold,-0.1843265550139912
2019-07-22,buy_and_hold,-0.18457565617397242
2019-07-23,buy_and_hold,-0.1784145541504406
2019-07-24,buy_and_hold,-0.17928640821037445
2019-07-25,buy_and_hold,-0.17385600292278702
2019-07-26,buy_and_hold,-0.1751845424426861
2019-07-29,buy_and_hold,-0.17137329469497586
2019-07-30,buy_and_hold,-0.1812709141182237
2019-07-31,buy_and_hold,-0.17658781231057963
2019-08-01,buy_and_hold,-0.17182998015494133
2019-08-02,buy_and_hold,-0.1770528011425443
2019-08-05,buy_and_hold,-0.19195735388141166
2019-08-06,buy_and_hold,-0.1990484335688727
2019-08-07,buy_and_hold,-0.1979523884649559
2019-08-08,buy_and_hold,-0.1902219491335434
2019-08-09,buy_and_hold,-0.19096925261348674
2019-08-12,buy_and_hold,-0.19016382552954803
2019-08-13,buy_and_hold,-0.19720508498501277
2019-08-14,buy_and_hold,-0.19547798360914403
2019-08-15,buy_and_hold,-0.18678435312580477
2019-08-16,buy_and_hold,-0.18626954406184382
2019-08-19,buy_and_hold,-0.1854142967459088
2019-08-20,buy_and_hold,-0.18239186933813856
2019-08-21,buy_and_hold,-0.17432929512675133
2019-08-22,buy_and_hold,-0.1719379239909331
2019-08-23,buy_and_hold,-0.17593184592262956
2019-08-26,buy_and_hold,-0.1838781729260257
2019-08-27,buy_and_hold,-0.1889349264736413
2019-08-28,buy_and_hold,-0.18854466798967096
2019-08-29,buy_and_hold,-0.18744031951375495
2019-08-30,buy_and_hold,-0.1828983750301001
2019-09-03,buy_and_hold,-0.1868009598698035
2019-09-04,buy_and_hold,-0.18823744322569447
2019-09-05,buy_and_hold,-0.1889349264736413
2019-09-06,buy_and_hold,-0.1911851402854704
2019-09-09,buy_and_hold,-0.19115192679747284
2019-09-10,buy_and_hold,-0.1943570283892293
2019-09-11,buy_and_hold,-0.1951458487291694
2019-09-12,buy_and_hold,-0.189532769257596
2019-09-13,buy_and_hold,-0.1802745094782997
2019-09-16,buy_and_hold,-0.17808241927046642
2019-09-17,buy_and_hold,-0.17236969933490054
2019-09-18,buy_and_hold,-0.1736899354828002
2019-09-19,buy_and_hold,-0.17207077794292303
2019-09-20,buy_and_hold,-0.1776672506704977
2019-09-23,buy_and_hold,-0.1814951051622069
2019-09-24,buy_and_hold,-0.17951890262635717
2019-09-25,buy_and_hold,-0.1802080825023048
2019-09-26,buy_and_hold,-0.1773434191625225
2019-09-27,buy_and_hold,-0.17145632841496983
2019-09-30,buy_and_hold,-0.17251916003088918
2019-10-01,buy_and_hold,-0.17000323831508024
2019-10-02,buy_and_hold,-0.1769780707945502
2019-10-03,buy_and_hold,-0.17593184592262978
2019-10-04,buy_and_hold,-0.1799672847143231
2019-10-07,buy_and_hold,-0.18370380211403914
2019-10-08,buy_and_hold,-0.17944417227836285
2019-10-09,buy_and_hold,-0.17976800378633817
2019-10-10,buy_and_hold,-0.18014165552630979
2019-10-11,buy_and_hold,-0.1764383516145912
2019-10-14,buy_and_hold,-0.17500186825870045
2019-10-15,buy_and_hold,-0.17543364360266778
2019-10-16,buy_and_hold,-0.17426286815075676
2019-10-17,buy_and_hold,-0.17811563275846376
2019-10-18,buy_and_hold,-0.1786304418224247
2019-10-21,buy_and_hold,-0.1833135436300689
2019-10-22,buy_and_hold,-0.18029941959429774
2019-10-23,buy_and_hold,-0.17980121727433562
2019-10-24,buy_and_hold,-0.17497695814270242
2019-10-25,buy_and_hold,-0.17251085665888977
2019-10-28,buy_and_hold,-0.1725855870068841
2019-10-29,buy_and_hold,-0.1730920926988455
2019-10-30,buy_and_hold,-0.16892379995516238
2019-10-31,buy_and_hold,-0.1706425979590317
2019-11-01,buy_and_hold,-0.15671784311608994
2019-11-04,buy_and_hold,-0.15103833666852173
2019-11-05,buy_and_hold,-0.14945239261664234
2019-11-06,buy_and_hold,-0.14897910041267837
2019-11-07,buy_and_hold,-0.14970979714862287
2019-11-08,buy_and_hold,-0.15098851643652567
2019-11-11,buy_and_hold,-0.15575465196416338
2019-11-12,buy_and_hold,-0.15444271918826302
2019-11-13,buy_and_hold,-0.1590593940199122
2019-11-14,buy_and_hold,-0.15944965250388254
2019-11-15,buy_and_hold,-0.16133451794773945
2019-11-18,buy_and_hold,-0.16724651881129005
2019-11-19,buy_and_hold,-0.16272948444363322
2019-11-20,buy_and_hold,-0.16919781123114175
2019-11-21,buy_and_hold,-0.1797181835543421
2019-11-22,buy_and_hold,-0.18811289264570408
2019-11-25,buy_and_hold,-0.1893002748416137
2019-11-26,buy_and_hold,-0.18893492647364174
2019-11-27,buy_and_hold,-0.18778906113772886
2019-11-28,buy_and_hold,-0.19424908455323786
2019-11-29,buy_and_hold,-0.19395016316126057
2019-12-02,buy_and_hold,-0.20344922072853866
2019-12-03,buy_and_hold,-0.20833160346416757
2019-12-04,buy_and_hold,-0.19797729858095447
2019-12-05,buy_and_hold,-0.20016108541678856
2019-12-06,buy_and_hold,-0.19992028762880687
2019-12-09,buy_and_hold,-0.19784444462896444
2019-12-10,buy_and_hold,-0.202627186900601
2019-12-11,buy_and_hold,-0.2013982878446945
2019-12-12,buy_and_hold,-0.1960924331370978
2019-12-13,buy_and_hold,-0.1977448041649722
2019-12-16,buy_and_hold,-0.2016556923766749
2019-12-17,buy_and_hold,-0.20783340114420534
2019-12-18,buy_and_hold,-0.2102413790240223
2019-12-19,buy_and_hold,-0.20930309798809366
2019-12-20,buy_and_hold,-0.2058571986083556
2019-12-23,buy_and_hold,-0.2033495802645463
2019-12-24,buy_and_hold,-0.20380626572451144
2019-12-25,buy_and_hold,-0.20211237783664027
2019-12-26,buy_and_hold,-0.20404706351249302
2019-12-27,buy_and_hold,-0.19996180448880363
2019-12-30,buy_and_hold,-0.19869969194489956
2019-12-31,buy_and_hold,-0.20205425423264467
2020-01-02,buy_and_hold,-0.19733793893700302
2020-01-03,buy_and_hold,-0.1986083548529065
2020-01-06,buy_and_hold,-0.20637200767231645
2020-01-07,buy_and_hold,-0.20380626572451144
2020-01-08,buy_and_hold,-0.21202660400388673
2020-01-09,buy_and_hold,-0.20275173748059183
2020-01-10,buy_and_hold,-0.19578520837312108
2020-01-13,buy_and_hold,-0.19802711881295076
2020-01-14,buy_and_hold,-0.19706392766102399
2020-01-15,buy_and_hold,-0.19659893882905932
2020-01-16,buy_and_hold,-0.19099416272948522
2020-01-17,buy_and_hold,-0.1871330947497788
2020-01-20,buy_and_hold,-0.18740710602575794
2020-01-21,buy_and_hold,-0.1809802960982464
2020-01-22,buy_and_hold,-0.17675387975056744
2020-01-30,buy_and_hold,-0.2032250296845557
2020-01-31,buy_and_hold,-0.22228957179510678
2020-02-03,buy_and_hold,-0.22933083125057152
2020-02-04,buy_and_hold,-0.22854201091063153
2020-02-05,buy_and_hold,-0.23118248320643087
2020-02-06,buy_and_hold,-0.22069532437122796
2020-02-07,buy_and_hold,-0.21886027915936734
2020-02-10,buy_and_hold,-0.227180257902735
2020-02-11,buy_and_hold,-0.22390872933498374
2020-02-12,buy_and_hold,-0.22140941436317374
2020-02-13,buy_and_hold,-0.22094442553120897
2020-02-14,buy_and_hold,-0.22160039191915903
2020-02-17,buy_and_hold,-0.22382569561498988
2020-02-18,buy_and_hold,-0.22950520206255842
2020-02-19,buy_and_hold,-0.2288160221866108
2020-02-20,buy_and_hold,-0.22103576262320201
2020-02-21,buy_and_hold,-0.22522066211088387
2020-02-24,buy_and_hold,-0.2499231938090064
2020-02-25,buy_and_hold,-0.244667159333406
2020-02-26,buy_and_hold,-0.25604277897254135
2020-02-27,buy_and_hold,-0.2539918460886972
2020-02-28,buy_and_hold,-0.2674848255876717
2020-03-02,buy_and_hold,-0.2656248702598131
2020-03-03,buy_and_hold,-0.26049338636420305
2020-03-04,buy_and_hold,-0.26152300449212484
2020-03-05,buy_and_hold,-0.2582514759243737
2020-03-06,buy_and_hold,-0.25980420648825553
2020-03-09,buy_and_hold,-0.30626157282472477
2020-03-10,buy_and_hold,-0.3045925950528515
2020-03-11,buy_and_hold,-0.32630591283120125
2020-03-12,buy_and_hold,-0.36126310894854463
2020-03-13,buy_and_hold,-0.3674657278320731
2020-03-16,buy_and_hold,-0.3790240216551948
2020-03-17,buy_and_hold,-0.3807511230310635
2020-03-18,buy_and_hold,-0.37919008909518204
2020-03-19,buy_and_hold,-0.39722501307781144
2020-03-20,buy_and_hold,-0.4106847790887884
2020-03-23,buy_and_hold,-0.446505525894066
2020-03-24,buy_and_hold,-0.45263341442960026
2020-03-25,buy_and_hold,-0.42685974774355917
2020-03-26,buy_and_hold,-0.42357161243180896
2020-03-27,buy_and_hold,-0.42203548861192586
2020-03-30,buy_and_hold,-0.4501008859697928
2020-03-31,buy_and_hold,-0.44987669492580995
2020-04-01,buy_and_hold,-0.4351797264869268
2020-04-03,buy_and_hold,-0.41726935308428814
2020-04-06,buy_and_hold,-0.3882490679464936
2020-04-07,buy_and_hold,-0.379995516179121
2020-04-08,buy_and_hold,-0.37889116770320497
2020-04-09,buy_and_hold,-0.3686697167719817
2020-04-10,buy_and_hold,-0.37065422267983084
2020-04-13,buy_and_hold,-0.36413607566032624
2020-04-14,buy_and_hold,-0.36279092939642854
2020-04-15,buy_and_hold,-0.35464532146504757
2020-04-16,buy_and_hold,-0.3517557480092671
2020-04-17,buy_and_hold,-0.3443657469298288
2020-04-20,buy_and_hold,-0.3399068361661677
2020-04-21,buy_and_hold,-0.3632642216003925
2020-04-22,buy_and_hold,-0.3615371202245239
2020-04-23,buy_and_hold,-0.3573937375968387
2020-04-24,buy_and_hold,-0.35511031029701245
2020-04-27,buy_and_hold,-0.36000099640464067
2020-04-28,buy_and_hold,-0.362956996836416
2020-04-29,buy_and_hold,-0.3613793561565358
2020-05-04,buy_and_hold,-0.36689279516411666
2020-05-05,buy_and_hold,-0.36548952529622347
2020-05-06,buy_and_hold,-0.35018641070138645
2020-05-07,buy_and_hold,-0.33860320676226685
2020-05-08,buy_and_hold,-0.32432971029535174
2020-05-11,buy_and_hold,-0.31220678717627304
2020-05-12,buy_and_hold,-0.3064027301487141
2020-05-13,buy_and_hold,-0.30732440444064424
2020-05-14,buy_and_hold,-0.30882731477253
2020-05-15,buy_and_hold,-0.31328622553619123
2020-05-18,buy_and_hold,-0.3049994602808209
2020-05-19,buy_and_hold,-0.2976011558293833
2020-05-20,buy_and_hold,-0.29179709880182436
2020-05-21,buy_and_hold,-0.28364318749844397
2020-05-22,buy_and_hold,-0.2919382561258137
2020-05-25,buy_and_hold,-0.2867071317662113
2020-05-26,buy_and_hold,-0.27832902941884785
2020-05-27,buy_and_hold,-0.2880024577981126
2020-05-28,buy_and_hold,-0.2847558393463594
2020-05-29,buy_and_hold,-0.2821984007705537
2020-06-01,buy_and_hold,-0.27040761253144996
2020-06-02,buy_and_hold,-0.27362101749520573
2020-06-03,buy_and_hold,-0.26833176953160776
2020-06-04,buy_and_hold,-0.2660649489757799
2020-06-05,buy_and_hold,-0.26413856667192626
2020-06-08,buy_and_hold,-0.2527629470327909
2020-06-09,buy_and_hold,-0.2537925651607127
2020-06-10,buy_and_hold,-0.2526965200567961
2020-06-11,buy_and_hold,-0.27979042289073697
2020-06-12,buy_and_hold,-0.2829872211104939
2020-06-15,buy_and_hold,-0.3087691911685345
2020-06-16,buy_and_hold,-0.2891234130180276
2020-06-17,buy_and_hold,-0.29052668288592076
2020-06-18,buy_and_hold,-0.28983750300997313
2020-06-19,buy_and_hold,-0.27880232162281204
2020-06-22,buy_and_hold,-0.27654380443898363
2020-06-23,buy_and_hold,-0.2791012430147891
2020-06-24,buy_and_hold,-0.2861508058422534
2020-06-25,buy_and_hold,-0.29040213230593037
2020-06-26,buy_and_hold,-0.2925693123977656
2020-06-29,buy_and_hold,-0.31135153986033814
2020-06-30,buy_and_hold,-0.31488047296007005
2020-07-01,buy_and_hold,-0.2996188752252298
2020-07-02,buy_and_hold,-0.3005405495171597
2020-07-03,buy_and_hold,-0.2961978859614899
2020-07-06,buy_and_hold,-0.2849468169023449
2020-07-07,buy_and_hold,-0.28307025483048764
2020-07-08,buy_and_hold,-0.28217349065455577
2020-07-09,buy_and_hold,-0.27224265774331047
2020-07-10,buy_and_hold,-0.27660192804297923
2020-07-13,buy_and_hold,-0.278669467670822
2020-07-14,buy_and_hold,-0.27917597336278355
2020-07-15,buy_and_hold,-0.2776813664028971
2020-07-16,buy_and_hold,-0.27193543297933354
2020-07-17,buy_and_hold,-0.2759293549110301
2020-07-20,buy_and_hold,-0.28474753597435987
2020-07-21,buy_and_hold,-0.28450673818637817
2020-07-22,buy_and_hold,-0.2899952670779611
2020-07-23,buy_and_hold,-0.2886086039540666
2020-07-24,buy_and_hold,-0.3115176073003255
2020-07-27,buy_and_hold,-0.34804414072554946
2020-07-28,buy_and_hold,-0.32463693505932834
2020-07-29,buy_and_hold,-0.3433361288019071
2020-07-30,buy_and_hold,-0.3347919590145565
2020-07-31,buy_and_hold,-0.3370670829423835
2020-08-03,buy_and_hold,-0.3235658000714098
2020-08-04,buy_and_hold,-0.31283784344822496
2020-08-05,buy_and_hold,-0.30434349389287074
2020-08-06,buy_and_hold,-0.302483538565012
2020-08-07,buy_and_hold,-0.30130445974110154
2020-08-10,buy_and_hold,-0.29985967301321137
2020-08-11,buy_and_hold,-0.29995931347720384
2020-08-12,buy_and_hold,-0.2967708186294462
2020-08-13,buy_and_hold,-0.2900201771939592
2020-08-14,buy_and_hold,-0.2935989305256872
2020-08-17,buy_and_hold,-0.2940888294736501
2020-08-18,buy_and_hold,-0.2971776838574153
2020-08-19,buy_and_hold,-0.29320867204171697
2020-08-20,buy_and_hold,-0.29569968364152766
2020-08-21,buy_and_hold,-0.2902443682379424
2020-08-24,buy_and_hold,-0.27870268115881947
2020-08-25,buy_and_hold,-0.27418564679116275
2020-08-26,buy_and_hold,-0.27472536597112174
2020-08-27,buy_and_hold,-0.27369574784319994
2020-08-28,buy_and_hold,-0.2701502079994693
2020-08-31,buy_and_hold,-0.2679332076756379
2020-09-01,buy_and_hold,-0.25956340870027395
2020-09-03,buy_and_hold,-0.24940008137304637
2020-09-04,buy_and_hold,-0.2514178007688931
2020-09-07,buy_and_hold,-0.2624529821560544
2020-09-08,buy_and_hold,-0.2608836448481736
2020-09-09,buy_and_hold,-0.26156452135212194
2020-09-10,buy_and_hold,-0.2619796899520904
2020-09-11,buy_and_hold,-0.2618551393720998
2020-09-14,buy_and_hold,-0.25720525105245307
2020-09-15,buy_and_hold,-0.25580198118455977
2020-09-16,buy_and_hold,-0.25479727317263623
2020-09-17,buy_and_hold,-0.2576453297684198
2020-09-18,buy_and_hold,-0.2519076997168558
2020-09-21,buy_and_hold,-0.24610364268929696
2020-09-22,buy_and_hold,-0.24755673278918633
2020-09-23,buy_and_hold,-0.24231730505758453
2020-09-24,buy_and_hold,-0.24557222688133717
2020-09-25,buy_and_hold,-0.2458296314133177
2020-09-28,buy_and_hold,-0.24231730505758475
2020-09-29,buy_and_hold,-0.24939177800104695
2020-09-30,buy_and_hold,-0.24837046324512457
2020-10-01,buy_and_hold,-0.24099706890968509
2020-10-02,buy_and_hold,-0.24446787840542128
2020-10-05,buy_and_hold,-0.24050716996172228
2020-10-06,buy_and_hold,-0.23968513613378473
2020-10-07,buy_and_hold,-0.2363222704740403
2020-10-08,buy_and_hold,-0.2370529672099848
2020-10-09,buy_and_hold,-0.23276842725831037
2020-10-12,buy_and_hold,-0.23124891018242588
2020-10-13,buy_and_hold,-0.2279026512666802
2020-10-14,buy_and_hold,-0.21933357136333143
2020-10-15,buy_and_hold,-0.2171913013874941
2020-10-16,buy_and_hold,-0.21674291929952827
2020-10-19,buy_and_hold,-0.21641908779155283
2020-10-20,buy_and_hold,-0.21581294163559894
2020-10-21,buy_and_hold,-0.22028845914325879
2020-10-22,buy_and_hold,-0.21126269377994467
2020-10-23,buy_and_hold,-0.20183006318866148
2020-10-26,buy_and_hold,-0.21051539030000144
2020-10-27,buy_and_hold,-0.21411075037572802
2020-10-28,buy_and_hold,-0.23521792199812397
2020-10-29,buy_and_hold,-0.23685368628199965
2020-10-30,buy_and_hold,-0.23154783157440284
2020-11-02,buy_and_hold,-0.22473076316292107
2020-11-03,buy_and_hold,-0.22329427980703032
2020-11-04,buy_and_hold,-0.21968231298730478
2020-11-05,buy_and_hold,-0.22135129075917803
2020-11-06,buy_and_hold,-0.2209029086712121
2020-11-09,buy_and_hold,-0.2095272890320765
2020-11-10,buy_and_hold,-0.20960201938007073
2020-11-11,buy_and_hold,-0.20933631147609089
2020-11-12,buy_and_hold,-0.20347413084453647
2020-11-13,buy_and_hold,-0.19765346707297893
2020-11-16,buy_and_hold,-0.21052369367200086
2020-11-17,buy_and_hold,-0.19548628698114356
2020-11-18,buy_and_hold,-0.19164182574543587
2020-11-19,buy_and_hold,-0.1835626447900498
2020-11-20,buy_and_hold,-0.17796617206247511
2020-11-23,buy_and_hold,-0.1744870591947394
2020-11-24,buy_and_hold,-0.17318342979083856
2020-11-25,buy_and_hold,-0.16971262029510248
2020-11-26,buy_and_hold,-0.16470568697948296
2020-11-27,buy_and_hold,-0.16117675387975117
2020-11-30,buy_and_hold,-0.1671053614873006
2020-12-01,buy_and_hold,-0.1622977090996659
2020-12-02,buy_and_hold,-0.15777237136000988
2020-12-03,buy_and_hold,-0.1532221235043557
2020-12-04,buy_and_hold,-0.15181885363646241
2020-12-07,buy_and_hold,-0.14476929080899803
2020-12-08,buy_and_hold,-0.1453671335929526
2020-12-09,buy_and_hold,-0.13717170542957557
2020-12-10,buy_and_hold,-0.14399707721305688
2020-12-11,buy_and_hold,-0.13150050235400668
2020-12-14,buy_and_hold,-0.11644648891915088
2020-12-15,buy_and_hold,-0.12377006302259419
2020-12-16,buy_and_hold,-0.11403851103933382
2020-12-17,buy_and_hold,-0.12667624322237325
2020-12-18,buy_and_hold,-0.11364825255536348
2020-12-21,buy_and_hold,-0.10233905989222314
2020-12-22,buy_and_hold,-0.10037116072837249
2020-12-23,buy_and_hold,-0.10414919498808528
2020-12-24,buy_and_hold,-0.1135984323233673
2020-12-25,buy_and_hold,-0.09956573364443377
2020-12-28,buy_and_hold,-0.09382810359286997
2020-12-29,buy_and_hold,-0.08705255204138473
2020-12-30,buy_and_hold,-0.08867170958126169
2020-12-31,buy_and_hold,-0.08341567510566117
2021-01-04,buy_and_hold,-0.06963207758670864
2021-01-05,buy_and_hold,-0.05960160421147109
2021-01-06,buy_and_hold,-0.050750209660143764
2021-01-07,buy_and_hold,-0.039723331644981985
2021-01-08,buy_and_hold,-0.03042355500568883
2021-01-11,buy_and_hold,-0.016141755166774074
2021-01-12,buy_and_hold,-0.010005563259240624
2021-01-13,buy_and_hold,-0.015178564014847518
2021-01-14,buy_and_hold,-0.014057608794932674
2021-01-15,buy_and_hold,-0.00841131583536181
2021-01-18,buy_and_hold,-0.01028787790721919
2021-01-19,buy_and_hold,-0.06088862687137364
2021-01-20,buy_and_hold,-0.05783298597560571
2021-01-21,buy_and_hold,-0.03331312846146939
2021-01-22,buy_and_hold,-0.031179161857631588
2021-01-25,buy_and_hold,-0.03178530801358548
2021-01-26,buy_and_hold,-0.056637300407696656
2021-01-27,buy_and_hold,-0.08897893434523851
2021-01-28,buy_and_hold,-0.1497845274966172
2021-01-29,buy_and_hold,-0.12265741117467899
2021-02-01,buy_and_hold,-0.14017752609334744
2021-02-02,buy_and_hold,-0.1069474313518729
2021-02-03,buy_and_hold,-0.07725457308212957
2021-02-04,buy_and_hold,-0.07650726960218635
2021-02-05,buy_and_hold,-0.0642847060191154
2021-02-08,buy_and_hold,-0.10059535177235568
2021-02-09,buy_and_hold,-0.07423214567435943
2021-02-17,buy_and_hold,-0.04031287105693737
2021-02-18,buy_and_hold,-0.024868599138110903
2021-02-19,buy_and_hold,-0.025599295874055628
2021-02-22,buy_and_hold,-0.02432057658615283
2021-02-23,buy_and_hold,-0.022161699866316886
2021-02-24,buy_and_hold,-0.03513987030133059
2021-02-25,buy_and_hold,-0.03230011707754643
2021-02-26,buy_and_hold,-0.0297758919897384
2021-03-01,buy_and_hold,-0.015078923550855272
2021-03-02,buy_and_hold,-0.014713575182883298
2021-03-03,buy_and_hold,-0.014431260534904622
2021-03-04,buy_and_hold,-0.02973437512974153
2017-03-14,cash,0.0
2017-03-15,cash,0.0
2017-03-16,cash,0.0
2017-03-17,cash,0.0
2017-03-20,cash,0.0
2017-03-21,cash,0.0
2017-03-22,cash,0.0
2017-03-23,cash,0.0
2017-03-24,cash,0.0
2017-03-27,cash,0.0
2017-03-28,cash,0.0
2017-03-29,cash,0.0
2017-03-30,cash,0.0
2017-03-31,cash,0.0
2017-04-03,cash,0.0
2017-04-04,cash,0.0
2017-04-05,cash,0.0
2017-04-07,cash,0.0
2017-04-10,cash,0.0
2017-04-11,cash,0.0
2017-04-12,cash,0.0
2017-04-13,cash,0.0
2017-04-14,cash,0.0
2017-04-17,cash,0.0
2017-04-18,cash,0.0
2017-04-19,cash,0.0
2017-04-20,cash,0.0
2017-04-21,cash,0.0
2017-04-24,cash,0.0
2017-04-25,cash,0.0
2017-04-26,cash,0.0
2017-04-27,cash,0.0
2017-04-28,cash,0.0
2017-05-03,cash,0.0
2017-05-04,cash,0.0
2017-05-05,cash,0.0
2017-05-08,cash,0.0
2017-05-09,cash,0.0
2017-05-10,cash,0.0
2017-05-11,cash,0.0
2017-05-12,cash,0.0
2017-05-15,cash,0.0
2017-05-16,cash,0.0
2017-05-17,cash,0.0
2017-05-18,cash,0.0
2017-05-19,cash,0.0
2017-05-22,cash,0.0
2017-05-23,cash,0.0
2017-05-24,cash,0.0
2017-05-25,cash,0.0
2017-05-26,cash,0.0
2017-05-29,cash,0.0
2017-05-30,cash,0.0
2017-05-31,cash,0.0
2017-06-01,cash,0.0
2017-06-02,cash,0.0
2017-06-05,cash,0.0
2017-06-06,cash,0.0
2017-06-07,cash,0.0
2017-06-08,cash,0.0
2017-06-09,cash,0.0
2017-06-12,cash,0.0
2017-06-13,cash,0.0
2017-06-14,cash,0.0
2017-06-15,cash,0.0
2017-06-16,cash,0.0
2017-06-19,cash,0.0
2017-06-20,cash,0.0
2017-06-21,cash,0.0
2017-06-22,cash,0.0
2017-06-23,cash,0.0
2017-06-26,cash,0.0
2017-06-27,cash,0.0
2017-06-28,cash,0.0
2017-06-29,cash,0.0
2017-06-30,cash,0.0
2017-07-03,cash,0.0
2017-07-04,cash,0.0
2017-07-05,cash,0.0
2017-07-06,cash,0.0
2017-07-07,cash,0.0
2017-07-10,cash,0.0
2017-07-11,cash,0.0
2017-07-12,cash,0.0
2017-07-13,cash,0.0
2017-07-14,cash,0.0
2017-07-17,cash,0.0
2017-07-18,cash,0.0
2017-07-19,cash,0.0
2017-07-20,cash,0.0
2017-07-21,cash,0.0
2017-07-24,cash,0.0
2017-07-25,cash,0.0
2017-07-26,cash,0.0
2017-07-27,cash,0.0
2017-07-28,cash,0.0
2017-07-31,cash,0.0
2017-08-01,cash,0.0
2017-08-02,cash,0.0
2017-08-03,cash,0.0
2017-08-04,cash,0.0
2017-08-07,cash,0.0
2017-08-08,cash,0.0
2017-08-09,cash,0.0
2017-08-10,cash,0.0
2017-08-11,cash,0.0
2017-08-14,cash,0.0
2017-08-15,cash,0.0
2017-08-16,cash,0.0
2017-08-17,cash,0.0
2017-08-18,cash,0.0
2017-08-21,cash,0.0
2017-08-22,cash,0.0
2017-08-23,cash,0.0
2017-08-24,cash,0.0
2017-08-25,cash,0.0
2017-08-28,cash,0.0
2017-08-29,cash,0.0
2017-08-30,cash,0.0
2017-08-31,cash,0.0
2017-09-01,cash,0.0
2017-09-05,cash,0.0
2017-09-06,cash,0.0
2017-09-07,cash,0.0
2017-09-08,cash,0.0
2017-09-11,cash,0.0
2017-09-12,cash,0.0
2017-09-13,cash,0.0
2017-09-14,cash,0.0
2017-09-15,cash,0.0
2017-09-18,cash,0.0
2017-09-19,cash,0.0
2017-09-20,cash,0.0
2017-09-21,cash,0.0
2017-09-22,cash,0.0
2017-09-25,cash,0.0
2017-09-26,cash,0.0
2017-09-27,cash,0.0
2017-09-28,cash,0.0
2017-09-29,cash,0.0
2017-10-02,cash,0.0
2017-10-03,cash,0.0
2017-10-04,cash,0.0
2017-10-05,cash,0.0
2017-10-06,cash,0.0
2017-10-09,cash,0.0
2017-10-10,cash,0.0
2017-10-11,cash,0.0
2017-10-12,cash,0.0
2017-10-13,cash,0.0
2017-10-16,cash,0.0
2017-10-17,cash,0.0
2017-10-18,cash,0.0
2017-10-19,cash,0.0
2017-10-20,cash,0.0
2017-10-23,cash,0.0
2017-10-24,cash,0.0
2017-10-25,cash,0.0
2017-10-26,cash,0.0
2017-10-27,cash,0.0
2017-10-30,cash,0.0
2017-10-31,cash,0.0
2017-11-01,cash,0.0
2017-11-02,cash,0.0
2017-11-03,cash,0.0
2017-11-06,cash,0.0
2017-11-07,cash,0.0
2017-11-08,cash,0.0
2017-11-09,cash,0.0
2017-11-10,cash,0.0
2017-11-13,cash,0.0
2017-11-14,cash,0.0
2017-11-15,cash,0.0
2017-11-16,cash,0.0
2017-11-17,cash,0.0
2017-11-20,cash,0.0
2017-11-21,cash,0.0
2017-11-22,cash,0.0
2017-11-23,cash,0.0
2017-11-24,cash,0.0
2017-11-27,cash,0.0
2017-11-28,cash,0.0
2017-11-29,cash,0.0
2017-11-30,cash,0.0
2017-12-01,cash,0.0
2017-12-04,cash,0.0
2017-12-05,cash,0.0
2017-12-06,cash,0.0
2017-12-07,cash,0.0
2017-12-08,cash,0.0
2017-12-11,cash,0.0
2017-12-12,cash,0.0
2017-12-13,cash,0.0
2017-12-14,cash,0.0
2017-12-15,cash,0.0
2017-12-18,cash,0.0
2017-12-19,cash,0.0
2017-12-20,cash,0.0
2017-12-21,cash,0.0
2017-12-22,cash,0.0
2017-12-25,cash,0.0
2017-12-26,cash,0.0
2017-12-27,cash,0.0
2017-12-28,cash,0.0
2017-12-29,cash,0.0
2018-01-02,cash,0.0
2018-01-03,cash,0.0
2018-01-04,cash,0.0
2018-01-05,cash,0.0
2018-01-08,cash,0.0
2018-01-09,cash,0.0
2018-01-10,cash,0.0
2018-01-11,cash,0.0
2018-01-12,cash,0.0
2018-01-15,cash,0.0
2018-01-16,cash,0.0
2018-01-17,cash,0.0
2018-01-18,cash,0.0
2018-01-19,cash,0.0
2018-01-22,cash,0.0
2018-01-25,cash,0.0
2018-01-26,cash,0.0
2018-01-29,cash,0.0
2018-01-30,cash,0.0
2018-01-31,cash,0.0
2018-02-01,cash,0.0
2018-02-02,cash,0.0
2018-02-05,cash,0.0
2018-02-06,cash,0.0
2018-02-07,cash,0.0
2018-02-08,cash,0.0
2018-02-09,cash,0.0
2018-02-12,cash,0.0
2018-02-13,cash,0.0
2018-02-21,cash,0.0
2018-02-22,cash,0.0
2018-02-23,cash,0.0
2018-02-26,cash,0.0
2018-02-27,cash,0.0
2018-02-28,cash,0.0
2018-03-01,cash,0.0
2018-03-02,cash,0.0
2018-03-05,cash,0.0
2018-03-06,cash,0.0
2018-03-07,cash,0.0
2018-03-08,cash,0.0
2018-03-09,cash,0.0
2018-03-12,cash,0.0
2018-03-13,cash,0.0
2018-03-14,cash,0.0
2018-03-15,cash,0.0
2018-03-16,cash,0.0
2018-03-19,cash,0.0
2018-03-20,cash,0.0
2018-03-21,cash,0.0
2018-03-22,cash,0.0
2018-03-23,cash,0.0
2018-03-26,cash,0.0
2018-03-27,cash,0.0
2018-03-28,cash,0.0
2018-03-29,cash,0.0
2018-03-30,cash,0.0
2018-04-02,cash,0.0
2018-04-03,cash,0.0
2018-04-04,cash,0.0
2018-04-05,cash,0.0
2018-04-06,cash,0.0
2018-04-09,cash,0.0
2018-04-10,cash,0.0
2018-04-11,cash,0.0
2018-04-12,cash,0.0
2018-04-13,cash,0.0
2018-04-16,cash,0.0
2018-04-17,cash,0.0
2018-04-18,cash,0.0
2018-04-19,cash,0.0
2018-04-20,cash,0.0
2018-04-23,cash,0.0
2018-04-24,cash,0.0
2018-04-26,cash,0.0
2018-04-27,cash,0.0
2018-05-02,cash,0.0
2018-05-03,cash,0.0
2018-05-04,cash,0.0
2018-05-07,cash,0.0
2018-05-08,cash,0.0
2018-05-09,cash,0.0
2018-05-10,cash,0.0
2018-05-11,cash,0.0
2018-05-14,cash,0.0
2018-05-15,cash,0.0
2018-05-16,cash,0.0
2018-05-17,cash,0.0
2018-05-18,cash,0.0
2018-05-21,cash,0.0
2018-05-22,cash,0.0
2018-05-23,cash,0.0
2018-05-24,cash,0.0
2018-05-25,cash,0.0
2018-05-28,cash,0.0
2018-05-29,cash,0.0
2018-05-30,cash,0.0
2018-05-31,cash,0.0
2018-06-01,cash,0.0
2018-06-04,cash,0.0
2018-06-05,cash,0.0
2018-06-06,cash,0.0
2018-06-07,cash,0.0
2018-06-08,cash,0.0
2018-06-11,cash,0.0
2018-06-12,cash,0.0
2018-06-13,cash,0.0
2018-06-14,cash,0.0
2018-06-15,cash,0.0
2018-06-18,cash,0.0
2018-06-19,cash,0.0
2018-06-20,cash,0.0
2018-06-21,cash,0.0
2018-06-22,cash,0.0
2018-06-25,cash,0.0
2018-06-26,cash,0.0
2018-06-27,cash,0.0
2018-06-28,cash,0.0
2018-06-29,cash,0.0
2018-07-02,cash,0.0
2018-07-03,cash,0.0
2018-07-04,cash,0.0
2018-07-05,cash,0.0
2018-07-06,cash,0.0
2018-07-09,cash,0.0
2018-07-10,cash,0.0
2018-07-11,cash,0.0
2018-07-12,cash,0.0
2018-07-13,cash,0.0
2018-07-16,cash,0.0
2018-07-17,cash,0.0
2018-07-18,cash,0.0
2018-07-19,cash,0.0
2018-07-20,cash,0.0
2018-07-23,cash,0.0
2018-07-24,cash,0.0
2018-07-25,cash,0.0
2018-07-26,cash,0.0
2018-07-27,cash,0.0
2018-07-30,cash,0.0
2018-07-31,cash,0.0
2018-08-01,cash,0.0
2018-08-02,cash,0.0
2018-08-03,cash,0.0
2018-08-06,cash,0.0
2018-08-07,cash,0.0
2018-08-08,cash,0.0
2018-08-09,cash,0.0
2018-08-10,cash,0.0
2018-08-13,cash,0.0
2018-08-14,cash,0.0
2018-08-15,cash,0.0
2018-08-16,cash,0.0
2018-08-17,cash,0.0
2018-08-20,cash,0.0
2018-08-21,cash,0.0
2018-08-22,cash,0.0
2018-08-23,cash,0.0
2018-08-24,cash,0.0
2018-08-27,cash,0.0
2018-08-28,cash,0.0
2018-08-29,cash,0.0
2018-08-30,cash,0.0
2018-08-31,cash,0.0
2018-09-04,cash,0.0
2018-09-05,cash,0.0
2018-09-06,cash,0.0
2018-09-07,cash,0.0
2018-09-10,cash,0.0
2018-09-11,cash,0.0
2018-09-12,cash,0.0
2018-09-13,cash,0.0
2018-09-14,cash,0.0
2018-09-17,cash,0.0
2018-09-18,cash,0.0
2018-09-19,cash,0.0
2018-09-20,cash,0.0
2018-09-21,cash,0.0
2018-09-24,cash,0.0
2018-09-25,cash,0.0
2018-09-26,cash,0.0
2018-09-27,cash,0.0
2018-09-28,cash,0.0
2018-10-01,cash,0.0
2018-10-02,cash,0.0
2018-10-03,cash,0.0
2018-10-04,cash,0.0
2018-10-05,cash,0.0
2018-10-08,cash,0.0
2018-10-09,cash,0.0
2018-10-10,cash,0.0
2018-10-11,cash,0.0
2018-10-12,cash,0.0
2018-10-15,cash,0.0
2018-10-16,cash,0.0
2018-10-17,cash,0.0
2018-10-18,cash,0.0
2018-10-19,cash,0.0
2018-10-22,cash,0.0
2018-10-23,cash,0.0
2018-10-24,cash,0.0
2018-10-25,cash,0.0
2018-10-26,cash,0.0
2018-10-29,cash,0.0
2018-10-30,cash,0.0
2018-10-31,cash,0.0
2018-11-01,cash,0.0
2018-11-02,cash,0.0
2018-11-05,cash,0.0
2018-11-06,cash,0.0
2018-11-07,cash,0.0
2018-11-08,cash,0.0
2018-11-09,cash,0.0
2018-11-12,cash,0.0
2018-11-13,cash,0.0
2018-11-14,cash,0.0
2018-11-15,cash,0.0
2018-11-16,cash,0.0
2018-11-19,cash,0.0
2018-11-20,cash,0.0
2018-11-21,cash,0.0
2018-11-22,cash,0.0
2018-11-23,cash,0.0
2018-11-26,cash,0.0
2018-11-27,cash,0.0
2018-11-28,cash,0.0
2018-11-29,cash,0.0
2018-11-30,cash,0.0
2018-12-03,cash,0.0
2018-12-04,cash,0.0
2018-12-05,cash,0.0
2018-12-06,cash,0.0
2018-12-07,cash,0.0
2018-12-10,cash,0.0
2018-12-11,cash,0.0
2018-12-12,cash,0.0
2018-12-13,cash,0.0
2018-12-14,cash,0.0
2018-12-17,cash,0.0
2018-12-18,cash,0.0
2018-12-19,cash,0.0
2018-12-20,cash,0.0
2018-12-21,cash,0.0
2018-12-24,cash,0.0
2018-12-25,cash,0.0
2018-12-26,cash,0.0
2018-12-27,cash,0.0
2018-12-28,cash,0.0
2019-01-02,cash,0.0
2019-01-03,cash,0.0
2019-01-04,cash,0.0
2019-01-07,cash,0.0
2019-01-08,cash,0.0
2019-01-09,cash,0.0
2019-01-10,cash,0.0
2019-01-11,cash,0.0
2019-01-14,cash,0.0
2019-01-15,cash,0.0
2019-01-16,cash,0.0
2019-01-17,cash,0.0
2019-01-18,cash,0.0
2019-01-21,cash,0.0
2019-01-22,cash,0.0
2019-01-23,cash,0.0
2019-01-24,cash,0.0
2019-01-25,cash,0.0
2019-01-28,cash,0.0
2019-01-29,cash,0.0
2019-01-30,cash,0.0
2019-01-31,cash,0.0
2019-02-01,cash,0.0
2019-02-11,cash,0.0
2019-02-12,cash,0.0
2019-02-13,cash,0.0
2019-02-14,cash,0.0
2019-02-15,cash,0.0
2019-02-18,cash,0.0
2019-02-19,cash,0.0
2019-02-20,cash,0.0
2019-02-21,cash,0.0
2019-02-22,cash,0.0
2019-02-25,cash,0.0
2019-02-26,cash,0.0
2019-02-27,cash,0.0
2019-02-28,cash,0.0
2019-03-01,cash,0.0
2019-03-04,cash,0.0
2019-03-05,cash,0.0
2019-03-06,cash,0.0
2019-03-07,cash,0.0
2019-03-08,cash,0.0
2019-03-11,cash,0.0
2019-03-12,cash,0.0
2019-03-13,cash,0.0
2019-03-14,cash,0.0
2019-03-15,cash,0.0
2019-03-18,cash,0.0
2019-03-19,cash,0.0
2019-03-20,cash,0.0
2019-03-21,cash,0.0
2019-03-22,cash,0.0
2019-03-25,cash,0.0
2019-03-26,cash,0.0
2019-03-27,cash,0.0
2019-03-28,cash,0.0
2019-03-29,cash,0.0
2019-04-01,cash,0.0
2019-04-02,cash,0.0
2019-04-03,cash,0.0
2019-04-04,cash,0.0
2019-04-05,cash,0.0
2019-04-08,cash,0.0
2019-04-09,cash,0.0
2019-04-10,cash,0.0
2019-04-11,cash,0.0
2019-04-12,cash,0.0
2019-04-16,cash,0.0
2019-04-17,cash,0.0
2019-04-18,cash,0.0
2019-04-19,cash,0.0
2019-04-22,cash,0.0
2019-04-23,cash,0.0
2019-04-24,cash,0.0
2019-04-25,cash,0.0
2019-04-26,cash,0.0
2019-05-02,cash,0.0
2019-05-03,cash,0.0
2019-05-06,cash,0.0
2019-05-07,cash,0.0
2019-05-08,cash,0.0
2019-05-09,cash,0.0
2019-05-10,cash,0.0
2019-05-13,cash,0.0
2019-05-14,cash,0.0
2019-05-15,cash,0.0
2019-05-16,cash,0.0
2019-05-17,cash,0.0
2019-05-20,cash,0.0
2019-05-21,cash,0.0
2019-05-22,cash,0.0
2019-05-23,cash,0.0
2019-05-24,cash,0.0
2019-05-27,cash,0.0
2019-05-28,cash,0.0
2019-05-29,cash,0.0
2019-05-30,cash,0.0
2019-05-31,cash,0.0
2019-06-03,cash,0.0
2019-06-04,cash,0.0
2019-06-05,cash,0.0
2019-06-06,cash,0.0
2019-06-07,cash,0.0
2019-06-10,cash,0.0
2019-06-11,cash,0.0
2019-06-12,cash,0.0
2019-06-13,cash,0.0
2019-06-14,cash,0.0
2019-06-17,cash,0.0
2019-06-18,cash,0.0
2019-06-19,cash,0.0
2019-06-20,cash,0.0
2019-06-21,cash,0.0
2019-06-24,cash,0.0
2019-06-25,cash,0.0
2019-06-26,cash,0.0
2019-06-27,cash,0.0
2019-06-28,cash,0.0
2019-07-01,cash,0.0
2019-07-02,cash,0.0
2019-07-03,cash,0.0
2019-07-04,cash,0.0
2019-07-05,cash,0.0
2019-07-08,cash,0.0
2019-07-09,cash,0.0
2019-07-10,cash,0.0
2019-07-11,cash,0.0
2019-07-12,cash,0.0
2019-07-15,cash,0.0
2019-07-16,cash,0.0
2019-07-17,cash,0.0
2019-07-18,cash,0.0
2019-07-19,cash,0.0
2019-07-22,cash,0.0
2019-07-23,cash,0.0
2019-07-24,cash,0.0
2019-07-25,cash,0.0
2019-07-26,cash,0.0
2019-07-29,cash,0.0
2019-07-30,cash,0.0
2019-07-31,cash,0.0
2019-08-01,cash,0.0
2019-08-02,cash,0.0
2019-08-05,cash,0.0
2019-08-06,cash,0.0
2019-08-07,cash,0.0
2019-08-08,cash,0.0
2019-08-09,cash,0.0
2019-08-12,cash,0.0
2019-08-13,cash,0.0
2019-08-14,cash,0.0
2019-08-15,cash,0.0
2019-08-16,cash,0.0
2019-08-19,cash,0.0
2019-08-20,cash,0.0
2019-08-21,cash,0.0
2019-08-22,cash,0.0
2019-08-23,cash,0.0
2019-08-26,cash,0.0
2019-08-27,cash,0.0
2019-08-28,cash,0.0
2019-08-29,cash,0.0
2019-08-30,cash,0.0
2019-09-03,cash,0.0
2019-09-04,cash,0.0
2019-09-05,cash,0.0
2019-09-06,cash,0.0
2019-09-09,cash,0.0
2019-09-10,cash,0.0
2019-09-11,cash,0.0
2019-09-12,cash,0.0
2019-09-13,cash,0.0
2019-09-16,cash,0.0
2019-09-17,cash,0.0
2019-09-18,cash,0.0
2019-09-19,cash,0.0
2019-09-20,cash,0.0
2019-09-23,cash,0.0
2019-09-24,cash,0.0
2019-09-25,cash,0.0
2019-09-26,cash,0.0
2019-09-27,cash,0.0
2019-09-30,cash,0.0
2019-10-01,cash,0.0
2019-10-02,cash,0.0
2019-10-03,cash,0.0
2019-10-04,cash,0.0
2019-10-07,cash,0.0
2019-10-08,cash,0.0
2019-10-09,cash,0.0
2019-10-10,cash,0.0
2019-10-11,cash,0.0
2019-10-14,cash,0.0
2019-10-15,cash,0.0
2019-10-16,cash,0.0
2019-10-17,cash,0.0
2019-10-18,cash,0.0
2019-10-21,cash,0.0
2019-10-22,cash,0.0
2019-10-23,cash,0.0
2019-10-24,cash,0.0
2019-10-25,cash,0.0
2019-10-28,cash,0.0
2019-10-29,cash,0.0
2019-10-30,cash,0.0
2019-10-31,cash,0.0
2019-11-01,cash,0.0
2019-11-04,cash,0.0
2019-11-05,cash,0.0
2019-11-06,cash,0.0
2019-11-07,cash,0.0
2019-11-08,cash,0.0
2019-11-11,cash,0.0
2019-11-12,cash,0.0
2019-11-13,cash,0.0
2019-11-14,cash,0.0
2019-11-15,cash,0.0
2019-11-18,cash,0.0
2019-11-19,cash,0.0
2019-11-20,cash,0.0
2019-11-21,cash,0.0
2019-11-22,cash,0.0
2019-11-25,cash,0.0
2019-11-26,cash,0.0
2019-11-27,cash,0.0
2019-11-28,cash,0.0
2019-11-29,cash,0.0
2019-12-02,cash,0.0
2019-12-03,cash,0.0
2019-12-04,cash,0.0
2019-12-05,cash,0.0
2019-12-06,cash,0.0
2019-12-09,cash,0.0
2019-12-10,cash,0.0
2019-12-11,cash,0.0
2019-12-12,cash,0.0
2019-12-13,cash,0.0
2019-12-16,cash,0.0
2019-12-17,cash,0.0
2019-12-18,cash,0.0
2019-12-19,cash,0.0
2019-12-20,cash,0.0
2019-12-23,cash,0.0
2019-12-24,cash,0.0
2019-12-25,cash,0.0
2019-12-26,cash,0.0
2019-12-27,cash,0.0
2019-12-30,cash,0.0
2019-12-31,cash,0.0
2020-01-02,cash,0.0
2020-01-03,cash,0.0
2020-01-06,cash,0.0
2020-01-07,cash,0.0
2020-01-08,cash,0.0
2020-01-09,cash,0.0
2020-01-10,cash,0.0
2020-01-13,cash,0.0
2020-01-14,cash,0.0
2020-01-15,cash,0.0
2020-01-16,cash,0.0
2020-01-17,cash,0.0
2020-01-20,cash,0.0
2020-01-21,cash,0.0
2020-01-22,cash,0.0
2020-01-30,cash,0.0
2020-01-31,cash,0.0
2020-02-03,cash,0.0
2020-02-04,cash,0.0
2020-02-05,cash,0.0
2020-02-06,cash,0.0
2020-02-07,cash,0.0
2020-02-10,cash,0.0
2020-02-11,cash,0.0
2020-02-12,cash,0.0
2020-02-13,cash,0.0
2020-02-14,cash,0.0
2020-02-17,cash,0.0
2020-02-18,cash,0.0
2020-02-19,cash,0.0
2020-02-20,cash,0.0
2020-02-21,cash,0.0
2020-02-24,cash,0.0
2020-02-25,cash,0.0
2020-02-26,cash,0.0
2020-02-27,cash,0.0
2020-02-28,cash,0.0
2020-03-02,cash,0.0
2020-03-03,cash,0.0
2020-03-04,cash,0.0
2020-03-05,cash,0.0
2020-03-06,cash,0.0
2020-03-09,cash,0.0
2020-03-10,cash,0.0
2020-03-11,cash,0.0
2020-03-12,cash,0.0
2020-03-13,cash,0.0
2020-03-16,cash,0.0
2020-03-17,cash,0.0
2020-03-18,cash,0.0
2020-03-19,cash,0.0
2020-03-20,cash,0.0
2020-03-23,cash,0.0
2020-03-24,cash,0.0
2020-03-25,cash,0.0
2020-03-26,cash,0.0
2020-03-27,cash,0.0
2020-03-30,cash,0.0
2020-03-31,cash,0.0
2020-04-01,cash,0.0
2020-04-03,cash,0.0
2020-04-06,cash,0.0
2020-04-07,cash,0.0
2020-04-08,cash,0.0
2020-04-09,cash,0.0
2020-04-10,cash,0.0
2020-04-13,cash,0.0
2020-04-14,cash,0.0
2020-04-15,cash,0.0
2020-04-16,cash,0.0
2020-04-17,cash,0.0
2020-04-20,cash,0.0
2020-04-21,cash,0.0
2020-04-22,cash,0.0
2020-04-23,cash,0.0
2020-04-24,cash,0.0
2020-04-27,cash,0.0
2020-04-28,cash,0.0
2020-04-29,cash,0.0
2020-05-04,cash,0.0
2020-05-05,cash,0.0
2020-05-06,cash,0.0
2020-05-07,cash,0.0
2020-05-08,cash,0.0
2020-05-11,cash,0.0
2020-05-12,cash,0.0
2020-05-13,cash,0.0
2020-05-14,cash,0.0
2020-05-15,cash,0.0
2020-05-18,cash,0.0
2020-05-19,cash,0.0
2020-05-20,cash,0.0
2020-05-21,cash,0.0
2020-05-22,cash,0.0
2020-05-25,cash,0.0
2020-05-26,cash,0.0
2020-05-27,cash,0.0
2020-05-28,cash,0.0
2020-05-29,cash,0.0
2020-06-01,cash,0.0
2020-06-02,cash,0.0
2020-06-03,cash,0.0
2020-06-04,cash,0.0
2020-06-05,cash,0.0
2020-06-08,cash,0.0
2020-06-09,cash,0.0
2020-06-10,cash,0.0
2020-06-11,cash,0.0
2020-06-12,cash,0.0
2020-06-15,cash,0.0
2020-06-16,cash,0.0
2020-06-17,cash,0.0
2020-06-18,cash,0.0
2020-06-19,cash,0.0
2020-06-22,cash,0.0
2020-06-23,cash,0.0
2020-06-24,cash,0.0
2020-06-25,cash,0.0
2020-06-26,cash,0.0
2020-06-29,cash,0.0
2020-06-30,cash,0.0
2020-07-01,cash,0.0
2020-07-02,cash,0.0
2020-07-03,cash,0.0
2020-07-06,cash,0.0
2020-07-07,cash,0.0
2020-07-08,cash,0.0
2020-07-09,cash,0.0
2020-07-10,cash,0.0
2020-07-13,cash,0.0
2020-07-14,cash,0.0
2020-07-15,cash,0.0
2020-07-16,cash,0.0
2020-07-17,cash,0.0
2020-07-20,cash,0.0
2020-07-21,cash,0.0
2020-07-22,cash,0.0
2020-07-23,cash,0.0
2020-07-24,cash,0.0
2020-07-27,cash,0.0
2020-07-28,cash,0.0
2020-07-29,cash,0.0
2020-07-30,cash,0.0
2020-07-31,cash,0.0
2020-08-03,cash,0.0
2020-08-04,cash,0.0
2020-08-05,cash,0.0
2020-08-06,cash,0.0
2020-08-07,cash,0.0
2020-08-10,cash,0.0
2020-08-11,cash,0.0
2020-08-12,cash,0.0
2020-08-13,cash,0.0
2020-08-14,cash,0.0
2020-08-17,cash,0.0
2020-08-18,cash,0.0
2020-08-19,cash,0.0
2020-08-20,cash,0.0
2020-08-21,cash,0.0
2020-08-24,cash,0.0
2020-08-25,cash,0.0
2020-08-26,cash,0.0
2020-08-27,cash,0.0
2020-08-28,cash,0.0
2020-08-31,cash,0.0
2020-09-01,cash,0.0
2020-09-03,cash,0.0
2020-09-04,cash,0.0
2020-09-07,cash,0.0
2020-09-08,cash,0.0
2020-09-09,cash,0.0
2020-09-10,cash,0.0
2020-09-11,cash,0.0
2020-09-14,cash,0.0
2020-09-15,cash,0.0
2020-09-16,cash,0.0
2020-09-17,cash,0.0
2020-09-18,cash,0.0
2020-09-21,cash,0.0
2020-09-22,cash,0.0
2020-09-23,cash,0.0
2020-09-24,cash,0.0
2020-09-25,cash,0.0
2020-09-28,cash,0.0
2020-09-29,cash,0.0
2020-09-30,cash,0.0
2020-10-01,cash,0.0
2020-10-02,cash,0.0
2020-10-05,cash,0.0
2020-10-06,cash,0.0
2020-10-07,cash,0.0
2020-10-08,cash,0.0
2020-10-09,cash,0.0
2020-10-12,cash,0.0
2020-10-13,cash,0.0
2020-10-14,cash,0.0
2020-10-15,cash,0.0
2020-10-16,cash,0.0
2020-10-19,cash,0.0
2020-10-20,cash,0.0
2020-10-21,cash,0.0
2020-10-22,cash,0.0
2020-10-23,cash,0.0
2020-10-26,cash,0.0
2020-10-27,cash,0.0
2020-10-28,cash,0.0
2020-10-29,cash,0.0
2020-10-30,cash,0.0
2020-11-02,cash,0.0
2020-11-03,cash,0.0
2020-11-04,cash,0.0
2020-11-05,cash,0.0
2020-11-06,cash,0.0
2020-11-09,cash,0.0
2020-11-10,cash,0.0
2020-11-11,cash,0.0
2020-11-12,cash,0.0
2020-11-13,cash,0.0
2020-11-16,cash,0.0
2020-11-17,cash,0.0
2020-11-18,cash,0.0
2020-11-19,cash,0.0
2020-11-20,cash,0.0
2020-11-23,cash,0.0
2020-11-24,cash,0.0
2020-11-25,cash,0.0
2020-11-26,cash,0.0
2020-11-27,cash,0.0
2020-11-30,cash,0.0
2020-12-01,cash,0.0
2020-12-02,cash,0.0
2020-12-03,cash,0.0
2020-12-04,cash,0.0
2020-12-07,cash,0.0
2020-12-08,cash,0.0
2020-12-09,cash,0.0
2020-12-10,cash,0.0
2020-12-11,cash,0.0
2020-12-14,cash,0.0
2020-12-15,cash,0.0
2020-12-16,cash,0.0
2020-12-17,cash,0.0
2020-12-18,cash,0.0
2020-12-21,cash,0.0
2020-12-22,cash,0.0
2020-12-23,cash,0.0
2020-12-24,cash,0.0
2020-12-25,cash,0.0
2020-12-28,cash,0.0
2020-12-29,cash,0.0
2020-12-30,cash,0.0
2020-12-31,cash,0.0
2021-01-04,cash,0.0
2021-01-05,cash,0.0
2021-01-06,cash,0.0
2021-01-07,cash,0.0
2021-01-08,cash,0.0
2021-01-11,cash,0.0
2021-01-12,cash,0.0
2021-01-13,cash,0.0
2021-01-14,cash,0.0
2021-01-15,cash,0.0
2021-01-18,cash,0.0
2021-01-19,cash,0.0
2021-01-20,cash,0.0
2021-01-21,cash,0.0
2021-01-22,cash,0.0
2021-01-25,cash,0.0
2021-01-26,cash,0.0
2021-01-27,cash,0.0
2021-01-28,cash,0.0
2021-01-29,cash,0.0
2021-02-01,cash,0.0
2021-02-02,cash,0.0
2021-02-03,cash,0.0
2021-02-04,cash,0.0
2021-02-05,cash,0.0
2021-02-08,cash,0.0
2021-02-09,cash,0.0
2021-02-17,cash,0.0
2021-02-18,cash,0.0
2021-02-19,cash,0.0
2021-02-22,cash,0.0
2021-02-23,cash,0.0
2021-02-24,cash,0.0
2021-02-25,cash,0.0
2021-02-26,cash,0.0
2021-03-01,cash,0.0
2021-03-02,cash,0.0
2021-03-03,cash,0.0
2021-03-04,cash,0.0
