date,horizon,fold,evaluation_scope,actual_class,predicted_class,raw_prob_bull,prob_bull,raw_prob_sideway,prob_sideway,raw_prob_bear,prob_bear,raw_prob_stress,prob_stress,raw_baseline_risk_off_probability,baseline_risk_off_probability,raw_candidate_risk_off_probability,candidate_risk_off_probability,baseline_risk_off_threshold,candidate_risk_off_threshold,baseline_risk_off_alert,candidate_risk_off_alert,baseline_temperature,candidate_temperature,actual_risk_off,forward_return,future_mae
2017-03-14,20,0,nested_purged_development_oos,Bull,Bull,0.37620973369208743,0.30110877741863434,0.23405866620089386,0.2470849005643209,0.13187362914478415,0.19454797727037304,0.2578579709622346,0.25725834474667164,0.3897316001070188,0.4518063220170447,0.5653070046703268,0.521880095021598,0.49,0.62,0,0,2.4,3.0,0,0.01509446901248456,-0.005851621678872168
2017-03-15,20,0,nested_purged_development_oos,Bull,Bull,0.32537001946631505,0.2821276401880711,0.20707647717700406,0.23370938403238245,0.15280106318826805,0.20590852176656269,0.31475244016841286,0.27825445401298377,0.4675535033566809,0.4841629757795465,0.6724586954447695,0.559658325859668,0.49,0.62,0,0,2.4,3.0,0,0.015596946411992458,-0.0036525102417857428
2017-03-16,20,0,nested_purged_development_oos,Sideway,Bull,0.4007786635930593,0.30971492098989156,0.22110920207245,0.241734176519933,0.13647023593977894,0.1977050173684755,0.2416418983947117,0.25084588512170003,0.37811213433449065,0.44855090249017554,0.40986604746610344,0.469660721367523,0.49,0.62,0,0,2.4,3.0,0,0.004925465353037955,-0.006145403988295327
2017-03-17,20,0,nested_purged_development_oos,Sideway,Stress,0.3041323868996846,0.2760458410639774,0.19647128573572406,0.2300981085758454,0.13285735145053468,0.1954860441818612,0.3665389759140567,0.29837000617831605,0.4993963273645914,0.4938560503601772,0.5449763040127591,0.5150282069576709,0.49,0.62,1,0,2.4,3.0,0,0.0004080570210768779,0.0004080570210768779
2017-03-20,20,0,nested_purged_development_oos,Sideway,Bull,0.37491588360093103,0.3017672913834561,0.21699758505686945,0.2402827571449553,0.11934044327919618,0.18729574773268748,0.2887460880630034,0.27065420373890103,0.4080865313421996,0.4579499514715885,0.4412628362139742,0.48034026800804575,0.49,0.62,0,0,2.4,3.0,0,-0.0001958041964299736,-0.005947138644852871
2017-03-21,20,0,nested_purged_development_oos,Sideway,Bull,0.40923313797586974,0.3137698797055731,0.2172516332415511,0.2410042445005934,0.12005469668419835,0.1882339987696317,0.2534605320983808,0.25699187702420184,0.37351522878257915,0.44522587579383355,0.4395711619467702,0.47976916337570863,0.49,0.62,0,0,2.4,3.0,0,0.0008234760924535129,-0.0074982306588886345
2017-03-22,20,0,nested_purged_development_oos,Sideway,Bull,0.3371952141918423,0.2883593728938189,0.22123893238445494,0.24192224408241023,0.11832005083327161,0.1863907974189012,0.3232458025904312,0.2833275856048697,0.4415658534237028,0.4697183830237709,0.7389090685802346,0.5858337803246957,0.49,0.62,0,0,2.4,3.0,0,-0.0003928170645349613,-0.0029639640457520384
2017-03-23,20,0,nested_purged_development_oos,Sideway,Bull,0.4401595413500382,0.3248044058346613,0.22467815945397593,0.24543399620969403,0.11855520334622136,0.1880404519451595,0.21660709584976445,0.24172114601048514,0.33516229919598584,0.4297615979556446,0.7066381321906087,0.5727395436592672,0.49,0.62,0,0,2.4,3.0,0,-0.009986325719664652,-0.01220661273952597
2017-03-24,20,0,nested_purged_development_oos,Bear,Bull,0.4717952532410903,0.3358344822991333,0.20431625116344723,0.2369668048342941,0.12358414995977242,0.19218188807752082,0.20030434563569008,0.23501682478905186,0.3238884955954625,0.4271987128665727,0.7453621542318342,0.5885584556686131,0.49,0.62,0,0,2.4,3.0,1,-0.01781358009204111,-0.01781358009204111
2017-03-27,20,0,nested_purged_development_oos,Bear,Bull,0.46558343387670814,0.3330290041755344,0.19521949114980738,0.23184678750058482,0.13557657399514148,0.19917127281707547,0.20362050097834303,0.23595293550680524,0.3391970749734845,0.4351242083238807,0.6827483872364937,0.5635241320274536,0.49,0.62,0,0,2.4,3.0,1,-0.022277491759671322,-0.022277491759671322
2017-03-28,20,0,nested_purged_development_oos,Bear,Bull,0.3722449013496358,0.2982746752097564,0.19044675498120403,0.22560223067268076,0.18026340729302298,0.2204952419164037,0.2570449363761371,0.25562785220115913,0.4373083436691601,0.4761230941175628,0.8083114828358008,0.617675121523,0.49,0.62,0,0,2.4,3.0,1,-0.012901599229970945,-0.016372208376640208
2017-03-29,20,0,nested_purged_development_oos,Sideway,Bull,0.38812176440647445,0.3040315859060692,0.21488675371274205,0.23764903670295673,0.16588607647424883,0.21335501022714967,0.23110540540653474,0.24496436716382422,0.3969914818807836,0.4583193773909739,0.7326746378845388,0.5832376080184964,0.49,0.62,0,0,2.4,3.0,0,-0.005483660227073459,-0.01805307949120649
2017-03-30,20,0,nested_purged_development_oos,Sideway,Bull,0.42820950375486566,0.318931785795297,0.2131323747753004,0.23847614290700314,0.1521704539648206,0.20724241871592256,0.20648766750501338,0.23534965258177726,0.358658121469834,0.44259207129769984,0.74240640424894,0.5873055906824574,0.49,0.62,0,0,2.4,3.0,0,-0.008504549764059552,-0.022747306191615753
2017-03-31,20,0,nested_purged_development_oos,Sideway,Bull,0.34595645691442134,0.28780478811783117,0.21830001294347465,0.2375626430963141,0.20861851595860073,0.23311457951164277,0.22712501418350317,0.2415179892742119,0.4357435301421039,0.4746325687858547,0.7691174548873279,0.598954686741091,0.49,0.62,0,0,2.4,3.0,0,-0.0038422906791098967,-0.02060371229391333
2017-04-03,20,0,nested_purged_development_oos,Sideway,Bull,0.35698966898739665,0.292092622540105,0.2196346675689666,0.23857381347689954,0.19107377558516658,0.22512022811501073,0.23230188785847022,0.24421333586798477,0.4233756634436368,0.4693335639829955,0.8084044663141581,0.6177223683343551,0.49,0.62,0,0,2.4,3.0,0,-0.0004984768865333976,-0.0207006188967898
2017-04-04,20,0,nested_purged_development_oos,Sideway,Bull,0.3988621319008468,0.3086673610407703,0.250044173281222,0.25409035548533704,0.1482769063718365,0.2043753458152145,0.2028167884460948,0.23286693765867816,0.3510936948179313,0.43724228347389266,0.7163386810595787,0.5765900561514155,0.49,0.62,0,0,2.4,3.0,0,-0.005733531847760569,-0.023134046527927766
2017-04-05,20,0,nested_purged_development_oos,Sideway,Bull,0.3283145348425547,0.28275071527810536,0.2400306133900853,0.24815741947024944,0.14900285280659514,0.2034451040492235,0.2826519989607649,0.26564676120242176,0.43165485176736007,0.46909186525164526,0.7390989028918498,0.585913379701361,0.49,0.62,0,0,2.4,3.0,0,-0.006046839682971941,-0.021862766232900864
2017-04-07,20,0,nested_purged_development_oos,Sideway,Bull,0.4328250782524762,0.3211485982241868,0.21678770226186359,0.2407633023646568,0.13734839853090883,0.19906841440068945,0.2130388209547514,0.2390196850104669,0.3503872194856602,0.43808809941115634,0.7409223110698392,0.5866796409065306,0.49,0.62,0,0,2.4,3.0,0,-0.008054882660650534,-0.028381667189401216
2017-04-10,20,0,nested_purged_development_oos,Stress,Bull,0.4120590849855772,0.3127859202502797,0.23039483492356214,0.24549597769177367,0.17490480082758397,0.21886759244340598,0.18264127926327678,0.22285050961454075,0.35754608009086075,0.4417181020579467,0.7484670277812052,0.5898836359860484,0.49,0.62,0,0,2.4,3.0,1,-0.007646958552369185,-0.031015738762205963
2017-04-11,20,0,nested_purged_development_oos,Stress,Bull,0.4352174293893876,0.32159654646999325,0.2288429630275734,0.2460317057033783,0.1575661481001067,0.21060078024337336,0.17837345948293237,0.22177096758325512,0.3359396075830391,0.43237174782662846,0.7082200149777793,0.57336286060861,0.49,0.62,0,0,2.4,3.0,1,-0.008706932615436674,-0.03301409694160374
2017-04-12,20,0,nested_purged_development_oos,Sideway,Bull,0.3585570237734722,0.2932331572124752,0.1824905016560455,0.2213080726020593,0.19320284997497544,0.22663106986639675,0.26574962459550683,0.25882770031906877,0.45895247457048227,0.4854587701854655,0.7987305894496327,0.6128860133274475,0.49,0.62,0,0,2.4,3.0,0,-0.0002894655246098968,-0.025120637695305433
2017-04-13,20,0,nested_purged_development_oos,Sideway,Bull,0.3101704476190442,0.2748350856070765,0.20121588630003126,0.22949044673021265,0.20059239660091485,0.2291938861993777,0.28802126948000967,0.26648058146333314,0.4886136660809245,0.49567446766271084,0.875445820776427,0.657009897075314,0.49,0.62,1,1,2.4,3.0,0,0.0013795959972505922,-0.023424003657726924
2017-04-14,20,0,nested_purged_development_oos,Sideway,Stress,0.31447359856334567,0.27799932074759914,0.18171233784091878,0.2212044343414224,0.17388764965149073,0.21718456769031247,0.3299264139442449,0.28361167722066605,0.5038140635957356,0.5007962449109785,0.8756272066977888,0.657134917745026,0.49,0.62,1,1,2.4,3.0,0,0.009116919633703919,-0.015245416345282042
2017-04-17,20,0,nested_purged_development_oos,Bull,Stress,0.25219158013730053,0.25310783426937267,0.20716138102789547,0.23319174765890024,0.1798998819590062,0.21987745976851736,0.3607471568757978,0.2938229583032097,0.5406470388348039,0.5137004180717271,0.8907134518966212,0.6680436030204235,0.49,0.62,1,1,2.4,3.0,0,0.022768241508309816,-0.0045826040250256765
2017-04-18,20,0,nested_purged_development_oos,Bull,Bull,0.3662935341196678,0.2955146227095129,0.20902729672319353,0.23392036811995448,0.1957388175748213,0.22760520381453628,0.2289403515823174,0.24295980535599626,0.4246791691571387,0.47056500917053257,0.9126113572474138,0.6861070357898555,0.49,0.62,0,1,2.4,3.0,0,0.01672808647734972,-0.010333938473448524
2017-04-19,20,0,nested_purged_development_oos,Bull,Bull,0.3813267962534954,0.30106017926569745,0.19564133405458256,0.22797541786779021,0.2178689653360131,0.2384299650729638,0.20516290435590886,0.23253443779354857,0.42303186969192197,0.47096440286651237,0.886098837340718,0.6645935283318029,0.49,0.62,0,1,2.4,3.0,0,0.023508758826397212,-0.012904310776367712
2017-04-20,20,0,nested_purged_development_oos,Bull,Stress,0.2733676577906614,0.25994460971734307,0.2023680594187432,0.22933059487923987,0.2491617865359484,0.2500940980989809,0.27510249625464706,0.2606306973044361,0.5242642827905954,0.5107247954034171,0.897243723090973,0.6731182490996167,0.49,0.62,1,1,2.4,3.0,0,0.04317098606703919,-0.007153751006242704
2017-04-21,20,0,nested_purged_development_oos,Bull,Stress,0.2990847142841528,0.2711953333974311,0.1858786146565773,0.222440339586469,0.19912441479175558,0.22891267214370828,0.31591225626751435,0.27745165487239154,0.51503667105927,0.5063643270160998,0.9125016374538342,0.6860083199227233,0.49,0.62,1,1,2.4,3.0,0,0.03925256552241183,-0.006802891044886987
2017-04-24,20,0,nested_purged_development_oos,Bull,Stress,0.25396111746390626,0.2542177724398582,0.18837192401783717,0.2244620727766404,0.1866535677347393,0.2236066352248815,0.3710133907835173,0.29771351955861997,0.5576669585182565,0.5213201547835015,0.9047290927598972,0.6792448677684555,0.49,0.62,1,1,2.4,3.0,0,0.045940604951117285,-0.002554748490722803
2017-04-25,20,0,nested_purged_development_oos,Bull,Stress,0.27340324923407117,0.2613506295533169,0.20675314552902233,0.23262715342936502,0.18192836364580237,0.22055345203748258,0.33791524159110414,0.2854687649798356,0.5198436052369065,0.5060222170173182,0.9080808426992125,0.6821076415561738,0.49,0.62,1,1,2.4,3.0,0,0.04737724468021973,0.0034706091466691637
2017-04-26,20,0,nested_purged_development_oos,Bull,Bull,0.3515036610595552,0.290224820053156,0.20372454462351663,0.23122343224626166,0.19199895979201592,0.22558227742045703,0.2527728345249122,0.25296947028012545,0.44477179431692815,0.4785517477005825,0.9149887123190317,0.6882697398303926,0.49,0.62,0,1,2.4,3.0,0,0.045926403004442215,0.00909881011746366
2017-04-27,20,0,nested_purged_development_oos,Bull,Bull,0.4209953734878118,0.31571921663398644,0.1989581035920982,0.23103058556120387,0.19568949902858385,0.22944147846790514,0.18435702389150627,0.22380871933690447,0.3800465229200901,0.4532501978048096,0.8375449728671482,0.6333675958668027,0.49,0.62,0,1,2.4,3.0,0,0.04064054811274515,0.001673337163423305
2017-04-28,20,0,nested_purged_development_oos,Bull,Bull,0.4305448564698733,0.3192924172117411,0.19961047780569965,0.23178784537886976,0.17606730019451577,0.21997858097922882,0.19377736552991134,0.22894115643016022,0.3698446657244271,0.44891973740938906,0.8046351490097968,0.6158191752385536,0.49,0.62,0,0,2.4,3.0,0,0.028134883211028517,0.0015731701223726357
2017-05-03,20,0,nested_purged_development_oos,Bull,Bull,0.4572362625495294,0.32946296633936467,0.205496449839803,0.23609300947225165,0.18336945145443448,0.22514772905386113,0.15389783615623312,0.20929629513452247,0.3372672876106676,0.43444402418838357,0.6904806446633741,0.5664681942320018,0.49,0.62,0,0,2.4,3.0,0,0.02508777346767372,-0.0009454950648745226
2017-05-04,20,0,nested_purged_development_oos,Bull,Bull,0.4532370910389518,0.32798863561414604,0.21071617729373526,0.23837679572041415,0.1576881831108996,0.21125459964660712,0.17835854855641334,0.2223799690188327,0.3360467316673129,0.4336345686654398,0.695601645147681,0.5684377331170265,0.49,0.62,0,0,2.4,3.0,0,0.027026825715300153,-0.004386215460327544
2017-05-05,20,0,nested_purged_development_oos,Bull,Bull,0.3606560955904454,0.2935268308607836,0.21541812778980668,0.23680627695853512,0.1874920753864055,0.223495348499172,0.23643370123334234,0.2461715436815092,0.42392577661974784,0.4696668921806812,0.741601863757195,0.5869660016763323,0.49,0.62,0,0,2.4,3.0,0,0.025789571686293138,-0.0015845881302382454
2017-05-08,20,0,nested_purged_development_oos,Bull,Bull,0.3599469160702991,0.29349091447794484,0.24185501977431398,0.24868137792149272,0.17514108441673207,0.21739037850005288,0.22305697973865488,0.24043732910050944,0.39819806415538694,0.45782770760056235,0.7276727737769706,0.5811791254433306,0.49,0.62,0,0,2.4,3.0,0,0.03368869203077069,0.0045108579788218
2017-05-09,20,0,nested_purged_development_oos,Bull,Bull,0.42305751515815304,0.317698059526632,0.24642969998335418,0.2536414592275382,0.14459018016140449,0.203113741289148,0.18592260469708827,0.22554673995668173,0.3305127848584928,0.4286604812458297,0.6709789776623886,0.5591070166679268,0.49,0.62,0,0,2.4,3.0,0,0.039640867690061865,0.003041995681085968
2017-05-10,20,0,nested_purged_development_oos,Bull,Bull,0.3878622133289395,0.3041135382786204,0.2290859071225012,0.2442040130581518,0.15894804461322334,0.2097054915031703,0.224103834935336,0.24197695716005746,0.38305187954855935,0.45168244866322776,0.6946631630238144,0.5680755765454527,0.49,0.62,0,0,2.4,3.0,0,0.03945645351715847,0.00093838411633024
2017-05-11,20,0,nested_purged_development_oos,Bull,Bull,0.38835995733040296,0.3040908666770381,0.23042503346041132,0.2446487770164287,0.1669685469214048,0.21392102422449696,0.21424646228778088,0.2373393320820362,0.3812150092091857,0.45126035630653316,0.5906543416093447,0.5305179386324527,0.49,0.62,0,0,2.4,3.0,0,0.034088663187102027,5.517165281878687e-05
2017-05-12,20,0,nested_purged_development_oos,Bull,Bull,0.37654328775188445,0.2998353658917685,0.24533513401101284,0.25081867680757985,0.16797596756457525,0.21419678968124062,0.2101456106725274,0.235149167619411,0.3781215782371027,0.44934595730065163,0.48650790660173154,0.49550166484803515,0.49,0.62,0,0,2.4,3.0,0,0.03301793399015503,-0.0004688361917097426
2017-05-15,20,0,nested_purged_development_oos,Bull,Bull,0.3690533508718838,0.29823652417414365,0.2705400833175825,0.2620415684436354,0.13990977580657685,0.19908736904823346,0.2204967900039569,0.24063453833398737,0.36040656581053376,0.43972190738222083,0.37772166997318823,0.4584932515893798,0.49,0.62,0,0,2.4,3.0,0,0.03487118781200823,-0.0004412636759916707
2017-05-16,20,0,nested_purged_development_oos,Bull,Bull,0.3172164262788899,0.2800044777054182,0.28269344173118915,0.26687936990859923,0.12206651416390656,0.1880826235810468,0.27802361782601437,0.2650335288049358,0.40009013198992094,0.4531161523859826,0.5687293657222242,0.5230394125515091,0.49,0.62,0,0,2.4,3.0,0,0.04300489913401364,0.0026996889718125046
2017-05-17,20,0,nested_purged_development_oos,Bull,Bull,0.3534823546493118,0.2932907850961054,0.2641667331869193,0.25977324075516606,0.1240232632298493,0.18957082826375482,0.2583276489339195,0.25736514588497383,0.3823509121637688,0.44693597414872865,0.6307960368863273,0.5445179118025346,0.49,0.62,0,0,2.4,3.0,0,0.045129535413786594,-0.00028882058253710576
2017-05-18,20,0,nested_purged_development_oos,Bull,Stress,0.2923091386491337,0.2701278156920461,0.2659687256790298,0.25970544081797287,0.12990264186988834,0.1926677990021389,0.3118194938019482,0.27749894448784224,0.4417221356718365,0.4701667434899811,0.7097946873715149,0.5739850805684864,0.49,0.62,0,0,2.4,3.0,0,0.04515542989019079,0.009351044651966725
2017-05-19,20,0,nested_purged_development_oos,Bull,Bull,0.4023236172475291,0.3094833409506275,0.21583058800597746,0.23875064540978866,0.15522654033605998,0.20811336161733152,0.22661925441043346,0.24365265202225223,0.38184579474649344,0.45176601363958374,0.7052789903416454,0.572205379166946,0.49,0.62,0,0,2.4,3.0,0,0.03668491571612807,0.005436125479712309
2017-05-22,20,0,nested_purged_development_oos,Bull,Bull,0.42374825790587034,0.31706277587764814,0.18233987158158904,0.22312640785635415,0.17056002382807817,0.21700303527900244,0.2233518466844625,0.24280778098699524,0.3939118705125407,0.4598108162659977,0.8581488701329499,0.645656265525328,0.49,0.62,0,1,2.4,3.0,0,0.030089699633637643,-0.008475541990804582
2017-05-23,20,0,nested_purged_development_oos,Bull,Bull,0.3614940587723203,0.2941328116146889,0.17406234963788839,0.21691770791464923,0.21700864167303652,0.23779355775106548,0.24743494991675477,0.25115592271959625,0.4644435915897913,0.4889494804706617,0.9193589597649857,0.6923700527028898,0.49,0.62,0,1,2.4,3.0,0,0.03587055833233459,-0.004206261484821539
2017-05-24,20,0,nested_purged_development_oos,Bull,Bull,0.3974944093003306,0.30730194908994857,0.17499607468993053,0.21832619662952168,0.19996417659845742,0.2308026570255236,0.22754533941128155,0.24356919725500614,0.42750951600973897,0.47437185428052975,0.9023778670497944,0.6772821861687489,0.49,0.62,0,1,2.4,3.0,0,0.03267515796998809,-0.0066461583593629865
2017-05-25,20,0,nested_purged_development_oos,Bull,Bull,0.3337050937510465,0.28374069947038194,0.18616034152204855,0.22248809268820896,0.21005525061856725,0.2339695981487059,0.2700793141083378,0.2598016096927032,0.4801345647269051,0.49377120784140915,0.8798446783858218,0.6600805912613472,0.49,0.62,1,1,2.4,3.0,0,0.032345795966205265,-0.0055280495977424226
2017-05-26,20,0,nested_purged_development_oos,Bull,Bull,0.3359479691214825,0.28405516815070414,0.21712345309853473,0.236819336960519,0.20948772326760906,0.23331290473332406,0.23744085451237373,0.24581259015545276,0.4469285777799828,0.4791254948887768,0.8113735952877222,0.6192391551960772,0.49,0.62,0,0,2.4,3.0,0,0.03385626384121915,-0.0075478170686343465
2017-05-29,20,0,nested_purged_development_oos,Bull,Bull,0.34972865708914447,0.2896332352751514,0.21749116239465183,0.23762623828943477,0.1815440853957232,0.220395605361048,0.2512360951204805,0.25234492107436585,0.4327801805162037,0.47274052643541387,0.7627831510398669,0.5961221293703368,0.49,0.62,0,0,2.4,3.0,0,0.03459723369758668,-0.011360772294400927
2017-05-30,20,0,nested_purged_development_oos,Bull,Stress,0.28931731732747384,0.2670148817763976,0.17869126189577808,0.2184435217289591,0.23068524798303935,0.2429709662858776,0.30130617279370875,0.27157063020876565,0.5319914207767481,0.5145415964946433,0.8141808182590428,0.6206880041346556,0.49,0.62,1,1,2.4,3.0,0,0.0389231717239137,-0.00052844455610758
2017-05-31,20,0,nested_purged_development_oos,Bull,Bull,0.28418888680859805,0.26433198337591063,0.1946332232497247,0.2257635538967085,0.2586448371521566,0.2541596961029678,0.26253305278952066,0.25574476662441314,0.5211778899416772,0.509904462727381,0.8480105799239602,0.6394614379072097,0.49,0.62,1,1,2.4,3.0,0,0.04144309134514971,0.001340891283983128
2017-06-01,20,0,nested_purged_development_oos,Bull,Bull,0.3134381441333365,0.2763666786206523,0.296188706537827,0.2699246928530403,0.19980135430922685,0.22908944903264786,0.19057179501960966,0.22461917949365948,0.3903731493288365,0.45370862852630733,0.5748425843130535,0.5251152407588289,0.49,0.62,0,0,2.4,3.0,0,0.03958099832677824,-0.004038881359096297
2017-06-02,20,0,nested_purged_development_oos,Bull,Stress,0.2621786904157637,0.25657810253227353,0.20497347952758846,0.2315677311925522,0.19409745915179602,0.22636656512034,0.33875037090485177,0.28548760115483435,0.5328478300566478,0.5118541662751743,0.7459693480862801,0.5888168683897975,0.49,0.62,1,0,2.4,3.0,0,0.04971722324580763,0.006314532214239113
2017-06-05,20,0,nested_purged_development_oos,Bull,Bull,0.2976506585238552,0.27000564381523895,0.21630700348120824,0.23637836861903777,0.1925081885985255,0.22517257383698713,0.29353414939641115,0.26844341372873615,0.4860423379949367,0.4936159875657233,0.7520043628450036,0.5914050903921638,0.49,0.62,1,0,2.4,3.0,0,0.04650167444847444,0.008344487580150882
2017-06-06,20,0,nested_purged_development_oos,Bull,Bull,0.3858238320571899,0.3031123164898965,0.221909860987796,0.24072160104909363,0.16821643172720172,0.21447992682935962,0.22404987522781245,0.2416861556316503,0.3922663069550142,0.4561660824610099,0.7284266638934163,0.5814880340301648,0.49,0.62,0,0,2.4,3.0,0,0.031741211363711726,-0.002118546057961942
2017-06-07,20,0,nested_purged_development_oos,Bull,Bull,0.37757794131845934,0.2998284876120876,0.2268407942976373,0.24247703967805348,0.18224496911211144,0.22134002263499433,0.213336295271792,0.23635445007486464,0.3955812643839034,0.45769447270985897,0.7120864669146607,0.5748938178849422,0.49,0.62,0,0,2.4,3.0,0,0.0324618196102433,-0.004976127566144698
2017-06-08,20,0,nested_purged_development_oos,Bull,Bull,0.3215270253529379,0.2786747096254746,0.2289628619070096,0.24191290770572796,0.20038824171535308,0.22884268636993563,0.24912187102469951,0.25056969629886183,0.4495101127400526,0.4794123826687975,0.7146481193471675,0.5759140778067161,0.49,0.62,0,0,2.4,3.0,0,0.04243907249102904,-0.000546721352418587
2017-06-09,20,0,nested_purged_development_oos,Bull,Stress,0.2645618602289949,0.25688122799075214,0.2409073891793633,0.24704926770781113,0.1891260772930277,0.22335333593765344,0.30540467329861415,0.27271616836378326,0.49453075059164187,0.4960695043014367,0.7460537379684065,0.5888528118106005,0.49,0.62,1,0,2.4,3.0,0,0.034104718003584104,0.0018256813061350763
2017-06-12,20,0,nested_purged_development_oos,Bull,Bull,0.28651168702615426,0.2652092529817256,0.2560754373494657,0.2530847621764599,0.19642548152602124,0.22660967999475845,0.2609873940983588,0.25509630484705603,0.45741287562438004,0.4817059848418145,0.7400740920266216,0.5863228072485072,0.49,0.62,0,0,2.4,3.0,0,0.02038748833789258,0.007692447646013735
2017-06-13,20,0,nested_purged_development_oos,Bull,Bull,0.3696379063009512,0.2970378673771866,0.2379979824508088,0.2472542738678514,0.17668962706038568,0.21839509573910582,0.21567448418785434,0.2373127630158562,0.39236411124824,0.455707858754962,0.6879455545824773,0.5654990965528621,0.49,0.62,0,0,2.4,3.0,0,0.016341067961293126,0.004850219727989682
2017-06-14,20,0,nested_purged_development_oos,Bull,Bull,0.3391169457455733,0.2856674074345603,0.22102629940224125,0.23900118368437986,0.18267124841547594,0.2207552226838313,0.2571855064367096,0.25457618619722855,0.43985675485218556,0.47533140888105985,0.7019606133949975,0.5709064865244357,0.49,0.62,0,0,2.4,3.0,0,0.01746040943861787,-0.00026292610613291357
2017-06-15,20,0,nested_purged_development_oos,Bull,Bull,0.3311182804671261,0.2836074964424254,0.2380283877849559,0.24716484789186474,0.15306556646052566,0.20563183444342545,0.2777877652873924,0.26359582122228437,0.43085333174791807,0.4692276556657098,0.6722033549636881,0.5595631114405636,0.49,0.62,0,0,2.4,3.0,0,0.023043901794419574,0.0008805304779039211
2017-06-16,20,0,nested_purged_development_oos,Bull,Bull,0.35714718738872764,0.2934231979091258,0.2616699655321069,0.2577540792420855,0.1471093144016982,0.20276430488437353,0.2340735326774673,0.24605841796441524,0.3811828470791655,0.44882272284878877,0.49749769384109144,0.49916589175700643,0.49,0.62,0,0,2.4,3.0,0,0.021263570497402684,0.006625055327531917
2017-06-19,20,0,nested_purged_development_oos,Sideway,Bull,0.3717383632173992,0.29756726363198954,0.21809672221399026,0.23828134877982735,0.18896493059994643,0.2244631640406036,0.22119998396866414,0.23968822354757943,0.4101649145686106,0.46415138758818303,0.5817783300577236,0.5274787760901735,0.49,0.62,0,0,2.4,3.0,0,0.0027087935091146946,-0.0006913960604945375
2017-06-20,20,0,nested_purged_development_oos,Sideway,Bull,0.35635913964323845,0.2917785179336521,0.2278831784088063,0.24218475400636397,0.19753431732489365,0.22818359592207682,0.2182233646230617,0.23785313213790715,0.41575768194795537,0.466036728059984,0.601216340699395,0.5341580258414861,0.49,0.62,0,0,2.4,3.0,0,-0.0006512621690580479,-0.0022029742532085135
2017-06-21,20,0,nested_purged_development_oos,Sideway,Bull,0.3348334274148311,0.2841969703251573,0.22216202437514532,0.23954468197178805,0.17833553180456924,0.2185864436012206,0.2646690164054544,0.2576719041018341,0.44300454821002366,0.4762583477030547,0.5421024334816331,0.5140637452040064,0.49,0.62,0,0,2.4,3.0,0,0.005056194198191486,-0.0014474707654033993
2017-06-22,20,0,nested_purged_development_oos,Sideway,Stress,0.2689132753674849,0.258894849597659,0.22242315069156912,0.23920851678460497,0.19014485996392336,0.2240802372074008,0.3185187139770226,0.2778163964103352,0.508663573940946,0.501896633617736,0.5436805641912819,0.5145932536838573,0.49,0.62,1,0,2.4,3.0,0,0.0027497068885404628,0.00033923515845335294
2017-06-23,20,0,nested_purged_development_oos,Sideway,Bull,0.34628165147890555,0.28896446395126474,0.22420082631666335,0.24109099614170287,0.1611170127309044,0.21008307783045296,0.2684005094735268,0.2598614620765794,0.4295175222044312,0.46994453990703233,0.47918880187595675,0.4930593696567036,0.49,0.62,0,0,2.4,3.0,0,-0.009341161549617805,-0.009341161549617805
2017-06-26,20,0,nested_purged_development_oos,Bear,Bull,0.35419766984699025,0.29212059269205937,0.21738106577459657,0.23835202478474865,0.1566286517201512,0.2079247248751442,0.2717926126582621,0.2616026576480478,0.4284212643784133,0.46952738252319204,0.48474636397704746,0.4949140518138732,0.49,0.62,0,0,2.4,3.0,1,-0.0166816289185349,-0.0166816289185349
2017-06-27,20,0,nested_purged_development_oos,Sideway,Stress,0.24456843919959928,0.24967448872013387,0.18400948486157342,0.22176384939836286,0.21366957070464188,0.2360116529151739,0.35775250523418545,0.2925500089663294,0.5714220759388273,0.5285616618815032,0.6684675806866065,0.5581738760464513,0.49,0.62,1,0,2.4,3.0,0,-0.0003127484094870101,-0.010175239206568643
2017-06-28,20,0,nested_purged_development_oos,Sideway,Bull,0.30659039177665015,0.27308308172187,0.21486411232450434,0.23548523838394494,0.2064444649034773,0.2315954847687048,0.27210103099536825,0.2598361951254802,0.47854549589884554,0.491431679894185,0.6760819669082415,0.5610130810396899,0.49,0.62,1,0,2.4,3.0,0,0.006273839052725626,-0.012166714271696924
2017-06-29,20,0,nested_purged_development_oos,Sideway,Bull,0.3254477785231245,0.28091601004331024,0.20681593921978325,0.23256049741633059,0.18144819379625848,0.22021972476031226,0.2862880884608338,0.26630376778004694,0.4677362822570923,0.4865234925403592,0.5610116613706948,0.5204276931256595,0.49,0.62,0,0,2.4,3.0,0,-0.0003239915790531232,-0.015684393896404997
2017-06-30,20,0,nested_purged_development_oos,Sideway,Bull,0.35426949341348885,0.2910962896590113,0.19335522283684398,0.22618435732469952,0.23932364737127224,0.24720558416708266,0.21305163637839483,0.23551376884920655,0.45237528374966707,0.4827193530162892,0.6123980441987855,0.5380432929440112,0.49,0.62,0,0,2.4,3.0,0,0.0007981668334859861,-0.021781737456337928
2017-07-03,20,0,nested_purged_development_oos,Sideway,Bull,0.3431804748867592,0.28783378337914167,0.17328696907056412,0.21651757568256455,0.19977677288499485,0.22973884973525766,0.28375578315768185,0.2659097912030361,0.4835325560426767,0.49564864093829375,0.7230029938553265,0.5792760513006986,0.49,0.62,1,0,2.4,3.0,0,0.005977885610117217,-0.024880720873243986
2017-07-04,20,0,nested_purged_development_oos,Bull,Bull,0.3655161285763109,0.29655728936913867,0.17420044665367754,0.21777168077482895,0.1751633285950647,0.21827242420069967,0.2851200961749469,0.26739860565533274,0.4602834247700116,0.4856710298560324,0.719135035357584,0.5777129239968128,0.49,0.62,0,0,2.4,3.0,0,0.014427235231896946,-0.02058329142659432
2017-07-05,20,0,nested_purged_development_oos,Bull,Bull,0.36776573013567904,0.29651788188968337,0.2022586191520178,0.2311306093930013,0.17702521225093323,0.2186473241764198,0.2529504384613699,0.2537041845408955,0.42997565071230315,0.4723515087173153,0.6263811837616055,0.5429541122687699,0.49,0.62,0,0,2.4,3.0,0,0.010111619822039083,-0.024161481181308543
2017-07-06,20,0,nested_purged_development_oos,Stress,Bull,0.3598328630425684,0.2937078639656383,0.20492178732464383,0.23229255329315096,0.17386817555229822,0.21691950517911548,0.2613771740804896,0.25708007756209533,0.4352453496327878,0.4739995827412108,0.5482526146889678,0.5161288201027427,0.49,0.62,0,0,2.4,3.0,1,0.007434126680260058,-0.02970932784836818
2017-07-07,20,0,nested_purged_development_oos,Bull,Stress,0.26696488555402553,0.2592372570788836,0.17186153567125773,0.21577409913432,0.20846831853707898,0.2338522494680836,0.3527052602376378,0.2911363943187128,0.5611735787747167,0.5249886437867964,0.7530205113471327,0.5918445055555044,0.49,0.62,1,0,2.4,3.0,0,0.0165561404036985,-0.020828252008504806
2017-07-10,20,0,nested_purged_development_oos,Bull,Stress,0.24238873051719922,0.24847630698732542,0.1803930651622484,0.2196998393951851,0.23110440157464962,0.24358931309002022,0.3461138027459027,0.2882345405274692,0.5772182043205523,0.5318238536174894,0.7926702686588536,0.6099334055860949,0.49,0.62,1,0,2.4,3.0,0,0.033885027501030944,-0.00893670364894821
2017-07-11,20,0,nested_purged_development_oos,Bull,Bull,0.32137181381625174,0.27857548706731283,0.20428871796473871,0.23065249039402771,0.2261255251652883,0.24062199160563505,0.24821394305372127,0.2501500309330244,0.4743394682190096,0.4907720225386595,0.7181426756519934,0.5773137627347088,0.49,0.62,1,0,2.4,3.0,0,0.028459314677793245,-0.01258273091836263
2017-07-12,20,0,nested_purged_development_oos,Sideway,Bull,0.31190262560584536,0.27515001310094783,0.1900923470256357,0.22385331942335449,0.24587595505588541,0.24918771821399474,0.25212907231263354,0.25180894926170283,0.4980050273685189,0.5009966674756976,0.7675116730195145,0.5982321745192768,0.49,0.62,1,0,2.4,3.0,0,-0.0006589871219141771,-0.018815218229809826
2017-07-13,20,0,nested_purged_development_oos,Sideway,Bull,0.35312195667511476,0.29067803303313133,0.18946698728269543,0.2242586606442916,0.2350342648218762,0.24532863207606223,0.22237679122031348,0.23973467424651487,0.4574110560421897,0.4850633063225771,0.727012249044183,0.580908860936062,0.49,0.62,0,0,2.4,3.0,0,-0.006276885784945605,-0.02413578447947874
2017-07-14,20,0,nested_purged_development_oos,Sideway,Stress,0.2730830298959394,0.2605115049338737,0.17996379044530852,0.21895989813088984,0.24267611776980214,0.24800782112844658,0.30427706188894993,0.27252077580678996,0.5469531796587521,0.5205285969352366,0.7197940148624495,0.577978407007474,0.49,0.62,1,0,2.4,3.0,0,-0.007124081547348708,-0.023235983660365663
2017-07-17,20,0,nested_purged_development_oos,Sideway,Stress,0.24787994788504522,0.25132081795140426,0.1768296827345887,0.21832788247967325,0.21336132298764351,0.23609824342990213,0.36192904639272255,0.2942530561390203,0.575290369380366,0.5303512995689225,0.6869643313847458,0.5651250240663342,0.49,0.62,1,0,2.4,3.0,0,0.00939764080939654,-0.011997658060104098
2017-07-18,20,0,nested_purged_development_oos,Sideway,Stress,0.2391939791523375,0.24771585461518955,0.1844697121254782,0.22230197171925364,0.2060821922788718,0.23280451365449814,0.3702541164433125,0.29717766001105855,0.5763363087221843,0.5299821736655567,0.7293794715039518,0.5818791284461042,0.49,0.62,1,0,2.4,3.0,0,0.00464074148659576,-0.01014918057464532
2017-07-19,20,0,nested_purged_development_oos,Sideway,Stress,0.24885236507596784,0.2511180458307897,0.1801341518146071,0.21948282548246958,0.23049796722969104,0.24322794808142673,0.34051551587973405,0.28617118060531405,0.5710134831094251,0.5293991286867408,0.7698031608979112,0.5992641556375458,0.49,0.62,1,0,2.4,3.0,0,0.0029387607160508704,-0.015101133454089746
2017-07-20,20,0,nested_purged_development_oos,Sideway,Stress,0.23378427863698104,0.24456857618815722,0.1946402686177406,0.2265902588115529,0.22477829717205006,0.24059795747017584,0.3467971555732283,0.288243207530114,0.5715754527452783,0.5288411650002899,0.7883987761683514,0.6078857050418501,0.49,0.62,1,0,2.4,3.0,0,-0.0010677084347656745,-0.01134717537903535
2017-07-21,20,0,nested_purged_development_oos,Sideway,Stress,0.18366349473174776,0.22408432768559833,0.18171674327724457,0.22309158656455053,0.19890656962233547,0.23165362551395763,0.4357131923686722,0.32117046023589346,0.6346197619910077,0.5528240857498511,0.8195805699816093,0.6235169211482756,0.49,0.62,1,1,2.4,3.0,0,0.009289145268510204,-0.0027865422867828166
2017-07-24,20,0,nested_purged_development_oos,Sideway,Stress,0.23010631321700928,0.24494218359180225,0.17522344509419696,0.21865367716528308,0.192003797595635,0.22714636277389946,0.4026664440931588,0.30925777646901514,0.5946702416887938,0.5364041392429146,0.8363756536206233,0.632704055906977,0.49,0.62,1,1,2.4,3.0,0,0.011841580801544464,0.009862490797081545
2017-07-25,20,0,nested_purged_development_oos,Sideway,Bull,0.32537656588661945,0.28104100799953824,0.16326203890653812,0.21085193362941393,0.23902601169635296,0.24715016243888313,0.27233538351048947,0.2609568959321647,0.5113613952068424,0.5081070583710479,0.8825724942871718,0.6620269083761146,0.49,0.62,1,1,2.4,3.0,0,-0.007863805056120412,-0.007863805056120412
2017-07-26,20,0,nested_purged_development_oos,Sideway,Bull,0.3905311472686861,0.30503552639873965,0.16094641034863164,0.21083583601849912,0.21778546641128235,0.23915121785943658,0.23073697597139992,0.24497741972332465,0.44852244238268224,0.48412863758276126,0.8651981997869059,0.6501543381138984,0.49,0.62,0,1,2.4,3.0,0,-0.01026076307113248,-0.016441867583461448
2017-07-27,20,0,nested_purged_development_oos,Sideway,Stress,0.2869902564661581,0.26653605797033175,0.16280913593194046,0.21046383427830664,0.2451758110074992,0.24960905267175373,0.30502479659440224,0.2733910550796079,0.5502006076019015,0.5230001077513616,0.8577902382077025,0.6454317932448534,0.49,0.62,1,1,2.4,3.0,0,-0.002244902874305816,-0.013361716576390745
2017-07-28,20,0,nested_purged_development_oos,Sideway,Bull,0.36619488510199355,0.2954764339526826,0.19254776419197334,0.2260478781944512,0.21841004037998332,0.2382354125929256,0.22284731032604987,0.2402402752599406,0.4412573507060332,0.4784756878528662,0.8240397345262755,0.6258967318439775,0.49,0.62,0,1,2.4,3.0,0,-0.007051013251097357,-0.02058121854886282
2017-07-31,20,0,nested_purged_development_oos,Sideway,Bull,0.4379014514813859,0.3221892239607222,0.19525260986943424,0.23011920783240417,0.2044053580082671,0.23455388568750737,0.1624405806409129,0.21313768251936635,0.36684593864918,0.4476915682068737,0.7584040408017179,0.5941905905179463,0.49,0.62,0,0,2.4,3.0,0,-0.008059961239855227,-0.028859920742400173
2017-08-01,20,0,nested_purged_development_oos,Bear,Bull,0.39943867447844617,0.3084500229520412,0.23034708577906624,0.24522988502973622,0.2149936241923988,0.23828200856652007,0.15522061555008881,0.2080380834517025,0.3702142397424876,0.44632009201822254,0.6634735695467475,0.55632757495291,0.49,0.62,0,0,2.4,3.0,1,-0.01637616361584269,-0.033011840917530046
2017-08-02,20,0,nested_purged_development_oos,Sideway,Bull,0.34950518108411316,0.29000011470816883,0.16742480796951165,0.21341130233424452,0.21654416657806672,0.2375582947584273,0.26652584436830845,0.25903028819915935,0.48307001094637514,0.4965885829575867,0.8122303135743721,0.6196797769929357,0.49,0.62,1,0,2.4,3.0,0,-0.009687719547863669,-0.03227441526238653
2017-08-03,20,0,nested_purged_development_oos,Sideway,Bull,0.3346893198767514,0.2841526701553035,0.18524875818543193,0.22208318615169165,0.20868866177723125,0.23338637121889574,0.2713732601605855,0.2603777724741091,0.4800619219378167,0.4937641436930048,0.6536839682724805,0.5527424160989991,0.49,0.62,1,0,2.4,3.0,0,-0.00729358841848695,-0.03514476878766704
2017-08-04,20,0,nested_purged_development_oos,Sideway,Bull,0.3336042284826617,0.2831416055014162,0.21000638099527844,0.23348236498326627,0.2228087534131864,0.23931080969366222,0.23358063710887353,0.24406521982165535,0.45638939052205996,0.48337602951531755,0.5310136873636968,0.5103497059231438,0.49,0.62,0,0,2.4,3.0,0,6.339505901032641e-05,-0.035385706671242086
2017-08-07,20,0,nested_purged_development_oos,Stress,Bull,0.33837486278925927,0.2854278721987517,0.19142002606117597,0.22511714862477647,0.20414349462005443,0.23123504349811144,0.2660616165295103,0.2582199356783603,0.47020511114956476,0.48945497917647174,0.4674780451125319,0.48914572710818244,0.49,0.62,0,0,2.4,3.0,1,-0.0008452712625350231,-0.04082304540901806
2017-08-08,20,0,nested_purged_development_oos,Stress,Stress,0.2789335826858518,0.26233318611568635,0.1976026415591506,0.2272348175617149,0.23822999064523492,0.24564602782993195,0.2852337851097627,0.2647859684926667,0.5234637757549976,0.5104319963225987,0.5567753613308334,0.5189979439582607,0.49,0.62,1,0,2.4,3.0,1,0.0024982348715479968,-0.03904335985519471
2017-08-09,20,0,nested_purged_development_oos,Bull,Stress,0.19755394739351986,0.22795406621570874,0.19441719377468472,0.22643892066803414,0.30273785766810146,0.2723262061038489,0.305291001163694,0.2732808070124083,0.6080288588317955,0.5456070131162571,0.4401774626300882,0.47997389662255,0.49,0.62,1,0,2.4,3.0,0,0.02937079902962483,-0.016157545366934492
2017-08-10,20,0,nested_purged_development_oos,Bull,Stress,0.19281409540216932,0.22600736441584057,0.20023828065651314,0.22959339725169553,0.2558808135328727,0.25429070389766667,0.3510668104084449,0.2901085344347972,0.6069476239413176,0.5443992383324638,0.5702793830366313,0.5235651216973317,0.49,0.62,1,0,2.4,3.0,0,0.035275435611266386,-0.01586021295357208
2017-08-11,20,0,nested_purged_development_oos,Bull,Stress,0.1871601259331626,0.22388692687337522,0.19516407494052748,0.22782766744169172,0.23989639088631196,0.24828456919136083,0.37777940823999784,0.3000008364935723,0.6176757991263098,0.5482854056849331,0.42709789551567306,0.47554439610993215,0.49,0.62,1,0,2.4,3.0,0,0.03235604479770209,-0.014113216372055796
2017-08-14,20,0,nested_purged_development_oos,Bull,Bear,0.22490765955815065,0.23982880948431154,0.20943349190322466,0.23281027192965537,0.3037789863316303,0.27183078289577456,0.2618798622069944,0.2555301356902585,0.5656588485386247,0.5273609185860331,0.2652850387188453,0.41591654444112364,0.49,0.62,1,0,2.4,3.0,0,0.03016515649992234,-0.0193966131285396
2017-08-15,20,0,nested_purged_development_oos,Bull,Stress,0.1841692096947422,0.22182680919639503,0.1915648792183584,0.22549585313917248,0.30352836716816717,0.2731639019962632,0.3207375439187322,0.2795134356681692,0.6242659110868993,0.5526773376644325,0.2830216831091896,0.4231536238681912,0.49,0.62,1,0,2.4,3.0,0,0.04031451225956736,-0.01279123632027987
2017-08-16,20,0,nested_purged_development_oos,Bull,Bear,0.25192235507830996,0.2513719103430973,0.19741881771354688,0.22709148238900873,0.2894719899690861,0.2663534615340354,0.2611868372390571,0.25518314573385864,0.5506588272081432,0.521536607267894,0.2285785578097333,0.4000032345306861,0.49,0.62,1,0,2.4,3.0,0,0.041464522390618264,-0.016041208429179346
2017-08-17,20,0,nested_purged_development_oos,Bull,Stress,0.192548523320742,0.22616057387601218,0.1809752945574689,0.22039404498492385,0.2850725524442752,0.2663319297289911,0.3414036296775139,0.2871134514100729,0.6264761821217891,0.553445381139064,0.32644531185597214,0.4399326036859943,0.49,0.62,1,0,2.4,3.0,0,0.048604656073705274,-0.00828078120330861
2017-08-18,20,0,nested_purged_development_oos,Bull,Stress,0.21439220479906176,0.23520677754707284,0.21373771661176139,0.23490733152053603,0.260921965420936,0.2552655375864249,0.31094811316824084,0.27462035334596624,0.5718700785891768,0.5298858909323911,0.320074357878915,0.43754209721777704,0.49,0.62,1,0,2.4,3.0,0,0.04934919744647005,-0.010077001814331825
2017-08-21,20,0,nested_purged_development_oos,Bull,Stress,0.20626539921500472,0.23178506242143646,0.20087775548678133,0.22924298491934528,0.27953952432043594,0.26308280324896716,0.313317320977778,0.27588914941025106,0.5928568452982139,0.5389719526592183,0.2692447512834955,0.4175548135539694,0.49,0.62,1,0,2.4,3.0,0,0.04717903981242315,-0.009842895060583362
2017-08-22,20,0,nested_purged_development_oos,Bull,Stress,0.19196960404412028,0.22511817141026522,0.21982296524254574,0.23819216181707709,0.2555700727073712,0.2536254645439882,0.3326373580059628,0.28306420222866946,0.588207430713334,0.5366896667726577,0.204947030808071,0.38891251122313075,0.49,0.62,1,0,2.4,3.0,0,0.0569350749222141,0.006181104512328893
2017-08-23,20,0,nested_purged_development_oos,Bull,Bear,0.2433992782233158,0.2477351338838074,0.20404991892104207,0.23018556104536936,0.29357807851678325,0.26785889738042445,0.25897272433885893,0.25422040769039883,0.5525508028556422,0.5220793050708232,0.3289448274762344,0.4408646222578238,0.49,0.62,1,0,2.4,3.0,0,0.04835614097284656,0.004935709189755941
2017-08-24,20,0,nested_purged_development_oos,Bull,Bull,0.2723570433926271,0.2594275748714173,0.20696497637920683,0.23138333278435635,0.2594430310245132,0.25422946600951835,0.26123494920365287,0.254959626334708,0.520677980228166,0.5091890923442264,0.2787406497661726,0.42143004490589786,0.49,0.62,1,0,2.4,3.0,0,0.04739297682585266,0.002413391595680737
2017-08-25,20,0,nested_purged_development_oos,Bull,Bear,0.26880744339661133,0.2579497939761306,0.21676430866872445,0.23582846304930744,0.27478245629721526,0.2603235141678163,0.239645791637449,0.24589822880674553,0.5144282479346642,0.5062217429745618,0.22257321961865545,0.39725612917325737,0.49,0.62,1,0,2.4,3.0,0,0.043057354355102065,0.0031054720039218474
2017-08-28,20,0,nested_purged_development_oos,Bull,Bull,0.35495832705810954,0.29139958738098554,0.210819627517951,0.2345369624293382,0.24250440703363513,0.24862695450734318,0.19171763839030437,0.2254364956823331,0.4342220454239395,0.47406345018967627,0.17757382605050143,0.374969109466666,0.49,0.62,0,0,2.4,3.0,0,0.03550205080731853,-0.004164282200857504
2017-08-29,20,0,nested_purged_development_oos,Bull,Bear,0.251381974195102,0.25099441804351696,0.20334886570001431,0.2297694257474407,0.27727653399920343,0.26146002990489925,0.26799262610568025,0.2577761263041431,0.5452691601048837,0.5192361562090424,0.22371375207733404,0.3977813757461329,0.49,0.62,1,0,2.4,3.0,0,0.03770252607298487,0.005951018412835604
2017-08-30,20,0,nested_purged_development_oos,Bull,Bull,0.30712145900983734,0.27329402886930826,0.23012528076332367,0.2423275064637707,0.2665222098634626,0.25761619478961906,0.19623105036337646,0.22676226987730203,0.46275326022683905,0.4843784646669211,0.20598668628442254,0.3894171408130747,0.49,0.62,0,0,2.4,3.0,0,0.03305699898998097,0.005264484654657145
2017-08-31,20,0,nested_purged_development_oos,Bull,Bull,0.3241229618891668,0.28034878814545355,0.20769353295484996,0.2328962555199551,0.284887661258081,0.2656747518271366,0.1832958438979023,0.2210802045074548,0.4681835051559833,0.4867549563345914,0.1959582397424797,0.38447821456400477,0.49,0.62,0,0,2.4,3.0,0,0.02729538524551992,0.007597921361072353
2017-09-01,20,0,nested_purged_development_oos,Bull,Bull,0.310777288363641,0.275935442460316,0.25813747118359226,0.25540235325702926,0.2791294873546141,0.2638594618284006,0.15195575309815262,0.20480274245425426,0.43108524045276675,0.4686622042826548,0.1566417117360662,0.3632828958408271,0.49,0.62,0,0,2.4,3.0,0,0.016971292837434915,0.004528672416230451
2017-09-05,20,0,nested_purged_development_oos,Sideway,Bull,0.342380113256746,0.2868701113415904,0.18933436534924722,0.2241226165454199,0.25983145302102734,0.2557181956807394,0.2084540683729795,0.23328907643225025,0.4682855213940068,0.48900727211298967,0.19186567453423714,0.3824148535562578,0.49,0.62,0,0,2.4,3.0,0,0.007155868076500874,0.0015638205802595974
2017-09-06,20,0,nested_purged_development_oos,Bull,Bull,0.37415067901966215,0.2988962190742333,0.19801706937083408,0.22928578252937667,0.2510269166893349,0.2531052492525288,0.1768053349201689,0.21871274914386124,0.4278322516095038,0.47181799839639005,0.14972923532676133,0.35918372658506253,0.49,0.62,0,0,2.4,3.0,0,0.015145267326841943,0.003986749669816703
2017-09-07,20,0,nested_purged_development_oos,Sideway,Bull,0.3438734502413352,0.2871432820909068,0.19714270697085357,0.22773224233488634,0.2392648962611047,0.24686838067652314,0.21971894652670648,0.23825609489768385,0.4589838427878112,0.485124475574207,0.15258106054997153,0.36089084215476247,0.49,0.62,0,0,2.4,3.0,0,0.010624651272339903,0.0009409167731986523
2017-09-08,20,0,nested_purged_development_oos,Sideway,Bull,0.33331928378959824,0.28324562761531574,0.19243944578502678,0.22529967840056442,0.24682362614396317,0.24991893873128523,0.2274176442814119,0.2415357552528346,0.47424127042537506,0.49145469398411984,0.2111857053770789,0.3919162732052292,0.49,0.62,1,0,2.4,3.0,0,0.008203899337649154,-0.0046663873950804164
2017-09-11,20,0,nested_purged_development_oos,Bull,Stress,0.26801724239981073,0.2579092068942641,0.195025792585219,0.2259110087075143,0.26538762655102793,0.2568518230758468,0.2715693384639424,0.2593279613223748,0.5369569650149704,0.5161797843982217,0.25778114159315435,0.41277362502909193,0.49,0.62,1,0,2.4,3.0,0,0.0143052556818004,0.000664381053225999
2017-09-12,20,0,nested_purged_development_oos,Bull,Bull,0.2928838737912106,0.26759799238148574,0.20364185495498538,0.22999638552965534,0.2604519464362271,0.2548274718478427,0.24302232481757696,0.24757815024101618,0.5034742712538041,0.5024056220888589,0.20148010435219293,0.38721760162936575,0.49,0.62,1,0,2.4,3.0,0,0.013299670140791496,-0.0024281274054779637
2017-09-13,20,0,nested_purged_development_oos,Bull,Bull,0.336439527322196,0.28463108041655716,0.1801558141711327,0.21941072368386993,0.2467479941554677,0.2501363135184985,0.2366566643512037,0.24582188238107444,0.48340465850667136,0.49595819589957296,0.14942835027242585,0.35900226808086166,0.49,0.62,1,0,2.4,3.0,0,0.013818235247846807,-0.0059721063568633085
2017-09-14,20,0,nested_purged_development_oos,Sideway,Bull,0.334476709866229,0.2841130241287094,0.17453269586043574,0.21666429954315414,0.22831348733635792,0.2423223720760963,0.2626771069369772,0.25690030425204025,0.49099059427333513,0.49922267632813655,0.19266611541631007,0.3828206956393289,0.49,0.62,1,0,2.4,3.0,0,0.011774342500214705,-0.010372088596813812
2017-09-15,20,0,nested_purged_development_oos,Bull,Bull,0.27748153250549906,0.2614622175263834,0.218800790990323,0.2368182176864148,0.228749317759123,0.24124666859332003,0.27496835874505493,0.2604728961938818,0.503717676504178,0.5017195647872018,0.21636614471024615,0.3943675517022804,0.49,0.62,1,0,2.4,3.0,0,0.018601813754198334,-0.009751795054029832
2017-09-18,20,0,nested_purged_development_oos,Bull,Bull,0.2949777653434383,0.26850025149787193,0.2415987824640768,0.24707111313609814,0.19899060784189548,0.2278834246336217,0.2644328443505895,0.25654521073240827,0.463423452192485,0.48442863536603,0.1846294985656672,0.37869354220245194,0.49,0.62,0,0,2.4,3.0,0,0.01420782211017087,-0.012292557037818017
2017-09-19,20,0,nested_purged_development_oos,Bull,Stress,0.22726277112385185,0.24147327166060967,0.21377305612430667,0.23539433739912094,0.21674655355224373,0.2367531098736499,0.34221761919959776,0.2863792810666194,0.5589641727518415,0.5231323909402693,0.26302931783191563,0.4149771283648459,0.49,0.62,1,0,2.4,3.0,0,0.027366444511069152,-0.009888292650022626
2017-09-20,20,0,nested_purged_development_oos,Bull,Stress,0.24738382525881233,0.24974059913764932,0.23146937820087538,0.24291635233581307,0.20312524055256007,0.23004849474311873,0.3180215559877522,0.27729455378341883,0.5211467965403123,0.5073430485265376,0.205856249968696,0.3893539201423077,0.49,0.62,1,0,2.4,3.0,0,0.026764902794589214,-0.009801432699230157
2017-09-21,20,0,nested_purged_development_oos,Bull,Stress,0.20612174491182292,0.23270088343840242,0.24646818438699752,0.25069565401159166,0.18359182412764483,0.22174406334731925,0.36381824657353473,0.29485939920268656,0.5474100707011795,0.5166034625500058,0.25030568395579944,0.4095899207016354,0.49,0.62,1,0,2.4,3.0,0,0.030623511774881516,-0.0074036032621916815
2017-09-22,20,0,nested_purged_development_oos,Bull,Stress,0.25812224109402626,0.25394656395423637,0.24147208742680487,0.24698825576853353,0.20215004140925333,0.22935727005457937,0.29825563006991557,0.2697079102226507,0.5004056714791689,0.4990651802772301,0.23421866229418395,0.4025429709726108,0.49,0.62,1,0,2.4,3.0,0,0.024126460176272974,-0.011376148304953575
2017-09-25,20,0,nested_purged_development_oos,Bull,Stress,0.212889373523735,0.23487297852700537,0.2736749373847895,0.2607855298117529,0.19606668576423256,0.22695363789419512,0.31736900332724294,0.27738785376704667,0.5134356890914755,0.5043414916612418,0.22268106051842612,0.39730586478331675,0.49,0.62,1,0,2.4,3.0,0,0.017790604676681924,-0.009453917429883623
2017-09-26,20,0,nested_purged_development_oos,Bull,Stress,0.24102743317648495,0.2473823332568296,0.26677545269459785,0.2580685571965507,0.1797189484342796,0.21890470450557536,0.3124781656946376,0.27564440504104426,0.4921971141289172,0.4945491095466196,0.19429472542117485,0.3836429939679728,0.49,0.62,1,0,2.4,3.0,0,0.024397287583056863,-0.009168368086879443
2017-09-27,20,0,nested_purged_development_oos,Bull,Stress,0.23621341507206195,0.2475554043707567,0.2671595267596976,0.26058532612269325,0.13559224848113463,0.19643854341298267,0.36103480968710583,0.2954207260935674,0.4966270581682405,0.49185926950655007,0.19839011092720915,0.38569083153955885,0.49,0.62,1,0,2.4,3.0,0,0.032943522130864024,-0.007204561151688256
2017-09-28,20,0,nested_purged_development_oos,Bull,Stress,0.2522705955539364,0.2542628049554968,0.2719561551165239,0.26234911815470674,0.1320267660590901,0.19413964484992546,0.3437464832704496,0.28924843203987094,0.4757732493295397,0.4833880768897964,0.17627218197267058,0.3742710655530794,0.49,0.62,0,0,2.4,3.0,0,0.030939572198456344,-0.008510052481519854
2017-09-29,20,0,nested_purged_development_oos,Bull,Stress,0.22288162324794197,0.2437502982369646,0.31972079789187263,0.28329272153483714,0.1044688271492126,0.17775644091759407,0.35292875171097277,0.2952005393106042,0.4573975788601854,0.47295698022819826,0.14332398867137175,0.3552630221108559,0.49,0.62,0,0,2.4,3.0,0,0.04372075020515102,-0.008012923391715962
2017-10-02,20,0,nested_purged_development_oos,Bull,Stress,0.22051972260231095,0.24225667600998863,0.2813401311283501,0.2681343932935226,0.11486262141535303,0.1846065572693229,0.38327752485398603,0.30500237342716585,0.49814014626933906,0.48960893069648875,0.18493610089212462,0.37885318483855723,0.49,0.62,0,0,2.4,3.0,0,0.05217793594738935,-0.00528675234470351
2017-10-03,20,0,nested_purged_development_oos,Bull,Stress,0.26088537391924,0.25857159369560606,0.24267819008567595,0.2508935916348412,0.12722535075233207,0.191704561871952,0.36921108524275204,0.29883025279760084,0.49643643599508414,0.49053481466955284,0.0964225023742231,0.3217209790822477,0.49,0.62,1,0,2.4,3.0,0,0.048049945174088816,0.009019353445915153
2017-10-04,20,0,nested_purged_development_oos,Bull,Bull,0.3546093238336594,0.29160408914592706,0.2238332189011745,0.24073150938437266,0.17260335083886574,0.2160237777142657,0.24895410642630045,0.2516406237554345,0.4215574572651662,0.46766440146970023,0.15709915178742548,0.3635496048325634,0.49,0.62,0,0,2.4,3.0,0,0.044961072046690656,-0.0005338663846853598
2017-10-05,20,0,nested_purged_development_oos,Bull,Bull,0.31141458784490483,0.27600288079700575,0.2109842464136486,0.23467125550684234,0.17172582962278196,0.21537926691358317,0.3058753361186646,0.27394659678256866,0.4776011657414465,0.48932586369615183,0.17663996218345718,0.3744686543826265,0.49,0.62,0,0,2.4,3.0,0,0.034013728652157516,0.0031865522335884668
2017-10-06,20,0,nested_purged_development_oos,Bull,Bull,0.3444857643897504,0.2877019141786483,0.23491130352802667,0.24528143746153044,0.17700388561662805,0.21799551148149615,0.24359904646559488,0.24902113687832506,0.42060293208222294,0.4670166483598212,0.08397031269014714,0.31076859870308915,0.49,0.62,0,0,2.4,3.0,0,0.04351803507278628,0.0014349689490708367
2017-10-09,20,0,nested_purged_development_oos,Bull,Bull,0.3674287403216668,0.2962591882903957,0.22869828528889877,0.24315091348182474,0.17328148790244283,0.21660231659383325,0.23059148648699163,0.24398758163394618,0.4038729743894345,0.4605898982277794,0.06122536412539512,0.2869988894079525,0.49,0.62,0,0,2.4,3.0,0,0.04841571568174974,0.0020869229176949076
2017-10-10,20,0,nested_purged_development_oos,Bull,Bull,0.3942820519877794,0.30716363709287287,0.2653499833336231,0.2604402828199683,0.15396298982529596,0.20759028320446252,0.18640497485330154,0.22480579688269625,0.34036796467859753,0.4323960800871588,0.020676150084864117,0.2165373218342002,0.49,0.62,0,0,2.4,3.0,0,0.04778811443858014,0.0040625440584408905
2017-10-11,20,0,nested_purged_development_oos,Bull,Bull,0.38016072783987065,0.3028270865507283,0.268596452585455,0.2620194179131938,0.1289570136779477,0.19300138861229985,0.2222858058967267,0.242152106923778,0.3512428195746744,0.43515349553607785,0.017392427000434304,0.20673411085368848,0.49,0.62,0,0,2.4,3.0,0,0.05468455212587943,0.0023560894923181953
2017-10-12,20,0,nested_purged_development_oos,Bull,Bull,0.3710679419855623,0.2993455309212044,0.2783619719311952,0.26555509649061737,0.13463093829710499,0.19620536455624749,0.21593914778613754,0.2388940080319308,0.3505700860832425,0.4350993725881783,0.020548708171373213,0.2161805417874736,0.49,0.62,0,0,2.4,3.0,0,0.05314236884673774,0.004353948050960436
2017-10-13,20,0,nested_purged_development_oos,Bull,Bull,0.44155059809647496,0.3256515955104636,0.25410551950280924,0.2586826010717857,0.12088593430017991,0.18981677167788402,0.18345794810053595,0.22584903173986676,0.30434388240071586,0.4156658034177508,0.014316337422567731,0.1961323895418228,0.49,0.62,0,0,2.4,3.0,0,0.05597141462451456,-0.0018532296602393758
2017-10-16,20,0,nested_purged_development_oos,Bull,Bull,0.3513804537103597,0.29100883222094887,0.24339879707967452,0.24972662546412797,0.15301244702862132,0.20581087579325752,0.2522083021813445,0.2534536665216656,0.4052207492099658,0.45926454231492314,0.012618485344999689,0.18949453611763273,0.49,0.62,0,0,2.4,3.0,0,0.07056264948375038,0.0007441429585766548
2017-10-17,20,0,nested_purged_development_oos,Bull,Bull,0.4516669553412234,0.328670134731244,0.20942492263607018,0.23860585435912365,0.1225355014803019,0.19085128226847609,0.21637262054240444,0.2418727286411562,0.33890812202270637,0.4327240109096323,0.013339325351598333,0.19239281755012294,0.49,0.62,0,0,2.4,3.0,0,0.06158077750484932,-0.01001021505452634
2017-10-18,20,0,nested_purged_development_oos,Bull,Bull,0.40668829497448106,0.311467807166225,0.1986542935127694,0.23107960500140834,0.1490791825125903,0.20502707659589425,0.24557822900015927,0.25242551123647244,0.3946574115127496,0.4574525878323667,0.020197558390414,0.21518840341467793,0.49,0.62,0,0,2.4,3.0,0,0.06418583366674384,-0.009321813387253717
2017-10-19,20,0,nested_purged_development_oos,Bull,Bull,0.3865127051363449,0.3044502721401992,0.22319199226055542,0.24218517093866454,0.1395417132513377,0.19913983753875872,0.25075358935176206,0.25422471938237756,0.39029530260309975,0.4533645569211363,0.01023570886144415,0.1788936049200071,0.49,0.62,0,0,2.4,3.0,0,0.07422687914016433,-0.010782592930507647
2017-10-20,20,0,nested_purged_development_oos,Bull,Stress,0.321932987203695,0.2814252648692866,0.21394031376348055,0.23736466146905985,0.140289683396456,0.19909248013158784,0.32383701563636846,0.28211759353006577,0.46412669903282444,0.4812100736616536,0.013392406996159645,0.19260138122927004,0.49,0.62,0,0,2.4,3.0,0,0.07438523731903064,-0.008258086374660925
2017-10-23,20,0,nested_purged_development_oos,Bull,Stress,0.29873152849087825,0.27297860109108707,0.19125075877218112,0.22668849610588357,0.15185791274426647,0.20591773666251173,0.35815979999267417,0.2944151661405176,0.5100177127369406,0.5003329028030293,0.023018386439914256,0.2228054893851985,0.49,0.62,1,0,2.4,3.0,0,0.09697832928779866,0.006321133563370733
2017-10-24,20,0,nested_purged_development_oos,Bull,Bull,0.3681090129162471,0.29693849359810087,0.2250973831749118,0.24191566913376705,0.1594500547913198,0.20954144125920512,0.2473435491175213,0.25160439600892687,0.4067936039088411,0.46114583726813196,0.021396031373770677,0.21852082329757985,0.49,0.62,0,0,2.4,3.0,0,0.10684988149973147,0.005883969010039807
2017-10-25,20,0,nested_purged_development_oos,Bull,Bull,0.3839001261983453,0.3024046192451505,0.20906611697523053,0.2347554427108895,0.1711722064147097,0.21598719359318455,0.23586155041171433,0.24685274445077557,0.40703375682642406,0.4628399380439601,0.023461911476254708,0.22393534227422407,0.49,0.62,0,0,2.4,3.0,0,0.11578403783657823,-0.0006984586025760792
2017-10-26,20,0,nested_purged_development_oos,Bull,Bull,0.35379036000129677,0.2928525208722566,0.18001818445058554,0.22099712608873118,0.16002666417645792,0.21041899834795838,0.30616479137165986,0.2757313546910539,0.4661914555481178,0.48615035303901233,0.030095067521200017,0.23910142123802466,0.49,0.62,0,0,2.4,3.0,0,0.11759696536009517,0.0035834574180967
2017-10-27,20,0,nested_purged_development_oos,Bull,Bull,0.38402790897826095,0.3033835239326133,0.182496113057111,0.22251698728598296,0.1605937888941902,0.2109734510189313,0.2728821890704379,0.2631260377624724,0.4334759779646281,0.47409948878140373,0.05071620468199906,0.2735893079213751,0.49,0.62,0,0,2.4,3.0,0,0.10731369816421926,-0.008700591498794185
2017-10-30,20,0,nested_purged_development_oos,Bull,Bull,0.37497877032913723,0.29941346868227153,0.17193141290414057,0.216354813742334,0.19457462358024694,0.22780039102394403,0.25851519318647537,0.2564313265514505,0.45308981676672233,0.4842317175753945,0.06187365973486043,0.28776507813461877,0.49,0.62,0,0,2.4,3.0,0,0.10482677172743919,-0.014431606194020018
2017-10-31,20,0,nested_purged_development_oos,Bull,Bull,0.2827109460663093,0.26429167853161606,0.17358077558537668,0.21568324358166652,0.27393183512220937,0.260840549895533,0.26977644322610467,0.25918452799118435,0.543708278348314,0.5200250778867174,0.10451462278719076,0.3282715583477237,0.49,0.62,1,0,2.4,3.0,0,0.11700773890724928,-0.005016863076016063
2017-11-01,20,0,nested_purged_development_oos,Bull,Bull,0.333834076149237,0.2835401263847349,0.2475594357493888,0.2503282537535604,0.23255894876964223,0.24389273165816894,0.18604753933173193,0.22223888820353574,0.41860648810137413,0.4661316198617047,0.04743361610705614,0.26895265323445094,0.49,0.62,0,0,2.4,3.0,0,0.1220891934757057,-0.011481209779218507
2017-11-02,20,0,nested_purged_development_oos,Bull,Stress,0.262759141038221,0.2565578371847174,0.17628256972055845,0.2172484869579955,0.24440087325575321,0.24893101067517318,0.3165574159854673,0.27726266518211395,0.5609582892412206,0.5261936758572872,0.7472004242246579,0.589341898635442,0.49,0.62,1,0,2.4,3.0,0,0.1312466181213637,0.012690858654217072
2017-11-03,20,0,nested_purged_development_oos,Bull,Bull,0.33745043596365926,0.2848729777933745,0.18914936841262378,0.22382012353454253,0.24959833334628234,0.2512355689359868,0.2238018622774346,0.24007132973609607,0.47340019562371694,0.4913068986720829,0.6471944755446475,0.5503891845590636,0.49,0.62,1,0,2.4,3.0,0,0.1294444371912882,0.006332649558034385
2017-11-06,20,0,nested_purged_development_oos,Bull,Bull,0.3502066131552688,0.28991937050791833,0.18261907703522354,0.22103089553952515,0.259892723774419,0.2560391089560963,0.20728158603508873,0.23301062499646022,0.46717430980950775,0.48904973395255646,0.6285478941854357,0.5437207473587548,0.49,0.62,0,0,2.4,3.0,0,0.1331515020814369,0.0014593216745251917
2017-11-07,20,0,nested_purged_development_oos,Bull,Bull,0.35672174474936463,0.29245455674583876,0.16863003754222652,0.21403130016172148,0.24416748181932443,0.24972249161289242,0.23048073588908446,0.24379165147954734,0.4746482177084089,0.4935141430924398,0.6202520664621128,0.5407939749836229,0.49,0.62,1,0,2.4,3.0,0,0.1143051400648742,0.01095898174574021
2017-11-08,20,0,nested_purged_development_oos,Bull,Bull,0.3906104705441221,0.3053455137974426,0.15238802835019485,0.20628189587215834,0.23530528587653565,0.2472168839499496,0.22169621522914734,0.24115570638044942,0.457001501105683,0.48837259033039904,0.5424896645396322,0.5141936487304812,0.49,0.62,0,0,2.4,3.0,0,0.0973911921170914,0.0008139062131764306
2017-11-09,20,0,nested_purged_development_oos,Bull,Bull,0.3436314072372204,0.2877536453252526,0.16581208586639,0.21240051025956533,0.2603903964456187,0.2563456078778761,0.23016611045077084,0.24350023653730588,0.4905565068963895,0.499845844415182,0.518681616314832,0.50622978321509,0.49,0.62,1,0,2.4,3.0,0,0.08704527537679613,0.009036223488976682
2017-11-10,20,0,nested_purged_development_oos,Bull,Bull,0.37023988822263393,0.2982924814154783,0.1447218934253628,0.20168034208207072,0.254150202265183,0.25501280946983135,0.23088801608682027,0.2450143670326196,0.4850382183520032,0.500027176502451,0.4609309402430482,0.4869533404586995,0.49,0.62,1,0,2.4,3.0,0,0.07961645266290615,0.012738005198996446
2017-11-13,20,0,nested_purged_development_oos,Bull,Bull,0.4043606620832397,0.3108444900231681,0.1391093009686022,0.19927578827813205,0.2246736578021089,0.24333403848290439,0.23185637914604923,0.24654568321579534,0.45653003694815814,0.48987972169869975,0.49593990081446504,0.4986466071630348,0.49,0.62,0,0,2.4,3.0,0,0.04242645644941449,0.0017724860342018419
2017-11-14,20,0,nested_purged_development_oos,Bull,Bull,0.4262884086121546,0.3198720753578023,0.11898301626748889,0.18795415569910656,0.21542643875037143,0.24069908762981052,0.23930213636998512,0.2514746813132806,0.4547285751203566,0.4921737689430911,0.5250688308315943,0.5083625096164953,0.49,0.62,1,0,2.4,3.0,0,0.05127910425395015,0.0019166544946218964
2017-11-15,20,0,nested_purged_development_oos,Bull,Bull,0.4279121487494461,0.32076043115206043,0.11680987230438536,0.18673806048876834,0.20359308462117015,0.23537895169373213,0.25168489432499835,0.2571225566654392,0.4552779789461685,0.49250150835917134,0.4884581209215812,0.4961520993663796,0.49,0.62,1,0,2.4,3.0,0,0.046284111789853755,0.009135676639694001
2017-11-16,20,0,nested_purged_development_oos,Bull,Bull,0.4585358270326346,0.33150491918400415,0.12429350108253198,0.1924293392125703,0.1758159928575107,0.2223440115320096,0.24135467902732263,0.2537217300714159,0.41717067188483337,0.4760657416034255,0.4479693012360105,0.4826004492294651,0.49,0.62,0,0,2.4,3.0,0,0.04709261559785866,-0.00236614837698056
2017-11-17,20,0,nested_purged_development_oos,Bull,Bull,0.3754758284197814,0.3021843399546157,0.12645390939001602,0.192014740318426,0.19012711719887335,0.22757845977805738,0.3079431449913293,0.278222459948901,0.4980702621902027,0.5058009197269584,0.5052035731070771,0.5017345800358023,0.49,0.62,1,0,2.4,3.0,0,0.048721194393403985,0.014335005594107077
2017-11-20,20,0,nested_purged_development_oos,Bull,Bull,0.482828263116684,0.34154134375994166,0.10255332288403797,0.17909854375625472,0.1815154988480779,0.22720107311425125,0.23310291515120013,0.25215903936955253,0.414618413999278,0.4793601124838038,0.45134788891835614,0.48373689312513574,0.49,0.62,0,0,2.4,3.0,0,0.05857895764564794,0.015266633686789648
2017-11-21,20,0,nested_purged_development_oos,Bull,Bull,0.517837177311667,0.35438997989755805,0.10476715719075251,0.18210760082018404,0.15426096242530754,0.21396411323456863,0.22313470307227287,0.24953830604768923,0.3773956654975804,0.4635024192822579,0.44181493966276675,0.4805265675424514,0.49,0.62,0,0,2.4,3.0,0,0.03543147081005461,-0.0009260520885138314
2017-11-22,20,0,nested_purged_development_oos,Bull,Bull,0.5949272645260361,0.38414341435450533,0.09790434519545249,0.18112049578222486,0.12215164871466323,0.19861322688715197,0.18501674156384815,0.23612286297611776,0.3071683902785114,0.4347360898632697,0.6553635512098814,0.5533544293360662,0.49,0.62,0,0,2.4,3.0,0,0.022109194093518712,-0.016442636037976684
2017-11-23,20,0,nested_purged_development_oos,Sideway,Bull,0.5818707071756493,0.380188167464579,0.09356553565402867,0.17753576345507718,0.11686585994992033,0.19477090473942185,0.20769789722040174,0.24750516434092193,0.32456375717032204,0.4422760690803438,0.6810474784884066,0.5628811197027508,0.49,0.62,0,0,2.4,3.0,0,0.013150804497866889,-0.017557104958917647
2017-11-24,20,0,nested_purged_development_oos,Bull,Bull,0.575120570557448,0.3786297320342116,0.09938924995353435,0.18219645696126555,0.10066601768533691,0.18316804439055692,0.22482416180368073,0.25600576661396596,0.32549017948901765,0.4391738110045229,0.6922942569456244,0.5671638645676736,0.49,0.62,0,0,2.4,3.0,0,0.017745143553722587,-0.019557886679932367
2017-11-27,20,0,nested_purged_development_oos,Bull,Bull,0.5603922671671308,0.37267406638351885,0.10386080470828174,0.1846342717236559,0.10399184664066702,0.18473130036251015,0.23175508148392052,0.2579603615303152,0.3357469281245875,0.4426916618928254,0.8251560262037807,0.6264989223547831,0.49,0.62,0,1,2.4,3.0,0,0.020771258971500003,-0.02280197493837821
2017-11-28,20,0,nested_purged_development_oos,Bull,Bull,0.587186233515571,0.38218415286042323,0.10133939988378061,0.18380487879525334,0.1058964605181895,0.18720466492041066,0.20557790608245885,0.2468063034239127,0.31147436660064837,0.43401096834432334,0.7006440351767304,0.5703931878906737,0.49,0.62,0,0,2.4,3.0,0,0.02592508628762928,-0.02556819900018431
2017-11-29,20,0,nested_purged_development_oos,Bull,Bull,0.6281499404732422,0.3991218533269571,0.0897182612172113,0.1773969477081596,0.09832383301763527,0.1842978589607612,0.1838079652919112,0.23918334000412217,0.2821317983095465,0.42348119896488334,0.4827941414727184,0.49426270019343715,0.49,0.62,0,0,2.4,3.0,0,0.016995098210437452,-0.03711400027184329
2017-11-30,20,0,nested_purged_development_oos,Bull,Bull,0.5019805053812351,0.3493726061086683,0.10567409821476627,0.18252522425136483,0.14325252305258626,0.20719468531198496,0.24909287335141236,0.2609074843279819,0.3923453964039986,0.46810216963996687,0.6165561871170951,0.5394972316870755,0.49,0.62,0,0,2.4,3.0,0,0.02781172169135468,-0.034790215138282746
2017-12-01,20,0,nested_purged_development_oos,Stress,Bull,0.6317622928566745,0.3997944752871599,0.09889711211516083,0.18461454617316303,0.09601388776295877,0.18235258993262923,0.17332670726520588,0.2332383886070478,0.26934059502816465,0.415590978539677,0.3900349969664997,0.46280507968387835,0.49,0.62,0,0,2.4,3.0,1,0.024592794358526612,-0.04567889286242426
2017-12-04,20,0,nested_purged_development_oos,Stress,Bull,0.6459008815293059,0.4128480401509714,0.06883500913180178,0.16242081463550556,0.06995497872801942,0.16351673510890255,0.21530913061087292,0.2612144101046205,0.28526410933889235,0.42473114521352306,0.6008866163354102,0.5340439702866114,0.49,0.62,0,0,2.4,3.0,1,0.026199617381267252,-0.05571860731060735
2017-12-05,20,0,nested_purged_development_oos,Bull,Bull,0.42740429222652865,0.32409108965658684,0.0984420074797364,0.17578268084874074,0.15911770879762022,0.2147172517751396,0.3150359914961148,0.28540897771953294,0.474153700293735,0.5001262294946726,0.5760117236574791,0.525513007108401,0.49,0.62,1,0,2.4,3.0,0,0.05347961553680419,-0.038331566968569715
2017-12-06,20,0,nested_purged_development_oos,Bull,Bull,0.4061722792418971,0.3131888774407658,0.12510593686814167,0.19173858291007698,0.18230538372854102,0.22430734904389363,0.2864164001614203,0.2707651906052637,0.46872178388996133,0.4950725396491573,0.5002154670781218,0.5000718223633258,0.49,0.62,1,0,2.4,3.0,0,0.073338094900178,-0.03237660076652726
2017-12-07,20,0,nested_purged_development_oos,Bull,Stress,0.2927861086902362,0.2697600077869488,0.15407791831775686,0.2064461104180088,0.21653404636711895,0.23789434423774014,0.336601926624888,0.28589953755730224,0.553135972992007,0.5237938817950424,0.6189788634541512,0.5403467739307243,0.49,0.62,1,0,2.4,3.0,0,0.07588326338561806,-0.022844590239408505
2017-12-08,20,0,nested_purged_development_oos,Bull,Bull,0.32169973912863137,0.2794061141410481,0.17685038871619294,0.21775457314513313,0.22129606817762038,0.23907664397857495,0.2801538039775554,0.26376266873524384,0.5014498721551758,0.5028393127138188,0.4928066827379665,0.49760208051661803,0.49,0.62,1,0,2.4,3.0,0,0.08434693591750393,-0.02445199101449514
2017-12-11,20,0,nested_purged_development_oos,Bull,Stress,0.20979774784878844,0.23404836892349382,0.20964349947012914,0.23397665436656312,0.21965827889147102,0.2385705142195012,0.3609004737896114,0.2934044624904419,0.5805587526810824,0.5319749767099431,0.4083132675790653,0.46912743728814427,0.49,0.62,1,0,2.4,3.0,0,0.11916635005811989,0.00754679586926295
2017-12-12,20,0,nested_purged_development_oos,Bull,Bull,0.30650698665894033,0.2728469246334089,0.2318988668358775,0.24290884726926698,0.20734837013581567,0.23184309518722704,0.2542457763693665,0.25240113291009714,0.46159414650518216,0.48424422809732415,0.2967135029528734,0.4285754212590133,0.49,0.62,0,0,2.4,3.0,0,0.11293381476643753,-0.0030783379694745215
2017-12-13,20,0,nested_purged_development_oos,Bull,Bear,0.21146609705584438,0.23341160500666017,0.2538628996554294,0.2518769820555019,0.27135431930193576,0.25896780381927725,0.26331668398679053,0.2557436091185607,0.5346710032887263,0.514711412937838,0.3829823602433753,0.46034109411116664,0.49,0.62,1,0,2.4,3.0,0,0.12565618706599366,0.011572759243244145
2017-12-14,20,0,nested_purged_development_oos,Bull,Bull,0.26769277690152715,0.2573878592628848,0.2463844112637581,0.2486441792308669,0.26348980417600315,0.2556962596866444,0.22243300765871166,0.23827170181960397,0.4859228118347148,0.49396796150624833,0.42623484100152526,0.4752510985011603,0.49,0.62,1,0,2.4,3.0,0,0.11519499234428067,-0.0007375695814352092
2017-12-15,20,0,nested_purged_development_oos,Bull,Stress,0.20243151699714093,0.2295043106010624,0.23172138938281878,0.24279748167127826,0.2781873819112189,0.262008604672722,0.2876597117088214,0.2656896030549373,0.5658470936200403,0.5276982077276593,0.46109246709613183,0.4870074753956255,0.49,0.62,1,0,2.4,3.0,0,0.12857478785423704,0.01158835434427728
2017-12-18,20,0,nested_purged_development_oos,Bull,Bull,0.38765132992173323,0.3035328082454302,0.22180164125599708,0.24053249461218387,0.2087141410429723,0.2345137916999916,0.18183288777929735,0.22142090544239432,0.39054702882226966,0.4559346971423859,0.5154038054804009,0.5051360465282837,0.49,0.62,0,0,2.4,3.0,0,0.10390234179323155,-0.012604414502073672
2017-12-19,20,0,nested_purged_development_oos,Bull,Bear,0.26838591514333887,0.2577414098241504,0.2330233764898276,0.2430062465664636,0.27450109416016155,0.2601722760023934,0.22408961420667206,0.23908006760699269,0.4985907083668336,0.4992523436093861,0.6998126297600489,0.5700696334738073,0.49,0.62,1,0,2.4,3.0,0,0.0839015384975781,-0.005649613441783947
2017-12-20,20,0,nested_purged_development_oos,Bull,Bear,0.27969402942764277,0.26277964760057765,0.24860044407363652,0.2501878333266959,0.2837413948996767,0.26435742877174356,0.18796413159904404,0.22267509030098293,0.4717055264987208,0.4870325190727265,0.6750292481611645,0.5606187536795044,0.49,0.62,0,0,2.4,3.0,0,0.09663359738703338,-0.007843920674710807
2017-12-21,20,0,nested_purged_development_oos,Bull,Bear,0.2201761306541016,0.23740367317752126,0.2738639579716795,0.25999961389635,0.2757612544052554,0.2607486220323429,0.23019865696896355,0.2418480908937858,0.5059599113742189,0.5025967129261287,0.6644695164239918,0.5566948117406464,0.49,0.62,1,0,2.4,3.0,0,0.11566912101294423,0.006595120776870579
2017-12-22,20,0,nested_purged_development_oos,Bull,Sideway,0.26341185569131403,0.2562071051576046,0.2802304028952397,0.26290033631979476,0.2675424244083048,0.2578735078178884,0.1888153170051415,0.2230190507047122,0.4563577414134463,0.4808925585226006,0.5656804671366539,0.5220065117717457,0.49,0.62,0,0,2.4,3.0,0,0.13266208427392442,0.006270203676223206
2017-12-25,20,0,nested_purged_development_oos,Bull,Bear,0.27030997739802504,0.260013585844012,0.2723836069584172,0.260842834955768,0.29950706542414024,0.2713666388808519,0.15779935021941763,0.20777694031936814,0.4573064156435579,0.47914357920022,0.6289806320489526,0.5438740539868897,0.49,0.62,0,0,2.4,3.0,0,0.14204008150479525,0.007920051377935255
2017-12-26,20,0,nested_purged_development_oos,Bull,Bull,0.3786908532021608,0.3013188030823397,0.23336916767576021,0.24627803289276481,0.24304055543038125,0.25048037567491444,0.14489942369169775,0.20192278834998104,0.387939979122079,0.45240316402489544,0.6660986127872535,0.5572965427394384,0.49,0.62,0,0,2.4,3.0,0,0.1440921424369906,0.002615813194467048
2017-12-27,20,0,nested_purged_development_oos,Bull,Bull,0.3343012132413128,0.2838634978674949,0.22720670729022135,0.24167267433294895,0.25719412496681376,0.254484208336765,0.18129795450165198,0.21997961946279124,0.43849207946846575,0.4744638277995562,0.7445173926959658,0.5881995304710814,0.49,0.62,0,0,2.4,3.0,0,0.13622791687855754,0.00849283834735672
2017-12-28,20,0,nested_purged_development_oos,Bull,Bull,0.3599396362226557,0.2934156888746509,0.23947122381320765,0.2475957525601389,0.22237550216327542,0.2400714562890568,0.1782136378008613,0.21891710227615335,0.4005891399641367,0.45898855856521015,0.8726509329070415,0.6551002730060704,0.49,0.62,0,1,2.4,3.0,0,0.12841965223067353,0.007669750391313547
2017-12-29,20,0,nested_purged_development_oos,Bull,Bull,0.3441803264579952,0.2871735754231163,0.21485462636087083,0.23598111750354636,0.23433534903002565,0.244671120159523,0.2066296981511084,0.23217418691381447,0.44096504718113405,0.4768453070733375,0.8979266089359002,0.6736628589045077,0.49,0.62,0,1,2.4,3.0,0,0.1205697962970256,0.011646537470923812
2018-01-02,20,0,nested_purged_development_oos,Bull,Bull,0.3926528605491461,0.3053262508487117,0.22066399096784176,0.24014963885034452,0.19837284378581693,0.22972666997517383,0.1883103046971952,0.22479744032577,0.3866831484830121,0.45452411030094386,0.8707955024265824,0.6538495082676447,0.49,0.62,0,1,2.4,3.0,0,0.09924910655462262,0.00989295781349941
2018-01-03,20,0,nested_purged_development_oos,Bull,Bull,0.4229999224983743,0.3169456237596632,0.19289781468340447,0.22850516331499954,0.15934215517039022,0.21101537138034643,0.22476010764783105,0.24353384154499094,0.38410226281822124,0.45454921292533734,0.8889159249192664,0.6666869455399407,0.49,0.62,0,1,2.4,3.0,0,0.09422754735536777,0.006916671119652445
2018-01-04,20,0,nested_purged_development_oos,Bull,Bull,0.4546638782077272,0.3289564008567655,0.1935608998497826,0.23046660264017363,0.13956642493539836,0.20110647348230937,0.21220879700709191,0.2394705230207516,0.3517752219424903,0.440576996503061,0.8713018306507695,0.6541895133420235,0.49,0.62,0,1,2.4,3.0,0,0.028003338212752034,-0.006986842041678716
2018-01-05,20,0,nested_purged_development_oos,Sideway,Bull,0.37619771292308896,0.2998081023643779,0.18899482193187184,0.22504745015842786,0.17732288476941416,0.21914856488653592,0.257484580375625,0.2559958825906584,0.43480746514503915,0.4751444474771943,0.8926396596025399,0.6695161245687165,0.49,0.62,0,1,2.4,3.0,0,-0.001037421360179052,-0.001037421360179052
2018-01-08,20,0,nested_purged_development_oos,Sideway,Bull,0.4932899342950776,0.34338352888838053,0.15832122298490683,0.21385930959696878,0.13828464053176953,0.20213553311997845,0.21010420218824594,0.2406216283946722,0.34838884272001547,0.4427571615146506,0.8674581726203484,0.6516325479529899,0.49,0.62,0,1,2.4,3.0,0,0.017107689036458262,-0.011108494667151532
2018-01-09,20,0,nested_purged_development_oos,Sideway,Bull,0.5429382335083379,0.3619860763387888,0.1536502230480283,0.2139281915290117,0.12594538965899663,0.19691938445207674,0.17746615378463726,0.22716634768012267,0.30341154344363386,0.4240857321321994,0.694466529853339,0.5679997665046099,0.49,0.62,0,0,2.4,3.0,0,-0.010025317216570129,-0.02147591779327238
2018-01-10,20,0,nested_purged_development_oos,Bear,Bull,0.5171089645656759,0.3527518506489668,0.14944474289048587,0.210302147411319,0.125895851318581,0.19580098141369867,0.20755044122525731,0.2411450205260156,0.3334462925438383,0.4369460019397143,0.763757148909493,0.5965546592507233,0.49,0.62,0,0,2.4,3.0,1,-0.03346949362639554,-0.03346949362639554
2018-01-11,20,0,nested_purged_development_oos,Sideway,Bull,0.562336844982308,0.37066209100154796,0.12895034641292338,0.200673023227557,0.1127904446705165,0.1897840637637972,0.19592236393425227,0.2388808220070978,0.3087128086047688,0.428664885770895,0.5707309844940951,0.5237183660733414,0.49,0.62,0,0,2.4,3.0,0,-0.0061053989725540474,-0.04311352795647718
2018-01-12,20,0,nested_purged_development_oos,Sideway,Bull,0.5067770993733851,0.3489060758753765,0.1566464565144819,0.21392015097236847,0.12493512264676591,0.1946794085719028,0.2116413214653672,0.24249436458035228,0.3365764441121331,0.4371737731522551,0.6323081308650967,0.5450550847594476,0.49,0.62,0,0,2.4,3.0,0,0.009119238109914893,-0.04496266205944362
2018-01-15,20,0,nested_purged_development_oos,Stress,Bull,0.6406801479808792,0.4029203928425825,0.10704919149722417,0.1911811782608462,0.09300331691121289,0.1802988969432608,0.15926734361068376,0.2255995319533106,0.2522706605218966,0.40589842889657135,0.5984834916574308,0.533213542408842,0.49,0.62,0,0,2.4,3.0,1,0.022022446583360916,-0.05760488798796472
2018-01-16,20,0,nested_purged_development_oos,Stress,Bull,0.5041868107841262,0.3493330557584613,0.1327734565354818,0.20035011292862695,0.1222207841025402,0.19355467995724648,0.24081894857785177,0.25676215135566516,0.36303973268039197,0.45031683131291167,0.6821528428907853,0.5632988075154249,0.49,0.62,0,0,2.4,3.0,1,0.0122208730909004,-0.057125210773310314
2018-01-17,20,0,nested_purged_development_oos,Bull,Bull,0.3583758284185551,0.29427269276327106,0.17021191375284161,0.2157850314550418,0.17324628845836837,0.21737961182642296,0.29816596937023493,0.27256266395526424,0.4714122578286033,0.4899422757816872,0.7853526215922477,0.6064415474983812,0.49,0.62,0,0,2.4,3.0,0,0.06379587333148774,-0.03016960641736702
2018-01-18,20,0,nested_purged_development_oos,Bull,Bull,0.5112301724741718,0.34957673796425237,0.15801137321616293,0.2143248217402674,0.14552847214619372,0.2071002614770478,0.18522998216347156,0.22899817881843243,0.3307584543096653,0.4360984402954802,0.7611307501696728,0.5953907859705637,0.49,0.62,0,0,2.4,3.0,0,0.05940456031455574,-0.04509597253974928
2018-01-19,20,0,nested_purged_development_oos,Bull,Bull,0.5086896001269182,0.3502070069651657,0.14777590374934452,0.20923659794944136,0.12044661979677941,0.1921471277474813,0.22308787632695784,0.2484092673379116,0.34353449612373727,0.4405563950853929,0.7341434804606763,0.5838461723366226,0.49,0.62,0,0,2.4,3.0,0,0.05276057636206231,-0.056287575490949183
2018-01-22,20,0,nested_purged_development_oos,Stress,Bull,0.579249576843786,0.3765991879627317,0.1294476114875619,0.2017086445489205,0.11682306901106249,0.1932660549757924,0.1744797426575897,0.22842611251255537,0.2913028116686522,0.4216921674883478,0.666735111766735,0.5575319945153043,0.49,0.62,0,0,2.4,3.0,1,0.030894822803741808,-0.07987565952879998
2018-01-25,20,0,nested_purged_development_oos,Stress,Bull,0.5798433812277711,0.37673809910706807,0.13929480011789078,0.2079535277942912,0.11267093442873787,0.1903626340310457,0.16819088422560022,0.22494573906759505,0.28086181865433807,0.41530837309864077,0.6408499410043741,0.5481053275989107,0.49,0.62,0,0,2.4,3.0,1,0.010106555246028994,-0.09552386043589407
2018-01-26,20,0,nested_purged_development_oos,Stress,Bull,0.596693189114728,0.3831844779011505,0.1324569230069864,0.20466460135501133,0.11661257122658665,0.19408361052144815,0.1542373166516989,0.21806731022238998,0.27084988787828557,0.41215092074383813,0.7321303329923483,0.5830125695877051,0.49,0.62,0,0,2.4,3.0,1,0.004980228010432831,-0.10549597274602475
2018-01-29,20,0,nested_purged_development_oos,Stress,Bull,0.4772451023944881,0.3368906005185542,0.1492626577212385,0.2075676164306758,0.17516726011540124,0.22188026079677423,0.19832497976887206,0.23366152225399564,0.37349223988427327,0.45554178305076987,0.8034288068878465,0.6152152142758766,0.49,0.62,0,0,2.4,3.0,1,-0.014814547837073599,-0.10024756038205868
2018-01-30,20,0,nested_purged_development_oos,Stress,Bull,0.5177891123028404,0.3518269908088158,0.16862842719980764,0.22045499081023728,0.15998911255491485,0.21567664466715963,0.15359334794243718,0.21204137371378723,0.31358246049735206,0.42771801838094686,0.6373287849601611,0.5468446269500769,0.49,0.62,0,0,2.4,3.0,1,0.008723187753078022,-0.1009321340815314
2018-01-31,20,0,nested_purged_development_oos,Stress,Bull,0.44326496511154984,0.32433756559172494,0.1749922338231768,0.2201972999931766,0.21836596057275284,0.24148003215425975,0.16337684049252058,0.2139851022608386,0.3817428010652734,0.4554651344150984,0.6690341699216112,0.5583841218676762,0.49,0.62,0,0,2.4,3.0,1,0.0017096943812411475,-0.10075202853919697
2018-02-01,20,0,nested_purged_development_oos,Stress,Bull,0.3633023112327855,0.2954150746607332,0.2247061799973445,0.24182090550824767,0.25784665392447464,0.2560874001106051,0.1541448548453953,0.20667661972041396,0.41199150876986995,0.46276401983101906,0.35399312131484423,0.4500395521501456,0.49,0.62,0,0,2.4,3.0,1,0.022017059729551546,-0.09107787626771777
2018-02-02,20,0,nested_purged_development_oos,Stress,Bull,0.37896983013798835,0.3008754030748287,0.17618878406493832,0.21867158891373167,0.25763954864597854,0.25618673589776875,0.18720183715109492,0.22426627211367098,0.44484138579707344,0.48045300801143975,0.4901165573515143,0.4967051376264437,0.49,0.62,0,0,2.4,3.0,1,0.016487169215878967,-0.09594927488196217
2018-02-05,20,0,nested_purged_development_oos,Bull,Sideway,0.23736068821449707,0.24534082245298644,0.31650408644491834,0.2765927998992404,0.2313706260302607,0.24274180611004223,0.214764599310324,0.23532457153773093,0.4461352253405847,0.47806637764777316,0.0810866717165902,0.308055795750313,0.49,0.62,0,0,2.4,3.0,0,0.07136820797467609,-0.0436285789006776
2018-02-06,20,0,nested_purged_development_oos,Bull,Sideway,0.23025678961027504,0.24440638180168656,0.38761590855967876,0.3036393269396147,0.17707068223628727,0.2190711214898963,0.20505661959375895,0.23288316976880247,0.38212730183004623,0.4519542912586988,0.14871329644431502,0.3585699826090577,0.49,0.62,0,0,2.4,3.0,0,0.11360931869309825,-0.0076009772860679715
2018-02-07,20,0,nested_purged_development_oos,Bull,Sideway,0.2365682983595308,0.24658582814252641,0.3719919138071421,0.29776604805740453,0.18870339582504855,0.2244197635246906,0.20273639200827853,0.23122836027537838,0.3914397878333271,0.45564812380006897,0.26483547348252623,0.41572967934492244,0.49,0.62,0,0,2.4,3.0,0,0.08960199917570717,-0.03581716098967773
2018-02-08,20,0,nested_purged_development_oos,Bull,Sideway,0.17186971616760194,0.2176267173062289,0.42052820490178583,0.31595636968234997,0.17872118244200613,0.2212003569343451,0.22888089648860618,0.2452165560770761,0.4076020789306123,0.4664169130114212,0.1761054999626438,0.3741814232476912,0.49,0.62,0,0,2.4,3.0,0,0.10695611472182465,-0.01905157786277016
2018-02-09,20,0,nested_purged_development_oos,Bull,Sideway,0.18888366989622704,0.2277556583908043,0.4488541034447368,0.32666204029884943,0.14624776035009454,0.20472710584577333,0.21601446630894167,0.240855195464573,0.3622622266590362,0.4455823013103464,0.20676549393563337,0.3897940797109677,0.49,0.62,0,0,2.4,3.0,0,0.13599488759196782,0.0370081289839232
2018-02-12,20,0,nested_purged_development_oos,Bull,Sideway,0.24003516025810842,0.24869973876388035,0.3859169332158401,0.30310974645195,0.19454099881584522,0.22784986675018523,0.17950690771020622,0.22034064803398443,0.37404790652605147,0.44819051478416966,0.3151460933305044,0.4356776308470156,0.49,0.62,0,0,2.4,3.0,0,0.10680697764209406,0.017073771185435394
2018-02-13,20,0,nested_purged_development_oos,Bull,Sideway,0.24049913437408893,0.2503148092397191,0.4137653694957833,0.31381242622808375,0.18802454487053272,0.22591512412371326,0.15771095125959517,0.20995764040848386,0.3457354961301279,0.43587276453219714,0.28922993115578616,0.4256286216930279,0.49,0.62,0,0,2.4,3.0,0,0.08987984603839477,0.015264183694852204
2018-02-21,20,0,nested_purged_development_oos,Bull,Sideway,0.29315634678946556,0.2720523449128791,0.3876139893276512,0.3056287458463609,0.1634880256451344,0.21329478816067918,0.1557416382377489,0.20902412108008073,0.3192296638828833,0.4223189092407599,0.32658600042372565,0.43998514949057593,0.49,0.62,0,0,2.4,3.0,0,0.07289699749996931,-0.010281250707115008
2018-02-22,20,0,nested_purged_development_oos,Bull,Sideway,0.2407217947240156,0.250723036793116,0.42134025705116396,0.31658710078337227,0.16784646712437676,0.2157460746002244,0.17009148110044384,0.2169437878232873,0.3379379482248206,0.4326898624235117,0.3584514537619997,0.4516439781391041,0.49,0.62,0,0,2.4,3.0,0,0.08574046883230295,0.016086928680774316
2018-02-23,20,0,nested_purged_development_oos,Bull,Bull,0.39194649678094,0.31173949601834305,0.3506235220152715,0.2975987510915711,0.1504460045562676,0.2091811800901482,0.10698397664752098,0.18148057279993776,0.25742998120378857,0.390661752890086,0.44946771618570674,0.4831046374200713,0.49,0.62,0,0,2.4,3.0,0,0.04498108071856595,-0.008532467203869581
2018-02-26,20,0,nested_purged_development_oos,Bull,Sideway,0.3520933471508351,0.29627722733203277,0.36815649316184573,0.30183600262650545,0.1638984085179024,0.21544197448086147,0.11585175116941668,0.18644479556060037,0.2797501596873191,0.40188677004146184,0.2917916287971666,0.4266417338312835,0.49,0.62,0,0,2.4,3.0,0,0.04961314919993055,-0.019067520309319866
2018-02-27,20,0,nested_purged_development_oos,Bull,Sideway,0.37895435335700633,0.3094217930409646,0.38297743723844846,0.31078628980132617,0.14463051032848162,0.20713237712525176,0.09343769907606365,0.1726595400324575,0.23806820940454526,0.37979191715770927,0.10648245961404136,0.32980615968554206,0.49,0.62,0,0,2.4,3.0,0,0.04550087880708821,-0.023615139308026497
2018-02-28,20,0,nested_purged_development_oos,Bull,Bull,0.3923477932712119,0.3120211371828846,0.34553401030683756,0.2959321683599151,0.16416732876593212,0.21703202083085607,0.09795086765601835,0.1750146736263442,0.26211819642195044,0.3920466944572003,0.14989633862439755,0.35928439130154566,0.49,0.62,0,0,2.4,3.0,0,0.044213707487485675,-0.025337469787556775
2018-03-01,20,0,nested_purged_development_oos,Bull,Sideway,0.29107546934199713,0.2760654365328481,0.44359327788518615,0.3290435878772575,0.16580279559710465,0.21835994217736637,0.09952845717571214,0.17653103341252788,0.2653312527728168,0.3948909755898943,0.05334598303126628,0.2771362148220612,0.49,0.62,0,0,2.4,3.0,0,0.044899385705346996,-0.02019740313693796
2018-03-02,20,0,nested_purged_development_oos,Bull,Sideway,0.2889013826201967,0.27027565537862097,0.376591518134471,0.3018380431517646,0.20402856312177112,0.23381147694575755,0.13047853612356114,0.19407482452385677,0.3345070992453323,0.4278863014696143,0.07301912673649759,0.30004774676768986,0.49,0.62,0,0,2.4,3.0,0,0.04640000820726203,-0.025043188211472528
2018-03-05,20,0,nested_purged_development_oos,Bull,Sideway,0.2266662459925628,0.24161902881159064,0.3504025367826654,0.2897052041087004,0.2362213684752891,0.24581191951202372,0.18670984874948274,0.2228638475676853,0.42293121722477184,0.46867576707970904,0.15719014047861335,0.36360259012552354,0.49,0.62,0,0,2.4,3.0,0,0.09012728787781708,0.017028710375452893
2018-03-06,20,0,nested_purged_development_oos,Bull,Bull,0.3362372425288014,0.2874584032580595,0.3180614317037316,0.2808787215816826,0.22002477813283491,0.2408994170342426,0.1256765476346321,0.19076345812601522,0.34570132576746704,0.4316628751602578,0.1174521340430478,0.33799081381228374,0.49,0.62,0,0,2.4,3.0,0,0.0589277185328987,-0.007193598914171405
2018-03-07,20,0,nested_purged_development_oos,Bull,Sideway,0.27435984252811796,0.26156920055985744,0.3069729724397181,0.2741015151077027,0.257369941793893,0.2546940531803326,0.1612972432382709,0.20963523115210722,0.41866718503216394,0.4643292843324398,0.20229486256647605,0.3876176184839864,0.49,0.62,0,0,2.4,3.0,0,0.06885260667394809,0.00997472117740315
2018-03-08,20,0,nested_purged_development_oos,Bull,Bull,0.306803985297273,0.2751928890410618,0.29943432843403134,0.2724190374355517,0.25566033990057196,0.2550575555456706,0.13810134636812368,0.19733051797771592,0.3937616862686957,0.4523880735233865,0.18003778982181393,0.3762809799313998,0.49,0.62,0,0,2.4,3.0,0,0.059586436343485254,-0.0006584918994282104
2018-03-09,20,0,nested_purged_development_oos,Bull,Sideway,0.2569467347213615,0.2550410762120202,0.3062550490993343,0.27439542326360816,0.28809344463554787,0.26749422654421384,0.14870477154375636,0.2030692739801577,0.43679821617930426,0.47056350052437157,0.18401242879000929,0.3783717015117774,0.49,0.62,0,0,2.4,3.0,0,0.06591952027960717,0.0025603427775125758
2018-03-12,20,0,nested_purged_development_oos,Bull,Bear,0.27289938764730565,0.26215903846877525,0.29485574517014207,0.2707495640184201,0.2976716757862145,0.2718239579645248,0.13457319139633772,0.1952674395482797,0.43224486718255223,0.4670913975128045,0.27713419553557816,0.420779591431551,0.49,0.62,0,0,2.4,3.0,0,0.06699435030759855,0.006213509103812301
2018-03-13,20,0,nested_purged_development_oos,Bull,Bull,0.3486066739821293,0.29057800823582747,0.24225512713996167,0.249691222631749,0.2682911534422548,0.2605406639899479,0.14084704543565432,0.1991901051424756,0.40913819887790914,0.4597307691324235,0.4579583804087295,0.4859566545128235,0.49,0.62,0,0,2.4,3.0,0,0.05561110711502103,0.004208864186218814
2018-03-14,20,0,nested_purged_development_oos,Sideway,Bull,0.2990638614697546,0.27143144635011107,0.25536331584043076,0.2541409014408823,0.29159427526162074,0.2685858329247833,0.15397854742819386,0.20584181928422338,0.4455728226898146,0.4744276522090066,0.5156904053974833,0.5052316620133258,0.49,0.62,0,0,2.4,3.0,0,0.025179188952553506,0.0005885324192099278
2018-03-15,20,0,nested_purged_development_oos,Sideway,Bull,0.3237419039759334,0.28118958010169315,0.2640012546854248,0.25827686378512854,0.26883206956722383,0.26023564914987135,0.14342477177141794,0.20029790696330696,0.41225684133864177,0.4605335561131783,0.30140893089037357,0.4304049376539755,0.49,0.62,0,0,2.4,3.0,0,0.02964166871216398,0.009987195007372954
2018-03-16,20,0,nested_purged_development_oos,Sideway,Bull,0.3793963697945108,0.3012642671144175,0.22988835230412005,0.24450676050719156,0.23823680395784588,0.24816802500176774,0.15247847394352315,0.2060609473766232,0.39071527790136906,0.45422897237839094,0.2363855705337424,0.4035087866179944,0.49,0.62,0,0,2.4,3.0,0,0.006024297364655982,0.002951672875452636
2018-03-19,20,0,nested_purged_development_oos,Sideway,Bull,0.35847437594297954,0.2933126796551806,0.21600195109781353,0.23750020355461696,0.2596339645996798,0.2564231607314629,0.16588970835952713,0.21276395605873952,0.4255236729592069,0.4691871167902024,0.4117907076852389,0.47032096449897676,0.49,0.62,0,0,2.4,3.0,0,-0.009299329053655036,-0.009299329053655036
2018-03-20,20,0,nested_purged_development_oos,Sideway,Bull,0.28871013581871324,0.26712914831524653,0.2798748162197009,0.26369204329049084,0.2717584050237901,0.26047837685735853,0.15965664293779575,0.20870043153690404,0.43141504796158586,0.46917880839426257,0.32249915220818787,0.4384544986902426,0.49,0.62,0,0,2.4,3.0,0,-0.00528394817763191,-0.009445968635391247
2018-03-21,20,0,nested_purged_development_oos,Sideway,Bull,0.37307053765992393,0.2986660318488946,0.23858625147609422,0.24790875092180642,0.2271595913202058,0.24289069871209826,0.16118361954377614,0.21053451851720065,0.38834321086398194,0.4534252172292989,0.3518367371858412,0.44926064091036433,0.49,0.62,0,0,2.4,3.0,0,-0.026718633963277158,-0.026718633963277158
2018-03-22,20,0,nested_purged_development_oos,Bear,Bull,0.30965849794528,0.2744141842931493,0.26864911413345127,0.25864210539047294,0.23370274631558297,0.2440517323874782,0.1879896416056858,0.22289197792889964,0.42169238792126873,0.4669437103163778,0.3291262297366699,0.44093213851862983,0.49,0.62,0,0,2.4,3.0,1,-0.06860240459994743,-0.06860240459994743
2018-03-23,20,0,nested_purged_development_oos,Sideway,Bear,0.24291850506331591,0.24754338499463674,0.2717667442535072,0.2593927729921431,0.28443686032324417,0.2643647362015515,0.20087789035993275,0.2286991058116687,0.4853147506831769,0.4930638420132202,0.5441611681855278,0.5147545617264663,0.49,0.62,1,0,2.4,3.0,0,-0.029675141501173643,-0.0524624123708544
2018-03-26,20,0,nested_purged_development_oos,Bear,Bear,0.28312116145831434,0.2640701021255452,0.23693767536053958,0.2451856112956213,0.2860019870853155,0.2651863707630812,0.19393917609583056,0.22555791581575232,0.47994116318114605,0.4907442865788335,0.6656571789964508,0.5571333652432358,0.49,0.62,1,0,2.4,3.0,1,-0.0840708343972678,-0.0840708343972678
2018-03-27,20,0,nested_purged_development_oos,Bear,Bear,0.25632327510640324,0.2545062392284071,0.28442996417027844,0.26578255772645015,0.30435329493694546,0.2733868275285392,0.15489346578637292,0.20632437551660354,0.4592467607233184,0.47971120304514275,0.6471520957266331,0.550373874961125,0.49,0.62,0,0,2.4,3.0,1,-0.08083529749858885,-0.08450618300313215
2018-03-28,20,0,nested_purged_development_oos,Stress,Bear,0.23134010648408038,0.24304135575888247,0.27859941983251996,0.26261369948418384,0.30356833638010783,0.2721755780336539,0.18649213730329192,0.22216936672327986,0.4900604736833998,0.49434494475693375,0.6290050286872979,0.5438826989509109,0.49,0.62,1,0,2.4,3.0,1,-0.11503354319767954,-0.11503354319767954
2018-03-29,20,0,nested_purged_development_oos,Stress,Bear,0.1801900489304089,0.21930320629251643,0.27940098490351106,0.2632805552598978,0.31627143988052236,0.27723547591567804,0.22413752628555772,0.24018076253190768,0.54040896616608,0.5174162384475858,0.6057562354243725,0.5357313409299872,0.49,0.62,1,0,2.4,3.0,1,-0.10542430735036053,-0.11057915476492207
2018-03-30,20,0,nested_purged_development_oos,Stress,Bear,0.24109974330591324,0.24691369937900037,0.27364639306775007,0.2602908658219388,0.2900858328102443,0.26669564525504347,0.19516803081609232,0.22609978954401738,0.4852538636263366,0.49279543479906085,0.6257754490299795,0.5427400742237722,0.49,0.62,1,0,2.4,3.0,1,-0.13214326827756026,-0.13214326827756026
2018-04-02,20,0,nested_purged_development_oos,Stress,Bull,0.30907759032162807,0.27443429569023636,0.2274269320335828,0.2415058786212602,0.28135755521518563,0.2638971258587644,0.1821379224296037,0.22016269982973907,0.4634954776447893,0.4840598256885035,0.8001862380086482,0.6136038181923671,0.49,0.62,0,0,2.4,3.0,1,-0.1533765695976356,-0.1533765695976356
2018-04-03,20,0,nested_purged_development_oos,Stress,Bear,0.20357582621597747,0.23063287272021513,0.22390361315298316,0.2399628889225976,0.3394077098924293,0.28537723935466797,0.2331128507386101,0.24402699900251926,0.5725205606310394,0.5294042383571872,0.9149520913469035,0.6882360745749235,0.49,0.62,1,1,2.4,3.0,1,-0.14606812888026513,-0.14639930954234157
2018-04-04,20,0,nested_purged_development_oos,Stress,Bear,0.2033369784061317,0.23072114354919615,0.2350150897666249,0.24506830009096936,0.34740107738054765,0.28840994184928803,0.21424685444669586,0.23580061451054637,0.5616479318272435,0.5242105563598344,0.9113282115227671,0.6849584781568474,0.49,0.62,1,1,2.4,3.0,1,-0.11484787417375864,-0.14913059876921933
2018-04-05,20,0,nested_purged_development_oos,Stress,Bear,0.23783017886855204,0.24588190402187046,0.2684956279919903,0.25862619324094355,0.309092888182609,0.27425365345112007,0.18458130495684866,0.2212382492860659,0.49367419313945765,0.49549190273718596,0.849738204854368,0.6404957326178805,0.49,0.62,1,1,2.4,3.0,1,-0.11792028452914134,-0.15049764151558792
2018-04-06,20,0,nested_purged_development_oos,Stress,Bull,0.2680582082039949,0.2574653557694009,0.23421136517657093,0.24338472727480928,0.258186006847996,0.25347120443499416,0.2395444197714382,0.24567871252079568,0.4977304266194342,0.4991499169557898,0.8335941770103246,0.6311388782604578,0.49,0.62,1,1,2.4,3.0,1,-0.12688189863354815,-0.15617223355228166
2018-04-09,20,0,nested_purged_development_oos,Stress,Bull,0.3008889251106979,0.2707732323866143,0.20796416558212527,0.23214804100468414,0.26821577375434613,0.2581100665947647,0.22293113555283062,0.23896866001393685,0.49114690930717675,0.49707872660870156,0.8878790043896385,0.6659118202577965,0.49,0.62,1,1,2.4,3.0,1,-0.1574622830885261,-0.15980740635778554
2018-04-10,20,0,nested_purged_development_oos,Stress,Bear,0.24211350311499136,0.2468969315405656,0.22376849952767514,0.23892265570720816,0.2824373749721414,0.2632643221457716,0.2516806223851922,0.25091609060645464,0.5341179973573336,0.5141804127522263,0.9074216007267496,0.6815383455235404,0.49,0.62,1,1,2.4,3.0,1,-0.13688032717782234,-0.15463767226902048
2018-04-11,20,0,nested_purged_development_oos,Stress,Bear,0.17323069813158398,0.21588324305877524,0.24784350805247304,0.2506297120769129,0.3297111034021336,0.28228051363954476,0.24921469041380942,0.25120653122476716,0.578925793815943,0.5334870448643119,0.9399990561487125,0.7144657062772225,0.49,0.62,1,1,2.4,3.0,1,-0.08969837964405644,-0.12841461829277193
2018-04-12,20,0,nested_purged_development_oos,Stress,Sideway,0.21840190578245353,0.23823482584222694,0.31118508009087514,0.27610412239627624,0.30702503491415634,0.27456013764757964,0.16338797921251502,0.2111009141139171,0.47041301412667136,0.48566105176149676,0.8655486883392189,0.6503823964903767,0.49,0.62,0,1,2.4,3.0,1,-0.08865728148766527,-0.13346563047159213
2018-04-13,20,0,nested_purged_development_oos,Stress,Bear,0.16070055798445254,0.20927831599995894,0.28708276963785684,0.26651395745564344,0.29280846396920457,0.2687159834306838,0.2594082084084861,0.25549174311371387,0.5522166723776907,0.5242077265443976,0.8676445385708331,0.6517552657060652,0.49,0.62,1,1,2.4,3.0,1,-0.09277093101350425,-0.11983545413145733
2018-04-16,20,0,nested_purged_development_oos,Stress,Bear,0.1430109601903,0.20016562315315434,0.2927996809883055,0.26980916105433705,0.3217300206956594,0.2806125582382389,0.24245933812573503,0.24941265755426975,0.5641893588213944,0.5300252157925086,0.7561496348809074,0.593204397420797,0.49,0.62,1,0,2.4,3.0,1,-0.10826806759883494,-0.11233204674719556
2018-04-17,20,0,nested_purged_development_oos,Stress,Bear,0.15687425560283885,0.20852217241383478,0.30290913608196934,0.2742958246456196,0.35062560435460477,0.29153490055990733,0.18959100396058715,0.22564710238063823,0.5402166083151919,0.5171820029405456,0.6636568245399033,0.5563951111158375,0.49,0.62,1,0,2.4,3.0,1,-0.10287024738886705,-0.11649406720495487
2018-04-18,20,0,nested_purged_development_oos,Stress,Bear,0.12589991442232915,0.1906773037343113,0.296181535127775,0.27233548255514595,0.34053068153128596,0.2886380005650354,0.23738786891860994,0.24834921314550737,0.5779185504498959,0.5369872137105428,0.724670623636136,0.5799536299868114,0.49,0.62,1,0,2.4,3.0,1,-0.11486904876950481,-0.11486904876950481
2018-04-19,20,0,nested_purged_development_oos,Stress,Sideway,0.1327453504692492,0.19519220774735407,0.368249737930624,0.29860502571494973,0.28931435122306576,0.27004859203410114,0.20969056037706102,0.23615417450359502,0.4990049116001268,0.5062027665376961,0.7879743022236164,0.6076836723636679,0.49,0.62,1,0,2.4,3.0,1,-0.10460661306021968,-0.10460661306021968
2018-04-20,20,0,nested_purged_development_oos,Stress,Sideway,0.19439921257148265,0.2289702382024329,0.3952845128956031,0.30775284516709933,0.26539572312026205,0.2606826498445388,0.14492055141265223,0.20259426678592904,0.4103162745329143,0.4632769166304679,0.5894173550028783,0.5300933569192974,0.49,0.62,0,0,2.4,3.0,1,-0.12432529403436259,-0.12739388392990034
2018-04-23,20,0,nested_purged_development_oos,Bear,Sideway,0.1619551879723684,0.2120591770716459,0.41460058420268164,0.3137292470828688,0.21331342852189977,0.23784834099717925,0.21013079930305018,0.23636323484830604,0.42344422782494995,0.4742115758454853,0.751301029531505,0.5911015676043203,0.49,0.62,0,0,2.4,3.0,1,-0.08815516975840673,-0.08816531262062108
2018-04-24,20,0,nested_purged_development_oos,Stress,Sideway,0.1680893650491197,0.21706646458065973,0.45842586278068603,0.3297208649815232,0.20221782215565084,0.2344457672320513,0.17126695001454342,0.21876690320576586,0.37348477217019427,0.45321267043781716,0.6674256086165721,0.5577876462402338,0.49,0.62,0,0,2.4,3.0,1,-0.11441371588133067,-0.11441371588133067
2018-04-26,20,0,nested_purged_development_oos,Bear,Sideway,0.18489350418944994,0.2243168181026357,0.41787608496666584,0.31507524247122853,0.16515897168738292,0.21401147056067357,0.23207143915650139,0.24659646886546233,0.39723041084388433,0.46060793942613587,0.7232026333561872,0.5793570499920155,0.49,0.62,0,0,2.4,3.0,1,-0.11457364577272237,-0.11457364577272237
2018-04-27,20,0,nested_purged_development_oos,Stress,Sideway,0.17152105541752433,0.21986284557709274,0.47189179229129635,0.3351870677344046,0.14489945083064282,0.2049418815834389,0.2116877014605365,0.2400082051050638,0.3565871522911793,0.44495008668850267,0.7153685281282397,0.5762018754908702,0.49,0.62,0,0,2.4,3.0,1,-0.09803893899757857,-0.11972849318728397
2018-05-02,20,0,nested_purged_development_oos,Bear,Sideway,0.1901437939583401,0.227687428902832,0.4318350176373834,0.3204576143026638,0.14999503470587416,0.2062624582945558,0.22802615369840237,0.24559249849994838,0.37802118840427656,0.45185495679450416,0.7317898549733282,0.5828719315708654,0.49,0.62,0,0,2.4,3.0,1,-0.08153868882083272,-0.09935593983653379
2018-05-03,20,0,nested_purged_development_oos,Bear,Sideway,0.22006191917063042,0.2411341378834532,0.40485944893481435,0.3108673482034533,0.142808114128993,0.2013780017277749,0.23227051776556223,0.24662051218531872,0.37507863189455526,0.44799851391309364,0.6850662374792084,0.5644030079944645,0.49,0.62,0,0,2.4,3.0,1,-0.05528736665305167,-0.09680672997554111
2018-05-04,20,0,nested_purged_development_oos,Sideway,Sideway,0.18885206882491787,0.22702101851964945,0.4386217477300916,0.3225172195627402,0.16149095779862832,0.2126883788222524,0.2110352256463623,0.237773383095358,0.3725261834449906,0.4504617619176104,0.7652554123956904,0.5972221205162701,0.49,0.62,0,0,2.4,3.0,0,-0.03360270993701885,-0.09713791063761752
2018-05-07,20,0,nested_purged_development_oos,Stress,Sideway,0.27139200968448673,0.26488389202734147,0.420678738080128,0.317957819227171,0.17718208274653913,0.22176773435264602,0.13074716948884618,0.1953905543928415,0.3079292522353853,0.41715828874548755,0.5642749831331322,0.5215308720350168,0.49,0.62,0,0,2.4,3.0,1,-0.04671279484366944,-0.1310894545710018
2018-05-08,20,0,nested_purged_development_oos,Stress,Sideway,0.18871644705241594,0.2277134765530313,0.45882787980330925,0.32972769021561926,0.17038555814196574,0.2182218983879559,0.18207011500230902,0.22433693484339362,0.35245567314427473,0.4425588332313495,0.5666361082108566,0.5223300979538475,0.49,0.62,0,0,2.4,3.0,1,-0.0362080461201468,-0.12938408696198758
2018-05-09,20,0,nested_purged_development_oos,Stress,Sideway,0.19212481392052222,0.22779407538665675,0.42370402294762977,0.31670777680552864,0.18624288140800288,0.22486188676314756,0.19792828172384525,0.23063626104466706,0.3841711631318481,0.4554981478078146,0.5480166468175666,0.5160495105655565,0.49,0.62,0,0,2.4,3.0,1,-0.02148810606804465,-0.12609706489427452
2018-05-10,20,0,nested_purged_development_oos,Sideway,Sideway,0.19974729967028942,0.23063060489912618,0.38133702179448686,0.30194554553428776,0.16150830603481606,0.21108842292868368,0.25740737250040774,0.2563354266379024,0.4189156785352238,0.46742384956658606,0.48347705929532014,0.4944905699373217,0.49,0.62,0,0,2.4,3.0,0,0.0075718326862850086,-0.09915185324480039
2018-05-11,20,0,nested_purged_development_oos,Sideway,Sideway,0.23487585931792676,0.24728463775698323,0.40659711811234467,0.31081330501425153,0.18128946159963139,0.2219915163325946,0.17723756097009713,0.2199105408961707,0.3585270225697285,0.4419020572287653,0.4425391234374279,0.4807708678602415,0.49,0.62,0,0,2.4,3.0,0,-0.005604997734120035,-0.11456407506673918
2018-05-14,20,0,nested_purged_development_oos,Stress,Sideway,0.23824235405978594,0.24931883010644126,0.4086351826381068,0.3121670596561236,0.20695862461322875,0.2351158889839469,0.14616383868887858,0.2033982212534882,0.35312246330210734,0.4385141102374351,0.5240515737660948,0.5080226949490814,0.49,0.62,0,0,2.4,3.0,1,-0.026554266791509823,-0.13552296862425645
2018-05-15,20,0,nested_purged_development_oos,Stress,Sideway,0.18902857762554348,0.22658824012653847,0.4178952229487864,0.3153520617773813,0.23802534175224238,0.24942726284480937,0.1550508576734278,0.20863243525127093,0.3930761994256702,0.45805969809608027,0.6511091735064228,0.5518065928739695,0.49,0.62,0,0,2.4,3.0,1,-0.05037689044903865,-0.14161507895946793
2018-05-16,20,0,nested_purged_development_oos,Stress,Sideway,0.14949360234528775,0.20432024757674674,0.3729407312486487,0.2990441038553001,0.24578367426878092,0.2513520413035022,0.23178199213728262,0.24528360726445103,0.47756566640606357,0.4966356485679532,0.6241163266395805,0.5421544487087157,0.49,0.62,1,0,2.4,3.0,1,-0.02310727946458271,-0.12387125309349405
2018-05-17,20,0,nested_purged_development_oos,Sideway,Sideway,0.1385982784383516,0.19923964076085054,0.3977786986873697,0.30914385590529814,0.18867986536952158,0.22656646785546036,0.2749431575047571,0.2650500354783909,0.4636230228742787,0.49161650333385126,0.6139514547073506,0.5385858539945888,0.49,0.62,1,0,2.4,3.0,0,-0.014582247878077688,-0.10087070912390161
2018-05-18,20,0,nested_purged_development_oos,Sideway,Sideway,0.17630600241853173,0.22005705049848415,0.4294614205443385,0.318891097477602,0.19514688817723322,0.22956623379792765,0.1990856888598965,0.23148561822598626,0.3942325770371297,0.4610518520239139,0.5532990445380956,0.5178265455191785,0.49,0.62,0,0,2.4,3.0,0,-0.023364617452677143,-0.11043054979162888
2018-05-21,20,0,nested_purged_development_oos,Sideway,Sideway,0.15770030378992259,0.2088781526873726,0.3525677112400246,0.2920656757194955,0.19315697273086058,0.22729617450070733,0.2965750122391922,0.27175999709242443,0.48973198497005277,0.49905617159313176,0.5944869769272701,0.5318356923414235,0.49,0.62,1,0,2.4,3.0,0,-0.027609728516953636,-0.08555964848888746
2018-05-22,20,0,nested_purged_development_oos,Sideway,Stress,0.20829059960874885,0.2343054094547022,0.28118745264755696,0.2655124723273452,0.1561690537886979,0.20781067866801092,0.3543528939549962,0.29237143954994166,0.5105219477436941,0.5001821182179526,0.6225594228475108,0.5416057324363873,0.49,0.62,1,0,2.4,3.0,0,-0.024384315543727518,-0.056500534186720845
2018-05-23,20,0,nested_purged_development_oos,Sideway,Sideway,0.2079519879293297,0.23435833163045383,0.33615194097304674,0.2862764516182266,0.1478924060177988,0.20333238908844806,0.30800366507982485,0.2760328276628715,0.45589607109762365,0.4793652167513196,0.5331033999881652,0.5110488328722204,0.49,0.62,0,0,2.4,3.0,0,-0.008112172574788558,-0.0595691240822586
2018-05-24,20,0,nested_purged_development_oos,Sideway,Sideway,0.19544027712923973,0.22953315029783558,0.353309371903831,0.29375653531192353,0.13279232641261854,0.19539418269459222,0.3184580245543108,0.28131613169564873,0.45125035096692934,0.4767103143902409,0.528492662343908,0.5095067089083327,0.49,0.62,0,0,2.4,3.0,0,-0.016897891997027476,-0.05651067704893523
2018-05-25,20,0,nested_purged_development_oos,Sideway,Stress,0.18489790748219173,0.2250501847062672,0.28259273469399215,0.2685600786143737,0.132893383660022,0.19611799367668659,0.3996159741637941,0.3102717430026726,0.532509357823816,0.5063897366793592,0.6672301188914685,0.5577152436454937,0.49,0.62,1,0,2.4,3.0,0,0.019794490384503788,-0.03392301643055465
2018-05-28,20,0,nested_purged_development_oos,Bull,Stress,0.230724286416947,0.2463687443921394,0.28419908384206666,0.2687238281521877,0.1168565086449812,0.18556046043222618,0.3682201210960052,0.29934696702344676,0.4850766297409864,0.48490742745567295,0.7265717247829604,0.5807288132553922,0.49,0.62,0,0,2.4,3.0,0,0.06116551939769773,0.017817251015701044
2018-05-29,20,0,nested_purged_development_oos,Sideway,Stress,0.2720510769747739,0.263309487304013,0.2945764271414103,0.2721832003018892,0.1131465025246827,0.182689095670547,0.32022599335913315,0.2818182167235508,0.4333724958838159,0.4645073123940978,0.5305896532261416,0.5102078827222474,0.49,0.62,0,0,2.4,3.0,0,0.03187537327107802,-0.003872303174004328
2018-05-30,20,0,nested_purged_development_oos,Sideway,Sideway,0.25321386739669305,0.2540120608324733,0.32966930546990064,0.2835310323348758,0.14145951254093939,0.19929571026343748,0.2756573145924669,0.2631611965692135,0.41711682713340625,0.46245690683265095,0.4701200156956036,0.49002944511001045,0.49,0.62,0,0,2.4,3.0,0,0.021289938945186052,0.01429896762729227
2018-05-31,20,0,nested_purged_development_oos,Sideway,Bull,0.3242810678501087,0.28122889705013404,0.28696451708158116,0.2672622965180584,0.150013730541593,0.20396885937204887,0.23874068452671715,0.24753994705975882,0.38875441506831016,0.4515088064318077,0.6007483177009479,0.5339961395186796,0.49,0.62,0,0,2.4,3.0,0,-0.014414850862643071,-0.014414850862643071
2018-06-01,20,0,nested_purged_development_oos,Sideway,Sideway,0.3001379495034876,0.27675816315722546,0.4101352000819155,0.3152121832682514,0.12918516326367452,0.19478491755802874,0.16054168715092235,0.21324473601649446,0.2897268504145969,0.4080296535745232,0.32939918390833095,0.44103369797004444,0.49,0.62,0,0,2.4,3.0,0,-0.032854284497526136,-0.03643068824075227
2018-06-04,20,0,nested_purged_development_oos,Bear,Bull,0.34845581245744073,0.2924035122120552,0.3342242296564778,0.28736696566967457,0.13524973128681697,0.1971187223546438,0.18207022659926458,0.22311079976362655,0.3173199578860816,0.42022952211827036,0.6686788249449576,0.5582522442605039,0.49,0.62,0,0,2.4,3.0,1,-0.06798372251241235,-0.06798372251241235
2018-06-05,20,0,nested_purged_development_oos,Bear,Sideway,0.3012415173797422,0.2738404339189293,0.3548719862698053,0.29318805932169995,0.15368944843824356,0.2068797986825346,0.19019704791220898,0.22609170807683615,0.34388649635045254,0.43297150675937074,0.7016690517327967,0.5707927154577086,0.49,0.62,0,0,2.4,3.0,1,-0.1211902356915485,-0.1211902356915485
2018-06-06,20,0,nested_purged_development_oos,Stress,Sideway,0.322896087358669,0.28263104141708895,0.3513955895525309,0.29276927256870816,0.17718919738248806,0.22010295999656987,0.1485191257063121,0.20449672601763313,0.32570832308880016,0.424599686014203,0.8378678641123458,0.6335514116340765,0.49,0.62,0,1,2.4,3.0,1,-0.12276036093154652,-0.13262315367593766
2018-06-07,20,0,nested_purged_development_oos,Stress,Sideway,0.2695368063344627,0.2617024703745094,0.38429632439859057,0.30338531287985465,0.18579158339095977,0.22411855032161676,0.16037528587598698,0.21079366642401925,0.34616686926694673,0.434912216745636,0.7744989153456,0.6013988575146678,0.49,0.62,0,0,2.4,3.0,1,-0.1420603499538463,-0.1420603499538463
2018-06-08,20,0,nested_purged_development_oos,Stress,Sideway,0.24705423888844238,0.2542827742940054,0.41748059240679025,0.3164112622484367,0.21039823148018896,0.23782327063088474,0.12506693722457848,0.191482692826673,0.33546516870476745,0.4293059634575577,0.5889447642396622,0.5299312366882564,0.49,0.62,0,0,2.4,3.0,1,-0.12436013664009588,-0.1442957413553799
2018-06-11,20,0,nested_purged_development_oos,Stress,Sideway,0.23932896823337527,0.24887684752126177,0.3893664749232774,0.3048263691718588,0.21609269337113265,0.23850812019077203,0.15521186347221455,0.20778866311610747,0.3713045568433472,0.4462967833068795,0.7066627660111569,0.5727492369015843,0.49,0.62,0,0,2.4,3.0,1,-0.12697803597469642,-0.14430536585550743
2018-06-12,20,0,nested_purged_development_oos,Stress,Sideway,0.19585439197135981,0.22870445653202784,0.38687104077813067,0.3037071422048245,0.24775397119471967,0.2522382858045278,0.1695205960557898,0.21535011545861993,0.4172745672505095,0.4675884012631477,0.5962930807492844,0.532457885004993,0.49,0.62,0,0,2.4,3.0,1,-0.11362811490370138,-0.1265748525331901
2018-06-13,20,0,nested_purged_development_oos,Stress,Sideway,0.2135801565783336,0.23906043601479493,0.40639622750534315,0.31255013701579476,0.25612408436780465,0.25785665222138515,0.12389953154851843,0.1905327747480252,0.38002361591632305,0.44838942696941037,0.4560202297004752,0.48530632481705116,0.49,0.62,0,0,2.4,3.0,1,-0.14306277582845955,-0.14306277582845955
2018-06-14,20,0,nested_purged_development_oos,Stress,Sideway,0.1621481809021645,0.21216269896652784,0.4121137586353817,0.31294123728231116,0.23019606645013846,0.24551599372720725,0.1955419940123153,0.2293800700239537,0.42573806046245377,0.47489606375116095,0.5740794932597449,0.5248557574314527,0.49,0.62,0,0,2.4,3.0,1,-0.1226151637829668,-0.1285872634453721
2018-06-15,20,0,nested_purged_development_oos,Stress,Sideway,0.17537066776228397,0.21909806685559158,0.41322394968681087,0.31313655263472107,0.22585237966776298,0.2434539136017866,0.1855530028831422,0.22431146690790063,0.4114053825509052,0.4677653805096872,0.5165328157226153,0.5055127249356769,0.49,0.62,0,0,2.4,3.0,1,-0.11099361084210675,-0.12936473453850006
2018-06-18,20,0,nested_purged_development_oos,Bear,Sideway,0.13310995506817896,0.1949305411280508,0.3408181992919737,0.2884097836019505,0.22774148149854417,0.2438146086290547,0.2983303641413032,0.27284506664094405,0.5260718456398474,0.5166596752699988,0.6163343358406812,0.5394195272814905,0.49,0.62,1,0,2.4,3.0,1,-0.0803508219281153,-0.10024872217148204
2018-06-19,20,0,nested_purged_development_oos,Bear,Sideway,0.16638547094224723,0.2130610781379245,0.3372409487460878,0.2859880124711613,0.19909001584674554,0.22960252194150516,0.2972835644649194,0.2713483874494091,0.4963735803116649,0.5009509093909142,0.6176688680080286,0.5398871813422108,0.49,0.62,1,0,2.4,3.0,1,-0.043427604100815566,-0.07441502084254152
2018-06-20,20,0,nested_purged_development_oos,Sideway,Sideway,0.18809565891510968,0.22458332513708648,0.3894953208407276,0.30415546279299654,0.20137948278444912,0.23106066975729506,0.22102953745971363,0.24020054231262186,0.4224090202441627,0.4712612120699169,0.686951818293129,0.5651202573409124,0.49,0.62,0,0,2.4,3.0,0,-0.04010228823124781,-0.0937557537070182
2018-06-21,20,0,nested_purged_development_oos,Sideway,Sideway,0.1491447487816655,0.20458139333367167,0.38303330455556467,0.30307122410535375,0.20091173429020795,0.2316230033496469,0.26691021237256196,0.2607243792113276,0.4678219466627699,0.49234738256097443,0.7504490270236815,0.5907345621067762,0.49,0.62,1,0,2.4,3.0,0,-0.02658293743177595,-0.08191158725145603
2018-06-22,20,0,nested_purged_development_oos,Bear,Sideway,0.20747083694875995,0.233128098751139,0.36667001125892096,0.29555882222165114,0.2164805374462939,0.23729415339028226,0.2093786143460252,0.23401892563692772,0.4258591517923191,0.47131307902721,0.8385399595847505,0.6339348464606184,0.49,0.62,0,1,2.4,3.0,1,-0.05195892523656402,-0.09601630901460667
2018-06-25,20,0,nested_purged_development_oos,Bear,Sideway,0.20113934335238565,0.23108415028446352,0.3792227471122771,0.30096712213953014,0.25274132725472703,0.25415276546038296,0.1668965822806103,0.21379596211562335,0.4196379095353373,0.4679487275760063,0.7968297986146416,0.6119537913645146,0.49,0.62,0,0,2.4,3.0,1,-0.05582429534708127,-0.10346432159724586
2018-06-26,20,0,nested_purged_development_oos,Bear,Sideway,0.23086753400921411,0.24409594501953824,0.3735628226317358,0.2982937987949107,0.18886843810696125,0.22450487893232898,0.20670120525208896,0.2331053772532221,0.3955696433590502,0.45761025618555107,0.8114243598019313,0.6192652266618034,0.49,0.62,0,0,2.4,3.0,1,-0.05106737815440127,-0.0958637296603316
2018-06-27,20,0,nested_purged_development_oos,Bear,Sideway,0.18388842833033742,0.22244729290731768,0.3805234002277495,0.3011769250051309,0.18900122446337406,0.22500372875241337,0.246586946978539,0.2513720533351382,0.4355881714419131,0.47637578208755155,0.7692826332177092,0.5990291823871948,0.49,0.62,0,0,2.4,3.0,1,-0.043592684189000426,-0.08140599216043537
2018-06-28,20,0,nested_purged_development_oos,Sideway,Sideway,0.19020008357918464,0.22645198139982606,0.3861276774347582,0.30416522073924246,0.1545756506261549,0.20770507905605526,0.26909658835990236,0.2616777188048762,0.4236722389860572,0.4693827978609315,0.8938812118614264,0.6704758252605344,0.49,0.62,0,1,2.4,3.0,0,-0.028812436458861435,-0.06940331465939453
2018-06-29,20,0,nested_purged_development_oos,Sideway,Sideway,0.1689689729705721,0.21728475954629384,0.4516240916064643,0.32729056769124826,0.16972779091987963,0.2176908107226864,0.20967914450308398,0.23773386203977143,0.3794069354229636,0.4554246727624578,0.8687429039424193,0.6524810924247371,0.49,0.62,0,1,2.4,3.0,0,-0.026642930135080033,-0.07297971840262069
2018-07-02,20,0,nested_purged_development_oos,Sideway,Sideway,0.17806949425941643,0.21999866910421056,0.3648352752768408,0.2966297876578233,0.1641509766036795,0.21266329124958397,0.2929442538600633,0.2707082519883822,0.4570952304637428,0.48337154323796616,0.9380269996671184,0.712118072367261,0.49,0.62,0,1,2.4,3.0,0,0.002720258098517188,-0.05869173941446819
2018-07-03,20,0,nested_purged_development_oos,Bull,Stress,0.2245589107047154,0.24250061278680304,0.29622273370564445,0.27216537857932616,0.1327793573617565,0.19481824167084905,0.3464389982278837,0.2905157669630217,0.4792183555896402,0.4853340086338708,0.9572594569437122,0.7381371662148972,0.49,0.62,0,1,2.4,3.0,0,0.05411543614364413,-0.01428460734984051
2018-07-04,20,0,nested_purged_development_oos,Bull,Sideway,0.2688995965799947,0.26219936559361084,0.3580615558188123,0.2954278585504448,0.11741583481959453,0.18564724971334268,0.25562301278159855,0.2567255261426017,0.3730388476011931,0.44237277585594437,0.9668267113202506,0.7547468453693409,0.49,0.62,0,1,2.4,3.0,0,0.04046039514524429,-0.024147400094231553
2018-07-05,20,0,nested_purged_development_oos,Bull,Stress,0.21129764973020368,0.23897549179941924,0.27224213558053023,0.2655901591823165,0.10867087338504443,0.1811455773801769,0.4077893413042217,0.3142887716380873,0.5164602146892661,0.4954343490182642,0.9774195661521501,0.7783271131141151,0.49,0.62,1,1,2.4,3.0,0,0.05846398771392039,-0.006962138176787398
2018-07-06,20,0,nested_purged_development_oos,Bull,Stress,0.28506484872755933,0.2680458903055994,0.2929621327821337,0.271115332000173,0.11769090161504742,0.18540673048988407,0.3042821168752596,0.2754320472043435,0.421973018490307,0.46083877769422754,0.9591186277046678,0.7411165776626782,0.49,0.62,0,1,2.4,3.0,0,0.04485305191364855,-0.026897742892071363
2018-07-09,20,0,nested_purged_development_oos,Bull,Sideway,0.2287596875355366,0.24376255509886519,0.3267171454954811,0.2827898645411461,0.14077282060663776,0.19911701630050335,0.3037503463623446,0.27433056405948536,0.44452316696898236,0.4734475803599887,0.9466008779872545,0.7227935461298146,0.49,0.62,0,1,2.4,3.0,0,0.048117634882293626,-0.0242894680575984
2018-07-10,20,0,nested_purged_development_oos,Bull,Stress,0.24667237757381333,0.2501227452085606,0.28958676563592345,0.26740986987122095,0.16518940735325807,0.2116389271387516,0.2985514494370052,0.27082845778146686,0.4637408567902632,0.48246738492021846,0.9427964152130424,0.7179018769836434,0.49,0.62,0,1,2.4,3.0,0,0.04890931967063742,-0.019908875806276073
2018-07-11,20,0,nested_purged_development_oos,Bull,Stress,0.24975639030562888,0.252782045116113,0.23747985935724478,0.24752864379940367,0.14986180702329502,0.20432375978559592,0.36290194331383135,0.2953655512988874,0.5127637503371264,0.49968931108448333,0.9294758312401212,0.7025676960122301,0.49,0.62,1,1,2.4,3.0,0,0.07867756210457225,0.005972099662405361
2018-07-12,20,0,nested_purged_development_oos,Bull,Sideway,0.2533422833729179,0.25308548974042844,0.3077837023085443,0.27446779131616167,0.16033357159594133,0.20916189794857076,0.2785404427225966,0.26328482099483913,0.4388740143185379,0.4724467189434099,0.9362913988478269,0.7100998534565922,0.49,0.62,0,1,2.4,3.0,0,0.0698346520321962,0.012399024033988104
2018-07-13,20,0,nested_purged_development_oos,Bull,Bull,0.30473537974586906,0.2730547501943865,0.2860185402887121,0.2659374177598388,0.17030860123189034,0.21427118883255747,0.2389374787335286,0.24673664321321728,0.40924607996541895,0.4610078320457748,0.9068874406222205,0.6810793343747419,0.49,0.62,0,1,2.4,3.0,0,0.06258064677540606,0.0015267765469735056
2018-07-16,20,0,nested_purged_development_oos,Bull,Sideway,0.28761011086919536,0.2666320922838377,0.31959827391604334,0.2786094665968485,0.18659111319908336,0.2226461842666871,0.20620050201567794,0.2321122568526267,0.3927916152147613,0.45475844111931385,0.796072098835455,0.6115837707357911,0.49,0.62,0,0,2.4,3.0,0,0.07088693259075818,0.011089516498359106
2018-07-17,20,0,nested_purged_development_oos,Bull,Bull,0.3393628346166398,0.2873640766120687,0.3135753841634593,0.2780555135713447,0.17711685115200984,0.21916135538028278,0.16994493006789105,0.2154190544363037,0.3470617812199009,0.43458040981658647,0.7880030488607522,0.6076973464408166,0.49,0.62,0,0,2.4,3.0,0,0.0600325526515943,0.0068258912297089695
2018-07-18,20,0,nested_purged_development_oos,Sideway,Sideway,0.2839607822366094,0.2660622040703434,0.34422033054901124,0.2882752882552601,0.20120774988462453,0.23048579234442357,0.17061113732975475,0.2151767153299729,0.3718188872143793,0.44566250767439647,0.7941095648929682,0.6106295082870915,0.49,0.62,0,0,2.4,3.0,0,0.01994014884395281,-0.015840157504335543
2018-07-19,20,0,nested_purged_development_oos,Sideway,Sideway,0.24223129894680726,0.2503395310026899,0.3961436828022873,0.3072831877584376,0.20367386138026186,0.2328930528813865,0.1579511568706435,0.20948422835748606,0.3616250182509054,0.44237728123887254,0.7836393390435736,0.6056350232429577,0.49,0.62,0,0,2.4,3.0,0,0.021287322888278285,-0.017515341848245103
2018-07-20,20,0,nested_purged_development_oos,Bull,Sideway,0.2185200828594794,0.23797004994245258,0.35512725686278435,0.29133605782428934,0.23010242587207214,0.24314652591179345,0.1962502344056642,0.2275473663214646,0.42635266027773633,0.4706938922332581,0.831026600813464,0.6297101370378809,0.49,0.62,0,1,2.4,3.0,0,0.03731764527493286,-0.006244075806607737
2018-07-23,20,0,nested_purged_development_oos,Sideway,Sideway,0.22511166622359893,0.24210044915573214,0.386182641555474,0.3031517452404599,0.21617351948947752,0.23804777853366202,0.1725321727314496,0.21670002707014582,0.3887056922209271,0.45474780560380784,0.7831092065821409,0.6053862858747643,0.49,0.62,0,0,2.4,3.0,0,0.0344984797550371,-0.009826718278729689
2018-07-24,20,0,nested_purged_development_oos,Bull,Sideway,0.19258806546424934,0.2268784247693331,0.39046780158280986,0.30457304956649434,0.22681010916495,0.24287918498637787,0.19013402378799082,0.2256693406777947,0.41694413295294086,0.4685485256641726,0.6688941560088263,0.5583321515752793,0.49,0.62,0,0,2.4,3.0,0,0.04718403645846598,-0.006983043534495506
2018-07-25,20,0,nested_purged_development_oos,Bull,Sideway,0.16249153613742984,0.21153693698882192,0.3857594937956004,0.3032764313136107,0.23598789774546705,0.24712164686547688,0.21576107232150277,0.23806498483209043,0.4517489700669698,0.4851866316975673,0.685582051586888,0.564599011775698,0.49,0.62,0,0,2.4,3.0,0,0.057165002049030744,0.0027775702290980973
2018-07-26,20,0,nested_purged_development_oos,Bull,Sideway,0.17085580155379268,0.21713901290530824,0.4167826732760129,0.3148505780226993,0.2409689637154222,0.25058742157449865,0.17139256145477216,0.21742298749749395,0.41236152517019437,0.4680104090719926,0.6770901112425832,0.561391265532839,0.49,0.62,0,0,2.4,3.0,0,0.059678100212404016,0.005745910067007752
2018-07-27,20,0,nested_purged_development_oos,Bull,Sideway,0.16912380954805203,0.2155752104206329,0.40345494415637156,0.3096906587646752,0.2348934691181657,0.24719692510961364,0.19252777717741076,0.22753720570507813,0.42742124629557643,0.47473413081469173,0.7671937810504004,0.5980895035605572,0.49,0.62,0,0,2.4,3.0,0,0.053618172284316395,0.015075209245444598
2018-07-30,20,0,nested_purged_development_oos,Bull,Sideway,0.2658438710521489,0.26017629626176353,0.37403034125826706,0.2999515675166599,0.21865407175877044,0.2398311605647335,0.1414717159308136,0.20004097565684295,0.36012578768958403,0.43987213622157645,0.7822045524191669,0.6049627108841539,0.49,0.62,0,0,2.4,3.0,0,0.04346472519878142,0.003195797726490435
2018-07-31,20,0,nested_purged_development_oos,Bull,Sideway,0.24706487543592962,0.25231347020283573,0.36725483720881963,0.29762699463646486,0.2502961567735287,0.2536832302967534,0.13538413058172197,0.196376304863946,0.3856802873552506,0.4500595351606994,0.8611330845660747,0.6475402091672957,0.49,0.62,0,1,2.4,3.0,0,0.03976789404961575,-0.0037922482540086702
2018-08-01,20,0,nested_purged_development_oos,Bull,Sideway,0.17382206335772626,0.2212455451236638,0.45333129146175577,0.3298658575741166,0.24992748197247483,0.25738703384986356,0.12291916320804315,0.1915015634523561,0.37284664518051797,0.44888859730221964,0.843491782142587,0.6367950409942059,0.49,0.62,0,1,2.4,3.0,0,0.03648121632445428,0.0008183306512319301
2018-08-02,20,0,nested_purged_development_oos,Bull,Sideway,0.1778652547848975,0.22214536414044828,0.4436495569074794,0.32511173325924375,0.234106298122261,0.24908911276657317,0.14437889018536199,0.2036537898337347,0.378485188307623,0.45274290260030786,0.8562147262769966,0.6444504659502241,0.49,0.62,0,1,2.4,3.0,0,0.045631552081783315,0.0033920695862057464
2018-08-03,20,0,nested_purged_development_oos,Bull,Sideway,0.18766016474372318,0.22606450675958065,0.4278686622320346,0.31869362452716976,0.22314870080257612,0.24298249858145993,0.16132247222166607,0.21225937013178958,0.38447117302424216,0.4552418687132495,0.9290187131583938,0.7020831733226074,0.49,0.62,0,1,2.4,3.0,0,0.030723657716830898,-0.0029325993288064106
2018-08-06,20,0,nested_purged_development_oos,Sideway,Sideway,0.18562901170793306,0.2253064041352858,0.42575942438522313,0.31841208579264,0.2388738606597823,0.25026955788018684,0.1497377032470615,0.20601195219188748,0.3886115639068438,0.4562815100720743,0.9311974502824382,0.7044147815165611,0.49,0.62,0,1,2.4,3.0,0,0.01622827001385438,-0.003588907462978462
2018-08-07,20,0,nested_purged_development_oos,Sideway,Sideway,0.13625106827057173,0.19917114092548177,0.4410173323005599,0.3249186476253245,0.2540407016054508,0.25820292391432725,0.16869089782341767,0.2177072875348664,0.42273159942886845,0.47591021144919365,0.9358856009192789,0.7096341944146951,0.49,0.62,0,1,2.4,3.0,0,0.012102597819898421,0.004775418842809872
2018-08-08,20,0,nested_purged_development_oos,Sideway,Sideway,0.1982931935950096,0.2319101166555858,0.4325458661982108,0.32096290620929246,0.2277414555891959,0.24568330534638527,0.14141948461758366,0.20144367178873634,0.3691609402067796,0.4471269771351216,0.9044823832312214,0.6790372055758436,0.49,0.62,0,1,2.4,3.0,0,-0.008397210104434618,-0.008397210104434618
2018-08-09,20,0,nested_purged_development_oos,Sideway,Sideway,0.13288985574109988,0.19618985535328107,0.4207544348993894,0.31712726137992464,0.23932412236452602,0.25068748253565276,0.20703158699498478,0.23599540073114142,0.4463557093595108,0.4866828832667942,0.9509873653282301,0.7287864470091653,0.49,0.62,0,1,2.4,3.0,0,0.0055889195365372325,-0.0055263996944636936
2018-08-10,20,0,nested_purged_development_oos,Sideway,Sideway,0.1976389317158314,0.23088875365525113,0.4263176887588762,0.3180617682016969,0.21602950819283467,0.2396089415687613,0.1600138713324577,0.21144053657429066,0.3760433795252924,0.45104947814305196,0.9439886962369831,0.7194066330361222,0.49,0.62,0,1,2.4,3.0,0,0.0019290189135330892,-0.010671418471661451
2018-08-13,20,0,nested_purged_development_oos,Sideway,Sideway,0.2599780985826143,0.25812694415329357,0.39353204699768374,0.30679720514881087,0.1951587037664976,0.22905405824997108,0.15133115065320432,0.20602179244792446,0.3464898544197019,0.43507585069789556,0.9406707190954703,0.7152790965991866,0.49,0.62,0,1,2.4,3.0,0,0.007151984028563735,-0.0205044808339871
2018-08-14,20,0,nested_purged_development_oos,Sideway,Sideway,0.21094840633698395,0.2372690521536295,0.41955767653383974,0.3159833420905195,0.22222932360604966,0.24247570284944597,0.1472645935231267,0.20427190290640518,0.36949391712917634,0.44674760575585115,0.9138376407314163,0.6872168679949222,0.49,0.62,0,1,2.4,3.0,0,0.008894465541275634,-0.02073961739318251
2018-08-15,20,0,nested_purged_development_oos,Bull,Sideway,0.1477338695364063,0.2037977527705401,0.38550742537095073,0.30392260646535635,0.2613066846569475,0.2584612320591654,0.20545202043569566,0.23381840870493809,0.46675870509264317,0.49227964076410347,0.9386760395699812,0.7128841759276662,0.49,0.62,1,1,2.4,3.0,0,0.027272738700283617,-0.0033132623195855264
2018-08-16,20,0,nested_purged_development_oos,Bull,Sideway,0.17501455095948953,0.21971182042948398,0.4115382120281377,0.3137449608950768,0.2636056589649623,0.260597549244296,0.1498415780474106,0.20594566943114326,0.4134472370123729,0.46654321867543924,0.9085392992409436,0.6825053911632428,0.49,0.62,0,1,2.4,3.0,0,0.027675854411163322,-0.006335620707820541
2018-08-17,20,0,nested_purged_development_oos,Sideway,Sideway,0.1472522264884766,0.20459251074913132,0.40084410217981314,0.31053012892750437,0.2854717006491674,0.26957641619035394,0.16643197068254292,0.2153009441330103,0.4519036713317103,0.48487736032336426,0.8991918073959151,0.6746792074076844,0.49,0.62,0,1,2.4,3.0,0,0.019147117763872006,-0.01109467705283765
2018-08-20,20,0,nested_purged_development_oos,Sideway,Sideway,0.16029962115013854,0.2109227138577283,0.379949497197993,0.3021949887036913,0.28372959068400333,0.26757471637123886,0.1760212909678652,0.2193075810673417,0.4597508816518685,0.4868822974385806,0.8131162482293257,0.6201368453813145,0.49,0.62,0,1,2.4,3.0,0,0.02431975435092923,-0.011858154005063938
2018-08-21,20,0,nested_purged_development_oos,Sideway,Sideway,0.23286040484970996,0.24525390562418278,0.35795046668048713,0.29337220665854596,0.25417803576590897,0.25437060335253037,0.15501109270389404,0.2070032843647409,0.40918912846980304,0.4613738877172713,0.7328777118256917,0.5833216329144622,0.49,0.62,0,0,2.4,3.0,0,0.016539179386469222,-0.021700035964258575
2018-08-22,20,0,nested_purged_development_oos,Sideway,Sideway,0.2070391888277877,0.23290915046066593,0.3518655275079649,0.2905058970710104,0.25768299517142906,0.255143035989515,0.18341228849281843,0.22144191647880876,0.4410952836642475,0.4765849524683238,0.8656601028031715,0.6504549831884089,0.49,0.62,0,1,2.4,3.0,0,0.022740034374938153,-0.0246979580203279
2018-08-23,20,0,nested_purged_development_oos,Sideway,Sideway,0.23530723315109311,0.24486567914041238,0.3260339985876697,0.28050423547542536,0.2475285169675078,0.2500865884808983,0.1911302512937293,0.22454349690326386,0.43865876826123706,0.4746300853841622,0.811828589916572,0.6194729977144044,0.49,0.62,0,0,2.4,3.0,0,0.01568616267266533,-0.029988626412799344
2018-08-24,20,0,nested_purged_development_oos,Bull,Sideway,0.20218135374335533,0.2309027620073092,0.35865789297235573,0.29319315923707256,0.2607080663126364,0.25670521884928627,0.17845268697165265,0.219198859906332,0.43916075328428905,0.47590407875561824,0.6883040556072041,0.5656359097159415,0.49,0.62,0,0,2.4,3.0,0,0.024261325884926403,-0.029674608551719446
2018-08-27,20,0,nested_purged_development_oos,Sideway,Sideway,0.20919043926776332,0.2347106791200117,0.3871810565543071,0.3033457830686141,0.22098764501670362,0.24013773915168063,0.18264085916122585,0.22180579865969358,0.4036285041779295,0.4619435378113742,0.680252648916292,0.562581195379219,0.49,0.62,0,0,2.4,3.0,0,0.018795555957017193,-0.03459637071162923
2018-08-28,20,0,nested_purged_development_oos,Sideway,Sideway,0.24572416691664986,0.2522693331061669,0.40261779426741034,0.3098964359657529,0.2001681749170005,0.23161096086736693,0.15148986389893931,0.20622327006071325,0.3516580388159398,0.43783423092808016,0.6604784017503745,0.555226000868845,0.49,0.62,0,0,2.4,3.0,0,0.01438572294781209,-0.03788758554296256
2018-08-29,20,0,nested_purged_development_oos,Bull,Sideway,0.16970317910305247,0.21433454509747416,0.339361074770881,0.2860863874558259,0.2643050701431421,0.25778954812376315,0.22663067598292436,0.24178951932293666,0.49093574612606644,0.4995790674466998,0.7546502550685518,0.5925514956916587,0.49,0.62,1,0,2.4,3.0,0,0.027153609346188032,-0.030808659563792404
2018-08-30,20,0,nested_purged_development_oos,Sideway,Sideway,0.28006258321708183,0.2636831369705076,0.3205067967752888,0.2789276625113586,0.22168073451081635,0.239210028246504,0.1777498854968131,0.21817917227162978,0.3994306200076294,0.4573892005181338,0.7026774006017779,0.5711864267510268,0.49,0.62,0,0,2.4,3.0,0,0.018916800689068064,-0.04077732597235326
2018-08-31,20,0,nested_purged_development_oos,Bull,Bear,0.18716324420751948,0.2224517098180039,0.28700023744404396,0.26582436575797597,0.2937555006442754,0.26841370254851055,0.2320810177041612,0.24331022187550969,0.5258365183484366,0.5117239244240203,0.85949424738262,0.6465020234219995,0.49,0.62,1,1,2.4,3.0,0,0.023312848529627426,-0.032194100522413074
2018-09-04,20,0,nested_purged_development_oos,Bull,Sideway,0.1633408538077442,0.21077773532600996,0.30811406112403456,0.27457754922241834,0.24093965191889752,0.24783559106065575,0.2876054331493238,0.266809124390916,0.5285450850682213,0.5146447154515718,0.7481416029857929,0.589744297421794,0.49,0.62,1,0,2.4,3.0,0,0.0429698184743845,-0.018355020953608678
2018-09-05,20,0,nested_purged_development_oos,Bull,Sideway,0.15349128855240216,0.2058559087330703,0.31767044778962417,0.2787311169813472,0.23080626210838798,0.24399538406517843,0.2980320015495857,0.2714175902204041,0.5288382636579737,0.5154129742855825,0.640571193979488,0.5480053523847629,0.49,0.62,1,0,2.4,3.0,0,0.05226345681102483,-0.010640441296674111
2018-09-06,20,0,nested_purged_development_oos,Bull,Stress,0.13018823353033965,0.19336511190383693,0.3178886319954687,0.28049243012413116,0.21942575699105155,0.24034941258496131,0.33249737748314007,0.2857930453870706,0.5519231344741916,0.526142457972032,0.6560966085779204,0.5536219355938771,0.49,0.62,1,0,2.4,3.0,0,0.06605455481717076,0.011115319231001118
2018-09-07,20,0,nested_purged_development_oos,Bull,Sideway,0.19388643792778532,0.2258278179183267,0.3237504643481561,0.2796106279558225,0.23146696670411226,0.2431288150008131,0.2508961310199463,0.2514327391250377,0.48236309772405855,0.4945615541258508,0.6029103251029356,0.5347444417425924,0.49,0.62,1,0,2.4,3.0,0,0.03994887117391322,0.001485118154193626
2018-09-10,20,0,nested_purged_development_oos,Bull,Sideway,0.19020595270391333,0.22413335604789544,0.3222532706434197,0.279197809270531,0.26410440329165064,0.25698215578618516,0.22343637336101635,0.23968667889538842,0.487540776652667,0.4966688346815736,0.5592052528044418,0.5198177161329979,0.49,0.62,1,0,2.4,3.0,0,0.026221206709792624,0.01505602747735622
2018-09-11,20,0,nested_purged_development_oos,Sideway,Bull,0.28027661089324113,0.26289758479722036,0.26513783907054284,0.25688492518146033,0.26490534108675545,0.25679104239544215,0.18968020894946058,0.22342644762587713,0.45458555003621604,0.4802174900213193,0.46705026636152264,0.4890025887020461,0.49,0.62,0,0,2.4,3.0,0,0.011235449421341623,0.0019776180719074457
2018-09-12,20,0,nested_purged_development_oos,Sideway,Sideway,0.24902170448610356,0.25013520875816314,0.2934994343997411,0.2678627695384386,0.2565095236172131,0.2532420276380912,0.20096933749694235,0.22875999406530703,0.4574788611141554,0.48200202170339823,0.3520384435686991,0.44933358110001703,0.49,0.62,0,0,2.4,3.0,0,0.007016793303757711,0.0006077118822513878
2018-09-13,20,0,nested_purged_development_oos,Bear,Sideway,0.27849327472927704,0.2627844362679797,0.28532171206489926,0.26545017679629834,0.2666005317774549,0.25804905012077883,0.16958448142836877,0.2137163368149431,0.4361850132058237,0.4717653869357219,0.37089540218516387,0.4560820165222938,0.49,0.62,0,0,2.4,3.0,1,-0.04350580595865082,-0.04350580595865082
2018-09-14,20,0,nested_purged_development_oos,Bear,Bull,0.2755289652926735,0.2607986896538807,0.27445830906602847,0.26037595301004707,0.2469317168373377,0.24915871235295872,0.20308100880396035,0.22966664498311345,0.450012725641298,0.4788253573360722,0.6158084191708425,0.5392353826486128,0.49,0.62,0,0,2.4,3.0,1,-0.021679020955520652,-0.046931280057765506
2018-09-17,20,0,nested_purged_development_oos,Bear,Sideway,0.23550502425583758,0.24396508859866275,0.27572587277587607,0.2605313018631201,0.2413425581502249,0.24646678848466197,0.2474265448180615,0.2490368210535551,0.4887691029682864,0.49550360953821704,0.6688917579060537,0.5583312615342875,0.49,0.62,1,0,2.4,3.0,1,-0.037101070963023876,-0.04316159975549125
2018-09-18,20,0,nested_purged_development_oos,Bear,Bull,0.3245696782397941,0.2805692297883543,0.2878413317789822,0.2668756054368643,0.18629287829895386,0.22262648780699973,0.20129611168226985,0.22992867696778171,0.3875889899812237,0.4525551647747814,0.565984489235936,0.522109439564833,0.49,0.62,0,0,2.4,3.0,1,-0.030786442518195747,-0.04909771329477497
2018-09-19,20,0,nested_purged_development_oos,Bear,Sideway,0.27219591559742856,0.2596206608213393,0.2825993550592078,0.2637099816943524,0.19604743544334283,0.2264413497455081,0.24915729390002078,0.2502280077388002,0.44520472934336364,0.47666935748430833,0.44063891604567534,0.4801296824998307,0.49,0.62,0,0,2.4,3.0,1,-0.024341106382667694,-0.051159020289509485
2018-09-20,20,0,nested_purged_development_oos,Stress,Bull,0.37499297479949745,0.2992948506018932,0.22907317306328984,0.24373180409998974,0.16326277066355435,0.21165372894174575,0.23267108147365834,0.24531961635637134,0.39593385213721266,0.45697334529811706,0.3536696344938736,0.44992282683604207,0.49,0.62,0,0,2.4,3.0,1,-0.04194272966713021,-0.060357797334047766
2018-09-21,20,0,nested_purged_development_oos,Stress,Stress,0.26409700247617246,0.2564655001156657,0.239726821995809,0.24632553434180224,0.19781021656487477,0.22736894040120909,0.29836595896314383,0.2698400251413229,0.4961761755280186,0.49720896554253197,0.3481001307283049,0.44790632913470346,0.49,0.62,1,0,2.4,3.0,1,-0.04549738698226281,-0.05859459402424649
2018-09-24,20,0,nested_purged_development_oos,Stress,Bull,0.2996259980349274,0.270124114214863,0.23672109380015335,0.24486157178740584,0.2112957615632574,0.23353916730318455,0.25235714660166186,0.2514751466945465,0.4636529081649193,0.4850143139977311,0.4001838766258877,0.466326132870723,0.49,0.62,0,0,2.4,3.0,1,-0.05883210993414523,-0.0668557393754275
2018-09-25,20,0,nested_purged_development_oos,Stress,Stress,0.2351678113327273,0.24424159361177383,0.22788461598489546,0.24106089391152455,0.2270948650978909,0.2407124521511501,0.3098527075844864,0.27398506032555153,0.5369475726823774,0.5146975124767017,0.3543195318789236,0.4501572891633611,0.49,0.62,1,0,2.4,3.0,1,-0.07289862305439439,-0.07289862305439439
2018-09-26,20,0,nested_purged_development_oos,Stress,Stress,0.22693629780709326,0.24138713255674107,0.22798708352903757,0.2418522124756338,0.20242627946843866,0.23016114117175998,0.3426503391954306,0.28659951379586507,0.5450766186638693,0.516760654967625,0.8981482042651778,0.6738401767515242,0.49,0.62,1,1,2.4,3.0,1,-0.08998272931851264,-0.08998272931851264
2018-09-27,20,0,nested_purged_development_oos,Stress,Stress,0.2505124630622579,0.25114094535527975,0.23100572371024156,0.242799679751989,0.19869886305175952,0.22802722923664365,0.3197829501757411,0.27803214565608764,0.5184818132275006,0.5060593748927313,0.8906414037508319,0.6679889045565072,0.49,0.62,1,1,2.4,3.0,1,-0.10937696181963945,-0.10937696181963945
2018-09-28,20,0,nested_purged_development_oos,Stress,Stress,0.2689254366950498,0.2582741598799254,0.24512570489479743,0.24849235365986658,0.19970697817659347,0.22815580510772063,0.28624188023355934,0.2650776813524875,0.4859488584101528,0.49323348646020815,0.8782939821969763,0.6589887453068761,0.49,0.62,1,1,2.4,3.0,1,-0.12143475519574588,-0.12143475519574588
2018-10-01,20,0,nested_purged_development_oos,Stress,Stress,0.22768645656428396,0.24075799405156464,0.24933580431112862,0.25004441191379195,0.22994216007084767,0.24174897223471079,0.29303557905373984,0.2674486217999327,0.5229777391245876,0.5091975940346435,0.90773522595044,0.6818087922107062,0.49,0.62,1,1,2.4,3.0,1,-0.13065829688952427,-0.13065829688952427
2018-10-02,20,0,nested_purged_development_oos,Stress,Stress,0.2704379199361146,0.2599068903073679,0.19730039084619114,0.2279080205716868,0.19835565916539502,0.2284151364476614,0.3339060300522992,0.2837699526732838,0.5322616892176942,0.5121850891209452,0.9317855735737397,0.7050540223635431,0.49,0.62,1,1,2.4,3.0,1,-0.1366224592979626,-0.1366224592979626
2018-10-03,20,0,nested_purged_development_oos,Stress,Bull,0.2899567082621566,0.26649560143364454,0.21654628063209064,0.23597393350703755,0.218388585591061,0.23680836254178367,0.2751084255146918,0.26072210251753436,0.4934970111057528,0.49753046505931803,0.9450954109850852,0.7208260907417737,0.49,0.62,1,1,2.4,3.0,1,-0.10928825047947362,-0.13820151797766847
2018-10-04,20,0,nested_purged_development_oos,Stress,Bull,0.3357004944151605,0.28400357616109917,0.20912856437064728,0.2331753917347725,0.2125362224434303,0.2347510529232142,0.24263471877076204,0.24806997918091409,0.4551709412141923,0.4828210321041283,0.9486347112811621,0.7255220216418322,0.49,0.62,0,1,2.4,3.0,1,-0.11990031820962685,-0.1413521746871404
2018-10-05,20,0,nested_purged_development_oos,Stress,Stress,0.20743462634230536,0.23290480482520068,0.18434210906247767,0.22172848478718407,0.2679692970328914,0.2591274122061404,0.3402539675623256,0.28623929818147487,0.608223264595217,0.5453667103876152,0.9710431891921958,0.7632995568760789,0.49,0.62,1,1,2.4,3.0,1,-0.08646790385856941,-0.12636181027488375
2018-10-08,20,0,nested_purged_development_oos,Stress,Stress,0.1669189825923549,0.21415288717479153,0.19202143399356622,0.22702599725244688,0.2507695739441119,0.2537334537545357,0.390290009469967,0.3050876618182259,0.6410595834140789,0.5588211155727616,0.9560665241791146,0.736278917760969,0.49,0.62,1,1,2.4,3.0,1,-0.0735011858558853,-0.11411926396495667
2018-10-09,20,0,nested_purged_development_oos,Stress,Stress,0.1838045567556365,0.2211840179894563,0.22207639629344436,0.23932126856418404,0.2637690397340886,0.25710778087226344,0.3303500072168306,0.2823869325740962,0.5941190469509192,0.5394947134463597,0.9434404313523337,0.7187115845474723,0.49,0.62,1,1,2.4,3.0,1,-0.07733855042272161,-0.11418953415386185
2018-10-10,20,0,nested_purged_development_oos,Stress,Stress,0.17381329565465406,0.21698967931516439,0.20975892234239996,0.23466843750390662,0.24763180958716724,0.251472506229256,0.3687959724157788,0.2968693769516729,0.616427782002946,0.5483418831809289,0.9043552809899765,0.6789303797038331,0.49,0.62,1,1,2.4,3.0,1,-0.07497822010541602,-0.1119484961081853
2018-10-11,20,0,nested_purged_development_oos,Sideway,Sideway,0.20681109535631864,0.23159351455820443,0.3059551362665536,0.27264321276942144,0.23195677771221856,0.24293508470433894,0.25527699066490916,0.25282818796803513,0.48723376837712773,0.4957632726723741,0.009992995657190992,0.17770964749672197,0.49,0.62,1,0,2.4,3.0,0,-0.020949718471412953,-0.062377814931187894
2018-10-12,20,0,nested_purged_development_oos,Bear,Sideway,0.26129657779211013,0.2574833920000101,0.37252137426134957,0.29848545253447223,0.18137025173815194,0.22114613874692796,0.18481179620838845,0.2228850167185897,0.3661820479465404,0.44403115546551764,0.010208737987871622,0.17876311971722383,0.49,0.62,0,0,2.4,3.0,1,-0.05923073454195697,-0.08763007403343273
2018-10-15,20,0,nested_purged_development_oos,Bear,Sideway,0.17137521218549023,0.21602093518501136,0.37598722055670997,0.2996904872829182,0.1995326153306007,0.2301565271486423,0.25310495192719906,0.2541320503834281,0.4526375672577998,0.48428857753207044,0.011115778574456791,0.18301231802151974,0.49,0.62,0,0,2.4,3.0,1,-0.03585871098188221,-0.06843834372365518
2018-10-16,20,0,nested_purged_development_oos,Bear,Sideway,0.23747686691831835,0.24673500442707588,0.35646696199960703,0.2922334487856992,0.2331177581004922,0.24483769777525277,0.17293841298158244,0.21619384901197222,0.40605617108207465,0.461031546787225,0.018061828837754937,0.20884373998389066,0.49,0.62,0,0,2.4,3.0,1,-0.06208280892399484,-0.08068908570776695
2018-10-17,20,0,nested_purged_development_oos,Bear,Sideway,0.24153238701919638,0.24900551523503628,0.35890907648706855,0.2936834081146297,0.2443698338252996,0.2502202141469896,0.15518870266843562,0.2070908625033444,0.3995585364937352,0.457311076650334,0.02099039662792006,0.2174097423925184,0.49,0.62,0,0,2.4,3.0,1,-0.07551663399175701,-0.08919572883802962
2018-10-18,20,0,nested_purged_development_oos,Bear,Sideway,0.2029834785786258,0.23107402629298712,0.3605748657240082,0.2935782978740613,0.24611174486796675,0.25038846549075217,0.19032991082939935,0.22495921034219946,0.4364416556973661,0.4753476758329516,0.021826206585816237,0.21968117008976418,0.49,0.62,0,0,2.4,3.0,1,-0.07131827872941754,-0.08079288259810541
2018-10-19,20,0,nested_purged_development_oos,Bear,Sideway,0.20556950067843943,0.23181891982023384,0.34367530009797853,0.2871736320739243,0.25077696121984633,0.2518368483030673,0.19997823800373576,0.2291705998027745,0.4507551992235821,0.4810074481058418,0.026537586439553524,0.23133902894612926,0.49,0.62,0,0,2.4,3.0,1,-0.06484186304936494,-0.07547502197317144
2018-10-22,20,0,nested_purged_development_oos,Bear,Sideway,0.18537023851182205,0.22204545573225584,0.34057546682536766,0.2860975373221951,0.2259411696243288,0.24113298620619528,0.24811312503848154,0.2507240207393538,0.47405429466281035,0.49185700694554907,0.034078690263169724,0.2469764773859144,0.49,0.62,1,0,2.4,3.0,1,-0.040068047950095984,-0.07040144437247012
2018-10-23,20,0,nested_purged_development_oos,Sideway,Sideway,0.20163695188859507,0.22984781495506607,0.3449145950606155,0.2874634606787699,0.2219772873006586,0.23923867375757268,0.23147116575013077,0.2434500506085913,0.4534484530507894,0.48268872436616395,0.03634302438350624,0.25113319072540824,0.49,0.62,0,0,2.4,3.0,0,-0.022231506869691726,-0.055790923484221495
2018-10-24,20,0,nested_purged_development_oos,Sideway,Stress,0.16660481049079032,0.21330464463469895,0.30985667190955657,0.27623637110041904,0.1922503702773342,0.2264167221712075,0.3312881473223189,0.2840422620936745,0.5235385175996531,0.510458984264882,0.0828139325848449,0.309689492580418,0.49,0.62,1,0,2.4,3.0,0,-0.00018425288218226255,-0.037588199042231665
2018-10-25,20,0,nested_purged_development_oos,Sideway,Stress,0.19000857863196313,0.22551394321387927,0.2626122732239952,0.25806700777195307,0.17509015010126666,0.21796007213419658,0.37228899804277504,0.29845897687997114,0.5473791481440418,0.5164190490141677,0.1624662546430777,0.3666387911358622,0.49,0.62,1,0,2.4,3.0,0,0.01553511857144019,-0.023882926960310503
2018-10-26,20,0,nested_purged_development_oos,Sideway,Stress,0.15350039867143297,0.20670494228882944,0.2884283429407006,0.2688361735636585,0.19627927551053248,0.22900040569119667,0.36179198287733405,0.29545847845631534,0.5580712583878665,0.524458884147512,0.08904753980389513,0.31537544470657536,0.49,0.62,1,0,2.4,3.0,0,0.018859250722301248,-0.01355699133564508
2018-10-29,20,0,nested_purged_development_oos,Bull,Stress,0.1784155686862798,0.22076912180949304,0.25986157490078304,0.2582164339472731,0.16192788119438384,0.21202742158103097,0.3997949752185533,0.3089870226622029,0.5617228564129371,0.5210144442432338,0.10015344621583047,0.3247910249395709,0.49,0.62,1,0,2.4,3.0,0,0.035597868692237564,-0.00014627203248569678
2018-10-30,20,0,nested_purged_development_oos,Bull,Stress,0.19578872593049768,0.22740152733911742,0.2730055196073771,0.26118803137358,0.19153078543023094,0.22532770300770694,0.3396749690318943,0.2860827382795957,0.5312057544621253,0.5114104412873026,0.0838617694914985,0.31066779774720465,0.49,0.62,1,0,2.4,3.0,0,0.03801076859642448,0.009474603868687818
2018-10-31,20,0,nested_purged_development_oos,Sideway,Sideway,0.25046658927410503,0.252258752976046,0.3126216311256393,0.27666767514783885,0.2847044365426638,0.2660917592897791,0.15220734305759187,0.20498181258633608,0.4369117796002557,0.47107357187611515,0.35959521552472745,0.45205431755456976,0.49,0.62,0,0,2.4,3.0,0,0.016737881001814,-0.019438663629506997
2018-11-01,20,0,nested_purged_development_oos,Sideway,Sideway,0.19706722259664927,0.23045278145806625,0.40460958140948183,0.31099806759277254,0.25406499933644366,0.25618457226527075,0.14425819665742534,0.20236457868389054,0.398323195993869,0.45854915094916127,0.2022602045912971,0.38760062411038737,0.49,0.62,0,0,2.4,3.0,0,0.020526677918094198,-0.011977252608825628
2018-11-02,20,0,nested_purged_development_oos,Sideway,Sideway,0.26077544376650397,0.2562551494848933,0.341913910262604,0.2868755045038436,0.22105595324768937,0.2392052656718581,0.17625469272320268,0.21766408033940512,0.39731064597089205,0.4568693460112632,0.30498249170383523,0.4317877479533713,0.49,0.62,0,0,2.4,3.0,0,0.0018148433197708474,-0.0304193025476266
2018-11-05,20,0,nested_purged_development_oos,Sideway,Sideway,0.261874224302814,0.26037367218743723,0.3899916624947871,0.3073723553942218,0.23572010089863732,0.24920514922340706,0.11241401230376163,0.18304882319493393,0.34813411320239895,0.43225397241834096,0.2332495249808617,0.4021092549640917,0.49,0.62,0,0,2.4,3.0,0,0.027767723357461513,-0.031143474240383544
2018-11-06,20,0,nested_purged_development_oos,Bull,Sideway,0.1737458274302188,0.2182784373363587,0.3704166773212226,0.29922708217289223,0.3009650504398903,0.2744278629655137,0.15487244480866838,0.2080666175252353,0.45583749524855866,0.482494480490749,0.16793182520245079,0.36971210231399654,0.49,0.62,0,0,2.4,3.0,0,0.039124768484081376,-0.02737637986245241
2018-11-07,20,0,nested_purged_development_oos,Bull,Bear,0.18424131014757342,0.22233915098633933,0.2894560531500575,0.2683886334907959,0.3470924896934251,0.28948330860470484,0.17921014700894405,0.21978890691815992,0.5263026367023691,0.5092722155228647,0.20545507502651858,0.3891593133713291,0.49,0.62,1,0,2.4,3.0,0,0.037230926951904754,-0.027495672134081408
2018-11-08,20,0,nested_purged_development_oos,Bull,Bear,0.1754790369657624,0.21817962904497626,0.2929894433664817,0.270131566244371,0.353023316573801,0.29194772420988513,0.17850820309395493,0.2197410805007676,0.5315315196677559,0.5116888047106527,0.18990359658772607,0.38141524154439255,0.49,0.62,1,0,2.4,3.0,0,0.030346276290671607,-0.03195349259108707
2018-11-09,20,0,nested_purged_development_oos,Bull,Bear,0.12154712645734359,0.18838637223454532,0.2509566269837823,0.25482300815840264,0.37415288695233756,0.30096060521856155,0.2533433596065366,0.25583001438849035,0.6274962465588741,0.5567906196070519,0.3961426443577921,0.4649273899086671,0.49,0.62,1,0,2.4,3.0,0,0.047315647009830215,-0.018924735622787892
2018-11-12,20,0,nested_purged_development_oos,Bull,Bear,0.1581490763249085,0.2097964892974663,0.2543063628659785,0.25571288929660624,0.39758958634316177,0.30804797527359973,0.18995497446595122,0.22644264613232773,0.587544560809113,0.5344906214059275,0.2574469488382254,0.4126324454266303,0.49,0.62,1,0,2.4,3.0,0,0.04031474263790672,-0.02310502887308509
2018-11-13,20,0,nested_purged_development_oos,Bull,Bear,0.12632761121438,0.19148363416812345,0.20571300437241136,0.2346207601980358,0.3571489241994717,0.29525319370599007,0.31081046021373704,0.27864241192785066,0.6679593844132088,0.5738956056338407,0.45916577980619494,0.486361594045691,0.49,0.62,1,0,2.4,3.0,0,0.052916708094815156,-0.009131672915084306
2018-11-14,20,0,nested_purged_development_oos,Bull,Stress,0.11357477966505383,0.1840180604564664,0.19692347625589315,0.23144631921727826,0.34110303222924515,0.29097922382166075,0.3483987118498079,0.2935563965045946,0.6895017440790531,0.5845356203262553,0.3893784750732791,0.4625763267520268,0.49,0.62,1,0,2.4,3.0,0,0.06483816655939996,-0.004204490977584781
2018-11-15,20,0,nested_purged_development_oos,Bull,Stress,0.10826051191908583,0.18072448562053295,0.1999294021289451,0.23335641464629525,0.3153847625615876,0.28216605100197073,0.3764253233903816,0.3037530487312011,0.6918100859519691,0.5859190997331718,0.29682241267214865,0.4286180224068644,0.49,0.62,1,0,2.4,3.0,0,0.06797059506733841,0.0011585550551187845
2018-11-16,20,0,nested_purged_development_oos,Bull,Bear,0.10399727059954485,0.17725408153462466,0.23729146342489962,0.24996046070344352,0.3513396330825713,0.2943676483673455,0.3073716328929843,0.2784178093945863,0.6587112659755556,0.5727854577619318,0.23324845121417395,0.4021087738142355,0.49,0.62,1,0,2.4,3.0,0,0.0582254235016123,0.019700237498567513
2018-11-19,20,0,nested_purged_development_oos,Sideway,Bear,0.18156637052532945,0.22193846012053908,0.22194281330493526,0.2413060808599288,0.4060915548931808,0.3103805243669519,0.19039926127655463,0.22637493465258013,0.5964908161697354,0.536755459019532,0.3967039165175187,0.4651219126635739,0.49,0.62,1,0,2.4,3.0,0,0.01901977095272687,0.002082845635572233
2018-11-20,20,0,nested_purged_development_oos,Sideway,Bear,0.16673200679149336,0.21489437026683836,0.27393023016854345,0.26428171428369035,0.397729614493301,0.30870625891824993,0.1616081485466622,0.2121176565312213,0.5593377630399632,0.5208239154494713,0.34227959271872493,0.4457846518787096,0.49,0.62,1,0,2.4,3.0,0,0.008915331465182539,-0.0011431745565835061
2018-11-21,20,0,nested_purged_development_oos,Sideway,Bear,0.17060370180355203,0.21742867492442342,0.2839907726593903,0.26886342519275813,0.3993121677361074,0.3098859300964433,0.14609335780095023,0.20382196978637532,0.5454055255370576,0.5137078998828186,0.3166378761042912,0.43624345082084265,0.49,0.62,1,0,2.4,3.0,0,-0.0036051727613321044,-0.00498770410210321
2018-11-22,20,0,nested_purged_development_oos,Sideway,Bear,0.14660323987829407,0.2049647771950228,0.28517623184294744,0.2704477051478794,0.4165477551867355,0.31669879726298333,0.15167277309202307,0.2078887203941145,0.5682205282787586,0.5245875176570978,0.35709509181416127,0.45115670121490653,0.49,0.62,1,0,2.4,3.0,0,-0.006707719461686144,-0.007001803473804419
2018-11-23,20,0,nested_purged_development_oos,Sideway,Bear,0.126621172663741,0.19178866299699632,0.2585884442457783,0.2582452987452563,0.39087710287891847,0.30675764124944915,0.22391328021156218,0.24320839700829816,0.6147903830904806,0.5499660382577474,0.3746542465993008,0.4574116850215647,0.49,0.62,1,0,2.4,3.0,0,-0.006239673184086433,-0.006239673184086433
2018-11-26,20,0,nested_purged_development_oos,Sideway,Bear,0.12187881802550743,0.19015246602154162,0.2958573727572641,0.2751584555174337,0.4108487722211683,0.3154999987490706,0.17141503699606017,0.21918907971195412,0.5822638092172284,0.5346890784610248,0.35741413650461173,0.4512713842212989,0.49,0.62,1,0,2.4,3.0,0,-0.013631680431320174,-0.013631680431320174
2018-11-27,20,0,nested_purged_development_oos,Bear,Bear,0.13446688754812444,0.19746546086897598,0.30283922576664046,0.2769532500387358,0.39635427855306166,0.3098153222020042,0.1663396081321735,0.21576596689028416,0.5626938866852351,0.5255812890922884,0.3445170438175248,0.44660201389182347,0.49,0.62,1,0,2.4,3.0,1,-0.02765598596121003,-0.02765598596121003
2018-11-28,20,0,nested_purged_development_oos,Bear,Bear,0.17284172163593745,0.21868040429345745,0.2747971180006141,0.26528418735327763,0.40653648686315136,0.3123065521389504,0.1458246735002972,0.20372885621431447,0.5523611603634486,0.5160354083532649,0.3279631353370082,0.44049895334992784,0.49,0.62,1,0,2.4,3.0,1,-0.042213792550995805,-0.042213792550995805
2018-11-29,20,0,nested_purged_development_oos,Bear,Bear,0.13222115668311998,0.19475747867412938,0.28465892332619247,0.2680736213427769,0.3657302147418728,0.29757910317193137,0.2173897052488147,0.23958979681116235,0.5831199199906875,0.5371688999830937,0.3348051465029553,0.44303743323191996,0.49,0.62,1,0,2.4,3.0,1,-0.028432644118448668,-0.03854117844659452
2018-11-30,20,0,nested_purged_development_oos,Bear,Bear,0.1399173896800493,0.19878110842792543,0.29805801951936306,0.27240844895325467,0.3390905890403754,0.28744855225201443,0.22293400176021216,0.2413618903668055,0.5620245908005876,0.5288104426188199,0.3170491018606084,0.43639920228617185,0.49,0.62,1,0,2.4,3.0,1,-0.0373858874494014,-0.038271393787072186
2018-12-03,20,0,nested_purged_development_oos,Bear,Sideway,0.2624691030271028,0.2574152383420365,0.331342085484172,0.2836614107367042,0.25481592024630534,0.25426079881340247,0.15137289124241982,0.20466255210785686,0.40618881148872515,0.45892335092125935,0.38885082153197953,0.46239238576502883,0.49,0.62,0,0,2.4,3.0,1,-0.06494844551751984,-0.06494844551751984
2018-12-04,20,0,nested_purged_development_oos,Stress,Sideway,0.2888577340573766,0.26794755281131105,0.31883763264520987,0.2792021670933338,0.24304081173253134,0.24934335446532302,0.14926382156488233,0.20350692563003211,0.39230463329741366,0.4528502800953551,0.4569488799310016,0.4856179738304063,0.49,0.62,0,0,2.4,3.0,1,-0.08782708878129887,-0.08782708878129887
2018-12-05,20,0,nested_purged_development_oos,Stress,Bear,0.2601929533381171,0.25503828999510486,0.26820297458109443,0.25828077406906513,0.2874221216957282,0.26583714428738353,0.18418195038506033,0.2208437916484465,0.4716040720807886,0.48668093593583006,0.5600277048671357,0.5200953775150914,0.49,0.62,0,0,2.4,3.0,1,-0.08300555912891192,-0.0860525395207514
2018-12-06,20,0,nested_purged_development_oos,Stress,Bear,0.260468248999612,0.25484576148704036,0.21511665858674422,0.23532086546180017,0.29962175407959896,0.2701584016138747,0.22479333833404488,0.2396749714372848,0.5244150924136438,0.5098333730511595,0.6317934052521982,0.5448721364749438,0.49,0.62,1,0,2.4,3.0,1,-0.07070595452619106,-0.08362570931652384
2018-12-07,20,0,nested_purged_development_oos,Stress,Bear,0.241970253668481,0.2468269908318124,0.2680983662238721,0.25760110805103664,0.26974642818518685,0.2582597342626021,0.22018495192246013,0.23731216685454878,0.489931380107647,0.4955719011171509,0.47540042515043,0.4917942528417072,0.49,0.62,1,0,2.4,3.0,1,-0.07712254136088952,-0.08756632306738318
2018-12-10,20,0,nested_purged_development_oos,Stress,Bear,0.21284209224108547,0.23420512309933383,0.2624571558520216,0.2555720943767497,0.2926956572823518,0.2674520147811609,0.23200509462454122,0.24277076774275555,0.524700751906893,0.5102227825239164,0.6079509304091159,0.536493918531861,0.49,0.62,1,0,2.4,3.0,1,-0.06359812994503182,-0.08474571194575702
2018-12-11,20,0,nested_purged_development_oos,Stress,Sideway,0.20179990625624444,0.22929652911435314,0.30516657403041747,0.27241905472188666,0.26046252693815547,0.25502001567760263,0.23257099277518262,0.2432644004861576,0.4930335197133381,0.49828441616376024,0.6626010063612888,0.556006223087357,0.49,0.62,1,0,2.4,3.0,1,-0.060767364933414385,-0.08337432144466467
2018-12-12,20,0,nested_purged_development_oos,Stress,Bull,0.28856962782987416,0.2659615894617095,0.27264427432063115,0.25974447634192516,0.23310363004850845,0.24332865766568895,0.20568246780098626,0.23096527653067636,0.43878609784949474,0.47429393419636534,0.7067249290882323,0.5727736995218984,0.49,0.62,0,0,2.4,3.0,1,-0.06286437957543185,-0.09036859797175
2018-12-13,20,0,nested_purged_development_oos,Stress,Sideway,0.230058970403353,0.2415548520274396,0.25826128128296516,0.2534783196074951,0.257879091829061,0.2533219556932376,0.2538006564846209,0.25164487267182767,0.5116797483136819,0.5049668283650652,0.7097482307384033,0.5739666984460099,0.49,0.62,1,0,2.4,3.0,1,-0.06280090123903047,-0.0892965355021036
2018-12-14,20,0,nested_purged_development_oos,Stress,Stress,0.17253267084022902,0.21544301132761873,0.24898180283764576,0.2510185711868005,0.2561858498697405,0.25401965654240444,0.3222996764523847,0.27951876094317635,0.5784855263221252,0.5335384174855808,0.602190204245919,0.5344950617136255,0.49,0.62,1,0,2.4,3.0,1,-0.04551416139893934,-0.0807099189914961
2018-12-17,20,0,nested_purged_development_oos,Bear,Bear,0.15120135130362775,0.20442489316315857,0.25044947822634916,0.25226227259959905,0.3004132702238526,0.2721250653199297,0.29793590024617045,0.27118776891731267,0.598349170470023,0.5433128342372424,0.6953215069180246,0.5683295709514549,0.49,0.62,1,0,2.4,3.0,1,-0.0270866289637876,-0.061204503941178455
2018-12-18,20,0,nested_purged_development_oos,Bear,Stress,0.16287096068232934,0.21052014384785736,0.2511336034054619,0.2521462299232635,0.26957333083872004,0.25970133726036576,0.31642210507348867,0.27763228896851333,0.5859954359122087,0.537333626228879,0.6004845294037221,0.5339049216510295,0.49,0.62,1,0,2.4,3.0,1,-0.027730654963243277,-0.05432608464578968
2018-12-19,20,0,nested_purged_development_oos,Sideway,Stress,0.14315222525084567,0.20050235796217072,0.2601384040953908,0.2571612162910741,0.24408093269651923,0.25042405710756344,0.3526284379572443,0.29191236863919184,0.5967093706537635,0.5423364257467553,0.5277374822670636,0.5092542726137295,0.49,0.62,1,0,2.4,3.0,0,-0.01860018268825031,-0.04565010996479472
2018-12-20,20,0,nested_purged_development_oos,Sideway,Stress,0.12736632258842312,0.19189819877011316,0.2757732197023891,0.2647655736244557,0.2268315214771947,0.2440663445655895,0.370028936231993,0.2992698830398416,0.5968604577091877,0.5433362276054311,0.42925094902295946,0.47627550259203305,0.49,0.62,1,0,2.4,3.0,0,-0.007861013864164858,-0.044561662636141905
2018-12-21,20,0,nested_purged_development_oos,Sideway,Stress,0.12974841010731666,0.19399723107440162,0.22588051174056342,0.24441010850393888,0.2349419655444946,0.24844862353853603,0.4094291126076252,0.3131440368831235,0.6443710781521198,0.5615926604216595,0.49145105561357755,0.4971501049985437,0.49,0.62,1,0,2.4,3.0,0,-0.006278851292029867,-0.03802790543993709
2018-12-24,20,0,nested_purged_development_oos,Sideway,Stress,0.11971726242715094,0.1886113036347352,0.23290954858854027,0.24888406912305536,0.21319981515436603,0.2398815812061844,0.4341733738299428,0.322623046036025,0.6473731889843088,0.5625046272422094,0.6132638087679028,0.5383455912475719,0.49,0.62,1,0,2.4,3.0,0,-0.0004183317431682654,-0.03396379685948027
2018-12-25,20,0,nested_purged_development_oos,Sideway,Stress,0.16795340448521442,0.21520036326449735,0.21072449759900083,0.2365350967575645,0.2068713623010035,0.23472327239820107,0.41445073561478113,0.3135412675797371,0.6213220979157846,0.5482645399779382,0.502054855094539,0.5006849551259572,0.49,0.62,1,0,2.4,3.0,0,0.012010793460018678,-0.02220611920129178
2018-12-26,20,0,nested_purged_development_oos,Sideway,Stress,0.11949076975704206,0.19028546633360705,0.20124096829444352,0.23644572631881067,0.19023191053814045,0.2309675885565496,0.489036351410374,0.34230121879103276,0.6792682619485144,0.5732688073475823,0.5582758803414541,0.5195040754147687,0.49,0.62,1,0,2.4,3.0,0,0.019027248022648265,-0.015288692515090354
2018-12-27,20,0,nested_purged_development_oos,Sideway,Stress,0.15218648418344596,0.20575156062846828,0.2076353991486395,0.23418658761816605,0.283940150833497,0.26680723774930587,0.3562379658344175,0.29325461400405983,0.6401781166679146,0.5600618517533658,0.7116186324832605,0.5747080049510052,0.49,0.62,1,0,2.4,3.0,0,0.012542980453652866,-0.02539722684323625
2018-12-28,20,0,nested_purged_development_oos,Bull,Stress,0.14133191090309175,0.20081192634891326,0.20053134834967115,0.23232646631572548,0.24807156830275268,0.25386129207441543,0.4100651724444844,0.3130003152609458,0.6581367407472372,0.5668616073353612,0.6340984618635345,0.5456921630925694,0.49,0.62,1,0,2.4,3.0,0,0.025868611963387883,-0.01617419885276119
2019-01-02,20,0,nested_purged_development_oos,Bull,Stress,0.15896245592664987,0.20970769002068992,0.2384883315870968,0.24832451420242083,0.21604967213798246,0.2383081853437844,0.3864995403482709,0.30365961043310497,0.6025492124862534,0.5419677957768894,0.6390246855835309,0.5474512282708391,0.49,0.62,1,0,2.4,3.0,0,0.02665585268903059,-0.015288692515090354
2019-01-03,20,0,nested_purged_development_oos,Bull,Stress,0.15161767243714225,0.2079288899487786,0.19726497196447476,0.23202773334529178,0.1955873441180806,0.23120349071343496,0.4555300114803025,0.3288398859924947,0.6511173555983831,0.5600433767059296,0.42752469852315345,0.4756893898377116,0.49,0.62,1,0,2.4,3.0,0,0.03626149852064215,0.0030469803918394887
2019-01-04,20,0,nested_purged_development_oos,Bull,Stress,0.17015767744573385,0.21510973332002278,0.2681489757110513,0.2599931918471739,0.2020713191907094,0.2310816882129473,0.3596220276525055,0.293815386619856,0.5616933468432149,0.5248970748328033,0.32150982688123686,0.43808262246724233,0.49,0.62,1,0,2.4,3.0,0,0.03103787984446641,0.00739680131465438
2019-01-07,20,0,nested_purged_development_oos,Bull,Stress,0.21857667649434578,0.2369616786260964,0.23087668096465638,0.2424291783250326,0.23886596374959984,0.24588996574309868,0.31168067879139805,0.2747191773057723,0.5505466425409979,0.520609143048871,0.733782882330696,0.5836965966586827,0.49,0.62,1,0,2.4,3.0,0,0.04016533366198005,-0.002475973083838974
2019-01-08,20,0,nested_purged_development_oos,Bull,Stress,0.1745407698025528,0.2172100425408573,0.22103959299496911,0.23967278797710664,0.2389471847361319,0.24757986981261992,0.3654724524663462,0.2955372996694162,0.6044196372024782,0.5431171694820361,0.6060615726333145,0.5358373552022321,0.49,0.62,1,0,2.4,3.0,0,0.05491851017063191,0.010703800294231512
2019-01-09,20,0,nested_purged_development_oos,Bull,Stress,0.24236463710298067,0.2469398414138123,0.24140361471451577,0.24653138360278926,0.23537450482124592,0.24394695460698013,0.28085724336125767,0.2625818203764183,0.5162317481825036,0.5065287749833984,0.5592880635913756,0.5198456687769027,0.49,0.62,1,0,2.4,3.0,0,0.05240472904640646,0.0014593745105250825
2019-01-10,20,0,nested_purged_development_oos,Bull,Stress,0.21652125874899927,0.23567956806343923,0.2579114984752557,0.2534989515838459,0.25007758017727055,0.25026177654952125,0.2754896625984745,0.26055970380319365,0.5255672427757451,0.5108214803527149,0.6439876499897698,0.5492328001240093,0.49,0.62,1,0,2.4,3.0,0,0.05841802565301778,0.003888677751822909
2019-01-11,20,0,nested_purged_development_oos,Bull,Stress,0.21229618416696,0.23383875079330074,0.25292788233842656,0.2515393101254327,0.2506136200449453,0.2505777563526222,0.28416231344966814,0.26404418272864444,0.5347759334946134,0.5146219390812666,0.5954759443672273,0.5321762882058756,0.49,0.62,1,0,2.4,3.0,0,0.05199703801694382,-0.00100858413324493
2019-01-14,20,0,nested_purged_development_oos,Bull,Stress,0.18546104115898157,0.22152232870898417,0.24686513400308674,0.24955739934672047,0.2739528497187726,0.2606216431468533,0.2937209751191591,0.26829862879744204,0.5676738248379317,0.5289202719442954,0.7614106302107232,0.5955144440405716,0.49,0.62,1,0,2.4,3.0,0,0.06389376908478661,9.979541947313105e-05
2019-01-15,20,0,nested_purged_development_oos,Bull,Bull,0.26717671738914167,0.2572154211029596,0.2577822910059094,0.2534076365123982,0.21705876323134324,0.23588743090649789,0.2579822283736058,0.2534895114781443,0.47504099160494906,0.4893769423846422,0.8814906234724563,0.6612510040776728,0.49,0.62,0,1,2.4,3.0,0,0.05836140993933816,-0.0086003279100105
2019-01-16,20,0,nested_purged_development_oos,Bull,Stress,0.1864481384447,0.22269550946524957,0.2464703101999338,0.2501578831216825,0.2204420363051658,0.23879117774000588,0.3466395150502003,0.28835542967306205,0.5670815513553661,0.527146607413068,0.9429774897272611,0.7181288115440886,0.49,0.62,1,1,2.4,3.0,0,0.06587882424667316,-0.007522445294844456
2019-01-17,20,0,nested_purged_development_oos,Bull,Stress,0.1530866168096178,0.20741004771601926,0.21934372931885696,0.24093956606351563,0.20980558759867382,0.2365173758082234,0.41776406627285145,0.3151330104122417,0.6275696538715253,0.5516503862204651,0.9529496635619413,0.731605074762086,0.49,0.62,1,1,2.4,3.0,0,0.0907548189324703,0.0004544975939980683
2019-01-18,20,0,nested_purged_development_oos,Bull,Stress,0.16229553548362335,0.21154727690963557,0.23406676155321945,0.24641733794162923,0.21355977955214006,0.23718077136381033,0.39007792341101705,0.30485461378492484,0.6036377029631571,0.5420353851487352,0.9565949839467184,0.7370971298311438,0.49,0.62,1,1,2.4,3.0,0,0.0916562674702916,0.00469912687136281
2019-01-21,20,0,nested_purged_development_oos,Bull,Stress,0.2516648470461051,0.25188409899921427,0.28283483075281757,0.2644417716670503,0.1732825514401457,0.21561180447897885,0.2922177707609317,0.26806232485475656,0.4655003222010774,0.48367412933373544,0.9157130017339107,0.6889378771716014,0.49,0.62,0,1,2.4,3.0,0,0.08757192819163838,-0.004951594624069967
2019-01-22,20,0,nested_purged_development_oos,Bull,Stress,0.17962832089806768,0.21993840856826796,0.21528125262884532,0.23717240757312316,0.23170213891810554,0.24454892525711303,0.37338828755498144,0.29834025860149577,0.605090426473087,0.5428891838586087,0.9383032434761075,0.7124433687999536,0.49,0.62,1,1,2.4,3.0,0,0.08508464198756634,0.0017964109684048546
2019-01-23,20,0,nested_purged_development_oos,Bull,Stress,0.1927405285338062,0.22599193399584858,0.22512092100617725,0.24109827890378668,0.2217688400518219,0.23959590355282967,0.3603697104081947,0.2933138835475351,0.5821385504600166,0.5329097871003647,0.9465136622311154,0.7226783835305043,0.49,0.62,1,1,2.4,3.0,0,0.086535036377818,0.0005393951199936799
2019-01-24,20,0,nested_purged_development_oos,Bull,Stress,0.20700828763741064,0.2317709389648677,0.26740308965569515,0.2578596765407392,0.22048066221037818,0.23794055400061923,0.30510796049651606,0.27242883049377387,0.5255886227068942,0.5103693844943931,0.9509937100039831,0.7287954159097755,0.49,0.62,1,1,2.4,3.0,0,0.06050098501717585,-0.00013205242500450264
2019-01-25,20,0,nested_purged_development_oos,Bull,Stress,0.19843975603529695,0.22837325967253996,0.2984475890560782,0.27070420180500876,0.19398814303206546,0.22622449445047005,0.3091245118765593,0.27469804407198123,0.5031126549086248,0.5009225385224513,0.9357103387135032,0.7094337910912725,0.49,0.62,1,1,2.4,3.0,0,0.07496187709222937,-0.0002310803014327476
2019-01-28,20,0,nested_purged_development_oos,Bull,Sideway,0.23625622392977913,0.24487942536820378,0.307234020299042,0.2732046895689934,0.20065245766823267,0.22876757818875212,0.2558572981029463,0.25314830687405065,0.4565097557711789,0.4819158850628028,0.9152541732777151,0.68851410959013,0.49,0.62,0,1,2.4,3.0,0,0.08588980722299562,-0.0038553470605831577
2019-01-29,20,0,nested_purged_development_oos,Bull,Sideway,0.2780503207379891,0.2629701775185343,0.3293089419606324,0.282178043245961,0.1884870619672584,0.22364321478219912,0.20415367533412024,0.23120856445330554,0.3926407373013786,0.4548517792355047,0.8787783048044981,0.6593286439826384,0.49,0.62,0,1,2.4,3.0,0,0.08023669091852725,-0.007957950579843092
2019-01-30,20,0,nested_purged_development_oos,Bull,Sideway,0.26473994266969136,0.25741088766356285,0.2996968516799192,0.2710626676882378,0.16799313359500556,0.2129725368932755,0.2675700720553839,0.25855390775492393,0.4355632056503895,0.4715264446481994,0.8923565548942335,0.6692984607000059,0.49,0.62,0,1,2.4,3.0,0,0.08238836601126752,-0.007859684967815035
2019-01-31,20,0,nested_purged_development_oos,Bull,Stress,0.21915775537453688,0.23738164298936554,0.2540496829399879,0.25245339784202697,0.2120310170566136,0.23413420322698086,0.3147615446288616,0.27603075594162657,0.5267925616854752,0.5101649591686075,0.9266753577153275,0.6996367830391246,0.49,0.62,1,1,2.4,3.0,0,0.08760875704310059,-0.002176638284336294
2019-02-01,20,0,nested_purged_development_oos,Bull,Stress,0.2001114478786234,0.22922852688996995,0.3005820763864288,0.2715751163502042,0.1902878857347322,0.22447087501990573,0.3090185900002156,0.27472548173992,0.4993064757349478,0.49919635675982577,0.9105409922896409,0.6842601294260462,0.49,0.62,1,1,2.4,3.0,0,0.08091342411489673,0.01900022821600692
2019-02-11,20,0,nested_purged_development_oos,Bull,Bull,0.36098414302110876,0.29394681398655575,0.23742845515939395,0.24686187582215036,0.17110310225393643,0.21536385848268658,0.23048429956556088,0.2438274517086074,0.4015874018194973,0.459191310191294,0.9636177546313481,0.7487966350978039,0.49,0.62,0,1,2.4,3.0,0,0.061253247147876826,0.012277203424812862
2019-02-12,20,0,nested_purged_development_oos,Bull,Bull,0.4283442709262263,0.3188408867756133,0.20281201815986025,0.23349771953528575,0.15717284869332884,0.20996693525924953,0.2116708622205846,0.23769445842985143,0.36884371091391344,0.44766139368910096,0.9666853854243002,0.7544754205142923,0.49,0.62,0,1,2.4,3.0,0,0.06581498494699882,0.008190019170006169
2019-02-13,20,0,nested_purged_development_oos,Bull,Bull,0.44108075540611735,0.3235375857832598,0.2092957809250581,0.2371514178561627,0.15466872369798554,0.20907073075524787,0.1949547399708391,0.23024026560532956,0.34962346366882463,0.43931099636057747,0.9574220697645018,0.7383936311697522,0.49,0.62,0,1,2.4,3.0,0,0.061701254728002454,0.005948945366130347
2019-02-14,20,0,nested_purged_development_oos,Bull,Bull,0.4299051174833068,0.3198479497157018,0.2135422904478035,0.2389589338256913,0.14331438378789207,0.20237602290600137,0.2132382082809976,0.2388170935526055,0.3565525920688897,0.44119311645860687,0.9534376282342285,0.7323203429364306,0.49,0.62,0,1,2.4,3.0,0,0.057237747437769,-0.0015237257510060576
2019-02-15,20,0,nested_purged_development_oos,Bull,Bull,0.36087133319727294,0.2948218981992828,0.21592671957250295,0.238025730068276,0.1506441724915229,0.20486906470518923,0.2725577747387012,0.262283307027252,0.4232019472302241,0.46715237173244123,0.953851728555489,0.7329319916428537,0.49,0.62,0,1,2.4,3.0,0,0.054468426884677824,0.010888146934597942
2019-02-18,20,0,nested_purged_development_oos,Bull,Bull,0.42970600066672293,0.3201574838073959,0.20487379861009167,0.23514093566602573,0.13582304856071462,0.1981289089098553,0.22959715216247087,0.24657267161672305,0.3654202007231855,0.4447015805265784,0.9492793400996243,0.7264045619264684,0.49,0.62,0,1,2.4,3.0,0,0.051258965284842334,0.0031677641840349323
2019-02-19,20,0,nested_purged_development_oos,Bull,Bull,0.4044323719038658,0.3110669966732364,0.20027346196715545,0.23210147065897246,0.140530314176832,0.200249902795923,0.25476385195214685,0.2565816298718682,0.39529416612897883,0.4568315326677912,0.961282237182075,0.7447217486598228,0.49,0.62,0,1,2.4,3.0,0,0.04286936060436351,0.0011607301465913179
2019-02-20,20,0,nested_purged_development_oos,Bull,Bull,0.4211227135868515,0.3172072258789478,0.1599620941147439,0.21192388720784044,0.15934564714238028,0.2115832154129324,0.2595695451560243,0.2592856715002794,0.41891519229840457,0.4708688869132118,0.9396751298290369,0.7140759779208952,0.49,0.62,0,1,2.4,3.0,0,0.0321588070828459,-0.005278801545577757
2019-02-21,20,0,nested_purged_development_oos,Sideway,Bull,0.5330480061922991,0.3583138157763538,0.13441546637936586,0.20182026429504962,0.14174996464382578,0.20633781101053691,0.1907865627845094,0.2335281089180596,0.33253652742833517,0.4398659199285965,0.9126620628288836,0.6861526882229223,0.49,0.62,0,1,2.4,3.0,0,-0.005880129670068056,-0.022632350936530366
2019-02-22,20,0,nested_purged_development_oos,Sideway,Bull,0.49733422957337353,0.34549466171332843,0.13646995637432602,0.20157498389658896,0.1426985114678328,0.20535847456932216,0.2234973025844677,0.2475718798207605,0.3661958140523005,0.45293035439008267,0.9233742181052184,0.6962915624987247,0.49,0.62,0,1,2.4,3.0,0,-0.0002022633273144508,-0.023988297068349693
2019-02-25,20,0,nested_purged_development_oos,Bear,Bull,0.472452462214437,0.3366954504277618,0.1333740381265056,0.19877773664572576,0.15027081842884796,0.20890674916819704,0.24390268123020947,0.25562006375831536,0.39417349965905746,0.46452681292651243,0.9066375583083952,0.6808652977262878,0.49,0.62,0,1,2.4,3.0,1,-0.02480147484540841,-0.029554679285129094
2019-02-26,20,0,nested_purged_development_oos,Sideway,Bull,0.38689063628123804,0.30608241270768477,0.13087929336499227,0.19485258744526385,0.18297475868907312,0.2240472466332032,0.29925531166469665,0.2750177532138482,0.48223007035376975,0.4990649998470514,0.8976938425199638,0.6734769157837338,0.49,0.62,1,1,2.4,3.0,0,-0.01765127464570828,-0.022115798456987197
2019-02-27,20,0,nested_purged_development_oos,Sideway,Bull,0.3756033658246039,0.3025826886882136,0.13739150005801656,0.19900167874314914,0.16418220277674886,0.2143347862129444,0.3228229313406306,0.28408084635569275,0.48700513411737945,0.4984156325686372,0.8840515423699046,0.6630963236950043,0.49,0.62,1,1,2.4,3.0,0,-0.014607264171592969,-0.02536260381564388
2019-02-28,20,0,nested_purged_development_oos,Sideway,Bull,0.31126439764578717,0.27525071415517605,0.17579002024451265,0.2169395695467253,0.25139223069829186,0.25180892687421386,0.26155335141140823,0.2560007894238848,0.5129455821097001,0.5078097162980987,0.5939685521432349,0.5316572429994925,0.49,0.62,1,0,2.4,3.0,0,0.017973744657830287,0.004464523811278856
2019-03-01,20,0,nested_purged_development_oos,Sideway,Bull,0.3898814647445242,0.30481271594530496,0.23079746484901756,0.24499511937487856,0.21890460893634278,0.2396536489068394,0.1604164614701156,0.21053851577297703,0.37932107040645835,0.45019216467981643,0.3239107934125226,0.43898420508184965,0.49,0.62,0,0,2.4,3.0,0,0.0011528319621601103,-0.0100953961402028
2019-03-04,20,0,nested_purged_development_oos,Sideway,Bull,0.46982214529702865,0.33377351917320736,0.18042333098363617,0.22401041803058563,0.1777220992647781,0.22260684989237295,0.17203242445455702,0.21960921290383403,0.34975452371933513,0.44221606279620695,0.5016764416103104,0.5005588157314745,0.49,0.62,0,0,2.4,3.0,0,-0.0055081550799885685,-0.024647593030119538
2019-03-05,20,0,nested_purged_development_oos,Sideway,Bull,0.4069382828274767,0.310585368812989,0.18430915656553185,0.22328282131832178,0.19651891411423425,0.22933090212022794,0.21223364649275722,0.23680090774846133,0.4087525606069915,0.4661318098686893,0.6482543979269534,0.5507723205281089,0.49,0.62,0,0,2.4,3.0,0,-0.006712995193314494,-0.023097080244911024
2019-03-06,20,0,nested_purged_development_oos,Sideway,Bull,0.4332747325983423,0.3202725017300415,0.1789550746364276,0.22157032355736106,0.19829144700979198,0.2312481374511334,0.18947874575543808,0.2269090372614642,0.38777019276523006,0.4581571747125976,0.4185676838287634,0.4726393619409567,0.49,0.62,0,0,2.4,3.0,0,-0.010136775446830072,-0.025150489725623334
2019-03-07,20,0,nested_purged_development_oos,Sideway,Bull,0.35397421931237594,0.2909592123991226,0.1954586591973249,0.2271782833775466,0.21245294570009537,0.23520871772762209,0.23811417579020383,0.24665378649570863,0.4505671214902992,0.4818625042233307,0.6198476525481099,0.5406518726563024,0.49,0.62,0,0,2.4,3.0,0,-0.0071885374221483745,-0.024687834073977594
2019-03-08,20,0,nested_purged_development_oos,Sideway,Stress,0.274639708872166,0.26102531263951184,0.19964244781259843,0.228544060754986,0.21409123170628053,0.23529576148875167,0.31162661160895505,0.2751348651167505,0.5257178433152356,0.5104306266055022,0.6774806208151397,0.561537903743956,0.49,0.62,1,0,2.4,3.0,0,0.004061772807511421,-0.015815862861437328
2019-03-11,20,0,nested_purged_development_oos,Sideway,Stress,0.25685125806582576,0.25317151679529687,0.2375848968353717,0.24507855736360376,0.21697492566999832,0.23598520802441914,0.2885889194288042,0.2657647178166802,0.5055638450988025,0.5017499258410993,0.7150081517273124,0.5760578596895979,0.49,0.62,1,0,2.4,3.0,0,0.013076830006896847,-0.015155914110424558
2019-03-12,20,0,nested_purged_development_oos,Sideway,Bull,0.41876335762734257,0.3149984278945546,0.17620588297033082,0.21961564445954548,0.2094748190478274,0.23602591996244174,0.19555594035449922,0.22936000768345816,0.4050307594023266,0.4653859276458999,0.6543905394124419,0.552999727812135,0.49,0.62,0,0,2.4,3.0,0,-0.012905998817817973,-0.031994855334359175
2019-03-13,20,0,nested_purged_development_oos,Bear,Bull,0.3780593252014435,0.2999921305385357,0.18420084509904794,0.22232999360923122,0.22834297333458473,0.24314839254289825,0.20939685636492383,0.23452948330933485,0.43773982969950853,0.4776778758522331,0.6665893918506304,0.5574780727095006,0.49,0.62,0,0,2.4,3.0,1,-0.023651043039169678,-0.03607114428536898
2019-03-14,20,0,nested_purged_development_oos,Bear,Bull,0.3618694061514675,0.29392929710124477,0.18873925997954585,0.2241070580691445,0.22972407820446447,0.24322916385895257,0.21966725566452228,0.23873448097065816,0.4493913338689868,0.48196364482961074,0.6347969961327061,0.5459410483746404,0.49,0.62,0,0,2.4,3.0,1,-0.02255421794825248,-0.039080308112271776
2019-03-15,20,0,nested_purged_development_oos,Bear,Bull,0.3058894433711122,0.2728732730126461,0.18913582578966331,0.2233391606305663,0.2470072231804772,0.24961546300551882,0.2579675076587474,0.2541721033512688,0.5049747308392245,0.5037875663567876,0.7772213917765237,0.6026491597444854,0.49,0.62,1,0,2.4,3.0,1,-0.0213594294492668,-0.0347872618081748
2019-03-18,20,0,nested_purged_development_oos,Bear,Bull,0.29849134900067986,0.2696656535174419,0.21584780687098237,0.2355947400560411,0.2306156858683527,0.2421815706124547,0.255045158259985,0.25255803581406233,0.48566084412833777,0.49473960642651704,0.8657240676932233,0.6504966762448541,0.49,0.62,1,1,2.4,3.0,1,-0.034884861403347504,-0.0424659471429371
2019-03-19,20,0,nested_purged_development_oos,Bear,Stress,0.2435333707037745,0.24744825247086805,0.22299589355956773,0.23852947475292416,0.2666928204681034,0.2569940546080011,0.26677791526855427,0.25702821816820665,0.5334707357366577,0.5140222727762078,0.9231114547958053,0.6960301283541025,0.49,0.62,1,1,2.4,3.0,1,-0.034864980033145636,-0.037244106646493275
2019-03-20,20,0,nested_purged_development_oos,Bear,Stress,0.23541581794725186,0.24418502022872024,0.2252403608325391,0.23973057333579717,0.24070892373733196,0.24645780768094833,0.2986348974828771,0.26962659875453426,0.5393438212202091,0.5160844064354826,0.9238831487651062,0.6967999021251915,0.49,0.62,1,1,2.4,3.0,1,-0.04072638566846536,-0.04072638566846536
2019-03-21,20,0,nested_purged_development_oos,Sideway,Stress,0.18065449075733184,0.22075149255922083,0.21160114796645874,0.23578481883749253,0.22284953414964573,0.24092852340156215,0.3848948271265637,0.3025351652017245,0.6077443612762095,0.5434636886032866,0.8521559771811241,0.6419575414250498,0.49,0.62,1,1,2.4,3.0,0,-0.015986048778058932,-0.020040998306504042
2019-03-22,20,0,nested_purged_development_oos,Bear,Stress,0.24858743500972785,0.24945014035679255,0.23895981642155276,0.24537828614245125,0.2482020370061201,0.24928892764008861,0.2642507115625994,0.2558826458606676,0.5124527485687195,0.5051715735007563,0.8713300750799516,0.6542085086914263,0.49,0.62,1,1,2.4,3.0,1,-0.02338216697015611,-0.027074810781076968
2019-03-25,20,0,nested_purged_development_oos,Sideway,Stress,0.19580378731918438,0.22644723059071423,0.2427207377096024,0.24764872431334992,0.259937337860157,0.25482195204747643,0.30153813711105615,0.2710820930484595,0.5614754749712132,0.5259040450959359,0.7015030548223542,0.5707279665682116,0.49,0.62,1,0,2.4,3.0,0,-0.0021361465655404914,-0.008041981479762468
2019-03-26,20,0,nested_purged_development_oos,Sideway,Stress,0.1772783827799751,0.21761082164355816,0.27262537068631865,0.2603513648224825,0.24862520358959284,0.2505442228952981,0.3014710429441135,0.2714935906386613,0.5500962465337063,0.5220378135339594,0.6632794096107054,0.5562560374189315,0.49,0.62,1,0,2.4,3.0,0,0.00732521216021091,-0.007753300851320556
2019-03-27,20,0,nested_purged_development_oos,Sideway,Bear,0.19449683453783287,0.22579892188044615,0.247027102643095,0.2494509862032556,0.29812303480255387,0.26977794717305115,0.2603530280165182,0.25497214474324703,0.5584760628190721,0.5247500919162982,0.7204430064718398,0.578240194999049,0.49,0.62,1,0,2.4,3.0,0,-0.001825604084398054,-0.014044116684092623
2019-03-28,20,0,nested_purged_development_oos,Sideway,Bear,0.2431097374608869,0.2473454445339268,0.25359613642007944,0.251736215469103,0.2827757280012833,0.2634230794248839,0.2205183981177504,0.23749526057208623,0.5032941261190337,0.5009183399969701,0.658654439765112,0.554557228612311,0.49,0.62,1,0,2.4,3.0,0,-0.003403616822799927,-0.021262521697871975
2019-03-29,20,0,nested_purged_development_oos,Sideway,Stress,0.17743055355619702,0.21802028170757845,0.2209310295104567,0.2388775622841108,0.28338514949195703,0.2649875765019232,0.3182532674413893,0.2781145795063875,0.6016384169333464,0.5431021560083107,0.7910231924809555,0.6091406309784806,0.49,0.62,1,0,2.4,3.0,0,-0.0023069944799077734,-0.01900152895368352
2019-04-01,20,0,nested_purged_development_oos,Sideway,Sideway,0.24519818593010545,0.25025842943014964,0.3037671141619231,0.2736204214087062,0.3030732301657115,0.273359822267617,0.14796146974225993,0.20276132689352713,0.45103469990797146,0.4761211491611441,0.856178441770805,0.644427957111526,0.49,0.62,0,1,2.4,3.0,0,-0.01466396068414377,-0.02689273880145155
2019-04-02,20,0,nested_purged_development_oos,Bear,Bear,0.19969201729905978,0.22818440340068546,0.24785982296749218,0.24968256635979158,0.29496742532913617,0.2684570749101757,0.25748073440431196,0.2536759553293472,0.5524481597334481,0.5221330302395228,0.9409967290562588,0.7156765038669617,0.49,0.62,1,1,2.4,3.0,1,-0.028647176024827494,-0.028647176024827494
2019-04-03,20,0,nested_purged_development_oos,Bear,Bear,0.18794546694075728,0.2226199276458677,0.2579360108230306,0.2540080158256057,0.2806451277323305,0.2630973004885938,0.27347339450388153,0.26027475603993283,0.554118522236212,0.5233720565285267,0.9138987260666913,0.6872724692582699,0.49,0.62,1,1,2.4,3.0,1,-0.027704885215544834,-0.027704885215544834
2019-04-04,20,0,nested_purged_development_oos,Bear,Bear,0.18139509962521128,0.21954407452975733,0.2505332935309223,0.2511626233638633,0.2844720090629974,0.26481599654251237,0.2835995977808691,0.264477305563867,0.5680716068438665,0.5292933021063794,0.9059439163784712,0.6802734435946963,0.49,0.62,1,1,2.4,3.0,1,-0.036833478637647875,-0.036833478637647875
2019-04-05,20,0,nested_purged_development_oos,Bear,Stress,0.18680239379849212,0.2220719823452937,0.27167721000416245,0.25958121293623726,0.2608320777360395,0.2552122428554138,0.280688318461306,0.2631345618630552,0.5415203961973455,0.518346804718469,0.8199641422392225,0.6237200439388305,0.49,0.62,1,1,2.4,3.0,1,-0.04364753609020824,-0.04364753609020824
2019-04-08,20,0,nested_purged_development_oos,Bear,Sideway,0.24937122571163978,0.24984042492493563,0.27289881105327374,0.25940444863620643,0.24533670292589635,0.24814819474919758,0.23239326030919016,0.2426069316896603,0.47772996323508654,0.4907551264388579,0.831265911781676,0.62984266384682,0.49,0.62,1,1,2.4,3.0,1,-0.04616969826955311,-0.05200264453858076
2019-04-09,20,0,nested_purged_development_oos,Bear,Bear,0.1702516777704834,0.21422941051161834,0.23902728224756176,0.24676153126238223,0.29827130970575855,0.2706112161766741,0.29244973027619636,0.2683978420493253,0.5907210399819549,0.5390090582259994,0.9107500341464995,0.6844451110453992,0.49,0.62,1,1,2.4,3.0,1,-0.03075711624255034,-0.042858756937800675
2019-04-10,20,0,nested_purged_development_oos,Sideway,Stress,0.1368181479518864,0.19696954714525622,0.24069390314126993,0.2492391887808568,0.2726830166145049,0.2625407646664598,0.3498049322923389,0.2912504994074271,0.6224879489068438,0.5537912640738869,0.9073887086107015,0.6815100224590679,0.49,0.62,1,1,2.4,3.0,0,-0.01701928356887639,-0.036190001667458734
2019-04-11,20,0,nested_purged_development_oos,Sideway,Bear,0.1660226037116956,0.2121291328976145,0.24074470616891547,0.24765434524723434,0.30772414393850733,0.2743245212328388,0.2855085461808817,0.26589200062231244,0.593232690119389,0.5402165218551512,0.930941734829055,0.7041381687461309,0.49,0.62,1,1,2.4,3.0,0,-0.010511977466419494,-0.04029599058527876
2019-04-12,20,0,nested_purged_development_oos,Sideway,Stress,0.1362877260429098,0.19684437242704506,0.22505938316582308,0.24259945885933124,0.2851297818825328,0.26773209424844785,0.3535231089087343,0.29282407446517583,0.6386528907912671,0.5605561687136237,0.9195684626377697,0.6925708837344136,0.49,0.62,1,1,2.4,3.0,0,-0.007362472563163788,-0.03719773278016744
2019-04-16,20,0,nested_purged_development_oos,Sideway,Stress,0.13796281314545988,0.19889995238804645,0.20470559839208502,0.23444332852106775,0.24602528345707508,0.2531096601135329,0.41130630500538,0.3135470589773529,0.6573315884624551,0.5666567190908858,0.9347202414781052,0.7083096209836255,0.49,0.62,1,1,2.4,3.0,0,-0.0007063701570803637,-0.03135098616084908
2019-04-17,20,0,nested_purged_development_oos,Sideway,Stress,0.10275812627826529,0.1785919924062763,0.17464813158812922,0.2227615436504634,0.27285400135012566,0.26827253414849006,0.44973974078347984,0.33037392979477026,0.7225937421336055,0.5986464639432603,0.9390603425927437,0.7133407924650823,0.49,0.62,1,1,2.4,3.0,0,0.015343063192532069,-0.02614902703460707
2019-04-18,20,0,nested_purged_development_oos,Bull,Stress,0.0879237827966868,0.1689012216215746,0.1620842563839762,0.2179283943746513,0.2790652633508051,0.2732955419973901,0.4709266974685319,0.3398748420063841,0.7499919608193371,0.6131703840037742,0.9604667869848647,0.7433447295910146,0.49,0.62,1,1,2.4,3.0,0,0.024624176643222914,-0.01601659956993887
2019-04-19,20,0,nested_purged_development_oos,Bull,Stress,0.11687832424991403,0.18619070560141876,0.20159050135567877,0.23366735077137446,0.29204616666937694,0.27269277842019113,0.38948500772503025,0.3074491652070156,0.6815311743944072,0.5801419436272067,0.9746992026165695,0.7715523894603378,0.49,0.62,1,1,2.4,3.0,0,0.01802109292856459,-0.020071549098384066
2019-04-22,20,0,nested_purged_development_oos,Sideway,Stress,0.15402923343603314,0.20710213049029755,0.19679153225234294,0.22936083203166635,0.27626870103275625,0.2641829516267591,0.3729105332788677,0.29935408585127693,0.6491792343116239,0.563537037478036,0.9610866506689139,0.7443893957454196,0.49,0.62,1,1,2.4,3.0,0,0.017295165188918448,-0.01970924338085979
2019-04-23,20,0,nested_purged_development_oos,Sideway,Stress,0.15977026289629634,0.20969315924986595,0.20583711559943393,0.23303929272794893,0.28215633996957723,0.2657653590651904,0.3522362815346925,0.29150218895699476,0.6343926215042697,0.5572675480221851,0.9490553036016289,0.7260968445918656,0.49,0.62,1,1,2.4,3.0,0,0.0020949115776473766,-0.0219224344841608
2019-04-24,20,0,nested_purged_development_oos,Sideway,Stress,0.2195654386774024,0.237452122479326,0.20888303892844576,0.23256840878593904,0.2779826991730909,0.2619781880958734,0.293568823221061,0.2680012806388615,0.5715515223941519,0.529979468734735,0.9376577411363434,0.7116850134441558,0.49,0.62,1,1,2.4,3.0,0,-0.0018237149404701958,-0.031095112581470474
2019-04-25,20,0,nested_purged_development_oos,Sideway,Stress,0.18256138086947363,0.22056054826867347,0.21331808824691284,0.23534356100883194,0.30074396027003986,0.2715539766188216,0.3033765706135736,0.272541914103673,0.6041205308836135,0.5440958907224946,0.9446674174599132,0.7202745082429638,0.49,0.62,1,1,2.4,3.0,0,-0.0021889605016105975,-0.028235112169633415
2019-04-26,20,0,nested_purged_development_oos,Sideway,Bear,0.2373189677039311,0.24477489083028664,0.2292519179396998,0.2412730153149999,0.2693535012115875,0.25803548743517446,0.26407561314478156,0.25591660641953895,0.5334291143563691,0.5139520938547134,0.9498724861883481,0.7272244572486426,0.49,0.62,1,1,2.4,3.0,0,-0.008302715824406072,-0.03387550444501092
2019-05-02,20,0,nested_purged_development_oos,Sideway,Bear,0.21106343386008555,0.23350197369111955,0.22227874076286064,0.2385938669368262,0.29186499610011457,0.2672663675666437,0.27479282927693915,0.2606377918054106,0.5666578253770538,0.5279041593720543,0.9277471049041933,0.7007479900857039,0.49,0.62,1,1,2.4,3.0,0,-0.009405359295388887,-0.032711134043714715
2019-05-03,20,0,nested_purged_development_oos,Sideway,Stress,0.17367260109709617,0.21646632399984223,0.20764714242869106,0.23319618770385245,0.28800093547804373,0.26724920447116063,0.330679320996169,0.2830882838251447,0.6186802564742127,0.5503374882963054,0.9283570845619591,0.7013861642225279,0.49,0.62,1,1,2.4,3.0,0,-0.014746753830931983,-0.02824537768724655
2019-05-06,20,0,nested_purged_development_oos,Sideway,Stress,0.14443776510194992,0.2021528574940257,0.18415711267972082,0.22368735891112798,0.3107931073646585,0.2781907224808635,0.3606120148536708,0.2959690611139828,0.6714051222183293,0.5741597835948463,0.9529011692119362,0.7315343108590848,0.49,0.62,1,1,2.4,3.0,0,-0.012077187814464822,-0.012077187814464822
2019-05-07,20,0,nested_purged_development_oos,Sideway,Stress,0.14097900681144862,0.2008549720827849,0.17959899865297901,0.2221748337003412,0.27560074152424396,0.2655736973550748,0.40382125301132843,0.3113964968617992,0.6794219945355724,0.576970194216874,0.9597603805452355,0.7421698697248759,0.49,0.62,1,1,2.4,3.0,0,-0.006706089929227731,-0.01164910785094423
2019-05-08,20,0,nested_purged_development_oos,Sideway,Stress,0.11328697450311265,0.18743975778363428,0.14889948752231935,0.2100513891009221,0.23316066562695564,0.2532074187938711,0.5046528723476124,0.34930143432157257,0.7378135379745681,0.6025088531154437,0.9608391425303107,0.7439707007375949,0.49,0.62,1,1,2.4,3.0,0,0.00019972354123654819,-0.005006096801877058
2019-05-09,20,0,nested_purged_development_oos,Sideway,Stress,0.10229427966313036,0.1808806227171375,0.14645759154246277,0.21005544126157846,0.22467071308149256,0.2510527651602522,0.5265774157129144,0.3580111708610318,0.7512481287944069,0.609063936021284,0.9464229176282838,0.7225587180258196,0.49,0.62,1,1,2.4,3.0,0,0.0012663439182393392,-0.0005703783664362699
2019-05-10,20,0,nested_purged_development_oos,Sideway,Stress,0.14455740532926542,0.20330374171579402,0.15690229572477343,0.2103652992074812,0.3101248244556264,0.27942726693886666,0.3884154744903348,0.3069036921378581,0.6985402989459613,0.5863309590767247,0.9453759411194855,0.7211894643040389,0.49,0.62,1,1,2.4,3.0,0,0.0059974117793444815,-0.00640332463546395
2019-05-13,20,0,nested_purged_development_oos,Sideway,Stress,0.20404906436665968,0.23177788250545722,0.1679742396484388,0.21373075633922597,0.2947508257097707,0.2701606963223231,0.33322587027513084,0.28433066483299363,0.6279766959849016,0.5544913611553167,0.9368160035696521,0.7107052966273552,0.49,0.62,1,1,2.4,3.0,0,0.004538270758571721,-0.012672019061686622
2019-05-14,20,0,nested_purged_development_oos,Sideway,Stress,0.25937735930854566,0.25482907100733804,0.18364826038612425,0.2206844767264945,0.2540246931430821,0.2526245680203112,0.30294968716224796,0.2718618842458564,0.5569743803053301,0.5244864522661676,0.9203484594766338,0.6933221686643003,0.49,0.62,1,1,2.4,3.0,0,-0.0033931577997764646,-0.0197410964650186
2019-05-15,20,0,nested_purged_development_oos,Bear,Stress,0.25009707307979384,0.2510657333357705,0.18001015414548976,0.21891857199776843,0.27055495322547934,0.2594270808412812,0.299337819549237,0.27058861382517996,0.5698927727747163,0.5300156946664611,0.9120244216355071,0.6855800675241194,0.49,0.62,1,1,2.4,3.0,1,-0.02225181327321052,-0.03035439148529555
2019-05-16,20,0,nested_purged_development_oos,Bear,Bear,0.21779651323175678,0.23681155791217395,0.2051778028683912,0.2309950463611158,0.30812504267244345,0.2736431571371906,0.2689006412274086,0.25855023858951964,0.577025683899852,0.5321933957267102,0.9358555173539855,0.7095997649686653,0.49,0.62,1,1,2.4,3.0,1,-0.02659872143402485,-0.030405638583439917
2019-05-17,20,0,nested_purged_development_oos,Bear,Bear,0.2545561884400953,0.25215327090652045,0.2149432089495944,0.23499374445503798,0.2793110366409612,0.26209462925552274,0.25118956596934905,0.2507583553829188,0.5305006026103103,0.5128529846384415,0.907017365588206,0.6811907950738266,0.49,0.62,1,1,2.4,3.0,1,-0.023699485962902042,-0.031214994370204897
2019-05-20,20,0,nested_purged_development_oos,Bear,Bull,0.3338666987262027,0.28325811697714337,0.2066244781889261,0.2319277109420198,0.232618321758938,0.24366615117636778,0.22689050132593316,0.24114802090446893,0.4595088230848712,0.4848141720808367,0.8883446323254732,0.6662592217512348,0.49,0.62,0,1,2.4,3.0,1,-0.04155544953781099,-0.04206246859357543
2019-05-21,20,0,nested_purged_development_oos,Bear,Stress,0.23756670488093543,0.2451036796883441,0.21302869909060917,0.2342187848511264,0.26317813810622914,0.2557858974613759,0.2862264579222263,0.2648916379991536,0.5494045960284555,0.5206775354605295,0.8982990746800692,0.6739610686861389,0.49,0.62,1,1,2.4,3.0,1,-0.04381366969584617,-0.04381366969584617
2019-05-22,20,0,nested_purged_development_oos,Bear,Stress,0.24427673155438231,0.2480180187208196,0.21657246693920537,0.23588502821131563,0.24055546909612868,0.24643669359441542,0.2985953324102837,0.26966025947344935,0.5391508015064124,0.5160969530678647,0.8531975164334362,0.642592536593334,0.49,0.62,1,1,2.4,3.0,1,-0.03526667926683431,-0.04126553550963306
2019-05-23,20,0,nested_purged_development_oos,Bear,Stress,0.24550467019691408,0.24841388931282274,0.22613467174957735,0.24005124155603208,0.23613334537640643,0.2444180032809832,0.2922273126771021,0.267116865850162,0.5283606580535085,0.5115348691311452,0.845090532798168,0.6377321007555968,0.49,0.62,1,1,2.4,3.0,1,-0.024235308575192974,-0.04017730205246241
2019-05-24,20,0,nested_purged_development_oos,Sideway,Stress,0.1927335310484182,0.22670510663879406,0.18077368264308433,0.22073376581449233,0.2527607921640849,0.25381940124404134,0.37373199414441255,0.29874172630267226,0.6264927863084975,0.5525611275467136,0.9337139782612416,0.7071806683663184,0.49,0.62,1,1,2.4,3.0,0,-0.01122739514091981,-0.02719023954449249
2019-05-27,20,0,nested_purged_development_oos,Sideway,Bear,0.21700311812321985,0.2366231730124199,0.20064739171695284,0.22902193720880878,0.3183311837378557,0.27758507478448785,0.2640183064219717,0.2567698149942835,0.5823494901598274,0.5343548897787713,0.9233050390722622,0.6962226660837564,0.49,0.62,1,1,2.4,3.0,0,-0.01268341400751953,-0.03244429112368448
2019-05-28,20,0,nested_purged_development_oos,Sideway,Stress,0.20012388213604895,0.22958244920899268,0.18094909446974547,0.22014693377577016,0.2872809790739534,0.2669062018324984,0.3316460443202522,0.2833644151827388,0.6189270233942056,0.5502706170152372,0.9130706593164938,0.6865213106148487,0.49,0.62,1,1,2.4,3.0,0,-0.01228711249989959,-0.029219045150707192
2019-05-29,20,0,nested_purged_development_oos,Sideway,Stress,0.18712091385109964,0.2234548073047117,0.1870701591968132,0.22342955120019878,0.2843494555580534,0.26601771906311034,0.34145947139403376,0.2870979224319791,0.6258089269520872,0.5531156414950895,0.9177801747059948,0.6908694394988654,0.49,0.62,1,1,2.4,3.0,0,-0.01285581784393675,-0.028745682103289087
2019-05-30,20,0,nested_purged_development_oos,Bear,Stress,0.1749863453515617,0.21807508021178804,0.18385586605136064,0.22261440416582798,0.26618139394742285,0.25972375919060237,0.3749763946496547,0.2995867564317816,0.6411577885970776,0.559310515622384,0.9137399984344519,0.6871280546829982,0.49,0.62,1,1,2.4,3.0,1,-0.027432502717672363,-0.027432502717672363
2019-05-31,20,0,nested_purged_development_oos,Sideway,Stress,0.1448147185798333,0.2025681843969536,0.18149991432029858,0.22255180388244603,0.2960141388574729,0.2728639311105726,0.3776712282423953,0.3020160806100278,0.6736853670998681,0.5748800117206004,0.9350224267060665,0.7086513046240853,0.49,0.62,1,1,2.4,3.0,0,-0.010409451943424842,-0.017625351825661176
2019-06-03,20,0,nested_purged_development_oos,Bull,Stress,0.13712829183934605,0.2026351241289685,0.14073207483340672,0.2048372344055988,0.2081514701446216,0.24112184991817975,0.5139881631826256,0.3514057915472529,0.7221396333272472,0.5925276414654326,0.9296924867260529,0.7027981949283296,0.49,0.62,1,1,2.4,3.0,0,0.020020751558894285,-0.003556349602910216
2019-06-04,20,0,nested_purged_development_oos,Sideway,Stress,0.18800852570505688,0.223177344539689,0.2131340908349553,0.23515173074855597,0.2829769967124761,0.2646300149561249,0.3158803867475117,0.2770409097556301,0.5988573834599877,0.541670924711755,0.9146397877201272,0.6879494297370949,0.49,0.62,1,1,2.4,3.0,0,0.011311368081104486,-0.008499367524626801
2019-06-05,20,0,nested_purged_development_oos,Sideway,Stress,0.17952213702318948,0.21959381963344796,0.197917557528318,0.2287034644713556,0.27979369941326115,0.26419225394702783,0.34276660603523135,0.2875104619481686,0.6225603054484925,0.5517027158951964,0.8957082855774792,0.6719036467508419,0.49,0.62,1,1,2.4,3.0,0,0.009394357195599288,-0.008762169946023994
2019-06-06,20,0,nested_purged_development_oos,Bull,Stress,0.18383328974944285,0.22260705934209726,0.17368904569411348,0.21740392393081143,0.2693624039152605,0.2610172888166141,0.3731152606411832,0.29897172791047727,0.6424776645564437,0.5599890167270913,0.8243658323425731,0.6260723760455511,0.49,0.62,1,1,2.4,3.0,0,0.025849194599525394,-0.005393071887585847
2019-06-07,20,0,nested_purged_development_oos,Bull,Stress,0.23546650155411555,0.24482086207213927,0.1842639275224929,0.22104367193019073,0.28692780072839175,0.2658376854877339,0.29334177019499985,0.2682977805099361,0.5802695709233916,0.53413546599767,0.8868962115788052,0.6651820984132595,0.49,0.62,1,1,2.4,3.0,0,0.017646117317804345,-0.01595708601771863
2019-06-10,20,0,nested_purged_development_oos,Sideway,Bull,0.2781618543634298,0.26197835053271507,0.19481931032627534,0.2258506866912099,0.27427687599955086,0.2604475315272976,0.25274195931074417,0.2517234312487775,0.527018835310295,0.5121709627760751,0.8574430040454272,0.6452148436330294,0.49,0.62,1,1,2.4,3.0,0,0.0035765231852384212,-0.020766639423168518
2019-06-11,20,0,nested_purged_development_oos,Sideway,Stress,0.22699759751163098,0.24089212760798745,0.1972935673197021,0.22721873329286843,0.2836370865039148,0.2643210019948604,0.29207174866475205,0.2675681371042838,0.5757088351686668,0.5318891390991443,0.854060626749088,0.6431211992556437,0.49,0.62,1,1,2.4,3.0,0,0.007228997055534427,-0.01990428826815241
2019-06-12,20,0,nested_purged_development_oos,Bull,Stress,0.17975787053417808,0.2204537291544982,0.1691852720960757,0.21495549391950053,0.3134734699347635,0.27793792758596736,0.33758338743498273,0.2866528493400339,0.6510568573697462,0.5645907769260012,0.8842372755500373,0.6632313342331648,0.49,0.62,1,1,2.4,3.0,0,0.02021004350952242,-0.011658927814995286
2019-06-13,20,0,nested_purged_development_oos,Bull,Stress,0.19334888954984178,0.2267829199524906,0.2011998183396841,0.23057531041406226,0.2284681266906636,0.24311512794431492,0.37698316541981053,0.2995266416891322,0.6054512921104741,0.5426417696334471,0.8161153091617147,0.6216950128320694,0.49,0.62,1,1,2.4,3.0,0,0.029607442848981105,-0.007363266752325355
2019-06-14,20,0,nested_purged_development_oos,Bull,Stress,0.20690844526711244,0.23284745963620027,0.20963685802610313,0.23412193115608565,0.21743488528894162,0.23771199127780698,0.3660198114178428,0.2953186179299071,0.5834546967067844,0.5330306092077141,0.7603306841756895,0.5950377772154896,0.49,0.62,1,0,2.4,3.0,0,0.02259286044266944,-0.011071858010213096
2019-06-17,20,0,nested_purged_development_oos,Bull,Stress,0.18594651650909325,0.22443571971136167,0.19375170584708912,0.22831402877347745,0.20385800109341495,0.23320267368218364,0.4164437765504027,0.31404757783297715,0.6203017776438177,0.5472502515151608,0.8215043281951597,0.6245386352059912,0.49,0.62,1,1,2.4,3.0,0,0.02665462986410589,-0.004063368658674628
2019-06-18,20,0,nested_purged_development_oos,Bull,Stress,0.17650299594164945,0.2213693025667015,0.176207641524383,0.22121488039923692,0.19001108549124077,0.22827687612608963,0.4572782770427268,0.3291389409079719,0.6472893625339675,0.5574158170340615,0.8425308473081563,0.6362350679519405,0.49,0.62,1,1,2.4,3.0,0,0.03956655906465657,-0.0009538344866621582
2019-06-19,20,0,nested_purged_development_oos,Bull,Stress,0.22077175585489428,0.23953796531389968,0.18238498571489092,0.22121267688047075,0.22637452063223662,0.2420523868690277,0.3704687377979782,0.2971969709366019,0.5968432584302148,0.5392493578056297,0.8718625466993555,0.6545671886162193,0.49,0.62,1,1,2.4,3.0,0,0.03403597247229007,-0.00695269072946088
2019-06-20,20,0,nested_purged_development_oos,Bull,Stress,0.2830319915060893,0.26526884273254475,0.18257810459559426,0.22098276110894366,0.19886348062050593,0.22899150507293506,0.33552642327781046,0.2847568910855765,0.5343899038983164,0.5137483961585115,0.816713532451908,0.6220078672014375,0.49,0.62,1,1,2.4,3.0,0,0.017435061822101347,-0.016895827963931614
2019-06-21,20,0,nested_purged_development_oos,Bull,Stress,0.24915064860850766,0.2498973062102093,0.21687090372187273,0.23585926234269805,0.25344180822890244,0.25168171991752075,0.28053663944071716,0.2625617115295719,0.5339784476696197,0.5142434314470927,0.8397518454928145,0.6346290730683074,0.49,0.62,1,1,2.4,3.0,0,0.02383787689585791,-0.016916678890234862
2019-06-24,20,0,nested_purged_development_oos,Bull,Bull,0.26908602663565684,0.2579098293497785,0.22658903493021618,0.24008376183524002,0.24574708434437798,0.24834194171852522,0.25857785408974904,0.2536644670964563,0.5043249384341271,0.5020064088149815,0.8642515262499086,0.6495405008649339,0.49,0.62,1,1,2.4,3.0,0,0.01973440429655077,-0.0207147116028272
2019-06-25,20,0,nested_purged_development_oos,Bull,Stress,0.2373031314146062,0.24503521542406356,0.2119854172765485,0.23378297771474954,0.25919641169893953,0.2542128319354318,0.2915150396099057,0.266968974925755,0.5507114513088452,0.5211818068611869,0.8441988508527054,0.6372086292642114,0.49,0.62,1,1,2.4,3.0,0,0.030090647808194284,-0.0178857671374698
2019-06-26,20,0,nested_purged_development_oos,Bull,Stress,0.22684504873169695,0.24088821698200658,0.22040652841311292,0.2380154795607171,0.2276059527341458,0.2412245585445315,0.3251424701210443,0.2798717449127448,0.5527484228551901,0.5210963034572763,0.8300359700234424,0.6291629188026874,0.49,0.62,1,1,2.4,3.0,0,0.030070967855582786,-0.016843698746014463
2019-06-27,20,0,nested_purged_development_oos,Bull,Stress,0.15415308375681766,0.20735056066817198,0.2006850907354343,0.23144070971748992,0.25683120853125174,0.25649468585101914,0.38833061697649623,0.304714043763319,0.645161825507748,0.5612087296143382,0.8402564201387532,0.6349192046568543,0.49,0.62,1,1,2.4,3.0,0,0.05350955981660503,0.007215899882236328
2019-06-28,20,0,nested_purged_development_oos,Bull,Stress,0.23404284321225557,0.24389599305868134,0.2010686959049479,0.22894181525584006,0.26096427040946824,0.2552154925671917,0.3039241904733283,0.2719466991182869,0.5648884608827965,0.5271621916854786,0.8935735486012877,0.6702372208229487,0.49,0.62,1,1,2.4,3.0,0,0.04468424450876656,0.010940627259386904
2019-07-01,20,0,nested_purged_development_oos,Bull,Bull,0.3204190483866295,0.27894247044847464,0.2324849050247817,0.2440412028531427,0.27508203945227305,0.26176280656459733,0.17201400713631584,0.21525352013378526,0.4470960465885889,0.47701632669838256,0.9205676705540924,0.6935343342719605,0.49,0.62,0,1,2.4,3.0,0,0.032933128278814804,-0.005420574020181379
2019-07-02,20,0,nested_purged_development_oos,Bull,Stress,0.24715000935438067,0.2499942414741256,0.17556633929244564,0.216793836551489,0.27363017251203064,0.26082431095015746,0.30365347884114313,0.272387611024228,0.5772836513531738,0.5332119219743854,0.9725249888819881,0.7665394325747311,0.49,0.62,1,1,2.4,3.0,0,0.024682977943776628,-0.001654208464108109
2019-07-03,20,0,nested_purged_development_oos,Bull,Stress,0.2455495184840229,0.24955547987526233,0.17012785177824943,0.21417342515931254,0.27151013106845406,0.26022759079712077,0.3128124986692735,0.27604350416830425,0.5843226297377275,0.536271094965425,0.9579958346839867,0.7393047687368572,0.49,0.62,1,1,2.4,3.0,0,0.03204085463525454,0.006186635466783984
2019-07-04,20,0,nested_purged_development_oos,Bull,Bull,0.3449758386651587,0.28762642218187867,0.19764261362437324,0.2280519243458702,0.21054291585858345,0.23413989897824164,0.24683863185188448,0.2501817544940094,0.4573815477104679,0.4843216534722511,0.94755783190124,0.7240669619221073,0.49,0.62,0,1,2.4,3.0,0,0.024716675683803712,-0.006899103878704171
2019-07-05,20,0,nested_purged_development_oos,Sideway,Bull,0.31515379069030885,0.27607147132052295,0.21490414863604093,0.2353635142343297,0.23585000429730796,0.24466326123548002,0.23409205637634228,0.24390175320966728,0.46994206067365024,0.4885650144451473,0.95750821874241,0.7385298146158527,0.49,0.62,0,1,2.4,3.0,0,0.016029309254069923,-0.009260040727115981
2019-07-08,20,0,nested_purged_development_oos,Sideway,Stress,0.23994582948473514,0.2467166560635903,0.1847749056521611,0.2212683071169633,0.2744526527984114,0.26092322117768924,0.3008266120646923,0.27109181564175716,0.5752792648631038,0.5320150368194464,0.9623697869822551,0.7465943627446318,0.49,0.62,1,1,2.4,3.0,0,0.007012145257107346,0.0027901227152799146
2019-07-09,20,0,nested_purged_development_oos,Sideway,Bull,0.27707900884403613,0.2610948019760963,0.23908599546220463,0.2455336044065699,0.23153581836506812,0.24227259573832302,0.25229917732869117,0.2510989978790108,0.4838349956937593,0.49337159361733385,0.9227801990217336,0.6957015332102774,0.49,0.62,1,1,2.4,3.0,0,-0.004592335574122841,-0.004592335574122841
2019-07-10,20,0,nested_purged_development_oos,Sideway,Bull,0.2877539576358262,0.265437444300237,0.23305548732922163,0.24311478169966935,0.21951217036834417,0.23712520981173046,0.25967838466660803,0.2543225641883631,0.4791905550349522,0.49144777400009354,0.8703791043661755,0.6535706242818548,0.49,0.62,1,1,2.4,3.0,0,-0.007960528328810895,-0.009328021574953538
2019-07-11,20,0,nested_purged_development_oos,Sideway,Bull,0.2960385331740107,0.2687876022470004,0.22101608242480333,0.23797102444085688,0.21771317348999122,0.2364827280491177,0.26523221091119475,0.2567586452630251,0.48294538440118595,0.4932413733121428,0.876816374623012,0.657957907820459,0.49,0.62,1,1,2.4,3.0,0,-0.0034700398712623924,-0.01442975985174241
2019-07-12,20,0,nested_purged_development_oos,Sideway,Stress,0.24091094224406548,0.24782245738007483,0.18359197823850334,0.22129561857531,0.22793258928523935,0.24216968851712614,0.34756449023219177,0.28871223552748904,0.5754970795174311,0.5308819240446152,0.9279159417097242,0.7009242100197561,0.49,0.62,1,1,2.4,3.0,0,-0.0010873245709010061,-0.01112376870331856
2019-07-15,20,0,nested_purged_development_oos,Sideway,Stress,0.22128690632855452,0.23850861872167373,0.21417295445349877,0.23528331110408598,0.23618700814155544,0.24507322383716693,0.32835313107639136,0.2811348463370734,0.5645401392179468,0.5262080701742403,0.9300664191032256,0.7031973249930601,0.49,0.62,1,1,2.4,3.0,0,0.0028544458349634583,-0.008177048773216549
2019-07-16,20,0,nested_purged_development_oos,Sideway,Bull,0.3169701259482635,0.2770690630729358,0.22288993817359218,0.23925889400389178,0.1972279585331335,0.227370402563264,0.26291197734501087,0.25630164035990843,0.4601399358781444,0.48367204292317245,0.8997596862963744,0.6751385380361262,0.49,0.62,0,1,2.4,3.0,0,-0.01568063982375659,-0.017979443801754702
2019-07-17,20,0,nested_purged_development_oos,Sideway,Bull,0.3002524836266346,0.270841121433589,0.20720678075066215,0.2320581547560775,0.20587183668383732,0.23143404238725918,0.28666889893886605,0.26566668142307426,0.4925407356227034,0.49710072381033343,0.8899632663376882,0.6674753893198474,0.49,0.62,1,1,2.4,3.0,0,-0.013999859704565746,-0.018447713452186966
2019-07-18,20,0,nested_purged_development_oos,Sideway,Stress,0.20449524378313397,0.23140624885371597,0.20404076704574398,0.23119182453409853,0.24057491226937724,0.2476156278368349,0.35088907690174487,0.28978629877535056,0.5914639891711221,0.5374019266121854,0.9290509302179925,0.7021172421090239,0.49,0.62,1,1,2.4,3.0,0,0.003405903784895885,-0.011789940036469056
2019-07-19,20,0,nested_purged_development_oos,Sideway,Stress,0.28300026486731406,0.2640271487313059,0.2177558696008367,0.2367144923369028,0.20585117864531016,0.23123379173003705,0.293392686886539,0.26802456720175427,0.4992438655318492,0.4992583589317913,0.882358436423726,0.661872967842696,0.49,0.62,1,1,2.4,3.0,0,-0.0023849089445449113,-0.018213606036528794
2019-07-22,20,0,nested_purged_development_oos,Sideway,Stress,0.26221347842984405,0.2560883576714737,0.2166603302814229,0.23651480455015442,0.19985490521835914,0.2286904794870002,0.3212712860703738,0.27870635829137164,0.5211261912887329,0.5073968377783719,0.8940669311661201,0.6706201101738531,0.49,0.62,1,1,2.4,3.0,0,-0.0010290005849197044,-0.01790816614981403
2019-07-23,20,0,nested_purged_development_oos,Sideway,Bull,0.33161657285906,0.28307658588977336,0.21275113440728885,0.23528025008388562,0.1809724913592081,0.2199433100668883,0.27465980137444296,0.2616998539594527,0.455632292733651,0.481643164026341,0.8870486403412482,0.665294964653909,0.49,0.62,0,1,2.4,3.0,0,-0.004852780110896147,-0.025435465196099967
2019-07-24,20,0,nested_purged_development_oos,Sideway,Stress,0.2824714670551336,0.2638796268785116,0.20678997241368874,0.23172367029977928,0.21383618225841508,0.23498146877219334,0.29690237827276267,0.2694152340495158,0.5107385605311777,0.5043967028217091,0.9118753682006709,0.6854466729750227,0.49,0.62,1,1,2.4,3.0,0,0.006021835938840579,-0.02437371685203324
2019-07-25,20,0,nested_purged_development_oos,Sideway,Bull,0.3326840400960433,0.28354628015020733,0.2198219372368959,0.23858340410627865,0.1749209919102709,0.21691759099802108,0.27257303075679,0.26095272474549297,0.44749402266706095,0.477870315743514,0.906495048508875,0.6807434269099917,0.49,0.62,0,1,2.4,3.0,0,0.0023190336713990733,-0.030968610067041064
2019-07-26,20,0,nested_purged_development_oos,Sideway,Stress,0.25820198560809426,0.2540961838835278,0.22121969908538974,0.23824560665812766,0.2110860786092512,0.23363602855268134,0.3094922366972649,0.2740221809056632,0.5205783153065161,0.5076582094583446,0.9317646102133167,0.7050311632042179,0.49,0.62,1,1,2.4,3.0,0,-0.0009064357554858315,-0.029359194641438796
2019-07-29,20,0,nested_purged_development_oos,Bear,Bull,0.33071555435454386,0.2822692683661834,0.2413289807213825,0.24753965887032256,0.19059372036670616,0.22435517087947587,0.23736174455736758,0.24583590188401822,0.42795546492407377,0.4701910727634941,0.8684155999705098,0.6522643387519994,0.49,0.62,0,1,2.4,3.0,1,-0.015206116848071697,-0.03396927969105533
2019-07-30,20,0,nested_purged_development_oos,Sideway,Stress,0.22991715904936383,0.24267776300082977,0.1993702091460182,0.2286828957612948,0.23035704834041,0.24287111495821007,0.34035558346420813,0.2857682262796653,0.5707126318046181,0.5286393412378754,0.9399013548150847,0.7143479846245068,0.49,0.62,1,1,2.4,3.0,0,-0.009404953138723878,-0.021952763799943823
2019-07-31,20,0,nested_purged_development_oos,Sideway,Bull,0.2803514800617273,0.26253470980788157,0.21264538420515722,0.23397377975677303,0.2505846040428652,0.2505387277627155,0.25641853169025036,0.2529527826726299,0.5070031357331155,0.5034915104353455,0.9505676256320534,0.7281951207070833,0.49,0.62,1,1,2.4,3.0,0,-0.0146275691831264,-0.027656432027313653
2019-08-01,20,0,nested_purged_development_oos,Bear,Bull,0.3152412564904229,0.2767434002732731,0.27944849788947157,0.2631894097259157,0.21874948047650877,0.23765881711275139,0.18656076514359674,0.2224083728880598,0.40531024562010554,0.4600671900008112,0.8601414610680195,0.6469109739548242,0.49,0.62,0,1,2.4,3.0,1,-0.019029106870918973,-0.03341799242135085
2019-08-02,20,0,nested_purged_development_oos,Sideway,Stress,0.23725629035270268,0.24564543585388426,0.20205962306608896,0.22974767076763458,0.23034211079016972,0.2426369111828906,0.33034197579103863,0.2819699821955906,0.5606840865812084,0.5246068933784812,0.9291003796895538,0.702169557207543,0.49,0.62,1,1,2.4,3.0,0,-0.007128566609590218,-0.027091562840029063
2019-08-05,20,0,nested_purged_development_oos,Sideway,Stress,0.1871944252321642,0.22428171306597436,0.21316082117084625,0.23675540104730425,0.20501084951738194,0.23294076845519032,0.39463390407960763,0.3060221174315311,0.5996447535969895,0.5389628858867215,0.8884416116165862,0.6663317138361399,0.49,0.62,1,1,2.4,3.0,0,0.006361064414175718,-0.008814358115950334
2019-08-06,20,0,nested_purged_development_oos,Sideway,Stress,0.19653706468746523,0.23014117642970747,0.20445316779882927,0.23395907902904337,0.17297893173759787,0.21821753180262318,0.4260308357761076,0.31768221273862596,0.5990097675137055,0.5358997445412491,0.9183147775246722,0.6913750607944765,0.49,0.62,1,1,2.4,3.0,0,0.01340740077155723,0.0013674932461426568
2019-08-07,20,0,nested_purged_development_oos,Sideway,Stress,0.19545909289151833,0.22767818860214512,0.23407663731492945,0.2454411292507024,0.19882746422042916,0.22930488158138246,0.3716368055731231,0.29757580056577004,0.5704642697935522,0.5268806821471526,0.8779954009652658,0.6587796993302013,0.49,0.62,1,1,2.4,3.0,0,0.01118031741507729,0.0009313107318555851
2019-08-08,20,0,nested_purged_development_oos,Sideway,Stress,0.25947133126570987,0.25479640356909133,0.2297403704699659,0.2421985845684813,0.19734521115463927,0.2273354334925591,0.31344308710968494,0.2756695783698683,0.5107882982643241,0.5030050118624274,0.7554228848836314,0.5928876386662264,0.49,0.62,1,0,2.4,3.0,0,-0.00119015875990205,-0.008660916002481898
2019-08-09,20,0,nested_purged_development_oos,Sideway,Stress,0.19688070431693147,0.2279133094419828,0.2200172953073795,0.2387126214544224,0.22494442926687527,0.24092566001495966,0.3581575711088138,0.2924484090886352,0.583102000375689,0.5333740691035949,0.8047151330722043,0.6158593066526694,0.49,0.62,1,0,2.4,3.0,0,-0.0002258193659966304,-0.0077376401544193545
2019-08-12,20,0,nested_purged_development_oos,Sideway,Stress,0.22385272925918245,0.23927272603732744,0.2229902101680556,0.23888815456652718,0.24572924228883675,0.24875160070910649,0.30742781828392524,0.2730875186870389,0.553157060572762,0.5218391193961454,0.7854621856797994,0.6064932635579481,0.49,0.62,1,0,2.4,3.0,0,-0.00519129236290615,-0.008732690630181707
2019-08-13,20,0,nested_purged_development_oos,Sideway,Stress,0.1798741620208414,0.22030510719546495,0.19008485485193394,0.2254320723865095,0.2581511436878143,0.2560953901248543,0.3718898394394104,0.2981674302931712,0.6300409831272247,0.5542628204180255,0.8093723324497349,0.6182150705490339,0.49,0.62,1,0,2.4,3.0,0,0.002561799618121973,0.0021490497696231656
2019-08-14,20,0,nested_purged_development_oos,Sideway,Stress,0.18359011952707574,0.22097748593301994,0.23112605033324168,0.24322853581529588,0.2578593368114375,0.2545776912701234,0.327424493328245,0.2812162869815607,0.5852838301396825,0.5357939782516841,0.8249172821806605,0.6263699093602717,0.49,0.62,1,1,2.4,3.0,0,0.007362576832462625,0.0004127498484988585
2019-08-15,20,0,nested_purged_development_oos,Sideway,Bull,0.306232761341685,0.2725899396150491,0.22298689683985742,0.23883869834891458,0.23687245956665884,0.24492664846680398,0.23390788225179884,0.24364471356923226,0.4707803418184577,0.48857136203603624,0.7739205865853281,0.6011344708389048,0.49,0.62,0,0,2.4,3.0,0,0.007973193871194455,-0.010335240225244824
2019-08-16,20,0,nested_purged_development_oos,Sideway,Bull,0.3179622970469714,0.27753387995987333,0.24394736836006495,0.24852278993635615,0.1863648721803453,0.2221490803594472,0.2517254624126184,0.2517942497443233,0.4380903345929637,0.4739433301037705,0.6446251275422868,0.5494623431717378,0.49,0.62,0,0,2.4,3.0,0,0.010010947322681447,-0.010968093495863791
2019-08-19,20,0,nested_purged_development_oos,Sideway,Bull,0.28697553249657776,0.26510752462054543,0.2572482311132591,0.2532990284881509,0.2351412412106785,0.24399093684589632,0.22063499517948448,0.2376025100454073,0.45577623639016296,0.4815934468913036,0.6175607258136339,0.5398492651124034,0.49,0.62,0,0,2.4,3.0,0,0.01588691346764021,-0.012018561968774068
2019-08-20,20,0,nested_purged_development_oos,Sideway,Bull,0.31230004354679636,0.2753238350740631,0.2675535291281154,0.2581427367263401,0.22424007241719907,0.2398295184514269,0.19590635490788924,0.22670390974816995,0.42014642732508833,0.46653342819959687,0.5208697414996045,0.5069601749859333,0.49,0.62,0,0,2.4,3.0,0,0.010586919907391995,-0.015722081489083668
2019-08-21,20,0,nested_purged_development_oos,Sideway,Bull,0.36577790818098166,0.29560427278263063,0.23714124729277536,0.24676849865827918,0.1764171125775464,0.2181534353075861,0.22066373194869654,0.23947379325150409,0.3970808445262429,0.4576272285590902,0.5602847413116113,0.5201821737190027,0.49,0.62,0,0,2.4,3.0,0,0.002731638471239634,-0.025534949194753777
2019-08-22,20,0,nested_purged_development_oos,Sideway,Bull,0.32825945637254456,0.2811082355754128,0.23576751723699138,0.2448976988388873,0.21111375980028788,0.23388279501726725,0.2248592665901763,0.24011127056843265,0.4359730263904642,0.4739940655856999,0.6825407050273647,0.5634455326640099,0.49,0.62,0,0,2.4,3.0,0,-0.006943004918480505,-0.02842704014231994
2019-08-23,20,0,nested_purged_development_oos,Sideway,Bear,0.22259414900448096,0.23884557200509604,0.20524057716456723,0.23090294854424978,0.2966972999909574,0.269226082349062,0.27546797383999444,0.2610253971015921,0.5721652738309518,0.5302514794506541,0.7497671501917577,0.5904413688180756,0.49,0.62,1,0,2.4,3.0,0,-0.006773860700850078,-0.023592155289832883
2019-08-26,20,0,nested_purged_development_oos,Sideway,Stress,0.21349677200304787,0.23538703814010728,0.18435560893510058,0.2214248258979335,0.2906778676513022,0.2676852755713439,0.3114697514105494,0.2755028603906153,0.6021476190618515,0.5431881359619593,0.8522236574525593,0.641998706597784,0.49,0.62,1,1,2.4,3.0,0,0.005327230623868615,-0.013902559246863446
2019-08-27,20,0,nested_purged_development_oos,Sideway,Stress,0.1873368603255822,0.22420376781089638,0.17417690758653298,0.21750168761505578,0.2700151301445128,0.2610928224033282,0.3684711019433721,0.29720172217071966,0.6384862320878849,0.5582945445740479,0.8999462861258251,0.6752899008231288,0.49,0.62,1,1,2.4,3.0,0,0.01070225938355022,-0.007687207065099888
2019-08-28,20,0,nested_purged_development_oos,Sideway,Stress,0.1852565937399859,0.22206365647620435,0.20626946320925324,0.23223072599106104,0.2807605327277693,0.26406559019562204,0.3277134103229916,0.2816400273371125,0.6084739430507609,0.5457056175327346,0.9010687911637416,0.6762049854816806,0.49,0.62,1,1,2.4,3.0,0,0.013709494653723314,-0.008168259248067179
2019-08-29,20,0,nested_purged_development_oos,Bull,Bear,0.21651696185325997,0.23583205426811604,0.22738410874533305,0.24069361955338825,0.27808768352384394,0.2617521533572688,0.2780112458775631,0.26172217282122695,0.556098929401407,0.5234743261784958,0.8449354875320296,0.6376409268879236,0.49,0.62,1,1,2.4,3.0,0,0.019480182694388205,-0.0095282819543117
2019-08-30,20,0,nested_purged_development_oos,Sideway,Bear,0.2506118839963938,0.2508269893097427,0.19735299239893903,0.22706060360687194,0.28879421524364035,0.26609422168567204,0.2632409083610268,0.25601818539771326,0.5520351236046672,0.5221124070833854,0.8275393234530465,0.6277934945175848,0.49,0.62,1,1,2.4,3.0,0,0.012622477774764659,-0.015102392634318701
2019-09-03,20,0,nested_purged_development_oos,Bull,Stress,0.20600117942590343,0.23209182436682932,0.18322803508719265,0.2210348566592384,0.29655273730036413,0.27014064860410436,0.31421804818653976,0.2767326703698279,0.6107707854869039,0.5468733189739323,0.8625960599031102,0.6484745137650724,0.49,0.62,1,1,2.4,3.0,0,0.020445897806396704,-0.010314818934005938
2019-09-04,20,0,nested_purged_development_oos,Sideway,Stress,0.20481492420745429,0.23192416396069088,0.19473035492633745,0.22709593294844993,0.23680697973093673,0.2463824150790891,0.3636477411352715,0.29459748801177016,0.6004547208662082,0.5409799030908593,0.8715710793839758,0.6543707170428799,0.49,0.62,1,1,2.4,3.0,0,0.013774966138574454,-0.008546797175437177
2019-09-05,20,0,nested_purged_development_oos,Bull,Stress,0.17174988140947453,0.21677274193158186,0.18896308500996958,0.22557357523466917,0.24339747721308214,0.2506664336071728,0.39588955636747375,0.3069872492265762,0.6392870335805558,0.557653682833749,0.8905637129776371,0.6679299525844873,0.49,0.62,1,1,2.4,3.0,0,0.015904948224733054,-0.007687207065099888
2019-09-06,20,0,nested_purged_development_oos,Sideway,Stress,0.17066099354605138,0.2169922575026708,0.1945062572447533,0.22914512182629643,0.20984284899002972,0.2365071083289442,0.42498990021916555,0.31735551234208853,0.6348327492091953,0.5538626206710328,0.8898235831515232,0.667369910494591,0.49,0.62,1,1,2.4,3.0,0,0.013774196069643417,-0.004908957624457802
2019-09-09,20,0,nested_purged_development_oos,Sideway,Stress,0.20007487391689172,0.228775062784597,0.25808204833243725,0.2543768208637071,0.21948865203890633,0.2377753427188742,0.3223544257117647,0.2790727736328217,0.5418430777506711,0.5168481163516959,0.8506297007130236,0.6410327714553351,0.49,0.62,1,1,2.4,3.0,0,0.009166173076892128,-0.00495002117030078
2019-09-10,20,0,nested_purged_development_oos,Bull,Stress,0.1778010243191913,0.22069137566037947,0.20334266789472405,0.23338591162718858,0.19293792957252526,0.2283337415063299,0.4259183782135594,0.317588971206102,0.6188563077860847,0.545922712712432,0.8784163346826549,0.6590745178072989,0.49,0.62,1,1,2.4,3.0,0,0.01834126820699308,-0.0009795986491536375
2019-09-11,20,0,nested_purged_development_oos,Bull,Stress,0.1718317022578516,0.2173364062560627,0.2377994594105503,0.2488440738505093,0.17934729124580814,0.22124779548584123,0.41102154708579,0.3125717244075868,0.5903688383315981,0.533819519893428,0.8953458925765273,0.6716189508204664,0.49,0.62,1,1,2.4,3.0,0,0.018926139996944067,0.00694982698396375
2019-09-12,20,0,nested_purged_development_oos,Sideway,Stress,0.2653686047264563,0.25684467823786566,0.20296259981493572,0.2296976772060276,0.23966973645919987,0.24617206132171543,0.29199905899940815,0.2672855832343913,0.531668795458608,0.5134576445561068,0.8836230947918203,0.6627854966847936,0.49,0.62,1,1,2.4,3.0,0,0.011520665251187211,0.007166367263228878
2019-09-13,20,0,nested_purged_development_oos,Sideway,Bull,0.35250264364703093,0.2902739271007917,0.22251274964578405,0.23963757311356784,0.20491905534139387,0.2315526103816129,0.22006555136579115,0.23853588940402756,0.424984606707185,0.4700884997856405,0.8913854428583179,0.6685550839720844,0.49,0.62,0,1,2.4,3.0,0,0.004668891688416335,-0.00419223984924644
2019-09-16,20,0,nested_purged_development_oos,Sideway,Bull,0.31000544949702924,0.27425371093448114,0.199898208713891,0.22842957687793214,0.24442168650894106,0.24839347474184548,0.24567465528013877,0.2489232374457413,0.4900963417890798,0.4973167121875868,0.9306639249884195,0.7038385595627027,0.49,0.62,1,1,2.4,3.0,0,0.0037409984993754387,-0.006862846571352442
2019-09-17,20,0,nested_purged_development_oos,Sideway,Bull,0.41272498180737904,0.31269616064553923,0.2066818126417948,0.23440840288173498,0.19665133194642972,0.229599500331944,0.1839418736043964,0.2232959361407818,0.3805932055508261,0.4528954364727258,0.8696341904434517,0.6530733503702413,0.49,0.62,0,1,2.4,3.0,0,-0.0037089383603675636,-0.013789281189221448
2019-09-18,20,0,nested_purged_development_oos,Sideway,Bull,0.31541525262650477,0.27637376596337476,0.19877345790273585,0.22800534372566716,0.23190062697111938,0.24312978335034213,0.25391066249964006,0.25249110696061605,0.48581128947075947,0.4956208903109582,0.8835640723328925,0.6627427443987602,0.49,0.62,1,1,2.4,3.0,0,-0.0006936032967891672,-0.012192807149282826
2019-09-19,20,0,nested_purged_development_oos,Sideway,Bull,0.32484429802853393,0.2797690003285003,0.2204525524079711,0.23803978123398184,0.2213799340823193,0.23845650634547616,0.2333232154811756,0.2437347120920417,0.4547031495634949,0.4821912184375179,0.8370947709943943,0.633111730897076,0.49,0.62,0,1,2.4,3.0,0,-0.007327957418859179,-0.014150393418800658
2019-09-20,20,0,nested_purged_development_oos,Sideway,Stress,0.2370645407441384,0.24589827772309428,0.18407737284651382,0.22129821315249593,0.24366141008282446,0.24872659125679442,0.33519667632652334,0.2840769178676153,0.5788580864093478,0.5328035091244097,0.8677616979615438,0.6518324771706233,0.49,0.62,1,1,2.4,3.0,0,-0.0011719777453319577,-0.007367840976646597
2019-09-23,20,0,nested_purged_development_oos,Sideway,Stress,0.22130549901002042,0.239828063556384,0.1689783296901606,0.21432993748488097,0.24858110347086995,0.25172805974416046,0.361135067828949,0.29411393921457457,0.6097161712998189,0.5458419989587351,0.9112703686289045,0.6849070036914446,0.49,0.62,1,1,2.4,3.0,0,-0.0022241301804010833,-0.002702100341789909
2019-09-24,20,0,nested_purged_development_oos,Sideway,Stress,0.24411787290596812,0.2480458849551411,0.20271588248581296,0.2295631152080579,0.2613381334514338,0.2551917889799054,0.29182811115678514,0.26719921085689563,0.553166244608219,0.522390999836801,0.84889329005144,0.6399888469582596,0.49,0.62,1,1,2.4,3.0,0,-0.000951744599311199,-0.005113595623539197
2019-09-25,20,0,nested_purged_development_oos,Sideway,Stress,0.2531567699134163,0.2524573020947833,0.1879312814797622,0.22298479013763947,0.23565713815050385,0.2450337326252851,0.32325481045631765,0.27952417514229216,0.5589119486068215,0.5245579077675773,0.854483462326362,0.6433810085154794,0.49,0.62,1,1,2.4,3.0,0,0.000496179931094838,-0.004273272201457231
2019-09-26,20,0,nested_purged_development_oos,Sideway,Stress,0.27891366963744907,0.2624792536736741,0.1990345485252498,0.22805315997042847,0.22498190652269928,0.2399997170063427,0.29706987531460194,0.2694678693495548,0.5220517818373012,0.5094675863558975,0.8593145046641354,0.6463886923230509,0.49,0.62,1,1,2.4,3.0,0,0.0028724791086700095,-0.007761559654597735
2019-09-27,20,0,nested_purged_development_oos,Sideway,Bull,0.31920718250242075,0.2779052470774028,0.20500197135394024,0.23108175437986067,0.211945622201387,0.234311351052643,0.263845223942252,0.2567016474900936,0.475790846143639,0.4910129985427366,0.8030477182906876,0.6150249291122858,0.49,0.62,1,0,2.4,3.0,0,-0.0012735597712173708,-0.014892270401507134
2019-09-30,20,0,nested_purged_development_oos,Sideway,Bull,0.28448261296848204,0.26440042637526895,0.19715812235022548,0.2269403454694978,0.2625692055718732,0.25571557282905294,0.2557900591094194,0.25294365532618035,0.5183592646812926,0.5086592281552333,0.873457562178427,0.6556482112745962,0.49,0.62,1,1,2.4,3.0,0,-8.027937225833665e-05,-0.013608676161890565
2019-10-01,20,0,nested_purged_development_oos,Sideway,Bull,0.34609390875342094,0.28834183475433656,0.2528217249754776,0.25297804880499214,0.2232903676257396,0.2402182532455205,0.17779399864536188,0.21846186319515087,0.40108436627110144,0.4586801164406714,0.8360307510489359,0.632508971218781,0.49,0.62,0,1,2.4,3.0,0,-0.0037284679316605357,-0.016644522493209732
2019-10-02,20,0,nested_purged_development_oos,Sideway,Stress,0.26815808278725134,0.259306513914583,0.16683888034098696,0.21278503578870045,0.23192399799344593,0.24408696761883955,0.3330790388783158,0.28382148267787694,0.5650030368717618,0.5279084502967165,0.9068898564284136,0.6810814057741803,0.49,0.62,1,1,2.4,3.0,0,0.009738641684204477,-0.008205569066818796
2019-10-03,20,0,nested_purged_development_oos,Sideway,Bull,0.305540711859226,0.27242983032163365,0.20827002931755748,0.23222218029037117,0.2416488389829864,0.2470602279122041,0.24454041984023014,0.24828776147579104,0.4861892588232165,0.4953479893879952,0.872361270951378,0.6549041305680615,0.49,0.62,1,1,2.4,3.0,0,0.006397948775387942,-0.009475961042640094
2019-10-04,20,0,nested_purged_development_oos,Bull,Stress,0.22210270332737334,0.23975688981696855,0.18180099801185384,0.22056610323569634,0.242064205115984,0.24851049433907868,0.35403209354478876,0.2911665126082564,0.5960962986607727,0.5396770069473351,0.8888098925987747,0.666607435238113,0.49,0.62,1,1,2.4,3.0,0,0.027957371522973378,-0.004566959446908403
2019-10-07,20,0,nested_purged_development_oos,Bull,Stress,0.22984693094501474,0.24373637035213858,0.17639024638552842,0.21828234638521055,0.22150995960864386,0.2400129830945805,0.372252863060813,0.2979683001680704,0.5937628226694569,0.5379812832626509,0.8826012502399821,0.6620476042441286,0.49,0.62,1,1,2.4,3.0,0,0.03923675349983921,0.00047797016138885837
2019-10-08,20,0,nested_purged_development_oos,Bull,Bull,0.302659096727253,0.2715216172232411,0.20893420174966335,0.2326721115148618,0.21639115577203005,0.23609682743365315,0.2720155457510535,0.25970944382824396,0.4884067015230836,0.49580627126189714,0.8735868618412989,0.6557362826554497,0.49,0.62,1,1,2.4,3.0,0,0.03589843671437548,-0.004726702447565098
2019-10-09,20,0,nested_purged_development_oos,Bull,Stress,0.2923234461773487,0.2682222640620731,0.1876643007892763,0.2229944206292187,0.2124227228134902,0.2348111459187471,0.30758953021988494,0.2739721693899611,0.5200122530333752,0.5087833153087082,0.8815066440251047,0.6612624553045507,0.49,0.62,1,1,2.4,3.0,0,0.03684946467368815,-0.0043319755883622635
2019-10-10,20,0,nested_purged_development_oos,Bull,Stress,0.27705784349863044,0.26243307824356726,0.2015511803359539,0.22984838047905332,0.1952824844240109,0.22684223910620413,0.32610849174140477,0.2808763021711753,0.5213909761654156,0.5077185412773795,0.8735505150735265,0.655711518659226,0.49,0.62,1,1,2.4,3.0,0,0.036446131641403194,-0.00387632782656924
2019-10-11,20,0,nested_purged_development_oos,Bull,Bull,0.3535132214628253,0.29104951697406456,0.2102665985909538,0.2343970516406223,0.18373434941999298,0.22158677615610978,0.2524858305262279,0.25296665522920325,0.43622017994622087,0.47455343138531303,0.8550847548058451,0.6437514047306354,0.49,0.62,0,1,2.4,3.0,0,0.030434303964423207,-0.008383161376273785
2019-10-14,20,0,nested_purged_development_oos,Bull,Bull,0.3580644971873525,0.2930405595023152,0.2297509794462938,0.2435759736030585,0.16570311207892743,0.21256821196400036,0.2464814112874264,0.25081525493062595,0.4121845233663538,0.4633834668946263,0.7888605462408967,0.6081057841555438,0.49,0.62,0,0,2.4,3.0,0,0.023062027300659454,-0.010125874909338915
2019-10-15,20,0,nested_purged_development_oos,Bull,Bull,0.30763861586178226,0.2734836358820745,0.25305700075156656,0.252109168469045,0.191874811703427,0.22464933855477115,0.24742957168322424,0.2497578570941094,0.43930438338665123,0.47440719564888056,0.825585667537221,0.6267313975809038,0.49,0.62,0,1,2.4,3.0,0,0.025138294365005955,-0.009602372667464984
2019-10-16,20,0,nested_purged_development_oos,Bull,Bull,0.32831422977291486,0.28167685458877784,0.2621627212530084,0.25646907668832153,0.17897406571475716,0.21875584277515042,0.23054898325931972,0.2430982259477502,0.4095230489740769,0.46185406872290063,0.7415977896941544,0.5869642835975054,0.49,0.62,0,0,2.4,3.0,0,0.018244553829684738,-0.01102123369110477
2019-10-17,20,0,nested_purged_development_oos,Bull,Stress,0.26024321200089134,0.2549752438961935,0.23823852706379736,0.2457602232670284,0.1969175112952022,0.2270082997071051,0.30460074964010914,0.27225623312967295,0.5015182609353114,0.4992645328367781,0.8064105481742991,0.6167125407270144,0.49,0.62,1,0,2.4,3.0,0,0.022457140188817885,-0.006344465838552557
2019-10-18,20,0,nested_purged_development_oos,Bull,Stress,0.2594702834494522,0.25492748020179545,0.2602099112937749,0.2552300115311854,0.18002556576355863,0.2189119078073517,0.30029423949321427,0.2709306004596674,0.48031980525677287,0.4898425082670191,0.814989614222096,0.6211081631341137,0.49,0.62,0,1,2.4,3.0,0,0.020838776717216387,-0.0057178930699256225
2019-10-21,20,0,nested_purged_development_oos,Bull,Stress,0.2413144741981491,0.24894511246535175,0.2037566160061353,0.2320012984722582,0.17786615726441954,0.2192297137919328,0.3770627525312961,0.2998238752704573,0.5549289097957156,0.5190535890623901,0.8889909300310834,0.6667432238948244,0.49,0.62,1,1,2.4,3.0,0,0.01948241055097286,0.003683880862839207
2019-10-22,20,0,nested_purged_development_oos,Bull,Bull,0.3086054122223772,0.27454584431753837,0.22650627712649318,0.24134973941769458,0.17403424937323106,0.21625253239780448,0.29085406127789853,0.2678518838669626,0.46488831065112957,0.4841044162647671,0.8259101893588727,0.6269072542444427,0.49,0.62,0,1,2.4,3.0,0,0.021208087145676114,0.0006076011083239475
2019-10-23,20,0,nested_purged_development_oos,Bull,Bull,0.32553037340963037,0.280475095603355,0.2034970710966088,0.2306112062458175,0.20166293075660963,0.2297428674620016,0.26930962473715125,0.259170830688826,0.4709725554937609,0.48891369815082764,0.8436919291594516,0.6369119795079855,0.49,0.62,0,1,2.4,3.0,0,0.012844997692152495,0.0058645866307156
2019-10-24,20,0,nested_purged_development_oos,Sideway,Bull,0.3805404720164807,0.30077125223346135,0.21953385461410402,0.23916351534708633,0.20253798054419098,0.23126700004414363,0.1973876928252243,0.22879823237530875,0.3999256733694153,0.4600652324194524,0.7837791044776624,0.6057006653153739,0.49,0.62,0,0,2.4,3.0,0,-0.005763355662051321,-0.005763355662051321
2019-10-25,20,0,nested_purged_development_oos,Bear,Bull,0.38534414258307415,0.30300925100435594,0.23583538554798766,0.24694826204844184,0.2113730268456852,0.2359334707319498,0.16744744502325307,0.21410901621525247,0.3788204718689383,0.4500424869472023,0.7385183898796498,0.5856700685183475,0.49,0.62,0,0,2.4,3.0,1,-0.019034687191467826,-0.019034687191467826
2019-10-28,20,0,nested_purged_development_oos,Bear,Bull,0.3344667593494638,0.28351332609300867,0.23079091198352789,0.24290374040881202,0.2031018166907381,0.230307013022022,0.23164051197627034,0.24327592047615734,0.43474232866700846,0.47358293349817937,0.8003701303311942,0.6136947420466994,0.49,0.62,0,0,2.4,3.0,1,-0.02040794051907282,-0.02040794051907282
2019-10-29,20,0,nested_purged_development_oos,Bear,Bull,0.3145878631043062,0.27666209691994464,0.2342148477621933,0.24466012269548604,0.17448011226598195,0.21641365068269497,0.2767171768675186,0.2622641297018743,0.45119728913350055,0.47867778038456926,0.913352986933203,0.6867767960725497,0.49,0.62,0,1,2.4,3.0,1,-0.019345041743642023,-0.019795598290989695
2019-10-30,20,0,nested_purged_development_oos,Bear,Bull,0.3399544471455272,0.28718615737014497,0.2524453822477694,0.2536926954206535,0.14420605225934763,0.2009006397915257,0.2633941183473559,0.2582205074176759,0.4076001706067035,0.4591211472092016,0.9088103415681551,0.6827412614515672,0.49,0.62,0,1,2.4,3.0,1,-0.022961404106937134,-0.024823754480463905
2019-10-31,20,0,nested_purged_development_oos,Stress,Bull,0.2979035461447678,0.2699360534598533,0.2603460174267264,0.2551970137618546,0.1828642076185104,0.220267112629966,0.25888622880999546,0.25459982014832616,0.44175043642850587,0.4748669327782922,0.920169580155378,0.6931493729086716,0.49,0.62,0,1,2.4,3.0,1,-0.028876529686085554,-0.028876529686085554
2019-11-01,20,0,nested_purged_development_oos,Stress,Bull,0.3860261208186175,0.30361290376731803,0.2562871450457111,0.2559761168402465,0.1661721542663926,0.21369574480703898,0.1915145798692788,0.22671523458539644,0.3576867341356714,0.44041097939243545,0.8414371394541718,0.6356006478375837,0.49,0.62,0,1,2.4,3.0,1,-0.0451560347740516,-0.04552695083793924
2019-11-04,20,0,nested_purged_development_oos,Stress,Bull,0.4119673567489099,0.3126643305223383,0.18505171796877154,0.22400496126730088,0.1768033846726271,0.21978931533025106,0.22617754060969147,0.24354139288010987,0.40298092528231855,0.46333070821036093,0.9431127755255964,0.7182987302951102,0.49,0.62,0,1,2.4,3.0,1,-0.06372314987852101,-0.06372314987852101
2019-11-05,20,0,nested_purged_development_oos,Stress,Bull,0.4158933463289413,0.3138272112804406,0.18751513184953236,0.22518869059950622,0.1961658218752613,0.22946044687596928,0.200425699946265,0.2315236512440839,0.3965915218215263,0.46098409812005314,0.9154967527466661,0.688737931820067,0.49,0.62,0,1,2.4,3.0,1,-0.07173777313257965,-0.07173777313257965
2019-11-06,20,0,nested_purged_development_oos,Stress,Bull,0.4093303129580413,0.31152192617354485,0.17792290391923743,0.22015122122035394,0.2003840173796932,0.23133114514041572,0.21236276574302815,0.23699570746568543,0.41274678312272134,0.4683268526061012,0.9054782002219458,0.6798779359608802,0.49,0.62,0,1,2.4,3.0,1,-0.059299773654135655,-0.07229407423268945
2019-11-07,20,0,nested_purged_development_oos,Stress,Bull,0.3455129214480867,0.28802987889157494,0.19729157795355262,0.22805485052628993,0.1980166950866037,0.22840371985526098,0.259178805511757,0.2555115507268742,0.45719550059836067,0.4839152705821352,0.8892988286208791,0.666974547827124,0.49,0.62,0,1,2.4,3.0,1,-0.06116735571280441,-0.07143509343861161
2019-11-08,20,0,nested_purged_development_oos,Stress,Bull,0.310745674425295,0.27474028610286216,0.22425568494791623,0.23982622238859047,0.19578431293344292,0.2266353647621975,0.26921432769334575,0.2587981267463499,0.46499864062678864,0.4854334915085474,0.8966356895787734,0.6726356355487305,0.49,0.62,0,1,2.4,3.0,1,-0.05936134903933681,-0.06993009931133606
2019-11-11,20,0,nested_purged_development_oos,Stress,Stress,0.28661034198736146,0.2661544290764911,0.18161731478492876,0.22007849699288862,0.21690923202722792,0.2369797693298328,0.3148631112004818,0.2767873046007874,0.5317723432277097,0.5137670739306202,0.9073821579776468,0.6815043826944188,0.49,0.62,1,1,2.4,3.0,1,-0.05114060070243183,-0.06430053618063745
2019-11-12,20,0,nested_purged_development_oos,Stress,Bull,0.326111154105417,0.2811622653491607,0.18863982442103738,0.22382156153728572,0.19746148133946317,0.2281247159448101,0.2877875401340824,0.2668914571687434,0.4852490214735456,0.4950161731135535,0.9062842783154363,0.680563441361195,0.49,0.62,1,1,2.4,3.0,1,-0.05867357396587948,-0.06585330100311007
2019-11-13,20,0,nested_purged_development_oos,Stress,Stress,0.29179979586200694,0.2688708408034065,0.17007586537591204,0.214713531964467,0.20674478767654686,0.2329106599204173,0.33137955108553424,0.28350496731170927,0.5381243387620811,0.5164156272321265,0.9188927052154706,0.691924540524631,0.49,0.62,1,1,2.4,3.0,1,-0.05165869581470659,-0.060378421491428545
2019-11-14,20,0,nested_purged_development_oos,Stress,Stress,0.28249017783658864,0.2658782838980775,0.18269871957913283,0.22172836955220135,0.17803051208110357,0.21934992355728297,0.35678059050317507,0.2930434229924382,0.5348111025842787,0.5123933465497211,0.8801874394723613,0.6603233385893661,0.49,0.62,1,1,2.4,3.0,1,-0.04457255691277613,-0.0599142399980095
2019-11-15,20,0,nested_purged_development_oos,Stress,Stress,0.259699478068473,0.25696094160004757,0.19500891821117908,0.22804831279370955,0.17027022712039291,0.21551555991461935,0.3750213765999551,0.2994751856916235,0.545291603720348,0.5149907456062428,0.8654175530944735,0.6502970178160943,0.49,0.62,1,1,2.4,3.0,1,-0.044385160106518,-0.05766930375778117
2019-11-18,20,0,nested_purged_development_oos,Stress,Stress,0.21644939818146297,0.23854876983840628,0.1831106902470155,0.22248943684767186,0.1993255512116637,0.2304959298607568,0.4011143603598578,0.308465863453165,0.6004399115715215,0.5389617933139218,0.8884919234553418,0.6663693405813724,0.49,0.62,1,1,2.4,3.0,1,-0.042197689834292985,-0.05059504452161208
2019-11-19,20,0,nested_purged_development_oos,Stress,Bull,0.315692564169253,0.2765074380952364,0.1969850819914382,0.22717501328005923,0.2324744104625591,0.2434088247151545,0.25484794337674965,0.2529087239095498,0.4873223538393088,0.49631754862470434,0.9059677863796322,0.6802937553422284,0.49,0.62,1,1,2.4,3.0,1,-0.05537549309111586,-0.0560046019791544
2019-11-20,20,0,nested_purged_development_oos,Stress,Stress,0.25442755673828116,0.2539241202625383,0.1699566096636351,0.21463131496820015,0.2247511698468393,0.24113562593157087,0.35086466375124437,0.29030893883769066,0.5756158335980837,0.5314445647692615,0.9110994617635333,0.684755063736366,0.49,0.62,1,1,2.4,3.0,1,-0.0506643708252021,-0.0506643708252021
2019-11-21,20,0,nested_purged_development_oos,Bear,Stress,0.21308505902684044,0.23605494409287586,0.17708499714653986,0.21853705606762266,0.2436561943711044,0.24961650128720309,0.36617374945551534,0.29579149855229847,0.6098299438266197,0.5454079998395016,0.8983785090228247,0.6740247737588733,0.49,0.62,1,1,2.4,3.0,1,-0.036733248769640806,-0.03792060410171401
2019-11-22,20,0,nested_purged_development_oos,Bear,Stress,0.2542066117447548,0.2548652551328675,0.1684119067637319,0.21468652179150144,0.19571786430669125,0.22855750043881126,0.38166361718482206,0.3018907226368198,0.5773814814915132,0.5304482230756311,0.8419457262550679,0.6358952756703012,0.49,0.62,1,1,2.4,3.0,1,-0.022098004449058774,-0.02763394443931946
2019-11-25,20,0,nested_purged_development_oos,Bear,Stress,0.23651519689853198,0.24702216187187354,0.1765080176038538,0.21866527933163138,0.20463712188449987,0.23256167941397052,0.3823396636131144,0.30175087938252454,0.5869767854976142,0.5343125587964951,0.8292141225109347,0.6287106069603753,0.49,0.62,1,1,2.4,3.0,1,-0.01748177056395988,-0.026170377271056977
2019-11-26,20,0,nested_purged_development_oos,Bear,Stress,0.22427323463058707,0.24042946643223978,0.1999954475742544,0.22922156271484598,0.22427131437460435,0.24042860868522442,0.3514600034205542,0.28992036216768985,0.5757313177951586,0.5303489708529143,0.8306861543166089,0.6295218267150784,0.49,0.62,1,1,2.4,3.0,1,-0.01850574852397862,-0.02662093381840462
2019-11-27,20,0,nested_purged_development_oos,Bear,Stress,0.2426682867832257,0.2480350563631543,0.18376366190953833,0.2209017494402543,0.25570814581632373,0.25350383945334676,0.3178599054909122,0.27755935474324467,0.5735680513072359,0.5310631941965914,0.7417888748240409,0.5870448831042355,0.49,0.62,1,0,2.4,3.0,1,-0.017792320173038584,-0.028032727644583803
2019-11-28,20,0,nested_purged_development_oos,Sideway,Stress,0.21612578994035275,0.23961232823025963,0.16561099254251732,0.21445453195096542,0.19124944702430016,0.22770967848645987,0.42701377049282985,0.3182234613323151,0.61826321751713,0.545933139818775,0.75536034078569,0.5928604045796478,0.49,0.62,1,0,2.4,3.0,0,-0.012234597756595312,-0.02004730113244007
2019-11-29,20,0,nested_purged_development_oos,Sideway,Stress,0.2352354387554736,0.2456217402603378,0.19316084569264744,0.2262595657260462,0.21021730370143768,0.2343792627958431,0.36138641185044135,0.29373943121777285,0.571603715551879,0.528118694013616,0.7642533481371608,0.5967754255200732,0.49,0.62,1,0,2.4,3.0,0,-0.007486101984022797,-0.020418217196327627
2019-12-02,20,0,nested_purged_development_oos,Sideway,Stress,0.21794192827644354,0.24142191395838367,0.1626344965345096,0.21370104153875913,0.17353288969734598,0.2195552245214865,0.4458906854917009,0.3253218199813707,0.6194235751890469,0.5448770445028572,0.6738489366947508,0.5601773286651803,0.49,0.62,1,0,2.4,3.0,0,0.005944912901398243,-0.008563524621815647
2019-12-03,20,0,nested_purged_development_oos,Sideway,Stress,0.2088250288359301,0.2383518322169966,0.15862637345084296,0.21255215554349594,0.16318732526374952,0.21507756398176547,0.4693612724494775,0.33401844825774196,0.632548597713227,0.5490960122395074,0.7636424576346506,0.5965036714595543,0.49,0.62,1,0,2.4,3.0,0,0.00789799448219189,-0.0024152571912474463
2019-12-04,20,0,nested_purged_development_oos,Sideway,Bull,0.3504592066325966,0.290907252182157,0.15390974900816265,0.2064666074168102,0.21688478811896542,0.23818681807398165,0.2787462562402754,0.2644393223270511,0.49563104435924077,0.5026261404010327,0.7215563326874417,0.5786900499419975,0.49,0.62,1,0,2.4,3.0,0,0.0007968663911221969,-0.0154095577698012
2019-12-05,20,0,nested_purged_development_oos,Sideway,Stress,0.2775571740199557,0.26358577373136716,0.1591293759792456,0.20905204786495996,0.22098201597358744,0.2397031995611227,0.3423314340272113,0.2876589788425502,0.5633134500007987,0.5273621784036729,0.7720843423326488,0.6002977896840876,0.49,0.62,1,0,2.4,3.0,0,0.0019394222039348507,-0.012682994917054598
2019-12-06,20,0,nested_purged_development_oos,Sideway,Stress,0.29155279081642893,0.2690335619699254,0.1597193644987432,0.209366221893064,0.21518363117808523,0.237052645859367,0.3335442135067427,0.28454757027764355,0.5487278446848279,0.5216002161370106,0.6916530212617121,0.5669176689094066,0.49,0.62,1,0,2.4,3.0,0,-0.008096535229210621,-0.012984007463246674
2019-12-09,20,0,nested_purged_development_oos,Sideway,Bull,0.3500256311014922,0.29049850593381765,0.169995395886164,0.21500626575557794,0.19698578873701325,0.2286213789690446,0.28299318427533054,0.26587384934155983,0.4799789730123438,0.49449522831060444,0.5153634528410355,0.5051225843204011,0.49,0.62,1,0,2.4,3.0,0,-0.007460007375027002,-0.015575192669453064
2019-12-10,20,0,nested_purged_development_oos,Sideway,Stress,0.24869736664975026,0.25321831305565584,0.15018138149734378,0.20522116860090223,0.20846140597979995,0.23526616655496835,0.39265984587310604,0.30629435178847364,0.601121251852906,0.541560518343442,0.5207008475096536,0.506903790370779,0.49,0.62,1,0,2.4,3.0,0,-0.011858012071671517,-0.011858012071671517
2019-12-11,20,0,nested_purged_development_oos,Sideway,Stress,0.28435917068764527,0.2651541077986787,0.19446374743484657,0.22632704221880356,0.2052473097820915,0.23147421716686944,0.3159297720954167,0.27704463281564823,0.5211770818775082,0.5085188499825177,0.5596133841872729,0.5199554897962018,0.49,0.62,1,0,2.4,3.0,0,-0.0016962120272963719,-0.013398010711162983
2019-12-12,20,0,nested_purged_development_oos,Sideway,Bull,0.3230077844553615,0.27927532399575145,0.19583115815463506,0.2267137701344657,0.23688185440555212,0.24542307874202593,0.24427920298445133,0.248587827127757,0.4811610573900035,0.4940109058697829,0.5350506100551234,0.5117005951397383,0.49,0.62,1,0,2.4,3.0,0,0.0003820912831569795,-0.02001996811967432
2019-12-13,20,0,nested_purged_development_oos,Sideway,Stress,0.2494016475398139,0.25174623602574014,0.16526492511451182,0.2120786212769585,0.24149305220195355,0.24838872046850816,0.3438403751437208,0.28778642222879325,0.5853334273456743,0.5361751426973014,0.6391667749332792,0.5475021014562748,0.49,0.62,1,0,2.4,3.0,0,-0.0003519632338276393,-0.01796242868570413
2019-12-16,20,0,nested_purged_development_oos,Sideway,Stress,0.2277640210496132,0.2439559823602049,0.1440048244358593,0.20153467192975918,0.2450688601734828,0.25151432561381326,0.3831622943410446,0.30299502009622264,0.6282311545145274,0.5545093457100359,0.6925891897662935,0.5672771854164053,0.49,0.62,1,0,2.4,3.0,0,0.005735132159278753,-0.01307563972175996
2019-12-17,20,0,nested_purged_development_oos,Bull,Stress,0.20081430384887855,0.23307244270651303,0.14788811418974035,0.20517858120555085,0.214479483603539,0.23955425586612544,0.4368180983578422,0.3221947202218106,0.6512975819613812,0.5617489760879361,0.7110188490538134,0.5744700161637539,0.49,0.62,1,0,2.4,3.0,0,0.01408232099019604,-0.005307393922479388
2019-12-18,20,0,nested_purged_development_oos,Bull,Stress,0.17192688819666804,0.2216550315930027,0.14099974236664217,0.20407602013028378,0.18204594366373011,0.2270002989676616,0.5050274257729598,0.3472686493090519,0.68707336943669,0.5742689482767135,0.808665177585904,0.6178549225618304,0.49,0.62,1,0,2.4,3.0,0,0.02407877674229779,-0.0022630278431935848
2019-12-19,20,0,nested_purged_development_oos,Bull,Stress,0.19779626757248736,0.23264779087553375,0.16640033563381432,0.21648225863075113,0.17010295219641303,0.21847646784659966,0.4657004445972853,0.3323934826471154,0.6358033967936983,0.550869950493715,0.7544449898579377,0.5924622979441643,0.49,0.62,1,0,2.4,3.0,0,0.027652676929890565,-0.003450383175266673
2019-12-20,20,0,nested_purged_development_oos,Bull,Stress,0.220486723788302,0.24116934755631186,0.15852576660943085,0.21019434731890907,0.20805176008082843,0.23540598718404773,0.41293574952143874,0.31323031794073125,0.6209875096022672,0.548636305124779,0.7360985031106209,0.5846591072267866,0.49,0.62,1,0,2.4,3.0,0,0.02296694301866631,-0.0077989678334543355
2019-12-23,20,0,nested_purged_development_oos,Bull,Stress,0.25785924972802504,0.25457891595426574,0.17948617553643556,0.2189067836189613,0.23902359545234408,0.24665880583190306,0.3236309792831954,0.27985549459486986,0.5626545747355395,0.5265143004267729,0.7078090429912294,0.5732007554176372,0.49,0.62,1,0,2.4,3.0,0,0.02769217963978047,-0.010951634550290749
2019-12-24,20,0,nested_purged_development_oos,Bull,Stress,0.250551904500679,0.2510590887100122,0.19929532150930446,0.2282228001176943,0.23550489581455006,0.24466313970043815,0.3146478781754664,0.2760549714718553,0.5501527739900165,0.5207181111722935,0.6630802508156208,0.5561826767473992,0.49,0.62,1,0,2.4,3.0,0,0.033412667521402754,-0.010378213137619656
2019-12-25,20,0,nested_purged_development_oos,Sideway,Stress,0.2900555232389951,0.2676378869662988,0.20293290866276514,0.23062726616962687,0.1870515576497264,0.2229278553567425,0.31996001044851347,0.2788069915073319,0.5070115680982399,0.5017348468640744,0.6205964453899181,0.5409150233393725,0.49,0.62,1,0,2.4,3.0,0,-0.001395470156159926,-0.012503435314738784
2019-12-26,20,0,nested_purged_development_oos,Bear,Stress,0.2247784018159047,0.24125335259260058,0.1987541926666356,0.22919619696473123,0.20468508492632012,0.23202148297328168,0.37178232059113964,0.29752896746938656,0.5764674055174598,0.5295504504426682,0.6523905717041981,0.5522719655335628,0.49,0.62,1,0,2.4,3.0,1,-0.02318580443682919,-0.02318580443682919
2019-12-27,20,0,nested_purged_development_oos,Stress,Bull,0.3321090241918069,0.28264102395529184,0.22247863090133654,0.23918744273574863,0.20409486597356757,0.23074463703542294,0.24131747893328903,0.2474268962735366,0.4454123449068566,0.47817153330895956,0.6860337026201866,0.5647707606712946,0.49,0.62,0,0,2.4,3.0,1,-0.03740028315112539,-0.03740028315112539
2019-12-30,20,0,nested_purged_development_oos,Stress,Bull,0.3115361042722214,0.27479322539593865,0.21888006611894567,0.2372084283201638,0.2133783507684981,0.2347056308116315,0.25620547884033484,0.253292715472266,0.46958382960883294,0.4879983462838975,0.6845617820543881,0.5642114686352728,0.49,0.62,0,0,2.4,3.0,1,-0.03795357645339801,-0.03897660546203451
2019-12-31,20,0,nested_purged_development_oos,Stress,Bull,0.2824012691315675,0.2633931873050071,0.21287716125633532,0.2341336749765324,0.23806047167457606,0.2452993929035128,0.2666610979375212,0.25717374481494765,0.5047215696120972,0.5024731377184605,0.6547248546172864,0.5531215517960091,0.49,0.62,1,0,2.4,3.0,1,-0.03718696539080122,-0.03718696539080122
2020-01-02,20,0,nested_purged_development_oos,Stress,Bull,0.3545454255881307,0.29152652733285933,0.2272830319694276,0.2422243035856943,0.17370925201151588,0.21655806184913917,0.2444622904309258,0.24969110723230714,0.4181715424424417,0.4662491690814463,0.7089518858271714,0.57365183600682,0.49,0.62,0,0,2.4,3.0,1,-0.029531699254017642,-0.0430801378782855
2020-01-03,20,0,nested_purged_development_oos,Stress,Stress,0.2825506409927973,0.26446049568323204,0.23801046756048436,0.24621757022368151,0.1743357477141921,0.21626274155306446,0.30510314373252617,0.2730591925400219,0.47943889144671825,0.4893219340930864,0.7636761230309118,0.5965186363797169,0.49,0.62,0,0,2.4,3.0,1,-0.025595739062891847,-0.04149613083835147
2020-01-06,20,0,nested_purged_development_oos,Bear,Stress,0.2104755941874377,0.23743180808888822,0.1745781972905093,0.21963455824625758,0.1762124344368634,0.22048890262330353,0.4387337740851896,0.3224447310415507,0.614946208522053,0.5429336336648543,0.8557116386919096,0.6441387428048674,0.49,0.62,1,1,2.4,3.0,1,-0.026568999174803952,-0.03176118595139813
2020-01-07,20,0,nested_purged_development_oos,Bear,Stress,0.27222205281951667,0.2610468974420611,0.18590951301177278,0.22269450343268202,0.19726609298147482,0.2282648340841345,0.3446023411872358,0.2879937650411223,0.5418684341687107,0.5162585991252568,0.8425675278082801,0.6362563987352691,0.49,0.62,1,1,2.4,3.0,1,-0.025572410896054644,-0.03498889901178817
2020-01-08,20,0,nested_purged_development_oos,Sideway,Stress,0.21483978577663898,0.2397727422675095,0.15785718681335073,0.2108768134820687,0.185586562827703,0.22558648003032628,0.4417164645823074,0.3237639642200955,0.6273030274100104,0.5493504442504218,0.8711099478588767,0.6540605465386687,0.49,0.62,1,1,2.4,3.0,0,-0.011978984157330745,-0.02461068587416849
2020-01-09,20,0,nested_purged_development_oos,Bear,Stress,0.2952530342882016,0.2695328006293339,0.1739330507170371,0.2162004122029509,0.2260837068256141,0.24116234441768936,0.30473020816914714,0.27310444275002593,0.5308139149947613,0.5142667871677153,0.8961996143417107,0.6722908308565209,0.49,0.62,1,1,2.4,3.0,1,-0.023083742437944792,-0.03631248455803503
2020-01-10,20,0,nested_purged_development_oos,Stress,Bull,0.35450607081068153,0.2918445146461635,0.18158858723484636,0.22084889572609756,0.19157552171666153,0.22583088858710978,0.27232982023781055,0.261475701040629,0.4639053419544721,0.48730658962773876,0.8593769207148065,0.6464280349267707,0.49,0.62,0,1,2.4,3.0,1,-0.03262635988612694,-0.04501274527699979
2020-01-13,20,0,nested_purged_development_oos,Stress,Bull,0.30334946684303954,0.2719836862609244,0.19991858344678673,0.22860654480210607,0.2155513729214272,0.235891705939297,0.2811805767887466,0.26351806299767244,0.49673194971017376,0.4994097689369694,0.8778957554020407,0.6587100187016306,0.49,0.62,1,1,2.4,3.0,1,-0.032697679300589505,-0.042221151326044946
2020-01-14,20,0,nested_purged_development_oos,Stress,Bull,0.3127598928892601,0.2754827053651864,0.2059947375669443,0.23148869422605883,0.2110053654443622,0.23381840333166665,0.2702400040994335,0.2592101970770882,0.4812453695437957,0.49302860040875485,0.8576780437165081,0.6453616531401222,0.49,0.62,1,1,2.4,3.0,1,-0.04124219654664014,-0.043421457755207345
2020-01-15,20,0,nested_purged_development_oos,Stress,Bull,0.3584810996754725,0.2927627156079408,0.24570626569979243,0.2501275833205632,0.20199870696002983,0.2305243128897214,0.19381392766470523,0.22658538818177468,0.39581263462473504,0.45710970107149607,0.7509535879582511,0.5909518158762922,0.49,0.62,0,0,2.4,3.0,1,-0.040927075350765944,-0.04400040078684389
2020-01-16,20,0,nested_purged_development_oos,Stress,Bull,0.3865482974347422,0.30326542268493184,0.2258125657669699,0.2424095385963135,0.17377391976584225,0.21734429413453085,0.21386521703244576,0.23698074458422372,0.387639136798288,0.45432503871875457,0.7553488152969526,0.592855386393558,0.49,0.62,0,0,2.4,3.0,1,-0.03784099600407702,-0.050952490459659744
2020-01-17,20,0,nested_purged_development_oos,Stress,Bull,0.3912658073656291,0.3049559205145083,0.21904123745896426,0.23947465935873066,0.17491795201571922,0.21804933791363593,0.2147750031596875,0.23752008221312515,0.3896929551754067,0.45556942012676105,0.7855510713873143,0.606535231432288,0.49,0.62,0,0,2.4,3.0,1,-0.04798912445981898,-0.05571374597932573
2020-01-20,20,0,nested_purged_development_oos,Stress,Bull,0.3747041377293385,0.29899730759540266,0.23022826842940083,0.2440786786611617,0.1704422787161112,0.21533814232986626,0.22462531512514958,0.24158587141356933,0.3950675938412608,0.4569240137434356,0.7044216781762073,0.5718690929852046,0.49,0.62,0,0,2.4,3.0,1,-0.08005462917217106,-0.08005462917217106
2020-01-21,20,0,nested_purged_development_oos,Stress,Bull,0.4349525130349336,0.3218984242692983,0.22642747166183283,0.24523844163434486,0.13942581522471753,0.20037540467945283,0.19919420007851613,0.23248772941690393,0.33862001530323366,0.4328631340963568,0.6428405393056474,0.5488201576616237,0.49,0.62,0,0,2.4,3.0,1,-0.08094964138289742,-0.08793253251012165
2020-01-22,20,0,nested_purged_development_oos,Stress,Bull,0.4345289144962621,0.32187957801482536,0.23472615857480825,0.2490307220285819,0.13895794384854043,0.2001644961576262,0.19178698308038927,0.22892520379896655,0.3307449269289297,0.42908969995659274,0.7062637760061102,0.5725922886836219,0.49,0.62,0,0,2.4,3.0,1,-0.10127167395974397,-0.10127167395974397
2020-01-30,20,0,nested_purged_development_oos,Stress,Stress,0.2441614604194127,0.24909997185799096,0.24215201708245881,0.2482437094769244,0.1771062088914875,0.21790755717463714,0.336580313606641,0.28474876149044753,0.5136865224981285,0.5026563186650846,0.2631512087279229,0.41502800702822834,0.49,0.62,1,0,2.4,3.0,1,-0.06583576270024019,-0.06858875845930046
2020-01-31,20,0,nested_purged_development_oos,Bear,Stress,0.22672159275122697,0.24165757987227085,0.29304254507355443,0.2689260270171218,0.168020869256812,0.2132945366645497,0.3122149929184067,0.27612185644605763,0.48023586217521874,0.48941639311060736,0.4645562372748153,0.4881677723974352,0.49,0.62,0,0,2.4,3.0,1,-0.059870198045988476,-0.059870198045988476
2020-02-03,20,0,nested_purged_development_oos,Bear,Stress,0.23942710862695493,0.24891245938410797,0.3059995891885671,0.275702965161596,0.129372251405297,0.192600861559223,0.32520105077918093,0.282783713895073,0.45457330218447795,0.475384575454296,0.08804689865289757,0.3144837818082104,0.49,0.62,0,0,2.4,3.0,1,-0.04823921376607366,-0.05077513116815243
2020-02-04,20,0,nested_purged_development_oos,Bear,Sideway,0.2196262206182394,0.24035223031662625,0.33773040188386416,0.2875526074713409,0.131903358692902,0.19435080805943536,0.31074001880499447,0.2777443541525974,0.4426433774978965,0.47209516221203274,0.04385715000815937,0.26360338895263336,0.49,0.62,0,0,2.4,3.0,1,-0.04229899127534261,-0.05179816017678885
2020-02-05,20,0,nested_purged_development_oos,Bear,Stress,0.2051999346173041,0.23386986317902908,0.3200987758998036,0.28147214729746706,0.13381539007074358,0.19570921766607852,0.34088589941214864,0.2889487718574253,0.47470128948289225,0.4846579895235038,0.031113087392925298,0.24118877277879822,0.49,0.62,0,0,2.4,3.0,1,-0.04026369079528272,-0.04836958538961088
2020-02-06,20,0,nested_purged_development_oos,Bear,Bull,0.30015476962463167,0.2727920178366889,0.2995181286954892,0.2725507837845566,0.13492956857988367,0.19550105684876593,0.2653975330999954,0.2591561415299886,0.40032710167987906,0.4546571983787545,0.029963159026073657,0.2388268918644896,0.49,0.62,0,0,2.4,3.0,1,-0.04939181122966478,-0.06191802401387862
2020-02-07,20,0,nested_purged_development_oos,Bear,Sideway,0.26540655579644407,0.25831236174049477,0.31378317073883844,0.27697741470893794,0.15356328095455468,0.2056530147086298,0.26724699251016293,0.25905720884193745,0.4208102734647176,0.46471022355056724,0.05583843192815928,0.2803731049538191,0.49,0.62,0,0,2.4,3.0,1,-0.05383929673474806,-0.06426997716507049
2020-02-10,20,0,nested_purged_development_oos,Stress,Stress,0.22034499621711345,0.23890539120352042,0.30469046735122013,0.2734476200845915,0.16784114989140655,0.21329170829795793,0.3071233865402598,0.2743552804139301,0.47496453643166636,0.48764698871188805,0.09341128076377195,0.3191764842237099,0.49,0.62,0,0,2.4,3.0,1,-0.10795084539177008,-0.10795084539177008
2020-02-11,20,0,nested_purged_development_oos,Stress,Sideway,0.24466147150685252,0.2492108634525137,0.32819278189563106,0.2816556087336702,0.17538986809657506,0.21693677806697395,0.2517558785009414,0.25219674974684214,0.4271457465975165,0.4691335278138161,0.07327031739884762,0.3003071967854355,0.49,0.62,0,0,2.4,3.0,1,-0.10977226211459891,-0.11217514673090936
2020-02-12,20,0,nested_purged_development_oos,Stress,Sideway,0.27342774605488984,0.26183080979081724,0.3455155480580364,0.2886453092674143,0.16532538019383586,0.21231359810952188,0.21573132569323786,0.2372102828322467,0.38105670588707374,0.4495238809417686,0.08759466823083176,0.3140782488164505,0.49,0.62,0,0,2.4,3.0,1,-0.1447092124293791,-0.1447092124293791
2020-02-13,20,0,nested_purged_development_oos,Stress,Sideway,0.2515982674480329,0.25255904020922215,0.35357353276850473,0.2910279013143993,0.18698123828270052,0.22317758770538046,0.20784696150076193,0.23323547077099813,0.39482819978346245,0.4564130584763786,0.18451527775412904,0.37863402365950494,0.49,0.62,0,0,2.4,3.0,1,-0.1985897656160261,-0.1985897656160261
2020-02-14,20,0,nested_purged_development_oos,Stress,Sideway,0.20084933248525286,0.22963814807061722,0.3401125316569742,0.28599436071461903,0.19736348099747614,0.22796904016733613,0.2616746548602969,0.25639845104742764,0.45903813585777303,0.48436749121476375,0.3801591694554637,0.4593505240034113,0.49,0.62,0,0,2.4,3.0,1,-0.20750562299895964,-0.20750562299895964
2020-02-17,20,0,nested_purged_development_oos,Stress,Sideway,0.1842819560054637,0.22287963006366215,0.363552816120315,0.29581646059407746,0.16725622600936643,0.2140565368381431,0.28490900186485496,0.2672473725041173,0.4521652278742214,0.4813039093422604,0.3918266193427728,0.4634287133952155,0.49,0.62,0,0,2.4,3.0,1,-0.22308471504216587,-0.22308471504216587
2020-02-18,20,0,nested_purged_development_oos,Stress,Stress,0.16866472634733998,0.21506927588312877,0.28373520000219654,0.267115302933683,0.17602016631182188,0.21892865382114413,0.3715799073386417,0.29888676736204406,0.5476000736504636,0.5178154211831882,0.4466273254861055,0.4821486602672169,0.49,0.62,1,0,2.4,3.0,1,-0.2185256483624878,-0.2185256483624878
2020-02-19,20,0,nested_purged_development_oos,Stress,Stress,0.18232240418270637,0.22183153757874385,0.2942847994743898,0.27080698943401976,0.1680466532903912,0.2144218562683372,0.35534614305251266,0.2929396167188993,0.5233927963429039,0.5073614729872364,0.3643397330813905,0.4537511235024738,0.49,0.62,1,0,2.4,3.0,1,-0.21690203395133387,-0.21941971258999862
2020-02-20,20,0,nested_purged_development_oos,Stress,Sideway,0.27880140755263827,0.262862438447993,0.30105857770923766,0.27141064917286983,0.17596627595061798,0.21699575236186794,0.2441737387875061,0.2487311600172692,0.42014001473812407,0.4657269123791371,0.284091777260755,0.423582267212864,0.49,0.62,0,0,2.4,3.0,1,-0.2564211653722282,-0.2564211653722282
2020-02-21,20,0,nested_purged_development_oos,Stress,Stress,0.17871967280087248,0.21940148803395926,0.25821845277733046,0.25575793465833263,0.20095344400988244,0.23038676370285882,0.3621084304119146,0.2944538136048493,0.563061874421797,0.5248405773077081,0.3163569288959772,0.43613698708660026,0.49,0.62,1,0,2.4,3.0,1,-0.27361704319779195,-0.27361704319779195
2020-02-24,20,0,nested_purged_development_oos,Stress,Sideway,0.23513480475580495,0.24578453429669114,0.30759800304733304,0.2748942352819939,0.1539792914693338,0.20603854200332167,0.30328790072752826,0.2732826884179933,0.45726719219686207,0.47932123042131497,0.17048983372129883,0.371126636104641,0.49,0.62,0,0,2.4,3.0,1,-0.30392384099123926,-0.30392384099123926
2020-02-25,20,0,nested_purged_development_oos,Stress,Sideway,0.25184599848576417,0.25458991335270487,0.3805856430581176,0.3023825702774489,0.13754388087120809,0.19787250473363527,0.23002447758491024,0.24515501163621103,0.36756835845611835,0.4430275163698463,0.15908001842398756,0.3646982637525738,0.49,0.62,0,0,2.4,3.0,1,-0.32203974799631657,-0.32203974799631657
2020-02-26,20,0,nested_purged_development_oos,Stress,Stress,0.20146143908648081,0.2311975843349088,0.29240671090708753,0.2700213123276299,0.15543162499021904,0.2075127242326802,0.3507002250162126,0.29126837910478115,0.5061318500064317,0.49878110333746134,0.295784801990787,0.42821182542060243,0.49,0.62,1,0,2.4,3.0,1,-0.26085307946127,-0.30686478188842115
2020-02-27,20,0,nested_purged_development_oos,Stress,Sideway,0.20857122879728743,0.2335133543568179,0.31687785264990637,0.27796749191583286,0.17457860547436446,0.2168296393803851,0.29997231307844185,0.27168951434696403,0.4745509185528063,0.4885191537273491,0.14274871185565008,0.35490477600983605,0.49,0.62,0,0,2.4,3.0,1,-0.2578854176360755,-0.30961777764748144
2020-02-28,20,0,nested_purged_development_oos,Stress,Stress,0.2351675531802233,0.24680564379541622,0.2718610439689117,0.2621756850981389,0.13948603194844633,0.19853433994529687,0.3534853709024187,0.292484331161148,0.49297140285086505,0.4910186711064449,0.19493681810881638,0.38396593571315113,0.49,0.62,1,0,2.4,3.0,1,-0.23697158879310576,-0.2913653039253633
2020-03-02,20,0,nested_purged_development_oos,Stress,Stress,0.2287105708599169,0.2434153076955664,0.30160816941365143,0.27315757328309687,0.14701709591612744,0.20247988573080156,0.32266416381030427,0.28094723329053517,0.4696812597264317,0.4834271190213367,0.1924675019752143,0.3827200987690521,0.49,0.62,0,0,2.4,3.0,1,-0.28928514163463015,-0.29390122132744195
2020-03-03,20,0,nested_purged_development_oos,Stress,Sideway,0.24419478374455625,0.24872459562208432,0.3196169868102463,0.27824306329946064,0.18272843738728203,0.22041837643932777,0.25345979205791536,0.2526139646391272,0.4361882294451974,0.473032341078455,0.1868718897089939,0.3798570249259705,0.49,0.62,0,0,2.4,3.0,1,-0.29584078135592223,-0.3008644728268095
2020-03-04,20,0,nested_purged_development_oos,Stress,Stress,0.24899810106087863,0.25042440333635124,0.2765772685566353,0.26162857019533936,0.18548053624904448,0.22150622850704188,0.2889440941334416,0.26644079796126746,0.47442463038248606,0.48794702646830934,0.21132026431664305,0.39198042665889216,0.49,0.62,0,0,2.4,3.0,1,-0.26808237062719614,-0.2994711985196914
2020-03-05,20,0,nested_purged_development_oos,Stress,Sideway,0.24031011037200675,0.24698434825531457,0.3124020001547103,0.2755149482789961,0.18354321710874041,0.2207523773179465,0.2637446723645424,0.25674832614774296,0.4472878894732828,0.47750070346568946,0.19151838875752072,0.38223842115580237,0.49,0.62,0,0,2.4,3.0,1,-0.24128520194357536,-0.30389151670957726
2020-03-06,20,0,nested_purged_development_oos,Stress,Sideway,0.25222480266862707,0.2518779844787604,0.29569220065219254,0.26912987446785325,0.1817469499077105,0.21973029286232668,0.27033604677146994,0.25926184819105963,0.45208299667918045,0.4789921410533863,0.21538069735525625,0.39390415964414244,0.49,0.62,0,0,2.4,3.0,1,-0.19058951112099445,-0.3017959843556858
2020-03-09,20,0,nested_purged_development_oos,Stress,Stress,0.22843779456836294,0.24545252652027477,0.27171645493948576,0.2638532809634052,0.11879367816075552,0.18691525372832685,0.3810520723313958,0.3037789387879931,0.49984575049215135,0.49069419251631996,0.04301450377168061,0.2622931742617575,0.49,0.62,1,0,2.4,3.0,1,-0.11236827339020633,-0.2369762306997983
2020-03-10,20,0,nested_purged_development_oos,Stress,Sideway,0.25059242994683717,0.2573581589696731,0.34177725349119265,0.2928830765216299,0.08456209002495081,0.16366576377846598,0.3230682265370194,0.28609300073023086,0.4076303165619702,0.44975876450869684,0.0101032287246678,0.17825008993531166,0.49,0.62,0,0,2.4,3.0,1,-0.11299154811428287,-0.23937911531610864
2020-03-11,20,0,nested_purged_development_oos,Stress,Stress,0.28644718129135216,0.2727632684251108,0.2607533907380981,0.26228883689274746,0.08044475192486082,0.16068476575600196,0.3723546760456889,0.3042631289261398,0.45279942797054973,0.4649478946821418,0.0233337062083036,0.22361048765579022,0.49,0.62,0,0,2.4,3.0,1,-0.064946977420964,-0.20765737860243288
2020-03-12,20,0,nested_purged_development_oos,Stress,Stress,0.2807214387107683,0.270078413889715,0.23045332938389515,0.2487623362644826,0.09088453617803104,0.16881558847757824,0.39794069572730556,0.3123436613682241,0.4888252319053366,0.4811592498458024,0.19947541242062514,0.38622884554233544,0.49,0.62,0,0,2.4,3.0,1,-0.014811787365578347,-0.15437386581903836
2020-03-13,20,0,nested_purged_development_oos,Stress,Stress,0.2910482327754072,0.27644205404856514,0.23659114545277887,0.25358179869252123,0.07161894316185212,0.15412757197195148,0.40074167860996185,0.31584857528696203,0.472360621771814,0.4699761472589135,0.015409223832047556,0.20008658815656846,0.49,0.62,0,0,2.4,3.0,1,0.005250180628185085,-0.14461565170688745
2020-03-16,20,0,nested_purged_development_oos,Stress,Stress,0.30564702836491203,0.27929513501872094,0.24405300590823226,0.2542962937622679,0.08881693864576361,0.16688919253229603,0.36148302708109215,0.29951937868671513,0.45029996572685577,0.46640857121901114,0.013193849607712834,0.19181789610988434,0.49,0.62,0,0,2.4,3.0,1,0.025805414060385345,-0.12617364629826378
2020-03-17,20,0,nested_purged_development_oos,Stress,Stress,0.2923876665275397,0.27673311288096,0.23151370729659593,0.2510836808823553,0.07409753168465114,0.15619354551406073,0.40200109449121324,0.3159896607226241,0.4760986261758644,0.4721832062366848,0.02463273858904948,0.22683915734413926,0.49,0.62,0,0,2.4,3.0,1,0.04129280002997624,-0.12338850216105357
2020-03-18,20,0,nested_purged_development_oos,Stress,Stress,0.30649510596266855,0.2784495073993734,0.26761334188463265,0.26314687147117305,0.0950174995324751,0.1709312529536851,0.33087405262022374,0.2874723681757684,0.4258915521526988,0.4584036211294535,0.014215651360784261,0.19575637305652302,0.49,0.62,0,0,2.4,3.0,1,0.043242623943414084,-0.12590618079971838
2020-03-19,20,0,nested_purged_development_oos,Bull,Stress,0.3040844987586039,0.2788431268831983,0.231569509662154,0.24892178127333883,0.09060576441758207,0.16836840151659027,0.3737402271616601,0.3038666903268726,0.46434599157924217,0.47223509184346285,0.061001360486053764,0.28673267292681315,0.49,0.62,0,0,2.4,3.0,0,0.08405912133783035,-0.0964252183983288
2020-03-20,20,0,nested_purged_development_oos,Bull,Stress,0.26192603624317395,0.26166192260135884,0.21236761670992874,0.23976523045804757,0.10760046645624098,0.18061562272602424,0.4181058805906564,0.31795722421456935,0.5257063470468973,0.49857284694059356,0.040481367339366185,0.2582284518144855,0.49,0.62,1,0,2.4,3.0,0,0.11341976207345843,-0.07384246763668896
2020-03-23,20,0,nested_purged_development_oos,Bull,Stress,0.2650849511750566,0.2626402389881651,0.18956607097705197,0.22839384955959288,0.12104332730967728,0.18945649848116902,0.42430565053821423,0.319509412971073,0.5453489778478915,0.508965911452242,0.42433195638617627,0.47460394672968154,0.49,0.62,1,0,2.4,3.0,0,0.14010301039088294,-0.01113301587785287
2020-03-24,20,0,nested_purged_development_oos,Bull,Stress,0.2411388896932887,0.2564196568264124,0.17499778804249314,0.2243555706157362,0.09730520463202932,0.17568310029613904,0.48655811763218887,0.3435416722617124,0.5838633222642182,0.5192247725578514,0.18584823969738654,0.3793270681637518,0.49,0.62,1,0,2.4,3.0,0,0.15394478450154675,0.004616079692811852
2020-03-25,20,0,nested_purged_development_oos,Bull,Stress,0.3206685738258315,0.2820695638959717,0.19773314661092567,0.23060347242155504,0.1322014685259652,0.1949909746424998,0.34939681103727754,0.29233598903997343,0.48159827956324275,0.4873269636824732,0.15120677435524013,0.36007105037953585,0.49,0.62,0,0,2.4,3.0,0,0.11440173694876062,-0.0413956227343391
2020-03-26,20,0,nested_purged_development_oos,Bull,Stress,0.2830707322291947,0.2659601132463137,0.22901617947661068,0.24348441870297635,0.15048031319005498,0.20439807833054907,0.33743277510413966,0.2861573897201609,0.48791308829419466,0.49055546805071,0.1245596993998078,0.34299390561104504,0.49,0.62,1,0,2.4,3.0,0,0.1122281657692905,-0.04711628031859396
2020-03-27,20,0,nested_purged_development_oos,Bull,Bull,0.3175657284688625,0.27893253054005057,0.246681893301765,0.25106857203735117,0.14462592403690014,0.2009884263654412,0.29112645419247246,0.2690104710571572,0.43575237822937263,0.46999889742259837,0.09535652031811911,0.32082724152228304,0.49,0.62,0,0,2.4,3.0,0,0.1019541516654428,-0.04977763543944564
2020-03-30,20,0,nested_purged_development_oos,Bull,Stress,0.24337442548890448,0.25190003132085287,0.2026898914366344,0.23341407156308702,0.14118660047648582,0.20076790198346098,0.4127490825979753,0.31391799513259916,0.5539356830744612,0.5146858971160602,0.15856921463342458,0.36440302891659104,0.49,0.62,1,0,2.4,3.0,0,0.14710232981920116,0.0004076117780754718
2020-03-31,20,0,nested_purged_development_oos,Bull,Stress,0.2874538167343766,0.2665385817195706,0.2597435487039833,0.25551537434672894,0.16349180638815053,0.21069135336152522,0.2893108281734895,0.26725469057217516,0.45280263456164005,0.4779460439337004,0.028015687393052456,0.23465835473138025,0.49,0.62,0,0,2.4,3.0,0,0.14916816233485578,0.02636513642160784
2020-04-01,20,0,nested_purged_development_oos,Bull,Sideway,0.29657472532266027,0.2705820931650243,0.3199183488833683,0.2792604760988363,0.1647928055341704,0.21182022816393148,0.21871412025980097,0.23833720257220795,0.3835069257939714,0.45015743073613945,0.06371660754341214,0.2899093564019444,0.49,0.62,0,0,2.4,3.0,0,0.1141321871696578,0.031217486873506554
2020-04-03,20,0,nested_purged_development_oos,Bull,Bull,0.32723688945229396,0.28115209560698967,0.24560125125441254,0.24946605424419022,0.18103946540133045,0.2196953725105992,0.24612239389196308,0.2496864776382209,0.42716185929329353,0.4693818501488201,0.07247088770229658,0.29947906205693503,0.49,0.62,0,0,2.4,3.0,0,0.08512872817501313,0.04860015846868941
2020-04-06,20,0,nested_purged_development_oos,Sideway,Bull,0.3202327702586597,0.2795052412343339,0.2200517770762233,0.2390550473404447,0.1612790284904956,0.21002452383335093,0.2984364241746215,0.2714151875918705,0.45971545266511715,0.48143971142522146,0.051747640189051015,0.2749973305958915,0.49,0.62,0,0,2.4,3.0,0,0.06036031015711503,0.013401484074900733
2020-04-07,20,0,nested_purged_development_oos,Bull,Bull,0.33072435331827144,0.2842458393424954,0.22842334350592303,0.2436268097098856,0.1409613139524368,0.19923922839493813,0.2998909892233687,0.2728881225526809,0.4408523031758055,0.47212735094761904,0.06266058765845722,0.2886867070113749,0.49,0.62,0,0,2.4,3.0,0,0.0646272421076676,0.001779609892233747
2020-04-08,20,0,nested_purged_development_oos,Bull,Bull,0.3590411426136174,0.29327194718017996,0.24088750857202282,0.24834173756442424,0.16976082395428754,0.21464760471699537,0.23031052486007234,0.24373871053840038,0.4000713488143599,0.45838631525539575,0.1684804543634942,0.37001673530872436,0.49,0.62,0,0,2.4,3.0,0,0.08419890006284235,0.013174511251634418
2020-04-09,20,0,nested_purged_development_oos,Bull,Bull,0.348788037980823,0.29134985143874914,0.2312045939904598,0.2454780509909008,0.1311712064765471,0.1938415418534624,0.28883616155217007,0.2693305557168877,0.4200073680287172,0.46317209757035005,0.32117517181306166,0.4379567090281761,0.49,0.62,0,0,2.4,3.0,0,0.08565907614507168,-0.0031483227280086983
2020-04-10,20,0,nested_purged_development_oos,Bull,Stress,0.2825421537629545,0.2649939596708373,0.2755261367695907,0.2622320606918195,0.15340572341871192,0.2054558939681558,0.2885259860487428,0.26731808566918747,0.44193170946745475,0.47277397963734324,0.13842266352190072,0.35217683454293575,0.49,0.62,0,0,2.4,3.0,0,0.0972106581320026,0.0059589366086929925
2020-04-13,20,0,nested_purged_development_oos,Bull,Sideway,0.2969114704944138,0.2700707422069884,0.29725594273725825,0.27020125306908277,0.1733864643507135,0.21584365876732228,0.23244612241761448,0.24388434595660657,0.405832586768328,0.45972800472392883,0.24779018685234033,0.40850615208284513,0.49,0.62,0,0,2.4,3.0,0,0.08557718850577557,-0.0043448172729193555
2020-04-14,20,0,nested_purged_development_oos,Bull,Bull,0.3447499013629392,0.28861577877402794,0.28723561895637684,0.2674808103716859,0.1670568574877481,0.21341263887111134,0.20095762219293584,0.23049077198317486,0.3680144796806839,0.4439034108542862,0.21224968965300792,0.3924228345293805,0.49,0.62,0,0,2.4,3.0,0,0.08129188577771748,-0.006458045296496103
2020-04-15,20,0,nested_purged_development_oos,Bull,Bull,0.3352291100602862,0.2848417639164681,0.27528637625639424,0.2623946128267566,0.16233434947318634,0.21056311262328786,0.22715016421013318,0.2422005106334875,0.3894845136833195,0.4527636232567753,0.28109530026756097,0.42237979229819816,0.49,0.62,0,0,2.4,3.0,0,0.06211751948688585,-0.01916028712887666
2020-04-16,20,0,nested_purged_development_oos,Bull,Bull,0.33704203031049224,0.285878497315937,0.2984925845057332,0.27177037209221133,0.192576702608627,0.2264112620830162,0.17188868257514767,0.21593986850883554,0.3644653851837747,0.4423511305918517,0.2672521684598312,0.4167321111240743,0.49,0.62,0,0,2.4,3.0,0,0.06964506472316237,-0.023627789680979516
2020-04-17,20,0,nested_purged_development_oos,Bull,Bull,0.3635733230874723,0.2948629605181108,0.2517650314534701,0.25300065070225447,0.1819324337793341,0.22097141913265303,0.2027292116797235,0.23116496964698174,0.38466164545905757,0.4521363887796348,0.1721719585002591,0.3720488441225519,0.49,0.62,0,0,2.4,3.0,0,0.06889830436786809,-0.03496332467400597
2020-04-20,20,0,nested_purged_development_oos,Bull,Bull,0.4076108494520827,0.3114768903394767,0.2453947752799896,0.252116142653607,0.17389491433420928,0.21841190541481112,0.17309946093371853,0.2179950615921052,0.3469943752679278,0.4364069670069163,0.0970784621974084,0.32226721206321374,0.49,0.62,0,0,2.4,3.0,0,0.07034965386702097,-0.04174121464799436
2020-04-21,20,0,nested_purged_development_oos,Bull,Bull,0.3218894152769649,0.27900537677143505,0.2555642068036736,0.2534310334510763,0.18862634157514302,0.2233070452453388,0.23392003634421854,0.24425654453214962,0.42254637791936156,0.4675635897774884,0.4203852630809201,0.4732595339359423,0.49,0.62,0,0,2.4,3.0,0,0.11782360537109689,-0.005715011206582887
2020-04-22,20,0,nested_purged_development_oos,Bull,Bull,0.3487675905452752,0.29001916698324215,0.27700961216372355,0.2634770749492574,0.1620990441062723,0.21075530058608524,0.212123753184729,0.2357484574814152,0.3742227972910013,0.4465037580675004,0.19258742167755433,0.38278084584150185,0.49,0.62,0,0,2.4,3.0,0,0.10346776157899244,-0.008423769439393675
2020-04-23,20,0,nested_purged_development_oos,Bull,Bull,0.3427883003927974,0.2878161957133867,0.2900849331838165,0.26847667105185286,0.188094949534596,0.22413595940030973,0.17903181688879002,0.2195711738344507,0.36712676642338604,0.4437071332347604,0.19657754771068572,0.38478796069625937,0.49,0.62,0,0,2.4,3.0,0,0.10435989891523492,-0.014892424313758633
2020-04-24,20,0,nested_purged_development_oos,Bull,Bull,0.3866466820381219,0.30399559948269894,0.26310962669114296,0.2589464638946673,0.1705617185486938,0.21615750978105977,0.1796819727220413,0.220900426841574,0.3502436912707351,0.43705793662263376,0.07594522099194376,0.3030280726094474,0.49,0.62,0,0,2.4,3.0,0,0.11249003715123657,-0.018439510718543498
2020-04-27,20,0,nested_purged_development_oos,Bull,Sideway,0.22471738970064078,0.23955820989593088,0.2952834213637463,0.2684285581706849,0.21993226492366438,0.2374193817151637,0.2600669240119486,0.25459385021822056,0.479999188935613,0.49201323193338425,0.10542179622395162,0.3289816950815343,0.49,0.62,1,0,2.4,3.0,0,0.10660783997212185,-0.010826851735547193
2020-04-28,20,0,nested_purged_development_oos,Bull,Stress,0.22268941325010844,0.23888534768121722,0.28191465215916023,0.26355041930404877,0.20443866004389136,0.23052389667675818,0.29095727454684006,0.2670403363379758,0.4953959345907314,0.49756423301473396,0.3685361873886084,0.45524496053467867,0.49,0.62,1,0,2.4,3.0,0,0.11578680564890859,-0.006197394449860097
2020-04-29,20,0,nested_purged_development_oos,Bull,Sideway,0.19394247926010277,0.22568768043262996,0.29983765047962463,0.27061177872336806,0.22739122740703613,0.2411569805025551,0.2788286428532364,0.2625435603414468,0.5062198702602725,0.503700540844002,0.4260739205203699,0.47519639686050286,0.49,0.62,1,0,2.4,3.0,0,0.11688260019239091,-0.008670838743590035
2020-05-04,20,0,nested_purged_development_oos,Bull,Stress,0.15685805818896956,0.20761388238721354,0.28736839120745755,0.2671846214169899,0.23217094235091607,0.2444641343528261,0.3236026082526569,0.28073736184297043,0.555773550603573,0.5252014961957965,0.5196648397425219,0.5065579534160866,0.49,0.62,1,0,2.4,3.0,0,0.1418462371285337,0.002214027878861953
2020-05-05,20,0,nested_purged_development_oos,Bull,Sideway,0.15487793899530247,0.20689974030284916,0.35744080967425024,0.2931563809102467,0.24463648850526312,0.25031188814902916,0.24304476282518425,0.24963199063787506,0.4876812513304474,0.4999438787869042,0.3275698435865536,0.44035231778723255,0.49,0.62,1,0,2.4,3.0,0,0.13521809747848498,0.023831740450791252
2020-05-06,20,0,nested_purged_development_oos,Bull,Sideway,0.2804128472450971,0.26414507938044557,0.3167612532157349,0.27790631703583757,0.2419763014287779,0.24840790445271638,0.16084959811039004,0.20954069913100049,0.4028258995391679,0.45794860358371686,0.47240114350922746,0.4907920621103275,0.49,0.62,0,0,2.4,3.0,0,0.11864163808894873,0.01766841602545312
2020-05-07,20,0,nested_purged_development_oos,Bull,Sideway,0.30346516489951014,0.27352344006819457,0.31451107317643723,0.27762858075110275,0.22929472597269504,0.2433772941917122,0.15272903595135767,0.2054706849889905,0.38202376192405274,0.4488479791807027,0.6338167370563583,0.5455918360028158,0.49,0.62,0,0,2.4,3.0,0,0.1040665862665298,0.021351267847408446
2020-05-08,20,0,nested_purged_development_oos,Bull,Sideway,0.30967388309928817,0.2755810959738201,0.3185751583901918,0.27885438374233024,0.18673095380184704,0.2232094853686373,0.185020004708673,0.22235503491521236,0.37175095851052004,0.44556452028384963,0.7364438790029632,0.5848030735894127,0.49,0.62,0,0,2.4,3.0,0,0.0853366111319626,0.016212354413247452
2020-05-11,20,0,nested_purged_development_oos,Bull,Bull,0.3987412376027778,0.3097728485316152,0.28604539184639194,0.2697345639047515,0.17042017461148684,0.21738143681382788,0.14479319593934334,0.20311115074980537,0.3152133705508302,0.4204925875636333,0.7148399109925995,0.5759906593933259,0.49,0.62,0,0,2.4,3.0,0,0.08289424477491707,-0.0015706556486250554
2020-05-12,20,0,nested_purged_development_oos,Bull,Bull,0.3909636408676892,0.3063161765533924,0.27989208163328116,0.2664971280847009,0.16649240226228068,0.21463182564628058,0.162651875236749,0.212554869715626,0.3291442774990297,0.42718669536190657,0.8376260948583015,0.6334137529812286,0.49,0.62,0,1,2.4,3.0,0,0.07311213508070045,-0.009973914907547192
2020-05-13,20,0,nested_purged_development_oos,Bull,Bull,0.3201292947585529,0.2792374459156123,0.3027207130783107,0.27280707152289296,0.18960794830975883,0.22448894421501517,0.18754204385337758,0.22346653834647962,0.3771499921631364,0.44795548256149476,0.8186452844018193,0.6230228620459045,0.49,0.62,0,1,2.4,3.0,0,0.07590959410034999,-0.008644199162932398
2020-05-14,20,0,nested_purged_development_oos,Bull,Sideway,0.25208896733298425,0.2512608429347577,0.2941304721603345,0.26793886979825865,0.23825757985574866,0.2454220137419404,0.2155229806509326,0.23537827352504315,0.45378056050668125,0.48080028726698354,0.8237618145898232,0.625747213234624,0.49,0.62,0,1,2.4,3.0,0,0.041152550164235475,-0.006472124458451059
2020-05-15,20,0,nested_purged_development_oos,Bull,Sideway,0.20799287692087376,0.2319867441280546,0.2944665554608073,0.2681480443715754,0.25527573461374664,0.2526563881076378,0.24226483300457227,0.24720882339273234,0.4975405676183189,0.4998652115003701,0.8121092667487564,0.6196174393502732,0.49,0.62,1,0,2.4,3.0,0,0.04317608880930429,0.011995047788379242
2020-05-18,20,0,nested_purged_development_oos,Sideway,Sideway,0.28014180297336533,0.2631320537449755,0.2880137814550223,0.2661880069373247,0.25041841662888226,0.25111764671288866,0.18142599894273015,0.2195622926048111,0.4318444155716124,0.4706799393176998,0.7501105664093388,0.5905889722326146,0.49,0.62,0,0,2.4,3.0,0,-0.005438832680158219,-0.005438832680158219
2020-05-19,20,0,nested_purged_development_oos,Sideway,Bull,0.2985698189972023,0.27007747774377927,0.28182073516294137,0.26365821155486713,0.21558606153025633,0.23580944247697916,0.20402338430960004,0.23045486822437453,0.4196094458398564,0.46626431070135366,0.7776013643008652,0.602824419908133,0.49,0.62,0,0,2.4,3.0,0,0.011997441282527362,-0.016027607317890682
2020-05-20,20,0,nested_purged_development_oos,Sideway,Bull,0.3525983911060991,0.2915749009444104,0.2746310007924497,0.26274168691223193,0.21649174657396691,0.23794900560183863,0.15627886152748435,0.20773440654151912,0.37277060810145124,0.4456834121433577,0.7314545536177874,0.5827335291550603,0.49,0.62,0,0,2.4,3.0,0,0.0017922516291927603,-0.02425684679103178
2020-05-21,20,0,nested_purged_development_oos,Sideway,Bull,0.40013705033161445,0.30894742044471296,0.2559989329059414,0.25648589414091355,0.17325539800964135,0.21798021511695706,0.1706086187528029,0.2165864702974164,0.34386401676244427,0.4345666854143735,0.7472254807409414,0.5893526001740489,0.49,0.62,0,0,2.4,3.0,0,-0.008684571463502423,-0.03570459485369639
2020-05-22,20,0,nested_purged_development_oos,Sideway,Bull,0.275016338959285,0.2602420880778238,0.2468942334564654,0.24880420867683375,0.23824307243901857,0.24513384570202817,0.23984635514523106,0.24581985754331437,0.47808942758424966,0.49095370324534254,0.8346380954313714,0.6317241536032754,0.49,0.62,1,1,2.4,3.0,0,0.018381973459944724,-0.02405750929440259
2020-05-25,20,0,nested_purged_development_oos,Sideway,Bull,0.3793763923461394,0.300738400471316,0.2462451871951682,0.25117678031134866,0.18274951777531112,0.2218279978482889,0.19162890268338129,0.22625682136904654,0.3743784204586924,0.44808481921733545,0.8060237631964234,0.6165174528437313,0.49,0.62,0,0,2.4,3.0,0,0.014147908093171692,-0.03141830150500998
2020-05-26,20,0,nested_purged_development_oos,Sideway,Bull,0.4231939749413775,0.3171678620011577,0.23636032395657797,0.24882105848471137,0.16710753674937737,0.21535059464650005,0.1733381643526671,0.21866048486763096,0.3404457011020445,0.434011079514131,0.8031148309170714,0.6150584221646009,0.49,0.62,0,0,2.4,3.0,0,-0.0010706084495526861,-0.04309552614579654
2020-05-27,20,0,nested_purged_development_oos,Sideway,Bull,0.3069655754384944,0.2728588860551713,0.23142390224612788,0.24256091707841462,0.22991729681951814,0.241901701300239,0.2316932254958596,0.24267849556617507,0.46161052231537775,0.48458019686641407,0.8719482888361664,0.654625047967886,0.49,0.62,0,1,2.4,3.0,0,0.002597267924451547,-0.029600669983685587
2020-05-28,20,0,nested_purged_development_oos,Sideway,Bull,0.3449989389769744,0.2874587865337666,0.23160870237165723,0.2434815467887302,0.2110328333835212,0.23422362635984056,0.21235952526784707,0.2348360403176627,0.42339235865136826,0.46905966667750326,0.8449312084863929,0.637638411524292,0.49,0.62,0,1,2.4,3.0,0,-0.007925541783334425,-0.03415017837478513
2020-05-29,20,0,nested_purged_development_oos,Sideway,Bull,0.37489709534969,0.2988817279861783,0.23854209011172398,0.24756434271089675,0.19657381372336846,0.22838716506981033,0.18998700081521763,0.22516676423311463,0.3865608145385861,0.45355392930292493,0.7722511335809462,0.6003736150771375,0.49,0.62,0,0,2.4,3.0,0,-0.014553550005857573,-0.03771941721199737
2020-06-01,20,0,nested_purged_development_oos,Bear,Bull,0.5023948989951441,0.34803807623637706,0.22797142728118247,0.2504040938664746,0.1520345843757617,0.2115114651428304,0.11759908934791166,0.19004636475431802,0.26963367372367336,0.4015578298971484,0.6349850822368149,0.5460080933702216,0.49,0.62,0,0,2.4,3.0,1,-0.05775508155894278,-0.05775508155894278
2020-06-02,20,0,nested_purged_development_oos,Bear,Bull,0.40934471157076013,0.3115739100081015,0.20138400311696544,0.231846740729641,0.1748625969601961,0.21859873414299372,0.21440868835207835,0.2379806151192638,0.38927128531227445,0.4565793492622575,0.7433827101754904,0.5877184999637578,0.49,0.62,0,0,2.4,3.0,1,-0.058478578022697215,-0.058478578022697215
2020-06-03,20,0,nested_purged_development_oos,Bear,Bull,0.4798556689424125,0.3375419737296185,0.1747229981056518,0.22156996390324746,0.18081543943857176,0.22475696178184248,0.1646058935133639,0.2161311005852915,0.34542133295193567,0.44088806236713396,0.8302775856110562,0.6292961818184761,0.49,0.62,0,1,2.4,3.0,1,-0.04370252331267277,-0.06573385908395246
2020-06-04,20,0,nested_purged_development_oos,Bear,Bull,0.4047374789704859,0.3097326159024307,0.1865153128279683,0.2242826712290732,0.20428926009429643,0.232952291920559,0.2044579481072494,0.2330324209479371,0.40874720820154586,0.4659847128684961,0.7778147251651205,0.6029229135497692,0.49,0.62,0,0,2.4,3.0,1,-0.04811271521938328,-0.06882722328698682
2020-06-05,20,0,nested_purged_development_oos,Bear,Bull,0.410218122248629,0.31172882896455373,0.19996618664664595,0.2310748531617209,0.2005092818199122,0.23133613977114414,0.18930640928481282,0.22586017810258133,0.389815691104725,0.4571963178737255,0.6785119795187656,0.5619255802973596,0.49,0.62,0,0,2.4,3.0,1,-0.044544602437262416,-0.07144851599982781
2020-06-08,20,0,nested_purged_development_oos,Bear,Bull,0.48819310197352034,0.34085419597222427,0.14861319337605874,0.20765673970412044,0.18170989160898923,0.22580308219226933,0.18148381304143163,0.225685982131386,0.3631937046504209,0.4514890643236553,0.7032534013332525,0.571411632170958,0.49,0.62,0,0,2.4,3.0,1,-0.044025552891442235,-0.08678915970465494
2020-06-09,20,0,nested_purged_development_oos,Bear,Bull,0.3575916272418715,0.2922064764673969,0.2004243912429492,0.22957495996755511,0.21872259088075136,0.23808614828818633,0.22326139063442801,0.24013241527686177,0.44198398151517937,0.4782185635650481,0.8025833216623782,0.6147933744008742,0.49,0.62,0,0,2.4,3.0,1,-0.04002577296176352,-0.08541030926936052
2020-06-10,20,0,nested_purged_development_oos,Stress,Bull,0.42599968754791256,0.3176984135272555,0.18996729134132334,0.2269223949771683,0.1738193388788352,0.21867646847302263,0.21021368223192896,0.2367027230225536,0.38403302111076415,0.45537919149557626,0.8305036506446117,0.6294209868201441,0.49,0.62,0,1,2.4,3.0,1,-0.040243458200965504,-0.08687805254439529
2020-06-11,20,0,nested_purged_development_oos,Sideway,Sideway,0.2579746656066285,0.25348549080863814,0.26629296316140366,0.2568596398514956,0.21698793371005576,0.2358544954480524,0.258744437521912,0.25380037389181387,0.47573237123196777,0.48965486933986624,0.9583438454215534,0.7398622077546454,0.49,0.62,0,1,2.4,3.0,0,0.010425422583736658,-0.04994893390379931
2020-06-12,20,0,nested_purged_development_oos,Sideway,Sideway,0.26428131121352466,0.25646578417102966,0.29790017756535037,0.2695863476986653,0.20402199882622038,0.23025045302568295,0.23379651239490468,0.24369741510462198,0.43781851122112503,0.47394786813030493,0.9350286386219195,0.7086583415129444,0.49,0.62,0,1,2.4,3.0,0,0.008865991103110784,-0.04550034809041714
2020-06-15,20,0,nested_purged_development_oos,Bull,Sideway,0.18675268611607934,0.2228519574018419,0.34862247537580743,0.28904802425765397,0.2259222618743548,0.2412523342063741,0.2387025766337584,0.24684768413412997,0.4646248385081132,0.4881000183405041,0.839973439613814,0.6347564110452919,0.49,0.62,0,1,2.4,3.0,0,0.04262367873939578,-0.008880474389333908
2020-06-16,20,0,nested_purged_development_oos,Sideway,Sideway,0.25389014512127983,0.25401879682544204,0.36008049596180364,0.29383030476875605,0.21956049958019005,0.23909895279071658,0.1664688593367264,0.21305194561508536,0.3860293589169165,0.4521508984058019,0.47635521287731475,0.4921131753817152,0.49,0.62,0,0,2.4,3.0,0,0.013896200971953305,-0.036905522989751825
2020-06-17,20,0,nested_purged_development_oos,Sideway,Sideway,0.19559901583698355,0.22988996408242962,0.4092519438967498,0.31268956005118487,0.25148784792973006,0.2552697308222245,0.14366119233653665,0.2021507450441611,0.39514904026626674,0.45742047586638557,0.46856307487976195,0.48950872395967693,0.49,0.62,0,0,2.4,3.0,0,0.017943474432151364,-0.03492957280955852
2020-06-18,20,0,nested_purged_development_oos,Sideway,Sideway,0.22730880865942177,0.24453807823582138,0.40380004985528856,0.3106888762089679,0.23083304715614106,0.24611072760068012,0.13805809432914867,0.19866231795453063,0.36889114148528973,0.44477304555521074,0.47909638723876263,0.49302851705234707,0.49,0.62,0,0,2.4,3.0,0,0.024895922377443987,-0.035900497779527744
2020-06-19,20,0,nested_purged_development_oos,Sideway,Sideway,0.3054165896309299,0.2780067187767937,0.3790758226944301,0.3041953479374649,0.20338509512397918,0.23468373967826547,0.11212249255066101,0.18311419360747594,0.31550758767464016,0.41779793328574144,0.46698749300267406,0.4889815829948918,0.49,0.62,0,0,2.4,3.0,0,0.003975691502178534,-0.051319957143681184
2020-06-22,20,0,nested_purged_development_oos,Sideway,Sideway,0.29153173314337116,0.27243105104102244,0.3809307220094863,0.30454864727079134,0.21585451539067396,0.24036504770123857,0.11168302945646859,0.18265525398694768,0.32753754484714254,0.4230203016881863,0.3685152224874575,0.4552375133191678,0.49,0.62,0,0,2.4,3.0,0,-0.011404422147420734,-0.05444668398751552
2020-06-23,20,0,nested_purged_development_oos,Sideway,Sideway,0.2754386735403678,0.2646535913202877,0.3753334548188456,0.30107493938446767,0.21879400667362547,0.24044486208794705,0.13043386496716103,0.19382660720729766,0.3492278716407865,0.43427146929524474,0.3513039878126826,0.44906790885997033,0.49,0.62,0,0,2.4,3.0,0,-0.0075265256540360155,-0.05090539208557772
2020-06-24,20,0,nested_purged_development_oos,Sideway,Sideway,0.21554153470087056,0.23829462085359698,0.3843585006279564,0.3032377080479302,0.24973047962072553,0.25337055773915107,0.15036948505044753,0.20509711335932188,0.40009996467117304,0.458467671098473,0.368944186817193,0.45538986022832173,0.49,0.62,0,0,2.4,3.0,0,-0.005400091266306481,-0.04107841229747105
2020-06-25,20,0,nested_purged_development_oos,Sideway,Sideway,0.18888355649932487,0.22514082592508539,0.3817561453292992,0.30184515355507957,0.25379541230706704,0.25462923283345446,0.17556488586430907,0.2183847876863805,0.4293602981713761,0.473014020519835,0.5066183265759299,0.5022062233972289,0.49,0.62,0,0,2.4,3.0,0,0.0025243389940182125,-0.035105110980784546
2020-06-26,20,0,nested_purged_development_oos,Sideway,Sideway,0.17073939676649977,0.21638174140017913,0.3887003366177126,0.30485110070746707,0.2651465347101462,0.2599365598570955,0.17541373190564147,0.21883059803525823,0.4405602666157877,0.47876715789235375,0.3972742891873172,0.46531950376338344,0.49,0.62,0,0,2.4,3.0,0,-0.027149912244078624,-0.03204634159547372
2020-06-29,20,0,nested_purged_development_oos,Bear,Sideway,0.1430654774930071,0.2007512668645169,0.36925988715347907,0.29801662787533584,0.2561613014149932,0.2558975186777312,0.23151333393852055,0.24533458658241605,0.48767463535351374,0.5012321052601473,0.7425588277241796,0.5873699958056628,0.49,0.62,1,0,2.4,3.0,1,-0.054754064168736356,-0.054754064168736356
2020-06-30,20,0,nested_purged_development_oos,Sideway,Sideway,0.13110005861119092,0.19530078987821428,0.41516104451039254,0.3157134220556679,0.26704738210562173,0.2626926566927395,0.1866915147727947,0.22629313137337825,0.4537388968784164,0.48898578806611775,0.5117180013522815,0.5039066363058311,0.49,0.62,0,0,2.4,3.0,0,-0.01434289481300984,-0.04961645593379521
2020-07-01,20,0,nested_purged_development_oos,Bear,Sideway,0.20104092636148743,0.23582799908491878,0.43862158129061724,0.32641065927311885,0.26395753048842086,0.2641593726045843,0.09637996185947446,0.17360196903737815,0.3603374923478953,0.43776134164196245,0.5020321574343012,0.5006773891268724,0.49,0.62,0,0,2.4,3.0,1,-0.06445237484451533,-0.07164779170507486
2020-07-02,20,0,nested_purged_development_oos,Bear,Sideway,0.1646345794080884,0.21473556054841597,0.41182792641140653,0.3146432671683753,0.280561454589288,0.2681422181960253,0.14297603959121696,0.20247895408718344,0.42353749418050496,0.47062117228320877,0.5585271995514502,0.5195888774096845,0.49,0.62,0,0,2.4,3.0,1,-0.0502079878193247,-0.07033096400139868
2020-07-03,20,0,nested_purged_development_oos,Bear,Sideway,0.18927833807012895,0.22650133167465059,0.3821738867289937,0.3035434034781496,0.2875812570334112,0.2696263212191799,0.14096651816746625,0.2003289436280199,0.42854777520087745,0.4699552648471998,0.5078405968590306,0.502613722732261,0.49,0.62,0,0,2.4,3.0,1,-0.05982342447376609,-0.07652036949636067
2020-07-06,20,0,nested_purged_development_oos,Bear,Sideway,0.2861320592250699,0.2695636093476211,0.35371635988590017,0.29446353664506764,0.24980136898935607,0.25473564424550044,0.11035021189967381,0.18123720976181082,0.3601515808890299,0.43597285400731123,0.5455141960360649,0.5152088193372355,0.49,0.62,0,0,2.4,3.0,1,-0.055521744444164155,-0.09238006274700784
2020-07-07,20,0,nested_purged_development_oos,Bear,Sideway,0.233425017034166,0.24909594405266472,0.40510990415801473,0.31342040336685495,0.2569605646199282,0.2592684107529475,0.10450451418789104,0.17821524182753287,0.36146507880781925,0.4374836525804804,0.6355719935834664,0.5462173870493603,0.49,0.62,0,0,2.4,3.0,1,-0.042407551268993024,-0.0950009922413921
2020-07-08,20,0,nested_purged_development_oos,Sideway,Sideway,0.23001349540896127,0.24644145964586034,0.34646590250323944,0.29230871579382245,0.31468714710962936,0.28082308682593576,0.10883345497816993,0.18042673773438156,0.4235206020877993,0.4612498245603173,0.5689825609595126,0.523125259141837,0.49,0.62,0,0,2.4,3.0,0,-0.031371896610410795,-0.09625105027722493
2020-07-09,20,0,nested_purged_development_oos,Stress,Bull,0.30161580311260644,0.27403686786199705,0.2825824073176271,0.26669421177851876,0.29273441256447075,0.27064532589726054,0.1230673770052956,0.18862359446222368,0.4158017895697663,0.4592689203594842,0.4374329960235449,0.4790467201226777,0.49,0.62,0,0,2.4,3.0,1,-0.04244155751622403,-0.10999081242133117
2020-07-10,20,0,nested_purged_development_oos,Stress,Bear,0.23093796198395988,0.24307044203621836,0.2857251417999664,0.26561603378411364,0.30411231459200844,0.2726088389981837,0.17922458162406538,0.21870468518148417,0.4833368962160738,0.4913135241796679,0.43960998464007267,0.4797822744865038,0.49,0.62,1,0,2.4,3.0,1,-0.03474457163754822,-0.10398279512732322
2020-07-13,20,0,nested_purged_development_oos,Stress,Bear,0.19122937236780888,0.2246390501664653,0.2668410816847682,0.25809294080150696,0.32154810500321146,0.2789480428413087,0.22038144094421153,0.23831996619071905,0.5419295459474229,0.5172680090320277,0.6563945805956439,0.5537307397406673,0.49,0.62,1,0,2.4,3.0,1,-0.02981668612154714,-0.10112060906252483
2020-07-14,20,0,nested_purged_development_oos,Stress,Bear,0.18262595597497053,0.22111100226593913,0.28857102885707386,0.267545682621074,0.33510037732258713,0.28474024818525584,0.19370263784536845,0.22660306692773105,0.5288030151679556,0.5113433151129869,0.6150943936196108,0.5389855079974036,0.49,0.62,1,0,2.4,3.0,1,-0.029256582072774193,-0.10041817989550032
2020-07-15,20,0,nested_purged_development_oos,Stress,Bear,0.15885947787893753,0.20926593187519665,0.30345032468131794,0.2740393297121205,0.33901780036508156,0.28699154544187955,0.198672397074663,0.2297031929708032,0.5376901974397446,0.5166947384126828,0.7346009664541969,0.5840361011015878,0.49,0.62,1,0,2.4,3.0,1,-0.026783518833889824,-0.10248950317550512
2020-07-16,20,0,nested_purged_development_oos,Stress,Bear,0.2144639743979829,0.23608101709666207,0.28146656497724715,0.26439785478713995,0.3262782367807156,0.2811847735701913,0.17779122384405438,0.21833635454600672,0.50406946062477,0.499521128116198,0.7055268950096842,0.572302714961465,0.49,0.62,1,0,2.4,3.0,1,-0.025153184177824535,-0.110412876090767
2020-07-17,20,0,nested_purged_development_oos,Stress,Bear,0.14023034888607364,0.19890665075432098,0.2577408017303641,0.25632528853638,0.35460973908306953,0.29277089916326005,0.24741911030049274,0.2519971615460391,0.6020288493835623,0.5447680607092991,0.7679792686494137,0.5984422500424587,0.49,0.62,1,0,2.4,3.0,1,-0.024705800448253625,-0.10491210457965491
2020-07-20,20,0,nested_purged_development_oos,Stress,Bear,0.11617758478034966,0.18507181413031215,0.24987980053167289,0.25464038659322336,0.37153856800196,0.3004053054151459,0.2624040466860176,0.2598824938613186,0.6339426146879776,0.5602877992764645,0.8142170929169638,0.6207068219464303,0.49,0.62,1,1,2.4,3.0,1,-0.013146168116515367,-0.09265871777388993
2020-07-21,20,0,nested_purged_development_oos,Stress,Bear,0.12516812191325777,0.19121141591445623,0.3008789489328106,0.27556328002945174,0.37988412870919736,0.3036775868951984,0.1940688004447343,0.22954771716089364,0.5739529291539316,0.533225304056092,0.7601374957131777,0.5949526440460076,0.49,0.62,1,0,2.4,3.0,1,-0.017868072501149843,-0.09299532236533689
2020-07-22,20,0,nested_purged_development_oos,Stress,Bear,0.1052279251220654,0.17805665902086076,0.2658257680292558,0.2619705163673267,0.3676449742362446,0.299869455585718,0.2613013326124342,0.2601033690260945,0.6289463068486788,0.5599728246118125,0.7983481151605446,0.6126979725868423,0.49,0.62,1,0,2.4,3.0,1,-0.0045361651724079135,-0.08529477696495968
2020-07-23,20,0,nested_purged_development_oos,Stress,Bear,0.11272571929377265,0.18331470054811352,0.30588360142495175,0.27786645383148373,0.3714705067211413,0.3012933259982558,0.20992017256013434,0.23752551962214688,0.5813906792812756,0.5388188456204027,0.7261166603477691,0.580542990152701,0.49,0.62,1,0,2.4,3.0,1,-0.010017914111478362,-0.08724590590859797
2020-07-24,20,0,nested_purged_development_oos,Sideway,Bear,0.11224938723175137,0.18283969051136018,0.2987803059887468,0.2749310597929934,0.36880230467739133,0.3001404278383181,0.2201680021021105,0.24208882185732833,0.5889703067795018,0.5422292496956465,0.7003828217773853,0.5702914837652882,0.49,0.62,1,0,2.4,3.0,0,0.03043098575404653,-0.05451288528519017
2020-07-27,20,0,nested_purged_development_oos,Bull,Stress,0.15186695802381894,0.20513965450318408,0.30007609100366717,0.2724496962322743,0.2227759951305017,0.24064956302850138,0.32528095584201216,0.2817610862360402,0.5480569509725138,0.5224106492645415,0.773491779196078,0.6009387097709982,0.49,0.62,1,0,2.4,3.0,0,0.10107456324693004,0.007195416860559414
2020-07-28,20,0,nested_purged_development_oos,Bull,Sideway,0.19054463034973176,0.22489502547912116,0.33132343630451316,0.2831954579177221,0.19093416557514795,0.22508647746631827,0.2871977677706071,0.2668230391368384,0.4781319333457551,0.4919095166031567,0.5458702157684697,0.5153283803883594,0.49,0.62,1,0,2.4,3.0,0,0.07204385003504597,-0.028078144260225833
2020-07-29,20,0,nested_purged_development_oos,Bull,Stress,0.18297641337594742,0.22130828839993866,0.28408891792732244,0.26583102870147723,0.19379154432414814,0.22666748530220923,0.339143124372582,0.2861931975963749,0.5329346686967301,0.5128606828985841,0.8193958274341377,0.6234191944037859,0.49,0.62,1,1,2.4,3.0,0,0.09937811268691556,0.00950152816203515
2020-07-30,20,0,nested_purged_development_oos,Bull,Sideway,0.17108590705570006,0.21504922619792888,0.3324378621395263,0.28362509382874274,0.2176959304972311,0.23775860740273147,0.2787803003075426,0.2635670725705968,0.49647623080477365,0.5013256799733283,0.7140700071585138,0.575683404877011,0.49,0.62,1,0,2.4,3.0,0,0.08786917182340435,-0.003426031159479446
2020-07-31,20,0,nested_purged_development_oos,Bull,Sideway,0.15769644334875563,0.2079367842025848,0.326612867539048,0.2816346397370452,0.25841074953185844,0.2554474698297183,0.2572799395803379,0.2549811062306516,0.5156906891121964,0.51042857606037,0.6436094146073132,0.5490966820614163,0.49,0.62,1,0,2.4,3.0,0,0.09616494442905064,0.020161373280249105
2020-08-03,20,0,nested_purged_development_oos,Bull,Sideway,0.23080037814487772,0.2432357184372558,0.3478304098370688,0.28856829513515764,0.22105959234361539,0.23890452214721952,0.20030961967443808,0.22929146428036692,0.42136921201805344,0.4681959864275864,0.3542346127606741,0.4501266628269566,0.49,0.62,0,0,2.4,3.0,0,0.07903657870496847,0.015735122669555505
2020-08-04,20,0,nested_purged_development_oos,Bull,Sideway,0.23821720404736996,0.2480690425801681,0.38471671780602273,0.30290693075252284,0.21445785259612501,0.23744311602410087,0.1626082255504823,0.21158091064320814,0.3770660781466073,0.449024026667309,0.31897204371537885,0.43712625108926656,0.49,0.62,0,0,2.4,3.0,0,0.07466970035848934,0.01228571269441494
2020-08-05,20,0,nested_purged_development_oos,Bull,Sideway,0.2701240712019692,0.26078051692910337,0.3597035233032463,0.29383310697242465,0.19514356322441065,0.22773932822266407,0.17502884227037394,0.21764704787580788,0.3701724054947846,0.445386376098472,0.4808964316662461,0.49362938737056794,0.49,0.62,0,0,2.4,3.0,0,0.0760167654878719,0.0026701012382930574
2020-08-06,20,0,nested_purged_development_oos,Bull,Sideway,0.24418885423900416,0.2513117073651344,0.3958297758116834,0.30734216557461985,0.20772392414580906,0.23493425142898197,0.15225744580350342,0.20641187563126367,0.3599813699493125,0.4413461270602457,0.6117162247641383,0.5378053774347942,0.49,0.62,0,0,2.4,3.0,0,0.07065490240142493,0.001688968584667946
2020-08-07,20,0,nested_purged_development_oos,Bull,Sideway,0.23420052546798367,0.24772917657738974,0.39864276068888893,0.3091900427812744,0.23601851941563554,0.24852862437673484,0.13113819442749186,0.19455215626460104,0.3671567138431274,0.4430807806413359,0.5214021426941589,0.5071379244157361,0.49,0.62,0,0,2.4,3.0,0,0.0541147565652411,0.001923374332951165
2020-08-10,20,0,nested_purged_development_oos,Bull,Sideway,0.2007129342434221,0.23301577123021605,0.4146258384362261,0.31526014253189344,0.2548156982620604,0.25737902893856923,0.12984552905829147,0.1943450572993213,0.3846612273203519,0.4517240862378905,0.36204868419688524,0.45293282863265866,0.49,0.62,0,0,2.4,3.0,0,0.05417457593899623,-0.00014232511825147527
2020-08-11,20,0,nested_purged_development_oos,Bull,Sideway,0.18336237490726795,0.22548169156290648,0.4263457867089091,0.32047895327066755,0.27021324161716753,0.26501865882733894,0.12007859676665539,0.189020696339087,0.3902918383838229,0.4540393551664259,0.250519067534934,0.40968155951617374,0.49,0.62,0,0,2.4,3.0,0,0.053395273082421486,0.003965652041461004
2020-08-12,20,0,nested_purged_development_oos,Bull,Sideway,0.17668223198025387,0.22075838960909638,0.407908004883816,0.3128391618160902,0.2731334042676792,0.2646933472386875,0.14227635886825105,0.20170910133612577,0.41540976313593025,0.4664024485748133,0.337853851025264,0.44416115077158014,0.49,0.62,0,0,2.4,3.0,0,0.04828850113473797,-0.0005787344774281068
2020-08-13,20,0,nested_purged_development_oos,Bull,Sideway,0.21258139246093563,0.23885233484562404,0.4013886996532698,0.3112763415474553,0.26842307261158643,0.2632301144609684,0.11760683527420802,0.18664120914595234,0.38602990788579444,0.4498713236069207,0.2794379580439529,0.4217117533221732,0.49,0.62,0,0,2.4,3.0,0,0.03890354240366291,-0.010132442048755397
2020-08-14,20,0,nested_purged_development_oos,Bull,Sideway,0.1802818601784191,0.221459195224483,0.3619998388812369,0.29610258249512794,0.3046176402518741,0.2755571230980629,0.15310066068846995,0.20688109918232617,0.45771830094034405,0.4824382222803891,0.2304937575123938,0.40086991731967164,0.49,0.62,0,0,2.4,3.0,0,0.05023659691835415,-0.005079054267214231
2020-08-17,20,0,nested_purged_development_oos,Bull,Sideway,0.18126756856621323,0.22161199335388926,0.37394782157289097,0.29966162784952055,0.2791855906246359,0.2653069525366078,0.16559901923626,0.2134194262599824,0.44478460986089585,0.4787263787965902,0.23775382369903966,0.4041158691616618,0.49,0.62,0,0,2.4,3.0,0,0.05281774494920558,-0.00438529979318745
2020-08-18,20,0,nested_purged_development_oos,Bull,Sideway,0.14828398542324056,0.20550183555207596,0.3821594948557453,0.30487960548028714,0.31882022512673214,0.28270742260975207,0.15073629459428198,0.2069111363578848,0.4695565197210141,0.48961855896763684,0.26604125634935294,0.4162304704934278,0.49,0.62,0,0,2.4,3.0,0,0.05855218890961531,0.002100741932932413
2020-08-19,20,0,nested_purged_development_oos,Bull,Sideway,0.17227491413462181,0.21830590437151878,0.3832852621974836,0.3046308258759072,0.3040814896379555,0.27662119795069273,0.14035833402993897,0.2004420718018813,0.4444398236678945,0.47706326975257407,0.2784472215212778,0.4213113877316626,0.49,0.62,0,0,2.4,3.0,0,0.04909165026322235,-0.0035306199954322566
2020-08-20,20,0,nested_purged_development_oos,Bull,Sideway,0.14441226582656633,0.2026059082858084,0.39357672760366363,0.30766587302290477,0.28304390364743753,0.2681778000817669,0.17896710292233253,0.2215504186095201,0.46201100656977007,0.489728218691287,0.39079482313951364,0.4630696734047828,0.49,0.62,0,0,2.4,3.0,0,0.060321515529583404,0.007715879242117009
2020-08-21,20,0,nested_purged_development_oos,Bull,Sideway,0.2105935370180992,0.23494801706765658,0.3561134286303276,0.29243644601333146,0.2644517163776661,0.2583334716607492,0.16884131797390717,0.21428206525826288,0.4332930343515733,0.4726155369190121,0.28551921091334403,0.424152714176941,0.49,0.62,0,0,2.4,3.0,0,0.06033417123744946,0.01613069220769349
2020-08-24,20,0,nested_purged_development_oos,Bull,Bull,0.31865367821556495,0.27892847860768694,0.27350409606394865,0.26172481363294375,0.2565165629243427,0.2548246226577105,0.15132566279614376,0.20452208510165887,0.40784222572048645,0.45934670775936937,0.6006124291655824,0.5339491470904747,0.49,0.62,0,0,2.4,3.0,0,0.04227417898750917,0.005498966300545092
2020-08-25,20,0,nested_purged_development_oos,Bull,Bull,0.2913873999504676,0.2686094993281228,0.27880068732274527,0.26371266074795296,0.28050280009713285,0.26438230276471364,0.14930911262965432,0.20329553715921067,0.4298119127267872,0.4676778399239243,0.7511991130780865,0.5910576275783483,0.49,0.62,0,0,2.4,3.0,0,0.042970419454695076,-0.0007438816083562064
2020-08-26,20,0,nested_purged_development_oos,Bull,Bear,0.26077028078694925,0.25545031553049147,0.2595362486429593,0.2549459282836039,0.2995659339710587,0.27064753812994813,0.18012753659903274,0.21895621805595653,0.47969347057009143,0.4896037561859047,0.8471080972924429,0.6389244621586546,0.49,0.62,0,1,2.4,3.0,0,0.03940915680302379,0.001418618458003321
2020-08-27,20,0,nested_purged_development_oos,Bull,Sideway,0.26631001037487945,0.25756276433061354,0.2863171557589551,0.26545527555589343,0.2652663270031073,0.2571416982315391,0.18210650686305813,0.219840261881954,0.44737283386616544,0.4769819601134931,0.8464573904930459,0.6385386878278477,0.49,0.62,0,1,2.4,3.0,0,0.03764928837610901,0.0048697414461668625
2020-08-28,20,0,nested_purged_development_oos,Bull,Sideway,0.27182555967645067,0.25972224354609824,0.2920381879868598,0.2676011918344214,0.24943062820544384,0.25058242037368517,0.1867056241312457,0.22209414424579527,0.4361362523366895,0.47267656461948043,0.8527307098624942,0.6423075411006537,0.49,0.62,0,1,2.4,3.0,0,0.03742594115888105,0.0030330075561669596
2020-08-31,20,0,nested_purged_development_oos,Sideway,Sideway,0.2496439691168915,0.25215124493047036,0.32623147329390917,0.2818900680449311,0.274983174098623,0.26251545955855643,0.14914138349057632,0.20344322746604215,0.4241245575891993,0.4659586870245986,0.8122463412769144,0.6196880330848004,0.49,0.62,0,0,2.4,3.0,0,0.025012084399701727,0.007458083047203916
2020-09-01,20,0,nested_purged_development_oos,Sideway,Sideway,0.2749496378411193,0.26428829032782086,0.3390949458574526,0.2884184178671456,0.2677785526927735,0.26139404375991954,0.11817686360865456,0.18589924804511393,0.38595541630142804,0.44729329180503347,0.6960549447437422,0.5686128582058534,0.49,0.62,0,0,2.4,3.0,0,0.015003564803721335,-0.0039101612758723975
2020-09-03,20,0,nested_purged_development_oos,Sideway,Bull,0.32124320623721564,0.27915976597791514,0.24423662479907007,0.24903468640893597,0.2626706876433133,0.25670058018388187,0.17184948132040104,0.215104967429267,0.43452016896371437,0.47180554761314886,0.8102782327836121,0.6186777426428544,0.49,0.62,0,0,2.4,3.0,0,0.01113286087699656,-0.017542939099669877
2020-09-04,20,0,nested_purged_development_oos,Sideway,Bear,0.26692284557025475,0.2572043898706695,0.23741582228723793,0.2449514456560604,0.27797450681062347,0.26158914556626933,0.2176868253318838,0.23625501890700085,0.4956613321425073,0.4978441644732702,0.7549943186263257,0.5927011074325353,0.49,0.62,1,0,2.4,3.0,0,0.00924128136830604,-0.014851177251515989
2020-09-07,20,0,nested_purged_development_oos,Bull,Bear,0.198973018753504,0.22809706638634544,0.23590605163469563,0.24486689360372635,0.31669703312358816,0.27683677769116466,0.24842389648821211,0.2501992623187636,0.5651209296118003,0.5270360400099283,0.8277777333064307,0.6279236707960402,0.49,0.62,1,1,2.4,3.0,0,0.029321042429757638,0.000641505421337044
2020-09-08,20,0,nested_purged_development_oos,Bull,Bear,0.20952809587946727,0.23325090238377383,0.2560260816756953,0.2535658769722063,0.32588331696899225,0.28038080286429595,0.20856250547584515,0.23280241777972382,0.5344458224448374,0.5131832206440198,0.676959409340145,0.5613422046774945,0.49,0.62,1,0,2.4,3.0,0,0.028277284029354907,-0.0014840134036206187
2020-09-09,20,0,nested_purged_development_oos,Bull,Bear,0.17967020935947164,0.21876331807158328,0.26489071615309445,0.2571701817020638,0.3025250412673077,0.27180661673197976,0.2529140332201262,0.2522598834943732,0.5554390744874339,0.5240665002263529,0.5852516197330848,0.5286660173916543,0.49,0.62,1,0,2.4,3.0,0,0.03361215014253243,-0.0005623854287944385
2020-09-10,20,0,nested_purged_development_oos,Bull,Bear,0.1492853559844675,0.20332590587938604,0.29160165430560026,0.26874973146412245,0.29554344805757576,0.27025750877386034,0.2635695416523565,0.2576668538826312,0.5591129897099323,0.5279243626564916,0.5415460561898552,0.5138771250815569,0.49,0.62,1,0,2.4,3.0,0,0.03321726459055883,0.00016874884025224797
2020-09-11,20,0,nested_purged_development_oos,Bull,Bear,0.15106011348374423,0.2047318906757578,0.29348667152051666,0.27000278090351704,0.3317964708297474,0.2841643846584217,0.22365674416599166,0.24110094376230348,0.5554532149957391,0.5252653284207252,0.4909195119912339,0.4969728748133758,0.49,0.62,1,0,2.4,3.0,0,0.03864858247895843,0.005687027739168962
2020-09-14,20,0,nested_purged_development_oos,Bull,Sideway,0.19380963393480183,0.22620909418104476,0.31578228006415854,0.27723531976886817,0.29412949774717706,0.2691502178800163,0.19627858825386252,0.22740536817007068,0.4904080860010396,0.496555586050087,0.44736883981613124,0.48239832653258785,0.49,0.62,1,0,2.4,3.0,0,0.03434747658328235,-0.0005926389939811708
2020-09-15,20,0,nested_purged_development_oos,Bull,Sideway,0.17912551605032187,0.2190082319243778,0.3069832117367583,0.27412118062734064,0.30507251678004615,0.27340898653512985,0.20881875543287362,0.23346160091315163,0.5138912722129197,0.5068705874482815,0.4676210851351163,0.4891935863341871,0.49,0.62,1,0,2.4,3.0,0,0.03680348772826581,-0.0024800325508057674
2020-09-16,20,0,nested_purged_development_oos,Bull,Sideway,0.17810110006021784,0.21999293059694128,0.3347261166850008,0.28614421748892443,0.32694653149845726,0.2833541734620524,0.16022625175632413,0.21050867845208193,0.4871727832547814,0.4938628519141343,0.425778148534745,0.47509584285958095,0.49,0.62,1,0,2.4,3.0,0,0.04649165267408138,-0.003829176718028059
2020-09-17,20,0,nested_purged_development_oos,Bull,Sideway,0.15479778499401703,0.2066163702136484,0.32327923807713005,0.28081491720426294,0.2958008567318723,0.2706112495448143,0.2261221201969807,0.2419574630372744,0.5219229769288529,0.5125687125820887,0.28312751804308217,0.4231960562055679,0.49,0.62,1,0,2.4,3.0,0,0.05306122644629259,0.007699245270928868
2020-09-18,20,0,nested_purged_development_oos,Bull,Sideway,0.18470435447206182,0.22204235399398667,0.3287135568544605,0.28232176264494463,0.2920711544074529,0.26875545930767625,0.1945109342660247,0.22688042405339254,0.48658208867347763,0.4956358833610688,0.24555456472166945,0.40753750854681814,0.49,0.62,1,0,2.4,3.0,0,0.045934603482984115,0.003357474080811035
2020-09-21,20,0,nested_purged_development_oos,Bull,Sideway,0.23717032650876535,0.24539384242671494,0.29375507325499856,0.2682763698261093,0.27920227875633813,0.2626564562910853,0.18987232147989794,0.2236733314560904,0.46907460023623604,0.4863297877471757,0.2611867738159872,0.4142063948104471,0.49,0.62,0,0,2.4,3.0,0,0.03861942526043811,-0.004371060869172105
2020-09-22,20,0,nested_purged_development_oos,Bull,Bear,0.20754191441701622,0.23180768221146414,0.2540008825639034,0.25216322155176096,0.2972288438003481,0.26922887116379457,0.24122835921873242,0.24680022507298036,0.5384572030190805,0.516029096236775,0.24566236050850723,0.40758433342279904,0.49,0.62,1,0,2.4,3.0,0,0.041321985373733855,-0.002441760826925267
2020-09-23,20,0,nested_purged_development_oos,Bull,Bear,0.22824871498382662,0.2408464091065154,0.24969951845377306,0.25003112623220086,0.2782143447267898,0.26155408027229965,0.2438374218356106,0.24756838438898413,0.5220517665624004,0.5091224646612837,0.2361438503940929,0.40340131637697496,0.49,0.62,1,0,2.4,3.0,0,0.0286593421230509,-0.009380849203012276
2020-09-24,20,0,nested_purged_development_oos,Bull,Bear,0.19002125209093765,0.22361340925584047,0.2541714083491682,0.2524254037812035,0.2829054147406019,0.2639454185886338,0.2729019248192923,0.2600157683743222,0.5558073395598941,0.523961186962956,0.21424967929693353,0.39337065165716717,0.49,0.62,1,0,2.4,3.0,0,0.04447377469951765,-0.005075704942984885
2020-09-25,20,0,nested_purged_development_oos,Bull,Bear,0.18367389602825507,0.2205651437938973,0.27265615399952725,0.26003002174711226,0.2733682367682943,0.260312768051063,0.27030171320392343,0.2590920664079274,0.5436699499722177,0.5194048344589904,0.29212068332186675,0.42677153397320083,0.49,0.62,1,0,2.4,3.0,0,0.0567032326589702,-0.0047344549740734486
2020-09-28,20,0,nested_purged_development_oos,Bull,Sideway,0.21967507976162282,0.23713376447029338,0.278405114629413,0.26173807422718376,0.2368215907178602,0.24467725780688318,0.26509821489110413,0.25645090349563976,0.5019198056089643,0.5011281613025229,0.4827858165906804,0.49425992230723303,0.49,0.62,1,0,2.4,3.0,0,0.04111565002939229,-0.009380849203012276
2020-09-29,20,0,nested_purged_development_oos,Bull,Stress,0.1950425766540781,0.2263988111836493,0.23373532589760776,0.244130493640648,0.24489998254162412,0.2489232880168431,0.3263221149066901,0.28054740715885956,0.5712220974483142,0.5294706951757027,0.6329524171940115,0.5452842166346811,0.49,0.62,1,0,2.4,3.0,0,0.04593203817234574,0.0013597247270958413
2020-09-30,20,0,nested_purged_development_oos,Sideway,Bear,0.21138509493324087,0.2334456854516446,0.25185223468755574,0.25112056979535374,0.28654316436173194,0.26499278921182234,0.2502195060174715,0.25044095554117923,0.5367626703792034,0.5154337447530015,0.6212196897872986,0.5411341886279348,0.49,0.62,1,0,2.4,3.0,0,0.017347362617496014,0.005178732540228374
2020-10-01,20,0,nested_purged_development_oos,Sideway,Bull,0.30386978865509456,0.2731564352071744,0.27952967977252624,0.26381729984242824,0.26125761974214334,0.2564899604173398,0.15534291183023577,0.20653630453305752,0.4166005315723791,0.46302626495039734,0.516878067791373,0.5056279232735639,0.49,0.62,0,0,2.4,3.0,0,0.005444134831699642,-0.004583341356844453
2020-10-02,20,0,nested_purged_development_oos,Sideway,Stress,0.24942017117725773,0.2500296819157944,0.21529360119421528,0.23516158602071943,0.2540705975422562,0.25196163434631264,0.2812156300862708,0.2628470977171735,0.5352862276285271,0.5148087320634862,0.5808654626156065,0.527167152128511,0.49,0.62,1,0,2.4,3.0,0,0.016956023056360327,0.005228583809935716
2020-10-05,20,0,nested_purged_development_oos,Bull,Stress,0.25614892451049837,0.25293306404915733,0.21218201615396523,0.23384546557102528,0.24141237391522247,0.24676497510061576,0.290256685420314,0.2664564952792017,0.5316690593355364,0.5132214703798175,0.6229598793350236,0.541746793663504,0.49,0.62,1,0,2.4,3.0,0,0.020559489773204043,0.0010817604245548903
2020-10-06,20,0,nested_purged_development_oos,Bull,Bull,0.2716204984579863,0.2588843182545793,0.2345395319616342,0.2435256479709654,0.24328463292105038,0.24726869342158503,0.2505553366593291,0.2503213403528702,0.49383996958037946,0.4975900337744552,0.5556694144966194,0.5186251025486283,0.49,0.62,1,0,2.4,3.0,0,0.02132889809283388,0.003455967157583461
2020-10-07,20,0,nested_purged_development_oos,Bull,Bull,0.299112701863122,0.26980610043338193,0.23637559888711349,0.24459918709726666,0.22677510020580155,0.24040969542972768,0.23773659904396308,0.2451850170396237,0.46451169924976465,0.4855947124693514,0.5814468901240291,0.5273656134902035,0.49,0.62,0,0,2.4,3.0,0,0.021555247621830288,-0.0009572709807678487
2020-10-08,20,0,nested_purged_development_oos,Bull,Bear,0.2522735249700058,0.25106519858113785,0.22593358052749343,0.23979050337393734,0.2695058589941873,0.2580734971236935,0.25228703550831355,0.2510708009212314,0.5217928945025008,0.5091442980449249,0.5689672781965504,0.5231200771684743,0.49,0.62,1,0,2.4,3.0,0,0.020371384048964384,0.00026116479647007846
2020-10-09,20,0,nested_purged_development_oos,Sideway,Bull,0.29729506449887527,0.26923869521013494,0.24938269908357127,0.2502285751037878,0.2452700342918041,0.24850080925617885,0.2080522021257494,0.2320319204298984,0.45332223641755354,0.48053272968607724,0.5089815917047883,0.502994150189335,0.49,0.62,0,0,2.4,3.0,0,0.01534699802532249,-0.005338901932181662
2020-10-12,20,0,nested_purged_development_oos,Bull,Bull,0.3149698353109986,0.27601015270295354,0.24178516779243248,0.24721530022100313,0.21585999731510652,0.23580412188480782,0.22738499958146244,0.24097042519123554,0.44324499689656893,0.4767745470760434,0.5068570059889909,0.5022857960467167,0.49,0.62,0,0,2.4,3.0,0,0.027863898055356953,-0.007317462769655638
2020-10-13,20,0,nested_purged_development_oos,Bull,Bull,0.30755282436285997,0.27322070688711564,0.243679281333712,0.24796372180049273,0.24188969773460745,0.24720331993983038,0.20687819656882056,0.23161225137256133,0.448767894303428,0.4788155713123917,0.3438096301832434,0.4463438318825462,0.49,0.62,0,0,2.4,3.0,0,0.023425950076293504,-0.011660867471463558
2020-10-14,20,0,nested_purged_development_oos,Sideway,Bull,0.3390014770503237,0.2852957540109494,0.20244340968992458,0.23014656479213713,0.24383575682851466,0.24869586185882023,0.21471935643123707,0.23586181933809316,0.45855511325975173,0.4845576811969134,0.3878877519566578,0.46205644990732886,0.49,0.62,0,0,2.4,3.0,0,0.01272475423659199,-0.02269817658450156
2020-10-15,20,0,nested_purged_development_oos,Bull,Bull,0.30568575444429663,0.2726943135792111,0.19650720838310307,0.22683972784538362,0.2620082627575441,0.2557266522100482,0.2357987744150562,0.244739306365357,0.4978070371726003,0.5004659585754052,0.35179587035878657,0.4492458607627433,0.49,0.62,1,0,2.4,3.0,0,0.017371259722990647,-0.02543857363868452
2020-10-16,20,0,nested_purged_development_oos,Bull,Bull,0.3303786271092425,0.2824074618417172,0.17792658045760096,0.21821681075838945,0.24472707905304594,0.2492137701435531,0.2469677133801106,0.2501619572563402,0.4916947924331565,0.49937572739989333,0.2531439501459102,0.41080511980900514,0.49,0.62,1,0,2.4,3.0,0,0.024079630542931402,-0.02601119594630493
2020-10-19,20,0,nested_purged_development_oos,Sideway,Bull,0.29784467780722623,0.26955769693105075,0.2008356133760302,0.2287386770899436,0.24530952152594934,0.24862052032352394,0.2560101872907942,0.2530831056554817,0.5013197088167436,0.5017036259790056,0.05905105099011462,0.2843818477261661,0.49,0.62,1,0,2.4,3.0,0,0.007495495588503665,-0.026424552673741986
2020-10-20,20,0,nested_purged_development_oos,Bull,Bull,0.3520485088811559,0.29010364262592736,0.20537696813167777,0.2317565554623786,0.21838581828107279,0.2377637544632606,0.2241887047060936,0.2403760474484334,0.4425745229871664,0.47813980191169403,0.7950928827772128,0.6111068951577006,0.49,0.62,0,0,2.4,3.0,0,0.025590424936665124,-0.027197812744790814
2020-10-21,20,0,nested_purged_development_oos,Bull,Stress,0.24625607947265685,0.24937939780988208,0.20438073074850197,0.23074518624920112,0.22486975040222246,0.24011572571803805,0.32449343937661884,0.2797596902228787,0.5493631897788414,0.5198754159409168,0.6326181005660236,0.5451653027231044,0.49,0.62,1,0,2.4,3.0,0,0.03608121339872021,-0.021474257870194836
2020-10-22,20,0,nested_purged_development_oos,Bull,Bull,0.3968264710603834,0.3075946363557838,0.15978490543874546,0.21055637231968813,0.19542499797660687,0.2289831587824552,0.24796362552426432,0.2528658325420728,0.44338862350087116,0.48184899132452796,0.943667006122599,0.7189981742783808,0.49,0.62,0,1,2.4,3.0,0,0.03451686571748417,-0.03298354618663422
2020-10-23,20,0,nested_purged_development_oos,Bull,Bull,0.4318492597286577,0.321352594157139,0.12831262557682946,0.1938082746250805,0.2033046352865983,0.2347765783715444,0.23653347940791458,0.250062552846236,0.4398381146945129,0.48483913121778044,0.942968678739415,0.7181177559425079,0.49,0.62,0,1,2.4,3.0,0,0.029460019241957718,-0.0448717541771754
2020-10-26,20,0,nested_purged_development_oos,Bull,Stress,0.29515066843564797,0.2713454239711577,0.12721457948336823,0.1910856028252855,0.27135990323749554,0.2620082474546476,0.3062748488434884,0.2755607257489092,0.5776347520809839,0.5375689732035569,0.9741584451182895,0.7702747733165494,0.49,0.62,1,1,2.4,3.0,0,0.044624599785585466,-0.03393056577653635
2020-10-27,20,0,nested_purged_development_oos,Bull,Stress,0.2607001368724888,0.25744310440053086,0.13655566884875642,0.19663830779971922,0.26398220014806306,0.2587886196822276,0.3387619941306917,0.2871299681175222,0.6027441942787548,0.5459185877997499,0.9719630304622654,0.7652948723119823,0.49,0.62,1,1,2.4,3.0,0,0.05076699026674213,-0.02936610471647746
2020-10-28,20,0,nested_purged_development_oos,Bull,Stress,0.22423094741229885,0.2403241841409663,0.1846305341961933,0.221632850756508,0.25513189026729044,0.2536060682965828,0.3360066281242174,0.28443689680594286,0.5911385183915079,0.5380429651025256,0.38744210818360114,0.46190090980067816,0.49,0.62,1,0,2.4,3.0,0,0.08218095358383898,-0.0021411538887236036
2020-10-29,20,0,nested_purged_development_oos,Bull,Stress,0.23219659452349475,0.24299366253719504,0.24498678274337313,0.2484836305778237,0.2140207802843379,0.2348794317253261,0.30879584244879416,0.27364327515965514,0.5228166227331321,0.5085227068849812,0.3805812045289487,0.45949876184256083,0.49,0.62,1,0,2.4,3.0,0,0.09033435943196624,0.00692854686781607
2020-10-30,20,0,nested_purged_development_oos,Bull,Bear,0.2532519320561359,0.25140136901136306,0.2553112339845019,0.25225113009353606,0.25868718973367943,0.2536355956682736,0.23274964422568273,0.24271190522682734,0.49143683395936216,0.49634750089510093,0.5700793925327383,0.5234972691103404,0.49,0.62,1,0,2.4,3.0,0,0.08762169132044462,0.00883205052677949
2020-11-02,20,0,nested_purged_development_oos,Bull,Bull,0.3078128913577314,0.2738138419266366,0.2218135579845495,0.23887146175926877,0.2803803137836138,0.2633686207722405,0.18999323687410533,0.2239460755418542,0.47037355065771913,0.4873146963140947,0.6283014105120261,0.5436334542194942,0.49,0.62,0,0,2.4,3.0,0,0.07169677839496684,0.0018511687441846105
2020-11-03,20,0,nested_purged_development_oos,Bull,Bear,0.2769764332732222,0.26206579700776805,0.2112639111256351,0.23410088242858945,0.31436866498224714,0.27626478122210807,0.1973909906188956,0.2275685393415344,0.5117596556011428,0.5038333205636425,0.6730575963259323,0.5598817835026365,0.49,0.62,1,0,2.4,3.0,0,0.07560123576860878,0.002498453113713965
2020-11-04,20,0,nested_purged_development_oos,Bull,Bull,0.3214581014410006,0.2790830225725431,0.2074238270053415,0.23251770585583645,0.2779045538888685,0.2626564808999237,0.1932135176647893,0.22574279067169678,0.4711180715536578,0.4883992715716205,0.7435974721368015,0.5878094505911962,0.49,0.62,0,0,2.4,3.0,0,0.0763491927040621,-0.002141134553633845
2020-11-05,20,0,nested_purged_development_oos,Bull,Bear,0.2382387602865575,0.24538225828187848,0.214791017269929,0.23501452164107822,0.28892859962430645,0.26591981853516417,0.25804162281920695,0.253683401541879,0.5469702224435133,0.5196032200770432,0.7722964555230678,0.6003942249331511,0.49,0.62,1,0,2.4,3.0,0,0.08387841965905866,0.0005756807050099062
2020-11-06,20,0,nested_purged_development_oos,Bull,Bear,0.2425775803730797,0.24718242410716781,0.24128879971580003,0.2466343881670553,0.292392995786178,0.2671874453126945,0.22374062412494225,0.23899574241308238,0.5161336199111203,0.5061831877257769,0.5826960649631406,0.5277922328666369,0.49,0.62,1,0,2.4,3.0,0,0.08495855501754455,0.013234148304741454
2020-11-09,20,0,nested_purged_development_oos,Bull,Bull,0.37602235293181935,0.2996410056219118,0.1980713707762359,0.22940590774269262,0.251648974678918,0.25347017928053933,0.17425730161302683,0.21748290735485626,0.42590627629194483,0.4709530866353956,0.579112223783017,0.5265691207884501,0.49,0.62,0,0,2.4,3.0,0,0.0787401330249165,-0.001261312562767111
2020-11-10,20,0,nested_purged_development_oos,Bull,Bull,0.3032845550643292,0.271711956850201,0.2015175233380303,0.22915788294923575,0.26342502761492204,0.25621913377288097,0.23177289398271844,0.24291102642768236,0.4951979215976405,0.49913016020056333,0.6527409930774231,0.5523993533975899,0.49,0.62,1,0,2.4,3.0,0,0.0781353891580411,-0.0011667692855114582
2020-11-11,20,0,nested_purged_development_oos,Bull,Bull,0.2777867417693817,0.26166794222344253,0.20401531275972193,0.2300895389835328,0.27076549235039865,0.2588915861033074,0.24743245312049766,0.24935093268971723,0.5181979454708963,0.5082425187930246,0.6325848620379892,0.5451534822284024,0.49,0.62,1,0,2.4,3.0,0,0.08734300304972722,-0.0015028825588478435
2020-11-12,20,0,nested_purged_development_oos,Bull,Bull,0.33235894806138533,0.2830583393866941,0.21268331853749092,0.23501476224345416,0.2631904257198402,0.2568337447301583,0.19176730768128353,0.22509315363969348,0.4549577334011237,0.4819268983698518,0.4836918388337241,0.49456223178092235,0.49,0.62,0,0,2.4,3.0,0,0.07201418324602112,-0.00888978509942968
2020-11-13,20,0,nested_purged_development_oos,Bull,Bull,0.35506638598578044,0.2912671502817122,0.20181169815482447,0.23017429971914188,0.22812114358202162,0.24223199084445113,0.21500077227737346,0.2363265591546947,0.4431219158593951,0.4785585499991458,0.4923112029284741,0.49743688804659475,0.49,0.62,0,0,2.4,3.0,0,0.07922640677714483,-0.016170778226990798
2020-11-16,20,0,nested_purged_development_oos,Bull,Bear,0.243958994347578,0.24845960878772425,0.18558285001623487,0.22169941613609578,0.31070246725152495,0.27480043036292107,0.25975568838466206,0.2550405447132589,0.570458155636187,0.5298409750761799,0.7027012035365118,0.5711957288423991,0.49,0.62,1,0,2.4,3.0,0,0.1125820348187735,0.018868189419210448
2020-11-17,20,0,nested_purged_development_oos,Bull,Bull,0.342286854062883,0.28806063226562034,0.17046490624544725,0.21544473960737834,0.30170162330154976,0.2733035906819384,0.1855466163901201,0.22319103744506297,0.48724823969166986,0.49649462812700135,0.5841588010044078,0.5282921975318899,0.49,0.62,1,0,2.4,3.0,0,0.08539052994682028,0.004767233587459033
2020-11-18,20,0,nested_purged_development_oos,Bull,Bull,0.3419357532828884,0.2875275779195999,0.18375510732795625,0.22197414053044126,0.29174730455563735,0.26912589083722904,0.18256183483351796,0.22137239071272982,0.4743091393891553,0.4904982815499589,0.6944273066238656,0.5679846472517827,0.49,0.62,1,0,2.4,3.0,0,0.09166823820818998,0.009944940635203504
2020-11-19,20,0,nested_purged_development_oos,Bull,Bull,0.35644527683874727,0.29269065644147985,0.1748217598504062,0.2175170402063536,0.27433208216696936,0.26243821897067676,0.19440088114387727,0.2273540843814897,0.46873296331084663,0.4897923033521665,0.6660287567295626,0.5572707138769613,0.49,0.62,0,0,2.4,3.0,0,0.06735615660204668,0.00683136151501463
2020-11-20,20,0,nested_purged_development_oos,Bull,Bull,0.3879609376622941,0.30423945415067355,0.1594019094997335,0.21001944166546196,0.24371045090942628,0.250659843161459,0.20892670192854618,0.23508126102240534,0.45263715283797246,0.48574110418386435,0.6333083115704242,0.5454108499241105,0.49,0.62,0,0,2.4,3.0,0,0.07533233054610348,0.004223392142988823
2020-11-23,20,0,nested_purged_development_oos,Bull,Bull,0.3840056463765261,0.3030698658959114,0.14907564623010172,0.2043250173547276,0.23813747406671928,0.24835923417590408,0.22878123332665293,0.2442458825734569,0.4669187073933722,0.49260511674936097,0.6840824849688293,0.5640296170095824,0.49,0.62,1,0,2.4,3.0,0,0.08378748517972445,0.0015779294210976843
2020-11-24,20,0,nested_purged_development_oos,Bull,Bull,0.4040700489965306,0.31009480354744695,0.16086496135788783,0.21126610295950968,0.19723557240891773,0.22999306034432818,0.23782941723666395,0.2486460331487151,0.4350649896455817,0.4786390934930433,0.5792252974552867,0.5266076719375581,0.49,0.62,0,0,2.4,3.0,0,0.08439940847224336,0.004189012489342879
2020-11-25,20,0,nested_purged_development_oos,Bull,Bull,0.38778150146088447,0.3056325040504975,0.1355271450972361,0.19722677523237228,0.19615131049553042,0.23007420260805284,0.28054004294634904,0.2670665181090774,0.47669135344187946,0.4971407207171302,0.7344345953490649,0.5839670096026349,0.49,0.62,1,0,2.4,3.0,0,0.07600200537522936,0.003135268317000039
2020-11-26,20,0,nested_purged_development_oos,Bull,Bull,0.4535352864263532,0.3298112973278417,0.1309149969277403,0.19652742336623696,0.16237063754372988,0.21497553260495975,0.25317907910217663,0.25868574670096145,0.4155497166459065,0.47366127930592117,0.6650385463934403,0.5569048451710839,0.49,0.62,0,0,2.4,3.0,0,0.05938595114880374,-0.002876983642403693
2020-11-27,20,0,nested_purged_development_oos,Bull,Bull,0.43421556317768784,0.32318749871524444,0.12521404479790935,0.19250089135878598,0.1722433380221894,0.2198551568366117,0.2683270540022133,0.2644564530893578,0.44057039202440273,0.48431160992596944,0.651918630187813,0.5521004856557304,0.49,0.62,0,0,2.4,3.0,0,0.0708771529354972,-0.007092862398698215
2020-11-30,20,0,nested_purged_development_oos,Bull,Bull,0.32709435480284316,0.2845036117735806,0.11525369891733082,0.18421721426358856,0.2424721571611637,0.25114033092852805,0.3151797891186623,0.28013884303430286,0.557651946279826,0.5312791739628309,0.6643087491932484,0.556635499592864,0.49,0.62,1,0,2.4,3.0,0,0.0843218693914949,0.005755626117826618
2020-12-01,20,0,nested_purged_development_oos,Bull,Bull,0.4019251729632842,0.308978669804895,0.17772393437354117,0.21991868448315088,0.18925651643140085,0.2257559369428359,0.2310943762317738,0.24534670876911815,0.42035089266317466,0.47110264571195404,0.5028184021115188,0.5009394762151734,0.49,0.62,0,0,2.4,3.0,0,0.0860155432933625,0.005387544602800859
2020-12-02,20,0,nested_purged_development_oos,Bull,Bull,0.3583748801659093,0.2969009780562399,0.12536922217310398,0.1916684067129987,0.1766729468960619,0.22111854437953238,0.33958295076492484,0.2903120708512291,0.5162558976609868,0.5114306152307615,0.5827033084622327,0.5277947076071107,0.49,0.62,1,0,2.4,3.0,0,0.07885287453472573,0.005388092401362768
2020-12-03,20,0,nested_purged_development_oos,Bull,Bull,0.40097477527606795,0.3126320671627767,0.11934307510433574,0.18868335664273567,0.1657558032335534,0.21636153782048367,0.31392634638604283,0.28232303837400397,0.4796821496195962,0.49868457619448764,0.5908660248964389,0.5305906314379936,0.49,0.62,1,0,2.4,3.0,0,0.07921565765929468,0.0016558160634956485
2020-12-04,20,0,nested_purged_development_oos,Bull,Bull,0.36214109515958814,0.299240941155028,0.12206431478900036,0.19021023839302614,0.16290709588532346,0.21451792704841013,0.35288749416608794,0.29603089340353567,0.5157945900514114,0.5105488204519458,0.5261905228160882,0.5087372824810081,0.49,0.62,1,0,2.4,3.0,0,0.09248589443629367,0.007577751730749735
2020-12-07,20,0,nested_purged_development_oos,Bull,Bull,0.43994817269590897,0.32636652862408577,0.1228874248346778,0.19182995032946906,0.15077026949006017,0.20889106264446686,0.2863941329793532,0.27291245840197825,0.43716440246941335,0.4818035210464451,0.5786022150471014,0.5263952704316204,0.49,0.62,0,0,2.4,3.0,0,0.09493234293354519,-0.0006992871441310618
2020-12-08,20,0,nested_purged_development_oos,Bull,Stress,0.31678491346448756,0.280294982798574,0.13567583163359143,0.19686695536311966,0.20071750963165683,0.23176115397462865,0.3468217452702642,0.2910769078636778,0.547539254901921,0.5228380618383064,0.6594329029849213,0.5548424715578082,0.49,0.62,1,0,2.4,3.0,0,0.10499999753788625,0.0016018099018983414
2020-12-09,20,0,nested_purged_development_oos,Bull,Bull,0.4238370121288527,0.3198616379036982,0.1276943774906125,0.19402939525330068,0.16305598841570335,0.21483396189500298,0.28541262196483147,0.27127500494799806,0.4484686103805348,0.48610896684300103,0.596257030044834,0.5324454579855054,0.49,0.62,0,0,2.4,3.0,0,0.10700573127471243,-0.007941917263124128
2020-12-10,20,0,nested_purged_development_oos,Bull,Stress,0.2540080315988615,0.2563251957734026,0.12566034443325394,0.19117780152510155,0.229875775680878,0.2458821661899186,0.39045584828700647,0.3066148365115772,0.6203316239678844,0.5524970027014958,0.8598250517133919,0.6467108759075285,0.49,0.62,1,1,2.4,3.0,0,0.12458553088434743,0.014493216658684761
2020-12-11,20,0,nested_purged_development_oos,Bull,Bull,0.38415974217210314,0.30448630669396565,0.12634118576357828,0.19157178989556822,0.21790265731802747,0.2404162844951018,0.2715964147462912,0.2635256189153643,0.48949907206431864,0.5039419034104661,0.8726114830406068,0.6550735405344212,0.49,0.62,1,1,2.4,3.0,0,0.1247148192804355,0.005539335239784134
2020-12-14,20,0,nested_purged_development_oos,Bull,Bull,0.5006995154406683,0.3485510541993821,0.09667340411970432,0.17565229727467327,0.17373196259444507,0.22424656454621145,0.22889511784518238,0.2515500839797333,0.40262708043962747,0.4757966485259447,0.6560010956755198,0.5535870675755361,0.49,0.62,0,0,2.4,3.0,0,0.11374746657910484,-0.01164551457485387
2020-12-15,20,0,nested_purged_development_oos,Bull,Bull,0.3772570115072899,0.30297736689847726,0.10968761580506488,0.1810827031214562,0.2487853883638481,0.2547250557589748,0.26426998432379717,0.2612148742210917,0.5130553726876452,0.5159399299800664,0.9248439494404113,0.6977668182649794,0.49,0.62,1,1,2.4,3.0,0,0.11683179984726685,-0.003322199122111105
2020-12-16,20,0,nested_purged_development_oos,Bull,Bull,0.43133220479481327,0.322273462847202,0.11055961520356504,0.18276154023313607,0.2168788901612117,0.2419970810753733,0.24122928984041006,0.2529679158442886,0.4581081800016218,0.4949649969196619,0.873049974844528,0.6553710194724279,0.49,0.62,1,1,2.4,3.0,0,0.10692444264996757,-0.014367140970939841
2020-12-17,20,0,nested_purged_development_oos,Bull,Bear,0.3065051189994278,0.27544003096041664,0.1356205977743363,0.19610124883524999,0.3170199440138336,0.27933846812691154,0.24085433921240226,0.24912025207742183,0.5578742832262359,0.5284587202043334,0.9122844915423863,0.685813231816595,0.49,0.62,1,1,2.4,3.0,0,0.12700204589722436,0.014807535459071354
2020-12-18,20,0,nested_purged_development_oos,Bull,Bull,0.3714584887229787,0.2994648904448228,0.1300080602331783,0.19336190178529153,0.25557211665674634,0.2562598525451961,0.24296133438709666,0.2509133552246895,0.498533451043843,0.5071732077698856,0.8223519243726375,0.6249911776108026,0.49,0.62,1,1,2.4,3.0,0,0.11030023711320881,5.620661553331797e-05
2020-12-21,20,0,nested_purged_development_oos,Bull,Bull,0.459514454194949,0.3307779782369637,0.13691976251648552,0.19972824621836577,0.19850877799645483,0.23315969560984942,0.20505700529211063,0.23633407993482108,0.40356578328856546,0.46949377554467053,0.7984726437566553,0.6127591705680097,0.49,0.62,0,0,2.4,3.0,0,0.04514165566477168,-0.012622340161076299
2020-12-22,20,0,nested_purged_development_oos,Bull,Bull,0.4642507101946681,0.33247236069828373,0.13735996383738622,0.2001629578368374,0.20256599079917828,0.2353303976644388,0.1958233351687674,0.23203428380043992,0.3983893259679457,0.46736468146487875,0.7679636984166998,0.5984352506733542,0.49,0.62,0,0,2.4,3.0,0,0.04620027867246464,-0.014812192874692983
2020-12-23,20,0,nested_purged_development_oos,Bull,Bull,0.3489138788830796,0.2908645660052654,0.13754039937130025,0.19735016741303782,0.2432800151139336,0.250285618871391,0.2702657066316866,0.26149964771030576,0.5135457217456202,0.5117852665816968,0.9106077546261641,0.6843191715083141,0.49,0.62,1,1,2.4,3.0,0,0.07610074183286797,-0.010603802267021933
2020-12-24,20,0,nested_purged_development_oos,Bull,Bull,0.3161000743709672,0.27889095083646515,0.13783631076558484,0.1973523750695203,0.23889821803706313,0.2481777748716176,0.3071653968263848,0.2755788992223969,0.5460636148634479,0.5237566740940145,0.8739922409195764,0.6560128340130315,0.49,0.62,1,1,2.4,3.0,0,0.08890961665820386,0.015707080542987972
2020-12-25,20,0,nested_purged_development_oos,Bull,Bull,0.43302860917577324,0.3216454414730678,0.12905785095618363,0.19423269389658837,0.21199067844734837,0.23885122527756586,0.22592286142069484,0.245270639352778,0.4379135398680432,0.4841218646303439,0.7655724275332397,0.5973636793053151,0.49,0.62,0,0,2.4,3.0,0,0.07257668680444085,0.00635185405729938
2020-12-28,20,0,nested_purged_development_oos,Bull,Bull,0.4388483057934784,0.32373449297664963,0.12868630195090525,0.19417639362524672,0.21308244178827423,0.23958124873563172,0.21938295046734207,0.24250786466247204,0.4324653922556163,0.4820891133981038,0.816355374573307,0.6218204777325916,0.49,0.62,0,1,2.4,3.0,0,0.04022181261449624,0.005674175863858344
2020-12-29,20,0,nested_purged_development_oos,Sideway,Bull,0.4229596729696871,0.3184235831100485,0.12348713431599016,0.190643954447962,0.21209784339570611,0.23883836872573183,0.24145534931861656,0.25209409371625763,0.4535531927143227,0.49093246244198946,0.7938650636759568,0.6105110359276048,0.49,0.62,1,0,2.4,3.0,0,-0.0021122985465347782,-0.0021122985465347782
2020-12-30,20,0,nested_purged_development_oos,Stress,Bull,0.34842444857192556,0.2906857961044662,0.13679128149848252,0.1968956976479974,0.2637065695224622,0.258828610638472,0.25107770040712973,0.25358989560906436,0.5147842699295919,0.5124185062475364,0.8514214438411172,0.6415116407400838,0.49,0.62,1,1,2.4,3.0,1,-0.06941338062164591,-0.06941338062164591
2020-12-31,20,0,nested_purged_development_oos,Stress,Bull,0.34740775583821715,0.2899222260426091,0.14711659085187945,0.20267059226419346,0.27427457198940985,0.26272961271713546,0.23120108132049355,0.2446775689760622,0.5054756533099034,0.5074071816931977,0.8955237925608756,0.6717586158172547,0.49,0.62,1,1,2.4,3.0,1,-0.04375651727540552,-0.07516425614757766
2021-01-04,20,0,nested_purged_development_oos,Stress,Bull,0.46021023735007605,0.33120895512510234,0.13627773205285906,0.19947141255234627,0.18331130842358379,0.2257004784716487,0.22020072217348113,0.24361915385090266,0.4035120305970649,0.46931963232255136,0.7851368460914513,0.6063397469881342,0.49,0.62,0,0,2.4,3.0,1,-0.07885418116138684,-0.09009030898807227
2021-01-05,20,0,nested_purged_development_oos,Stress,Bull,0.4834382548366542,0.3398175245054298,0.13502144548926345,0.19972763675635746,0.1669798050078936,0.21821285352858355,0.21456049466618876,0.24224198520962922,0.3815402996740824,0.4604548387382128,0.7765352785191492,0.6023331666967952,0.49,0.62,0,0,2.4,3.0,1,-0.05165816417143326,-0.10081379636020453
2021-01-06,20,0,nested_purged_development_oos,Stress,Bull,0.5040742247936214,0.3481324563694041,0.12104078544690074,0.1921291960048873,0.15870135480946634,0.21508679134534833,0.21618363495001153,0.24465155628036014,0.37488498975947787,0.4597383476257085,0.8004936355897215,0.6137558389165472,0.49,0.62,0,0,2.4,3.0,1,-0.028318592272332636,-0.1101821638204146
2021-01-07,20,0,nested_purged_development_oos,Stress,Bull,0.5339938345408323,0.35878118521343905,0.12619662532041717,0.19669475741773235,0.14979893465759325,0.2112604470075373,0.1900106054811572,0.23326361036129126,0.3398095401387504,0.44452405736882855,0.6751165133369522,0.5606514191365713,0.49,0.62,0,0,2.4,3.0,1,-0.03905851133062791,-0.12173162472226316
2021-01-08,20,0,nested_purged_development_oos,Stress,Bull,0.5146962458086969,0.3522472449411425,0.12575583152418876,0.19581144709360704,0.14138362564611218,0.20560530647189515,0.21816429702100223,0.24633600149335536,0.35954792266711444,0.4519413079652505,0.6939865343394315,0.5678148101052019,0.49,0.62,0,0,2.4,3.0,1,-0.0355480643807609,-0.13136950706877412
2021-01-11,20,0,nested_purged_development_oos,Stress,Bull,0.51197214890608,0.35140772242018603,0.12049524790212547,0.19232221886686712,0.14647040039679432,0.20861927882609563,0.22106220279500016,0.24765077988685102,0.3675326031917945,0.4562700587129467,0.6235126094326218,0.5419415796517797,0.49,0.62,0,0,2.4,3.0,1,-0.08974878407969741,-0.14599201212354693
2021-01-12,20,0,nested_purged_development_oos,Stress,Bull,0.5121474292878881,0.35051297075786414,0.12768146948909184,0.19649105827340166,0.16245141572226054,0.21723225148007524,0.1977196855007595,0.23576371948865907,0.36017110122302004,0.45299597096873434,0.6383064937113787,0.5471942072382697,0.49,0.62,0,0,2.4,3.0,1,-0.06707581771522907,-0.1522095092368541
2021-01-13,20,0,nested_purged_development_oos,Stress,Bull,0.4112888663598628,0.3165795170457383,0.11044577897659545,0.18304886883274865,0.1735760309336708,0.2209915386098403,0.3046893237298711,0.27938007551167265,0.4782653546635419,0.500371614121513,0.6152584397574667,0.5390429026136416,0.49,0.62,1,0,2.4,3.0,1,-0.02585301748292398,-0.14697052705227343
2021-01-14,20,0,nested_purged_development_oos,Stress,Bull,0.4529336319470359,0.33091022552333055,0.1133538614651408,0.1857993754615083,0.1636568707449965,0.2165218444670071,0.2700556358428268,0.266768554548154,0.43371250658782334,0.48329039901516113,0.4545203864455221,0.4848027936532495,0.49,0.62,0,0,2.4,3.0,1,-0.011025694094087617,-0.14810811170380284
2021-01-15,20,0,nested_purged_development_oos,Stress,Bull,0.43106676901958824,0.32693375862063073,0.09564204550049396,0.17458351393375468,0.14065089956241447,0.20501812380497578,0.3326402859175032,0.293464603640639,0.47329118547991766,0.4984827274456147,0.46331809482314146,0.4877531403847907,0.49,0.62,1,0,2.4,3.0,1,-0.01748576882181387,-0.15381857398011975
2021-01-18,20,0,nested_purged_development_oos,Stress,Stress,0.31607889463432814,0.2814630895843247,0.11687951689436264,0.18595063382777025,0.20310044183023537,0.23409179305001507,0.3639411466410738,0.29849448353788993,0.5670415884713091,0.532586276587905,0.514831882734142,0.504945250544536,0.49,0.62,1,0,2.4,3.0,1,-0.014280042235931732,-0.15192430065517565
2021-01-19,20,0,nested_purged_development_oos,Stress,Stress,0.2816331737905162,0.26327417114956875,0.21069568581711767,0.23329021225289526,0.22489683800937993,0.23971749413856497,0.2827743023829861,0.263718122458971,0.507671140392366,0.503435616597536,0.03558389906684276,0.24976303034678307,0.49,0.62,1,0,2.4,3.0,1,0.04041023867291708,-0.09944426598334809
2021-01-20,20,0,nested_purged_development_oos,Stress,Sideway,0.29980428892703553,0.2721754568072438,0.3200452978137033,0.27968636702193045,0.15332284179483266,0.20582717734206407,0.22682757146442853,0.24231099882876173,0.3801504132592612,0.4481381761708258,0.009857613840358827,0.17703956686099537,0.49,0.62,0,0,2.4,3.0,1,0.023800591389375528,-0.10269274170465785
2021-01-21,20,0,nested_purged_development_oos,Stress,Bull,0.44143256449580814,0.3279900682475066,0.3015579295883551,0.279836925238,0.1228438768270213,0.19248541925339374,0.13416562908881552,0.19968758726109978,0.2570095059158368,0.3921730065144935,0.0017345366848615586,0.1073187400886763,0.49,0.62,0,0,2.4,3.0,1,0.001047372221911758,-0.12838481425739015
2021-01-22,20,0,nested_purged_development_oos,Stress,Bull,0.3833379983860928,0.3052746952109815,0.3116796668536765,0.28005514545655175,0.12949995731926053,0.19422749276262954,0.1754823774409703,0.22044266656983724,0.30498233476023084,0.41467015933246676,0.0017976348011911724,0.10846716748469944,0.49,0.62,0,0,2.4,3.0,1,0.0014473827599051786,-0.1305898868157041
2021-01-25,20,0,nested_purged_development_oos,Stress,Sideway,0.3122008967790343,0.2776051381262536,0.3419104220649694,0.28832131305796926,0.1750187722655588,0.21812153045715754,0.1708699088904375,0.21595201835861963,0.34588868115599625,0.4340735488157772,0.0009784100189227166,0.09033640816345177,0.49,0.62,0,0,2.4,3.0,1,0.017107660602391814,-0.129964037504929
2021-01-26,20,0,nested_purged_development_oos,Stress,Sideway,0.25229536592951846,0.2542096185591994,0.38575329622371257,0.3034069099154989,0.1946638888473523,0.22817358340925775,0.16728744899941678,0.21420988811604402,0.3619513378467691,0.4423834715253018,0.003100602500464743,0.12737714315415813,0.49,0.62,0,0,2.4,3.0,1,0.04348155372371964,-0.10396101737228385
2021-01-27,20,0,nested_purged_development_oos,Bull,Sideway,0.191318234052801,0.22649184215064055,0.39856463574068707,0.30751187873819513,0.19093773908301295,0.22630404630066617,0.2191793911234991,0.23969223281049817,0.4101171302065121,0.46599627911116437,0.02314077638768005,0.22311897076247425,0.49,0.62,0,0,2.4,3.0,0,0.07865285435959254,-0.06907620623094714
2021-01-28,20,0,nested_purged_development_oos,Bull,Sideway,0.14957498814657894,0.20600777438622989,0.3824084706204632,0.30461093962117375,0.15534060333452113,0.20928002631962783,0.3126759378984367,0.2801012596729685,0.4680165412329578,0.48938128599259634,0.1408492665653102,0.35371447738303197,0.49,0.62,0,0,2.4,3.0,0,0.1320800596602972,0.011236127826685352
2021-01-29,20,0,nested_purged_development_oos,Bull,Sideway,0.18889227264889713,0.22658431377251662,0.3789658791662349,0.3028474861272353,0.13463881893925392,0.19677120704735399,0.29750302924561406,0.27379699305289407,0.432141848184868,0.470568200100248,0.1719783591787918,0.37194302256051615,0.49,0.62,0,0,2.4,3.0,0,0.10081779338177309,-0.020171611045486714
2021-02-01,20,0,nested_purged_development_oos,Bull,Sideway,0.15200064601715632,0.2087677753564305,0.4597157312110009,0.3310791017082131,0.15597906813194046,0.21102739273820012,0.2323045546399024,0.24912573019715628,0.38828362277184286,0.4601531229353564,0.12066822615297747,0.340281695593115,0.49,0.62,0,0,2.4,3.0,0,0.12062996309790702,0.037919504362086
2021-02-02,20,0,nested_purged_development_oos,Bull,Sideway,0.23496243241096007,0.24496585118406441,0.3394764479411407,0.28555748950850585,0.19057814672866208,0.224501885429584,0.23498297291923725,0.24497477387784575,0.42556111964789933,0.46947665930742977,0.18122615417376137,0.37690932881220673,0.49,0.62,0,0,2.4,3.0,0,0.07730327720109596,0.007087595855078095
2021-02-03,20,0,nested_purged_development_oos,Sideway,Sideway,0.2308039161885964,0.24307058743835508,0.32610812529563477,0.2807254348255712,0.18368432195341938,0.22100959338519285,0.25940363656234966,0.2551943843508808,0.44308795851576904,0.4762039777360737,0.3168610806544531,0.4363280012774571,0.49,0.62,0,0,2.4,3.0,0,0.05155061984178683,-0.025620343504232476
2021-02-04,20,0,nested_purged_development_oos,Bull,Sideway,0.22009505295575868,0.23962675707562592,0.38596091706368557,0.302812696542962,0.2017455822807139,0.23109082724290356,0.1921984476998419,0.22646971913850844,0.3939440299805558,0.45756054638141197,0.06315148107185893,0.2892570483072562,0.49,0.62,0,0,2.4,3.0,0,0.06064842195241408,-0.02642988534778579
2021-02-05,20,0,nested_purged_development_oos,Sideway,Sideway,0.26473445837845533,0.2592060842326179,0.37639197911762395,0.3001402988796571,0.19056370071863737,0.22602556743401567,0.16830986178528334,0.21462804945370942,0.3588735625039207,0.4406536168877251,0.09344075429472537,0.3192016908296439,0.49,0.62,0,0,2.4,3.0,0,0.047356225419858185,-0.03957821464416376
2021-02-08,20,0,nested_purged_development_oos,Bull,Sideway,0.19337159626795256,0.22696545856949776,0.3823165677601081,0.3015128202325493,0.22714804793265006,0.24271217972767015,0.19716378803928927,0.22880954147028282,0.42431183597193933,0.471521721197953,0.161772744794305,0.3662436922434321,0.49,0.62,0,0,2.4,3.0,0,0.08947023842384169,0.028890463477775487
2021-02-09,20,0,nested_purged_development_oos,Bull,Sideway,0.26443923342317693,0.2590970926143375,0.3704140658672175,0.2981580446031015,0.2111087426032177,0.23588718281085763,0.1540379581063879,0.20685767997170335,0.3651467007096056,0.442744862782561,0.10897188188570726,0.3317171863548767,0.49,0.62,0,0,2.4,3.0,0,0.05663806645147633,0.03598381804772441
2021-02-17,20,0,nested_purged_development_oos,Sideway,Bull,0.3369793336612513,0.2871957846941905,0.3240846504281619,0.28256458294399284,0.19400825492854668,0.22817520732626667,0.14492776098203997,0.20206442503555003,0.33893601591058664,0.4302396323618167,0.07211897616168778,0.299112261104053,0.49,0.62,0,0,2.4,3.0,0,0.02588674230523963,0.005341399820517963
2021-02-18,20,0,nested_purged_development_oos,Sideway,Bull,0.38983717029426573,0.3076217321505782,0.3060790538703193,0.27812903674166184,0.1766901970384946,0.2212181980182383,0.1273935787969204,0.19303103308952166,0.304083775835415,0.41424923110775996,0.029522683910653557,0.2379032015438551,0.49,0.62,0,0,2.4,3.0,0,0.022364234721508655,-0.01062350821984786
2021-02-19,20,0,nested_purged_development_oos,Sideway,Sideway,0.28679120513062617,0.2657401150564965,0.30051282693442205,0.2709656748104579,0.1993205930696405,0.2283589799764259,0.21337537486531133,0.23493523015661966,0.41269596793495184,0.46329421013304556,0.053030921610187895,0.2767186325346393,0.49,0.62,0,0,2.4,3.0,0,0.01736015383159309,-0.00987389576843857
2021-02-22,20,0,nested_purged_development_oos,Sideway,Bull,0.3168795376056812,0.2780850086009991,0.3004314564783888,0.27197704239849024,0.21442370929294358,0.23632082674391292,0.1682652966229863,0.2136171222565977,0.3826890059159299,0.44993794900051065,0.048077722020225734,0.2698819694528782,0.49,0.62,0,0,2.4,3.0,0,0.016366894571196194,-0.011185349029376531
2021-02-23,20,0,nested_purged_development_oos,Sideway,Bull,0.33237109360901634,0.28518629318543076,0.30350847606228126,0.2745934282319674,0.22876286545199698,0.244078541253827,0.13535756487670536,0.19614173732877488,0.36412043032870234,0.4402202785826019,0.0875756972557329,0.3140612016784416,0.49,0.62,0,0,2.4,3.0,0,0.0049214657017826674,-0.013395595266397713
2021-02-24,20,0,nested_purged_development_oos,Sideway,Sideway,0.25887953530063174,0.25481012730250874,0.2899508660513666,0.2671331624892458,0.277490959121472,0.2622887422350789,0.1736786395265297,0.21576796797316664,0.45116959864800166,0.4780567102082456,0.13771938543483542,0.3517275481235229,0.49,0.62,0,0,2.4,3.0,0,-0.00017213037196843028,-0.00017213037196843028
2021-02-25,20,0,nested_purged_development_oos,Sideway,Sideway,0.25269145508897733,0.2541596828131719,0.3277586562017908,0.2832532048598874,0.28546924574676996,0.26740959189813257,0.13408064296246192,0.19517752042880807,0.4195498887092319,0.4625871123269406,0.10324544038175903,0.3272701831325368,0.49,0.62,0,0,2.4,3.0,0,-0.002001263267081093,-0.003110983757236932
2021-02-26,20,0,nested_purged_development_oos,Sideway,Sideway,0.2543424550743747,0.2549691804971886,0.3339512611450014,0.28560410816718984,0.2789844443369056,0.26498512293162163,0.13272183944371824,0.19444158840400005,0.41170628378062385,0.4594267113356217,0.07435298702238859,0.30141761833710706,0.49,0.62,0,0,2.4,3.0,0,-0.005371835733373184,-0.00571606685354416
2021-03-01,20,0,nested_purged_development_oos,Sideway,Bull,0.31373763523309545,0.28021311662701526,0.29756265055075704,0.2741006363269705,0.28563146703072645,0.26946656755624326,0.10306824718542112,0.1762196794897709,0.3886997142161476,0.4456862470460142,0.034255871133873184,0.24730947790983937,0.49,0.62,0,0,2.4,3.0,0,-0.008882925653387068,-0.020750495385256022
2021-03-02,20,0,nested_purged_development_oos,Sideway,Bear,0.28956285950548916,0.268878589772627,0.2572627686555093,0.2559491879561494,0.3186693404955684,0.2798262690370538,0.1345050313434332,0.19534595323416962,0.45317437183900156,0.47517222227122347,0.05758517425845826,0.28257451548303064,0.49,0.62,0,0,2.4,3.0,0,-0.00021070641510421759,-0.021121368373938607
2021-03-03,20,0,nested_purged_development_oos,Sideway,Bear,0.30009093506439666,0.27219872656530575,0.2372255789329908,0.24680162892405474,0.3116327798027536,0.2765128782240122,0.151050706199859,0.2044867662866273,0.4626834860026126,0.4809996445106395,0.0257657064403493,0.22954730262596196,0.49,0.62,0,0,2.4,3.0,0,0.0037756678543000594,-0.02140785786847481
2021-03-04,20,0,nested_purged_development_oos,Sideway,Bear,0.22048901423714615,0.2384913651817567,0.2506215299842527,0.25156627457847147,0.3350655235094006,0.2839218532492922,0.19382393226920064,0.22602050699047965,0.5288894557786012,0.5099423602397719,0.04685079719353031,0.2681031470214312,0.49,0.62,1,0,2.4,3.0,0,0.039911026193884314,-0.005758856938232196
