date,strategy,equity
2017-03-14,baseline_no_overlay,1.0
2017-03-15,baseline_no_overlay,0.9985491897460357
2017-03-16,baseline_no_overlay,0.9995958699414147
2017-03-17,baseline_no_overlay,0.9967423896941606
2017-03-20,baseline_no_overlay,0.999369288545483
2017-03-21,baseline_no_overlay,1.0000375011457627
2017-03-22,baseline_no_overlay,0.9979300112508978
2017-03-23,baseline_no_overlay,1.001946146402213
2017-03-24,baseline_no_overlay,1.003615007004954
2017-03-27,baseline_no_overlay,1.0045337201910374
2017-03-28,baseline_no_overlay,1.001692972666724
2017-03-29,baseline_no_overlay,1.0024063127610172
2017-03-30,baseline_no_overlay,1.0045381924264138
2017-03-31,baseline_no_overlay,1.0035137931944609
2017-04-03,baseline_no_overlay,1.0035289328260248
2017-04-04,baseline_no_overlay,1.0046129679961344
2017-04-05,baseline_no_overlay,1.0039962177412887
2017-04-07,baseline_no_overlay,1.0068334903935707
2017-04-10,baseline_no_overlay,1.0080501092267513
2017-04-11,baseline_no_overlay,1.0089909909205539
2017-04-12,baseline_no_overlay,1.0051975496260415
2017-04-13,baseline_no_overlay,1.0044125498201872
2017-04-14,baseline_no_overlay,1.000921956441216
2017-04-17,baseline_no_overlay,0.9964341692511366
2017-04-18,baseline_no_overlay,0.9987260927298329
2017-04-19,baseline_no_overlay,0.9998293332608942
2017-04-20,baseline_no_overlay,0.9972365237964051
2017-04-21,baseline_no_overlay,0.9970537608733947
2017-04-24,baseline_no_overlay,0.9952855084311926
2017-04-25,baseline_no_overlay,0.9942523057769451
2017-04-26,baseline_no_overlay,0.9956599552008049
2017-04-27,baseline_no_overlay,0.9996221637396926
2017-04-28,baseline_no_overlay,1.0003753765980279
2017-05-03,baseline_no_overlay,1.0015531752385263
2017-05-04,baseline_no_overlay,1.003199936227815
2017-05-05,baseline_no_overlay,1.001852522827539
2017-05-08,baseline_no_overlay,1.00111215450587
2017-05-09,baseline_no_overlay,1.0031433522254358
2017-05-10,baseline_no_overlay,1.0045691884900376
2017-05-11,baseline_no_overlay,1.0049833141108035
2017-05-12,baseline_no_overlay,1.0052239634029978
2017-05-15,baseline_no_overlay,1.0052101515758598
2017-05-16,baseline_no_overlay,1.0050047685689893
2017-05-17,baseline_no_overlay,1.0063145706932806
2017-05-18,baseline_no_overlay,1.006173302485351
2017-05-19,baseline_no_overlay,1.0101936811876768
2017-05-22,baseline_no_overlay,1.0166483656225311
2017-05-23,baseline_no_overlay,1.0146475475837167
2017-05-24,baseline_no_overlay,1.0157098255656087
2017-05-25,baseline_no_overlay,1.0151846491256926
2017-05-26,baseline_no_overlay,1.0160455420228585
2017-05-29,baseline_no_overlay,1.0177342302289205
2017-05-30,baseline_no_overlay,1.0128744058789234
2017-05-31,baseline_no_overlay,1.012624354902533
2017-06-01,baseline_no_overlay,1.0148868202788162
2017-06-02,baseline_no_overlay,1.0130308162024155
2017-06-05,baseline_no_overlay,1.0155932977599322
2017-06-06,baseline_no_overlay,1.0200711824237545
2017-06-07,baseline_no_overlay,1.021365829590897
2017-06-08,baseline_no_overlay,1.0193113635777888
2017-06-09,baseline_no_overlay,1.019048859155026
2017-06-12,baseline_no_overlay,1.0197987645748292
2017-06-13,baseline_no_overlay,1.0231319789974505
2017-06-14,baseline_no_overlay,1.025478398145349
2017-06-15,baseline_no_overlay,1.0253447064464711
2017-06-16,baseline_no_overlay,1.0257400082171424
2017-06-19,baseline_no_overlay,1.0291280574847703
2017-06-20,baseline_no_overlay,1.0298264993219928
2017-06-21,baseline_no_overlay,1.029475323079839
2017-06-22,baseline_no_overlay,1.0288140620829815
2017-06-23,baseline_no_overlay,1.0302865279494187
2017-06-26,baseline_no_overlay,1.0323279708970383
2017-06-27,baseline_no_overlay,1.0293586856623633
2017-06-28,baseline_no_overlay,1.030122767305115
2017-06-29,baseline_no_overlay,1.0316354734369668
2017-06-30,baseline_no_overlay,1.0343404450241171
2017-07-03,baseline_no_overlay,1.0357444241581786
2017-07-04,baseline_no_overlay,1.0338187078494148
2017-07-05,baseline_no_overlay,1.0354330082595886
2017-07-06,baseline_no_overlay,1.0379847947266576
2017-07-07,baseline_no_overlay,1.0339120663957115
2017-07-10,baseline_no_overlay,1.0289375182168732
2017-07-11,baseline_no_overlay,1.0304123725279173
2017-07-12,baseline_no_overlay,1.033141222638372
2017-07-13,baseline_no_overlay,1.0354713066460484
2017-07-14,baseline_no_overlay,1.0350461152789956
2017-07-17,baseline_no_overlay,1.030286999987236
2017-07-18,baseline_no_overlay,1.029521673541376
2017-07-19,baseline_no_overlay,1.0315290386612652
2017-07-20,baseline_no_overlay,1.0299878823569546
2017-07-21,baseline_no_overlay,1.0265166286502465
2017-07-24,baseline_no_overlay,1.025433558499594
2017-07-25,baseline_no_overlay,1.0293500190251876
2017-07-26,baseline_no_overlay,1.0330602392946153
2017-07-27,baseline_no_overlay,1.031617506212052
2017-07-28,baseline_no_overlay,1.0346313044152486
2017-07-31,baseline_no_overlay,1.0384069959889706
2017-08-01,baseline_no_overlay,1.0404164935772577
2017-08-02,baseline_no_overlay,1.040052556819486
2017-08-03,baseline_no_overlay,1.0413081369648005
2017-08-04,baseline_no_overlay,1.0414138504354034
2017-08-07,baseline_no_overlay,1.043878563861394
2017-08-08,baseline_no_overlay,1.0430718247567476
2017-08-09,baseline_no_overlay,1.033243574930567
2017-08-10,baseline_no_overlay,1.0330944238636464
2017-08-11,baseline_no_overlay,1.032407546299732
2017-08-14,baseline_no_overlay,1.0344512546894544
2017-08-15,baseline_no_overlay,1.0317194106036307
2017-08-16,baseline_no_overlay,1.0329572518122558
2017-08-17,baseline_no_overlay,1.0296866328420202
2017-08-18,baseline_no_overlay,1.0303534346194163
2017-08-21,baseline_no_overlay,1.0302440509056432
2017-08-22,baseline_no_overlay,1.0263333203988594
2017-08-23,baseline_no_overlay,1.0287574696294908
2017-08-24,baseline_no_overlay,1.030784444833627
2017-08-25,baseline_no_overlay,1.0318024303786641
2017-08-28,baseline_no_overlay,1.034917650360521
2017-08-29,baseline_no_overlay,1.0329654022090216
2017-08-30,baseline_no_overlay,1.0354163118616293
2017-08-31,baseline_no_overlay,1.0377507460545976
2017-09-01,baseline_no_overlay,1.041195630045731
2017-09-05,baseline_no_overlay,1.043280742085257
2017-09-06,baseline_no_overlay,1.0439882379313739
2017-09-07,baseline_no_overlay,1.045854280027626
2017-09-08,baseline_no_overlay,1.0484121701178128
2017-09-11,baseline_no_overlay,1.0462892006863906
2017-09-12,baseline_no_overlay,1.047589560893818
2017-09-13,baseline_no_overlay,1.049141089382335
2017-09-14,baseline_no_overlay,1.0511249224199395
2017-09-15,baseline_no_overlay,1.050842164529807
2017-09-18,baseline_no_overlay,1.0519402058172076
2017-09-19,baseline_no_overlay,1.050852114422166
2017-09-20,baseline_no_overlay,1.0507829526634798
2017-09-21,baseline_no_overlay,1.049749662365218
2017-09-22,baseline_no_overlay,1.0513676296665562
2017-09-25,baseline_no_overlay,1.0505140621187865
2017-09-26,baseline_no_overlay,1.0503811197244182
2017-09-27,baseline_no_overlay,1.0495268393442414
2017-09-28,baseline_no_overlay,1.050083032526291
2017-09-29,baseline_no_overlay,1.0498590385758355
2017-10-02,baseline_no_overlay,1.048677725591842
2017-10-03,baseline_no_overlay,1.0464317986277967
2017-10-04,baseline_no_overlay,1.0505571601034265
2017-10-05,baseline_no_overlay,1.050274771147904
2017-10-06,baseline_no_overlay,1.0516805726330671
2017-10-09,baseline_no_overlay,1.0523310855654506
2017-10-10,baseline_no_overlay,1.0533128530504918
2017-10-11,baseline_no_overlay,1.0553004263235364
2017-10-12,baseline_no_overlay,1.0564456601971932
2017-10-13,baseline_no_overlay,1.0594753542950448
2017-10-16,baseline_no_overlay,1.0585033250252944
2017-10-17,baseline_no_overlay,1.0635620230721397
2017-10-18,baseline_no_overlay,1.0631813894591646
2017-10-19,baseline_no_overlay,1.0638725222163197
2017-10-20,baseline_no_overlay,1.0626476009922092
2017-10-23,baseline_no_overlay,1.0588541648228138
2017-10-24,baseline_no_overlay,1.0616367587771687
2017-10-25,baseline_no_overlay,1.0647471767571905
2017-10-26,baseline_no_overlay,1.064407914867729
2017-10-27,baseline_no_overlay,1.0700912590124125
2017-10-30,baseline_no_overlay,1.0728195142323451
2017-10-31,baseline_no_overlay,1.0683620166517265
2017-11-01,baseline_no_overlay,1.0711733877519036
2017-11-02,baseline_no_overlay,1.0656747814151994
2017-11-03,baseline_no_overlay,1.0710867380286466
2017-11-06,baseline_no_overlay,1.074003403841989
2017-11-07,baseline_no_overlay,1.0746867274751954
2017-11-08,baseline_no_overlay,1.0798429166832375
2017-11-09,baseline_no_overlay,1.0802252605828475
2017-11-10,baseline_no_overlay,1.084440022717006
2017-11-13,baseline_no_overlay,1.090493312149863
2017-11-14,baseline_no_overlay,1.0913471451560812
2017-11-15,baseline_no_overlay,1.092285490103937
2017-11-16,baseline_no_overlay,1.0979459335107193
2017-11-17,baseline_no_overlay,1.0967360079639004
2017-11-20,baseline_no_overlay,1.1035223405800267
2017-11-21,baseline_no_overlay,1.11182934089371
2017-11-22,baseline_no_overlay,1.120084479560293
2017-11-23,baseline_no_overlay,1.1206842072460672
2017-11-24,baseline_no_overlay,1.1217946926179325
2017-11-27,baseline_no_overlay,1.1236044867027806
2017-11-28,baseline_no_overlay,1.125131849333912
2017-11-29,baseline_no_overlay,1.131663512963058
2017-11-30,baseline_no_overlay,1.1302937536566002
2017-12-01,baseline_no_overlay,1.1360645645241458
2017-12-04,baseline_no_overlay,1.1419502994435626
2017-12-05,baseline_no_overlay,1.1316990029982865
2017-12-06,baseline_no_overlay,1.1286254919489804
2017-12-07,baseline_no_overlay,1.123871213318054
2017-12-08,baseline_no_overlay,1.1245714401034577
2017-12-11,baseline_no_overlay,1.1129513448831365
2017-12-12,baseline_no_overlay,1.1174933222243724
2017-12-13,baseline_no_overlay,1.1159711024792391
2017-12-14,baseline_no_overlay,1.1214202943871396
2017-12-15,baseline_no_overlay,1.1210483856288642
2017-12-18,baseline_no_overlay,1.1316475384233864
2017-12-19,baseline_no_overlay,1.1279634048750005
2017-12-20,baseline_no_overlay,1.1289531845624563
2017-12-21,baseline_no_overlay,1.1251631776544464
2017-12-22,baseline_no_overlay,1.128160106240863
2017-12-25,baseline_no_overlay,1.1311575473661986
2017-12-26,baseline_no_overlay,1.135021207580588
2017-12-27,baseline_no_overlay,1.1363587026366024
2017-12-28,baseline_no_overlay,1.1406190218711554
2017-12-29,baseline_no_overlay,1.1445789979181553
2018-01-02,baseline_no_overlay,1.1504713379345357
2018-01-03,baseline_no_overlay,1.1556963913228993
2018-01-04,baseline_no_overlay,1.1631540875720892
2018-01-05,baseline_no_overlay,1.1592921494873403
2018-01-08,baseline_no_overlay,1.1644677720334222
2018-01-09,baseline_no_overlay,1.1702432535234644
2018-01-10,baseline_no_overlay,1.1727875537173171
2018-01-11,baseline_no_overlay,1.1782985638037158
2018-01-12,baseline_no_overlay,1.179372939149954
2018-01-15,baseline_no_overlay,1.1866103908374228
2018-01-16,baseline_no_overlay,1.186263257335529
2018-01-17,baseline_no_overlay,1.1710044231842003
2018-01-18,baseline_no_overlay,1.1785768614667813
2018-01-19,baseline_no_overlay,1.1849658312259632
2018-01-22,baseline_no_overlay,1.1985567179410308
2018-01-25,baseline_no_overlay,1.208065391634949
2018-01-26,baseline_no_overlay,1.2142127138088212
2018-01-29,baseline_no_overlay,1.2109310755643914
2018-01-30,baseline_no_overlay,1.2112747687034915
2018-01-31,baseline_no_overlay,1.2111421476845208
2018-02-01,baseline_no_overlay,1.205611456526786
2018-02-02,baseline_no_overlay,1.208265867914469
2018-02-05,baseline_no_overlay,1.180227184988627
2018-02-06,baseline_no_overlay,1.1624676371798441
2018-02-07,baseline_no_overlay,1.1766167631056552
2018-02-08,baseline_no_overlay,1.1681817499927252
2018-02-09,baseline_no_overlay,1.1590957032067446
2018-02-12,baseline_no_overlay,1.1773156750544194
2018-02-13,baseline_no_overlay,1.1860657686478036
2018-02-21,baseline_no_overlay,1.19949829266226
2018-02-22,baseline_no_overlay,1.1938585319000885
2018-02-23,baseline_no_overlay,1.2068836180876312
2018-02-26,baseline_no_overlay,1.2130930518126457
2018-02-27,baseline_no_overlay,1.2157261715866072
2018-02-28,baseline_no_overlay,1.2167450172245484
2018-03-01,baseline_no_overlay,1.2136644243496004
2018-03-02,baseline_no_overlay,1.216428056798207
2018-03-05,baseline_no_overlay,1.2025872792697556
2018-03-06,baseline_no_overlay,1.2149424800183717
2018-03-07,baseline_no_overlay,1.2108444150670972
2018-03-08,baseline_no_overlay,1.2164485813672932
2018-03-09,baseline_no_overlay,1.2160728357125508
2018-03-12,baseline_no_overlay,1.2173987115377674
2018-03-13,baseline_no_overlay,1.2207114705167905
2018-03-14,baseline_no_overlay,1.2230290538667699
2018-03-15,baseline_no_overlay,1.2233257074779684
2018-03-16,baseline_no_overlay,1.2288151907778384
2018-03-19,baseline_no_overlay,1.2332366994854764
2018-03-20,baseline_no_overlay,1.2333055756881137
2018-03-21,baseline_no_overlay,1.2379247137635199
2018-03-22,baseline_no_overlay,1.239355579023995
2018-03-23,baseline_no_overlay,1.230555516222156
2018-03-26,baseline_no_overlay,1.2383320428800544
2018-03-27,baseline_no_overlay,1.2385501373759695
2018-03-28,baseline_no_overlay,1.2387786213039604
2018-03-29,baseline_no_overlay,1.236473444871708
2018-03-30,baseline_no_overlay,1.239529452430196
2018-04-02,baseline_no_overlay,1.2491955089325713
2018-04-03,baseline_no_overlay,1.2453897423600504
2018-04-04,baseline_no_overlay,1.2466771382311777
2018-04-05,baseline_no_overlay,1.2473492278324725
2018-04-06,baseline_no_overlay,1.250274823345543
2018-04-09,baseline_no_overlay,1.2521712644932097
2018-04-10,baseline_no_overlay,1.2494089746183725
2018-04-11,baseline_no_overlay,1.2361581843950584
2018-04-12,baseline_no_overlay,1.2385276438399293
2018-04-13,baseline_no_overlay,1.2314583990555246
2018-04-16,baseline_no_overlay,1.2278834372314107
2018-04-17,baseline_no_overlay,1.2298054425903466
2018-04-18,baseline_no_overlay,1.2236416138310016
2018-04-19,baseline_no_overlay,1.205937864089825
2018-04-20,baseline_no_overlay,1.2165461977470753
2018-04-23,baseline_no_overlay,1.1965308992187862
2018-04-24,baseline_no_overlay,1.198288572019566
2018-04-26,baseline_no_overlay,1.1815173276415432
2018-04-27,baseline_no_overlay,1.1840375216882917
2018-05-02,baseline_no_overlay,1.1739876842097954
2018-05-03,baseline_no_overlay,1.172734055272298
2018-05-04,baseline_no_overlay,1.172890532542838
2018-05-07,baseline_no_overlay,1.1897348994489023
2018-05-08,baseline_no_overlay,1.188763858005247
2018-05-09,baseline_no_overlay,1.187065351022304
2018-05-10,baseline_no_overlay,1.1737045809221163
2018-05-11,baseline_no_overlay,1.181196374598756
2018-05-14,baseline_no_overlay,1.1920123706209997
2018-05-15,baseline_no_overlay,1.1952111634622078
2018-05-16,baseline_no_overlay,1.186279212803891
2018-05-17,baseline_no_overlay,1.1756084144810268
2018-05-18,baseline_no_overlay,1.1799703814530142
2018-05-21,baseline_no_overlay,1.1678543743550245
2018-05-22,baseline_no_overlay,1.1546983166569225
2018-05-23,baseline_no_overlay,1.1560995689427882
2018-05-24,baseline_no_overlay,1.1546465735821236
2018-05-25,baseline_no_overlay,1.144110805696719
2018-05-28,baseline_no_overlay,1.1291027283442259
2018-05-29,baseline_no_overlay,1.1391302602055917
2018-05-30,baseline_no_overlay,1.1372284131046129
2018-05-31,baseline_no_overlay,1.1487590549359687
2018-06-01,baseline_no_overlay,1.1600574928817333
2018-06-04,baseline_no_overlay,1.1712987374656798
2018-06-05,baseline_no_overlay,1.176105511921642
2018-06-06,baseline_no_overlay,1.1821749936618933
2018-06-07,baseline_no_overlay,1.1833181240926007
2018-06-08,baseline_no_overlay,1.1844833553358505
2018-06-11,baseline_no_overlay,1.1844871034588138
2018-06-12,baseline_no_overlay,1.1753304618589477
2018-06-13,baseline_no_overlay,1.1800020890564067
2018-06-14,baseline_no_overlay,1.1725935601189186
2018-06-15,baseline_no_overlay,1.1729297682525148
2018-06-18,baseline_no_overlay,1.1589295804041628
2018-06-19,baseline_no_overlay,1.1476936515420109
2018-06-20,baseline_no_overlay,1.1563772858184527
2018-06-21,baseline_no_overlay,1.1507334477335895
2018-06-22,baseline_no_overlay,1.1570712615737566
2018-06-25,baseline_no_overlay,1.1606364358051195
2018-06-26,baseline_no_overlay,1.1569363341544532
2018-06-27,baseline_no_overlay,1.1498090848024127
2018-06-28,baseline_no_overlay,1.1441857608821597
2018-06-29,baseline_no_overlay,1.1458601437635971
2018-07-02,baseline_no_overlay,1.1391044735894504
2018-07-03,baseline_no_overlay,1.119023824010108
2018-07-04,baseline_no_overlay,1.12352518955802
2018-07-05,baseline_no_overlay,1.1150711915894254
2018-07-06,baseline_no_overlay,1.1239312588658366
2018-07-09,baseline_no_overlay,1.1226308141868802
2018-07-10,baseline_no_overlay,1.1205732974810303
2018-07-11,baseline_no_overlay,1.1113397583849158
2018-07-12,baseline_no_overlay,1.1140362787253335
2018-07-13,baseline_no_overlay,1.119860135360883
2018-07-16,baseline_no_overlay,1.1205910918024395
2018-07-17,baseline_no_overlay,1.1260626143216117
2018-07-18,baseline_no_overlay,1.1378231848102631
2018-07-19,baseline_no_overlay,1.1386547627862185
2018-07-20,baseline_no_overlay,1.1330289650935572
2018-07-23,baseline_no_overlay,1.1347142371357644
2018-07-24,baseline_no_overlay,1.1333190561632385
2018-07-25,baseline_no_overlay,1.1300192047937616
2018-07-26,baseline_no_overlay,1.1312587815480126
2018-07-27,baseline_no_overlay,1.133927488786563
2018-07-30,baseline_no_overlay,1.140909506460316
2018-07-31,baseline_no_overlay,1.144427697572013
2018-08-01,baseline_no_overlay,1.1425153278876716
2018-08-02,baseline_no_overlay,1.142896103612394
2018-08-03,baseline_no_overlay,1.145947928457535
2018-08-06,baseline_no_overlay,1.1462650141552673
2018-08-07,baseline_no_overlay,1.1445298485734663
2018-08-08,baseline_no_overlay,1.1490316601745607
2018-08-09,baseline_no_overlay,1.1475834590889529
2018-08-10,baseline_no_overlay,1.1498599889229641
2018-08-13,baseline_no_overlay,1.1546464571308424
2018-08-14,baseline_no_overlay,1.154744399403989
2018-08-15,baseline_no_overlay,1.146074923956456
2018-08-16,baseline_no_overlay,1.1473997516344847
2018-08-17,baseline_no_overlay,1.1496474920153277
2018-08-20,baseline_no_overlay,1.1499812088135728
2018-08-21,baseline_no_overlay,1.1545396760685254
2018-08-22,baseline_no_overlay,1.1559969936218573
2018-08-23,baseline_no_overlay,1.158530879629068
2018-08-24,baseline_no_overlay,1.1583699583016547
2018-08-27,baseline_no_overlay,1.1607364346583724
2018-08-28,baseline_no_overlay,1.1623438014530147
2018-08-29,baseline_no_overlay,1.1586903210680577
2018-08-30,baseline_no_overlay,1.163220524912494
2018-08-31,baseline_no_overlay,1.1587956235480263
2018-09-04,baseline_no_overlay,1.1524184206481292
2018-09-05,baseline_no_overlay,1.148986610553444
2018-09-06,baseline_no_overlay,1.1443241297798619
2018-09-07,baseline_no_overlay,1.1490217825086508
2018-09-10,baseline_no_overlay,1.1496708539171578
2018-09-11,baseline_no_overlay,1.1566550277362735
2018-09-12,baseline_no_overlay,1.157606787781431
2018-09-13,baseline_no_overlay,1.1580629214249412
2018-09-14,baseline_no_overlay,1.1597725968061885
2018-09-17,baseline_no_overlay,1.1578945469774717
2018-09-18,baseline_no_overlay,1.1607044263332111
2018-09-19,baseline_no_overlay,1.1617333016831917
2018-09-20,baseline_no_overlay,1.166263094604406
2018-09-21,baseline_no_overlay,1.1653001155997627
2018-09-24,baseline_no_overlay,1.1692440186543813
2018-09-25,baseline_no_overlay,1.1689558797687287
2018-09-26,baseline_no_overlay,1.1684005971553735
2018-09-27,baseline_no_overlay,1.1710366163649446
2018-09-28,baseline_no_overlay,1.1718502034555873
2018-10-01,baseline_no_overlay,1.169795434805249
2018-10-02,baseline_no_overlay,1.1725175975214763
2018-10-03,baseline_no_overlay,1.173266336318633
2018-10-04,baseline_no_overlay,1.174805975577773
2018-10-05,baseline_no_overlay,1.1671377067241089
2018-10-08,baseline_no_overlay,1.161621316394211
2018-10-09,baseline_no_overlay,1.1616315240390456
2018-10-10,baseline_no_overlay,1.1606283554435974
2018-10-11,baseline_no_overlay,1.1394112313508609
2018-10-12,baseline_no_overlay,1.1510680397314874
2018-10-15,baseline_no_overlay,1.1413505958757644
2018-10-16,baseline_no_overlay,1.14691743990622
2018-10-17,baseline_no_overlay,1.1510826452639662
2018-10-18,baseline_no_overlay,1.146894092676509
2018-10-19,baseline_no_overlay,1.144342673109276
2018-10-22,baseline_no_overlay,1.1419437338111276
2018-10-23,baseline_no_overlay,1.1352549423150522
2018-10-24,baseline_no_overlay,1.1268156642376232
2018-10-25,baseline_no_overlay,1.1208527365378869
2018-10-26,baseline_no_overlay,1.116377737368552
2018-10-29,baseline_no_overlay,1.1107574260743949
2018-10-30,baseline_no_overlay,1.1106885193937952
2018-10-31,baseline_no_overlay,1.1233306449148939
2018-11-01,baseline_no_overlay,1.1196847426742154
2018-11-02,baseline_no_overlay,1.1284753422649252
2018-11-05,baseline_no_overlay,1.1288187172602775
2018-11-06,baseline_no_overlay,1.1268827773108736
2018-11-07,baseline_no_overlay,1.1268900037785021
2018-11-08,baseline_no_overlay,1.1288906908886231
2018-11-09,baseline_no_overlay,1.1230628458555403
2018-11-12,baseline_no_overlay,1.1247180525912863
2018-11-13,baseline_no_overlay,1.1186757860624592
2018-11-14,baseline_no_overlay,1.116696948174296
2018-11-15,baseline_no_overlay,1.1150750460214394
2018-11-16,baseline_no_overlay,1.115509934945487
2018-11-19,baseline_no_overlay,1.1231406736779266
2018-11-20,baseline_no_overlay,1.1245034674151122
2018-11-21,baseline_no_overlay,1.1262005194479088
2018-11-22,baseline_no_overlay,1.1270987981120035
2018-11-23,baseline_no_overlay,1.124031406427712
2018-11-26,baseline_no_overlay,1.125381414527362
2018-11-27,baseline_no_overlay,1.1263293646918475
2018-11-28,baseline_no_overlay,1.129616764835514
2018-11-29,baseline_no_overlay,1.127948341813849
2018-11-30,baseline_no_overlay,1.1278068119878288
2018-12-03,baseline_no_overlay,1.139234862722607
2018-12-04,baseline_no_overlay,1.1429553414033569
2018-12-05,baseline_no_overlay,1.1420445964393509
2018-12-06,baseline_no_overlay,1.1408460748951526
2018-12-07,baseline_no_overlay,1.1426918207514567
2018-12-10,baseline_no_overlay,1.1413555352034204
2018-12-11,baseline_no_overlay,1.1407123275952833
2018-12-12,baseline_no_overlay,1.143936367343284
2018-12-13,baseline_no_overlay,1.1433736179783163
2018-12-14,baseline_no_overlay,1.1393620371590196
2018-12-17,baseline_no_overlay,1.1309382775324375
2018-12-18,baseline_no_overlay,1.128044350717255
2018-12-19,baseline_no_overlay,1.124370189930282
2018-12-20,baseline_no_overlay,1.1239115658983378
2018-12-21,baseline_no_overlay,1.1212580803880379
2018-12-24,baseline_no_overlay,1.119640196811341
2018-12-25,baseline_no_overlay,1.1150498350855007
2018-12-26,baseline_no_overlay,1.1121879109783628
2018-12-27,baseline_no_overlay,1.116024058942526
2018-12-28,baseline_no_overlay,1.1122733530687419
2019-01-02,baseline_no_overlay,1.1119150202363888
2019-01-03,baseline_no_overlay,1.1056332661885913
2019-01-04,baseline_no_overlay,1.106829904663989
2019-01-07,baseline_no_overlay,1.1109641165857407
2019-01-08,baseline_no_overlay,1.1098609789753924
2019-01-09,baseline_no_overlay,1.1142918282738068
2019-01-10,baseline_no_overlay,1.1149171836409728
2019-01-11,baseline_no_overlay,1.1170955384152146
2019-01-14,baseline_no_overlay,1.1166450176499283
2019-01-15,baseline_no_overlay,1.1203821659790947
2019-01-16,baseline_no_overlay,1.1198379417056412
2019-01-17,baseline_no_overlay,1.1165713690604364
2019-01-18,baseline_no_overlay,1.116733182460682
2019-01-21,baseline_no_overlay,1.1207236888394536
2019-01-22,baseline_no_overlay,1.1183634800091502
2019-01-23,baseline_no_overlay,1.1190713888033426
2019-01-24,baseline_no_overlay,1.119350679025911
2019-01-25,baseline_no_overlay,1.1193790464659246
2019-01-28,baseline_no_overlay,1.1209920632541954
2019-01-29,baseline_no_overlay,1.1228855723899003
2019-01-30,baseline_no_overlay,1.1228128001247921
2019-01-31,baseline_no_overlay,1.1200906159411665
2019-02-01,baseline_no_overlay,1.1190896494863347
2019-02-11,baseline_no_overlay,1.1275990510343956
2019-02-12,baseline_no_overlay,1.1337837432445594
2019-02-13,baseline_no_overlay,1.1381094577750355
2019-02-14,baseline_no_overlay,1.1421360543738348
2019-02-15,baseline_no_overlay,1.1413146293618905
2019-02-18,baseline_no_overlay,1.1468237370652885
2019-02-19,baseline_no_overlay,1.1484968884878035
2019-02-20,baseline_no_overlay,1.1518710351899006
2019-02-21,baseline_no_overlay,1.16099756324458
2019-02-22,baseline_no_overlay,1.1617285046874524
2019-02-25,baseline_no_overlay,1.1648024946969437
2019-02-26,baseline_no_overlay,1.1607481921854323
2019-02-27,baseline_no_overlay,1.1623615049154494
2019-02-28,baseline_no_overlay,1.1496269923874276
2019-03-01,baseline_no_overlay,1.1566890779220038
2019-03-04,baseline_no_overlay,1.1644645186069216
2019-03-05,baseline_no_overlay,1.163581176322407
2019-03-06,baseline_no_overlay,1.164646454086104
2019-03-07,baseline_no_overlay,1.1643849062268423
2019-03-08,baseline_no_overlay,1.1598200906016232
2019-03-11,baseline_no_overlay,1.1594719562415434
2019-03-12,baseline_no_overlay,1.1675257986155598
2019-03-13,baseline_no_overlay,1.1696606401370155
2019-03-14,baseline_no_overlay,1.1712224881364341
2019-03-15,baseline_no_overlay,1.1689937904294547
2019-03-18,baseline_no_overlay,1.1727637936310384
2019-03-19,baseline_no_overlay,1.1701692655040599
2019-03-20,baseline_no_overlay,1.168123947590688
2019-03-21,baseline_no_overlay,1.1584692507800494
2019-03-22,baseline_no_overlay,1.161496710464986
2019-03-25,baseline_no_overlay,1.1524384941580383
2019-03-26,baseline_no_overlay,1.1522850126120012
2019-03-27,baseline_no_overlay,1.1550782512601732
2019-03-28,baseline_no_overlay,1.1583363572092507
2019-03-29,baseline_no_overlay,1.1572307797008432
2019-04-01,baseline_no_overlay,1.1606393226887415
2019-04-02,baseline_no_overlay,1.15921220063305
2019-04-03,baseline_no_overlay,1.1585473081007485
2019-04-04,baseline_no_overlay,1.1596634173793179
2019-04-05,baseline_no_overlay,1.1607204191557683
2019-04-08,baseline_no_overlay,1.1645040237549007
2019-04-09,baseline_no_overlay,1.160043835963971
2019-04-10,baseline_no_overlay,1.1570771133330475
2019-04-11,baseline_no_overlay,1.1587733672896237
2019-04-12,baseline_no_overlay,1.1574016091298824
2019-04-16,baseline_no_overlay,1.1549577776709443
2019-04-17,baseline_no_overlay,1.152827499194196
2019-04-18,baseline_no_overlay,1.148949307921126
2019-04-19,baseline_no_overlay,1.1504227525777984
2019-04-22,baseline_no_overlay,1.1502505750909273
2019-04-23,baseline_no_overlay,1.1511508691148993
2019-04-24,baseline_no_overlay,1.155017438531162
2019-04-25,baseline_no_overlay,1.1536887434721104
2019-04-26,baseline_no_overlay,1.156141142097956
2019-05-02,baseline_no_overlay,1.1555681932203288
2019-05-03,baseline_no_overlay,1.153529521634292
2019-05-06,baseline_no_overlay,1.1463243744403797
2019-05-07,baseline_no_overlay,1.1461298534407143
2019-05-08,baseline_no_overlay,1.1434501133408879
2019-05-09,baseline_no_overlay,1.141750952630671
2019-05-10,baseline_no_overlay,1.1438999944913444
2019-05-13,baseline_no_overlay,1.1463846309180163
2019-05-14,baseline_no_overlay,1.14942841413141
2019-05-15,baseline_no_overlay,1.1543284400580593
2019-05-16,baseline_no_overlay,1.1543478839386456
2019-05-17,baseline_no_overlay,1.1547084212198067
2019-05-20,baseline_no_overlay,1.1598242491306685
2019-05-21,baseline_no_overlay,1.1593629787081272
2019-05-22,baseline_no_overlay,1.1581394244956595
2019-05-23,baseline_no_overlay,1.1576290028884142
2019-05-24,baseline_no_overlay,1.1515521021371864
2019-05-27,baseline_no_overlay,1.1537895200181836
2019-05-28,baseline_no_overlay,1.152308529063854
2019-05-29,baseline_no_overlay,1.152086371401615
2019-05-30,baseline_no_overlay,1.151101858015962
2019-05-31,baseline_no_overlay,1.1469434282120832
2019-06-03,baseline_no_overlay,1.1412174562063873
2019-06-04,baseline_no_overlay,1.1431284423371184
2019-06-05,baseline_no_overlay,1.14319789737221
2019-06-06,baseline_no_overlay,1.141752115924138
2019-06-07,baseline_no_overlay,1.146225620298865
2019-06-10,baseline_no_overlay,1.1483780347985857
2019-06-11,baseline_no_overlay,1.1479466234971545
2019-06-12,baseline_no_overlay,1.144199281078458
2019-06-13,baseline_no_overlay,1.1423559760747939
2019-06-14,baseline_no_overlay,1.143950590580393
2019-06-17,baseline_no_overlay,1.1408555288208828
2019-06-18,baseline_no_overlay,1.1395173713601587
2019-06-19,baseline_no_overlay,1.142015119031742
2019-06-20,baseline_no_overlay,1.1463886113613213
2019-06-21,baseline_no_overlay,1.1463712945632747
2019-06-24,baseline_no_overlay,1.1481333284080442
2019-06-25,baseline_no_overlay,1.1467745021207267
2019-06-26,baseline_no_overlay,1.1462791649021409
2019-06-27,baseline_no_overlay,1.1386527472652181
2019-06-28,baseline_no_overlay,1.1415878015662866
2019-07-01,baseline_no_overlay,1.1489800725692028
2019-07-02,baseline_no_overlay,1.1470265893200198
2019-07-03,baseline_no_overlay,1.1462236249394544
2019-07-04,baseline_no_overlay,1.1521717195963779
2019-07-05,baseline_no_overlay,1.1533130466284365
2019-07-08,baseline_no_overlay,1.148717818888868
2019-07-09,baseline_no_overlay,1.1499502385671934
2019-07-10,baseline_no_overlay,1.15221353402474
2019-07-11,baseline_no_overlay,1.1546974393075429
2019-07-12,baseline_no_overlay,1.1530820771492163
2019-07-15,baseline_no_overlay,1.1517086499591689
2019-07-16,baseline_no_overlay,1.1561507972190919
2019-07-17,baseline_no_overlay,1.1563402360896853
2019-07-18,baseline_no_overlay,1.1530885184391881
2019-07-19,baseline_no_overlay,1.1558941332446775
2019-07-22,baseline_no_overlay,1.1557088413825998
2019-07-23,baseline_no_overlay,1.1592595435823216
2019-07-24,baseline_no_overlay,1.1586968042367427
2019-07-25,baseline_no_overlay,1.1618505265049215
2019-07-26,baseline_no_overlay,1.1610130329759738
2019-07-29,baseline_no_overlay,1.1631687369083537
2019-07-30,baseline_no_overlay,1.1570028971914545
2019-07-31,baseline_no_overlay,1.1595486300131062
2019-08-01,baseline_no_overlay,1.1623110707948359
2019-08-02,baseline_no_overlay,1.159019731697469
2019-08-05,baseline_no_overlay,1.1505878936853398
2019-08-06,baseline_no_overlay,1.146742601870409
2019-08-07,baseline_no_overlay,1.1473358437389058
2019-08-08,baseline_no_overlay,1.1515728366202276
2019-08-09,baseline_no_overlay,1.1511079933650665
2019-08-12,baseline_no_overlay,1.151516620852713
2019-08-13,baseline_no_overlay,1.1475266071072856
2019-08-14,baseline_no_overlay,1.1484147221475913
2019-08-15,baseline_no_overlay,1.1531135843821982
2019-08-16,baseline_no_overlay,1.15337117822329
2019-08-19,baseline_no_overlay,1.1538911290145497
2019-08-20,baseline_no_overlay,1.1557153270224485
2019-08-21,baseline_no_overlay,1.1607063683272474
2019-08-22,baseline_no_overlay,1.1622105136422514
2019-08-23,baseline_no_overlay,1.1597331823183081
2019-08-26,baseline_no_overlay,1.1552557012294749
2019-08-27,baseline_no_overlay,1.1524758985897043
2019-08-28,baseline_no_overlay,1.15266592840298
2019-08-29,baseline_no_overlay,1.153251782644222
2019-08-30,baseline_no_overlay,1.155776222216303
2019-09-03,baseline_no_overlay,1.1535312193296092
2019-09-04,baseline_no_overlay,1.152725731597622
2019-09-05,baseline_no_overlay,1.1523460477069547
2019-09-06,baseline_no_overlay,1.1511536059067655
2019-09-09,baseline_no_overlay,1.151170819684596
2019-09-10,baseline_no_overlay,1.1493539523650242
2019-09-11,baseline_no_overlay,1.148912630107515
2019-09-12,baseline_no_overlay,1.151906564696078
2019-09-13,baseline_no_overlay,1.1572264197554425
2019-09-16,baseline_no_overlay,1.1585600207765747
2019-09-17,baseline_no_overlay,1.1619592027956689
2019-09-18,baseline_no_overlay,1.1610533209003082
2019-09-19,baseline_no_overlay,1.1619803196451335
2019-09-20,baseline_no_overlay,1.1585515974746163
2019-09-23,baseline_no_overlay,1.1563774946337448
2019-09-24,baseline_no_overlay,1.1574403746587514
2019-09-25,baseline_no_overlay,1.1570313925578763
2019-09-26,baseline_no_overlay,1.1586493259034567
2019-09-27,baseline_no_overlay,1.1620487498292729
2019-09-30,baseline_no_overlay,1.1613909534909548
2019-10-01,baseline_no_overlay,1.1628450408451414
2019-10-02,baseline_no_overlay,1.158388912496941
2019-10-03,baseline_no_overlay,1.1589248405520836
2019-10-04,baseline_no_overlay,1.1564791280231115
2019-10-07,baseline_no_overlay,1.154391092975803
2019-10-08,baseline_no_overlay,1.1567281276663577
2019-10-09,baseline_no_overlay,1.1564951055746275
2019-10-10,baseline_no_overlay,1.156266838220212
2019-10-11,baseline_no_overlay,1.158408467659432
2019-10-14,baseline_no_overlay,1.1592651739830468
2019-10-15,baseline_no_overlay,1.1589880460728947
2019-10-16,baseline_no_overlay,1.1596850658301354
2019-10-17,baseline_no_overlay,1.1572754160770615
2019-10-18,baseline_no_overlay,1.1569411186745833
2019-10-21,baseline_no_overlay,1.154192526936615
2019-10-22,baseline_no_overlay,1.15586501994665
2019-10-23,baseline_no_overlay,1.156130919662851
2019-10-24,baseline_no_overlay,1.1590487491277266
2019-10-25,baseline_no_overlay,1.1605952013429526
2019-10-28,baseline_no_overlay,1.1605388628888185
2019-10-29,baseline_no_overlay,1.1602006227099741
2019-10-30,baseline_no_overlay,1.1627109482405447
2019-10-31,baseline_no_overlay,1.161627488180209
2019-11-01,baseline_no_overlay,1.1699695054854427
2019-11-04,baseline_no_overlay,1.1735775922951812
2019-11-05,baseline_no_overlay,1.174573313911039
2019-11-06,baseline_no_overlay,1.1748707073920768
2019-11-07,baseline_no_overlay,1.174404970597351
2019-11-08,baseline_no_overlay,1.1736105956757765
2019-11-11,baseline_no_overlay,1.1707729855474747
2019-11-12,baseline_no_overlay,1.1715019346543292
2019-11-13,baseline_no_overlay,1.1687463848277866
2019-11-14,baseline_no_overlay,1.1685044999733394
2019-11-15,baseline_no_overlay,1.1674286322504295
2019-11-18,baseline_no_overlay,1.1640951742389833
2019-11-19,baseline_no_overlay,1.1664960500775206
2019-11-20,baseline_no_overlay,1.162593921621436
2019-11-21,baseline_no_overlay,1.1566870758683603
2019-11-22,baseline_no_overlay,1.1521248380590636
2019-11-25,baseline_no_overlay,1.1514406571580504
2019-11-26,baseline_no_overlay,1.1516375959463099
2019-11-27,baseline_no_overlay,1.152273503569682
2019-11-28,baseline_no_overlay,1.1486246038172971
2019-11-29,baseline_no_overlay,1.1487691122857373
2019-12-02,baseline_no_overlay,1.1434024888014167
2019-12-03,baseline_no_overlay,1.1407112816518084
2019-12-04,baseline_no_overlay,1.1463065738548766
2019-12-05,baseline_no_overlay,1.1449031591149645
2019-12-06,baseline_no_overlay,1.145012878173713
2019-12-09,baseline_no_overlay,1.146221846824984
2019-12-10,baseline_no_overlay,1.143236127954621
2019-12-11,baseline_no_overlay,1.14387783085538
2019-12-12,baseline_no_overlay,1.146985620202657
2019-12-13,baseline_no_overlay,1.1459537880091981
2019-12-16,baseline_no_overlay,1.1437043166858314
2019-12-17,baseline_no_overlay,1.1402970886019672
2019-12-18,baseline_no_overlay,1.1389954686213841
2019-12-19,baseline_no_overlay,1.1394635966858855
2019-12-20,baseline_no_overlay,1.1412984425939583
2019-12-23,baseline_no_overlay,1.142663188760622
2019-12-24,baseline_no_overlay,1.1423782286211615
2019-12-25,baseline_no_overlay,1.1433533492186203
2019-12-26,baseline_no_overlay,1.142181562266005
2019-12-27,baseline_no_overlay,1.1444386685104604
2019-12-30,baseline_no_overlay,1.1451741138894882
2019-12-31,baseline_no_overlay,1.143107437419874
2020-01-02,baseline_no_overlay,1.1459087419706284
2020-01-03,baseline_no_overlay,1.145069162236473
2020-01-06,baseline_no_overlay,1.1403681669312624
2020-01-07,baseline_no_overlay,1.1417235984952092
2020-01-08,baseline_no_overlay,1.1368856120270252
2020-01-09,baseline_no_overlay,1.1419080329026976
2020-01-10,baseline_no_overlay,1.145986742870947
2020-01-13,baseline_no_overlay,1.1445667464148572
2020-01-14,baseline_no_overlay,1.1451296238227777
2020-01-15,baseline_no_overlay,1.145406978264816
2020-01-16,baseline_no_overlay,1.1489851439600638
2020-01-17,baseline_no_overlay,1.151482955722615
2020-01-20,baseline_no_overlay,1.1513050180267559
2020-01-21,baseline_no_overlay,1.155419384980336
2020-01-22,baseline_no_overlay,1.1582205388257574
2020-01-30,baseline_no_overlay,1.1403237136355837
2020-01-31,baseline_no_overlay,1.129089296197063
2020-02-03,baseline_no_overlay,1.1249035934137481
2020-02-04,baseline_no_overlay,1.1253735490207548
2020-02-05,baseline_no_overlay,1.1237773962886253
2020-02-06,baseline_no_overlay,1.129934227985192
2020-02-07,baseline_no_overlay,1.1310609366495725
2020-02-10,baseline_no_overlay,1.1258811542574323
2020-02-11,baseline_no_overlay,1.1277989185044095
2020-02-12,baseline_no_overlay,1.1293153899962198
2020-02-13,baseline_no_overlay,1.1295933291483058
2020-02-14,baseline_no_overlay,1.1291754912442888
2020-02-17,baseline_no_overlay,1.1278332032498113
2020-02-18,baseline_no_overlay,1.1244965030995357
2020-02-19,baseline_no_overlay,1.1248559779543197
2020-02-20,baseline_no_overlay,1.1292525140364937
2020-02-21,baseline_no_overlay,1.126586010381997
2020-02-24,baseline_no_overlay,1.1126782771891102
2020-02-25,baseline_no_overlay,1.1158646207434149
2020-02-26,baseline_no_overlay,1.1084915223249605
2020-02-27,baseline_no_overlay,1.109662413650473
2020-02-28,baseline_no_overlay,1.1014808543711105
2020-03-02,baseline_no_overlay,1.1026172592438996
2020-03-03,baseline_no_overlay,1.1057694970547782
2020-03-04,baseline_no_overlay,1.105109566985066
2020-03-05,baseline_no_overlay,1.1071289212210575
2020-03-06,baseline_no_overlay,1.1061561625085907
2020-03-09,baseline_no_overlay,1.0764880926589304
2020-03-10,baseline_no_overlay,1.0775222145677175
2020-03-11,baseline_no_overlay,1.0629554985047012
2020-03-12,baseline_no_overlay,1.0389878286377576
2020-03-13,baseline_no_overlay,1.0347319909174268
2020-03-16,baseline_no_overlay,1.0266212696925516
2020-03-17,baseline_no_overlay,1.0253830398977681
2020-03-18,baseline_no_overlay,1.0264766945279098
2020-03-19,baseline_no_overlay,1.0133670924428995
2020-03-20,baseline_no_overlay,1.0035998543640314
2020-03-23,baseline_no_overlay,0.9781894394939068
2020-03-24,baseline_no_overlay,0.9737827733786217
2020-03-25,baseline_no_overlay,0.9916302097529044
2020-03-26,baseline_no_overlay,0.9940218039245214
2020-03-27,baseline_no_overlay,0.9951209563929336
2020-03-30,baseline_no_overlay,0.9738077769489984
2020-03-31,baseline_no_overlay,0.973931099066264
2020-04-01,baseline_no_overlay,0.9849021479981627
2020-04-03,baseline_no_overlay,0.9985696260330743
2020-04-06,baseline_no_overlay,1.0200923086800955
2020-04-07,baseline_no_overlay,1.0259865589387702
2020-04-08,baseline_no_overlay,1.0267772872056882
2020-04-09,baseline_no_overlay,1.0343267720899265
2020-04-10,baseline_no_overlay,1.0328779701978026
2020-04-13,baseline_no_overlay,1.0374147279874917
2020-04-14,baseline_no_overlay,1.0383633782126176
2020-04-15,baseline_no_overlay,1.044356046365326
2020-04-16,baseline_no_overlay,1.0464395388984709
2020-04-17,baseline_no_overlay,1.0518507963846628
2020-04-20,baseline_no_overlay,1.0550948534151827
2020-04-21,baseline_no_overlay,1.0373525860427812
2020-04-22,baseline_no_overlay,1.0385552140311172
2020-04-23,baseline_no_overlay,1.041590713160005
2020-04-24,baseline_no_overlay,1.043273213000855
2020-04-27,baseline_no_overlay,1.039568988341181
2020-04-28,baseline_no_overlay,1.037541999446312
2020-04-29,baseline_no_overlay,1.0385781807573546
2020-05-04,baseline_no_overlay,1.0349993511784041
2020-05-05,baseline_no_overlay,1.0358456395035796
2020-05-06,baseline_no_overlay,1.0455298461306708
2020-05-07,baseline_no_overlay,1.053644288006398
2020-05-08,baseline_no_overlay,1.0637812907586996
2020-05-11,baseline_no_overlay,1.0722990179574585
2020-05-12,baseline_no_overlay,1.0765770760004725
2020-05-13,baseline_no_overlay,1.0758960401098128
2020-05-14,baseline_no_overlay,1.0748224128738566
2020-05-15,baseline_no_overlay,1.0718612907151475
2020-05-18,baseline_no_overlay,1.0770481310855817
2020-05-19,baseline_no_overlay,1.0819755198983754
2020-05-20,baseline_no_overlay,1.085872310062172
2020-05-21,baseline_no_overlay,1.0915652219663796
2020-05-22,baseline_no_overlay,1.085595388453293
2020-05-25,baseline_no_overlay,1.088915287147646
2020-05-26,baseline_no_overlay,1.0947332525701388
2020-05-27,baseline_no_overlay,1.0877392861018353
2020-05-28,baseline_no_overlay,1.0898240453454677
2020-05-29,baseline_no_overlay,1.0915386205520419
2020-06-01,baseline_no_overlay,1.0996810992860038
2020-06-02,baseline_no_overlay,1.0971799466552818
2020-06-03,baseline_no_overlay,1.10080093275124
2020-06-04,baseline_no_overlay,1.102419609308701
2020-06-05,baseline_no_overlay,1.103712652876965
2020-06-08,baseline_no_overlay,1.1115565741999858
2020-06-09,baseline_no_overlay,1.1108049277850176
2020-06-10,baseline_no_overlay,1.1114870979626956
2020-06-11,baseline_no_overlay,1.0925822362016602
2020-06-12,baseline_no_overlay,1.0905049927920039
2020-06-15,baseline_no_overlay,1.073623919872892
2020-06-16,baseline_no_overlay,1.0858112788184444
2020-06-17,baseline_no_overlay,1.0848384722161113
2020-06-18,baseline_no_overlay,1.0852723951362597
2020-06-19,baseline_no_overlay,1.0925931891601723
2020-06-22,baseline_no_overlay,1.0941527541416076
2020-06-23,baseline_no_overlay,1.092363929224146
2020-06-24,baseline_no_overlay,1.087520230748846
2020-06-25,baseline_no_overlay,1.084718665161318
2020-06-26,baseline_no_overlay,1.0833302681593782
2020-06-29,baseline_no_overlay,1.0715006008144312
2020-06-30,baseline_no_overlay,1.0693449986135022
2020-07-01,baseline_no_overlay,1.0786287354666981
2020-07-02,baseline_no_overlay,1.0779561701591518
2020-07-03,baseline_no_overlay,1.0806818596578491
2020-07-06,baseline_no_overlay,1.0878752455957765
2020-07-07,baseline_no_overlay,1.08913382793388
2020-07-08,baseline_no_overlay,1.0897282073203545
2020-07-09,baseline_no_overlay,1.0962456278886297
2020-07-10,baseline_no_overlay,1.0932845772247757
2020-07-13,baseline_no_overlay,1.091947124184372
2020-07-14,baseline_no_overlay,1.0916206019089807
2020-07-15,baseline_no_overlay,1.0925177152446048
2020-07-16,baseline_no_overlay,1.0958841098033851
2020-07-17,baseline_no_overlay,1.0933894805457194
2020-07-20,baseline_no_overlay,1.0883874443600186
2020-07-21,baseline_no_overlay,1.088503677423936
2020-07-22,baseline_no_overlay,1.0853501890557333
2020-07-23,baseline_no_overlay,1.0860778572225598
2020-07-24,baseline_no_overlay,1.0730789148439666
2020-07-27,baseline_no_overlay,1.0519177232790249
2020-07-28,baseline_no_overlay,1.0660041219721585
2020-07-29,baseline_no_overlay,1.0540669422732882
2020-07-30,baseline_no_overlay,1.0593576318332412
2020-07-31,baseline_no_overlay,1.057929409245307
2020-08-03,baseline_no_overlay,1.0662118540432806
2020-08-04,baseline_no_overlay,1.073299244367153
2020-08-05,baseline_no_overlay,1.0790397437589014
2020-08-06,baseline_no_overlay,1.0803062934752343
2020-08-07,baseline_no_overlay,1.0811080567488713
2020-08-10,baseline_no_overlay,1.0820895743530374
2020-08-11,baseline_no_overlay,1.082012268052098
2020-08-12,baseline_no_overlay,1.0841022857357498
2020-08-13,baseline_no_overlay,1.0884192720746926
2020-08-14,baseline_no_overlay,1.0860163725776426
2020-08-17,baseline_no_overlay,1.085681761817286
2020-08-18,baseline_no_overlay,1.0837251737555784
2020-08-19,baseline_no_overlay,1.086159362213718
2020-08-20,baseline_no_overlay,1.0845673662461306
2020-08-21,baseline_no_overlay,1.0878750965916086
2020-08-24,baseline_no_overlay,1.0952434092601366
2020-08-25,baseline_no_overlay,1.0982801087299177
2020-08-26,baseline_no_overlay,1.0979119270883146
2020-08-27,baseline_no_overlay,1.098553526827004
2020-08-28,baseline_no_overlay,1.1008443133702488
2020-08-31,baseline_no_overlay,1.102282196853393
2020-09-01,baseline_no_overlay,1.1077133628594198
2020-09-03,baseline_no_overlay,1.114477972027653
2020-09-04,baseline_no_overlay,1.113146105182731
2020-09-07,baseline_no_overlay,1.1062165048739194
2020-09-08,baseline_no_overlay,1.1071089840814676
2020-09-09,baseline_no_overlay,1.106687683958702
2020-09-10,baseline_no_overlay,1.1064306919446807
2020-09-11,baseline_no_overlay,1.1064903826760764
2020-09-14,baseline_no_overlay,1.1091457791231374
2020-09-15,baseline_no_overlay,1.109968992081219
2020-09-16,baseline_no_overlay,1.1105547654344097
2020-09-17,baseline_no_overlay,1.1088220093729886
2020-09-18,baseline_no_overlay,1.1121160960049143
2020-09-21,baseline_no_overlay,1.1155720068724788
2020-09-22,baseline_no_overlay,1.1146535369693364
2020-09-23,baseline_no_overlay,1.1177152276945692
2020-09-24,baseline_no_overlay,1.115760028055711
2020-09-25,baseline_no_overlay,1.1155942763477489
2020-09-28,baseline_no_overlay,1.1176155001698593
2020-09-29,baseline_no_overlay,1.113363762845647
2020-09-30,baseline_no_overlay,1.1139269148279516
2020-10-01,baseline_no_overlay,1.1182570363823052
2020-10-02,baseline_no_overlay,1.1159360765294637
2020-10-05,baseline_no_overlay,1.1182613822651721
2020-10-06,baseline_no_overlay,1.1187520382987963
2020-10-07,baseline_no_overlay,1.12080426401789
2020-10-08,baseline_no_overlay,1.1203332870769118
2020-10-09,baseline_no_overlay,1.1228857236668897
2020-10-12,baseline_no_overlay,1.1238204048500944
2020-10-13,baseline_no_overlay,1.125941896816289
2020-10-14,baseline_no_overlay,1.131351050061455
2020-10-15,baseline_no_overlay,1.132704965120281
2020-10-16,baseline_no_overlay,1.132965361519836
2020-10-19,baseline_no_overlay,1.1331612263397735
2020-10-20,baseline_no_overlay,1.1335216684430747
2020-10-21,baseline_no_overlay,1.1306368894492156
2020-10-22,baseline_no_overlay,1.1358176474394117
2020-10-23,baseline_no_overlay,1.1418194315456305
2020-10-26,baseline_no_overlay,1.1361611798559847
2020-10-27,baseline_no_overlay,1.1340030264964787
2020-10-28,baseline_no_overlay,1.121873245903752
2020-10-29,baseline_no_overlay,1.1209327291354176
2020-10-30,baseline_no_overlay,1.124047894037075
2020-11-02,baseline_no_overlay,1.1281663452001403
2020-11-03,baseline_no_overlay,1.1290510837474828
2020-11-04,baseline_no_overlay,1.1312424459033528
2020-11-05,baseline_no_overlay,1.1301739019141475
2020-11-06,baseline_no_overlay,1.130399855726326
2020-11-09,baseline_no_overlay,1.1371386351712816
2020-11-10,baseline_no_overlay,1.1370424887376125
2020-11-11,baseline_no_overlay,1.1371733864379154
2020-11-12,baseline_no_overlay,1.1406589498711472
2020-11-13,baseline_no_overlay,1.1442845496626641
2020-11-16,baseline_no_overlay,1.1361182051276073
2020-11-17,baseline_no_overlay,1.1446884148612912
2020-11-18,baseline_no_overlay,1.1470328175585145
2020-11-19,baseline_no_overlay,1.152047754602926
2020-11-20,baseline_no_overlay,1.155519989121486
2020-11-23,baseline_no_overlay,1.1576957780991528
2020-11-24,baseline_no_overlay,1.1584993242796258
2020-11-25,baseline_no_overlay,1.1606773380397453
2020-11-26,baseline_no_overlay,1.1637298034983259
2020-11-27,baseline_no_overlay,1.1659652554588722
2020-11-30,baseline_no_overlay,1.162220568403755
2020-12-01,baseline_no_overlay,1.164950719158244
2020-12-02,baseline_no_overlay,1.167751090900593
2020-12-03,baseline_no_overlay,1.170402446074852
2020-12-04,baseline_no_overlay,1.1712385135928585
2020-12-07,baseline_no_overlay,1.1753655398807543
2020-12-08,baseline_no_overlay,1.1749609327504196
2020-12-09,baseline_no_overlay,1.1795594681202524
2020-12-10,baseline_no_overlay,1.1753179438170749
2020-12-11,baseline_no_overlay,1.1818881742085576
2020-12-14,baseline_no_overlay,1.190727082628803
2020-12-15,baseline_no_overlay,1.186038021254781
2020-12-16,baseline_no_overlay,1.1916614104066974
2020-12-17,baseline_no_overlay,1.183961123093135
2020-12-18,baseline_no_overlay,1.191224847743035
2020-12-21,baseline_no_overlay,1.1977835079751662
2020-12-22,baseline_no_overlay,1.1989682214755062
2020-12-23,baseline_no_overlay,1.1966072063477031
2020-12-24,baseline_no_overlay,1.1911518201645945
2020-12-25,baseline_no_overlay,1.1989230147580028
2020-12-28,baseline_no_overlay,1.2023420420715847
2020-12-29,baseline_no_overlay,1.2064374099702937
2020-12-30,baseline_no_overlay,1.205466337218624
2020-12-31,baseline_no_overlay,1.2084106857250594
2021-01-04,baseline_no_overlay,1.2162002657314424
2021-01-05,baseline_no_overlay,1.2222355543377847
2021-01-06,baseline_no_overlay,1.227647493461695
2021-01-07,baseline_no_overlay,1.2344166882018568
2021-01-08,baseline_no_overlay,1.2402306253588142
2021-01-11,baseline_no_overlay,1.2489745572024304
2021-01-12,baseline_no_overlay,1.2526960262882254
2021-01-13,baseline_no_overlay,1.249537919986659
2021-01-14,baseline_no_overlay,1.2501151793938894
2021-01-15,baseline_no_overlay,1.2533579024653094
2021-01-18,baseline_no_overlay,1.2522877157857313
2021-01-19,baseline_no_overlay,1.2256156789397237
2021-01-20,baseline_no_overlay,1.2272648008791416
2021-01-21,baseline_no_overlay,1.241275860106506
2021-01-22,baseline_no_overlay,1.2425693848469335
2021-01-25,baseline_no_overlay,1.2421727322463927
2021-01-26,baseline_no_overlay,1.227554697928632
2021-01-27,baseline_no_overlay,1.2088332345642252
2021-01-28,baseline_no_overlay,1.1747070199761551
2021-01-29,baseline_no_overlay,1.1891443850233976
2021-02-01,baseline_no_overlay,1.179388183564905
2021-02-02,baseline_no_overlay,1.1976821048757216
2021-02-03,baseline_no_overlay,1.2142862152675884
2021-02-04,baseline_no_overlay,1.2146899203843766
2021-02-05,baseline_no_overlay,1.2214967162930854
2021-02-08,baseline_no_overlay,1.2002371523496866
2021-02-09,baseline_no_overlay,1.2146481942539722
2021-02-17,baseline_no_overlay,1.2341543584973522
2021-02-18,baseline_no_overlay,1.243281049710601
2021-02-19,baseline_no_overlay,1.2428125697552
2021-02-22,baseline_no_overlay,1.2434673505621348
2021-02-23,baseline_no_overlay,1.2446859343463226
2021-02-24,baseline_no_overlay,1.2370625019277413
2021-02-25,baseline_no_overlay,1.2385796144158543
2021-02-26,baseline_no_overlay,1.2399767418957426
2021-03-01,baseline_no_overlay,1.2481579816653368
2021-03-02,baseline_no_overlay,1.2483446926046358
2021-03-03,baseline_no_overlay,1.2484781016729831
2021-03-04,baseline_no_overlay,1.2399657150660708
2017-03-14,baseline_risk_overlay,1.0
2017-03-15,baseline_risk_overlay,0.9992743315756868
2017-03-16,baseline_risk_overlay,0.9994226894919711
2017-03-17,baseline_risk_overlay,0.9978879311301196
2017-03-20,baseline_risk_overlay,0.9992020248353788
2017-03-21,baseline_risk_overlay,0.9995360193956638
2017-03-22,baseline_risk_overlay,0.9984822473868225
2017-03-23,baseline_risk_overlay,0.9993697636529616
2017-03-24,baseline_risk_overlay,0.9997856463123725
2017-03-27,baseline_risk_overlay,1.0000143697554593
2017-03-28,baseline_risk_overlay,0.999306626987586
2017-03-29,baseline_risk_overlay,0.9994844896701445
2017-03-30,baseline_risk_overlay,1.0000154827823504
2017-03-31,baseline_risk_overlay,0.9997604384534354
2017-04-03,baseline_risk_overlay,0.9997642091836342
2017-04-04,baseline_risk_overlay,1.0000340919902382
2017-04-05,baseline_risk_overlay,0.9998805718426046
2017-04-07,baseline_risk_overlay,1.0005862349416508
2017-04-10,baseline_risk_overlay,1.0008883655425174
2017-04-11,baseline_risk_overlay,1.0011218331296035
2017-04-12,baseline_risk_overlay,1.0001795395542687
2017-04-13,baseline_risk_overlay,0.9999842120835302
2017-04-14,baseline_risk_overlay,0.9991142766022174
2017-04-17,baseline_risk_overlay,0.9979924681161744
2017-04-18,baseline_risk_overlay,0.9985658507237969
2017-04-19,baseline_risk_overlay,0.9988415024433138
2017-04-20,baseline_risk_overlay,0.9981933098121943
2017-04-21,baseline_risk_overlay,0.998147572100555
2017-04-24,baseline_risk_overlay,0.9977047294043443
2017-04-25,baseline_risk_overlay,0.9974457000360244
2017-04-26,baseline_risk_overlay,0.997798555400668
2017-04-27,baseline_risk_overlay,0.9987897572129832
2017-04-28,baseline_risk_overlay,0.9989778504839034
2017-05-03,baseline_risk_overlay,0.9992717590659455
2017-05-04,baseline_risk_overlay,0.9996822585148312
2017-05-05,baseline_risk_overlay,0.9993464171266109
2017-05-08,baseline_risk_overlay,0.9991617368614356
2017-05-09,baseline_risk_overlay,0.9996681618184158
2017-05-10,baseline_risk_overlay,1.0000231968207782
2017-05-11,baseline_risk_overlay,1.0001262437850447
2017-05-12,baseline_risk_overlay,1.000131540296841
2017-05-15,baseline_risk_overlay,1.000124669344743
2017-05-16,baseline_risk_overlay,1.0000224921508603
2017-05-17,baseline_risk_overlay,1.0006739343799
2017-05-18,baseline_risk_overlay,1.0006036937319416
2017-05-19,baseline_risk_overlay,1.0014886528469602
2017-05-22,baseline_risk_overlay,1.0030845997042022
2017-05-23,baseline_risk_overlay,1.00259070409322
2017-05-24,baseline_risk_overlay,1.002853014920496
2017-05-25,baseline_risk_overlay,1.0027233575829992
2017-05-26,baseline_risk_overlay,1.0029358713946799
2017-05-29,baseline_risk_overlay,1.0033523368364352
2017-05-30,baseline_risk_overlay,1.0021523987956318
2017-05-31,baseline_risk_overlay,1.0020905420672577
2017-06-01,baseline_risk_overlay,1.0026498062339513
2017-06-02,baseline_risk_overlay,1.0016285651198489
2017-06-05,baseline_risk_overlay,1.0021497061469338
2017-06-06,baseline_risk_overlay,1.003252536895205
2017-06-07,baseline_risk_overlay,1.0035707108510878
2017-06-08,baseline_risk_overlay,1.0030656618962546
2017-06-09,baseline_risk_overlay,1.0030010754963903
2017-06-12,baseline_risk_overlay,1.0031855486110859
2017-06-13,baseline_risk_overlay,1.004004274313546
2017-06-14,baseline_risk_overlay,1.0045794179841638
2017-06-15,baseline_risk_overlay,1.0045466746090363
2017-06-16,baseline_risk_overlay,1.0046434814875944
2017-06-19,baseline_risk_overlay,1.0061911043870693
2017-06-20,baseline_risk_overlay,1.0065324840442158
2017-06-21,baseline_risk_overlay,1.0063608529808616
2017-06-22,baseline_risk_overlay,1.0060375941021242
2017-06-23,baseline_risk_overlay,1.0067572704810934
2017-06-26,baseline_risk_overlay,1.0077541875536569
2017-06-27,baseline_risk_overlay,1.0063038420680182
2017-06-28,baseline_risk_overlay,1.0063791990189868
2017-06-29,baseline_risk_overlay,1.0067484555835324
2017-06-30,baseline_risk_overlay,1.0079602063152762
2017-07-03,baseline_risk_overlay,1.0086440600739808
2017-07-04,baseline_risk_overlay,1.0080636873799436
2017-07-05,baseline_risk_overlay,1.0084569781926733
2017-07-06,baseline_risk_overlay,1.0095882636224993
2017-07-07,baseline_risk_overlay,1.007605662330532
2017-07-10,baseline_risk_overlay,1.006280176171795
2017-07-11,baseline_risk_overlay,1.00664057696378
2017-07-12,baseline_risk_overlay,1.0073063898628367
2017-07-13,baseline_risk_overlay,1.0078738645685525
2017-07-14,baseline_risk_overlay,1.0077703838472971
2017-07-17,baseline_risk_overlay,1.0066099555230759
2017-07-18,baseline_risk_overlay,1.0064229688116832
2017-07-19,baseline_risk_overlay,1.0069131923125603
2017-07-20,baseline_risk_overlay,1.0065368866668312
2017-07-21,baseline_risk_overlay,1.005687757910011
2017-07-24,baseline_risk_overlay,1.0054223794467905
2017-07-25,baseline_risk_overlay,1.006381015384463
2017-07-26,baseline_risk_overlay,1.0072866497160338
2017-07-27,baseline_risk_overlay,1.006934780720613
2017-07-28,baseline_risk_overlay,1.0076693987469638
2017-07-31,baseline_risk_overlay,1.0085874681276588
2017-08-01,baseline_risk_overlay,1.0090750623357796
2017-08-02,baseline_risk_overlay,1.008986807369823
2017-08-03,baseline_risk_overlay,1.0092911887866831
2017-08-04,baseline_risk_overlay,1.0093168035900657
2017-08-07,baseline_risk_overlay,1.0104017973098416
2017-08-08,baseline_risk_overlay,1.0100112881934307
2017-08-09,baseline_risk_overlay,1.0052416562888795
2017-08-10,baseline_risk_overlay,1.0051690992072944
2017-08-11,baseline_risk_overlay,1.0048348882744331
2017-08-14,baseline_risk_overlay,1.0058289599492807
2017-08-15,baseline_risk_overlay,1.00449995367558
2017-08-16,baseline_risk_overlay,1.005102364898532
2017-08-17,baseline_risk_overlay,1.0035098918766383
2017-08-18,baseline_risk_overlay,1.003834764446081
2017-08-21,baseline_risk_overlay,1.0037814788038788
2017-08-22,baseline_risk_overlay,1.0018745271548373
2017-08-23,baseline_risk_overlay,1.0035574087873447
2017-08-24,baseline_risk_overlay,1.0044704307480083
2017-08-25,baseline_risk_overlay,1.0049663074798776
2017-08-28,baseline_risk_overlay,1.0071370408152056
2017-08-29,baseline_risk_overlay,1.005711822047036
2017-08-30,baseline_risk_overlay,1.007500975732598
2017-08-31,baseline_risk_overlay,1.0092041185817853
2017-09-01,baseline_risk_overlay,1.0117156685752795
2017-09-05,baseline_risk_overlay,1.0132348448181092
2017-09-06,baseline_risk_overlay,1.013750141419432
2017-09-07,baseline_risk_overlay,1.0151088335202454
2017-09-08,baseline_risk_overlay,1.0169702858341192
2017-09-11,baseline_risk_overlay,1.0154254183917628
2017-09-12,baseline_risk_overlay,1.0159461438460267
2017-09-13,baseline_risk_overlay,1.0169703420704106
2017-09-14,baseline_risk_overlay,1.0184122521918002
2017-09-15,baseline_risk_overlay,1.0182067767690186
2017-09-18,baseline_risk_overlay,1.0190046276380744
2017-09-19,baseline_risk_overlay,1.0182140074237587
2017-09-20,baseline_risk_overlay,1.0180720140144042
2017-09-21,baseline_risk_overlay,1.0172207037681829
2017-09-22,baseline_risk_overlay,1.0179010699417368
2017-09-25,baseline_risk_overlay,1.0174877874163333
2017-09-26,baseline_risk_overlay,1.0173055958605428
2017-09-27,baseline_risk_overlay,1.0166849978390573
2017-09-28,baseline_risk_overlay,1.0170890626464064
2017-09-29,baseline_risk_overlay,1.0169263413197158
2017-10-02,baseline_risk_overlay,1.0160680279951007
2017-10-03,baseline_risk_overlay,1.0144355249952166
2017-10-04,baseline_risk_overlay,1.0174334659553348
2017-10-05,baseline_risk_overlay,1.0172283450637172
2017-10-06,baseline_risk_overlay,1.0182493507297825
2017-10-09,baseline_risk_overlay,1.0187216898508957
2017-10-10,baseline_risk_overlay,1.0194344155712143
2017-10-11,baseline_risk_overlay,1.0212430818429807
2017-10-12,baseline_risk_overlay,1.0223513559812172
2017-10-13,baseline_risk_overlay,1.0252832738127207
2017-10-16,baseline_risk_overlay,1.024342614506309
2017-10-17,baseline_risk_overlay,1.0292380549464037
2017-10-18,baseline_risk_overlay,1.0288697053899445
2017-10-19,baseline_risk_overlay,1.0295385334594436
2017-10-20,baseline_risk_overlay,1.028353143692964
2017-10-23,baseline_risk_overlay,1.024682131772781
2017-10-24,baseline_risk_overlay,1.0273749240379777
2017-10-25,baseline_risk_overlay,1.030384960577813
2017-10-26,baseline_risk_overlay,1.0300566475695896
2017-10-27,baseline_risk_overlay,1.0355565751207525
2017-10-30,baseline_risk_overlay,1.0374409963093474
2017-10-31,baseline_risk_overlay,1.034206437797414
2017-11-01,baseline_risk_overlay,1.036246885723062
2017-11-02,baseline_risk_overlay,1.0322548305813042
2017-11-03,baseline_risk_overlay,1.0333328099764674
2017-11-06,baseline_risk_overlay,1.0340355573816502
2017-11-07,baseline_risk_overlay,1.0342521087673515
2017-11-08,baseline_risk_overlay,1.0367302348234795
2017-11-09,baseline_risk_overlay,1.036913757997695
2017-11-10,baseline_risk_overlay,1.0389346745175378
2017-11-13,baseline_risk_overlay,1.0418302797989243
2017-11-14,baseline_risk_overlay,1.0422380654375458
2017-11-15,baseline_risk_overlay,1.0426860295433007
2017-11-16,baseline_risk_overlay,1.0453842428953313
2017-11-17,baseline_risk_overlay,1.0448080825787216
2017-11-20,baseline_risk_overlay,1.0480356051936037
2017-11-21,baseline_risk_overlay,1.0519728654696434
2017-11-22,baseline_risk_overlay,1.0558710005035736
2017-11-23,baseline_risk_overlay,1.0559004764963982
2017-11-24,baseline_risk_overlay,1.056161952157481
2017-11-27,baseline_risk_overlay,1.0565876718450697
2017-11-28,baseline_risk_overlay,1.056946554922115
2017-11-29,baseline_risk_overlay,1.0584771846703822
2017-11-30,baseline_risk_overlay,1.0577036088492502
2017-12-01,baseline_risk_overlay,1.0604002690798755
2017-12-04,baseline_risk_overlay,1.0631435867996308
2017-12-05,baseline_risk_overlay,1.0583609050636842
2017-12-06,baseline_risk_overlay,1.056922759625814
2017-12-07,baseline_risk_overlay,1.05469429310064
2017-12-08,baseline_risk_overlay,1.0550228050276187
2017-12-11,baseline_risk_overlay,1.049557923614111
2017-12-12,baseline_risk_overlay,1.0516973767907196
2017-12-13,baseline_risk_overlay,1.0509808355669588
2017-12-14,baseline_risk_overlay,1.0535436358758454
2017-12-15,baseline_risk_overlay,1.053368922345687
2017-12-18,baseline_risk_overlay,1.0583368400458744
2017-12-19,baseline_risk_overlay,1.0566127021444267
2017-12-20,baseline_risk_overlay,1.0567231587692478
2017-12-21,baseline_risk_overlay,1.055835159171473
2017-12-22,baseline_risk_overlay,1.0565375254973095
2017-12-25,baseline_risk_overlay,1.0578326550700465
2017-12-26,baseline_risk_overlay,1.0596377183211607
2017-12-27,baseline_risk_overlay,1.0598518751847155
2017-12-28,baseline_risk_overlay,1.0608438535636318
2017-12-29,baseline_risk_overlay,1.0617634108338456
2018-01-02,baseline_risk_overlay,1.06312728116495
2018-01-03,baseline_risk_overlay,1.0643323222923524
2018-01-04,baseline_risk_overlay,1.0660452140960173
2018-01-05,baseline_risk_overlay,1.065159231613831
2018-01-08,baseline_risk_overlay,1.0663460887405931
2018-01-09,baseline_risk_overlay,1.067665842003409
2018-01-10,baseline_risk_overlay,1.0682456894929715
2018-01-11,baseline_risk_overlay,1.0694984242943388
2018-01-12,baseline_risk_overlay,1.069855562873657
2018-01-15,baseline_risk_overlay,1.0731332305446295
2018-01-16,baseline_risk_overlay,1.072976250735729
2018-01-17,baseline_risk_overlay,1.0693685613751698
2018-01-18,baseline_risk_overlay,1.0710931843094236
2018-01-19,baseline_risk_overlay,1.0725418201362036
2018-01-22,baseline_risk_overlay,1.0756040424459925
2018-01-25,baseline_risk_overlay,1.0777310340914743
2018-01-26,baseline_risk_overlay,1.080332817642009
2018-01-29,baseline_risk_overlay,1.0794675757107524
2018-01-30,baseline_risk_overlay,1.0795441626705418
2018-01-31,baseline_risk_overlay,1.0793571624073093
2018-02-01,baseline_risk_overlay,1.0779895738316632
2018-02-02,baseline_risk_overlay,1.0790658385037954
2018-02-05,baseline_risk_overlay,1.0664720965069348
2018-02-06,baseline_risk_overlay,1.054340416073939
2018-02-07,baseline_risk_overlay,1.063950627226826
2018-02-08,baseline_risk_overlay,1.0600164375867809
2018-02-09,baseline_risk_overlay,1.0537459569896928
2018-02-12,baseline_risk_overlay,1.0661446800819214
2018-02-13,baseline_risk_overlay,1.0699999537424105
2018-02-21,baseline_risk_overlay,1.0760419183967216
2018-02-22,baseline_risk_overlay,1.0735092890661035
2018-02-23,baseline_risk_overlay,1.0793494366233427
2018-02-26,baseline_risk_overlay,1.0821225085811503
2018-02-27,baseline_risk_overlay,1.0832962906147168
2018-02-28,baseline_risk_overlay,1.0838471787853468
2018-03-01,baseline_risk_overlay,1.0817884382598055
2018-03-02,baseline_risk_overlay,1.0836354163495556
2018-03-05,baseline_risk_overlay,1.0743748253311822
2018-03-06,baseline_risk_overlay,1.082642713073498
2018-03-07,baseline_risk_overlay,1.0799026985044478
2018-03-08,baseline_risk_overlay,1.0836491293079182
2018-03-09,baseline_risk_overlay,1.0833980754319115
2018-03-12,baseline_risk_overlay,1.0842838708350837
2018-03-13,baseline_risk_overlay,1.085647233019174
2018-03-14,baseline_risk_overlay,1.0866773228145419
2018-03-15,baseline_risk_overlay,1.086809105132115
2018-03-16,baseline_risk_overlay,1.0892448188894943
2018-03-19,baseline_risk_overlay,1.0912027133517808
2018-03-20,baseline_risk_overlay,1.0912331847324461
2018-03-21,baseline_risk_overlay,1.0932747898426636
2018-03-22,baseline_risk_overlay,1.0939064426100167
2018-03-23,baseline_risk_overlay,1.09001587452957
2018-03-26,baseline_risk_overlay,1.0934546416635764
2018-03-27,baseline_risk_overlay,1.0933940392577826
2018-03-28,baseline_risk_overlay,1.0934444622638417
2018-03-29,baseline_risk_overlay,1.09232408087651
2018-03-30,baseline_risk_overlay,1.0936731153437071
2018-04-02,baseline_risk_overlay,1.0979291564108489
2018-04-03,baseline_risk_overlay,1.0969872983120834
2018-04-04,baseline_risk_overlay,1.0972706854601255
2018-04-05,baseline_risk_overlay,1.0974185415394644
2018-04-06,baseline_risk_overlay,1.0980614614774011
2018-04-09,baseline_risk_overlay,1.098477615081579
2018-04-10,baseline_risk_overlay,1.09787130285996
2018-04-11,baseline_risk_overlay,1.0949487448823056
2018-04-12,baseline_risk_overlay,1.09547306569457
2018-04-13,baseline_risk_overlay,1.0939065285130214
2018-04-16,baseline_risk_overlay,1.093111751643498
2018-04-17,baseline_risk_overlay,1.0935392626076856
2018-04-18,baseline_risk_overlay,1.092166465264991
2018-04-19,baseline_risk_overlay,1.0881944605378717
2018-04-20,baseline_risk_overlay,1.0905797499464303
2018-04-23,baseline_risk_overlay,1.0814670317636708
2018-04-24,baseline_risk_overlay,1.0817498580583649
2018-04-26,baseline_risk_overlay,1.0779447863046616
2018-04-27,baseline_risk_overlay,1.0785191451587053
2018-05-02,baseline_risk_overlay,1.0762232691498517
2018-05-03,baseline_risk_overlay,1.0759358459394226
2018-05-04,baseline_risk_overlay,1.0759717345282087
2018-05-07,baseline_risk_overlay,1.0798142211470962
2018-05-08,baseline_risk_overlay,1.0792600905601915
2018-05-09,baseline_risk_overlay,1.0784887910077778
2018-05-10,baseline_risk_overlay,1.072402261652396
2018-05-11,baseline_risk_overlay,1.0758194062657191
2018-05-14,baseline_risk_overlay,1.080733721372191
2018-05-15,baseline_risk_overlay,1.0821828368424047
2018-05-16,baseline_risk_overlay,1.080036335404493
2018-05-17,baseline_risk_overlay,1.0750868578231083
2018-05-18,baseline_risk_overlay,1.077079507499613
2018-05-21,baseline_risk_overlay,1.0715354804801402
2018-05-22,baseline_risk_overlay,1.065482881005672
2018-05-23,baseline_risk_overlay,1.0661291786685687
2018-05-24,baseline_risk_overlay,1.0654590081129653
2018-05-25,baseline_risk_overlay,1.0605868880904001
2018-05-28,baseline_risk_overlay,1.0569843218369768
2018-05-29,baseline_risk_overlay,1.0593233090480438
2018-05-30,baseline_risk_overlay,1.0583305327118697
2018-05-31,baseline_risk_overlay,1.063682339396408
2018-06-01,baseline_risk_overlay,1.0689003801709946
2018-06-04,baseline_risk_overlay,1.0740668490409648
2018-06-05,baseline_risk_overlay,1.0750436102486292
2018-06-06,baseline_risk_overlay,1.076427918026578
2018-06-07,baseline_risk_overlay,1.0766880427059422
2018-06-08,baseline_risk_overlay,1.0769530026323229
2018-06-11,baseline_risk_overlay,1.0768343601210009
2018-06-12,baseline_risk_overlay,1.0746267825163913
2018-06-13,baseline_risk_overlay,1.0766627992134137
2018-06-14,baseline_risk_overlay,1.073277615857967
2018-06-15,baseline_risk_overlay,1.0734314708741166
2018-06-18,baseline_risk_overlay,1.0670059555195284
2018-06-19,baseline_risk_overlay,1.0618209973167705
2018-06-20,baseline_risk_overlay,1.0658303816962784
2018-06-21,baseline_risk_overlay,1.0644346814425716
2018-06-22,baseline_risk_overlay,1.0658972921254855
2018-06-25,baseline_risk_overlay,1.0667174072549968
2018-06-26,baseline_risk_overlay,1.0658662168872632
2018-06-27,baseline_risk_overlay,1.0642208568398663
2018-06-28,baseline_risk_overlay,1.0629172783639247
2018-06-29,baseline_risk_overlay,1.0633059291250582
2018-07-02,baseline_risk_overlay,1.061735213743415
2018-07-03,baseline_risk_overlay,1.057024771880265
2018-07-04,baseline_risk_overlay,1.0580861644550597
2018-07-05,baseline_risk_overlay,1.0560901233363034
2018-07-06,baseline_risk_overlay,1.0581817560135733
2018-07-09,baseline_risk_overlay,1.0578755308083843
2018-07-10,baseline_risk_overlay,1.0573904884204157
2018-07-11,baseline_risk_overlay,1.0552054971739164
2018-07-12,baseline_risk_overlay,1.055844995073254
2018-07-13,baseline_risk_overlay,1.0572222105214486
2018-07-16,baseline_risk_overlay,1.0573946861454118
2018-07-17,baseline_risk_overlay,1.0586830676738004
2018-07-18,baseline_risk_overlay,1.0614365221731445
2018-07-19,baseline_risk_overlay,1.061630406741085
2018-07-20,baseline_risk_overlay,1.060316660064427
2018-07-23,baseline_risk_overlay,1.0607107201985402
2018-07-24,baseline_risk_overlay,1.060384522157076
2018-07-25,baseline_risk_overlay,1.0596118054190962
2018-07-26,baseline_risk_overlay,1.0599022717663311
2018-07-27,baseline_risk_overlay,1.0605268127781897
2018-07-30,baseline_risk_overlay,1.0621555722880696
2018-07-31,baseline_risk_overlay,1.0629734620511067
2018-08-01,baseline_risk_overlay,1.0625291191506452
2018-08-02,baseline_risk_overlay,1.0626176375999177
2018-08-03,baseline_risk_overlay,1.0633262935876344
2018-08-06,baseline_risk_overlay,1.0633998419949489
2018-08-07,baseline_risk_overlay,1.0629971813672192
2018-08-08,baseline_risk_overlay,1.0640409223245693
2018-08-09,baseline_risk_overlay,1.063705493346274
2018-08-10,baseline_risk_overlay,1.0642326353881815
2018-08-13,baseline_risk_overlay,1.0653384185706398
2018-08-14,baseline_risk_overlay,1.0653610095435913
2018-08-15,baseline_risk_overlay,1.0633557521778294
2018-08-16,baseline_risk_overlay,1.0636629207650206
2018-08-17,baseline_risk_overlay,1.0641834637890242
2018-08-20,baseline_risk_overlay,1.0642606825124388
2018-08-21,baseline_risk_overlay,1.0653137872402714
2018-08-22,baseline_risk_overlay,1.0656498012786833
2018-08-23,baseline_risk_overlay,1.0662332842867308
2018-08-24,baseline_risk_overlay,1.0661962570877983
2018-08-27,baseline_risk_overlay,1.066740383242111
2018-08-28,baseline_risk_overlay,1.0671094923127467
2018-08-29,baseline_risk_overlay,1.0662699671665807
2018-08-30,baseline_risk_overlay,1.0673106581416365
2018-08-31,baseline_risk_overlay,1.0662941921565248
2018-09-04,baseline_risk_overlay,1.0648241199396278
2018-09-05,baseline_risk_overlay,1.0640304928153488
2018-09-06,baseline_risk_overlay,1.0617707980420432
2018-09-07,baseline_risk_overlay,1.0627573631626779
2018-09-10,baseline_risk_overlay,1.0629592526033067
2018-09-11,baseline_risk_overlay,1.0661830672119357
2018-09-12,baseline_risk_overlay,1.0666216343548787
2018-09-13,baseline_risk_overlay,1.0668317549677842
2018-09-14,baseline_risk_overlay,1.0676189588710807
2018-09-17,baseline_risk_overlay,1.0667541971194239
2018-09-18,baseline_risk_overlay,1.067286483992537
2018-09-19,baseline_risk_overlay,1.067649652742354
2018-09-20,baseline_risk_overlay,1.0697291001857798
2018-09-21,baseline_risk_overlay,1.0692873733577364
2018-09-24,baseline_risk_overlay,1.0710953211591963
2018-09-25,baseline_risk_overlay,1.0709633370637512
2018-09-26,baseline_risk_overlay,1.0707089399686862
2018-09-27,baseline_risk_overlay,1.0712049729276936
2018-09-28,baseline_risk_overlay,1.0713909815368117
2018-10-01,baseline_risk_overlay,1.0709210175377526
2018-10-02,baseline_risk_overlay,1.0715434940594017
2018-10-03,baseline_risk_overlay,1.0717145179603946
2018-10-04,baseline_risk_overlay,1.0720659391007716
2018-10-05,baseline_risk_overlay,1.0703122262634832
2018-10-08,baseline_risk_overlay,1.0690452905591947
2018-10-09,baseline_risk_overlay,1.0690476390867494
2018-10-10,baseline_risk_overlay,1.068816760689892
2018-10-11,baseline_risk_overlay,1.0638982277462818
2018-10-12,baseline_risk_overlay,1.074482637678318
2018-10-15,baseline_risk_overlay,1.0654117362674649
2018-10-16,baseline_risk_overlay,1.0706081947311916
2018-10-17,baseline_risk_overlay,1.0744962714432396
2018-10-18,baseline_risk_overlay,1.0705864008909523
2018-10-19,baseline_risk_overlay,1.0682047380076147
2018-10-22,baseline_risk_overlay,1.0659654102392007
2018-10-23,baseline_risk_overlay,1.0597216521975301
2018-10-24,baseline_risk_overlay,1.0537150658439038
2018-10-25,baseline_risk_overlay,1.0495302250753402
2018-10-26,baseline_risk_overlay,1.0463859707783294
2018-10-29,baseline_risk_overlay,1.042432521546922
2018-10-30,baseline_risk_overlay,1.0423840201008736
2018-10-31,baseline_risk_overlay,1.0512699195379072
2018-11-01,baseline_risk_overlay,1.0495003515850603
2018-11-02,baseline_risk_overlay,1.0555700838220765
2018-11-05,baseline_risk_overlay,1.0556304824082654
2018-11-06,baseline_risk_overlay,1.0547248834133862
2018-11-07,baseline_risk_overlay,1.0546779767500916
2018-11-08,baseline_risk_overlay,1.0560820264074782
2018-11-09,baseline_risk_overlay,1.051990401770721
2018-11-12,baseline_risk_overlay,1.0526608536008655
2018-11-13,baseline_risk_overlay,1.049829467129112
2018-11-14,baseline_risk_overlay,1.0489005287058222
2018-11-15,baseline_risk_overlay,1.0481385349560348
2018-11-16,baseline_risk_overlay,1.0483429065838457
2018-11-19,baseline_risk_overlay,1.0519224340397935
2018-11-20,baseline_risk_overlay,1.052560430126107
2018-11-21,baseline_risk_overlay,1.0533543700492052
2018-11-22,baseline_risk_overlay,1.053774373919454
2018-11-23,baseline_risk_overlay,1.052339477106633
2018-11-26,baseline_risk_overlay,1.0529712390376869
2018-11-27,baseline_risk_overlay,1.0534146238924682
2018-11-28,baseline_risk_overlay,1.0549507963156606
2018-11-29,baseline_risk_overlay,1.0541714370493935
2018-11-30,baseline_risk_overlay,1.0541052986568031
2018-12-03,baseline_risk_overlay,1.0594324548337928
2018-12-04,baseline_risk_overlay,1.0611609759442175
2018-12-05,baseline_risk_overlay,1.060738107446702
2018-12-06,baseline_risk_overlay,1.0601813642159867
2018-12-07,baseline_risk_overlay,1.0610386378517929
2018-12-10,baseline_risk_overlay,1.0604180569874575
2018-12-11,baseline_risk_overlay,1.0601192171156544
2018-12-12,baseline_risk_overlay,1.060761723030324
2018-12-13,baseline_risk_overlay,1.0606312408729506
2018-12-14,baseline_risk_overlay,1.0596996955246243
2018-12-17,baseline_risk_overlay,1.0556965567051153
2018-12-18,baseline_risk_overlay,1.0549205864431428
2018-12-19,baseline_risk_overlay,1.0531034122409977
2018-12-20,baseline_risk_overlay,1.0528886129700905
2018-12-21,baseline_risk_overlay,1.0516449761375835
2018-12-24,baseline_risk_overlay,1.0508859834633224
2018-12-25,baseline_risk_overlay,1.0487295311753833
2018-12-26,baseline_risk_overlay,1.0473828143868644
2018-12-27,baseline_risk_overlay,1.0491875709099276
2018-12-28,baseline_risk_overlay,1.0482253398816346
2019-01-02,baseline_risk_overlay,1.0479695913861118
2019-01-03,baseline_risk_overlay,1.0450051511038734
2019-01-04,baseline_risk_overlay,1.045570508187677
2019-01-07,baseline_risk_overlay,1.0475213866054236
2019-01-08,baseline_risk_overlay,1.0471698359578048
2019-01-09,baseline_risk_overlay,1.049176316920809
2019-01-10,baseline_risk_overlay,1.0494706814651458
2019-01-11,baseline_risk_overlay,1.0504954229985373
2019-01-14,baseline_risk_overlay,1.0502835710520002
2019-01-15,baseline_risk_overlay,1.051056859530219
2019-01-16,baseline_risk_overlay,1.050929198876181
2019-01-17,baseline_risk_overlay,1.0501619677310694
2019-01-18,baseline_risk_overlay,1.0502000130028366
2019-01-21,baseline_risk_overlay,1.051136948032716
2019-01-22,baseline_risk_overlay,1.0505830951059454
2019-01-23,baseline_risk_overlay,1.050749306841774
2019-01-24,baseline_risk_overlay,1.050814860422498
2019-01-25,baseline_risk_overlay,1.0508215179974634
2019-01-28,baseline_risk_overlay,1.0511998700841794
2019-01-29,baseline_risk_overlay,1.0516434943202186
2019-01-30,baseline_risk_overlay,1.051626455108689
2019-01-31,baseline_risk_overlay,1.0509884753698193
2019-02-01,baseline_risk_overlay,1.0507535932713037
2019-02-11,baseline_risk_overlay,1.0527453687186936
2019-02-12,baseline_risk_overlay,1.0541859421763695
2019-02-13,baseline_risk_overlay,1.0551900132032912
2019-02-14,baseline_risk_overlay,1.0561220850298476
2019-02-15,baseline_risk_overlay,1.0559321428677624
2019-02-18,baseline_risk_overlay,1.0572040847583688
2019-02-19,baseline_risk_overlay,1.0575894743200542
2019-02-20,baseline_risk_overlay,1.058365387908358
2019-02-21,baseline_risk_overlay,1.0604556032069687
2019-02-22,baseline_risk_overlay,1.0606224743610673
2019-02-25,baseline_risk_overlay,1.061323393880294
2019-02-26,baseline_risk_overlay,1.0603986547153794
2019-02-27,baseline_risk_overlay,1.0607669222952412
2019-02-28,baseline_risk_overlay,1.0578495414645748
2019-03-01,baseline_risk_overlay,1.0609920526977923
2019-03-04,baseline_risk_overlay,1.064552155161495
2019-03-05,baseline_risk_overlay,1.064148303296002
2019-03-06,baseline_risk_overlay,1.064264282602884
2019-03-07,baseline_risk_overlay,1.0640233012938778
2019-03-08,baseline_risk_overlay,1.0619355724452213
2019-03-11,baseline_risk_overlay,1.061739122687775
2019-03-12,baseline_risk_overlay,1.0635780838359137
2019-03-13,baseline_risk_overlay,1.0640639436342612
2019-03-14,baseline_risk_overlay,1.0644189770844399
2019-03-15,baseline_risk_overlay,1.0632922558510682
2019-03-18,baseline_risk_overlay,1.0640307938123892
2019-03-19,baseline_risk_overlay,1.0634418109553871
2019-03-20,baseline_risk_overlay,1.06297681333243
2019-03-21,baseline_risk_overlay,1.0607735622084646
2019-03-22,baseline_risk_overlay,1.0614659212780053
2019-03-25,baseline_risk_overlay,1.059390315777749
2019-03-26,baseline_risk_overlay,1.0593550416643231
2019-03-27,baseline_risk_overlay,1.0599964509844462
2019-03-28,baseline_risk_overlay,1.0607431392923932
2019-03-29,baseline_risk_overlay,1.0604899413054203
2019-04-01,baseline_risk_overlay,1.0612699801417385
2019-04-02,baseline_risk_overlay,1.0609435952278732
2019-04-03,baseline_risk_overlay,1.0607914304104027
2019-04-04,baseline_risk_overlay,1.0610468217243096
2019-04-05,baseline_risk_overlay,1.0612885179831832
2019-04-08,baseline_risk_overlay,1.0621523342963752
2019-04-09,baseline_risk_overlay,1.0611338280658205
2019-04-10,baseline_risk_overlay,1.0604547344660396
2019-04-11,baseline_risk_overlay,1.0608431728174867
2019-04-12,baseline_risk_overlay,1.0605290762961561
2019-04-16,baseline_risk_overlay,1.0599688107419198
2019-04-17,baseline_risk_overlay,1.059479703631279
2019-04-18,baseline_risk_overlay,1.0585875366378672
2019-04-19,baseline_risk_overlay,1.058926764093246
2019-04-22,baseline_risk_overlay,1.0588871409237939
2019-04-23,baseline_risk_overlay,1.0590942762443991
2019-04-24,baseline_risk_overlay,1.0599824989968736
2019-04-25,baseline_risk_overlay,1.0596775249258852
2019-04-26,baseline_risk_overlay,1.0602402162759392
2019-05-02,baseline_risk_overlay,1.0601088360441704
2019-05-03,baseline_risk_overlay,1.0596409612216735
2019-05-06,baseline_risk_overlay,1.0579823955611394
2019-05-07,baseline_risk_overlay,1.0579375101659159
2019-05-08,baseline_risk_overlay,1.0573185823405913
2019-05-09,baseline_risk_overlay,1.0569255708381189
2019-05-10,baseline_risk_overlay,1.0574225653500882
2019-05-13,baseline_risk_overlay,1.057996298483685
2019-05-14,baseline_risk_overlay,1.0586978758343035
2019-05-15,baseline_risk_overlay,1.0598243867190962
2019-05-16,baseline_risk_overlay,1.0598288496968624
2019-05-17,baseline_risk_overlay,1.059911594047928
2019-05-20,baseline_risk_overlay,1.061083608506918
2019-05-21,baseline_risk_overlay,1.060978092628565
2019-05-22,baseline_risk_overlay,1.0606980512782398
2019-05-23,baseline_risk_overlay,1.0605811627813708
2019-05-24,baseline_risk_overlay,1.0591865508708915
2019-05-27,baseline_risk_overlay,1.059700665297058
2019-05-28,baseline_risk_overlay,1.059360446594723
2019-05-29,baseline_risk_overlay,1.0593093834351743
2019-05-30,baseline_risk_overlay,1.0590830031340455
2019-05-31,baseline_risk_overlay,1.0581252031759592
2019-06-03,baseline_risk_overlay,1.0568020840039771
2019-06-04,baseline_risk_overlay,1.057244214291892
2019-06-05,baseline_risk_overlay,1.0572602731305698
2019-06-06,baseline_risk_overlay,1.0569258400549169
2019-06-07,baseline_risk_overlay,1.0579596089221621
2019-06-10,baseline_risk_overlay,1.0584559260886883
2019-06-11,baseline_risk_overlay,1.0583565045181857
2019-06-12,baseline_risk_overlay,1.0574917237875932
2019-06-13,baseline_risk_overlay,1.057065561462866
2019-06-14,baseline_risk_overlay,1.0574342579279241
2019-06-17,baseline_risk_overlay,1.0567182850947803
2019-06-18,baseline_risk_overlay,1.056408281368588
2019-06-19,baseline_risk_overlay,1.0569867006322557
2019-06-20,baseline_risk_overlay,1.0579972168684675
2019-06-21,baseline_risk_overlay,1.0579932214458554
2019-06-24,baseline_risk_overlay,1.0583995353312334
2019-06-25,baseline_risk_overlay,1.0580862398706377
2019-06-26,baseline_risk_overlay,1.0579719640454082
2019-06-27,baseline_risk_overlay,1.0562078333353815
2019-06-28,baseline_risk_overlay,1.0568878113397606
2019-07-01,baseline_risk_overlay,1.0585946228395373
2019-07-02,baseline_risk_overlay,1.058144382951872
2019-07-03,baseline_risk_overlay,1.0579591484955668
2019-07-04,baseline_risk_overlay,1.0593290016761072
2019-07-05,baseline_risk_overlay,1.0595912438274773
2019-07-08,baseline_risk_overlay,1.0585342118480658
2019-07-09,baseline_risk_overlay,1.0588180138932208
2019-07-10,baseline_risk_overlay,1.059338612794198
2019-07-11,baseline_risk_overlay,1.0599090739533672
2019-07-12,baseline_risk_overlay,1.0595381897976004
2019-07-15,baseline_risk_overlay,1.059222546831237
2019-07-16,baseline_risk_overlay,1.0602424298282664
2019-07-17,baseline_risk_overlay,1.060285858157176
2019-07-18,baseline_risk_overlay,1.0595396694794363
2019-07-19,baseline_risk_overlay,1.060183581818597
2019-07-22,baseline_risk_overlay,1.0601410919412142
2019-07-23,baseline_risk_overlay,1.0609544274615106
2019-07-24,baseline_risk_overlay,1.0608256492432602
2019-07-25,baseline_risk_overlay,1.0615467481911045
2019-07-26,baseline_risk_overlay,1.0613553985016866
2019-07-29,baseline_risk_overlay,1.061847722145021
2019-07-30,baseline_risk_overlay,1.0604377293868357
2019-07-31,baseline_risk_overlay,1.0610205642582642
2019-08-01,baseline_risk_overlay,1.0616519288119552
2019-08-02,baseline_risk_overlay,1.060899554240469
2019-08-05,baseline_risk_overlay,1.0589647638036885
2019-08-06,baseline_risk_overlay,1.058078881499844
2019-08-07,baseline_risk_overlay,1.0582156983749922
2019-08-08,baseline_risk_overlay,1.0591913186832314
2019-08-09,baseline_risk_overlay,1.0590844143538525
2019-08-12,baseline_risk_overlay,1.0591783919405469
2019-08-13,baseline_risk_overlay,1.058259682053991
2019-08-14,baseline_risk_overlay,1.0584643796369944
2019-08-15,baseline_risk_overlay,1.0595454275249057
2019-08-16,baseline_risk_overlay,1.0596045954853075
2019-08-19,baseline_risk_overlay,1.0597298131085378
2019-08-20,baseline_risk_overlay,1.0605671510219368
2019-08-21,baseline_risk_overlay,1.0628547523574046
2019-08-22,baseline_risk_overlay,1.0635431996878908
2019-08-23,baseline_risk_overlay,1.0628559594472102
2019-08-26,baseline_risk_overlay,1.0618286061248225
2019-08-27,baseline_risk_overlay,1.0611892798920595
2019-08-28,baseline_risk_overlay,1.0612330216165144
2019-08-29,baseline_risk_overlay,1.0613678415558037
2019-08-30,baseline_risk_overlay,1.0619481923582772
2019-09-03,baseline_risk_overlay,1.0614321289410613
2019-09-04,baseline_risk_overlay,1.0612467862053367
2019-09-05,baseline_risk_overlay,1.0611593872523428
2019-09-06,baseline_risk_overlay,1.060884760083302
2019-09-09,baseline_risk_overlay,1.060888726046677
2019-09-10,baseline_risk_overlay,1.0604698837971405
2019-09-11,baseline_risk_overlay,1.0603680708686614
2019-09-12,baseline_risk_overlay,1.0610581962437147
2019-09-13,baseline_risk_overlay,1.0622811526942588
2019-09-16,baseline_risk_overlay,1.0625870667750361
2019-09-17,baseline_risk_overlay,1.0633656107413128
2019-09-18,baseline_risk_overlay,1.0631582959314485
2019-09-19,baseline_risk_overlay,1.0633704419734344
2019-09-20,baseline_risk_overlay,1.0625851353869418
2019-09-23,baseline_risk_overlay,1.0620862804274078
2019-09-24,baseline_risk_overlay,1.062330249504806
2019-09-25,baseline_risk_overlay,1.0622363933439933
2019-09-26,baseline_risk_overlay,1.0626075429972897
2019-09-27,baseline_risk_overlay,1.0633860973651372
2019-09-30,baseline_risk_overlay,1.063235578719812
2019-10-01,baseline_risk_overlay,1.0635682212415
2019-10-02,baseline_risk_overlay,1.062547831104823
2019-10-03,baseline_risk_overlay,1.0626707065953778
2019-10-04,baseline_risk_overlay,1.0621096162047607
2019-10-07,baseline_risk_overlay,1.0616298787893925
2019-10-08,baseline_risk_overlay,1.0621667818635976
2019-10-09,baseline_risk_overlay,1.0621132846287684
2019-10-10,baseline_risk_overlay,1.0620608711478183
2019-10-11,baseline_risk_overlay,1.0625523153854761
2019-10-14,baseline_risk_overlay,1.062748714791886
2019-10-15,baseline_risk_overlay,1.0626851953006582
2019-10-16,baseline_risk_overlay,1.0628449349950613
2019-10-17,baseline_risk_overlay,1.06229239661372
2019-10-18,baseline_risk_overlay,1.0622156732903751
2019-10-21,baseline_risk_overlay,1.0615842232831403
2019-10-22,baseline_risk_overlay,1.0619685890126411
2019-10-23,baseline_risk_overlay,1.0620296585980056
2019-10-24,baseline_risk_overlay,1.062699109803688
2019-10-25,baseline_risk_overlay,1.0630534071889453
2019-10-28,baseline_risk_overlay,1.0630405060766952
2019-10-29,baseline_risk_overlay,1.0629630415627533
2019-10-30,baseline_risk_overlay,1.0635375587724036
2019-10-31,baseline_risk_overlay,1.0632897105544001
2019-11-01,baseline_risk_overlay,1.0651935467708187
2019-11-04,baseline_risk_overlay,1.066013840393848
2019-11-05,baseline_risk_overlay,1.0662398832811308
2019-11-06,baseline_risk_overlay,1.0663073679336637
2019-11-07,baseline_risk_overlay,1.0662016770659586
2019-11-08,baseline_risk_overlay,1.0660213349322811
2019-11-11,baseline_risk_overlay,1.0653763809064876
2019-11-12,baseline_risk_overlay,1.0655421739151276
2019-11-13,baseline_risk_overlay,1.0649150413684858
2019-11-14,baseline_risk_overlay,1.0648599381363084
2019-11-15,baseline_risk_overlay,1.0646147434861513
2019-11-18,baseline_risk_overlay,1.0638539571760424
2019-11-19,baseline_risk_overlay,1.0644020670406111
2019-11-20,baseline_risk_overlay,1.0635107965528416
2019-11-21,baseline_risk_overlay,1.0621573577743402
2019-11-22,baseline_risk_overlay,1.0611084573266405
2019-11-25,baseline_risk_overlay,1.0609508893609305
2019-11-26,baseline_risk_overlay,1.0609962518772864
2019-11-27,baseline_risk_overlay,1.0611426859520248
2019-11-28,baseline_risk_overlay,1.0603016074601246
2019-11-29,baseline_risk_overlay,1.0603349550248011
2019-12-02,baseline_risk_overlay,1.0590944066661536
2019-12-03,baseline_risk_overlay,1.058470662700287
2019-12-04,baseline_risk_overlay,1.0597662556330585
2019-12-05,baseline_risk_overlay,1.0594417405914254
2019-12-06,baseline_risk_overlay,1.0594671219462821
2019-12-09,baseline_risk_overlay,1.059746672447778
2019-12-10,baseline_risk_overlay,1.0582572548187448
2019-12-11,baseline_risk_overlay,1.0585542151171414
2019-12-12,baseline_risk_overlay,1.0599912269964238
2019-12-13,baseline_risk_overlay,1.0595143338489685
2019-12-16,baseline_risk_overlay,1.058473926332584
2019-12-17,baseline_risk_overlay,1.0575802620872994
2019-12-18,baseline_risk_overlay,1.0572783326054116
2019-12-19,baseline_risk_overlay,1.0573869514297098
2019-12-20,baseline_risk_overlay,1.0578123646828281
2019-12-23,baseline_risk_overlay,1.0581284516959155
2019-12-24,baseline_risk_overlay,1.0580624758606216
2019-12-25,baseline_risk_overlay,1.058288191039092
2019-12-26,baseline_risk_overlay,1.057639485126926
2019-12-27,baseline_risk_overlay,1.058051461834471
2019-12-30,baseline_risk_overlay,1.058221403577653
2019-12-31,baseline_risk_overlay,1.0577436415337456
2020-01-02,baseline_risk_overlay,1.0583910747671372
2020-01-03,baseline_risk_overlay,1.0581971570675908
2020-01-06,baseline_risk_overlay,1.0571093937776552
2020-01-07,baseline_risk_overlay,1.0574233715953494
2020-01-08,baseline_risk_overlay,1.0563013948456033
2020-01-09,baseline_risk_overlay,1.057466073138921
2020-01-10,baseline_risk_overlay,1.0584090852217396
2020-01-13,baseline_risk_overlay,1.058081063099033
2020-01-14,baseline_risk_overlay,1.0582111254404276
2020-01-15,baseline_risk_overlay,1.058275195240132
2020-01-16,baseline_risk_overlay,1.0591007219183788
2020-01-17,baseline_risk_overlay,1.0596758556279169
2020-01-20,baseline_risk_overlay,1.0596349155500162
2020-01-21,baseline_risk_overlay,1.0605803419142361
2020-01-22,baseline_risk_overlay,1.0617448395645932
2020-01-30,baseline_risk_overlay,1.0574948398177253
2020-01-31,baseline_risk_overlay,1.052221618356844
2020-02-03,baseline_risk_overlay,1.0502694360128315
2020-02-04,baseline_risk_overlay,1.0504913146471244
2020-02-05,baseline_risk_overlay,1.0493736577377688
2020-02-06,baseline_risk_overlay,1.0550335073884258
2020-02-07,baseline_risk_overlay,1.0560855291473437
2020-02-10,baseline_risk_overlay,1.0523407878409776
2020-02-11,baseline_risk_overlay,1.05368487651542
2020-02-12,baseline_risk_overlay,1.054747309696555
2020-02-13,baseline_risk_overlay,1.054941993943602
2020-02-14,baseline_risk_overlay,1.054649312193882
2020-02-17,baseline_risk_overlay,1.053908568058829
2020-02-18,baseline_risk_overlay,1.052348416400576
2020-02-19,baseline_risk_overlay,1.0525166083714486
2020-02-20,baseline_risk_overlay,1.054571500081554
2020-02-21,baseline_risk_overlay,1.0533256845126329
2020-02-24,baseline_risk_overlay,1.046803827587384
2020-02-25,baseline_risk_overlay,1.0489511621451344
2020-02-26,baseline_risk_overlay,1.0437486320845095
2020-02-27,baseline_risk_overlay,1.0441860564928653
2020-02-28,baseline_risk_overlay,1.0383034740061918
2020-03-02,baseline_risk_overlay,1.0391067887119685
2020-03-03,baseline_risk_overlay,1.0413339957559702
2020-03-04,baseline_risk_overlay,1.0408678550522235
2020-03-05,baseline_risk_overlay,1.0422940040381918
2020-03-06,baseline_risk_overlay,1.0416070840573324
2020-03-09,baseline_risk_overlay,1.0205834355029388
2020-03-10,baseline_risk_overlay,1.021318660314808
2020-03-11,baseline_risk_overlay,1.007409633816164
2020-03-12,baseline_risk_overlay,0.98469441990735
2020-03-13,baseline_risk_overlay,0.9815627496650041
2020-03-16,baseline_risk_overlay,0.9737665964626546
2020-03-17,baseline_risk_overlay,0.9725921158157984
2020-03-18,baseline_risk_overlay,0.9736294646204043
2020-03-19,baseline_risk_overlay,0.9611947986143872
2020-03-20,baseline_risk_overlay,0.9541341822507172
2020-03-23,baseline_risk_overlay,0.9359577400335429
2020-03-24,baseline_risk_overlay,0.9337517562953818
2020-03-25,baseline_risk_overlay,0.9464766220152658
2020-03-26,baseline_risk_overlay,0.948188126635958
2020-03-27,baseline_risk_overlay,0.948974371461072
2020-03-30,baseline_risk_overlay,0.9336895723644618
2020-03-31,baseline_risk_overlay,0.9337782521493967
2020-04-01,baseline_risk_overlay,0.9442028676418996
2020-04-03,baseline_risk_overlay,0.953934383353068
2020-04-06,baseline_risk_overlay,0.9693136836161662
2020-04-07,baseline_risk_overlay,0.9735112895739737
2020-04-08,baseline_risk_overlay,0.9740739495471441
2020-04-09,baseline_risk_overlay,0.9794405114694478
2020-04-10,baseline_risk_overlay,0.9786442947008431
2020-04-13,baseline_risk_overlay,0.981781571281747
2020-04-14,baseline_risk_overlay,0.9821359571898561
2020-04-15,baseline_risk_overlay,0.986276129767377
2020-04-16,baseline_risk_overlay,0.9871473126416092
2020-04-17,baseline_risk_overlay,0.9896963468857575
2020-04-20,baseline_risk_overlay,0.9918735363990208
2020-04-21,baseline_risk_overlay,0.9793376934185735
2020-04-22,baseline_risk_overlay,0.9797900091538948
2020-04-23,baseline_risk_overlay,0.9818292151962104
2020-04-24,baseline_risk_overlay,0.9830184497150682
2020-04-27,baseline_risk_overlay,0.9803995722009641
2020-04-28,baseline_risk_overlay,0.9789655087944701
2020-04-29,baseline_risk_overlay,0.9793539891911591
2020-05-04,baseline_risk_overlay,0.9776651583855058
2020-05-05,baseline_risk_overlay,0.9780647806390169
2020-05-06,baseline_risk_overlay,0.9826261485869239
2020-05-07,baseline_risk_overlay,0.9864318992644243
2020-05-08,baseline_risk_overlay,0.9911657202733536
2020-05-11,baseline_risk_overlay,0.9930324280665229
2020-05-12,baseline_risk_overlay,0.9940214034404938
2020-05-13,baseline_risk_overlay,0.993864163211843
2020-05-14,baseline_risk_overlay,0.9936161282894792
2020-05-15,baseline_risk_overlay,0.9929310701674402
2020-05-18,baseline_risk_overlay,0.994130118839935
2020-05-19,baseline_risk_overlay,0.9952651851598546
2020-05-20,baseline_risk_overlay,0.9961601020215787
2020-05-21,baseline_risk_overlay,0.9974631871655514
2020-05-22,baseline_risk_overlay,0.9960965851971855
2020-05-25,baseline_risk_overlay,0.9968572631939514
2020-05-26,baseline_risk_overlay,0.998186130800164
2020-05-27,baseline_risk_overlay,0.9965880089485303
2020-05-28,baseline_risk_overlay,0.9970651808459545
2020-05-29,baseline_risk_overlay,0.9974571100724275
2020-06-01,baseline_risk_overlay,0.9993120953122269
2020-06-02,baseline_risk_overlay,0.9980609979246494
2020-06-03,baseline_risk_overlay,0.9987573547541169
2020-06-04,baseline_risk_overlay,0.9991243090259989
2020-06-05,baseline_risk_overlay,0.9994171520145884
2020-06-08,baseline_risk_overlay,1.0011881164210918
2020-06-09,baseline_risk_overlay,1.0010188199634484
2020-06-10,baseline_risk_overlay,1.0011724716003065
2020-06-11,baseline_risk_overlay,0.9968879054246047
2020-06-12,baseline_risk_overlay,0.996413740464097
2020-06-15,baseline_risk_overlay,0.9925350173367284
2020-06-16,baseline_risk_overlay,0.9953398231244605
2020-06-17,baseline_risk_overlay,0.9947934770503172
2020-06-18,baseline_risk_overlay,0.9949924101380822
2020-06-19,baseline_risk_overlay,0.9983426712559695
2020-06-22,baseline_risk_overlay,0.9990549331818549
2020-06-23,baseline_risk_overlay,0.9982379241337083
2020-06-24,baseline_risk_overlay,0.9960223001780252
2020-06-25,baseline_risk_overlay,0.9947385441868409
2020-06-26,baseline_risk_overlay,0.9941017273440579
2020-06-29,baseline_risk_overlay,0.9886591705953968
2020-06-30,baseline_risk_overlay,0.9880608213698672
2020-07-01,baseline_risk_overlay,0.9922442902467399
2020-07-02,baseline_risk_overlay,0.9919348913191938
2020-07-03,baseline_risk_overlay,0.9931881888186244
2020-07-06,baseline_risk_overlay,0.9964882055747878
2020-07-07,baseline_risk_overlay,0.9970644664694415
2020-07-08,baseline_risk_overlay,0.9973364962775466
2020-07-09,baseline_risk_overlay,1.0003144734706237
2020-07-10,baseline_risk_overlay,0.9989625936518934
2020-07-13,baseline_risk_overlay,0.9983513738240636
2020-07-14,baseline_risk_overlay,0.9981727243355373
2020-07-15,baseline_risk_overlay,0.9984840612861651
2020-07-16,baseline_risk_overlay,0.9991530163919717
2020-07-17,baseline_risk_overlay,0.9985839218005942
2020-07-20,baseline_risk_overlay,0.9974398772884897
2020-07-21,baseline_risk_overlay,0.9974665063283027
2020-07-22,baseline_risk_overlay,0.9967432836672676
2020-07-23,baseline_risk_overlay,0.996910307196685
2020-07-24,baseline_risk_overlay,0.99391389413681
2020-07-27,baseline_risk_overlay,0.9889772228935761
2020-07-28,baseline_risk_overlay,0.992271613441726
2020-07-29,baseline_risk_overlay,0.9866071069919142
2020-07-30,baseline_risk_overlay,0.9877439629660134
2020-07-31,baseline_risk_overlay,0.9874108762018713
2020-08-03,baseline_risk_overlay,0.9911766574561376
2020-08-04,baseline_risk_overlay,0.9944655068760505
2020-08-05,baseline_risk_overlay,0.9971213904909174
2020-08-06,baseline_risk_overlay,0.9977064168755938
2020-08-07,baseline_risk_overlay,0.9980765785622622
2020-08-10,baseline_risk_overlay,0.9985295432220335
2020-08-11,baseline_risk_overlay,0.9984938742691405
2020-08-12,baseline_risk_overlay,0.9994577557042895
2020-08-13,baseline_risk_overlay,1.0014457409457302
2020-08-14,baseline_risk_overlay,1.000339685984781
2020-08-17,baseline_risk_overlay,1.0001855675855476
2020-08-18,baseline_risk_overlay,0.9992839066674231
2020-08-19,baseline_risk_overlay,1.000405538352809
2020-08-20,baseline_risk_overlay,0.9996721166954191
2020-08-21,baseline_risk_overlay,1.0011953639233453
2020-08-24,baseline_risk_overlay,1.0045802520848441
2020-08-25,baseline_risk_overlay,1.0059719503461935
2020-08-26,baseline_risk_overlay,1.005774973788534
2020-08-27,baseline_risk_overlay,1.0059218807440138
2020-08-28,baseline_risk_overlay,1.006445877182774
2020-08-31,baseline_risk_overlay,1.0067743622359573
2020-09-01,baseline_risk_overlay,1.0080122223090235
2020-09-03,baseline_risk_overlay,1.0095476485466348
2020-09-04,baseline_risk_overlay,1.0092458960520534
2020-09-07,baseline_risk_overlay,1.0076715167636427
2020-09-08,baseline_risk_overlay,1.0078746989424214
2020-09-09,baseline_risk_overlay,1.0077788008989375
2020-09-10,baseline_risk_overlay,1.0075745717318332
2020-09-11,baseline_risk_overlay,1.007601750140938
2020-09-14,baseline_risk_overlay,1.0088100655643477
2020-09-15,baseline_risk_overlay,1.0091843677963883
2020-09-16,baseline_risk_overlay,1.0094506253866065
2020-09-17,baseline_risk_overlay,1.0086628143966019
2020-09-18,baseline_risk_overlay,1.0101599702129422
2020-09-21,baseline_risk_overlay,1.0117282934037743
2020-09-22,baseline_risk_overlay,1.011311720862519
2020-09-23,baseline_risk_overlay,1.0126996859613495
2020-09-24,baseline_risk_overlay,1.0118135493688925
2020-09-25,baseline_risk_overlay,1.0116221500152294
2020-09-28,baseline_risk_overlay,1.012439800740064
2020-09-29,baseline_risk_overlay,1.0105121566121125
2020-09-30,baseline_risk_overlay,1.0107676885418226
2020-10-01,baseline_risk_overlay,1.0127303405600916
2020-10-02,baseline_risk_overlay,1.0116788258898617
2020-10-05,baseline_risk_overlay,1.0127323084453883
2020-10-06,baseline_risk_overlay,1.0129544607665062
2020-10-07,baseline_risk_overlay,1.013883111022394
2020-10-08,baseline_risk_overlay,1.0136700650175654
2020-10-09,baseline_risk_overlay,1.0148241218520022
2020-10-12,baseline_risk_overlay,1.0152463997759285
2020-10-13,baseline_risk_overlay,1.0162042136549754
2020-10-14,baseline_risk_overlay,1.0186422694407093
2020-10-15,baseline_risk_overlay,1.0192516040666646
2020-10-16,baseline_risk_overlay,1.019368754694669
2020-10-19,baseline_risk_overlay,1.019456864117946
2020-10-20,baseline_risk_overlay,1.0196024717160812
2020-10-21,baseline_risk_overlay,1.018748962618106
2020-10-22,baseline_risk_overlay,1.021009332028055
2020-10-23,baseline_risk_overlay,1.0222767642238197
2020-10-26,baseline_risk_overlay,1.021007938519736
2020-10-27,baseline_risk_overlay,1.0205227382068551
2020-10-28,baseline_risk_overlay,1.017782736253506
2020-10-29,baseline_risk_overlay,1.0172611602283568
2020-10-30,baseline_risk_overlay,1.018673706026062
2020-11-02,baseline_risk_overlay,1.0205381826484712
2020-11-03,baseline_risk_overlay,1.0209382710401074
2020-11-04,baseline_risk_overlay,1.0213227911260272
2020-11-05,baseline_risk_overlay,1.0210815265075606
2020-11-06,baseline_risk_overlay,1.021132558469874
2020-11-09,baseline_risk_overlay,1.0240686086460378
2020-11-10,baseline_risk_overlay,1.0240253146171323
2020-11-11,baseline_risk_overlay,1.0239389801458514
2020-11-12,baseline_risk_overlay,1.0254075501018651
2020-11-13,baseline_risk_overlay,1.0270358930357015
2020-11-16,baseline_risk_overlay,1.023364539364904
2020-11-17,baseline_risk_overlay,1.0251755547119075
2020-11-18,baseline_risk_overlay,1.026122080542997
2020-11-19,baseline_risk_overlay,1.027130740170886
2020-11-20,baseline_risk_overlay,1.0279038016488364
2020-11-23,baseline_risk_overlay,1.0287577142343687
2020-11-24,baseline_risk_overlay,1.0288212425104513
2020-11-25,baseline_risk_overlay,1.0296739854639976
2020-11-26,baseline_risk_overlay,1.0302343374600402
2020-11-27,baseline_risk_overlay,1.0307287353480414
2020-11-30,baseline_risk_overlay,1.0299001485073862
2020-12-01,baseline_risk_overlay,1.0305044462666908
2020-12-02,baseline_risk_overlay,1.0316354412014743
2020-12-03,baseline_risk_overlay,1.0328059308606772
2020-12-04,baseline_risk_overlay,1.0331747532864128
2020-12-07,baseline_risk_overlay,1.034993422059065
2020-12-08,baseline_risk_overlay,1.0348152639672528
2020-12-09,baseline_risk_overlay,1.0357088304673867
2020-12-10,baseline_risk_overlay,1.03373815799744
2020-12-11,baseline_risk_overlay,1.0350636143724525
2020-12-14,baseline_risk_overlay,1.036993425980192
2020-12-15,baseline_risk_overlay,1.035970999613268
2020-12-16,baseline_risk_overlay,1.0371967905484343
2020-12-17,baseline_risk_overlay,1.035517173393422
2020-12-18,baseline_risk_overlay,1.0371017837769991
2020-12-21,baseline_risk_overlay,1.0385263677309382
2020-12-22,baseline_risk_overlay,1.038783071073863
2020-12-23,baseline_risk_overlay,1.0382712985974367
2020-12-24,baseline_risk_overlay,1.0370858886306697
2020-12-25,baseline_risk_overlay,1.0387732791886417
2020-12-28,baseline_risk_overlay,1.0395130686456877
2020-12-29,baseline_risk_overlay,1.0403971268700911
2020-12-30,baseline_risk_overlay,1.0401877073042496
2020-12-31,baseline_risk_overlay,1.0408222903286715
2021-01-04,baseline_risk_overlay,1.0424955715098931
2021-01-05,baseline_risk_overlay,1.043786495222927
2021-01-06,baseline_risk_overlay,1.04494002763715
2021-01-07,baseline_risk_overlay,1.046377497173461
2021-01-08,baseline_risk_overlay,1.0476074014856054
2021-01-11,baseline_risk_overlay,1.0494490123329214
2021-01-12,baseline_risk_overlay,1.050887194507305
2021-01-13,baseline_risk_overlay,1.0495616902492793
2021-01-14,baseline_risk_overlay,1.049804099619579
2021-01-15,baseline_risk_overlay,1.0511647819395828
2021-01-18,baseline_risk_overlay,1.0507159146277552
2021-01-19,baseline_risk_overlay,1.039466276837746
2021-01-20,baseline_risk_overlay,1.0406518038191148
2021-01-21,baseline_risk_overlay,1.0525323971905927
2021-01-22,baseline_risk_overlay,1.0536292337114856
2021-01-25,baseline_risk_overlay,1.0532928945253974
2021-01-26,baseline_risk_overlay,1.040897620278006
2021-01-27,baseline_risk_overlay,1.0250228680596196
2021-01-28,baseline_risk_overlay,0.996085749726923
2021-01-29,baseline_risk_overlay,1.005149186779237
2021-02-01,baseline_risk_overlay,0.9989578468531148
2021-02-02,baseline_risk_overlay,1.0105568585469575
2021-02-03,baseline_risk_overlay,1.021046173602828
2021-02-04,baseline_risk_overlay,1.0211083049822922
2021-02-05,baseline_risk_overlay,1.0252900327274646
2021-02-08,baseline_risk_overlay,1.011877192181953
2021-02-09,baseline_risk_overlay,1.0209756613427095
2021-02-17,baseline_risk_overlay,1.0332481076156759
2021-02-18,baseline_risk_overlay,1.0389735539579474
2021-02-19,baseline_risk_overlay,1.038461926819673
2021-02-22,baseline_risk_overlay,1.038747615023036
2021-02-23,baseline_risk_overlay,1.039510992125434
2021-02-24,baseline_risk_overlay,1.0347322417969926
2021-02-25,baseline_risk_overlay,1.0356838295372097
2021-02-26,baseline_risk_overlay,1.0365599006382067
2021-03-01,baseline_risk_overlay,1.0416850190557245
2021-03-02,baseline_risk_overlay,1.041726893812348
2021-03-03,baseline_risk_overlay,1.041691190739037
2021-03-04,baseline_risk_overlay,1.0344788476816102
2017-03-14,buy_and_hold,1.0
2017-03-15,buy_and_hold,0.9968060002674833
2017-03-16,buy_and_hold,0.9992940316224431
2017-03-17,buy_and_hold,0.9931717971647328
2017-03-20,buy_and_hold,0.9995036971860636
2017-03-21,buy_and_hold,1.001055222356853
2017-03-22,buy_and_hold,0.9965264461826564
2017-03-23,buy_and_hold,1.0057796863904287
2017-03-24,buy_and_hold,1.0093859340846965
2017-03-27,buy_and_hold,1.0113148572700026
2017-03-28,buy_and_hold,1.0053603552631885
2017-03-29,buy_and_hold,1.0070516574763917
2017-03-30,buy_and_hold,1.0117900992142084
2017-03-31,buy_and_hold,1.0096235550567993
2017-04-03,buy_and_hold,1.0097213989864888
2017-04-04,buy_and_hold,1.012181474932966
2017-04-05,buy_and_hold,1.0108955261427621
2017-04-07,buy_and_hold,1.0175069802489196
2017-04-10,buy_and_hold,1.0201906994632584
2017-04-11,buy_and_hold,1.0222314442824953
2017-04-12,buy_and_hold,1.0141942643437203
2017-04-13,buy_and_hold,1.0124750067220345
2017-04-14,buy_and_hold,1.0042281612196393
2017-04-17,buy_and_hold,0.9935771505877321
2017-04-18,buy_and_hold,0.9993080093266846
2017-04-19,buy_and_hold,1.0018799069070927
2017-04-20,buy_and_hold,0.9961350704638987
2017-04-21,buy_and_hold,0.9957856278578651
2017-04-24,buy_and_hold,0.9915643611769781
2017-04-25,buy_and_hold,0.9890343967092942
2017-04-26,buy_and_hold,0.9924729119526656
2017-04-27,buy_and_hold,1.0015444420053004
2017-04-28,buy_and_hold,1.0032217665142622
2017-05-03,buy_and_hold,1.005751730981946
2017-05-04,buy_and_hold,1.0092182016338003
2017-05-05,buy_and_hold,1.0063947053770481
2017-05-08,buy_and_hold,1.0048012470935344
2017-05-09,buy_and_hold,1.0093440009719725
2017-05-10,buy_and_hold,1.012419095905069
2017-05-11,buy_and_hold,1.0133695797934805
2017-05-12,buy_and_hold,1.0139007325546516
2017-05-15,buy_and_hold,1.013872777146169
2017-05-16,buy_and_hold,1.0134254906104458
2017-05-17,buy_and_hold,1.0164586524308183
2017-05-18,buy_and_hold,1.01616512064175
2017-05-19,buy_and_hold,1.0257118926385906
2017-05-22,buy_and_hold,1.0400809725986964
2017-05-23,buy_and_hold,1.035650040354189
2017-05-24,buy_and_hold,1.038180004821873
2017-05-25,buy_and_hold,1.0370198553698409
2017-05-26,buy_and_hold,1.0391165110060432
2017-05-29,buy_and_hold,1.043086179010586
2017-05-30,buy_and_hold,1.0318481048005423
2017-05-31,buy_and_hold,1.0313029743351299
2017-06-01,buy_and_hold,1.0368661006231863
2017-06-02,buy_and_hold,1.032686767055023
2017-06-05,buy_and_hold,1.039228332639974
2017-06-06,buy_and_hold,1.0501588973567078
2017-06-07,buy_and_hold,1.0531641037685977
2017-06-08,buy_and_hold,1.048509528256229
2017-06-09,buy_and_hold,1.0479364423823336
2017-06-12,buy_and_hold,1.0498513878633984
2017-06-13,buy_and_hold,1.05795845632338
2017-06-14,buy_and_hold,1.063381805569023
2017-06-15,buy_and_hold,1.063102251484196
2017-06-16,buy_and_hold,1.0640387576683663
2017-06-19,buy_and_hold,1.0718522943392799
2017-06-20,buy_and_hold,1.073473708031276
2017-06-21,buy_and_hold,1.0726630011852778
2017-06-22,buy_and_hold,1.071111476014488
2017-06-23,buy_and_hold,1.0748994338638933
2017-06-26,buy_and_hold,1.0798056080526064
2017-06-27,buy_and_hold,1.0728027782276912
2017-06-28,buy_and_hold,1.0749413669766172
2017-06-29,buy_and_hold,1.0787293248260226
2017-06-30,buy_and_hold,1.0853268012279387
2017-07-03,buy_and_hold,1.0886954279501035
2017-07-04,buy_and_hold,1.0840268747334934
2017-07-05,buy_and_hold,1.0879126765125882
2017-07-06,buy_and_hold,1.0939650224490918
2017-07-07,buy_and_hold,1.084292451114079
2017-07-10,buy_and_hold,1.071474896324763
2017-07-11,buy_and_hold,1.0753886535123405
2017-07-12,buy_and_hold,1.0821119292524286
2017-07-13,buy_and_hold,1.0878847211041054
2017-07-14,buy_and_hold,1.086906281807211
2017-07-17,buy_and_hold,1.0747596568214797
2017-07-18,buy_and_hold,1.0727748228192084
2017-07-19,buy_and_hold,1.078100328135162
2017-07-20,buy_and_hold,1.0740607716094124
2017-07-21,buy_and_hold,1.0649053753313296
2017-07-24,buy_and_hold,1.0619421020321638
2017-07-25,buy_and_hold,1.0724673133258986
2017-07-26,buy_and_hold,1.0817065758294298
2017-07-27,buy_and_hold,1.0783798822199888
2017-07-28,buy_and_hold,1.0861934188909024
2017-07-31,buy_and_hold,1.095223015830813
2017-08-01,buy_and_hold,1.0997797474134925
2017-08-02,buy_and_hold,1.0989690405674943
2017-08-03,buy_and_hold,1.1021280017260389
2017-08-04,buy_and_hold,1.1023935781066243
2017-08-07,buy_and_hold,1.108403990930404
2017-08-08,buy_and_hold,1.1064331346323741
2017-08-09,buy_and_hold,1.08139906633612
2017-08-10,buy_and_hold,1.081077579138569
2017-08-11,buy_and_hold,1.079190589065987
2017-08-14,buy_and_hold,1.0849074701006982
2017-08-15,buy_and_hold,1.0777648632333694
2017-08-16,buy_and_hold,1.081273266997948
2017-08-17,buy_and_hold,1.0729145998616219
2017-08-18,buy_and_hold,1.0748435230469278
2017-08-21,buy_and_hold,1.0745919243705833
2017-08-22,buy_and_hold,1.0640667130768484
2017-08-23,buy_and_hold,1.0706641894787645
2017-08-24,buy_and_hold,1.0759617393862353
2017-08-25,buy_and_hold,1.0785615923751262
2017-08-28,buy_and_hold,1.086431039863005
2017-08-29,buy_and_hold,1.0819162413930496
2017-08-30,buy_and_hold,1.0883739407525526
2017-08-31,buy_and_hold,1.0941187771957464
2017-09-01,buy_and_hold,1.102463466627831
2017-09-05,buy_and_hold,1.1074674847462334
2017-09-06,buy_and_hold,1.1092007200721605
2017-09-07,buy_and_hold,1.113631652316668
2017-09-08,buy_and_hold,1.1198936638167918
2017-09-11,buy_and_hold,1.114679980134769
2017-09-12,buy_and_hold,1.118132473082382
2017-09-13,buy_and_hold,1.1221021410869247
2017-09-14,buy_and_hold,1.1270502483883622
2017-09-15,buy_and_hold,1.1263513631762947
2017-09-18,buy_and_hold,1.129216792545771
2017-09-19,buy_and_hold,1.1265051179229495
2017-09-20,buy_and_hold,1.1264072739932602
2017-09-21,buy_and_hold,1.1237095770746799
2017-09-22,buy_and_hold,1.1281824424319113
2017-09-25,buy_and_hold,1.1260158982745025
2017-09-26,buy_and_hold,1.1256944110769516
2017-09-27,buy_and_hold,1.1234859338068184
2017-09-28,buy_and_hold,1.12495359275216
2017-09-29,buy_and_hold,1.124394484582506
2017-10-02,buy_and_hold,1.121333367353651
2017-10-03,buy_and_hold,1.1154207984595608
2017-10-04,buy_and_hold,1.1261277199084332
2017-10-05,buy_and_hold,1.1255266786260552
2017-10-06,buy_and_hold,1.1291189486160815
2017-10-09,buy_and_hold,1.130740362308078
2017-10-10,buy_and_hold,1.1331025943248658
2017-10-11,buy_and_hold,1.137715236724511
2017-10-12,buy_and_hold,1.1403989559388494
2017-10-13,buy_and_hold,1.147499629693454
2017-10-16,buy_and_hold,1.1453750186487692
2017-10-17,buy_and_hold,1.1577592646066035
2017-10-18,buy_and_hold,1.1569625354648467
2017-10-19,buy_and_hold,1.1586538376780497
2017-10-20,buy_and_hold,1.1557324974916081
2017-10-23,buy_and_hold,1.1462276586074915
2017-10-24,buy_and_hold,1.1534960648129924
2017-10-25,buy_and_hold,1.1611139136245272
2017-10-26,buy_and_hold,1.1603032067785288
2017-10-27,buy_and_hold,1.1746443313301518
2017-10-30,buy_and_hold,1.181395562478723
2017-10-31,buy_and_hold,1.1703252207195751
2017-11-01,buy_and_hold,1.1779151141226272
2017-11-02,buy_and_hold,1.1644685626424507
2017-11-03,buy_and_hold,1.1793408399552447
2017-11-06,buy_and_hold,1.186832889428607
2017-11-07,buy_and_hold,1.1885661247545345
2017-11-08,buy_and_hold,1.2016632336286774
2017-11-09,buy_and_hold,1.2026416729255716
2017-11-10,buy_and_hold,1.2135582599380643
2017-11-13,buy_and_hold,1.2291154447586845
2017-11-14,buy_and_hold,1.2312959666203347
2017-11-15,buy_and_hold,1.2336581986371224
2017-11-16,buy_and_hold,1.2479294346675387
2017-11-17,buy_and_hold,1.2449801390726143
2017-11-20,buy_and_hold,1.2629554667269876
2017-11-21,buy_and_hold,1.2835725804829758
2017-11-22,buy_and_hold,1.3036445637735514
2017-11-23,buy_and_hold,1.3050982450146518
2017-11-24,buy_and_hold,1.3077120757077836
2017-11-27,buy_and_hold,1.3119612977971533
2017-11-28,buy_and_hold,1.3155955008999036
2017-11-29,buy_and_hold,1.330873131635697
2017-11-30,buy_and_hold,1.327784058998359
2017-12-01,buy_and_hold,1.3423208714093608
2017-12-04,buy_and_hold,1.355865266819227
2017-12-05,buy_and_hold,1.3324945453276933
2017-12-06,buy_and_hold,1.3245831647270905
2017-12-07,buy_and_hold,1.3120172086141189
2017-12-08,buy_and_hold,1.3141278419545623
2017-12-11,buy_and_hold,1.2823844756224614
2017-12-12,buy_and_hold,1.2960826257789821
2017-12-13,buy_and_hold,1.292098980070198
2017-12-14,buy_and_hold,1.3081034514265415
2017-12-15,buy_and_hold,1.3071389898338885
2017-12-18,buy_and_hold,1.3391479325465752
2017-12-19,buy_and_hold,1.32986673693032
2017-12-20,buy_and_hold,1.332788077116762
2017-12-21,buy_and_hold,1.3223746874569577
2017-12-22,buy_and_hold,1.3311247303120417
2017-12-25,buy_and_hold,1.339497375152609
2017-12-26,buy_and_hold,1.350148385784516
2017-12-27,buy_and_hold,1.353684744957577
2017-12-28,buy_and_hold,1.3652303286609304
2017-12-29,buy_and_hold,1.375741562250424
2018-01-02,buy_and_hold,1.3918578552406982
2018-01-03,buy_and_hold,1.4056957824396328
2018-01-04,buy_and_hold,1.4253763900114507
2018-01-05,buy_and_hold,1.4154522200000934
2018-01-08,buy_and_hold,1.4297793668474752
2018-01-09,buy_and_hold,1.4446795995687518
2018-01-10,buy_and_hold,1.451039454998565
2018-01-11,buy_and_hold,1.4651010254653614
2018-01-12,buy_and_hold,1.4678127000881827
2018-01-15,buy_and_hold,1.4864869129546234
2018-01-16,buy_and_hold,1.4857740500383148
2018-01-17,buy_and_hold,1.4462590801480242
2018-01-18,buy_and_hold,1.4680083879475614
2018-01-19,buy_and_hold,1.4845300343608345
2018-01-22,buy_and_hold,1.5199635146126516
2018-01-25,buy_and_hold,1.543935277386563
2018-01-26,buy_and_hold,1.5594085959817354
2018-01-29,buy_and_hold,1.551245616704788
2018-01-30,buy_and_hold,1.5523079222271305
2018-01-31,buy_and_hold,1.5520283681423035
2018-02-01,buy_and_hold,1.5370862023083027
2018-02-02,buy_and_hold,1.5445922294859062
2018-02-05,buy_and_hold,1.4658558214943938
2018-02-06,buy_and_hold,1.4139845610547517
2018-02-07,buy_and_hold,1.4544500148334538
2018-02-08,buy_and_hold,1.4302685864959221
2018-02-09,buy_and_hold,1.4032776396058795
2018-02-12,buy_and_hold,1.456183250159381
2018-02-13,buy_and_hold,1.4812592515683594
2018-02-21,buy_and_hold,1.5195861165981353
2018-02-22,buy_and_hold,1.5040429094817562
2018-02-23,buy_and_hold,1.5415311122570512
2018-02-26,buy_and_hold,1.5578570708109456
2018-02-27,buy_and_hold,1.5649577445655503
2018-02-28,buy_and_hold,1.5676554414841304
2018-03-01,buy_and_hold,1.5596182615453555
2018-03-02,buy_and_hold,1.5671941772441662
2018-03-05,buy_and_hold,1.5284340033829085
2018-03-06,buy_and_hold,1.565908228453962
2018-03-07,buy_and_hold,1.5546841319481595
2018-03-08,buy_and_hold,1.5713036222911223
2018-03-09,buy_and_hold,1.5702692721772624
2018-03-12,buy_and_hold,1.5742948509987706
2018-03-13,buy_and_hold,1.5841071993761966
2018-03-14,buy_and_hold,1.5907885420035608
2018-03-15,buy_and_hold,1.5917250481877312
2018-03-16,buy_and_hold,1.6077015641355918
2018-03-19,buy_and_hold,1.620323431065529
2018-03-20,buy_and_hold,1.620561052037632
2018-03-21,buy_and_hold,1.6344968231662556
2018-03-22,buy_and_hold,1.6386901344386597
2018-03-23,buy_and_hold,1.6124539835776497
2018-03-26,buy_and_hold,1.6370966761551462
2018-03-27,buy_and_hold,1.637809539071455
2018-03-28,buy_and_hold,1.6385224019877638
2018-03-29,buy_and_hold,1.6312400180780215
2018-03-30,buy_and_hold,1.641625452329343
2018-04-02,buy_and_hold,1.6725860672239286
2018-04-03,buy_and_hold,1.6609566172951273
2018-04-04,buy_and_hold,1.6654993711735653
2018-04-05,buy_and_hold,1.6677777369649052
2018-04-06,buy_and_hold,1.6772685981447804
2018-04-09,buy_and_hold,1.683376854898249
2018-04-10,buy_and_hold,1.6746967005643718
2018-04-11,buy_and_hold,1.6313518397119522
2018-04-12,buy_and_hold,1.6396126629185888
2018-04-13,buy_and_hold,1.6174160685833285
2018-04-16,buy_and_hold,1.6053253544145623
2018-04-17,buy_and_hold,1.6120206747461678
2018-04-18,buy_and_hold,1.5914035609901798
2018-04-19,buy_and_hold,1.5300414393706627
2018-04-20,buy_and_hold,1.5653071871715833
2018-04-23,buy_and_hold,1.5050912372998566
2018-04-24,buy_and_hold,1.5106264081794305
2018-04-26,buy_and_hold,1.4604744053614742
2018-04-27,buy_and_hold,1.468022365651802
2018-05-02,buy_and_hold,1.4384175880686272
2018-05-03,buy_and_hold,1.4347554295573943
2018-05-04,buy_and_hold,1.4352306715015999
2018-05-07,buy_and_hold,1.4847956107414195
2018-05-08,buy_and_hold,1.4822656462737356
2018-05-09,buy_and_hold,1.4774014051977464
2018-05-10,buy_and_hold,1.4381240562795587
2018-05-11,buy_and_hold,1.4604604276572328
2018-05-14,buy_and_hold,1.4913930871433358
2018-05-15,buy_and_hold,1.5005065503086945
2018-05-16,buy_and_hold,1.4741166447010297
2018-05-17,buy_and_hold,1.4405981099302778
2018-05-18,buy_and_hold,1.454436037129212
2018-05-21,buy_and_hold,1.418709025088327
2018-05-22,buy_and_hold,1.3780758388587286
2018-05-23,buy_and_hold,1.382311083243857
2018-05-24,buy_and_hold,1.3780898165629698
2018-05-25,buy_and_hold,1.3473109118235218
2018-05-28,buy_and_hold,1.3023725926875884
2018-05-29,buy_and_hold,1.3309290424526619
2018-05-30,buy_and_hold,1.3257852472918459
2018-05-31,buy_and_hold,1.3575845244409124
2018-06-01,buy_and_hold,1.3878043210107065
2018-06-04,buy_and_hold,1.4170317005793647
2018-06-05,buy_and_hold,1.4295557235796124
2018-06-06,buy_and_hold,1.4459935037674376
2018-06-07,buy_and_hold,1.449054620996293
2018-06-08,buy_and_hold,1.4522974483802855
2018-06-11,buy_and_hold,1.4523114260845267
2018-06-12,buy_and_hold,1.4267881381398255
2018-06-13,buy_and_hold,1.4404443551836223
2018-06-14,buy_and_hold,1.4197433752021864
2018-06-15,buy_and_hold,1.4208476138372528
2018-06-18,buy_and_hold,1.380074650565241
2018-06-19,buy_and_hold,1.344878791285527
2018-06-20,buy_and_hold,1.3711428975550195
2018-06-21,buy_and_hold,1.3549986491562627
2018-06-22,buy_and_hold,1.3742459478965985
2018-06-25,buy_and_hold,1.3845195605139893
2018-06-26,buy_and_hold,1.3740362823329784
2018-06-27,buy_and_hold,1.3543137416484365
2018-06-28,buy_and_hold,1.3381555155454385
2018-06-29,buy_and_hold,1.3429498681002208
2018-07-02,buy_and_hold,1.3238982572192635
2018-07-03,buy_and_hold,1.2663939819703585
2018-07-04,buy_and_hold,1.2789459603790887
2018-07-05,buy_and_hold,1.2571547194668273
2018-07-06,buy_and_hold,1.2824683418479081
2018-07-09,buy_and_hold,1.279127670534226
2018-07-10,buy_and_hold,1.2735365888376868
2018-07-11,buy_and_hold,1.2484326320202261
2018-07-12,buy_and_hold,1.2559107037893473
2018-07-13,buy_and_hold,1.2715797102438984
2018-07-16,buy_and_hold,1.273522611133446
2018-07-17,buy_and_hold,1.2877239586426552
2018-07-18,buy_and_hold,1.3172448700003818
2018-07-19,buy_and_hold,1.3194533472705148
2018-07-20,buy_and_hold,1.3046649361831688
2018-07-23,buy_and_hold,1.3093474671040204
2018-07-24,buy_and_hold,1.3056293977758218
2018-07-25,buy_and_hold,1.2965438900189457
2018-07-26,buy_and_hold,1.3001501377132132
2018-07-27,buy_and_hold,1.3076421871865758
2018-07-30,buy_and_hold,1.327504504913531
2018-07-31,buy_and_hold,1.3368136559382686
2018-08-01,buy_and_hold,1.3317537270029007
2018-08-02,buy_and_hold,1.3328439879337257
2018-08-03,buy_and_hold,1.3413004989997415
2018-08-06,buy_and_hold,1.3421810943669463
2018-08-07,buy_and_hold,1.3373727641079225
2018-08-08,buy_and_hold,1.3506236277287202
2018-08-09,buy_and_hold,1.346751803653867
2018-08-10,buy_and_hold,1.353698722661817
2018-08-13,buy_and_hold,1.367075385620787
2018-08-14,buy_and_hold,1.3673968728183379
2018-08-15,buy_and_hold,1.34377455265046
2018-08-16,buy_and_hold,1.3478420645846925
2018-08-17,buy_and_hold,1.3542718085357126
2018-08-20,buy_and_hold,1.3553061586495723
2018-08-21,buy_and_hold,1.368710777017025
2018-08-22,buy_and_hold,1.3728202220639811
2018-08-23,buy_and_hold,1.3801026059737234
2018-08-24,buy_and_hold,1.3796692971422413
2018-08-27,buy_and_hold,1.3864764391077777
2018-08-28,buy_and_hold,1.3910471483946985
2018-08-29,buy_and_hold,1.381234800017272
2018-08-30,buy_and_hold,1.3950727272162067
2018-08-31,buy_and_hold,1.3831497454983368
2018-09-04,buy_and_hold,1.3641400677301039
2018-09-05,buy_and_hold,1.353656789549093
2018-09-06,buy_and_hold,1.3393296427017114
2018-09-07,buy_and_hold,1.3542997639441952
2018-09-10,buy_and_hold,1.3563125533549494
2018-09-11,buy_and_hold,1.3768877339982133
2018-09-12,buy_and_hold,1.3796133863252764
2018-09-13,buy_and_hold,1.380927290523963
2018-09-14,buy_and_hold,1.38566573226178
2018-09-17,buy_and_hold,1.3804520485797573
2018-09-18,buy_and_hold,1.38867093867367
2018-09-19,buy_and_hold,1.3915363680431463
2018-09-20,buy_and_hold,1.4043958559451866
2018-09-21,buy_and_hold,1.401921802294468
2018-09-24,buy_and_hold,1.4135512522232694
2018-09-25,buy_and_hold,1.4127824784899954
2018-09-26,buy_and_hold,1.411202997910723
2018-09-27,buy_and_hold,1.4192541555537395
2018-09-28,buy_and_hold,1.4217142315002167
2018-10-01,buy_and_hold,1.4157737071976437
2018-10-02,buy_and_hold,1.4240345304042803
2018-10-03,buy_and_hold,1.4262849407871374
2018-10-04,buy_and_hold,1.4307857615528516
2018-10-05,buy_and_hold,1.4094977179932786
2018-10-08,buy_and_hold,1.3923470748891449
2018-10-09,buy_and_hold,1.3924449188188344
2018-10-10,buy_and_hold,1.3893278907730136
2018-10-11,buy_and_hold,1.3221370664848544
2018-10-12,buy_and_hold,1.355949133044675
2018-10-15,buy_and_hold,1.3301742464236295
2018-10-16,buy_and_hold,1.3465700934987304
2018-10-17,buy_and_hold,1.3580737440893595
2018-10-18,buy_and_hold,1.3467098705411438
2018-10-19,buy_and_hold,1.339567263673815
2018-10-22,buy_and_hold,1.332788077116761
2018-10-23,buy_and_hold,1.313456912150977
2018-10-24,buy_and_hold,1.2897647034618924
2018-10-25,buy_and_hold,1.2722087069347594
2018-10-26,buy_and_hold,1.2591395534690992
2018-10-29,buy_and_hold,1.2423663083794818
2018-10-30,buy_and_hold,1.2421845982243442
2018-10-31,buy_and_hold,1.278624473181538
2018-11-01,buy_and_hold,1.2691196342974216
2018-11-02,buy_and_hold,1.2927419544652994
2018-11-05,buy_and_hold,1.2936784606494696
2018-11-06,buy_and_hold,1.2888142195734804
2018-11-07,buy_and_hold,1.2889679743201352
2018-11-08,buy_and_hold,1.2947267884675706
2018-11-09,buy_and_hold,1.2779675210821946
2018-11-12,buy_and_hold,1.2833209818066307
2018-11-13,buy_and_hold,1.2655133866031536
2018-11-14,buy_and_hold,1.2592933082157538
2018-11-15,buy_and_hold,1.2540097360125242
2018-11-16,buy_and_hold,1.2554634172536248
2018-11-19,buy_and_hold,1.280441574732913
2018-11-20,buy_and_hold,1.284578975188352
2018-11-21,buy_and_hold,1.2895270824897889
2018-11-22,buy_and_hold,1.2921269354786795
2018-11-23,buy_and_hold,1.2831113162430103
2018-11-26,buy_and_hold,1.2873884937408626
2018-11-27,buy_and_hold,1.2903098339273045
2018-11-28,buy_and_hold,1.300206048530179
2018-11-29,buy_and_hold,1.295439651383879
2018-11-30,buy_and_hold,1.2950902087778453
2018-12-03,buy_and_hold,1.3301043579024219
2018-12-04,buy_and_hold,1.340238193477399
2018-12-05,buy_and_hold,1.3378619837563699
2018-12-06,buy_and_hold,1.3346191563723773
2018-12-07,buy_and_hold,1.3398887508713653
2018-12-10,buy_and_hold,1.3361147707262013
2018-12-11,buy_and_hold,1.3342836914705847
2018-12-12,buy_and_hold,1.3436487533122878
2018-12-13,buy_and_hold,1.342209049775429
2018-12-14,buy_and_hold,1.3307333545932825
2018-12-17,buy_and_hold,1.3050283564934437
2018-12-18,buy_and_hold,1.2960826257789813
2018-12-19,buy_and_hold,1.2848864846816614
2018-12-20,buy_and_hold,1.2834887142575269
2018-12-21,buy_and_hold,1.2751300471212008
2018-12-24,buy_and_hold,1.2699582965519018
2018-12-25,buy_and_hold,1.2551139746475906
2018-12-26,buy_and_hold,1.246461775722196
2018-12-27,buy_and_hold,1.2591255757648572
2018-12-28,buy_and_hold,1.2475660143572624
2019-01-02,buy_and_hold,1.246461775722196
2019-01-03,buy_and_hold,1.2275499418836524
2019-01-04,buy_and_hold,1.2312959666203336
2019-01-07,buy_and_hold,1.2435124801272717
2019-01-08,buy_and_hold,1.2404373851941752
2019-01-09,buy_and_hold,1.2537860927446622
2019-01-10,buy_and_hold,1.255617172000279
2019-01-11,buy_and_hold,1.2617813395707134
2019-01-14,buy_and_hold,1.2605093684847506
2019-01-15,buy_and_hold,1.2715237994269326
2019-01-16,buy_and_hold,1.2701539844112808
2019-01-17,buy_and_hold,1.2606351678229228
2019-01-18,buy_and_hold,1.261208253696818
2019-01-21,buy_and_hold,1.2734387449079974
2019-01-22,buy_and_hold,1.2671487779993906
2019-01-23,buy_and_hold,1.2694271437907303
2019-01-24,buy_and_hold,1.2702797837494526
2019-01-25,buy_and_hold,1.270405583087625
2019-01-28,buy_and_hold,1.2750182254872695
2019-01-29,buy_and_hold,1.2802598645777752
2019-01-30,buy_and_hold,1.280134065239603
2019-01-31,buy_and_hold,1.2728796367383435
2019-02-01,buy_and_hold,1.2701120512985566
2019-02-11,buy_and_hold,1.294475189791226
2019-02-12,buy_and_hold,1.310465683443328
2019-02-13,buy_and_hold,1.3212424934134073
2019-02-14,buy_and_hold,1.3311526857205231
2019-02-15,buy_and_hold,1.3291259186055278
2019-02-18,buy_and_hold,1.3436767087207708
2019-02-19,buy_and_hold,1.347939908514382
2019-02-20,buy_and_hold,1.3566480182567418
2019-02-21,buy_and_hold,1.380396137762792
2019-02-22,buy_and_hold,1.3822691501311324
2019-02-25,buy_and_hold,1.3899848428723565
2019-02-26,buy_and_hold,1.3796832748464831
2019-02-27,buy_and_hold,1.384170117907956
2019-02-28,buy_and_hold,1.3495054113894134
2019-03-01,buy_and_hold,1.369297840595162
2019-03-04,buy_and_hold,1.3893698238857375
2019-03-05,buy_and_hold,1.3872172574325699
2019-03-06,buy_and_hold,1.3900687090978048
2019-03-07,buy_and_hold,1.3894257347027026
2019-03-08,buy_and_hold,1.3771533103787992
2019-03-11,buy_and_hold,1.3762447596031118
2019-03-12,buy_and_hold,1.3996154810946453
2019-03-13,buy_and_hold,1.4053323621293565
2019-03-14,buy_and_hold,1.409567606514485
2019-03-15,buy_and_hold,1.4035292382822226
2019-03-18,buy_and_hold,1.4143479813650257
2019-03-19,buy_and_hold,1.4069817312298354
2019-03-20,buy_and_hold,1.400985296110297
2019-03-21,buy_and_hold,1.3723030470070512
2019-03-22,buy_and_hold,1.3819895960463056
2019-03-25,buy_and_hold,1.355935155340433
2019-03-26,buy_and_hold,1.3555437796216754
2019-03-27,buy_and_hold,1.3640981346173802
2019-03-28,buy_and_hold,1.373980371516013
2019-03-29,buy_and_hold,1.3708773211744338
2019-04-01,buy_and_hold,1.3817379973699613
2019-04-02,buy_and_hold,1.3779360618163146
2019-04-03,buy_and_hold,1.3760490717437326
2019-04-04,buy_and_hold,1.3794736092828628
2019-04-05,buy_and_hold,1.3827583697795796
2019-04-08,buy_and_hold,1.394359864299898
2019-04-09,buy_and_hold,1.3816681088487544
2019-04-10,buy_and_hold,1.3724847571621885
2019-04-11,buy_and_hold,1.3781317496756933
2019-04-12,buy_and_hold,1.3738685498820822
2019-04-16,buy_and_hold,1.3658593253517897
2019-04-17,buy_and_hold,1.3587726293014264
2019-04-18,buy_and_hold,1.3450744791449054
2019-04-19,buy_and_hold,1.3505397615032724
2019-04-22,buy_and_hold,1.3500505418548252
2019-04-23,buy_and_hold,1.3530417705624738
2019-04-24,buy_and_hold,1.365509882745756
2019-04-25,buy_and_hold,1.36161010326242
2019-04-26,buy_and_hold,1.3693118182994026
2019-05-02,buy_and_hold,1.3677183600158889
2019-05-03,buy_and_hold,1.3616240809666613
2019-05-06,buy_and_hold,1.3390221332084018
2019-05-07,buy_and_hold,1.3384490473345063
2019-05-08,buy_and_hold,1.329587182845492
2019-05-09,buy_and_hold,1.3237025693598845
2019-05-10,buy_and_hold,1.3314462175095911
2019-05-13,buy_and_hold,1.3398188623501586
2019-05-14,buy_and_hold,1.3493237012342754
2019-05-15,buy_and_hold,1.3637207366028636
2019-05-16,buy_and_hold,1.3637906251240703
2019-05-17,buy_and_hold,1.364894863759137
2019-05-20,buy_and_hold,1.3797811187761724
2019-05-21,buy_and_hold,1.378606991619899
2019-05-22,buy_and_hold,1.3750985878553208
2019-05-23,buy_and_hold,1.3736029735014965
2019-05-24,buy_and_hold,1.3558792445234673
2019-05-27,buy_and_hold,1.3630218513907963
2019-05-28,buy_and_hold,1.3586328522590132
2019-05-29,buy_and_hold,1.357989877863911
2019-05-30,buy_and_hold,1.3549147829308146
2019-05-31,buy_and_hold,1.3416918747184996
2019-06-03,buy_and_hold,1.3229477733308521
2019-06-04,buy_and_hold,1.3295033166200443
2019-06-05,buy_and_hold,1.329852759226078
2019-06-06,buy_and_hold,1.3253798938688468
2019-06-07,buy_and_hold,1.3394554420398839
2019-06-10,buy_and_hold,1.3459131413993866
2019-06-11,buy_and_hold,1.3447529919473549
2019-06-12,buy_and_hold,1.3337106055966899
2019-06-13,buy_and_hold,1.3279937245619788
2019-06-14,buy_and_hold,1.3329278541591745
2019-06-17,buy_and_hold,1.3236187031344369
2019-06-18,buy_and_hold,1.3195092580874805
2019-06-19,buy_and_hold,1.3274485940965661
2019-06-20,buy_and_hold,1.3407134354216053
2019-06-21,buy_and_hold,1.3407413908300883
2019-06-24,buy_and_hold,1.3458432528781803
2019-06-25,buy_and_hold,1.3420413173245336
2019-06-26,buy_and_hold,1.3406435469003988
2019-06-27,buy_and_hold,1.3182512647057596
2019-06-28,buy_and_hold,1.3277980367026003
2019-07-01,buy_and_hold,1.3497010992487923
2019-07-02,buy_and_hold,1.344627192609183
2019-07-03,buy_and_hold,1.3424047376348087
2019-07-04,buy_and_hold,1.3600865335001138
2019-07-05,buy_and_hold,1.3633014054756236
2019-07-08,buy_and_hold,1.350735449362652
2019-07-09,buy_and_hold,1.354509429507816
2019-07-10,buy_and_hold,1.3609391734588359
2019-07-11,buy_and_hold,1.367900070171027
2019-07-12,buy_and_hold,1.3633852717010717
2019-07-15,buy_and_hold,1.3593736705838049
2019-07-16,buy_and_hold,1.3727643112470163
2019-07-17,buy_and_hold,1.3734072856421184
2019-07-18,buy_and_hold,1.3642938224767593
2019-07-19,buy_and_hold,1.3730857984445675
2019-07-22,buy_and_hold,1.3726664673173268
2019-07-23,buy_and_hold,1.383037923864407
2019-07-24,buy_and_hold,1.3815702649190653
2019-07-25,buy_and_hold,1.390711683492907
2019-07-26,buy_and_hold,1.3884752508142912
2019-07-29,buy_and_hold,1.3948910170610698
2019-07-30,buy_and_hold,1.378229593605383
2019-07-31,buy_and_hold,1.3861130187975033
2019-08-01,buy_and_hold,1.3941222433277953
2019-08-02,buy_and_hold,1.3853302673599877
2019-08-05,buy_and_hold,1.3602402882467681
2019-08-06,buy_and_hold,1.348303328824657
2019-08-07,buy_and_hold,1.3501483857845151
2019-08-08,buy_and_hold,1.36316162843321
2019-08-09,buy_and_hold,1.3619036350514886
2019-08-12,buy_and_hold,1.3632594723628992
2019-08-13,buy_and_hold,1.3514063791662363
2019-08-14,buy_and_hold,1.3543137416484368
2019-08-15,buy_and_hold,1.368948397989128
2019-08-16,buy_and_hold,1.3698150156520916
2019-08-19,buy_and_hold,1.3712547191889504
2019-08-20,buy_and_hold,1.376342603532801
2019-08-21,buy_and_hold,1.3899149543511498
2019-08-22,buy_and_hold,1.393940533172658
2019-08-23,buy_and_hold,1.3872172574325696
2019-08-26,buy_and_hold,1.3738405944735996
2019-08-27,buy_and_hold,1.3653281725906188
2019-08-28,buy_and_hold,1.3659851246899621
2019-08-29,buy_and_hold,1.3678441593540613
2019-08-30,buy_and_hold,1.3754899635740787
2019-09-03,buy_and_hold,1.3689204425806452
2019-09-04,buy_and_hold,1.3665022997468919
2019-09-05,buy_and_hold,1.3653281725906188
2019-09-06,buy_and_hold,1.3615402147412135
2019-09-09,buy_and_hold,1.361596125558179
2019-09-10,buy_and_hold,1.3562007317210185
2019-09-11,buy_and_hold,1.3548728498180904
2019-09-12,buy_and_hold,1.3643217778852417
2019-09-13,buy_and_hold,1.3799069181143444
2019-09-16,buy_and_hold,1.38359703203406
2019-09-17,buy_and_hold,1.3932136925521075
2019-09-18,buy_and_hold,1.3909912375777331
2019-09-19,buy_and_hold,1.3937168899047963
2019-09-20,buy_and_hold,1.3842959172461278
2019-09-23,buy_and_hold,1.3778521955908662
2019-09-24,buy_and_hold,1.381178889200307
2019-09-25,buy_and_hold,1.380018739748275
2019-09-26,buy_and_hold,1.38484104771154
2019-09-27,buy_and_hold,1.394751240018656
2019-09-30,buy_and_hold,1.3929620938757632
2019-10-01,buy_and_hold,1.3971973382608918
2019-10-02,buy_and_hold,1.3854560666981595
2019-10-03,buy_and_hold,1.3872172574325692
2019-10-04,buy_and_hold,1.3804240931712741
2019-10-07,buy_and_hold,1.3741341262626676
2019-10-08,buy_and_hold,1.381304688538479
2019-10-09,buy_and_hold,1.3807595580730665
2019-10-10,buy_and_hold,1.380130561382206
2019-10-11,buy_and_hold,1.386364617473847
2019-10-14,buy_and_hold,1.3887827603076002
2019-10-15,buy_and_hold,1.3880559196870499
2019-10-16,buy_and_hold,1.39002677598508
2019-10-17,buy_and_hold,1.3835411212170947
2019-10-18,buy_and_hold,1.382674503554131
2019-10-21,buy_and_hold,1.3747910783620108
2019-10-22,buy_and_hold,1.3798649850016205
2019-10-23,buy_and_hold,1.3807036472561012
2019-10-24,buy_and_hold,1.388824693420324
2019-10-25,buy_and_hold,1.3929760715800046
2019-10-28,buy_and_hold,1.3928502722418323
2019-10-29,buy_and_hold,1.3919976322831102
2019-10-30,buy_and_hold,1.3990144398122668
2019-10-31,buy_and_hold,1.396121055034308
2019-11-01,buy_and_hold,1.4195616650470484
2019-11-04,buy_and_hold,1.42912241474813
2019-11-05,buy_and_hold,1.4317921562582274
2019-11-06,buy_and_hold,1.4325888853999842
2019-11-07,buy_and_hold,1.4313588474267454
2019-11-08,buy_and_hold,1.429206280973578
2019-11-11,buy_and_hold,1.4211830787390443
2019-11-12,buy_and_hold,1.4233915560091774
2019-11-13,buy_and_hold,1.4156199524509878
2019-11-14,buy_and_hold,1.4149630003516445
2019-11-15,buy_and_hold,1.4117900614888583
2019-11-18,buy_and_hold,1.4018379360690187
2019-11-19,buy_and_hold,1.4094418071763122
2019-11-20,buy_and_hold,1.398553175572302
2019-11-21,buy_and_hold,1.3808434242985144
2019-11-22,buy_and_hold,1.3667119653105118
2019-11-25,buy_and_hold,1.3647131536039991
2019-11-26,buy_and_hold,1.3653281725906181
2019-11-27,buy_and_hold,1.367257095775924
2019-11-28,buy_and_hold,1.3563824418761554
2019-11-29,buy_and_hold,1.356885639228844
2019-12-02,buy_and_hold,1.340895145576742
2019-12-03,buy_and_hold,1.3326762554828295
2019-12-04,buy_and_hold,1.3501064526717903
2019-12-05,buy_and_hold,1.3464303164563158
2019-12-06,buy_and_hold,1.346835669879315
2019-12-09,buy_and_hold,1.350330095939652
2019-12-10,buy_and_hold,1.3422789382966356
2019-12-11,buy_and_hold,1.344347638524355
2019-12-12,buy_and_hold,1.3532793915345762
2019-12-13,buy_and_hold,1.350497828390548
2019-12-16,buy_and_hold,1.3439143296928733
2019-12-17,buy_and_hold,1.3335149177373105
2019-12-18,buy_and_hold,1.3294613835073197
2019-12-19,buy_and_hold,1.3310408640865918
2019-12-20,buy_and_hold,1.3368416113467512
2019-12-23,buy_and_hold,1.3410628780276381
2019-12-24,buy_and_hold,1.3402941042943641
2019-12-25,buy_and_hold,1.343145555959599
2019-12-26,buy_and_hold,1.3398887508713653
2019-12-27,buy_and_hold,1.3467657813581082
2019-12-30,buy_and_hold,1.348890392402793
2019-12-31,buy_and_hold,1.3432433998892885
2020-01-02,buy_and_hold,1.3511827358983741
2020-01-03,buy_and_hold,1.3490441471494479
2020-01-06,buy_and_hold,1.3359749936837877
2020-01-07,buy_and_hold,1.3402941042943641
2020-01-08,buy_and_hold,1.3264561770954297
2020-01-09,buy_and_hold,1.342069272733015
2020-01-10,buy_and_hold,1.3537965665915062
2020-01-13,buy_and_hold,1.3500225864463422
2020-01-14,buy_and_hold,1.3516440001383385
2020-01-15,buy_and_hold,1.352426751575854
2020-01-16,buy_and_hold,1.3618617019387638
2020-01-17,buy_and_hold,1.3683613344109904
2020-01-20,buy_and_hold,1.367900070171026
2020-01-21,buy_and_hold,1.3787188132538293
2020-01-22,buy_and_hold,1.3858334647126755
2020-01-30,buy_and_hold,1.3412725435912585
2020-01-31,buy_and_hold,1.3091797346531238
2020-02-03,buy_and_hold,1.2973266414564608
2020-02-04,buy_and_hold,1.298654523359389
2020-02-05,buy_and_hold,1.2942096134106402
2020-02-06,buy_and_hold,1.3118634538674625
2020-02-07,buy_and_hold,1.3149525265048005
2020-02-10,buy_and_hold,1.30094686685497
2020-02-11,buy_and_hold,1.3064540823260609
2020-02-12,buy_and_hold,1.3106613713027064
2020-02-13,buy_and_hold,1.311444122740222
2020-02-14,buy_and_hold,1.3103398841051557
2020-02-17,buy_and_hold,1.3065938593684745
2020-02-18,buy_and_hold,1.2970331096673924
2020-02-19,buy_and_hold,1.2981932591194243
2020-02-20,buy_and_hold,1.3112903679935672
2020-02-21,buy_and_hold,1.3042456050559281
2020-02-24,buy_and_hold,1.2626619349379182
2020-02-25,buy_and_hold,1.2715098217226912
2020-02-26,buy_and_hold,1.2523603669120449
2020-02-27,buy_and_hold,1.2558128598596578
2020-02-28,buy_and_hold,1.2330990904674675
2020-03-02,buy_and_hold,1.2362300962175294
2020-03-03,buy_and_hold,1.2448683174386825
2020-03-04,buy_and_hold,1.2431350821127554
2020-03-05,buy_and_hold,1.248642297583846
2020-03-06,buy_and_hold,1.2460284668907142
2020-03-09,buy_and_hold,1.1678232116603728
2020-03-10,buy_and_hold,1.1706327302128838
2020-03-11,buy_and_hold,1.1340810336217593
2020-03-12,buy_and_hold,1.0752348987656846
2020-03-13,buy_and_hold,1.0647935536973978
2020-03-16,buy_and_hold,1.0453365893934414
2020-03-17,buy_and_hold,1.0424292269112412
2020-03-18,buy_and_hold,1.0450570353086146
2020-03-19,buy_and_hold,1.014697461696407
2020-03-20,buy_and_hold,0.9920396031211822
2020-03-23,buy_and_hold,0.9317397870240076
2020-03-24,buy_and_hold,0.9214242412938929
2020-03-25,buy_and_hold,0.9648110352590366
2020-03-26,buy_and_hold,0.9703462061386104
2020-03-27,buy_and_hold,0.9729320814232595
2020-03-30,buy_and_hold,0.9256874410875038
2020-03-31,buy_and_hold,0.9260648391020201
2020-04-01,buy_and_hold,0.9508053756092059
2020-04-03,buy_and_hold,0.980955283657793
2020-04-06,buy_and_hold,1.029807359981304
2020-04-07,buy_and_hold,1.0437011979972037
2020-04-08,buy_and_hold,1.045560232661303
2020-04-09,buy_and_hold,1.0627667865824022
2020-04-10,buy_and_hold,1.05942611526872
2020-04-13,buy_and_hold,1.0703986130981782
2020-04-14,buy_and_hold,1.0726630011852765
2020-04-15,buy_and_hold,1.0863751290460388
2020-04-16,buy_and_hold,1.091239370122028
2020-04-17,buy_and_hold,1.1036795268968276
2020-04-20,buy_and_hold,1.1111855540744313
2020-04-21,buy_and_hold,1.0718662720435197
2020-04-22,buy_and_hold,1.07477363452572
2020-04-23,buy_and_hold,1.0817485089421526
2020-04-24,buy_and_hold,1.085592377608523
2020-04-27,buy_and_hold,1.0773595098103692
2020-04-28,buy_and_hold,1.0723834471004494
2020-04-29,buy_and_hold,1.0750392109063056
2020-05-04,buy_and_hold,1.0657580152900508
2020-05-05,buy_and_hold,1.0681202473068383
2020-05-06,buy_and_hold,1.0938811562236426
2020-05-07,buy_and_hold,1.1133800536403227
2020-05-08,buy_and_hold,1.1374077272311995
2020-05-11,buy_and_hold,1.1578151754235675
2020-05-12,buy_and_hold,1.1675855906882697
2020-05-13,buy_and_hold,1.16603406551748
2020-05-14,buy_and_hold,1.163504101049796
2020-05-15,buy_and_hold,1.155998073872192
2020-05-18,buy_and_hold,1.1699478227050573
2020-05-19,buy_and_hold,1.182401957184098
2020-05-20,buy_and_hold,1.1921723724488003
2020-05-21,buy_and_hold,1.205898478013804
2020-05-22,buy_and_hold,1.1919347514766974
2020-05-25,buy_and_hold,1.2007407051487464
2020-05-26,buy_and_hold,1.2148442087282667
2020-05-27,buy_and_hold,1.1985601832870965
2020-05-28,buy_and_hold,1.2040254656454634
2020-05-29,buy_and_hold,1.2083305985517987
2020-06-01,buy_and_hold,1.2281789385745125
2020-06-02,buy_and_hold,1.222769567033111
2020-06-03,buy_and_hold,1.2316733646348494
2020-06-04,buy_and_hold,1.2354892778927375
2020-06-05,buy_and_hold,1.2387321052767304
2020-06-08,buy_and_hold,1.2578815600873767
2020-06-09,buy_and_hold,1.2561483247614496
2020-06-10,buy_and_hold,1.2579933817213074
2020-06-11,buy_and_hold,1.2123841327817892
2020-06-12,buy_and_hold,1.2070027166488704
2020-06-15,buy_and_hold,1.1636019449794852
2020-06-16,buy_and_hold,1.1966731932145143
2020-06-17,buy_and_hold,1.1943109611977267
2020-06-18,buy_and_hold,1.1954711106497586
2020-06-19,buy_and_hold,1.2140474795865097
2020-06-22,buy_and_hold,1.2178494151401564
2020-06-23,buy_and_hold,1.2135442822338214
2020-06-24,buy_and_hold,1.201677211332917
2020-06-25,buy_and_hold,1.1945206267613468
2020-06-26,buy_and_hold,1.1908724459543552
2020-06-29,buy_and_hold,1.1592548789604262
2020-06-30,buy_and_hold,1.1533143546578533
2020-07-01,buy_and_hold,1.1790053750534508
2020-07-02,buy_and_hold,1.1774538498826612
2020-07-03,buy_and_hold,1.184764189200886
2020-07-06,buy_and_hold,1.2037039784479124
2020-07-07,buy_and_hold,1.206862939606457
2020-07-08,buy_and_hold,1.2083725316645224
2020-07-09,buy_and_hold,1.2250898659371747
2020-07-10,buy_and_hold,1.217751571210467
2020-07-13,buy_and_hold,1.2142711228543714
2020-07-14,buy_and_hold,1.2134184828956491
2020-07-15,buy_and_hold,1.215934469659092
2020-07-16,buy_and_hold,1.225607040994105
2020-07-17,buy_and_hold,1.2188837652540165
2020-07-20,buy_and_hold,1.204039443349705
2020-07-21,buy_and_hold,1.204444796772704
2020-07-22,buy_and_hold,1.1952055342691732
2020-07-23,buy_and_hold,1.197539810877478
2020-07-24,buy_and_hold,1.1589753248755992
2020-07-27,buy_and_hold,1.09748740391791
2020-07-28,buy_and_hold,1.1368905521742698
2020-07-29,buy_and_hold,1.1054127622227545
2020-07-30,buy_and_hold,1.1197958198871014
2020-07-31,buy_and_hold,1.1159659289249722
2020-08-03,buy_and_hold,1.1386936760214037
2020-08-04,buy_and_hold,1.1567528699012253
2020-08-05,buy_and_hold,1.1710520613401239
2020-08-06,buy_and_hold,1.174183067090186
2020-08-07,buy_and_hold,1.1761679010924575
2020-08-10,buy_and_hold,1.178600021630452
2020-08-11,buy_and_hold,1.1784322891795558
2020-08-12,buy_and_hold,1.1837997276082333
2020-08-13,buy_and_hold,1.195163601156449
2020-08-14,buy_and_hold,1.1891392106284282
2020-08-17,buy_and_hold,1.1883145260781884
2020-08-18,buy_and_hold,1.1831148201004071
2020-08-19,buy_and_hold,1.1897961627277713
2020-08-20,buy_and_hold,1.185602851455367
2020-08-21,buy_and_hold,1.1947862031419323
2020-08-24,buy_and_hold,1.2142152120374061
2020-08-25,buy_and_hold,1.2218190831446993
2020-08-26,buy_and_hold,1.2209105323690117
2020-08-27,buy_and_hold,1.2226437676949389
2020-08-28,buy_and_hold,1.2286122474059946
2020-08-31,buy_and_hold,1.2323442944384344
2020-09-01,buy_and_hold,1.246433820313713
2020-09-03,buy_and_hold,1.2635425303051229
2020-09-04,buy_and_hold,1.2601459481744752
2020-09-07,buy_and_hold,1.241569579237724
2020-09-08,buy_and_hold,1.2442113653393387
2020-09-09,buy_and_hold,1.2430651935915482
2020-09-10,buy_and_hold,1.2423663083794807
2020-09-11,buy_and_hold,1.242575973943101
2020-09-14,buy_and_hold,1.250403488318256
2020-09-15,buy_and_hold,1.2527657203350437
2020-09-16,buy_and_hold,1.2544570225482468
2020-09-17,buy_and_hold,1.2496626699934643
2020-09-18,buy_and_hold,1.259321263624236
2020-09-21,buy_and_hold,1.269091678888938
2020-09-22,buy_and_hold,1.2666455806467023
2020-09-23,buy_and_hold,1.2754655120229927
2020-09-24,buy_and_hold,1.2699862519603844
2020-09-25,buy_and_hold,1.2695529431289025
2020-09-28,buy_and_hold,1.2754655120229925
2020-09-29,buy_and_hold,1.2635565080093643
2020-09-30,buy_and_hold,1.26527576563105
2020-10-01,buy_and_hold,1.2776879669973669
2020-10-02,buy_and_hold,1.2718452866244834
2020-10-05,buy_and_hold,1.2785126515476064
2020-10-06,buy_and_hold,1.2798964442674998
2020-10-07,buy_and_hold,1.2855574144852457
2020-10-08,buy_and_hold,1.2843273765120071
2020-10-09,buy_and_hold,1.2915398719005426
2020-10-12,buy_and_hold,1.2940977917767094
2020-10-13,buy_and_hold,1.2997308065859725
2020-10-14,buy_and_hold,1.3141557973630436
2020-10-15,buy_and_hold,1.3177620450573115
2020-10-16,buy_and_hold,1.3185168410863441
2020-10-19,buy_and_hold,1.3190619715517569
2020-10-20,buy_and_hold,1.3200823439613751
2020-10-21,buy_and_hold,1.3125483613752886
2020-10-22,buy_and_hold,1.327742125885634
2020-10-23,buy_and_hold,1.3436207979038053
2020-10-26,buy_and_hold,1.3290001192673553
2020-10-27,buy_and_hold,1.322947773330852
2020-10-28,buy_and_hold,1.2874164491493454
2020-10-29,buy_and_hold,1.2846628414138
2020-10-30,buy_and_hold,1.2935945944240212
2020-11-02,buy_and_hold,1.3050702896061677
2020-11-03,buy_and_hold,1.3074884324399207
2020-11-04,buy_and_hold,1.3135687337849071
2020-11-05,buy_and_hold,1.3107592152323961
2020-11-06,buy_and_hold,1.311514011261429
2020-11-09,buy_and_hold,1.3306634660720758
2020-11-10,buy_and_hold,1.3305376667339037
2020-11-11,buy_and_hold,1.330984953269627
2020-11-12,buy_and_hold,1.3408532124640185
2020-11-13,buy_and_hold,1.3506515831372032
2020-11-16,buy_and_hold,1.328986141563114
2020-11-17,buy_and_hold,1.3542997639441952
2020-11-18,buy_and_hold,1.360771441007939
2020-11-19,buy_and_hold,1.3743717472347705
2020-11-20,buy_and_hold,1.383792719893439
2020-11-23,buy_and_hold,1.389649377970564
2020-11-24,buy_and_hold,1.3918438775364554
2020-11-25,buy_and_hold,1.3976865579093387
2020-11-26,buy_and_hold,1.4061151135668715
2020-11-27,buy_and_hold,1.4120556378694444
2020-11-30,buy_and_hold,1.402075557041122
2020-12-01,buy_and_hold,1.4101686477968625
2020-12-02,buy_and_hold,1.417786496608397
2020-12-03,buy_and_hold,1.4254462785326556
2020-12-04,buy_and_hold,1.4278085105494434
2020-12-07,buy_and_hold,1.439675581450348
2020-12-08,buy_and_hold,1.4386691867449708
2020-12-09,buy_and_hold,1.452465180831181
2020-12-10,buy_and_hold,1.440975507944793
2020-12-11,buy_and_hold,1.4620119528280215
2020-12-14,buy_and_hold,1.4873535306175851
2020-12-15,buy_and_hold,1.4750251954767164
2020-12-16,buy_and_hold,1.4914070648475761
2020-12-17,buy_and_hold,1.4701329989922447
2020-12-18,buy_and_hold,1.4920640169469195
2020-12-21,buy_and_hold,1.511101650123635
2020-12-22,buy_and_hold,1.5144143660288347
2020-12-23,buy_and_hold,1.5080545105990215
2020-12-24,buy_and_hold,1.4921478831723674
2020-12-25,buy_and_hold,1.5157702033402454
2020-12-28,buy_and_hold,1.5254287969710165
2020-12-29,buy_and_hold,1.5368346036319567
2020-12-30,buy_and_hold,1.5341089513048938
2020-12-31,buy_and_hold,1.542956838089667
2021-01-04,buy_and_hold,1.5661598271303045
2021-01-05,buy_and_hold,1.5830448938538526
2021-01-06,buy_and_hold,1.5979451265751294
2021-01-07,buy_and_hold,1.6165075178076391
2021-01-08,buy_and_hold,1.6321625465579488
2021-01-11,buy_and_hold,1.6562041978530673
2021-01-12,buy_and_hold,1.6665337212874232
2021-01-13,buy_and_hold,1.6578256115450634
2021-01-14,buy_and_hold,1.6597126016176453
2021-01-15,buy_and_hold,1.669217440501762
2021-01-18,buy_and_hold,1.6660584793432172
2021-01-19,buy_and_hold,1.5808783496964431
2021-01-20,buy_and_hold,1.5860221448572593
2021-01-21,buy_and_hold,1.6272983054819594
2021-01-22,buy_and_hold,1.6308905754719858
2021-01-25,buy_and_hold,1.6298702030623675
2021-01-26,buy_and_hold,1.5880349342680133
2021-01-27,buy_and_hold,1.5335917762479636
2021-01-28,buy_and_hold,1.4312330480885733
2021-01-29,buy_and_hold,1.4768982078450565
2021-02-01,buy_and_hold,1.4474052518958127
2021-02-02,buy_and_hold,1.503344024269687
2021-02-03,buy_and_hold,1.5533282946367468
2021-02-04,buy_and_hold,1.5545862880184682
2021-02-05,buy_and_hold,1.5751614686617321
2021-02-08,buy_and_hold,1.514036968014318
2021-02-09,buy_and_hold,1.5584161789805973
2021-02-17,buy_and_hold,1.6155151008065032
2021-02-18,buy_and_hold,1.6415136306954106
2021-02-19,buy_and_hold,1.6402835927221715
2021-02-22,buy_and_hold,1.6424361591753391
2021-02-23,buy_and_hold,1.6460703622780897
2021-02-24,buy_and_hold,1.6242232105488628
2021-02-25,buy_and_hold,1.6290035853994038
2021-02-26,buy_and_hold,1.6332528074887733
2021-03-01,buy_and_hold,1.657993343995959
2021-03-02,buy_and_hold,1.658608362982578
2021-03-03,buy_and_hold,1.659083604926784
2021-03-04,buy_and_hold,1.63332269600998
2017-03-14,cash,1.0
2017-03-15,cash,1.0
2017-03-16,cash,1.0
2017-03-17,cash,1.0
2017-03-20,cash,1.0
2017-03-21,cash,1.0
2017-03-22,cash,1.0
2017-03-23,cash,1.0
2017-03-24,cash,1.0
2017-03-27,cash,1.0
2017-03-28,cash,1.0
2017-03-29,cash,1.0
2017-03-30,cash,1.0
2017-03-31,cash,1.0
2017-04-03,cash,1.0
2017-04-04,cash,1.0
2017-04-05,cash,1.0
2017-04-07,cash,1.0
2017-04-10,cash,1.0
2017-04-11,cash,1.0
2017-04-12,cash,1.0
2017-04-13,cash,1.0
2017-04-14,cash,1.0
2017-04-17,cash,1.0
2017-04-18,cash,1.0
2017-04-19,cash,1.0
2017-04-20,cash,1.0
2017-04-21,cash,1.0
2017-04-24,cash,1.0
2017-04-25,cash,1.0
2017-04-26,cash,1.0
2017-04-27,cash,1.0
2017-04-28,cash,1.0
2017-05-03,cash,1.0
2017-05-04,cash,1.0
2017-05-05,cash,1.0
2017-05-08,cash,1.0
2017-05-09,cash,1.0
2017-05-10,cash,1.0
2017-05-11,cash,1.0
2017-05-12,cash,1.0
2017-05-15,cash,1.0
2017-05-16,cash,1.0
2017-05-17,cash,1.0
2017-05-18,cash,1.0
2017-05-19,cash,1.0
2017-05-22,cash,1.0
2017-05-23,cash,1.0
2017-05-24,cash,1.0
2017-05-25,cash,1.0
2017-05-26,cash,1.0
2017-05-29,cash,1.0
2017-05-30,cash,1.0
2017-05-31,cash,1.0
2017-06-01,cash,1.0
2017-06-02,cash,1.0
2017-06-05,cash,1.0
2017-06-06,cash,1.0
2017-06-07,cash,1.0
2017-06-08,cash,1.0
2017-06-09,cash,1.0
2017-06-12,cash,1.0
2017-06-13,cash,1.0
2017-06-14,cash,1.0
2017-06-15,cash,1.0
2017-06-16,cash,1.0
2017-06-19,cash,1.0
2017-06-20,cash,1.0
2017-06-21,cash,1.0
2017-06-22,cash,1.0
2017-06-23,cash,1.0
2017-06-26,cash,1.0
2017-06-27,cash,1.0
2017-06-28,cash,1.0
2017-06-29,cash,1.0
2017-06-30,cash,1.0
2017-07-03,cash,1.0
2017-07-04,cash,1.0
2017-07-05,cash,1.0
2017-07-06,cash,1.0
2017-07-07,cash,1.0
2017-07-10,cash,1.0
2017-07-11,cash,1.0
2017-07-12,cash,1.0
2017-07-13,cash,1.0
2017-07-14,cash,1.0
2017-07-17,cash,1.0
2017-07-18,cash,1.0
2017-07-19,cash,1.0
2017-07-20,cash,1.0
2017-07-21,cash,1.0
2017-07-24,cash,1.0
2017-07-25,cash,1.0
2017-07-26,cash,1.0
2017-07-27,cash,1.0
2017-07-28,cash,1.0
2017-07-31,cash,1.0
2017-08-01,cash,1.0
2017-08-02,cash,1.0
2017-08-03,cash,1.0
2017-08-04,cash,1.0
2017-08-07,cash,1.0
2017-08-08,cash,1.0
2017-08-09,cash,1.0
2017-08-10,cash,1.0
2017-08-11,cash,1.0
2017-08-14,cash,1.0
2017-08-15,cash,1.0
2017-08-16,cash,1.0
2017-08-17,cash,1.0
2017-08-18,cash,1.0
2017-08-21,cash,1.0
2017-08-22,cash,1.0
2017-08-23,cash,1.0
2017-08-24,cash,1.0
2017-08-25,cash,1.0
2017-08-28,cash,1.0
2017-08-29,cash,1.0
2017-08-30,cash,1.0
2017-08-31,cash,1.0
2017-09-01,cash,1.0
2017-09-05,cash,1.0
2017-09-06,cash,1.0
2017-09-07,cash,1.0
2017-09-08,cash,1.0
2017-09-11,cash,1.0
2017-09-12,cash,1.0
2017-09-13,cash,1.0
2017-09-14,cash,1.0
2017-09-15,cash,1.0
2017-09-18,cash,1.0
2017-09-19,cash,1.0
2017-09-20,cash,1.0
2017-09-21,cash,1.0
2017-09-22,cash,1.0
2017-09-25,cash,1.0
2017-09-26,cash,1.0
2017-09-27,cash,1.0
2017-09-28,cash,1.0
2017-09-29,cash,1.0
2017-10-02,cash,1.0
2017-10-03,cash,1.0
2017-10-04,cash,1.0
2017-10-05,cash,1.0
2017-10-06,cash,1.0
2017-10-09,cash,1.0
2017-10-10,cash,1.0
2017-10-11,cash,1.0
2017-10-12,cash,1.0
2017-10-13,cash,1.0
2017-10-16,cash,1.0
2017-10-17,cash,1.0
2017-10-18,cash,1.0
2017-10-19,cash,1.0
2017-10-20,cash,1.0
2017-10-23,cash,1.0
2017-10-24,cash,1.0
2017-10-25,cash,1.0
2017-10-26,cash,1.0
2017-10-27,cash,1.0
2017-10-30,cash,1.0
2017-10-31,cash,1.0
2017-11-01,cash,1.0
2017-11-02,cash,1.0
2017-11-03,cash,1.0
2017-11-06,cash,1.0
2017-11-07,cash,1.0
2017-11-08,cash,1.0
2017-11-09,cash,1.0
2017-11-10,cash,1.0
2017-11-13,cash,1.0
2017-11-14,cash,1.0
2017-11-15,cash,1.0
2017-11-16,cash,1.0
2017-11-17,cash,1.0
2017-11-20,cash,1.0
2017-11-21,cash,1.0
2017-11-22,cash,1.0
2017-11-23,cash,1.0
2017-11-24,cash,1.0
2017-11-27,cash,1.0
2017-11-28,cash,1.0
2017-11-29,cash,1.0
2017-11-30,cash,1.0
2017-12-01,cash,1.0
2017-12-04,cash,1.0
2017-12-05,cash,1.0
2017-12-06,cash,1.0
2017-12-07,cash,1.0
2017-12-08,cash,1.0
2017-12-11,cash,1.0
2017-12-12,cash,1.0
2017-12-13,cash,1.0
2017-12-14,cash,1.0
2017-12-15,cash,1.0
2017-12-18,cash,1.0
2017-12-19,cash,1.0
2017-12-20,cash,1.0
2017-12-21,cash,1.0
2017-12-22,cash,1.0
2017-12-25,cash,1.0
2017-12-26,cash,1.0
2017-12-27,cash,1.0
2017-12-28,cash,1.0
2017-12-29,cash,1.0
2018-01-02,cash,1.0
2018-01-03,cash,1.0
2018-01-04,cash,1.0
2018-01-05,cash,1.0
2018-01-08,cash,1.0
2018-01-09,cash,1.0
2018-01-10,cash,1.0
2018-01-11,cash,1.0
2018-01-12,cash,1.0
2018-01-15,cash,1.0
2018-01-16,cash,1.0
2018-01-17,cash,1.0
2018-01-18,cash,1.0
2018-01-19,cash,1.0
2018-01-22,cash,1.0
2018-01-25,cash,1.0
2018-01-26,cash,1.0
2018-01-29,cash,1.0
2018-01-30,cash,1.0
2018-01-31,cash,1.0
2018-02-01,cash,1.0
2018-02-02,cash,1.0
2018-02-05,cash,1.0
2018-02-06,cash,1.0
2018-02-07,cash,1.0
2018-02-08,cash,1.0
2018-02-09,cash,1.0
2018-02-12,cash,1.0
2018-02-13,cash,1.0
2018-02-21,cash,1.0
2018-02-22,cash,1.0
2018-02-23,cash,1.0
2018-02-26,cash,1.0
2018-02-27,cash,1.0
2018-02-28,cash,1.0
2018-03-01,cash,1.0
2018-03-02,cash,1.0
2018-03-05,cash,1.0
2018-03-06,cash,1.0
2018-03-07,cash,1.0
2018-03-08,cash,1.0
2018-03-09,cash,1.0
2018-03-12,cash,1.0
2018-03-13,cash,1.0
2018-03-14,cash,1.0
2018-03-15,cash,1.0
2018-03-16,cash,1.0
2018-03-19,cash,1.0
2018-03-20,cash,1.0
2018-03-21,cash,1.0
2018-03-22,cash,1.0
2018-03-23,cash,1.0
2018-03-26,cash,1.0
2018-03-27,cash,1.0
2018-03-28,cash,1.0
2018-03-29,cash,1.0
2018-03-30,cash,1.0
2018-04-02,cash,1.0
2018-04-03,cash,1.0
2018-04-04,cash,1.0
2018-04-05,cash,1.0
2018-04-06,cash,1.0
2018-04-09,cash,1.0
2018-04-10,cash,1.0
2018-04-11,cash,1.0
2018-04-12,cash,1.0
2018-04-13,cash,1.0
2018-04-16,cash,1.0
2018-04-17,cash,1.0
2018-04-18,cash,1.0
2018-04-19,cash,1.0
2018-04-20,cash,1.0
2018-04-23,cash,1.0
2018-04-24,cash,1.0
2018-04-26,cash,1.0
2018-04-27,cash,1.0
2018-05-02,cash,1.0
2018-05-03,cash,1.0
2018-05-04,cash,1.0
2018-05-07,cash,1.0
2018-05-08,cash,1.0
2018-05-09,cash,1.0
2018-05-10,cash,1.0
2018-05-11,cash,1.0
2018-05-14,cash,1.0
2018-05-15,cash,1.0
2018-05-16,cash,1.0
2018-05-17,cash,1.0
2018-05-18,cash,1.0
2018-05-21,cash,1.0
2018-05-22,cash,1.0
2018-05-23,cash,1.0
2018-05-24,cash,1.0
2018-05-25,cash,1.0
2018-05-28,cash,1.0
2018-05-29,cash,1.0
2018-05-30,cash,1.0
2018-05-31,cash,1.0
2018-06-01,cash,1.0
2018-06-04,cash,1.0
2018-06-05,cash,1.0
2018-06-06,cash,1.0
2018-06-07,cash,1.0
2018-06-08,cash,1.0
2018-06-11,cash,1.0
2018-06-12,cash,1.0
2018-06-13,cash,1.0
2018-06-14,cash,1.0
2018-06-15,cash,1.0
2018-06-18,cash,1.0
2018-06-19,cash,1.0
2018-06-20,cash,1.0
2018-06-21,cash,1.0
2018-06-22,cash,1.0
2018-06-25,cash,1.0
2018-06-26,cash,1.0
2018-06-27,cash,1.0
2018-06-28,cash,1.0
2018-06-29,cash,1.0
2018-07-02,cash,1.0
2018-07-03,cash,1.0
2018-07-04,cash,1.0
2018-07-05,cash,1.0
2018-07-06,cash,1.0
2018-07-09,cash,1.0
2018-07-10,cash,1.0
2018-07-11,cash,1.0
2018-07-12,cash,1.0
2018-07-13,cash,1.0
2018-07-16,cash,1.0
2018-07-17,cash,1.0
2018-07-18,cash,1.0
2018-07-19,cash,1.0
2018-07-20,cash,1.0
2018-07-23,cash,1.0
2018-07-24,cash,1.0
2018-07-25,cash,1.0
2018-07-26,cash,1.0
2018-07-27,cash,1.0
2018-07-30,cash,1.0
2018-07-31,cash,1.0
2018-08-01,cash,1.0
2018-08-02,cash,1.0
2018-08-03,cash,1.0
2018-08-06,cash,1.0
2018-08-07,cash,1.0
2018-08-08,cash,1.0
2018-08-09,cash,1.0
2018-08-10,cash,1.0
2018-08-13,cash,1.0
2018-08-14,cash,1.0
2018-08-15,cash,1.0
2018-08-16,cash,1.0
2018-08-17,cash,1.0
2018-08-20,cash,1.0
2018-08-21,cash,1.0
2018-08-22,cash,1.0
2018-08-23,cash,1.0
2018-08-24,cash,1.0
2018-08-27,cash,1.0
2018-08-28,cash,1.0
2018-08-29,cash,1.0
2018-08-30,cash,1.0
2018-08-31,cash,1.0
2018-09-04,cash,1.0
2018-09-05,cash,1.0
2018-09-06,cash,1.0
2018-09-07,cash,1.0
2018-09-10,cash,1.0
2018-09-11,cash,1.0
2018-09-12,cash,1.0
2018-09-13,cash,1.0
2018-09-14,cash,1.0
2018-09-17,cash,1.0
2018-09-18,cash,1.0
2018-09-19,cash,1.0
2018-09-20,cash,1.0
2018-09-21,cash,1.0
2018-09-24,cash,1.0
2018-09-25,cash,1.0
2018-09-26,cash,1.0
2018-09-27,cash,1.0
2018-09-28,cash,1.0
2018-10-01,cash,1.0
2018-10-02,cash,1.0
2018-10-03,cash,1.0
2018-10-04,cash,1.0
2018-10-05,cash,1.0
2018-10-08,cash,1.0
2018-10-09,cash,1.0
2018-10-10,cash,1.0
2018-10-11,cash,1.0
2018-10-12,cash,1.0
2018-10-15,cash,1.0
2018-10-16,cash,1.0
2018-10-17,cash,1.0
2018-10-18,cash,1.0
2018-10-19,cash,1.0
2018-10-22,cash,1.0
2018-10-23,cash,1.0
2018-10-24,cash,1.0
2018-10-25,cash,1.0
2018-10-26,cash,1.0
2018-10-29,cash,1.0
2018-10-30,cash,1.0
2018-10-31,cash,1.0
2018-11-01,cash,1.0
2018-11-02,cash,1.0
2018-11-05,cash,1.0
2018-11-06,cash,1.0
2018-11-07,cash,1.0
2018-11-08,cash,1.0
2018-11-09,cash,1.0
2018-11-12,cash,1.0
2018-11-13,cash,1.0
2018-11-14,cash,1.0
2018-11-15,cash,1.0
2018-11-16,cash,1.0
2018-11-19,cash,1.0
2018-11-20,cash,1.0
2018-11-21,cash,1.0
2018-11-22,cash,1.0
2018-11-23,cash,1.0
2018-11-26,cash,1.0
2018-11-27,cash,1.0
2018-11-28,cash,1.0
2018-11-29,cash,1.0
2018-11-30,cash,1.0
2018-12-03,cash,1.0
2018-12-04,cash,1.0
2018-12-05,cash,1.0
2018-12-06,cash,1.0
2018-12-07,cash,1.0
2018-12-10,cash,1.0
2018-12-11,cash,1.0
2018-12-12,cash,1.0
2018-12-13,cash,1.0
2018-12-14,cash,1.0
2018-12-17,cash,1.0
2018-12-18,cash,1.0
2018-12-19,cash,1.0
2018-12-20,cash,1.0
2018-12-21,cash,1.0
2018-12-24,cash,1.0
2018-12-25,cash,1.0
2018-12-26,cash,1.0
2018-12-27,cash,1.0
2018-12-28,cash,1.0
2019-01-02,cash,1.0
2019-01-03,cash,1.0
2019-01-04,cash,1.0
2019-01-07,cash,1.0
2019-01-08,cash,1.0
2019-01-09,cash,1.0
2019-01-10,cash,1.0
2019-01-11,cash,1.0
2019-01-14,cash,1.0
2019-01-15,cash,1.0
2019-01-16,cash,1.0
2019-01-17,cash,1.0
2019-01-18,cash,1.0
2019-01-21,cash,1.0
2019-01-22,cash,1.0
2019-01-23,cash,1.0
2019-01-24,cash,1.0
2019-01-25,cash,1.0
2019-01-28,cash,1.0
2019-01-29,cash,1.0
2019-01-30,cash,1.0
2019-01-31,cash,1.0
2019-02-01,cash,1.0
2019-02-11,cash,1.0
2019-02-12,cash,1.0
2019-02-13,cash,1.0
2019-02-14,cash,1.0
2019-02-15,cash,1.0
2019-02-18,cash,1.0
2019-02-19,cash,1.0
2019-02-20,cash,1.0
2019-02-21,cash,1.0
2019-02-22,cash,1.0
2019-02-25,cash,1.0
2019-02-26,cash,1.0
2019-02-27,cash,1.0
2019-02-28,cash,1.0
2019-03-01,cash,1.0
2019-03-04,cash,1.0
2019-03-05,cash,1.0
2019-03-06,cash,1.0
2019-03-07,cash,1.0
2019-03-08,cash,1.0
2019-03-11,cash,1.0
2019-03-12,cash,1.0
2019-03-13,cash,1.0
2019-03-14,cash,1.0
2019-03-15,cash,1.0
2019-03-18,cash,1.0
2019-03-19,cash,1.0
2019-03-20,cash,1.0
2019-03-21,cash,1.0
2019-03-22,cash,1.0
2019-03-25,cash,1.0
2019-03-26,cash,1.0
2019-03-27,cash,1.0
2019-03-28,cash,1.0
2019-03-29,cash,1.0
2019-04-01,cash,1.0
2019-04-02,cash,1.0
2019-04-03,cash,1.0
2019-04-04,cash,1.0
2019-04-05,cash,1.0
2019-04-08,cash,1.0
2019-04-09,cash,1.0
2019-04-10,cash,1.0
2019-04-11,cash,1.0
2019-04-12,cash,1.0
2019-04-16,cash,1.0
2019-04-17,cash,1.0
2019-04-18,cash,1.0
2019-04-19,cash,1.0
2019-04-22,cash,1.0
2019-04-23,cash,1.0
2019-04-24,cash,1.0
2019-04-25,cash,1.0
2019-04-26,cash,1.0
2019-05-02,cash,1.0
2019-05-03,cash,1.0
2019-05-06,cash,1.0
2019-05-07,cash,1.0
2019-05-08,cash,1.0
2019-05-09,cash,1.0
2019-05-10,cash,1.0
2019-05-13,cash,1.0
2019-05-14,cash,1.0
2019-05-15,cash,1.0
2019-05-16,cash,1.0
2019-05-17,cash,1.0
2019-05-20,cash,1.0
2019-05-21,cash,1.0
2019-05-22,cash,1.0
2019-05-23,cash,1.0
2019-05-24,cash,1.0
2019-05-27,cash,1.0
2019-05-28,cash,1.0
2019-05-29,cash,1.0
2019-05-30,cash,1.0
2019-05-31,cash,1.0
2019-06-03,cash,1.0
2019-06-04,cash,1.0
2019-06-05,cash,1.0
2019-06-06,cash,1.0
2019-06-07,cash,1.0
2019-06-10,cash,1.0
2019-06-11,cash,1.0
2019-06-12,cash,1.0
2019-06-13,cash,1.0
2019-06-14,cash,1.0
2019-06-17,cash,1.0
2019-06-18,cash,1.0
2019-06-19,cash,1.0
2019-06-20,cash,1.0
2019-06-21,cash,1.0
2019-06-24,cash,1.0
2019-06-25,cash,1.0
2019-06-26,cash,1.0
2019-06-27,cash,1.0
2019-06-28,cash,1.0
2019-07-01,cash,1.0
2019-07-02,cash,1.0
2019-07-03,cash,1.0
2019-07-04,cash,1.0
2019-07-05,cash,1.0
2019-07-08,cash,1.0
2019-07-09,cash,1.0
2019-07-10,cash,1.0
2019-07-11,cash,1.0
2019-07-12,cash,1.0
2019-07-15,cash,1.0
2019-07-16,cash,1.0
2019-07-17,cash,1.0
2019-07-18,cash,1.0
2019-07-19,cash,1.0
2019-07-22,cash,1.0
2019-07-23,cash,1.0
2019-07-24,cash,1.0
2019-07-25,cash,1.0
2019-07-26,cash,1.0
2019-07-29,cash,1.0
2019-07-30,cash,1.0
2019-07-31,cash,1.0
2019-08-01,cash,1.0
2019-08-02,cash,1.0
2019-08-05,cash,1.0
2019-08-06,cash,1.0
2019-08-07,cash,1.0
2019-08-08,cash,1.0
2019-08-09,cash,1.0
2019-08-12,cash,1.0
2019-08-13,cash,1.0
2019-08-14,cash,1.0
2019-08-15,cash,1.0
2019-08-16,cash,1.0
2019-08-19,cash,1.0
2019-08-20,cash,1.0
2019-08-21,cash,1.0
2019-08-22,cash,1.0
2019-08-23,cash,1.0
2019-08-26,cash,1.0
2019-08-27,cash,1.0
2019-08-28,cash,1.0
2019-08-29,cash,1.0
2019-08-30,cash,1.0
2019-09-03,cash,1.0
2019-09-04,cash,1.0
2019-09-05,cash,1.0
2019-09-06,cash,1.0
2019-09-09,cash,1.0
2019-09-10,cash,1.0
2019-09-11,cash,1.0
2019-09-12,cash,1.0
2019-09-13,cash,1.0
2019-09-16,cash,1.0
2019-09-17,cash,1.0
2019-09-18,cash,1.0
2019-09-19,cash,1.0
2019-09-20,cash,1.0
2019-09-23,cash,1.0
2019-09-24,cash,1.0
2019-09-25,cash,1.0
2019-09-26,cash,1.0
2019-09-27,cash,1.0
2019-09-30,cash,1.0
2019-10-01,cash,1.0
2019-10-02,cash,1.0
2019-10-03,cash,1.0
2019-10-04,cash,1.0
2019-10-07,cash,1.0
2019-10-08,cash,1.0
2019-10-09,cash,1.0
2019-10-10,cash,1.0
2019-10-11,cash,1.0
2019-10-14,cash,1.0
2019-10-15,cash,1.0
2019-10-16,cash,1.0
2019-10-17,cash,1.0
2019-10-18,cash,1.0
2019-10-21,cash,1.0
2019-10-22,cash,1.0
2019-10-23,cash,1.0
2019-10-24,cash,1.0
2019-10-25,cash,1.0
2019-10-28,cash,1.0
2019-10-29,cash,1.0
2019-10-30,cash,1.0
2019-10-31,cash,1.0
2019-11-01,cash,1.0
2019-11-04,cash,1.0
2019-11-05,cash,1.0
2019-11-06,cash,1.0
2019-11-07,cash,1.0
2019-11-08,cash,1.0
2019-11-11,cash,1.0
2019-11-12,cash,1.0
2019-11-13,cash,1.0
2019-11-14,cash,1.0
2019-11-15,cash,1.0
2019-11-18,cash,1.0
2019-11-19,cash,1.0
2019-11-20,cash,1.0
2019-11-21,cash,1.0
2019-11-22,cash,1.0
2019-11-25,cash,1.0
2019-11-26,cash,1.0
2019-11-27,cash,1.0
2019-11-28,cash,1.0
2019-11-29,cash,1.0
2019-12-02,cash,1.0
2019-12-03,cash,1.0
2019-12-04,cash,1.0
2019-12-05,cash,1.0
2019-12-06,cash,1.0
2019-12-09,cash,1.0
2019-12-10,cash,1.0
2019-12-11,cash,1.0
2019-12-12,cash,1.0
2019-12-13,cash,1.0
2019-12-16,cash,1.0
2019-12-17,cash,1.0
2019-12-18,cash,1.0
2019-12-19,cash,1.0
2019-12-20,cash,1.0
2019-12-23,cash,1.0
2019-12-24,cash,1.0
2019-12-25,cash,1.0
2019-12-26,cash,1.0
2019-12-27,cash,1.0
2019-12-30,cash,1.0
2019-12-31,cash,1.0
2020-01-02,cash,1.0
2020-01-03,cash,1.0
2020-01-06,cash,1.0
2020-01-07,cash,1.0
2020-01-08,cash,1.0
2020-01-09,cash,1.0
2020-01-10,cash,1.0
2020-01-13,cash,1.0
2020-01-14,cash,1.0
2020-01-15,cash,1.0
2020-01-16,cash,1.0
2020-01-17,cash,1.0
2020-01-20,cash,1.0
2020-01-21,cash,1.0
2020-01-22,cash,1.0
2020-01-30,cash,1.0
2020-01-31,cash,1.0
2020-02-03,cash,1.0
2020-02-04,cash,1.0
2020-02-05,cash,1.0
2020-02-06,cash,1.0
2020-02-07,cash,1.0
2020-02-10,cash,1.0
2020-02-11,cash,1.0
2020-02-12,cash,1.0
2020-02-13,cash,1.0
2020-02-14,cash,1.0
2020-02-17,cash,1.0
2020-02-18,cash,1.0
2020-02-19,cash,1.0
2020-02-20,cash,1.0
2020-02-21,cash,1.0
2020-02-24,cash,1.0
2020-02-25,cash,1.0
2020-02-26,cash,1.0
2020-02-27,cash,1.0
2020-02-28,cash,1.0
2020-03-02,cash,1.0
2020-03-03,cash,1.0
2020-03-04,cash,1.0
2020-03-05,cash,1.0
2020-03-06,cash,1.0
2020-03-09,cash,1.0
2020-03-10,cash,1.0
2020-03-11,cash,1.0
2020-03-12,cash,1.0
2020-03-13,cash,1.0
2020-03-16,cash,1.0
2020-03-17,cash,1.0
2020-03-18,cash,1.0
2020-03-19,cash,1.0
2020-03-20,cash,1.0
2020-03-23,cash,1.0
2020-03-24,cash,1.0
2020-03-25,cash,1.0
2020-03-26,cash,1.0
2020-03-27,cash,1.0
2020-03-30,cash,1.0
2020-03-31,cash,1.0
2020-04-01,cash,1.0
2020-04-03,cash,1.0
2020-04-06,cash,1.0
2020-04-07,cash,1.0
2020-04-08,cash,1.0
2020-04-09,cash,1.0
2020-04-10,cash,1.0
2020-04-13,cash,1.0
2020-04-14,cash,1.0
2020-04-15,cash,1.0
2020-04-16,cash,1.0
2020-04-17,cash,1.0
2020-04-20,cash,1.0
2020-04-21,cash,1.0
2020-04-22,cash,1.0
2020-04-23,cash,1.0
2020-04-24,cash,1.0
2020-04-27,cash,1.0
2020-04-28,cash,1.0
2020-04-29,cash,1.0
2020-05-04,cash,1.0
2020-05-05,cash,1.0
2020-05-06,cash,1.0
2020-05-07,cash,1.0
2020-05-08,cash,1.0
2020-05-11,cash,1.0
2020-05-12,cash,1.0
2020-05-13,cash,1.0
2020-05-14,cash,1.0
2020-05-15,cash,1.0
2020-05-18,cash,1.0
2020-05-19,cash,1.0
2020-05-20,cash,1.0
2020-05-21,cash,1.0
2020-05-22,cash,1.0
2020-05-25,cash,1.0
2020-05-26,cash,1.0
2020-05-27,cash,1.0
2020-05-28,cash,1.0
2020-05-29,cash,1.0
2020-06-01,cash,1.0
2020-06-02,cash,1.0
2020-06-03,cash,1.0
2020-06-04,cash,1.0
2020-06-05,cash,1.0
2020-06-08,cash,1.0
2020-06-09,cash,1.0
2020-06-10,cash,1.0
2020-06-11,cash,1.0
2020-06-12,cash,1.0
2020-06-15,cash,1.0
2020-06-16,cash,1.0
2020-06-17,cash,1.0
2020-06-18,cash,1.0
2020-06-19,cash,1.0
2020-06-22,cash,1.0
2020-06-23,cash,1.0
2020-06-24,cash,1.0
2020-06-25,cash,1.0
2020-06-26,cash,1.0
2020-06-29,cash,1.0
2020-06-30,cash,1.0
2020-07-01,cash,1.0
2020-07-02,cash,1.0
2020-07-03,cash,1.0
2020-07-06,cash,1.0
2020-07-07,cash,1.0
2020-07-08,cash,1.0
2020-07-09,cash,1.0
2020-07-10,cash,1.0
2020-07-13,cash,1.0
2020-07-14,cash,1.0
2020-07-15,cash,1.0
2020-07-16,cash,1.0
2020-07-17,cash,1.0
2020-07-20,cash,1.0
2020-07-21,cash,1.0
2020-07-22,cash,1.0
2020-07-23,cash,1.0
2020-07-24,cash,1.0
2020-07-27,cash,1.0
2020-07-28,cash,1.0
2020-07-29,cash,1.0
2020-07-30,cash,1.0
2020-07-31,cash,1.0
2020-08-03,cash,1.0
2020-08-04,cash,1.0
2020-08-05,cash,1.0
2020-08-06,cash,1.0
2020-08-07,cash,1.0
2020-08-10,cash,1.0
2020-08-11,cash,1.0
2020-08-12,cash,1.0
2020-08-13,cash,1.0
2020-08-14,cash,1.0
2020-08-17,cash,1.0
2020-08-18,cash,1.0
2020-08-19,cash,1.0
2020-08-20,cash,1.0
2020-08-21,cash,1.0
2020-08-24,cash,1.0
2020-08-25,cash,1.0
2020-08-26,cash,1.0
2020-08-27,cash,1.0
2020-08-28,cash,1.0
2020-08-31,cash,1.0
2020-09-01,cash,1.0
2020-09-03,cash,1.0
2020-09-04,cash,1.0
2020-09-07,cash,1.0
2020-09-08,cash,1.0
2020-09-09,cash,1.0
2020-09-10,cash,1.0
2020-09-11,cash,1.0
2020-09-14,cash,1.0
2020-09-15,cash,1.0
2020-09-16,cash,1.0
2020-09-17,cash,1.0
2020-09-18,cash,1.0
2020-09-21,cash,1.0
2020-09-22,cash,1.0
2020-09-23,cash,1.0
2020-09-24,cash,1.0
2020-09-25,cash,1.0
2020-09-28,cash,1.0
2020-09-29,cash,1.0
2020-09-30,cash,1.0
2020-10-01,cash,1.0
2020-10-02,cash,1.0
2020-10-05,cash,1.0
2020-10-06,cash,1.0
2020-10-07,cash,1.0
2020-10-08,cash,1.0
2020-10-09,cash,1.0
2020-10-12,cash,1.0
2020-10-13,cash,1.0
2020-10-14,cash,1.0
2020-10-15,cash,1.0
2020-10-16,cash,1.0
2020-10-19,cash,1.0
2020-10-20,cash,1.0
2020-10-21,cash,1.0
2020-10-22,cash,1.0
2020-10-23,cash,1.0
2020-10-26,cash,1.0
2020-10-27,cash,1.0
2020-10-28,cash,1.0
2020-10-29,cash,1.0
2020-10-30,cash,1.0
2020-11-02,cash,1.0
2020-11-03,cash,1.0
2020-11-04,cash,1.0
2020-11-05,cash,1.0
2020-11-06,cash,1.0
2020-11-09,cash,1.0
2020-11-10,cash,1.0
2020-11-11,cash,1.0
2020-11-12,cash,1.0
2020-11-13,cash,1.0
2020-11-16,cash,1.0
2020-11-17,cash,1.0
2020-11-18,cash,1.0
2020-11-19,cash,1.0
2020-11-20,cash,1.0
2020-11-23,cash,1.0
2020-11-24,cash,1.0
2020-11-25,cash,1.0
2020-11-26,cash,1.0
2020-11-27,cash,1.0
2020-11-30,cash,1.0
2020-12-01,cash,1.0
2020-12-02,cash,1.0
2020-12-03,cash,1.0
2020-12-04,cash,1.0
2020-12-07,cash,1.0
2020-12-08,cash,1.0
2020-12-09,cash,1.0
2020-12-10,cash,1.0
2020-12-11,cash,1.0
2020-12-14,cash,1.0
2020-12-15,cash,1.0
2020-12-16,cash,1.0
2020-12-17,cash,1.0
2020-12-18,cash,1.0
2020-12-21,cash,1.0
2020-12-22,cash,1.0
2020-12-23,cash,1.0
2020-12-24,cash,1.0
2020-12-25,cash,1.0
2020-12-28,cash,1.0
2020-12-29,cash,1.0
2020-12-30,cash,1.0
2020-12-31,cash,1.0
2021-01-04,cash,1.0
2021-01-05,cash,1.0
2021-01-06,cash,1.0
2021-01-07,cash,1.0
2021-01-08,cash,1.0
2021-01-11,cash,1.0
2021-01-12,cash,1.0
2021-01-13,cash,1.0
2021-01-14,cash,1.0
2021-01-15,cash,1.0
2021-01-18,cash,1.0
2021-01-19,cash,1.0
2021-01-20,cash,1.0
2021-01-21,cash,1.0
2021-01-22,cash,1.0
2021-01-25,cash,1.0
2021-01-26,cash,1.0
2021-01-27,cash,1.0
2021-01-28,cash,1.0
2021-01-29,cash,1.0
2021-02-01,cash,1.0
2021-02-02,cash,1.0
2021-02-03,cash,1.0
2021-02-04,cash,1.0
2021-02-05,cash,1.0
2021-02-08,cash,1.0
2021-02-09,cash,1.0
2021-02-17,cash,1.0
2021-02-18,cash,1.0
2021-02-19,cash,1.0
2021-02-22,cash,1.0
2021-02-23,cash,1.0
2021-02-24,cash,1.0
2021-02-25,cash,1.0
2021-02-26,cash,1.0
2021-03-01,cash,1.0
2021-03-02,cash,1.0
2021-03-03,cash,1.0
2021-03-04,cash,1.0
